ts,side,net,rr,stop_pct,liquid,symbol,ac,fund_pct
1706942700000,SHORT,0.0106636210627616,0.524326218788084,4.351550853570553,False,CKB/USDT,0.14829124277870287,9.4
1707145200000,SHORT,-4.501332234217919,0.6783693786703934,4.15133223421792,True,ENS/USDT,-0.0875314906578796,18.2
1707247800000,SHORT,-3.484603564843266,0.1758323014562217,4.152950215119824,False,CHR/USDT,-0.012333561074611494,13.8
1707475500000,SHORT,-6.545368462368734,0.9445120982234492,6.195368462368735,False,COTI/USDT,0.20751473925742125,11.799999999999999
1707495300000,SHORT,-4.553917031650257,0.9314561454873216,4.203917031650257,True,1000BONK/USDT,0.0039554249727180996,5.684210526315789
1707647400000,SHORT,-5.026297169811307,0.5276550540314412,4.676297169811307,False,BIGTIME/USDT,0.05690360445182639,77.60000000000001
1707677100000,SHORT,5.71135770234985,0.8493184946441101,6.0613577023498495,False,COTI/USDT,0.14152211259327285,5.6000000000000005
1707760800000,SHORT,-4.677966714905915,0.5244115070223554,4.327966714905916,False,CKB/USDT,0.06340912545468665,8.6
1707799500000,SHORT,-4.443634686346849,0.5853661380924639,4.093634686346849,False,CKB/USDT,0.03852766946953027,8.6
1707826500000,SHORT,-1.8165150587480623,-0.0370894553704085,4.300419837313019,False,DUSK/USDT,0.05359568460261689,91.2
1707841800000,SHORT,-4.454045512010105,-1.164053236850694,4.104045512010106,False,CTSI/USDT,0.18690390257610953,
1707916500000,SHORT,-4.433108924564111,0.5225897064116397,4.083108924564112,False,ACE/USDT,0.041875334467211915,77.36389684813754
1707921000000,SHORT,-4.625484439224892,1.3218002670529816,4.2754844392248925,False,CKB/USDT,0.12502247058890587,0.4
1707933600000,SHORT,1.1642482413258692,-0.1468441997552385,4.174710862048404,False,CYBER/USDT,0.07315362266489267,73.2
1707957000000,SHORT,0.9786093888396824,-0.1758258653790907,4.053476527900791,False,1INCH/USDT,-0.13937880185903545,17.599999999999998
1707959700000,SHORT,-0.5423487924770245,0.2307024035820806,4.758730497969631,False,COTI/USDT,-0.046689877184967,12.0
1707960600000,SHORT,-8.041111287003323,1.489280177243914,7.691111287003323,False,CKB/USDT,0.17161267572126018,0.8
1707962400000,SHORT,3.930864745011064,0.8893580649061106,4.280864745011064,False,BIGTIME/USDT,0.05305883148909056,85.2
1707972300000,SHORT,-5.030436733472927,1.012542811067231,4.680436733472927,False,AUCTION/USDT,0.11189109042719224,90.54054054054053
1708001100000,SHORT,1.2231356829526558,-0.4842502085536172,7.172772651641197,False,GAS/USDT,0.15833801668519398,84.6
1708013700000,SHORT,4.532927938167753,0.6316467423610557,4.882927938167753,False,CHR/USDT,0.17216655376088558,96.39999999999999
1708014600000,SHORT,4.304273181061846,-0.2031706783527351,4.654273181061845,False,ARPA/USDT,-0.1680245874464916,90.0
1708033500000,SHORT,-4.778528153955801,0.0120661061095533,4.428528153955801,True,AR/USDT,-0.046593242267995424,18.6
1708074900000,SHORT,0.3269230769230707,-0.2855407535430952,4.7286307692307545,False,ARPA/USDT,-0.12095567549387676,83.6
1708083900000,SHORT,-1.8072175862498496,0.3476184269766367,7.008319840577911,True,ARKM/USDT,-0.014302361151281496,95.0
1708089300000,SHORT,3.743217030620956,0.2943443074452598,4.093217030620956,False,EDU/USDT,-0.03327609848672563,93.2
1708090200000,SHORT,3.626435935198825,0.3661746270190066,7.316568483063309,False,ALICE/USDT,-0.005576190361479322,90.0
1708091100000,SHORT,4.247074190177637,0.449690738550779,4.597074190177636,False,CHR/USDT,0.15073766357902377,99.2
1708095600000,SHORT,1.838743604320632,-0.3616266793996543,4.362748720864113,False,AGLD/USDT,-0.15922584706318116,13.8
1708230600000,SHORT,7.288128376522271,0.1747002013661879,7.63812837652227,True,ARKM/USDT,0.16814112735464318,74.0
1708239600000,SHORT,-1.5459876543209845,0.7383872161637354,4.32438271604939,False,BAT/USDT,-0.14571259903665715,11.200000000000001
1708313400000,SHORT,-7.114451158106742,0.702168727685815,6.764451158106742,True,ARKM/USDT,0.09008576868016216,93.8
1708336800000,SHORT,6.3160084626233965,1.0449835006074346,6.666008462623396,False,CKB/USDT,0.17375800604193503,9.6
1708337700000,SHORT,-4.88118948824343,0.4964236046708979,4.53118948824343,True,AR/USDT,-0.0687436059676197,87.8
1708337700000,SHORT,0.926503678061449,1.134560608553772,4.2495023799220935,True,FET/USDT,0.004482297972977,92.60000000000001
1708350300000,SHORT,5.180621271343328,-0.254696977677079,5.530621271343327,False,CYBER/USDT,-0.09219534194652518,81.39999999999999
1708362000000,SHORT,-4.728309199941491,-0.0635043856931818,4.378309199941492,True,FIL/USDT,0.03455830137683864,80.2
1708383600000,SHORT,1.621230687266911,0.4721457304613381,4.414597762386776,True,FIL/USDT,0.032495845194817144,80.2
1708389000000,SHORT,-0.0009240246406612,1.3966034218306027,5.438572895277192,True,FET/USDT,0.0014757920877110401,92.2
1708401600000,SHORT,3.171801069618633,0.0372052026091816,7.039136831780282,False,API3/USDT,0.013551773945772708,98.0
1708415100000,SHORT,3.6730104003962105,0.3538439219664918,6.027825821936047,False,ACH/USDT,0.08388546025816672,98.2
1708423200000,LONG,0.7622123114194569,-0.1543101834822509,5.383261755313291,False,CYBER/USDT,-0.07918486715276181,81.6
1708443900000,LONG,1.0393083660525582,-0.1700465469174316,5.705058894593776,False,ARPA/USDT,-0.07522759333294365,95.0
1708443900000,LONG,1.7375192443180354,-0.1236795384949969,6.343449103671427,False,API3/USDT,0.015309651154482419,83.8
1708443900000,LONG,2.980297905554827,0.2701119161878295,4.022375439052954,False,EDU/USDT,0.021216872563439626,97.39999999999999
1708444800000,LONG,-0.3187402313222833,0.4901181487286847,5.72288215067208,False,AUCTION/USDT,-0.06465493121188587,91.54228855721394
1708444800000,LONG,1.7295246800731254,-0.0361641403329306,4.514922303473499,False,1INCH/USDT,-0.004528425152344463,95.19999999999999
1708444800000,LONG,3.466986855409505,0.6348527974186552,8.364711830131453,False,BIGTIME/USDT,0.0022219987595428637,91.4
1708444800000,LONG,3.5110038610038643,0.2318389348494041,4.688339768339763,False,ALICE/USDT,0.0460409710113424,83.39999999999999
1708469100000,SHORT,1.1566272527891712,1.2672156427975485,5.034290073424232,True,FET/USDT,0.017775682528856328,97.8
1708556400000,SHORT,5.5353618719390285,0.737799141823051,5.885361871939028,True,FET/USDT,0.059105603934991376,80.2
1708566300000,SHORT,-3.239983579638758,0.0827004666404384,4.724838533114388,True,CAKE/USDT,-0.022040002992276847,84.8
1708588800000,SHORT,-5.885601173020516,-1.2997913100821854,5.535601173020516,False,CTSI/USDT,-0.0019203155545524354,
1708636500000,SHORT,3.9067588241722127,0.3860366791357431,4.256758824172213,False,EDU/USDT,0.010856192972128025,89.2
1708656300000,SHORT,4.129166666666656,0.332343210763196,4.479166666666655,False,CELO/USDT,0.002916965519281777,7.8
1708686900000,SHORT,3.9303931674274586,0.1746493625052032,4.280393167427459,True,1000PEPE/USDT,0.1175934505188988,87.2
1708699500000,SHORT,5.413148936170215,0.5656001874086916,5.763148936170214,True,FET/USDT,0.017513944198451138,94.0
1708703100000,SHORT,-2.8022808152701275,-0.558055180979944,7.386871562601084,True,CAKE/USDT,-0.08631695543985578,81.2
1708704000000,SHORT,-3.8431724356938672,-0.0506902801892752,7.179898380438232,True,DYDX/USDT,-0.00871058353558081,78.8
1708705800000,SHORT,0.9169821401312752,0.1867534683001364,7.159166539459607,False,COMP/USDT,0.09681434150778703,17.599999999999998
1708738200000,SHORT,-7.0264340490797625,0.4848530392290904,6.676434049079763,False,COTI/USDT,0.018594735855646177,0.0
1708785900000,SHORT,-1.3495654063450695,0.0848608099749123,6.431623931623928,True,ARKM/USDT,-0.06026870269937373,86.0
1708791300000,SHORT,-5.785960273442522,0.2572437949938132,5.4359602734425225,False,BLUR/USDT,0.11071447726131695,22.6
1708791300000,SHORT,-0.433864475008383,0.8253245377367409,8.03867829587385,False,CKB/USDT,0.12399232056682699,76.6
1708828200000,SHORT,-0.8055808656036451,0.183922710509585,4.069817767653747,False,CELO/USDT,-0.03448184481680898,6.800000000000001
1708830900000,SHORT,6.22346730999069,1.6346158751454012,6.57346730999069,False,COTI/USDT,0.16407565179882447,0.0
1708854300000,SHORT,-5.291055113468897,0.8432766418707314,4.941055113468897,False,CKB/USDT,0.12804637629874344,9.4
1708920000000,SHORT,-4.450592066311411,0.0137007632093443,4.100592066311411,False,ALICE/USDT,0.011369383107292819,77.0
1708956000000,SHORT,-6.505578869414935,2.5165622979522864,6.155578869414935,False,COTI/USDT,0.09127338267084915,12.4
1708977600000,SHORT,-7.292667397794418,0.1465836140151393,6.942667397794419,True,1000PEPE/USDT,0.03996165018069944,98.0
1708999200000,SHORT,3.782625931445607,0.6113530910156648,4.132625931445607,True,AR/USDT,-0.0627433772642468,86.2
1709005500000,SHORT,-0.904109086053817,0.0186854761123627,5.62000467320916,True,BCH/USDT,0.22459825693834215,99.8
1709005500000,SHORT,0.5473080757726898,0.4935798716625162,4.871428571428563,True,1000BONK/USDT,0.03559748536689057,91.60000000000001
1709006400000,SHORT,0.6836538461538454,0.0096228637569863,4.567572115384593,False,BSV/USDT,-0.20633894443737175,90.0
1709010000000,SHORT,-7.506035782002027,0.2136012096405297,7.156035782002028,True,1000PEPE/USDT,0.11182063840486478,99.8
1709014500000,SHORT,5.00693422128754,0.883891783096466,5.837066246056768,False,CKB/USDT,0.11670794899845055,96.6
1709048700000,SHORT,-7.357465007776031,0.4336912608921413,7.007465007776031,True,1000BONK/USDT,-0.08035997731112367,94.39999999999999
1709059500000,SHORT,-4.827131027764244,0.2535224530836615,4.477131027764244,False,ENJ/USDT,-0.06529773647924138,43.8
1709063100000,SHORT,-3.012622177283457,0.6115409330425227,11.782496348724845,True,1000PEPE/USDT,0.15049300029329507,99.4
1709065800000,SHORT,-5.134215328467152,0.3932429303872944,4.784215328467152,True,1000SHIB/USDT,-0.2390892964239099,
1709085600000,SHORT,3.027777777777776,0.8368568685347555,7.254133333333319,False,BIGTIME/USDT,2.982606127319712e-05,83.8
1709100000000,SHORT,3.6720280474649214,-0.4425090778717655,4.0220280474649215,False,ACH/USDT,-0.11899383636825998,90.0
1709103600000,SHORT,2.0379080401371823,-0.4274629547560433,4.242950590626188,False,AGLD/USDT,-0.021877591279299002,88.2
1709118000000,SHORT,-7.398326502732224,0.5394019418066399,7.048326502732224,True,APT/USDT,0.025088122346403827,95.6
1709119800000,SHORT,7.90090492277991,0.4447442473155056,8.25090492277991,True,1000BONK/USDT,-0.03784298150890482,90.2
1709133300000,SHORT,3.849568865963503,-0.497025145433029,4.199568865963503,True,FET/USDT,-0.05040331616515069,98.6
1709138700000,SHORT,5.848077862844098,0.038420668325179,6.198077862844098,True,ARKM/USDT,0.010341074167890232,98.4
1709140500000,SHORT,3.680873955544076,0.6554013716049635,4.030873955544076,True,BTC/USDT,0.23122900024944912,99.0
1709140500000,SHORT,8.335766108136104,0.0062339861674611,8.685766108136104,True,1000SHIB/USDT,-0.10122361756180888,
1709140500000,SHORT,10.995422724824966,0.7683672628401844,11.345422724824964,True,DOGE/USDT,0.2299460404253026,99.4
1709144100000,SHORT,1.4394492214733998,-0.6479153896999994,7.922147339065763,False,CTSI/USDT,-0.18375349441860134,
1709166600000,SHORT,-4.057000925859983,0.6139481286702922,8.139844028203113,True,AR/USDT,-0.023510097279923675,98.4
1709190000000,SHORT,5.0464866020524415,0.5572457133526764,5.396486602052441,True,1000SHIB/USDT,0.031164204992692988,
1709199000000,SHORT,5.347294845628003,0.6123463841210193,5.697294845628003,True,AR/USDT,-0.02322658918245256,99.8
1709200800000,SHORT,-7.447683508444798,-0.3182747067819723,7.097683508444798,False,ACH/USDT,-0.11562509095817809,69.0
1709208900000,SHORT,4.738093498904307,1.4010267237792773,5.088093498904307,False,COTI/USDT,0.10065543974108883,97.2
1709247600000,LONG,2.6073934837092674,0.5271897295030472,5.8222305764411,False,BIGTIME/USDT,0.05711954460162455,99.6
1709248500000,LONG,3.771833333333331,-0.6061606193799788,4.121833333333331,False,ALICE/USDT,-0.006985812877918848,99.4
1709276400000,SHORT,5.046748929969938,-0.4940719022028338,5.396748929969938,False,CYBER/USDT,0.14445387028160878,87.0
1709279100000,SHORT,-0.1202407002188193,0.5303035930887486,4.096914660831494,False,EDU/USDT,0.017434585368559078,99.8
1709280000000,SHORT,-2.4384652457963023,-0.8701584128367641,5.133993788154646,False,ARK/USDT,0.1414109818477421,89.20570264765783
1709287200000,SHORT,-6.048970073843756,0.6860332249286549,5.698970073843756,True,1000PEPE/USDT,0.11347454301809222,98.4
1709301600000,SHORT,1.081451612903225,0.1605652834228031,6.811411290322569,False,BICO/USDT,-0.10331922564913318,
1709305200000,SHORT,-5.3416471173668825,0.4936448456219753,4.991647117366883,True,1000SHIB/USDT,0.07962445845370564,
1709305200000,SHORT,-4.458455647734518,0.3651189510878423,4.108455647734519,True,DOGE/USDT,0.16058264071481998,98.8
1709307000000,SHORT,4.377918150471979,-0.286554749347317,4.727918150471979,True,FET/USDT,0.014081119051430994,99.2
1709316000000,SHORT,-8.519999999999975,0.8458645856907093,8.169999999999975,True,1000PEPE/USDT,0.12920635334811223,98.0
1709333100000,SHORT,-4.879949964260181,1.449998848759781,4.529949964260181,True,DOGE/USDT,0.1154280280292465,97.6
1709339400000,SHORT,7.073295559410876,0.9461245398955846,7.423295559410875,True,ARKM/USDT,0.057588644437607577,98.0
1709341200000,SHORT,-11.6575348075348,1.7628599109769896,11.3075348075348,True,1000SHIB/USDT,0.07568006552598229,
1709341200000,SHORT,0.5888249545729836,0.8478253473351197,4.157692307692286,False,BAT/USDT,0.07210859045182226,99.8
1709352000000,SHORT,-2.880468911381949,0.6966134575254743,5.303604627143156,False,BSV/USDT,-0.08186200202303442,75.0
1709354700000,SHORT,0.4719342452603819,-0.247941722447118,4.704823614110862,True,ETC/USDT,-0.032304080544218294,99.6
1709355600000,SHORT,0.6151699538397081,0.6575829057226438,6.255707091900958,False,BIGTIME/USDT,-0.015429265386471987,99.4
1709356500000,SHORT,-4.370881941203928,0.6555615722264552,4.020881941203928,True,FIL/USDT,0.020218120584287253,97.2
1709367300000,SHORT,-4.779065822212159,0.0410402202816468,4.429065822212159,True,GALA/USDT,0.12428029210124335,99.8
1709367300000,SHORT,2.233834909716262,0.5562648470970982,8.161001719690459,True,APE/USDT,0.05167033519229267,99.4
1709367300000,SHORT,6.484703835901126,2.663735752385566,6.834703835901125,True,1000SHIB/USDT,0.07997268567846577,
1709367300000,SHORT,7.330712625871405,1.0593233903143475,7.680712625871405,True,1000PEPE/USDT,0.10691357966305559,99.6
1709369100000,SHORT,0.8451715071112716,0.0173839878829918,4.729407194932466,False,ASTR/USDT,0.056539696266002776,99.4
1709370000000,SHORT,10.94707571406981,0.3919202918179797,11.297075714069807,True,1000BONK/USDT,0.024071466359051157,92.2
1709381700000,SHORT,1.0721628328720003,0.8557484113877496,5.2015557888708575,False,BSV/USDT,-0.04243455113647013,99.8
1709385300000,SHORT,0.2391594658287501,-0.1294708960537492,4.410225189840256,False,GAS/USDT,0.141528658044436,99.8
1709389800000,SHORT,1.396008741485438,0.4889622681046288,4.302084684093679,False,ACE/USDT,-0.06650313284470352,90.2439024390244
1709402400000,SHORT,-4.447500139813196,-0.4207517654908391,4.097500139813196,True,FET/USDT,0.03503732489545119,99.0
1709402400000,SHORT,2.7997180151101397,0.3209012755294159,6.728620579576472,True,AR/USDT,-0.0241280469849611,99.0
1709424000000,SHORT,-8.199462365591389,0.6484242265991457,7.849462365591389,False,BSV/USDT,0.02270003584485497,96.6
1709424000000,SHORT,2.686488900229645,1.5503046898669903,4.906787445776983,False,DASH/USDT,0.048322409349064725,98.8
1709426700000,SHORT,1.228049473983508,0.57343841861522,4.734646005117992,False,EGLD/USDT,-0.03627260452160665,98.8
1709446500000,SHORT,5.748260407171073,0.6075757998944237,6.098260407171073,True,ARKM/USDT,0.060064504250049236,98.8
1709451900000,LONG,1.127610595549149,0.5622034525746564,6.578971078475532,True,AAVE/USDT,-0.04775448412345298,99.2
1709451900000,LONG,1.2758631512868823,0.0326242730500128,6.621217827997484,False,AGLD/USDT,0.03256936090239329,99.2
1709451900000,LONG,1.3895923245468502,0.3932460461446695,7.164676980280197,True,CHZ/USDT,-0.006751522201593046,99.8
1709451900000,LONG,1.8380617368127476,0.008522667116821,6.770334097811947,False,ASTR/USDT,-0.033593728541345264,98.8
1709451900000,LONG,2.552094185181247,-0.9367609175566955,7.994504092696928,False,ARK/USDT,0.006445343594951011,99.59758551307847
1709451900000,LONG,2.765493548725486,-0.7486954199888346,11.615997062834364,False,CYBER/USDT,0.10531143415984535,99.8
1709451900000,LONG,2.908858687918032,-0.0734599263935652,9.465532944357474,False,GAS/USDT,0.053343465006748934,99.8
1709451900000,LONG,2.971364452423691,0.5710564402374069,9.339228007181347,False,CELO/USDT,-0.004313132365527983,99.8
1709451900000,LONG,3.103947368421056,0.4400705434281079,7.285559210526317,False,BAT/USDT,0.0004173249224265452,9.2
1709451900000,LONG,3.254674192909486,-0.0307799352389516,11.101326995444644,False,BICO/USDT,-0.04377813827145654,
1709451900000,LONG,3.505610192221712,0.2695973083725015,4.9797049620026845,True,DOT/USDT,0.03774777458650642,99.0
1709451900000,LONG,3.901550044286984,0.9902052754107048,7.011426040744019,False,FLOW/USDT,0.04887752791973802,98.8
1709451900000,LONG,10.074826317940344,0.8898747402218133,10.424826317940344,False,ENJ/USDT,0.0226008416366972,99.6
1709453700000,LONG,4.7223911070780415,0.1403173243420024,5.072391107078041,True,1000BONK/USDT,0.028518370003929244,92.0
1709454600000,LONG,4.790785920925749,2.261527829476775,5.140785920925748,True,1000SHIB/USDT,0.0053188130947354065,
1709510400000,SHORT,-0.0373371547681042,1.5339803566954406,7.094684731631047,False,1INCH/USDT,0.03638803060517422,98.0
1709514900000,LONG,6.022467371037924,0.5335465200009039,6.372467371037923,False,BIGTIME/USDT,-0.01554974994823419,95.0
1709518500000,SHORT,-0.6233307301835136,0.9155004628200292,4.059781335415851,True,ALGO/USDT,0.036322685910212024,87.0
1709521200000,SHORT,-8.702589073634204,0.6194293743737649,8.352589073634205,True,1000BONK/USDT,0.038159227676369915,97.8
1709531100000,SHORT,0.4421419518377701,0.50247012535287,5.766286438529768,True,CFX/USDT,0.0010963191169441684,96.39999999999999
1709542800000,SHORT,3.906583629893247,1.4886952937341045,4.256583629893247,True,DOGE/USDT,0.0816190259339485,97.8
1709542800000,SHORT,6.094625359811579,0.6211400096233282,6.444625359811579,True,1000BONK/USDT,0.02707387356804512,99.0
1709546400000,SHORT,-7.490809916428275,0.9341434903758457,7.140809916428276,True,1000PEPE/USDT,0.09307755409134212,98.6
1709548200000,SHORT,-4.455225483178232,0.850629918934017,4.105225483178232,False,ENJ/USDT,0.05314686653369866,97.8
1709550000000,SHORT,2.4898791540785554,0.4366843781035423,5.3301510574018,False,BAT/USDT,-0.007714853403184384,99.6
1709553600000,SHORT,4.417091316754989,0.7842023575530017,4.767091316754988,False,EDU/USDT,0.0007295131096123112,98.6
1709568000000,SHORT,-7.978364950316157,0.4855462021138977,7.628364950316158,False,CKB/USDT,0.0993563080620592,99.8
1709571600000,SHORT,6.376780304975107,1.0330573094402435,6.726780304975106,True,1000PEPE/USDT,0.06877815700838201,93.8
1709575200000,SHORT,-11.995656799549405,1.6931205951036163,11.645656799549403,True,1000SHIB/USDT,0.04630035791854362,
1709577900000,LONG,0.6585836909871204,0.4977993324536429,4.57896995708155,False,BIGTIME/USDT,-0.02803123746570687,83.6
1709593200000,SHORT,5.412347417840377,0.4969025238848321,5.762347417840377,False,CKB/USDT,0.10169258952575,97.8
1709604900000,SHORT,6.233545407901476,1.4885169263065536,6.583545407901475,True,DOGE/USDT,-0.04667474670887013,95.19999999999999
1709604900000,SHORT,8.750042752297912,2.777905116739222,9.100042752297911,True,1000SHIB/USDT,0.023148466148531027,
1709615700000,LONG,-0.8716824258232769,0.5627367729630424,5.761232474730994,True,CFX/USDT,-0.039382166161321334,97.0
1709646300000,SHORT,6.559125392868748,-0.5657793160787873,6.909125392868748,True,FET/USDT,-0.07054308388501485,99.8
1709655300000,LONG,-9.600042641551427,0.071803898819726,9.250042641551428,True,ENS/USDT,0.16610979029426134,99.6
1709655300000,LONG,-5.546112247880739,0.2851267654753927,5.196112247880739,False,BLUR/USDT,0.009897191137750816,98.0
1709656200000,LONG,-11.782001587511578,0.5079243597992567,11.43200158751158,True,1000BONK/USDT,0.010526409956993254,95.6
1709657100000,LONG,-6.691472850780522,0.1105828957997835,6.341472850780522,True,APE/USDT,-0.09565254114657712,99.2
1709660700000,LONG,-5.3184920634920605,-0.246399800051024,4.968492063492061,False,CTSI/USDT,-0.03178431669543039,
1709660700000,LONG,-4.7949146250927965,0.1301685833376553,4.444914625092797,False,AUCTION/USDT,-0.08243879321612414,94.6611909650924
1709660700000,LONG,-4.637999999999996,0.0132363191625684,4.287999999999996,True,GALA/USDT,-0.0008893614002179681,99.0
1709660700000,LONG,-4.635659319160033,0.1482847778529771,4.285659319160033,False,ASTR/USDT,-0.10788791667778848,99.6
1709660700000,LONG,-4.468878248974003,0.6149495984061297,4.118878248974004,True,CFX/USDT,-0.10057388872989154,98.8
1709669700000,LONG,0.6013135946622126,0.4851057620260801,8.529511572143463,True,BNB/USDT,-0.08942934849532315,99.6
1709669700000,LONG,1.3594959744126984,-0.7697834811620295,11.823723392522334,False,CYBER/USDT,-0.02860638849408666,0.0
1709670600000,LONG,1.2790874749144128,0.5344078178269318,10.504214378467712,True,FIL/USDT,-0.07091918439168003,99.0
1709670600000,LONG,2.776614987080087,0.7717150799056729,11.712687338501285,False,COMP/USDT,-0.05425385257066852,99.8
1709670600000,LONG,3.8527816972384623,0.8567048735782907,11.102005644023386,True,AAVE/USDT,-0.11326012082988497,99.0
1709671500000,LONG,4.321041246034042,0.9478597638756996,4.671041246034042,True,DYDX/USDT,-0.09176852551371431,99.4
1709671500000,LONG,4.494945875895729,0.8044922729502461,4.844945875895728,True,ADA/USDT,-0.07532263231347551,99.2
1709671500000,LONG,5.060541564519717,0.0965074846850383,5.410541564519717,True,1000PEPE/USDT,0.04812179532307878,99.0
1709671500000,LONG,5.061658045813683,-0.0914591431594678,5.411658045813683,False,CKB/USDT,0.03362541875717193,99.6
1709672400000,LONG,-4.017262969588564,0.6384594192929449,6.631574239713794,False,FLOW/USDT,-0.09126379299792017,99.6
1709672400000,LONG,-2.946875634002836,0.0211216342703119,5.822032866707236,False,ENJ/USDT,-0.016656522354604082,99.6
1709672400000,LONG,-2.8804493910121765,-0.1312631090301988,4.780428391432166,True,AXS/USDT,-0.02824517471422501,98.8
1709672400000,LONG,-2.4449432404540774,-0.7136843522903052,5.290144478844179,False,BSV/USDT,-0.002704618249986864,97.39999999999999
1709672400000,LONG,-2.257193272263099,0.0347017121148164,6.0343595134404575,False,GAS/USDT,-0.05200540806496552,79.0
1709672400000,LONG,-2.21630885581849,0.2550537597849362,5.444315686752862,False,EDU/USDT,-0.07387909873449042,99.4
1709672400000,LONG,-2.037523701175582,1.596890271929562,5.044918467956009,False,1INCH/USDT,-0.07081366318340004,99.6
1709672400000,LONG,-2.0191957511380894,0.9935855913472064,5.141274658573604,True,CRV/USDT,-0.08684925673829491,97.6
1709672400000,LONG,-1.920593149540526,-0.0668671146921971,5.014302422723468,False,EGLD/USDT,-0.15158730048112395,99.6
1709672400000,LONG,-1.6325377551794773,-0.3690103503701707,5.558518630947868,True,CHZ/USDT,-0.08838680306226313,99.2
1709672400000,LONG,-1.5568019747668616,1.853969950861233e-05,5.167416346681291,True,DOT/USDT,-0.05756819469243003,99.6
1709672400000,LONG,-1.4283200908058968,-0.8073799322718197,6.128093076049942,False,ALICE/USDT,-0.04476845327061185,99.6
1709672400000,LONG,-1.326909413854355,0.8877882856252877,5.701154529307289,True,ALGO/USDT,-0.03855173140759697,99.0
1709672400000,LONG,-1.0991416085735195,0.4288764931709804,5.237800436999279,True,AVAX/USDT,-0.1392252009472964,99.6
1709672400000,LONG,-0.9736686086800316,-0.6552182908341355,5.394646202807777,True,BCH/USDT,0.09278806393894795,97.8
1709672400000,LONG,-0.9199322242760462,-0.031754194726947,4.799707332101051,False,ARPA/USDT,-0.06426798825160847,99.2
1709672400000,LONG,-0.9025423728813629,-0.3816011999807355,4.423186440677982,True,CAKE/USDT,-0.07793752284281054,0.0
1709672400000,LONG,-0.7674064729153132,-0.2484317131777283,4.908753076036516,False,API3/USDT,-0.05069256427279475,8.6
1709672400000,LONG,-0.6632118451025041,0.6228660858498968,5.154413439635547,False,DASH/USDT,-0.13837007805933904,98.8
1709672400000,LONG,-0.6464113059740824,-0.2948461765293342,4.922809555735917,False,DUSK/USDT,-0.012540891905807988,99.6
1709672400000,LONG,-0.6243271221532019,-0.4391763018486577,5.563664596273285,True,ARB/USDT,-0.051660586495826936,98.8
1709672400000,LONG,-0.5209986320109441,0.270823842286841,5.721443228454157,False,BAT/USDT,-0.029294540164014667,99.6
1709672400000,LONG,-0.35,0.54020708270289,5.471161825726137,False,CELO/USDT,-0.07414654366157307,99.6
1709672400000,LONG,0.1105184802890211,-0.8766057327887667,5.560284251061979,False,ACH/USDT,-0.14575950546108657,83.2
1709672400000,LONG,0.3327115371353714,-0.6679860932848463,5.463416316116121,False,AGLD/USDT,-0.11762070480713264,99.8
1709672400000,LONG,0.6350746268656625,0.0428519538558279,5.418925373134324,False,CHR/USDT,-0.08313907627801395,99.2
1709672400000,LONG,0.7795606009262407,1.3065937661571485,7.462453405625208,False,COTI/USDT,-0.062033346427721466,99.6
1709672400000,LONG,0.9357427532569546,-0.4025280398313219,4.23174906645027,True,ETH/USDT,-0.023100593339138494,99.6
1709672400000,LONG,4.017237370534782,0.070243384885696,4.367237370534782,False,BICO/USDT,0.0031150068480507885,
1709672400000,LONG,4.963902960024432,-0.6868491636589122,5.3139029600244205,True,ETC/USDT,-0.007677561110838888,99.2
1709672400000,LONG,5.144657246936747,0.2229502120131027,5.494657246936747,False,ARK/USDT,-0.09923532957118736,99.0
1709672400000,LONG,10.990720607707855,0.3576447970298425,11.340720607707857,True,DOGE/USDT,-0.09836227004331766,99.2
1709705700000,SHORT,-4.869063245823373,0.092129986364439,4.519063245823373,False,CKB/USDT,0.04051983070063474,75.8
1709723700000,SHORT,-4.7127848101265535,1.249716469170627,4.362784810126554,True,CRV/USDT,-0.07320910175385033,9.8
1709730000000,SHORT,-4.636404000344847,1.0115954879791014,4.286404000344847,True,AAVE/USDT,-0.08334639010938674,14.399999999999999
1709753400000,SHORT,2.8010607665770344,0.258820881441342,7.620949121234332,True,AR/USDT,-0.02591837473351258,93.8
1709772300000,SHORT,2.437408126473444,0.630587161244308,8.075301622521138,True,ARKM/USDT,0.012619985238578296,87.4
1709773200000,SHORT,-8.64144513137556,-0.1856284622289122,8.29144513137556,True,FET/USDT,-0.056507928831542445,96.6
1709783100000,SHORT,-3.904724041159966,0.0854305909412538,5.441665107577153,False,BICO/USDT,-0.0145908140668136,
1709790300000,SHORT,-5.602525481313687,0.6394858033522254,5.252525481313687,False,ANKR/USDT,-0.041231282747822465,74.6
1709797500000,SHORT,-0.5161129568106313,0.8796370248447605,5.54825581395348,False,CELO/USDT,-0.004341219138512132,81.8
1709828100000,SHORT,-0.7570950857807538,0.5322620406119847,4.29566734515847,True,CFX/USDT,-0.02629117220527457,97.39999999999999
1709838000000,SHORT,-6.286371300657011,-0.7085115262690651,5.936371300657012,False,ACH/USDT,-0.02142705193961105,83.8
1709856000000,SHORT,2.1156989461125515,0.6114633562286023,4.767528335653199,False,BIGTIME/USDT,0.017997458376204492,65.4
1709858700000,SHORT,-5.37668118466898,-0.5169865593245514,5.0266811846689805,False,CYBER/USDT,-0.12883136472739556,55.800000000000004
1709863200000,SHORT,3.707308435286537,0.0430023934156031,4.057308435286537,True,ENS/USDT,-0.020999786974429276,93.8
1709892900000,SHORT,5.213505008421213,0.2646744064660981,5.563505008421212,False,ARK/USDT,-0.058011734613685674,97.39999999999999
1709902800000,SHORT,-7.418968880631677,1.0740718451291047,7.068968880631678,False,COTI/USDT,0.04388223093921284,95.19999999999999
1709904600000,SHORT,-5.333142811141514,-0.505320663537455,4.983142811141514,False,CYBER/USDT,-0.0967818150111659,76.6
1709909100000,SHORT,6.138222082163502,0.1188760961780672,6.488222082163501,True,1000PEPE/USDT,-0.026650330861114097,98.4
1709909100000,SHORT,6.347655900759936,1.087945337230043,6.697655900759935,True,1000SHIB/USDT,0.030801940846431865,
1709912700000,SHORT,-1.1390872236126208,0.0578354596121193,4.219485327793995,True,BTC/USDT,-0.04025713308738662,94.39999999999999
1709914500000,LONG,6.003474762253113,0.0577189985022688,6.3534747622531125,False,ENJ/USDT,0.015036241459191569,96.2
1709915400000,LONG,1.09107050952136,-0.5295529216925849,4.148430262480694,False,ALICE/USDT,-0.03496860792685299,94.6
1709915400000,LONG,4.153882549401608,-0.0169730321390153,4.503882549401608,False,ARPA/USDT,-0.045658638229670624,97.2
1709916300000,LONG,0.2489600473902415,0.0626124606404567,4.03391035345225,False,ASTR/USDT,-0.07618243293423255,10.6
1709939700000,SHORT,-4.953572161773763,1.0073001705411018,4.603572161773763,False,COTI/USDT,0.02427384666633452,11.4
1709964900000,SHORT,5.561885047453038,-0.2499357614626781,5.911885047453038,False,API3/USDT,-0.16059236102286784,94.39999999999999
1709970300000,SHORT,-0.7095890410958888,-0.4153267103539264,4.5249657534246674,False,BICO/USDT,-0.02080780562074741,
1709987400000,SHORT,4.266188524590157,0.6363925992174976,4.616188524590156,False,BIGTIME/USDT,0.010705700627573738,98.2
1709989200000,SHORT,0.8373990306946707,0.1325511736689082,4.099733441033917,True,AXS/USDT,-0.034817278722229596,99.4
1709991000000,SHORT,1.1734847651523608,0.1992940685387428,4.933813661863361,False,DUSK/USDT,-0.02664980947241182,98.6
1709992800000,SHORT,-4.468081642875017,0.0725254938632116,4.118081642875017,False,CHR/USDT,-0.038979307023194416,83.8
1710000900000,SHORT,-1.811936174006064,0.7656507630244631,5.163897307898005,True,GALA/USDT,-0.03536668949934285,99.4
1710032400000,SHORT,-2.1263926762758065,0.1285503824326615,5.621721854304624,True,AXS/USDT,0.016246988798044502,99.4
1710032400000,SHORT,4.142495014170248,0.4389771394185833,5.535034638396113,True,ARKM/USDT,0.004387033060181702,96.39999999999999
1710041400000,SHORT,-1.7849930843706732,0.4037388036474441,4.414138139695692,False,CKB/USDT,-0.002102881553600472,95.39999999999999
1710051300000,LONG,-0.6260954755967276,-0.336550084710051,4.837468827930174,False,CYBER/USDT,-0.0037693357063610503,98.8
1710057600000,SHORT,4.142828132738967,0.5001597059603098,4.492828132738967,False,EDU/USDT,-0.007224615567630924,99.6
1710063000000,SHORT,-5.59854806879051,1.4423511271532838,5.248548068790511,True,GALA/USDT,0.009749357350148083,96.39999999999999
1710063000000,SHORT,-1.0646474593438835,-1.3046327525207668,5.740841820944227,False,AGLD/USDT,0.002810507480241696,99.4
1710064800000,LONG,-4.373096717504553,0.2024701558150446,9.81758614196949,True,ARKM/USDT,-0.03336199579584038,99.0
1710074700000,SHORT,1.6393350215491136,0.2758100704839217,5.416474713287367,True,CAKE/USDT,0.07432475133504202,94.19999999999999
1710088200000,SHORT,1.8290561573901152,1.4055927562941033,8.530320009961383,True,GALA/USDT,0.04740991741908326,97.2
1710101700000,SHORT,-7.766166871629939,0.4374375978846515,7.416166871629939,False,EDU/USDT,0.10438738622856443,92.2
1710144000000,SHORT,-0.4260816830591524,0.1156925142495574,6.03098619503373,True,1000PEPE/USDT,-0.010927768415906966,78.8
1710153900000,SHORT,-0.9423344947735314,1.3567340082835324,4.493728222996514,True,ALGO/USDT,0.0007177909114748946,94.8
1710166500000,SHORT,-2.8278761061946924,0.7169453545937263,6.9866666666666575,False,CELO/USDT,0.35722765953791624,95.6
1710260100000,SHORT,-4.44472591753938,0.8040130734519105,4.09472591753938,True,AVAX/USDT,0.03824248054756762,92.2
1710264600000,LONG,0.4911413969335672,-0.122108436349144,4.527589970187389,True,AR/USDT,0.054949768494485504,94.39999999999999
1710264600000,LONG,1.867914905786293,1.0474589582674152,5.2832576022369775,True,1000SHIB/USDT,-0.009777628890900817,
1710264600000,LONG,2.126213710661142,0.290040107829227,8.089442546962664,True,DOGE/USDT,-2.914689061316076e-05,91.4
1710264600000,LONG,2.141103202846974,0.7891020080639591,4.011798521762928,True,ADA/USDT,-0.04541612162426505,92.2
1710264600000,LONG,2.4864492650206955,-0.0549203544521878,5.7068788354502695,True,1000BONK/USDT,-0.03593222668966831,74.8
1710265500000,LONG,0.5818913943856446,0.2754066781512153,4.945478601012421,False,COMP/USDT,-0.054206694121237846,89.2
1710279000000,SHORT,9.356465364120774,0.2357890171626975,9.706465364120774,False,ARPA/USDT,0.24720537712433835,88.2
1710293400000,SHORT,5.402133531726981,-0.5591771874791184,5.75213353172698,False,ACH/USDT,-0.06538338363264401,96.2
1710302400000,SHORT,-5.741709155397894,-0.5820964419189345,5.391709155397894,False,CHR/USDT,0.07776055178535654,97.0
1710306000000,SHORT,-6.3601315098518025,0.1141561226760629,6.010131509851803,True,1000PEPE/USDT,0.01144662177383196,90.8
1710313200000,SHORT,4.5735428824702735,0.2285064153918183,6.49419369136439,True,ENS/USDT,-0.06118820218511857,92.60000000000001
1710317700000,SHORT,2.169438553973555,-0.2171306785284146,4.019597596687863,True,AR/USDT,0.05910406425726939,91.0
1710317700000,SHORT,4.075193721438501,0.0315151859858422,4.425193721438501,True,1000BONK/USDT,-0.05721930155554451,84.2
1710321300000,SHORT,4.655664283761091,0.6660922366319744,5.0056642837610905,True,APE/USDT,0.05128020623859028,93.60000000000001
1710333900000,SHORT,1.3048463356974065,0.4675189600539449,4.718977004083373,False,COMP/USDT,-0.04471090905465543,95.0
1710335700000,SHORT,-0.5381782256884072,0.409859406927403,4.039203797018408,True,CAKE/USDT,0.05599970705812619,94.0
1710360000000,SHORT,-4.490578296573633,0.1318966100410832,4.140578296573634,True,1000BONK/USDT,-0.08893186308895241,88.2
1710375300000,SHORT,3.953337691149671,0.2700061270834382,4.303337691149671,True,CAKE/USDT,0.03289362099661374,93.8
1710386100000,SHORT,-1.82394279698192,0.9871412187842712,4.486939814002435,True,AVAX/USDT,0.0023503858908073736,90.2
1710388800000,SHORT,-7.526247963782814,0.1128145023386072,7.176247963782815,True,1000PEPE/USDT,0.06999185390041325,96.2
1710410400000,SHORT,3.844331282480125,0.4255460111679401,4.194331282480125,False,ASTR/USDT,-0.08364084202742354,96.39999999999999
1710425700000,LONG,-4.545432017181549,0.630287594497875,4.19543201718155,False,ARK/USDT,-0.07189609326097868,94.6
1710446400000,LONG,0.1146605133392379,0.8527952567611125,4.19522063471993,True,1000SHIB/USDT,-0.05666003850070243,
1710446400000,LONG,1.8425805247259204,0.3759906498115176,4.3116196585548,True,BNB/USDT,0.013954923767040543,98.4
1710446400000,LONG,4.189975698663436,0.7010373634262766,4.539975698663436,False,GAS/USDT,0.015703662515936502,87.4
1710451800000,SHORT,4.03834355828219,-0.1078475692310182,4.388343558282189,True,FET/USDT,-0.032993050486645276,97.2
1710459000000,SHORT,-5.212663422279034,-0.5644865850903972,4.862663422279034,False,ACH/USDT,0.016894662741952088,91.0
1710474300000,LONG,-5.661082923735548,0.521137851200534,5.311082923735548,False,BLUR/USDT,-0.01231842056186092,19.2
1710475200000,LONG,-7.099257488044306,-0.6783351834292745,6.749257488044306,False,CHR/USDT,-0.00026880484292780393,94.0
1710494100000,LONG,2.6043419874664284,0.1853878020100122,6.235586392121753,False,AUCTION/USDT,0.10989731660649524,97.0
1710495000000,LONG,-1.2012990602542797,-0.6845654473694739,5.998717523493652,False,BSV/USDT,0.07786460777618497,88.8
1710495000000,LONG,-0.8891690453536425,-0.4916082195132986,6.813859816048209,False,BICO/USDT,0.04833022717586031,
1710495000000,LONG,0.7331450167536769,0.3670239118954204,6.274386347697342,True,APT/USDT,-0.05139123234455397,86.4
1710495000000,LONG,0.9663214879374604,0.1025926359529373,5.316577564131372,True,ENS/USDT,-0.039540030724125305,81.8
1710495000000,LONG,2.402668635021596,0.1677513100076491,5.779763797410848,True,CAKE/USDT,0.031136421959076448,66.4
1710565200000,SHORT,1.6104264970411042,0.5918458995984376,4.522855131781315,False,DUSK/USDT,0.13802612591590488,81.8
1710615600000,LONG,-4.46254111842105,0.3251411083248424,4.11254111842105,True,DOGE/USDT,0.02519913117652437,69.19999999999999
1710615600000,LONG,-1.5276291493988827,0.2049580491346987,6.649119855566049,True,FET/USDT,0.04619980791820911,65.60000000000001
1710615600000,LONG,-1.459130520895223,0.9077492230623692,5.994886116062588,True,1000SHIB/USDT,-0.0036457828020524624,
1710615600000,LONG,-0.8016938519447989,0.5939211678704747,4.127879548306164,False,BIGTIME/USDT,0.04160783978001348,65.60000000000001
1710616500000,LONG,-4.835078102811695,0.4663331907852444,4.485078102811696,False,CKB/USDT,0.024941481005068464,88.0
1710616500000,LONG,-1.8420634920634864,0.2382299103781604,4.224698412698425,False,CTSI/USDT,0.10608131090265198,
1710616500000,LONG,-1.2622574224581222,0.1335077856498376,4.020766296234868,True,GALA/USDT,0.03192443622888869,79.4
1710616500000,LONG,-0.8149000464900111,0.122412814970093,4.5178986517898725,False,AUCTION/USDT,0.10075816236331764,76.2
1710616500000,LONG,-0.3858808754933581,0.0201063201910986,4.077653390742733,False,AGLD/USDT,0.11955966607633144,7.3999999999999995
1710746100000,SHORT,4.342700729927014,-0.1045014248615494,4.692700729927013,False,CYBER/USDT,0.09251600708878811,52.2
1710813600000,LONG,4.4320039458850005,0.8402321425705639,4.782003945885,True,APT/USDT,0.08185477687254557,70.39999999999999
1710819900000,LONG,-4.447817923898528,-0.1300619681550753,4.097817923898528,True,FET/USDT,0.045323873648298305,60.6
1710832500000,LONG,-5.13132342909117,0.2759926141082446,4.78132342909117,True,DOGE/USDT,0.07087849139878194,75.2
1710832500000,LONG,-5.085999264570699,0.6130521631535937,4.735999264570699,False,BLUR/USDT,0.0900927772231571,4.2
1710833400000,LONG,-4.856693238042893,-0.6586459469164648,4.506693238042893,False,ARPA/USDT,0.02281333163218302,68.8
1710833400000,LONG,-4.531862986692951,0.5022827411650606,4.181862986692951,True,CHZ/USDT,0.0946039938657728,63.6
1710833400000,LONG,0.6804356475034764,0.6276892380535227,4.341945494330624,True,1000SHIB/USDT,0.03940180469414021,
1710833400000,LONG,0.8595120951209546,-0.7082211557749172,4.8169536695366935,False,BICO/USDT,0.08211486749098887,
1710833400000,LONG,1.479491401390415,0.2380623591299343,4.422246615440902,False,CTSI/USDT,0.10008878588099364,
1710833400000,LONG,1.538462673354977,0.7838781109782825,5.536529949837705,False,BIGTIME/USDT,0.06653922850974225,52.2
1710833400000,LONG,4.404483400558485,-0.3674326727933361,4.754483400558485,False,CHR/USDT,0.09154465165600972,77.4
1710833400000,LONG,5.26538511643055,0.3008731651618588,5.615385116430539,True,AR/USDT,0.05873708846525298,9.6
1710834300000,LONG,-6.3555457227138605,0.1113389442960439,6.005545722713861,False,ALICE/USDT,0.10794785668496466,5.4
1710834300000,LONG,-5.2442721791559,1.4044017817421686,4.8942721791559,True,ALGO/USDT,0.0982922891064143,8.799999999999999
1710834300000,LONG,-5.189340763575991,1.0210951337700218,4.839340763575992,True,FIL/USDT,0.07730127187469805,68.4
1710841500000,LONG,1.914257084593201,0.5427046084217569,4.282110962660857,True,ETC/USDT,0.033559923770449605,8.0
1710864000000,SHORT,2.229503405373512,-0.1038098776757065,4.877428004504748,False,CKB/USDT,0.10054321454471009,69.0
1710866700000,SHORT,8.247285067873307,-0.1964343133090667,11.398601398601397,False,EDU/USDT,0.12666465067695215,0.0
1710939600000,SHORT,5.249937563668607,0.7684567646670898,5.599937563668607,False,DUSK/USDT,0.13994905814939695,69.0
1710940500000,SHORT,4.10600422275007,0.3007764731785996,4.45600422275007,True,AR/USDT,0.07466794161165352,8.799999999999999
1710989100000,SHORT,1.0871749247193985,0.3257309724327301,5.022584177388437,False,AUCTION/USDT,0.0525593562411096,51.800000000000004
1710990900000,SHORT,-5.644088790777529,0.7570935901220861,5.294088790777529,False,DUSK/USDT,0.14670847385486144,61.6
1710992700000,SHORT,-2.658265078183176,-0.2124971620458184,4.332911392405054,False,CYBER/USDT,0.05274850708010673,0.0
1711025100000,SHORT,-0.8906748496744952,0.1905525126671961,4.127977935695442,False,ACE/USDT,0.03976639309822327,0.0
1711033200000,SHORT,1.9282874617737007,1.2466231085158268,5.207645259938831,False,COTI/USDT,0.08016454571298279,7.8
1711038600000,SHORT,9.8976438038288,1.0762888055165662,10.2476438038288,False,DUSK/USDT,0.15091792942187782,6.0
1711039500000,SHORT,-0.5499809541948377,1.024392248739174,4.05372821636033,False,ARK/USDT,0.05893878465541084,4.2
1711044000000,SHORT,3.6697088465845433,1.1397979993127088,4.019708846584543,True,CFX/USDT,0.08704347616999254,68.2
1711068300000,SHORT,-2.267967452673544,0.2539537003630031,5.146778478910661,True,AR/USDT,0.03890610533331346,76.6
1711068300000,SHORT,-0.9902226861517128,0.2673746525618627,4.911333797262809,True,ENS/USDT,-0.03723115322196162,66.0
1711080000000,SHORT,-8.926222565018525,0.0968562800643425,8.576222565018526,False,API3/USDT,0.08849871727576089,67.60000000000001
1711090800000,SHORT,4.176506570004515,0.2619533421040088,4.526506570004515,False,CKB/USDT,0.04471685152797098,78.2
1711096200000,SHORT,3.832968609481379,0.3705741118352847,4.182968609481379,False,AUCTION/USDT,0.027544392528215927,0.2
1711104300000,SHORT,4.431059648316298,0.4344065006021122,7.066590047121017,False,ARPA/USDT,0.03963626282475568,64.2
1711120500000,LONG,-1.899323396744463,-0.0638941761931603,4.503863502647581,False,BICO/USDT,0.04790322690721807,
1711152900000,SHORT,-2.100496512863141,1.1283254941829235,4.348875340630904,True,CFX/USDT,0.05480312573762626,4.8
1711160100000,SHORT,-1.3952961672473805,0.8081923065173932,4.093333640999596,True,BCH/USDT,-0.03412419817550445,35.8
1711161000000,SHORT,-2.292907444668014,0.6426564413467115,4.083953722334,True,DOGE/USDT,-0.052917455073284915,64.60000000000001
1711183500000,SHORT,-3.180343919697218,0.1919249761977635,4.855339805825237,True,GALA/USDT,0.03802051488786143,58.4
1711206900000,SHORT,-0.0140078671328616,-0.0502654656559704,6.519432910839152,False,API3/USDT,0.12859392557857327,8.6
1711242900000,SHORT,4.907644275009853,0.6551047562913933,5.257644275009852,False,DUSK/USDT,0.11622150745735106,66.0
1711271700000,SHORT,1.1684230688862458,-0.2141672498218114,4.792087483457539,False,ACH/USDT,0.08723132752373036,65.2
1711290600000,SHORT,3.8425240225314696,0.8686596907445739,4.19252402253147,True,BCH/USDT,0.05446107167359647,35.0
1711296900000,SHORT,3.7950474719312735,1.1130375961255188,4.1450474719312735,True,CFX/USDT,0.030092330018201573,73.8
1711299600000,SHORT,-4.783877355616475,0.1404763261093511,4.433877355616476,True,1000BONK/USDT,0.08126230249597624,69.39999999999999
1711300500000,SHORT,-2.957217079161163,-0.2106788857166075,5.96591724919705,False,BICO/USDT,0.10115575108677473,
1711336500000,SHORT,3.9167825331305672,0.0370408566118739,4.91950901585921,False,CKB/USDT,0.04099338033718918,90.60000000000001
1711341000000,SHORT,4.478964757709253,0.5466493030879849,4.828964757709253,False,CHR/USDT,0.0298001288128941,71.8
1711382400000,SHORT,1.7775119672548194,0.2586251794679609,4.465733182249135,True,AR/USDT,0.05805020990444429,7.000000000000001
1711385100000,SHORT,3.779073193241497,-0.0679895900051357,4.129073193241497,False,DUSK/USDT,0.13961286441385906,80.80000000000001
1711423800000,SHORT,-1.3487669543773275,0.4703975813769891,5.865351418002474,False,API3/USDT,0.08610446264080014,72.39999999999999
1711424700000,SHORT,-4.829940729764756,0.5257770894233043,4.479940729764756,False,ANKR/USDT,0.11574615104916214,68.0
1711439100000,SHORT,4.18270535041447,0.7071142919757604,4.53270535041447,False,CELO/USDT,0.08474269358326403,75.4
1711450800000,SHORT,3.951160203432908,0.5208302001658969,4.301160203432908,False,ANKR/USDT,-0.008047821765811546,3.4000000000000004
1711524600000,SHORT,-4.960046226967899,0.5797536549451625,4.610046226967899,True,FET/USDT,-0.04217517289969433,89.2
1711629900000,SHORT,-1.1311423057482917,0.4550889520340895,4.04229655837889,True,DOGE/USDT,0.013241019143999553,86.0
1711641600000,SHORT,-4.273880094307846,-0.0057349803069922,7.20850454698552,False,BICO/USDT,-0.04559046463080182,
1711668600000,SHORT,3.942039800995013,0.1114772793702256,4.2920398009950125,False,BICO/USDT,-0.02459695137593503,
1711679400000,SHORT,5.533372748772049,0.0426990201975753,5.883372748772048,False,ARPA/USDT,0.10390708448160646,70.39999999999999
1711726200000,SHORT,2.065117219078423,0.795117328040639,4.009559417946632,True,FIL/USDT,0.02616759739718783,80.0
1711800900000,SHORT,-4.936649915850853,0.7057270538782828,4.586649915850853,True,1000PEPE/USDT,0.0521073345329619,92.2
1711952100000,LONG,-2.887593984962401,0.3905845117254542,4.329229323308265,False,CHR/USDT,-0.10161396069842409,90.2
1711952100000,LONG,-2.6570803500397706,-0.120590963698418,4.556616282153273,True,AR/USDT,0.06365350859804336,94.6
1711952100000,LONG,-1.7682246926056937,0.8714560680664972,5.344615125484256,True,FET/USDT,-0.030525791499844798,94.0
1711952100000,LONG,-0.9524096385542172,1.4700800394191216,4.203915662650601,True,CRV/USDT,-0.05052092530497509,96.0
1711952100000,LONG,-0.4389538780235181,0.2665558704182355,8.275757021872904,True,1000PEPE/USDT,0.04251038663307718,90.60000000000001
1711952100000,LONG,-0.0665131112686153,0.6844909427772684,4.769188518781012,False,BLUR/USDT,-0.11921280750453626,20.8
1711952100000,LONG,3.7698645945530074,-0.4356819099670566,4.119864594553007,False,BICO/USDT,0.016828008522187316,
1711953000000,LONG,-2.338365943944995,-0.4297880315441323,4.570597567424635,False,ARPA/USDT,0.13442291979084173,88.2
1711953000000,LONG,-1.7221413721413712,0.9708179909366864,4.569896049896057,False,ENJ/USDT,-0.04869209935487455,95.6
1711953000000,LONG,-1.4047263681591984,0.0305761967906271,6.599452736318398,False,EDU/USDT,-0.09426063162706136,94.8
1711953000000,LONG,-1.166348893271969,-0.1507669991831739,4.134615384615398,False,ACH/USDT,-0.0863151968376461,90.8
1711953000000,LONG,-1.0740794946849457,0.005338716402678,4.631443537205359,True,GALA/USDT,-0.022236545028638352,93.0
1711953000000,LONG,-1.0460821605173036,0.1475830647807846,5.1920882464815445,True,1000BONK/USDT,0.016307393716520912,87.0
1711953000000,LONG,-0.6419980119284249,0.3451039045015909,4.028839463220671,True,ARB/USDT,-0.05600913721349387,96.2
1711953000000,LONG,-0.5289893983202532,0.961696183137708,5.626118683739503,True,1000SHIB/USDT,-0.04090945938283654,
1711953000000,LONG,-0.5239756434099301,1.1445348938009974,4.809796628472016,False,AGLD/USDT,-0.05953029072052307,93.8
1711953000000,LONG,0.1700558578513977,0.4488110703267252,5.710598545769738,True,DOGE/USDT,0.05726693545880015,98.6
1712049300000,LONG,-0.7513154227746599,0.3911248081899856,4.016313193244532,True,1000PEPE/USDT,0.04621456436209853,38.4
1712078100000,SHORT,-5.9363078639152285,-0.4446690198939428,5.586307863915229,False,BICO/USDT,0.02559514250160689,
1712106900000,LONG,4.170826220553077,1.1468705740763785,4.520826220553077,False,BIGTIME/USDT,-0.06666533215793598,42.4
1712108700000,LONG,3.694502727654223,0.6473985029932838,4.044502727654223,True,APT/USDT,0.060129651793501465,61.199999999999996
1712157300000,SHORT,-6.5533036769738,1.114543698177514,6.203303676973801,False,AGLD/USDT,0.03022085395641407,3.2
1712217600000,SHORT,2.8744450071748093,0.3428710532652824,8.58425339748458,False,AUCTION/USDT,0.01948855066675798,0.0
1712424600000,SHORT,4.387345555998398,0.7892634070065123,4.737345555998398,False,CKB/USDT,0.047691907207383345,88.2
1712431800000,SHORT,-1.0836267840469451,-0.7005774542449511,4.193197278911553,False,BICO/USDT,0.0027738917517241154,
1712510100000,SHORT,8.9304347826087,0.8609233219243877,9.2804347826087,False,CKB/USDT,0.0647721072021037,3.5999999999999996
1712569500000,SHORT,5.961758470954276,0.5008913774637873,6.311758470954276,False,CKB/USDT,0.034783343247658215,3.5999999999999996
1712583900000,SHORT,1.3680475272960892,1.0257956613680164,4.213439306358367,False,1INCH/USDT,-0.06532017541887859,0.4
1712606400000,SHORT,1.669128586609986,0.511081694847899,4.734091392136016,False,CKB/USDT,0.03847525656618991,54.6
1712621700000,SHORT,0.3653965785381101,1.16768831068347,5.759564541213066,False,BAT/USDT,0.025881039472692532,2.4
1712753100000,LONG,4.375046959695168,-0.012064454471776,4.725046959695168,True,ARKM/USDT,0.0844292114117862,0.0
1712943900000,LONG,-9.84578165977686,0.4738224215141423,9.49578165977686,True,FET/USDT,-0.07435594859512573,55.00000000000001
1712943900000,LONG,-5.59939702610935,0.3435105807839562,5.24939702610935,True,1000SHIB/USDT,-0.2190281181538264,
1712944800000,LONG,-10.661192766188025,-0.4300049329083971,10.311192766188023,False,ACH/USDT,0.0824822416812585,7.6
1712944800000,LONG,-9.322121480171017,0.7196482658504803,8.972121480171017,False,COTI/USDT,0.07783426759024535,80.60000000000001
1712944800000,LONG,-7.963328885429402,-0.3948716238844501,7.613328885429403,True,AR/USDT,-0.1364856718650259,64.60000000000001
1712944800000,LONG,-6.233686860979698,0.8151861106433596,5.883686860979698,False,GAS/USDT,-0.056473397694050895,44.800000000000004
1712948400000,LONG,-2.932496413199413,1.4004596654524306,10.5989956958393,False,ALICE/USDT,0.11250373009967629,60.6
1712948400000,LONG,-1.5500000000000012,1.0911786362232418,9.472399999999991,False,FLOW/USDT,-0.017669441852113367,0.0
1712948400000,LONG,-0.8502211862388224,1.2088775211400824,4.44073740089154,True,BNB/USDT,0.01241189720948849,23.400000000000002
1712948400000,LONG,-0.6258620689655113,0.2554114234418684,9.70274137931034,False,COMP/USDT,0.20898197954015812,2.6
1712948400000,LONG,-0.4631846289752709,-0.0717621768857182,8.760628312720847,False,DUSK/USDT,0.06440079332784511,0.8
1712948400000,LONG,-0.4423076923076992,0.4001754979021473,9.1963076923077,False,CHR/USDT,-0.00909561791240031,0.0
1712948400000,LONG,-0.3931778929188207,0.9167266477399058,10.158074265975818,False,1INCH/USDT,0.004999491006954409,69.39999999999999
1712948400000,LONG,1.3981385561670416,1.8950060072714936,9.498607963742312,False,DASH/USDT,-0.024475640017892764,0.4
1712948400000,LONG,3.292039542143604,1.1543811266506887,9.450405827263264,True,ADA/USDT,0.05146262566196725,0.2
1712949300000,LONG,-7.674781557910379,0.3328470105461513,7.324781557910379,False,CYBER/USDT,-0.014043570542940587,0.0
1712949300000,LONG,-3.434269443031029,0.4936157334596858,9.384566910642308,False,API3/USDT,0.10249172369942397,56.39999999999999
1712949300000,LONG,-3.047936871803931,0.8502145183407538,10.444048668665149,False,AGLD/USDT,0.10337196872454912,1.7999999999999998
1712949300000,LONG,-2.0709359910858023,1.3665586151002933,11.421666460319416,False,ARK/USDT,0.1428143809999709,3.5999999999999996
1712949300000,LONG,-1.7298046770002684,1.2747409094729945,11.814496908879136,False,ASTR/USDT,0.05366687669227443,61.199999999999996
1712949300000,LONG,-0.8360907759883016,1.167425502940442,10.634934114202055,True,DOGE/USDT,0.034549951611511545,52.800000000000004
1712949300000,LONG,0.0079952267303106,0.8336700651395507,11.959427207637228,False,CELO/USDT,0.06842626783430499,0.6
1712949300000,LONG,0.2832346032070315,1.1055406954128366,11.888050250229805,True,AAVE/USDT,0.005115364683344012,73.4
1712949300000,LONG,0.2982281763180675,-0.2297572556363613,10.489736387208302,True,GALA/USDT,0.0476184925936067,56.99999999999999
1712949300000,LONG,0.591021993653576,0.855572247109897,7.271036218404624,True,ATOM/USDT,0.024334227442014234,14.2
1712949300000,LONG,1.669036631093166,0.7397965501047675,9.12835304297664,False,ENJ/USDT,0.13130869042305912,18.0
1712949300000,LONG,3.160160992346261,0.2319304462643719,10.43050936922671,False,BSV/USDT,0.013697636297701401,7.3999999999999995
1712949300000,LONG,3.709736117152376,0.1309630245521343,6.819457735247221,True,DOT/USDT,0.11228498977186929,67.0
1712950200000,LONG,-4.524597156398101,1.3617115970717075,4.174597156398101,False,BIGTIME/USDT,0.056541953356644734,34.0
1712950200000,LONG,-2.5175140487021666,0.2913468703038753,4.928833288734283,True,ENS/USDT,-0.004625976271619704,57.599999999999994
1712950200000,LONG,-2.056349206349204,0.8529199260395495,10.343966528640442,True,1000PEPE/USDT,-0.007160188960971837,42.4
1712950200000,LONG,-1.6611683446499703,1.399355927361826,4.8753219386560565,False,EGLD/USDT,0.0342141021527897,55.60000000000001
1712950200000,LONG,-1.5244966442953016,-0.4316356817744005,4.707234124935463,True,ARKM/USDT,0.026272010053981703,66.2
1712950200000,LONG,-0.3054962171784453,1.6084137516757513,5.935024477080539,True,DYDX/USDT,0.10940871028890325,64.60000000000001
1712950200000,LONG,-0.2867738876155922,0.8381148360686931,4.484043309887003,True,APE/USDT,0.0509126033801337,9.4
1712950200000,LONG,-0.0344110992020902,0.1442320590207386,8.094813623913304,True,1000BONK/USDT,-0.07881893349005288,52.800000000000004
1712950200000,LONG,3.98531053733427,-0.7123057766621854,4.33531053733427,False,BICO/USDT,0.004337647126468477,
1712950200000,LONG,4.137578194816804,0.713989582934451,4.487578194816804,True,ARB/USDT,0.034353103992539984,52.800000000000004
1712951100000,LONG,-4.602583288356808,0.5761041369306478,4.252583288356808,False,ACE/USDT,-0.008977050167263358,52.0
1712951100000,LONG,-1.7016583371194884,0.5407825323936116,4.055925336968048,True,BCH/USDT,-0.013103032355495188,25.4
1712952000000,LONG,-6.180528301886788,-0.0455367156404345,5.830528301886789,False,ARPA/USDT,0.07575143309152371,0.4
1712952000000,LONG,-4.641628753412191,1.0137407894345645,4.291628753412192,False,CTSI/USDT,0.14043100229637479,
1712952000000,LONG,-4.558782017773138,1.175508255442817,4.208782017773139,True,ALGO/USDT,0.05475005187963851,1.2
1712952000000,LONG,-4.439564616447819,1.172041775486716,4.089564616447819,False,BAT/USDT,-0.028881464727854286,2.4
1712952000000,LONG,-3.5170013903908486,-0.5700371674245059,6.445573922447077,False,EDU/USDT,0.10888115428999101,1.6
1712952000000,LONG,-2.646450939457193,1.5046164937870428,5.5035490605427855,True,CRV/USDT,0.1107911203009867,0.6
1712952000000,LONG,-2.053577512776833,0.3961093125821597,4.279265027987339,False,BLUR/USDT,0.06718730418274604,17.599999999999998
1712973600000,LONG,-0.7608463434675485,0.8912209922551388,4.20498493563408,False,ASTR/USDT,0.07560027446029598,5.0
1712974500000,LONG,3.710696050849217,0.2170203053020199,4.060696050849217,True,APT/USDT,-0.031448818517540875,3.5999999999999996
1712974500000,LONG,4.137277743715504,0.4825644151785572,4.487277743715503,False,CHR/USDT,-0.0018947202621358507,0.0
1712997900000,SHORT,-4.360179816513743,-0.4088960543147564,4.010179816513744,True,AR/USDT,-0.0838871517955541,0.6
1713016800000,SHORT,4.006077606358101,-0.1391474689498812,4.356077606358101,False,ARPA/USDT,0.08649970585140966,0.4
1713031200000,LONG,-5.545022485061297,0.3001583038975295,5.195022485061298,False,AUCTION/USDT,-0.03436784485486746,0.2
1713032100000,LONG,-6.477787769784192,0.0302230292924948,6.1277877697841925,False,CYBER/USDT,0.06622224005368675,0.0
1713032100000,LONG,-5.397619047619045,0.5787283645633171,5.047619047619046,False,ANKR/USDT,0.07482137987685007,0.4
1713032100000,LONG,-5.035582239828333,0.6983397782930033,4.685582239828333,True,APE/USDT,0.05018551907062799,9.4
1713032100000,LONG,-4.908011253574408,1.237379949791752,4.558011253574408,True,CHZ/USDT,0.019312119569126887,2.0
1713032100000,LONG,-4.692906313864688,0.2151816024227386,4.342906313864688,True,APT/USDT,-0.004336588630960829,3.2
1713032100000,LONG,-4.539757423091424,0.5213150963409163,4.189757423091424,True,BCH/USDT,0.036693988099995176,20.200000000000003
1713032100000,LONG,-4.49682524817382,0.2829392370555211,4.14682524817382,False,COMP/USDT,0.19987140299414752,2.8000000000000003
1713032100000,LONG,-4.444080338266378,1.136682227372622,4.094080338266378,False,FLOW/USDT,0.008312540926019386,0.0
1713032100000,LONG,-4.405540280450912,0.8861678238182262,4.055540280450912,True,ARB/USDT,0.03599114169971911,0.6
1713033900000,LONG,-5.394759036144581,-0.2483921133188938,5.0447590361445815,False,ACH/USDT,0.05802811077501978,7.6
1713033900000,LONG,-5.224321926489226,0.4942901675684611,4.874321926489227,False,BLUR/USDT,0.08558219634257917,1.6
1713033900000,LONG,-5.128611536498208,1.369224020221265,4.778611536498208,False,BIGTIME/USDT,0.05365183933193043,0.6
1713033900000,LONG,-5.008469945355193,1.699621749104239,4.658469945355193,True,DYDX/USDT,0.10234648562285867,0.0
1713033900000,LONG,-4.9903688937215644,0.3915750499319272,4.640368893721565,True,CFX/USDT,0.049464313488172915,0.2
1713033900000,LONG,-4.828696306587935,0.9302600491095886,4.478696306587935,True,ATOM/USDT,0.051996315364786286,14.2
1713033900000,LONG,-4.740140525838629,0.921202949099199,4.390140525838629,False,1INCH/USDT,0.06690749566309487,0.4
1713033900000,LONG,-4.723763440860219,1.5977393160237523,4.37376344086022,True,CRV/USDT,0.10960641260037242,0.6
1713033900000,LONG,-4.716123448450552,0.743886550151999,4.366123448450552,False,COTI/USDT,0.15072650407460597,6.4
1713033900000,LONG,-4.644348633589825,0.8585406733632993,4.294348633589825,False,ACE/USDT,-0.004117871716088297,0.0
1713033900000,LONG,-4.6428992628992685,1.3526855051348396,4.292899262899269,False,EGLD/USDT,0.03096738392539496,1.4000000000000001
1713033900000,LONG,-4.636078998073224,0.7878738305187848,4.286078998073224,False,CTSI/USDT,0.14217347059915617,
1713033900000,LONG,-4.61937118217749,0.1138580585456727,4.2693711821774905,True,ENS/USDT,0.003887734268162233,0.4
1713033900000,LONG,-4.5263097199341065,1.8441484988280668,4.176309719934107,False,DASH/USDT,0.014672425602520125,0.4
1713033900000,LONG,-4.503922364788046,0.7830800063455258,4.153922364788047,True,FIL/USDT,0.05384460806241726,0.0
1713033900000,LONG,-4.448867546768447,0.1410301615275623,4.098867546768448,True,1000BONK/USDT,-0.07569961468842384,0.0
1713033900000,LONG,-4.408886894075404,-0.1439241185244363,4.058886894075404,True,GALA/USDT,0.07679114939430952,1.7999999999999998
1713040200000,LONG,1.9521366235329487,1.3359296671636436,9.840956966596448,False,ARK/USDT,0.30102200973230275,3.5999999999999996
1713040200000,LONG,2.523918417799752,1.0399932024971592,10.48258652657602,True,AXS/USDT,0.26593405650217455,4.0
1713040200000,LONG,3.1678236397748627,0.9355675305697946,7.571740150093817,True,ADA/USDT,0.20572657148395013,0.2
1713040200000,LONG,3.267158706637783,1.180882883223643,7.380029636384357,True,BNB/USDT,0.23824119904703445,10.6
1713040200000,LONG,3.3258193091231183,1.1183598884210413,11.603454384410991,False,BAT/USDT,0.14839559943461916,2.4
1713040200000,LONG,3.5845007959972754,-0.445595333352806,11.191342582063522,True,ARKM/USDT,0.13005060650368305,0.0
1713040200000,LONG,4.765146147032772,1.14084422612695,11.691762621789191,False,ASTR/USDT,0.20998458441393325,5.0
1713041100000,LONG,4.883468903575665,0.1836710288433596,5.233468903575664,True,DOT/USDT,0.21417501798278643,1.2
1713041100000,LONG,5.767862565185824,0.1632269745610444,6.117862565185811,True,AVAX/USDT,0.18301774263418227,1.4000000000000001
1713041100000,LONG,5.884523809523818,0.9616088197859648,6.234523809523818,False,ENJ/USDT,0.24520854492909547,17.4
1713041100000,LONG,6.063679245283036,1.442613428832931,6.413679245283026,False,ALICE/USDT,0.2285127002263399,0.2
1713041100000,LONG,10.349154288192574,0.9631403936694658,10.699154288192574,False,AGLD/USDT,0.21259334869192661,1.7999999999999998
1713041100000,LONG,10.641993490642806,0.0581430050488219,10.991993490642804,False,BSV/USDT,0.1961775966627909,1.6
1713041100000,LONG,10.815424210152647,0.6711658859984173,11.165424210152649,False,CHR/USDT,0.12877295022496182,0.0
1713042000000,LONG,-4.773194315004668,0.4146873367432847,4.423194315004668,True,FET/USDT,0.05309482365524916,0.0
1713042000000,LONG,4.057979071288417,1.1491094558772752,4.407979071288417,True,ALGO/USDT,0.16902518119296467,1.2
1713042000000,LONG,7.692990021221821,0.8194479220263408,8.04299002122182,True,1000PEPE/USDT,0.07144523367066377,0.8
1713042000000,LONG,8.092387927208174,-0.1336370062367003,8.442387927208161,False,ARPA/USDT,0.1714820239335561,0.4
1713042000000,LONG,9.05107393638992,-0.4447821623876626,9.40107393638992,True,AR/USDT,-0.049618417743566956,0.4
1713043800000,LONG,6.655594619382466,0.4819590830729143,7.005594619382466,True,1000SHIB/USDT,0.07645307446993613,
1713044700000,LONG,0.6512782275244932,0.361732252319828,8.349914784831695,False,GAS/USDT,0.08023300200131386,0.0
1713044700000,LONG,2.6018935516888435,1.00912133678153,7.459623336745145,True,ETC/USDT,-0.0007676989676150016,0.8
1713044700000,LONG,3.5524390243902597,1.189713260683547,9.234787456445977,True,DOGE/USDT,0.007971578798871226,0.0
1713044700000,LONG,4.028531073446332,0.3317071697411864,8.749152542372881,False,CELO/USDT,0.09904844831220469,0.6
1713044700000,LONG,4.578536224741256,-0.0833666569957338,8.27337933300477,False,DUSK/USDT,0.09511979379314818,0.8
1713044700000,LONG,4.99158121330724,0.523116691531951,5.341581213307239,True,CAKE/USDT,0.2098395869009007,0.2
1713044700000,LONG,7.116787989080991,1.0372449282749134,7.4667879890809905,True,AAVE/USDT,0.09188614713303359,7.6
1713044700000,LONG,8.150523231477612,-0.8378334909057639,8.500523231477612,False,BICO/USDT,0.034951168319564636,
1713044700000,LONG,8.633948569058502,0.7156543753800849,8.98394856905849,False,EDU/USDT,0.1354793191754989,1.6
1713044700000,LONG,8.983480698236177,0.1289415333623186,9.333480698236176,False,CKB/USDT,-0.11373357112019473,3.5999999999999996
1713044700000,LONG,9.11289560015436,0.29067090369928,9.46289560015437,False,API3/USDT,0.1492357665136982,6.6000000000000005
1713167100000,SHORT,4.545744819922868,0.4463452967698526,4.895744819922868,False,ACH/USDT,0.12440214493728013,5.4
1713208500000,LONG,-0.0983221476509971,1.1300200304225452,4.565687919463078,False,ALICE/USDT,0.11836838025469981,0.2
1713208500000,LONG,0.1878858746492073,0.5968050333097153,4.217118802619265,False,ANKR/USDT,0.18344884944659962,0.4
1713208500000,LONG,0.273052959501561,1.1597190054513378,4.027102803738313,False,CTSI/USDT,0.19987450862707612,
1713208500000,LONG,0.6347522236340507,0.6680705154241879,4.575571791613731,False,CHR/USDT,0.0796898216805126,0.0
1713208500000,LONG,1.3206443914081158,0.7546150760261505,4.151775059665861,True,ENS/USDT,0.03917921000535133,0.8
1713208500000,LONG,1.491574167507575,1.3054374156103592,4.022401614530772,False,1INCH/USDT,0.1397449577752216,0.4
1713208500000,LONG,1.940853555065328,0.7903779948902789,4.292737145766157,True,FIL/USDT,0.061887645273547905,0.4
1713208500000,LONG,2.0498435491982017,-0.0583802443966442,4.07140861596916,False,DUSK/USDT,0.12242138804462104,1.0
1713208500000,LONG,2.5763746505125904,1.446471019650543,4.481267474370925,False,EDU/USDT,0.16356985163790322,1.2
1713208500000,LONG,2.8553098061435183,0.9488229109989802,4.5125055647739645,True,1000PEPE/USDT,0.07102923632736971,1.2
1713208500000,LONG,2.8664274032346007,0.7027230918436934,5.111978920588784,False,ACH/USDT,0.11533390583045898,7.000000000000001
1713209400000,LONG,-1.430781488152976,0.0339338147225265,5.397589025911043,False,ARPA/USDT,0.12215141809087422,0.6
1713209400000,LONG,0.6619472182596265,0.4723946540872446,5.086773359486453,False,API3/USDT,0.2025976732744833,5.2
1713209400000,LONG,1.394233768365757,0.3986806749491132,4.170811786916192,True,CFX/USDT,0.12457677224830238,0.2
1713488400000,SHORT,4.317198838896951,-0.1726251601968841,4.667198838896951,False,GAS/USDT,0.16324541900419767,3.8
1713494700000,LONG,4.064350372736967,0.0975328669795882,4.414350372736966,False,CKB/USDT,0.05829088029877094,4.0
1713495600000,LONG,3.6866104423903248,0.6871648983389824,4.036610442390325,True,BTC/USDT,0.016987919842899428,0.2
1713495600000,LONG,4.017239489587608,0.9462135844291308,4.367239489587607,True,ETH/USDT,0.0381579182459157,1.2
1713495600000,LONG,4.100498296959756,0.7831394951539452,4.450498296959745,True,ATOM/USDT,0.02921079544004837,6.4
1713495600000,LONG,4.288582928190022,1.012452155411715,4.638582928190021,True,ETC/USDT,0.03930814462361554,2.0
1713495600000,LONG,4.337796055464644,0.1586109458950383,4.687796055464643,True,BCH/USDT,0.02919213100740009,1.7999999999999998
1713495600000,LONG,4.38111111111113,0.9640565280481476,4.7311111111111295,True,ALGO/USDT,0.08413369242983568,1.2
1713495600000,LONG,4.429613566478496,0.5026096926448121,4.779613566478496,True,1000SHIB/USDT,0.06176933867904228,
1713495600000,LONG,4.503605769230759,1.4610722999734091,4.853605769230759,True,CRV/USDT,0.008081885935862837,0.8
1713495600000,LONG,4.589976133651541,0.754538104890108,4.93997613365154,False,FLOW/USDT,0.07241779461611192,0.0
1713495600000,LONG,4.594330688507809,1.2769394554784987,4.944330688507809,False,EGLD/USDT,0.04406709351538791,2.4
1713495600000,LONG,4.594350336862372,0.2608203097879691,4.944350336862372,True,CHZ/USDT,0.047432210398465936,2.4
1713495600000,LONG,4.608451672010989,1.0054431828937154,4.958451672010988,True,ARB/USDT,0.045288664100313,2.1999999999999997
1713495600000,LONG,4.652879631407184,0.8093365520368798,5.929059320406969,False,ACE/USDT,0.06971857964955988,2.0
1713495600000,LONG,4.752632014567124,0.4672458696467449,5.102632014567123,True,APE/USDT,0.0391348607896174,1.4000000000000001
1713495600000,LONG,4.780885850178369,0.0358667200590729,5.130885850178369,False,ARPA/USDT,0.054304999737902544,2.0
1713495600000,LONG,4.863156671315662,1.4119967401919007,5.213156671315661,True,DYDX/USDT,0.04845781829612794,1.0
1713495600000,LONG,4.934771130802079,-0.2654918385833223,5.284771130802079,True,CFX/USDT,0.0950724462807034,0.0
1713495600000,LONG,4.946020633750925,0.7639027001158709,5.296020633750925,False,ASTR/USDT,0.045053881181360535,5.0
1713495600000,LONG,4.970927392935858,-0.6988934404102073,5.320927392935857,True,AVAX/USDT,0.057951201688224756,3.8
1713495600000,LONG,4.986658031088082,0.8463717449919758,5.336658031088081,False,CELO/USDT,0.07868701656020834,0.4
1713495600000,LONG,5.048160095579456,0.3042819479056961,5.398160095579455,False,ACH/USDT,0.04828230444583119,6.0
1713495600000,LONG,5.070103172158916,0.5021479831973442,5.420103172158916,True,ENS/USDT,-0.007274777643328306,0.6
1713495600000,LONG,5.0799349655700015,1.0252705621940268,5.429934965570001,False,COMP/USDT,0.012060555419265593,2.4
1713495600000,LONG,5.093518828451867,-0.3304586681977646,5.443518828451866,True,AR/USDT,0.05645376803530625,0.0
1713495600000,LONG,5.258482437335093,0.4062401640548898,5.608482437335093,True,1000PEPE/USDT,0.07884240052680185,2.6
1713495600000,LONG,5.2848853370396265,0.5900784382198923,5.634885337039626,False,CHR/USDT,0.07219454107087506,0.0
1713495600000,LONG,5.311441647597266,1.0367600700957984,5.6614416475972655,False,BIGTIME/USDT,0.041375121156777966,1.0
1713495600000,LONG,5.339513604623172,0.647518624156832,5.689513604623172,True,AAVE/USDT,0.035170169154235854,3.5999999999999996
1713495600000,LONG,5.413446309787764,0.89407111302447,5.763446309787764,False,ENJ/USDT,0.061421212224224364,15.0
1713495600000,LONG,5.439041821069357,0.5577396141266516,5.789041821069357,False,BLUR/USDT,0.09413006107790883,4.3999999999999995
1713495600000,LONG,5.502701579384891,0.8878662221855956,5.852701579384891,False,ALICE/USDT,0.08656137278162886,0.2
1713495600000,LONG,5.581922679928684,0.4592809842070397,5.931922679928683,False,COTI/USDT,0.07764480545895582,7.3999999999999995
1713495600000,LONG,5.882176882976806,1.2388096342706765,6.232176882976805,False,EDU/USDT,0.06076991480273309,2.1999999999999997
1713495600000,LONG,6.498827947774361,0.0601888650043578,6.84882794777436,True,FET/USDT,0.10334872214281998,1.0
1713636000000,SHORT,-5.386476310009399,0.7005410396652707,5.036476310009399,True,1000SHIB/USDT,0.1306825291649195,
1713765600000,SHORT,3.892111192962688,-0.2278242066997301,4.242111192962688,True,ARKM/USDT,0.021965113712334287,2.0
1713771000000,SHORT,3.660309278350518,0.1926569180678027,4.010309278350518,False,COTI/USDT,0.09616894177719995,3.2
1713820500000,SHORT,-1.2258612635758412,-0.3285770345186042,4.917923040990298,True,AR/USDT,0.0829087055426239,1.4000000000000001
1713937500000,SHORT,7.090562913907252,1.0006739111906766,7.440562913907252,True,ALGO/USDT,0.07569223741774059,4.3999999999999995
1713938400000,SHORT,1.9236275053473904,0.2636615614362172,4.328527291452084,True,CHZ/USDT,-0.08775989332176139,5.0
1713962700000,SHORT,5.405648535564849,0.0237424673721455,5.755648535564848,False,CKB/USDT,0.07969187482859312,3.8
1714056300000,SHORT,-5.530407511594294,0.9920024912824568,5.180407511594295,True,1000BONK/USDT,0.042435175886229796,2.8000000000000003
1714082400000,SHORT,3.7350091607645495,-0.2129244104059339,4.08500916076455,True,AR/USDT,0.03809840798455151,2.1999999999999997
1714164300000,SHORT,4.290146878824964,0.2938798441996195,4.640146878824964,True,APE/USDT,-0.09051063606903999,0.2
1714183200000,LONG,0.6014435695537921,0.0910241710137179,4.290616797900253,False,CHR/USDT,0.016290780270217242,2.4
1714183200000,LONG,0.7201889703046772,1.1668129609492304,6.326986116467396,True,ARB/USDT,0.017955911618363,3.0
1714183200000,LONG,0.8839055793991396,0.3912489809417319,5.274302575107304,False,BIGTIME/USDT,-0.02188592786724908,1.2
1714216500000,SHORT,4.195275758871294,0.4329890971834214,4.545275758871294,False,CTSI/USDT,0.16496186879480354,
1714441500000,SHORT,4.23522325730806,-0.0468524478464108,4.585223257308059,False,CKB/USDT,0.0826976917079206,9.8
1714526100000,LONG,-4.554552991112874,-0.0540267895199991,4.204552991112874,True,AR/USDT,0.07724951607972678,0.0
1714554000000,LONG,-2.7460216998191647,-0.065393347597738,4.26636528028934,False,ANKR/USDT,0.02828244122138203,4.8
1714554000000,LONG,-0.2101677986416454,0.0561820578104396,4.0243108270076,False,AGLD/USDT,0.12055850363925272,6.2
1714590900000,SHORT,0.3774270743380795,0.0167828221127653,7.165961682010434,True,1000PEPE/USDT,0.024925476912343647,5.4
1714590900000,SHORT,0.6150479430869157,-0.2272118249337158,4.1903866377977135,False,CKB/USDT,0.12041142542172492,1.6
1714654800000,SHORT,-4.456288969773673,-0.3158532363782943,4.106288969773673,True,AR/USDT,0.06456645308528781,2.4
1714657500000,SHORT,-4.785403063529196,0.5569663999649768,4.435403063529196,True,1000BONK/USDT,0.061374393250699405,1.7999999999999998
1714715100000,SHORT,4.542479235407894,-0.3215274468837264,8.242746615087029,False,CYBER/USDT,0.15810538447575162,18.8
1714786200000,SHORT,-4.395893482064732,-0.1578235749230044,4.0458934820647325,False,CKB/USDT,0.060727103095927375,11.4
1714823100000,SHORT,0.2915151978005074,-0.1358687263898021,4.135105137212962,False,CKB/USDT,0.05132719011203775,7.8
1714828500000,SHORT,1.454768001951095,0.7280660838623321,4.116059996341686,True,DOGE/USDT,0.04405745971018938,9.8
1715148900000,SHORT,-3.1654648499894176,0.2342211392763194,5.693033504609038,False,ACE/USDT,0.07031631247883587,5.2
1715183100000,SHORT,4.070549581839895,1.3432556669784106,11.803942652329749,False,CELO/USDT,-0.2044787282188359,6.2
1715188500000,SHORT,0.9673510562544584,0.579547664218016,9.81100166152383,False,AUCTION/USDT,-0.1598902985611589,3.0
1715193900000,SHORT,-4.933006122852063,1.1155895450761737,4.583006122852063,False,API3/USDT,0.020454997449299687,6.800000000000001
1715197500000,SHORT,3.264631336405527,0.0421343173526097,4.792122695852517,False,ARPA/USDT,0.0024838550626511487,6.6000000000000005
1715280300000,SHORT,-1.5349901250822775,0.6428624887550325,6.033629580864573,False,AUCTION/USDT,-0.2407947910679373,3.2
1715391900000,SHORT,-0.35,0.882521374480734,5.000876040297833,False,ARK/USDT,0.104343789527144,8.0
1715463000000,SHORT,2.2113079019073654,-0.0940782521403259,6.558501362397785,False,ARPA/USDT,0.08585136566942889,6.4
1715619600000,SHORT,3.840219224283302,0.4614186989990944,4.190219224283302,False,CHR/USDT,0.11668325545883519,0.2
1715620500000,SHORT,3.505716561128176,0.2076381708318937,7.153956722738014,True,1000PEPE/USDT,0.04033290171989321,6.800000000000001
1715676300000,SHORT,-5.063986725997428,0.2048057351666385,4.713986725997429,True,1000PEPE/USDT,0.0712940220800389,5.6000000000000005
1715743800000,SHORT,-3.556542905361546,-0.3954433968739537,6.042217317928066,False,CYBER/USDT,0.10331222239104704,0.4
1715783400000,SHORT,1.6660741043454692,-0.2472238627286085,5.669554556599903,False,ARPA/USDT,0.0021673292724427016,6.0
1715934600000,SHORT,-1.2020209937972872,0.4930890836072195,4.094322132097337,True,ENS/USDT,-0.07428185708792535,7.199999999999999
1715963400000,SHORT,-2.0974633596392205,-0.655850524345013,4.289133157960652,False,CKB/USDT,0.10731936973688327,12.6
1715964300000,SHORT,-0.087876802096981,0.1829814468956544,4.2436435124508325,True,GALA/USDT,0.06382981931656248,11.200000000000001
1716022800000,SHORT,6.210946114173916,0.3124950056828344,6.560946114173916,False,BICO/USDT,-0.060637201694073044,
1716228900000,SHORT,4.089929140832588,-0.4271456427420876,4.439929140832588,False,CKB/USDT,0.02893728223339783,12.8
1716235200000,SHORT,-1.0200167504187485,-0.1605947511612678,5.452205471803443,False,BIGTIME/USDT,0.06230694225079927,1.2
1716245100000,SHORT,-4.4063187596192055,0.652134424365515,4.056318759619206,True,ENS/USDT,0.09759185856878264,5.800000000000001
1716245100000,SHORT,0.7708009319019035,-0.2741211707515026,4.202994049680439,True,ETC/USDT,0.10089666055787977,9.6
1716246000000,SHORT,-4.725866469639966,0.3023377995947479,4.375866469639966,True,1000BONK/USDT,-0.0064901558795958545,12.6
1716254100000,SHORT,-4.362545809919372,0.1171142490310532,4.012545809919373,False,CYBER/USDT,0.05766995142536531,35.8
1716254100000,SHORT,-1.398398678730438,0.3282352737602192,4.261295418641371,False,BSV/USDT,0.005230508433557561,8.4
1716299100000,SHORT,-0.7665088981446467,0.9443787484778258,4.439606209769021,True,ENS/USDT,0.13511356969630578,8.4
1716302700000,SHORT,-4.992861331704333,0.6624453896746856,4.642861331704333,True,1000PEPE/USDT,-0.010486839392326048,53.2
1716306300000,SHORT,-4.396743801652897,0.7752968515807557,4.046743801652897,False,EDU/USDT,0.01058015665639423,6.6000000000000005
1716345000000,SHORT,-5.681969986758862,0.8994252204520498,5.331969986758862,False,EDU/USDT,0.04347132822974422,6.6000000000000005
1716377400000,SHORT,4.090825688073376,0.1388020310435013,4.440825688073375,True,GALA/USDT,-0.011417002798726124,12.0
1716419700000,SHORT,-5.744143142920634,1.7894696375233443,5.394143142920634,False,EDU/USDT,0.07556719510379954,0.4
1716444000000,SHORT,-4.879492270902705,0.7405828203271853,4.529492270902705,True,1000PEPE/USDT,0.04014791015855176,9.2
1716468300000,SHORT,4.628063126501529,0.0671480656271254,4.978063126501529,True,ENS/USDT,0.03793368218748837,8.4
1716469200000,SHORT,4.43358403986994,-0.6355579149072244,4.78358403986994,True,ETC/USDT,0.011232576339867122,9.6
1716469200000,SHORT,4.574918490917544,0.4946494501064101,4.924918490917544,False,BLUR/USDT,-0.02617376883937335,37.6
1716469200000,SHORT,5.1386524822694994,0.5593243563312437,5.488652482269499,True,ARB/USDT,-0.012977905887847748,13.600000000000001
1716472800000,LONG,-4.873260669544905,-0.0480747865876776,4.523260669544905,False,API3/USDT,0.02489302088358157,12.0
1716472800000,LONG,-4.722554793656141,-0.7220755109389807,4.372554793656142,True,ARKM/USDT,-0.05620039054071117,9.0
1716495300000,LONG,2.080323299888519,-0.7363453788910767,5.72403567447045,False,ANKR/USDT,-0.005268224314778653,10.2
1716495300000,LONG,3.5541394335511938,-0.7576836529940668,9.344679738562077,True,ARKM/USDT,-0.042278695562207196,9.0
1716495300000,LONG,3.993174247059619,-0.7295531806048026,4.343174247059619,False,ACH/USDT,-0.06610344861486672,15.6
1716495300000,LONG,4.7144665247220345,-0.0844703921034356,5.064466524722034,True,GALA/USDT,0.010765788018115929,12.0
1716496200000,LONG,2.350333157987024,0.1664201308056579,4.810362966859545,True,CHZ/USDT,-0.06948585605598658,10.4
1716496200000,LONG,3.703198454194136,-0.088792043897647,4.053198454194136,True,CFX/USDT,-0.04396853452885204,6.6000000000000005
1716496200000,LONG,4.14645512959354,-0.047945333446477,4.49645512959354,False,API3/USDT,0.009020412450185663,12.0
1716496200000,LONG,4.704229028889671,0.2946914706707063,5.054229028889671,False,COMP/USDT,-0.05699297591382081,21.8
1716522300000,SHORT,4.56089876033058,-0.6212536299302467,4.910898760330579,False,BIGTIME/USDT,-0.10925498594297936,1.2
1716564600000,SHORT,1.8041407371948253,-0.1400945360678154,4.0510471517472455,True,DOGE/USDT,-0.14168157386914348,15.4
1716566400000,SHORT,3.7450254364666207,-0.1429913818456083,4.095025436466621,True,1000BONK/USDT,-0.0353296159879023,12.6
1716575400000,SHORT,-0.2066565131696787,2.429098624219345,8.261458519978481,False,EDU/USDT,0.11374367765367767,1.6
1716601500000,SHORT,-1.1626603934987103,-0.2742002707167825,6.091488451668069,False,CTSI/USDT,-0.03609324532729723,
1716644700000,SHORT,-6.391753402722167,-0.2614194203590815,6.041753402722168,False,CTSI/USDT,-0.14233508378569643,
1716669000000,SHORT,3.304896250455039,0.2050083472309862,4.4478267200582335,True,CHZ/USDT,0.12992484195583062,10.4
1716742800000,SHORT,2.00659960286238,-0.4444830822934718,4.598947210670254,True,ENS/USDT,-0.08040672710342531,8.4
1716783300000,SHORT,-4.875158516143123,0.211241970638508,4.525158516143123,False,AGLD/USDT,-0.0774386030528107,14.000000000000002
1716792300000,SHORT,5.391547077353855,1.5819321159430857,5.741547077353855,False,EDU/USDT,0.09666470282088624,8.200000000000001
1716827400000,SHORT,-1.0473022405121204,-0.3486943740745989,4.049211248285299,False,CKB/USDT,-0.062225618132591504,65.0
1716829200000,SHORT,0.8222617944868617,0.0401893281442788,4.08684000383299,False,API3/USDT,-0.014876851370356806,12.0
1716901200000,SHORT,1.3489829864081369,-0.1704875128391938,6.081955137344336,True,1000BONK/USDT,-0.01927031305090193,80.60000000000001
1716945300000,SHORT,0.2255395683453136,-0.3247162593614116,4.0041247002398,False,BIGTIME/USDT,-0.10941966175413011,49.2
1716970500000,SHORT,1.7000000000000033,-0.1762263165129378,5.0767874999999885,False,ARPA/USDT,-0.14129004968049813,66.8
1717054200000,SHORT,9.22824229125763,-0.5165898331548933,9.578242291257627,False,AUCTION/USDT,-0.03154644925526796,0.2
1717057800000,LONG,3.721790288948458,-0.5412138679047702,4.071790288948458,True,1000BONK/USDT,0.01277062275914012,12.6
1717099200000,SHORT,-2.2438646675872835,0.016401591592923,5.167587295324502,False,1INCH/USDT,0.038706493562078545,8.200000000000001
1717164000000,SHORT,1.3886195491339537,0.592806823503818,4.959685351205485,False,DUSK/USDT,0.03237733016011416,7.3999999999999995
1717176600000,SHORT,-1.2222741433021815,0.3580391701747582,7.92404984423676,False,ALICE/USDT,0.2793709134827458,0.0
1717241400000,SHORT,-1.017259786476869,0.4381696853841935,4.226334519572943,False,BIGTIME/USDT,-0.02325714969917484,60.6
1717276500000,SHORT,4.707791856356048,0.9579183051117476,5.057791856356047,False,ACE/USDT,0.03166751770162625,95.19999999999999
1717279200000,SHORT,-4.5929665913087225,0.2364304479064983,4.242966591308723,True,AXS/USDT,-0.02324449475366888,38.6
1717284600000,SHORT,-5.0967806167400775,-0.8597417856853498,4.746780616740078,True,ENS/USDT,-0.004122094840998778,59.0
1717291800000,SHORT,1.4289160379317545,0.0860831037163342,4.916840866615893,False,AGLD/USDT,-0.09874261270010287,14.000000000000002
1717385400000,SHORT,0.5212516783529862,-0.3605183920606155,4.741151723109032,False,API3/USDT,0.023143463608987926,12.0
1717388100000,SHORT,-7.516528583264293,0.5180374813194982,11.352112676056333,False,ALICE/USDT,0.23588397327259905,4.8
1717388100000,SHORT,-1.9189679229779448,0.7709414280896487,5.540399373653107,False,ACE/USDT,0.021175837050733552,7.3999999999999995
1717392600000,SHORT,-2.165038893690571,0.8429792819651246,5.877038317487742,False,CHR/USDT,-0.0034681531047488184,7.199999999999999
1717394400000,SHORT,-1.2453418027828171,0.1183514285108229,4.049872958257684,True,AXS/USDT,0.0887173451198474,37.8
1717418700000,SHORT,4.861966979082608,0.1132469268053876,5.211966979082607,False,AGLD/USDT,-0.07720831003153343,14.000000000000002
1717467300000,SHORT,4.46397755972342,0.2958196516786022,4.81397755972342,False,DUSK/USDT,-0.008527957593837019,7.3999999999999995
1717477200000,LONG,-0.5631572348073183,-0.624836668090566,5.3462551199531845,True,1000SHIB/USDT,-0.11866667407367015,
1717517700000,SHORT,-5.857183874370068,0.3119949263631343,5.507183874370068,False,CKB/USDT,0.15255326256490195,12.8
1717552800000,SHORT,-0.2254948282467042,0.4529755190894728,5.215097050185139,True,CAKE/USDT,-0.08041633905086282,90.60000000000001
1717763400000,SHORT,4.615715754304794,0.3508523747067406,4.965715754304794,False,CKB/USDT,0.08706564753291067,12.8
1717765200000,LONG,-4.3851585014409205,-0.1544726780412692,4.035158501440921,False,BIGTIME/USDT,-0.1580825938200936,71.0
1717771500000,SHORT,3.983693815478197,0.0437004281172497,4.333693815478197,False,COTI/USDT,-0.17343993495098398,76.4
1717785000000,LONG,-0.6346975088968037,1.2030464362637896,9.986156583629894,False,DASH/USDT,-0.3183121086479711,6.4
1717785000000,LONG,0.3449270326615681,0.280578970944371,8.54482279360668,False,BSV/USDT,-0.2604785976782135,79.4
1717785000000,LONG,0.6342199446884682,0.1386861920017285,11.223694485114688,True,CHZ/USDT,-0.29272338901373457,71.39999999999999
1717785000000,LONG,0.9262983669265836,0.5014716065642446,8.580219214359278,True,CAKE/USDT,-0.10059823757910401,8.0
1717785000000,LONG,0.9544669772540444,-0.258031077735864,11.376563442038917,True,FET/USDT,-0.24342225530551884,65.4
1717785000000,LONG,0.9779970893214552,0.103044596947902,8.733782062943417,False,COMP/USDT,-0.28785086128330356,21.8
1717785000000,LONG,2.017175170962647,0.253734415830541,8.638926880589162,True,DYDX/USDT,-0.29287452320867646,72.2
1717785000000,LONG,2.78502838805234,-0.7269998363795238,8.938533695383844,False,AUCTION/USDT,-0.2782097839248349,91.0
1717785000000,LONG,3.6729635106336658,-0.3160865296132496,7.836145783499328,True,1000SHIB/USDT,-0.25259332332141443,
1717785000000,LONG,3.8942936458975863,0.2769536312075413,8.738519432449113,False,CYBER/USDT,-0.31749790459039384,49.6
1717785000000,LONG,5.6638199093068415,-0.6698143611130425,11.699514143813436,True,1000BONK/USDT,-0.24120821033129555,92.0
1717785900000,LONG,-1.4721406991799704,0.116282743326304,9.078075097108329,False,BAT/USDT,-0.22170452927693718,7.000000000000001
1717785900000,LONG,-1.4565006915629284,-0.4013495924749842,8.43596127247579,False,EGLD/USDT,-0.18693231372044494,67.0
1717785900000,LONG,0.017528828042458,-0.5547058349535795,9.63012817567878,True,ENS/USDT,-0.19775258913394508,67.60000000000001
1717785900000,LONG,0.0498196302420041,-0.5645704653324719,7.987674733203065,True,AVAX/USDT,-0.17530467455135873,75.4
1717785900000,LONG,0.282308947511568,-0.2508896196352174,7.620913788414449,True,DOGE/USDT,-0.11723318799597929,15.4
1717785900000,LONG,0.28255152807392,0.2381551604334714,9.327562189054722,False,ACH/USDT,-0.19914601230635087,75.0
1717785900000,LONG,0.550450225112546,0.1056932123456008,7.12039769884943,True,ATOM/USDT,-0.1985502698349896,66.60000000000001
1717785900000,LONG,0.5645992911855438,0.3551797582782526,7.99378072481995,False,ASTR/USDT,-0.16163200535913816,64.0
1717785900000,LONG,0.9168045501551172,0.0784729124501874,7.1176447776628695,True,AXS/USDT,-0.09079053103577132,38.2
1717785900000,LONG,0.9183412086545548,-0.3342565922132161,10.019572245710014,False,ANKR/USDT,-0.12761760015341966,10.2
1717785900000,LONG,0.9246016869728204,0.0630999260110399,8.317113402061851,True,ETC/USDT,-0.1306927679141506,66.4
1717785900000,LONG,0.9502364066193866,0.0207885361669591,9.492198581560276,False,FLOW/USDT,-0.20529738475336623,76.8
1717785900000,LONG,1.1365067092332932,0.2545648885591084,6.1287225021200165,True,CFX/USDT,-0.09466757975361734,67.0
1717785900000,LONG,1.317686658506732,0.8282986379542385,8.842227662178704,True,DOT/USDT,-0.24193509885521172,79.2
1717785900000,LONG,1.614285714285714,0.002183296321529,8.362474489795913,True,GALA/USDT,-0.22631853735779459,90.8
1717785900000,LONG,1.7616138763197564,-0.6814171438738293,7.427873303167422,False,ARPA/USDT,-0.04940940973657707,11.4
1717785900000,LONG,1.8987069934787415,0.3190192557056505,10.433663143692378,False,GAS/USDT,-0.22777080962171567,9.4
1717785900000,LONG,1.97609658839166,-0.0342860946965266,8.22917589720869,False,1INCH/USDT,-0.1514892462433844,8.200000000000001
1717785900000,LONG,2.2740730176839725,0.3649559812142548,9.115459212778084,False,ALICE/USDT,-0.02625081665199417,4.8
1717785900000,LONG,2.274309392265196,-0.1765095687839254,10.352624309392256,False,CELO/USDT,-0.20718243315941057,8.799999999999999
1717785900000,LONG,2.3437046004842674,0.2222097107154602,8.869854721549633,False,CKB/USDT,-0.07630555993554378,70.19999999999999
1717785900000,LONG,2.476756227260005,0.4398906317424464,7.638678981248254,False,BLUR/USDT,-0.15244521326998944,40.400000000000006
1717785900000,LONG,3.5315857571680045,-0.0833365943194652,8.235959010454401,True,ARB/USDT,-0.23569961871323067,73.0
1717785900000,LONG,4.177712724434037,0.4088208530101929,11.15725995316158,False,ENJ/USDT,-0.09531533706061232,72.2
1717785900000,LONG,6.129124236252554,-0.2099672755998643,8.1277698574338,False,DUSK/USDT,-0.019086399731094727,7.3999999999999995
1717786800000,LONG,-1.0583603234636492,0.4429797964262285,4.585327120379468,True,BCH/USDT,-0.07151354150698945,51.0
1717786800000,LONG,0.2281028787163695,0.2485713905476702,9.439558754129315,True,APT/USDT,-0.2485302420411706,67.0
1717786800000,LONG,0.3624681933842207,0.4974350704178241,7.386395250212062,True,APE/USDT,-0.18218450852343815,76.8
1717786800000,LONG,1.2404447587615826,-0.4160631628404425,7.426129184347017,False,API3/USDT,-0.1390745049288159,86.6
1717786800000,LONG,1.3988742276678208,0.6178485347040625,8.161985548224946,True,AAVE/USDT,-0.1777770508840372,21.6
1717786800000,LONG,1.638636363636366,-0.1684403278839784,9.986761363636347,False,BIGTIME/USDT,-0.17143276982814507,77.8
1717786800000,LONG,2.821641791044776,-0.1985116332450718,9.181856343283584,False,CTSI/USDT,-0.058910030077993565,
1717787700000,LONG,-0.652485284499676,-0.661679245094124,4.432431327665142,True,ARKM/USDT,-0.13859544033146956,9.0
1717787700000,LONG,0.7527043805532857,0.667048422801807,5.04496643774493,True,1000PEPE/USDT,-0.1989603128910251,60.199999999999996
1717788600000,LONG,0.7250492034609543,0.1949742043430117,4.070821419287757,False,ACE/USDT,-0.07931324876316964,92.0
1717896600000,SHORT,3.9314753556070063,-0.0342560404584268,4.281475355607006,False,BICO/USDT,-0.18209899507197355,
1717942500000,SHORT,0.0391050583657667,0.4217384663468342,5.281712062256792,False,ARK/USDT,-0.08868625548026271,9.0
1718121600000,LONG,0.1890835579514792,-0.4889881378855401,4.11601078167116,False,ANKR/USDT,-0.11679356395791855,10.4
1718121600000,LONG,0.9139766650461956,-0.2340350231208388,4.113876397666504,True,AR/USDT,-0.2008272561708107,6.0
1718158500000,LONG,0.1777044854881234,-0.0470315415349213,4.443205804749333,False,BIGTIME/USDT,-0.13748034035267792,1.2
1718176500000,SHORT,-1.7848493672896648,0.8525042870329934,4.012061206120597,True,CFX/USDT,-0.07666074662145295,6.6000000000000005
1718198100000,SHORT,0.98085820362702,-0.0785973624065903,4.135547622447502,True,AR/USDT,-0.15451442780846172,6.2
1718198100000,SHORT,3.685715813794267,0.112964148217417,4.035715813794267,False,DUSK/USDT,0.0015608509839286982,7.6
1718252100000,LONG,-6.148161764705894,1.0178451808369655,5.798161764705895,True,CRV/USDT,0.29085994967008055,4.3999999999999995
1718382600000,LONG,3.7380133043367,-0.0139375262570794,4.0880133043367,False,ARK/USDT,-0.02366889509991168,9.0
1718586900000,SHORT,4.1312406947890725,-0.0211558789490703,4.481240694789072,False,API3/USDT,0.0306591376533834,12.0
1718621100000,LONG,4.075517241379311,-0.1617796847287805,4.425517241379311,True,FET/USDT,0.030153276940232416,12.8
1718641800000,LONG,-2.7221787194841034,-0.0850362428261004,4.846430216490093,False,BICO/USDT,-0.008322727880261206,
1718641800000,LONG,-1.6907652907502122,0.5598383519182469,6.05250075323892,False,EDU/USDT,0.022342903135979763,3.0
1718641800000,LONG,-1.2446322067594413,1.1600727968806144,4.957952286282304,False,BAT/USDT,-0.1051422491668381,7.3999999999999995
1718641800000,LONG,-1.1871119637251466,0.087281339332384,5.52784559934892,True,ARKM/USDT,-0.05012456834218318,9.6
1718641800000,LONG,-1.142358623683934,0.4381588367014321,5.526864213611198,True,CHZ/USDT,-0.03177692327475422,11.0
1718641800000,LONG,-1.0380733944954166,-0.361677667281467,5.445068807339455,False,CTSI/USDT,-0.047419423168505906,
1718641800000,LONG,-1.019957686882938,0.9524650222958816,5.081100141043716,False,BLUR/USDT,-0.024630513098315966,33.6
1718641800000,LONG,-0.8963414634146364,0.492174326204114,4.074009756097561,False,COMP/USDT,-0.11530129322531311,23.599999999999998
1718641800000,LONG,-0.745256916996039,0.2232887060847716,5.4229249011857705,False,ALICE/USDT,-0.08237852930201336,4.8
1718641800000,LONG,-0.35,0.1545180642975626,4.926796407185631,False,FLOW/USDT,-0.13324011195129384,2.1999999999999997
1718641800000,LONG,-0.0765892002734219,0.3123753537862195,4.865892002734113,True,ALGO/USDT,-0.10255368997588725,9.8
1718641800000,LONG,0.0707573632538574,-0.2152180291664968,5.05427769985973,True,DYDX/USDT,-0.159681744749522,8.4
1718641800000,LONG,0.1620000000000004,0.5431475596284973,4.287999999999997,True,AXS/USDT,-0.1287831255790053,30.8
1718641800000,LONG,0.2937331208217134,1.0071571729766315,5.936733519281005,True,1000PEPE/USDT,-0.0009150072149717887,9.8
1718641800000,LONG,0.4062785388127845,0.4754898689582241,4.3688070776255605,True,ATOM/USDT,-0.0930560269023812,3.5999999999999996
1718641800000,LONG,0.4797915401740614,1.221598068940147,5.20327868852458,True,FIL/USDT,-0.0703396960061785,10.8
1718641800000,LONG,0.6410762018340991,-0.1685320202132628,4.879713780482798,False,API3/USDT,0.06544973980059521,12.2
1718641800000,LONG,0.6438917072160741,-0.0230718206886337,4.191386271870781,True,1000SHIB/USDT,-0.028391241411064718,
1718641800000,LONG,0.8076971214017375,0.115491562575601,5.915143929912401,False,ANKR/USDT,-0.05591710115771305,10.6
1718641800000,LONG,1.1756637168141624,0.0312309294176251,4.263295575221244,True,AVAX/USDT,-0.06231881077959837,17.8
1718641800000,LONG,2.0983133841131627,0.1039411615253911,4.747986942328625,False,GAS/USDT,-0.02113199801755126,3.8
1718641800000,LONG,3.941070053887612,-0.554385083275486,4.291070053887612,False,1INCH/USDT,-0.1215597227709506,8.0
1718641800000,LONG,4.869149680692857,-0.0548574877698424,5.219149680692857,True,1000BONK/USDT,-0.005975543134313347,3.8
1718676000000,LONG,-2.2913465510119666,-0.1323356280275238,7.144337050805458,True,FET/USDT,-0.08198349356582699,8.799999999999999
1718676000000,LONG,-0.0890169638973367,1.2811411934686372,8.84323618964767,False,DASH/USDT,-0.2076991156402345,6.4
1718676000000,LONG,-0.0782017829963033,0.0946166080157321,5.372798434442268,False,COTI/USDT,-0.12791536618121263,13.200000000000001
1718676000000,LONG,0.204603661285968,-0.1534977775418532,6.184538732076829,False,API3/USDT,0.03487857687074076,12.2
1718676000000,LONG,0.6550251256281415,0.3707212295432245,6.813065326633145,False,FLOW/USDT,-0.16504681587953562,2.0
1718676000000,LONG,0.6597836818956989,0.4440003036959127,6.37632169464142,True,CAKE/USDT,-0.15167122746541375,3.4000000000000004
1718676000000,LONG,0.7056875164951183,-0.0123976208961688,7.194008973343892,False,BICO/USDT,-0.10612880137664145,
1718676000000,LONG,0.913736263736262,1.2655735525510765,5.88758241758241,False,BAT/USDT,-0.13799085932003968,7.3999999999999995
1718676000000,LONG,1.253849238171613,0.8916921497123813,6.616198877305537,False,BLUR/USDT,-0.1107670017314562,24.2
1718676000000,LONG,1.332710820177132,0.1174268049793836,5.943396226415088,True,AVAX/USDT,-0.08716467461616387,17.8
1718676000000,LONG,1.5268768768768577,-0.0734876269130243,6.512537537537553,True,ALGO/USDT,-0.14092809526003477,9.8
1718676000000,LONG,1.5381118881118936,0.1990780071021566,6.342424242424244,False,BSV/USDT,-0.20178905030791403,9.2
1718676000000,LONG,1.5681910569105757,0.5495250242093207,7.544461382113813,True,AAVE/USDT,-0.12208921054379702,21.6
1718676000000,LONG,1.971428571428553,0.0457563625461051,6.353214285714285,False,CELO/USDT,-0.14206428214934985,8.799999999999999
1718676000000,LONG,2.101154529307287,0.209808715862245,7.38348134991119,False,EGLD/USDT,-0.034098296981119894,7.3999999999999995
1718676000000,LONG,2.214501087970159,0.4961070685228314,4.344404724898983,True,ATOM/USDT,-0.10095128155952221,7.8
1718676000000,LONG,2.3469124133585417,0.4027817461469579,10.414492753623191,True,CHZ/USDT,-0.20612111806796232,11.0
1718676000000,LONG,2.439859997281499,-0.2204948434961076,6.493135789044434,False,DUSK/USDT,-0.024739741780030848,8.6
1718676000000,LONG,2.8390660592255177,0.5431254374132329,4.875786720661439,True,DOGE/USDT,-0.11625836866636777,4.8
1718676000000,LONG,2.926173285198556,-0.0193713074672,9.001254512635372,False,AGLD/USDT,-0.028492124221142882,15.8
1718676000000,LONG,3.5234142928084538,0.3880242337528707,5.030472664890976,True,ETC/USDT,-0.13073112141292587,0.6
1718676000000,LONG,3.5783047050037324,0.1509118430774519,6.733218820014941,True,APT/USDT,-0.0920805486222446,0.2
1718676000000,LONG,3.797465437788022,0.3565894631958258,7.467373271889402,False,BIGTIME/USDT,-0.02278805108849231,1.2
1718676000000,LONG,4.081263084438231,0.0519429038055491,9.553384508025136,False,ANKR/USDT,-0.1252843346787299,10.6
1718676000000,LONG,5.753986069932696,-0.5554852886691546,6.103986069932696,True,ENS/USDT,-0.1295731616019509,8.4
1718676900000,LONG,-1.9509852216748824,-0.2259613417486133,5.825246305418726,False,CHR/USDT,-0.10168368526405522,7.199999999999999
1718676900000,LONG,-1.279106368601831,-0.4982626603325601,8.990556900726396,False,AUCTION/USDT,-0.0903610832293162,5.800000000000001
1718676900000,LONG,0.113932954205314,0.7651748943365067,8.894313079916191,False,ASTR/USDT,-0.027424930370081358,6.2
1718676900000,LONG,0.526095118898631,-0.3473642348964421,7.100563204004999,False,CTSI/USDT,-0.0734729606743684,
1718676900000,LONG,0.6806340536689547,-0.0998254983972834,7.559088102588454,True,1000BONK/USDT,-0.07087318316860844,13.4
1718676900000,LONG,0.6891686650679346,1.4303498699228827,6.33034905409006,True,ADA/USDT,-0.11490655298456295,13.600000000000001
1718676900000,LONG,0.7935398532172794,0.4369879891459831,9.948387096774193,False,EDU/USDT,-0.07427345634275911,3.5999999999999996
1718676900000,LONG,0.8912304371289782,-0.8309358586305926,7.348407987048033,False,ENJ/USDT,-0.13008961711134934,21.4
1718676900000,LONG,1.201533062430736,0.172617382673956,8.844661987439972,True,GALA/USDT,-0.04050114342294095,0.2
1718676900000,LONG,1.4698107396830666,0.6083450696740536,5.910532504619517,True,1000SHIB/USDT,-0.07358347521182118,
1718676900000,LONG,1.4702794513523894,-0.0584305018027567,7.597615690296118,True,ARB/USDT,-0.052424723164239996,9.8
1718676900000,LONG,2.6263941156346142,0.3797138443806205,7.750334783246178,False,ACH/USDT,-0.0995224879550282,15.6
1718676900000,LONG,3.097669305189105,1.0697444044218207,5.298153034300786,True,DOT/USDT,-0.12312754821486195,20.200000000000003
1718676900000,LONG,3.22931649101054,1.063894347086267,8.197230509919407,True,1000PEPE/USDT,-0.059769889655818746,9.4
1718676900000,LONG,4.428156996587036,0.9755679106232614,10.167918088737196,True,CRV/USDT,0.07087978524176496,4.6
1718677800000,LONG,2.792857142857146,0.5229180319866704,7.278999999999988,False,CYBER/USDT,-0.14020358372841152,58.599999999999994
1718678700000,LONG,0.6379430622202548,0.3507927342596726,4.911310939957246,True,AR/USDT,0.006926624938366037,6.800000000000001
1718711100000,LONG,0.989130434782616,-0.199320499990519,4.097269565217383,True,FET/USDT,-0.061753962880394433,13.200000000000001
1718847900000,SHORT,-1.1032956685499098,0.5352350263714467,5.66759259259258,False,EDU/USDT,-0.061062409292418185,1.4000000000000001
1718865000000,SHORT,-0.2402639761019311,0.5573925479484079,5.136755471560071,True,FET/USDT,-0.016244513106958094,0.0
1718982900000,SHORT,3.9953434368125023,0.9864639188002684,4.345343436812502,False,GAS/USDT,-0.08465438585347665,2.0
1719222300000,LONG,-2.834763244256915,-0.5165750604287713,6.049226441631491,False,CHR/USDT,-0.05620427472593903,7.3999999999999995
1719222300000,LONG,-1.9179598602275685,0.2203728517193353,5.900922856374862,True,ENS/USDT,-0.06039997049606439,10.6
1719223200000,LONG,-1.9757660128158496,0.1906100968799369,4.308979489044967,True,BCH/USDT,0.04162175729048317,44.0
1719269100000,SHORT,-4.965168229453939,0.3779956953460263,4.615168229453939,True,FET/USDT,-0.007441025913935377,4.3999999999999995
1719329400000,SHORT,-1.3850776308223094,0.7917320466876131,4.813211615871183,False,ASTR/USDT,0.006366731673179095,16.6
1719499500000,SHORT,-1.05781546239731,-0.0153006634396582,6.292222456288164,True,1000BONK/USDT,-0.06212372816245047,16.0
1719582300000,SHORT,2.999403704643483,0.0277899282313174,4.804719614311083,False,GAS/USDT,-0.1306836777280349,12.8
1719822600000,SHORT,3.0012282414185885,-0.5960365388069,6.59832438587927,False,EDU/USDT,-0.08655012276205733,5.0
1719930600000,SHORT,5.031971720345643,-0.5820523036415651,5.381971720345643,False,CHR/USDT,0.19559328444372093,8.6
1719933300000,SHORT,0.261870283499885,-0.4943147533001213,5.148276565368139,False,CYBER/USDT,0.057195793470192435,69.39999999999999
1720140300000,LONG,-5.8058840852868405,0.0144313240575424,5.455884085286841,False,API3/USDT,0.05424907286978586,1.0
1720140300000,LONG,-5.216109119872566,0.2351514499385381,4.866109119872567,False,ANKR/USDT,0.02843267448110886,1.6
1720140300000,LONG,-4.991340524896399,-0.022461206353011,4.6413405248964,False,ENJ/USDT,0.05319586769779894,3.0
1720140300000,LONG,-4.888239566185731,0.3617853738603928,4.538239566185731,True,ETC/USDT,0.03081553011193685,1.6
1720140300000,LONG,-4.680425531914883,0.2653806610603541,4.330425531914884,False,CELO/USDT,0.026649718639396684,8.799999999999999
1720140300000,LONG,-4.6609195402298855,-0.3115109376433299,4.310919540229886,False,BICO/USDT,-0.017529826061025877,
1720141200000,LONG,-4.675155279503105,0.6872144127353054,4.325155279503106,False,CTSI/USDT,-0.041915320570978104,
1720141200000,LONG,-4.658323895809747,0.0332652095344494,4.308323895809747,False,BSV/USDT,-0.0882015689767615,4.2
1720141200000,LONG,-4.510761610703721,0.9154002207622792,4.160761610703721,True,AAVE/USDT,-0.023349553047018624,23.200000000000003
1720141200000,LONG,-4.3807096774193495,0.1461767878502558,4.03070967741935,False,BLUR/USDT,-0.03097997919225821,50.4
1720143900000,LONG,-5.398006197504689,0.4270913826700949,5.048006197504689,True,CFX/USDT,0.011537985524295235,0.8
1720143900000,LONG,-5.0245964625107975,0.7029427051475959,4.674596462510798,True,ENS/USDT,-0.03841171109965882,6.4
1720143900000,LONG,-4.776926229508192,0.929297126810488,4.426926229508192,True,APE/USDT,-0.11955257360790776,0.4
1720143900000,LONG,-4.692946610302171,0.9212841010162122,4.342946610302171,False,AUCTION/USDT,0.040448467103205106,6.800000000000001
1720143900000,LONG,-4.573492752608349,0.4857675777665046,4.223492752608349,True,1000PEPE/USDT,-0.08717438900865576,5.4
1720143900000,LONG,-4.5578722002635015,0.6389145125402091,4.207872200263502,False,ASTR/USDT,-0.05122854902510729,24.2
1720143900000,LONG,-4.554302966350101,0.9790105835731514,4.2043029663501015,True,CAKE/USDT,0.02354264746768708,0.6
1720143900000,LONG,-4.412516787536931,-0.1417170226119115,4.062516787536931,False,COTI/USDT,-0.08559676139995985,13.8
1720143900000,LONG,-4.387711746737018,0.4988649484636554,4.037711746737019,False,ARPA/USDT,-0.0888428284389629,15.6
1720143900000,LONG,-4.380476765238379,-0.8106362582159093,4.03047676523838,False,EDU/USDT,-0.025061531652210294,0.6
1720143900000,LONG,-4.37741108354011,0.4362635167789729,4.027411083540111,True,CHZ/USDT,-0.08985171930695189,2.0
1720143900000,LONG,-4.362255599365892,0.0645967480991794,4.012255599365893,False,ACE/USDT,-0.02245574011064714,7.000000000000001
1720149300000,LONG,0.2905901193826938,0.1931758244245062,5.651266621372416,True,AR/USDT,-0.02466258893558008,9.4
1720149300000,LONG,0.8983130904183471,0.5274247551568603,5.648279352226709,True,ARB/USDT,-0.11385122634471948,9.2
1720149300000,LONG,1.32457437901199,-0.8370426569080419,5.503432877476978,False,CYBER/USDT,0.010922854691995311,69.39999999999999
1720150200000,LONG,-0.35,0.012642093371477,6.2714177407126535,True,ARKM/USDT,-0.017745286899296747,12.4
1720150200000,LONG,0.2829113924050639,-0.8601742643721623,6.483924050632907,False,BIGTIME/USDT,-0.06280844590697936,1.2
1720150200000,LONG,0.8815270935960465,0.3685113706782436,5.702463054187193,False,ALICE/USDT,-0.09784892771204354,3.2
1720152900000,LONG,-5.19998060762766,-0.1706414347286771,4.849980607627661,False,AGLD/USDT,-0.045173175145147425,1.6
1720152900000,LONG,0.2660164271047234,0.0238301211300037,4.18973305954825,False,FLOW/USDT,-0.026248349327740533,3.8
1720152900000,LONG,0.5535589157293082,-0.0073741612280951,4.363009404388716,True,APT/USDT,-0.08731013116448094,1.2
1720152900000,LONG,0.7057184750733146,0.545667988795015,4.861055718475072,True,FIL/USDT,-0.09480730892528683,0.8
1720152900000,LONG,1.1598314606741624,-0.9001054932911761,5.270997191011236,False,GAS/USDT,-0.11041265678196155,13.8
1720152900000,LONG,1.4792682926829346,0.1212599589301368,5.095867208672088,False,CKB/USDT,-0.062046331411705895,15.8
1720152900000,LONG,1.5829896907216514,0.9308824818226756,4.090141752577331,False,BAT/USDT,-0.08470630978541617,8.4
1720152900000,LONG,1.6664020765931764,0.1065059836845691,4.740779474832603,True,1000SHIB/USDT,-0.09099186465311349,
1720152900000,LONG,1.817287504232989,-1.4103005286451955,5.5331527260413145,False,ARK/USDT,-0.10760530394552976,10.0
1720152900000,LONG,1.9240112994350285,-0.1100474374976596,4.900094161958566,False,DUSK/USDT,-0.10913425018550824,3.5999999999999996
1720152900000,LONG,2.111074836765449,-0.0914966397387122,5.007081868407836,True,GALA/USDT,-0.015851412148634947,17.599999999999998
1720152900000,LONG,2.233602458589432,0.0950416389509257,4.381893947286179,True,DOGE/USDT,-0.05693875588683615,0.8
1720152900000,LONG,3.0919738044471616,0.1179332612207293,4.096070667072782,True,ADA/USDT,0.02893522719594863,5.4
1720152900000,LONG,4.085508586525766,0.2218169972493089,4.435508586525765,True,AVAX/USDT,-0.04650282238691661,15.0
1720152900000,LONG,4.742365692742698,-0.4633771339621587,5.092365692742698,True,DYDX/USDT,-0.11937473853692983,2.6
1720153800000,LONG,-6.0394725771677775,-0.0197144457623915,5.689472577167778,False,ACH/USDT,-0.0663924036481068,7.6
1720153800000,LONG,-5.312834640565253,-0.3438335845836048,4.962834640565253,True,BCH/USDT,-0.12320528475364735,12.2
1720153800000,LONG,0.422233357949156,0.1255876911058323,4.784869711994935,True,BNB/USDT,0.1277759432712406,32.4
1720153800000,LONG,0.7140608034744732,0.0028012730838857,5.128034744842576,True,AXS/USDT,-0.022998554556309888,0.6
1720153800000,LONG,1.9035211267605647,0.8412425593640117,5.504995305164325,True,ATOM/USDT,-0.045365525196000775,18.2
1720153800000,LONG,2.006902356902354,-0.4550104410667675,4.160437710437715,True,ALGO/USDT,-0.023317641417155772,11.0
1720153800000,LONG,4.091664060056301,-0.6224360927676986,4.634782608695646,False,1INCH/USDT,-0.017929601949995568,7.3999999999999995
1720153800000,LONG,4.188973384030428,0.7395411935942146,5.062286121672999,False,COMP/USDT,-0.10983195618281684,8.4
1720153800000,LONG,5.274535603715161,0.3718738959918388,5.62453560371516,True,DOT/USDT,-0.10445660331410767,28.000000000000004
1720170900000,LONG,4.3618244468625385,-0.2803776243154974,4.711824446862538,True,FET/USDT,-0.014719509948299368,5.800000000000001
1720193400000,SHORT,-1.2292302587922976,-0.4734141499518267,10.649469143994692,False,EDU/USDT,0.2224708168565445,0.0
1720201500000,SHORT,6.21875,-0.116506253151737,6.56875,False,ACH/USDT,0.024929960884212825,2.0
1720229400000,SHORT,-4.591391818365011,0.7424941617243335,4.2413918183650114,True,1000SHIB/USDT,-0.09212461365036298,
1720403100000,LONG,3.8180282300989767,0.0832707077042294,4.168028230098977,False,ACE/USDT,-0.069734748400952,11.0
1720404900000,LONG,3.819922368658594,0.0075767338864155,4.169922368658594,True,APT/USDT,-0.09369088445469144,1.0
1720404900000,LONG,3.895223945499344,0.2853529667890986,4.245223945499344,True,APE/USDT,-0.10200019524415317,7.000000000000001
1720404900000,LONG,3.930901524991583,0.4103823334854145,4.280901524991583,True,1000BONK/USDT,-0.04917056192847438,21.6
1720404900000,LONG,3.9647651006711455,-0.3225704550012774,4.3147651006711465,True,GALA/USDT,-0.05146336861931526,17.0
1720404900000,LONG,4.767571819010027,0.1375231609939776,5.117571819010027,True,1000PEPE/USDT,-0.08683176581316095,7.3999999999999995
1720431000000,SHORT,4.075578684429629,0.2008784645041233,4.425578684429628,True,FET/USDT,0.015522628800627993,5.800000000000001
1720435500000,SHORT,-4.387575331458403,0.1222378292642031,4.037575331458403,False,ACE/USDT,-0.003007756651042631,11.0
1720448100000,SHORT,0.7125492881749856,0.6253874196893443,5.4080438301581175,True,1000BONK/USDT,-0.03575982079314129,22.0
1720488600000,SHORT,-0.2038439052908505,0.0877323732757437,4.382658579362733,False,ACE/USDT,0.02339638313517717,11.200000000000001
1720495800000,SHORT,-4.718932038834968,0.4777377705846621,5.99290515309932,False,CHR/USDT,0.005517699822405262,10.0
1720703700000,SHORT,5.193672880519374,0.6374300748162418,5.543672880519374,True,1000BONK/USDT,-0.021230663160587065,21.2
1720815300000,SHORT,-4.788182053829868,0.2179047101481397,4.438182053829868,True,AR/USDT,-0.06791565470106486,4.0
1720931400000,SHORT,-0.5394451962110992,-0.092458014964861,4.1002706359945815,False,GAS/USDT,-0.05956541378604719,9.2
1720981800000,SHORT,-1.973886851754841,0.0465044708036617,4.949842849659489,False,GAS/USDT,-0.008842532154085096,0.2
1720994400000,SHORT,-2.0791066282420765,-0.3340827786878961,4.635734870317016,False,ALICE/USDT,0.04345260431615768,9.8
1721017800000,SHORT,-1.61050420168067,-0.3465879257281646,4.888888888888856,False,BSV/USDT,-0.04823968891339261,9.2
1721089800000,SHORT,2.3451672862453528,-0.83702212032381,4.215055762081767,False,BIGTIME/USDT,-0.110232359300554,1.2
1721104200000,SHORT,4.026367574711792,0.3047243646218135,4.376367574711791,True,1000BONK/USDT,0.010447001427049156,23.200000000000003
1721149200000,SHORT,1.2855327507415968,0.2914922355866073,5.599262406798674,False,CKB/USDT,-0.034294727957031694,20.0
1721196900000,SHORT,1.9347100175746967,-0.5800131158170049,4.3543057996485,False,BIGTIME/USDT,-0.11302700660661205,1.2
1721214000000,SHORT,3.661597967902081,0.3085307113475483,4.011597967902081,True,ARKM/USDT,0.05827233141015786,14.6
1721232000000,SHORT,-0.8968215994531789,-0.2152187723222426,5.578947368421039,False,EDU/USDT,-0.15620639339567288,26.0
1721254500000,SHORT,-7.30570987654318,-0.0448168350047611,6.95570987654318,False,ALICE/USDT,0.050288725621316095,10.0
1721280600000,SHORT,5.141373589913731,-0.0435237618186955,5.491373589913731,False,ALICE/USDT,0.12350853570921284,0.8
1721316600000,SHORT,1.5219806763284978,0.3927944992139144,4.358031400966183,False,CTSI/USDT,-0.09276570324461345,
1721360700000,SHORT,3.874454477050398,-1.1302742377787351,4.224454477050398,False,ARK/USDT,-0.07695760975736378,9.2
1721522700000,SHORT,1.973634079966501,-0.528892378989017,4.268327402135225,False,CYBER/USDT,-0.16146648879900416,58.8
1721655000000,SHORT,4.290827269245485,0.6247746923038553,4.640827269245484,False,CKB/USDT,0.031385294137105266,20.0
1721781000000,SHORT,-5.430461414647222,0.5905411563332357,5.080461414647222,False,COTI/USDT,-0.05537100187384768,6.6000000000000005
1721825100000,SHORT,1.5614688128772625,0.684029212881144,4.840744466800793,False,BAT/USDT,-0.08568856668495277,11.600000000000001
1721835900000,SHORT,1.1249262536873168,0.4566530928453065,4.590117994100272,False,FLOW/USDT,0.051193779954413904,22.8
1721845800000,SHORT,-1.3789990645463086,-0.4904058835734612,5.085126286248828,False,BIGTIME/USDT,0.15672913223909338,1.2
1721871900000,LONG,-2.326444608023553,0.4893129429285257,4.061225616488773,True,1000BONK/USDT,0.008259713970849937,20.4
1721940300000,LONG,4.034530602119298,0.6406393290219777,4.384530602119297,True,1000PEPE/USDT,0.07570787883865393,11.600000000000001
1722041100000,SHORT,-1.406869652742838,-0.911874522323826,5.625440362355303,False,ARK/USDT,0.08045973425114475,11.799999999999999
1722049200000,SHORT,-2.6248815165876773,-0.4437762592818808,5.243696682464454,False,BIGTIME/USDT,0.12391563622441915,1.2
1722091500000,SHORT,8.062173383525229,0.1016073184468659,8.412173383525229,False,ACE/USDT,0.021887718307821376,8.4
1722241800000,SHORT,1.2613744075829365,-0.0202128675070429,4.071153238546598,False,BICO/USDT,0.055743972983670106,
1722261600000,SHORT,0.6430264993026544,0.0557029681297478,4.882744769874459,False,AUCTION/USDT,0.03475747148674324,10.8
1722262500000,SHORT,-5.470374548736453,-0.0545246227299202,5.120374548736454,False,ARPA/USDT,0.13670936443348647,18.0
1722399300000,SHORT,-4.419398135066379,0.0552043524701741,4.069398135066379,False,AUCTION/USDT,-0.047765791859519256,10.8
1722609000000,SHORT,2.4324620573355875,-0.2763065239614091,5.3741989881956025,False,ARK/USDT,-0.09424987175607571,1.0
1722795300000,LONG,3.844824770757437,0.2935910947172427,4.194824770757437,False,CKB/USDT,-0.03956866605760663,19.8
1722821400000,LONG,-10.158174386920985,0.2833550551604593,9.808174386920983,False,CHR/USDT,-0.025045994074198767,2.6
1722821400000,LONG,-5.945625858999044,0.2778549102672408,5.595625858999044,True,BTC/USDT,0.040187317717931055,35.6
1722822300000,LONG,-8.861885019347703,0.0871100023396229,8.511885019347703,False,BSV/USDT,-0.09687823194671252,1.4000000000000001
1722822300000,LONG,-8.739315038893691,0.6716326948886102,8.389315038893692,True,1000BONK/USDT,-0.044064129448930296,21.4
1722825900000,LONG,-6.14983196663338,0.1178852576040672,5.799831966633381,True,ETH/USDT,0.14070513646978655,0.2
1722825900000,LONG,-5.620661553211899,0.3172641492431571,5.270661553211899,False,BICO/USDT,-0.025105298819374695,
1722825900000,LONG,-5.0991925681542005,-0.233002206295127,4.749192568154201,True,CFX/USDT,-0.08232214317963404,3.8
1722825900000,LONG,-4.726951672862452,0.1629845305251099,4.376951672862452,False,ASTR/USDT,-0.030544707872741668,4.3999999999999995
1722825900000,LONG,-4.684104046242784,0.361304459388874,4.334104046242785,True,ALGO/USDT,-0.06416586663915082,3.5999999999999996
1722825900000,LONG,-4.557073611567537,0.5956676688830462,4.207073611567537,True,1000SHIB/USDT,-0.06348446870061629,
1722825900000,LONG,-4.420361260568784,0.2907875662362418,4.070361260568784,False,AGLD/USDT,-0.0032507437715632343,2.1999999999999997
1722840300000,LONG,-10.904865838395557,0.6581332365562751,10.554865838395555,True,1000PEPE/USDT,-0.05426657571182547,15.2
1722840300000,LONG,-4.587080578006368,0.3659493233437261,6.966201322556942,True,AXS/USDT,-0.07112206127515983,28.199999999999996
1722840300000,LONG,-3.796698185145653,0.2645262884138997,7.370382797010833,False,CKB/USDT,-0.04166364938174535,9.8
1722840300000,LONG,-3.009574468085109,0.0237838105709579,5.603191489361711,False,CELO/USDT,-0.0839319787580827,7.6
1722840300000,LONG,-2.849999999999995,0.7972946475053864,6.256652542372879,False,1INCH/USDT,-0.05402974939009653,16.2
1722840300000,LONG,-2.7814580363880386,-0.3879677462052057,6.126351974511616,False,API3/USDT,-0.09928573806577695,14.399999999999999
1722840300000,LONG,-2.7042494794624243,-0.2090501647279858,6.280018455423046,True,BNB/USDT,-0.0361868235408184,24.4
1722840300000,LONG,-2.483580705009286,-0.1061950739090452,7.143970315398891,False,CTSI/USDT,-0.14051307475455968,
1722840300000,LONG,-2.426733544526576,-0.4699148448829592,5.704364660330874,False,ARPA/USDT,-0.07634206624543388,8.6
1722840300000,LONG,-2.332946658734871,-0.0721832179811522,6.547313107277403,True,APE/USDT,-0.06656680172507086,13.4
1722840300000,LONG,-1.8942502155679275,0.1178954637990058,7.529168299756993,True,CAKE/USDT,0.03344694209122828,9.8
1722840300000,LONG,-1.5516021361815766,-0.1221769222864308,7.221762349799733,False,ALICE/USDT,-0.09170806024161261,11.799999999999999
1722840300000,LONG,-1.5427480916030545,-0.1292380883224004,6.483683206106866,False,ANKR/USDT,-0.0672929974143064,7.3999999999999995
1722840300000,LONG,-1.3081881533101107,-0.0462480097422725,7.269446864111502,True,CHZ/USDT,-0.07766382978310138,3.0
1722840300000,LONG,-0.5675489485134116,0.2423847273157952,5.939303843364765,False,BAT/USDT,-0.10019384613275174,11.4
1722840300000,LONG,-0.2451507208387941,0.6723425099783394,6.3368807339449535,True,DOT/USDT,-0.010683573041729254,5.800000000000001
1722840300000,LONG,5.802362020579976,-0.3013990770038749,6.152362020579975,True,ATOM/USDT,-0.052312760692447134,2.0
1722840300000,LONG,5.848428315870172,0.1943434942393042,6.198428315870172,True,FET/USDT,-0.03974640358081781,17.8
1722840300000,LONG,7.1110564164027,0.0489428860064329,7.4610564164027,False,EGLD/USDT,-0.10634126779103148,3.5999999999999996
1722840300000,LONG,7.414237099368889,-0.1640289631832531,7.764237099368889,True,ARKM/USDT,-0.1001539608939969,7.8
1722841200000,LONG,-7.089952153110054,-0.4919401226341534,6.739952153110054,True,ARB/USDT,-0.05440005926410832,7.000000000000001
1722841200000,LONG,-5.37597005805072,-0.1669990533599744,6.879651695692038,False,COTI/USDT,-0.08976204573286013,5.6000000000000005
1722841200000,LONG,-4.105351681957178,-0.1075876268000648,7.117406727828756,True,AAVE/USDT,-0.0752485766556503,10.6
1722841200000,LONG,-3.40343511450382,0.3225735604068937,6.692977099236652,False,GAS/USDT,-0.03442655572408026,9.8
1722841200000,LONG,-3.03261150614091,-0.2281587775412316,8.053012281835809,False,ACH/USDT,-0.06976932545164471,0.8
1722841200000,LONG,-2.924441687344922,0.4074916139923932,6.313061759029493,True,BCH/USDT,-0.10935970432530484,14.000000000000002
1722841200000,LONG,-2.871779000458504,-0.7911041002513612,7.51611973537695,True,ENS/USDT,-0.09544459604693369,11.600000000000001
1722841200000,LONG,-2.667219336795856,-0.5447543644483529,7.509628445864972,False,ARK/USDT,-0.05605068439658439,5.0
1722841200000,LONG,-2.6281366882012867,0.1220582818479631,6.774906494389654,True,ADA/USDT,0.004654394494376555,21.2
1722841200000,LONG,-2.0720470531166617,-0.0175954448866384,7.699514916323072,False,EDU/USDT,-0.07864078027777036,8.200000000000001
1722841200000,LONG,-1.976145874850538,0.0676422965416568,7.015544041450779,False,ENJ/USDT,-0.12027047954503502,4.0
1722841200000,LONG,6.68370089593384,-0.4897819741454647,7.03370089593384,True,GALA/USDT,-0.07923037731425461,10.2
1722842100000,LONG,-8.222151898734168,-0.1947068399070229,7.872151898734168,True,DYDX/USDT,-0.0585038289998818,1.4000000000000001
1722842100000,LONG,-7.661780090145234,0.0903270548126115,8.86029714540092,True,AR/USDT,-0.10158609626281766,15.4
1722842100000,LONG,-7.5149603624009025,0.1096868381330678,7.164960362400903,True,DOGE/USDT,-0.04382859279135219,1.2
1722859200000,LONG,4.52552988880015,0.2904741833447838,4.875529888800149,True,1000BONK/USDT,-0.06436588941196326,4.0
1722859200000,LONG,6.213874345549749,0.0301959136063405,6.563874345549749,True,CRV/USDT,-0.02488437665928189,8.6
1722957300000,SHORT,1.4214636499166882,-1.6106049662875903,4.917863720073652,False,ACE/USDT,0.014936165467337567,4.0
1723027500000,SHORT,4.798338368580036,0.0186820985926841,5.148338368580036,False,CHR/USDT,-0.018004102746423216,5.800000000000001
1723118400000,SHORT,-4.986507165411693,0.2659904065625231,4.636507165411693,False,BSV/USDT,-0.06674780355496124,1.7999999999999998
1723145400000,SHORT,-4.640716180371345,0.1846016546718285,4.290716180371345,False,BIGTIME/USDT,-0.023218847155441976,2.1999999999999997
1723159800000,SHORT,1.8214028219787588,0.9030934377527438,5.102151688399461,True,BCH/USDT,-0.029083990765714544,13.600000000000001
1723196700000,SHORT,2.3275956284153088,1.1406783973296963,5.39721311475408,False,GAS/USDT,0.03882699459416229,10.6
1723208400000,SHORT,0.1550505050505154,-0.0234409531376062,4.680303030303009,False,ARK/USDT,-0.0003978324393008188,14.6
1723444200000,SHORT,-0.6852490421455952,-0.2213466182600595,4.335057471264362,False,BSV/USDT,-0.07804732786445974,15.8
1723468500000,SHORT,4.067578947368404,-0.0001021988732839,4.417578947368404,False,BIGTIME/USDT,-0.08262202446037403,2.1999999999999997
1723469400000,SHORT,2.299208282582209,1.2544352619008463,4.514799025578563,True,APT/USDT,0.01694551734501336,8.6
1723470300000,SHORT,-4.480902777777775,0.1297622853387177,4.130902777777775,True,CRV/USDT,-0.12917991250534988,0.4
1723558500000,SHORT,0.9320512820512832,0.5639186868071675,4.479166666666654,True,CRV/USDT,-0.17586762924816102,2.6
1723814100000,LONG,-4.608174225157975,1.0356676441792394,4.258174225157975,True,1000PEPE/USDT,-0.026325713381180064,2.4
1723953600000,SHORT,-1.196999459362054,0.2566874694305701,4.439250315372124,False,EDU/USDT,-0.14396366288242082,36.4
1723979700000,SHORT,-9.937037037037014,0.3752144844705389,9.587037037037014,False,ALICE/USDT,0.16011095172370754,15.4
1723987800000,SHORT,1.975581395348842,0.1038356265812884,4.465282392026561,False,CHR/USDT,-0.050807083182903084,15.8
1723995000000,SHORT,-4.683932057789916,0.6010325043527057,4.333932057789917,False,BICO/USDT,-0.10852044425556703,
1724013000000,SHORT,4.165477874318035,0.0469295903736221,4.515477874318035,False,API3/USDT,0.055260452958913554,19.0
1724066100000,SHORT,-5.589316918189016,0.2514334552722816,5.239316918189016,False,CTSI/USDT,-0.004058475188159706,
1724126400000,SHORT,0.6694174757281645,-0.0733148274241637,5.850582524271827,False,ARPA/USDT,0.08137832554924698,0.2
1724150700000,SHORT,1.2702611294635973,0.3503229092939176,4.102469718420634,False,EDU/USDT,-0.06870096360378072,37.0
1724162400000,SHORT,-5.5798480786416205,0.241971723960259,5.229848078641621,False,ALICE/USDT,-0.10339911937321,16.2
1724227200000,SHORT,0.4046340391237462,0.7041130049962184,4.562143746794609,True,AAVE/USDT,0.04575715456138009,7.000000000000001
1724274000000,SHORT,0.3830075521990159,0.6493739189177162,5.390748556197237,True,CAKE/USDT,0.061357657482094,14.799999999999999
1724447700000,SHORT,2.2723776223776224,0.6632758547823483,4.431237762237741,True,AAVE/USDT,0.029250193848509746,9.6
1724510700000,SHORT,2.3186916901714087,0.2783723371525891,6.132154480364491,False,CYBER/USDT,0.28795387149424434,41.8
1724521500000,SHORT,3.984257975034659,0.5755056831247225,4.334257975034659,False,BICO/USDT,-0.07388134765311558,
1724522400000,SHORT,1.6836331638639104,0.1860822829602693,4.497145091904564,True,APE/USDT,-0.0920091730513846,45.2
1724600700000,SHORT,-1.3731923601637115,0.3351077385702498,4.199795361527944,False,CTSI/USDT,-0.06735092019460687,
1724739300000,SHORT,3.798187258007736,0.9329459532282616,4.148187258007736,True,FET/USDT,0.03416863407769808,30.599999999999998
1724798700000,LONG,-1.5010289501220804,-0.0838176403433998,4.878711777700269,False,CKB/USDT,0.04059597963064719,24.6
1724798700000,LONG,-0.3774785667179683,0.2797472904010713,4.288876676192561,False,ACH/USDT,-0.042275512229861846,21.4
1724863500000,LONG,-0.9730529595015582,-0.1723357121024626,4.027102803738313,True,DYDX/USDT,-0.012281805965299169,1.2
1724863500000,LONG,-0.7713483146067341,0.2385822687123988,4.360814606741564,False,BIGTIME/USDT,-0.07763370880809113,2.1999999999999997
1724949000000,SHORT,3.807692307692289,0.094621242981461,4.157692307692289,False,CHR/USDT,-0.1271121234520838,9.4
1724949900000,SHORT,1.9745771860381307,0.2426398414496907,4.450593738754947,True,CFX/USDT,-0.1173751343133506,5.0
1725037200000,LONG,3.883123561733911,-0.00721696409412,4.233123561733911,False,DUSK/USDT,-0.012557882490838487,5.800000000000001
1725412500000,LONG,4.306486117432862,-0.1148950350163077,4.656486117432862,False,1INCH/USDT,0.02413572678437646,12.6
1725413400000,LONG,-0.5831002331002333,0.0462856626906575,5.180419580419585,True,DYDX/USDT,0.07480774722968056,23.200000000000003
1725413400000,LONG,1.210062402496101,-0.0808073109446417,4.499531981279256,False,BIGTIME/USDT,0.09178551210304828,2.1999999999999997
1725413400000,LONG,1.304031702274283,0.1311828545503173,4.079117849758788,False,BLUR/USDT,0.0625726865418594,36.199999999999996
1725413400000,LONG,1.3443987322484228,-0.4391100717488809,4.170841713902602,True,ENS/USDT,-0.021942114289681038,20.4
1725413400000,LONG,1.6117834394904635,0.0341833777138307,4.173694267515921,False,CKB/USDT,0.01961657707298489,16.6
1725413400000,LONG,1.612757926522403,0.2440885242997054,4.013034725717151,False,BICO/USDT,0.03418438973885382,
1725413400000,LONG,1.6274902703271317,0.0216507428425016,4.106784474597671,True,ARKM/USDT,0.006906475125685366,21.2
1725413400000,LONG,1.698490846115774,-0.1098631743347217,4.28602671944581,True,AR/USDT,0.03175659827118596,4.0
1725413400000,LONG,1.7033251608948872,0.5041702622495933,5.387358259270612,False,EGLD/USDT,0.009650923707800567,22.0
1725413400000,LONG,2.0989795918367364,0.010023611057966,4.311253644314877,True,GALA/USDT,0.021426951964948912,25.8
1725413400000,LONG,2.0999155201544784,0.5165332373133081,4.944484672942299,False,ACH/USDT,-0.02106150249218572,1.4000000000000001
1725413400000,LONG,2.107327839905834,0.1491588078790156,4.642436727486752,False,AGLD/USDT,-0.015465007993031778,26.6
1725413400000,LONG,2.1783018867924464,0.1536929542029854,4.23532830188681,False,ENJ/USDT,0.015087605692883636,7.6
1725413400000,LONG,2.2739067055393445,0.0447055659527074,4.253119533527696,False,CHR/USDT,-0.028278513405393408,20.0
1725413400000,LONG,2.3123756582796986,-0.0948905001515321,4.442012873025171,False,ARPA/USDT,0.046468576231421206,9.2
1725413400000,LONG,2.413997165131103,0.3878265925775208,4.221580439404684,False,ARK/USDT,0.04061711806319562,19.400000000000002
1725413400000,LONG,2.4471486130481828,0.1767474835277539,4.023492949015971,True,1000SHIB/USDT,0.008698948315102222,
1725413400000,LONG,2.448186649992188,-0.6751632288090136,4.585993434422387,False,ACE/USDT,0.10954350067158963,11.200000000000001
1725413400000,LONG,2.528890184764598,0.01635917856585,4.479921429009885,True,1000BONK/USDT,0.02602921949141333,26.6
1725413400000,LONG,2.768040089086862,0.1518853036250164,4.6299554565701655,False,ALICE/USDT,0.04770006629194806,17.4
1725413400000,LONG,2.8085802670140008,0.3403657380452922,4.52044936502769,False,CYBER/USDT,-0.01633561146336695,40.8
1725413400000,LONG,3.799420849420852,0.3016095020720591,4.149420849420852,True,CRV/USDT,-0.15128642469427447,15.6
1725413400000,LONG,4.232887323943676,0.4350754314397849,4.582887323943676,False,ASTR/USDT,0.005986229388140281,20.8
1725414300000,LONG,0.7478325206460114,0.284487449429893,4.045880661799942,True,1000PEPE/USDT,0.09696589831559684,33.2
1725414300000,LONG,1.3519167217448884,0.2073614609423529,4.2043126239259685,True,APT/USDT,0.06772100232375515,32.800000000000004
1725414300000,LONG,1.400953731781279,-0.0332766640036907,4.135990739835026,True,BCH/USDT,-0.01241989379338158,27.6
1725414300000,LONG,1.845918367346937,0.9263655647790104,4.027559183673466,True,CFX/USDT,0.052447505279523854,25.2
1725414300000,LONG,2.150000000000002,0.0162196971845335,4.038749999999991,False,CTSI/USDT,0.06926050452553426,
1725468300000,SHORT,1.4132241813601871,0.5179618627101176,4.883699172364168,False,1INCH/USDT,0.19243983550168323,0.0
1725659100000,LONG,1.10359445322954,0.17798989516758,4.109544155212255,True,1000PEPE/USDT,0.052821893746317065,22.2
1725709500000,SHORT,1.501851851851853,0.4741958696219561,4.510123456790118,False,BIGTIME/USDT,-0.15782843833390686,2.8000000000000003
1725924600000,SHORT,3.0485102420856616,0.6519866251815882,4.175651769087517,True,APE/USDT,-0.18869295741661848,44.6
1726079400000,SHORT,-1.5391452383372195,0.3958343556292595,4.612115052342708,False,COTI/USDT,-0.03961097222383451,0.2
1726186500000,SHORT,-8.202433425160683,-0.0736685248090461,7.852433425160683,False,BIGTIME/USDT,-0.057608733174691965,2.8000000000000003
1726227000000,SHORT,-7.848412194347405,0.063022128262908,7.498412194347405,False,CKB/USDT,-0.013679617957413282,0.0
1726262100000,SHORT,-2.2856549407813302,0.71869092353898,4.289305285486992,False,COTI/USDT,0.038221369003341506,13.8
1726297200000,SHORT,-5.321265377855879,0.0413247843434341,4.971265377855879,False,BIGTIME/USDT,-0.12187385181478047,2.8000000000000003
1726385400000,SHORT,4.157856598016776,0.2738596953413099,4.507856598016776,False,BIGTIME/USDT,-0.09743854332250199,2.8000000000000003
1726385400000,SHORT,4.411261044659483,0.3762998377276518,4.7612610446594825,False,CKB/USDT,-0.09331099267234191,1.0
1726614000000,SHORT,-4.593796245337244,0.0384862490216323,4.243796245337244,False,CKB/USDT,-0.07397329216138555,2.1999999999999997
1726695900000,SHORT,-4.486053034166228,-0.3210212770700625,4.1360530341662285,False,BLUR/USDT,-0.052414242185538404,27.6
1726808400000,SHORT,-7.309919999999986,0.5090278452432876,6.959919999999986,False,ARK/USDT,0.12347395818389502,22.6
1726810200000,SHORT,-6.000630455868081,0.3239837334560846,5.6506304558680815,False,COTI/USDT,0.02516810335263228,22.2
1726820100000,SHORT,-4.379245283018848,1.0603841906117195,4.029245283018848,False,GAS/USDT,-0.01241050869262134,11.4
1726877700000,SHORT,8.171990501755094,0.4618075728542176,8.521990501755093,False,ARK/USDT,0.18875432704677972,0.0
1726953300000,SHORT,1.6604895104895028,0.4946927158290886,4.157692307692303,False,ALICE/USDT,0.01081818690490062,22.8
1727076600000,SHORT,-4.575693196717318,0.1316069967332064,4.225693196717319,True,AR/USDT,0.030659304073340464,6.6000000000000005
1727078400000,SHORT,-2.2056005398110727,0.7583702394204385,4.529925775978398,False,ANKR/USDT,0.07600529707969106,27.800000000000004
1727103600000,SHORT,-1.3004504504504597,0.1042058967098471,5.680959459459442,True,AR/USDT,0.014343291565580101,42.199999999999996
1727338500000,SHORT,-5.104797979797966,0.3517970306165791,4.754797979797966,True,CHZ/USDT,0.06428404917337759,0.4
1727371800000,SHORT,-1.2619853218930577,0.3310010430987537,4.694992175273854,True,1000SHIB/USDT,0.04820353172357217,
1727410500000,SHORT,2.278177509694095,-0.5630439924872086,5.75938532241848,False,EDU/USDT,0.03401354393743785,47.199999999999996
1727450100000,SHORT,3.931608974973608,0.8685692422132082,4.281608974973608,True,1000SHIB/USDT,0.022285430869701413,
1727457300000,SHORT,-5.491570605187293,-0.4099134421606241,5.141570605187293,False,BIGTIME/USDT,-0.005901275254489806,2.0
1727483400000,SHORT,3.507934180514831,-0.1341802197530947,5.627109807754949,False,BIGTIME/USDT,-0.060767159289925196,99.8
1727493300000,SHORT,4.732382598674715,-0.5058926664433607,5.082382598674714,False,EDU/USDT,-0.03985204714275537,12.4
1727505000000,SHORT,1.6483927136351555,-0.1721834351492151,5.276040717921231,False,CKB/USDT,-0.12701751046847304,39.4
1727601300000,SHORT,3.966568608844181,0.1695581688253741,4.316568608844181,False,ARK/USDT,-0.0027195115253638874,1.4000000000000001
1727626500000,SHORT,0.3885524372230434,0.8932604618524077,5.040915805022126,False,CELO/USDT,0.007031696035013797,24.0
1727795700000,LONG,-4.913168124392612,0.5271006627127517,4.563168124392612,False,ALICE/USDT,0.07028972799244192,23.400000000000002
1727795700000,LONG,-4.603862823707887,0.9192109937523965,4.253862823707888,False,AGLD/USDT,-0.033377318934116974,46.6
1727795700000,LONG,-4.57742773150417,0.8019762176580914,4.227427731504171,False,ACH/USDT,0.05524143126090467,29.2
1727796600000,LONG,-7.569080420182537,-0.1064295630046022,7.219080420182538,False,EDU/USDT,0.08332974830931127,48.199999999999996
1727796600000,LONG,-7.213577688701673,0.4253678239334477,6.863577688701674,True,ARKM/USDT,-0.030429981089884334,32.6
1727796600000,LONG,-6.756946726120621,0.2984789723241609,6.406946726120621,True,AR/USDT,-0.03173336755489326,42.0
1727796600000,LONG,-6.037948812373408,0.9160568604664948,5.687948812373408,False,COTI/USDT,0.08446354311085834,21.0
1727796600000,LONG,-5.660971498620896,0.6402686547065978,5.310971498620896,False,CYBER/USDT,0.0542402075973869,35.4
1727796600000,LONG,-5.6251195056546575,1.0051719321163028,5.275119505654658,True,1000SHIB/USDT,0.004034853881042379,
1727796600000,LONG,-5.387809917355369,0.5236637538324392,5.03780991735537,True,DYDX/USDT,-0.008837659133390964,25.2
1727796600000,LONG,-5.376777875329244,0.7904626531419684,5.026777875329244,False,BICO/USDT,0.03458725415822731,
1727796600000,LONG,-5.181818181818172,0.9515686627730808,4.831818181818172,True,GALA/USDT,-0.0338572782794631,37.0
1727796600000,LONG,-5.091884610329886,0.6990607980321117,4.741884610329886,False,ACE/USDT,0.03373784260354802,23.799999999999997
1727796600000,LONG,-4.93442844925883,0.8701519308510761,4.58442844925883,False,AUCTION/USDT,0.0076019505274305755,21.0
1727796600000,LONG,-4.889533007450997,-0.4062418366979643,4.539533007450998,False,DUSK/USDT,0.06255313403546743,26.6
1727796600000,LONG,-4.861597542242708,0.4494286347147496,4.511597542242709,False,CTSI/USDT,0.01888218411112653,
1727796600000,LONG,-4.7820206362854725,1.3790309397191491,4.432020636285473,True,ARB/USDT,0.005634081507969461,49.2
1727796600000,LONG,-4.630695970695972,1.039239653519614,4.280695970695972,False,ANKR/USDT,0.030528663147484446,27.6
1727796600000,LONG,-4.4648638704930015,0.5956013256863143,4.114863870493002,False,1INCH/USDT,-0.034551401970318626,26.200000000000003
1727796600000,LONG,-4.458817876021137,0.3305534799531344,4.108817876021138,False,ARPA/USDT,-0.003308990259051324,33.0
1727796600000,LONG,-4.369728660260035,1.407060465390539,4.019728660260036,False,BAT/USDT,0.01144355265549998,22.8
1727803800000,LONG,-6.348992238296876,0.3911208714714682,5.998992238296876,True,1000PEPE/USDT,0.014247916249580907,38.6
1727803800000,LONG,-2.2388216710358284,0.1213913793968139,4.086415271896221,True,AAVE/USDT,-0.012244476369960802,28.000000000000004
1727803800000,LONG,-1.7785714285714298,0.5401689959541542,5.085599999999992,False,CHR/USDT,0.026573131396372515,26.0
1727803800000,LONG,-1.591830065359472,0.4986276777508398,4.861437908496727,True,CHZ/USDT,-0.02435651823116436,37.0
1727803800000,LONG,-0.7331417624521076,0.7316767305133882,4.501915708812264,True,CRV/USDT,-0.12659195899473494,18.6
1727803800000,LONG,-0.5001212517802761,0.6098382256960048,4.041772200623576,True,AVAX/USDT,-0.03501884243796194,17.2
1727803800000,LONG,-0.0729590333038573,0.5728000292809136,4.4549012673150745,True,ENS/USDT,-0.051759801218689776,46.400000000000006
1727803800000,LONG,-0.0450011883070516,0.5304875619443382,4.1385645250732646,False,EGLD/USDT,0.039111200332760325,27.0
1727803800000,LONG,1.1269390222836444,-0.2556161608507302,5.5614182069442,False,BIGTIME/USDT,-0.031945079122923506,2.0
1727804700000,LONG,-5.43857542550712,0.0177940196002353,5.08857542550712,False,ARK/USDT,0.03422362909011951,9.2
1727804700000,LONG,-5.003118430273301,0.6763040152617807,5.62385423966363,True,APE/USDT,0.07589109218395537,46.6
1727804700000,LONG,-3.3665016501650107,0.495044900350256,5.663399339933979,False,ENJ/USDT,0.06472921660992602,29.599999999999998
1727804700000,LONG,-3.321703266688522,0.4456660242072036,5.102082065208915,False,ASTR/USDT,0.02335333145442113,39.6
1727804700000,LONG,-2.9638176463369823,0.5441268268055394,5.756644987114994,True,CFX/USDT,0.06974960609616435,37.4
1727804700000,LONG,-2.6939474349254366,-0.1935664655994307,5.389562800101071,False,CKB/USDT,-0.05012519642298792,11.200000000000001
1727804700000,LONG,-2.6421441967076538,0.1573007404073438,4.662783913315265,True,AXS/USDT,-0.042349192317231624,20.8
1727804700000,LONG,-2.134160139251524,0.6675715502145678,4.0745430809399545,False,DASH/USDT,-0.11582559381930703,18.0
1727804700000,LONG,-2.062339371419716,1.0729936440713452,4.297878928626721,True,BCH/USDT,-0.046445975852534516,42.0
1727804700000,LONG,-1.783588990036558,0.7468232072384714,4.888015196043294,False,API3/USDT,0.057193893377357155,16.6
1727804700000,LONG,-1.7517581373247633,0.9955467646779088,4.066286528866712,True,DOT/USDT,-0.017100264185102607,25.0
1727804700000,LONG,-1.6829630658150525,1.4534413066089598,5.089808386559289,True,FIL/USDT,-0.02318697082358777,3.8
1727804700000,LONG,-1.612980634296942,0.7099769822860031,4.273449340443438,True,ADA/USDT,-0.004739439377823136,29.799999999999997
1727804700000,LONG,-1.4602299762093454,1.631879906266513,4.411340206185559,True,ALGO/USDT,-0.03131419450234944,22.400000000000002
1727804700000,LONG,-1.2777298450691166,0.7914594798978527,5.202217274329719,True,DOGE/USDT,0.03614244308493658,40.0
1727804700000,LONG,-1.2522887323943586,0.9699973125837654,4.55655809859154,False,BSV/USDT,-0.08656784971800031,26.8
1727804700000,LONG,-0.8999541704857958,0.5061121505173598,6.422731439046737,False,BLUR/USDT,0.02514188850545993,56.39999999999999
1727804700000,LONG,-0.5524291497975585,0.8424152508860159,4.919478182636063,True,ATOM/USDT,0.004690668413390035,21.4
1727804700000,LONG,0.0751926654265218,0.3958806942623516,4.830613871910702,False,GAS/USDT,-0.01326106818284549,20.599999999999998
1727805600000,LONG,-1.6301678908709327,0.7585415125043364,4.280676810073445,True,CAKE/USDT,0.03225571107977499,23.200000000000003
1727947800000,LONG,-4.699790619765493,-0.1989289389491464,4.349790619765494,False,ACH/USDT,0.026116346320277935,14.000000000000002
1727948700000,LONG,-7.209210526315785,0.5203726887677242,6.859210526315786,True,1000BONK/USDT,-0.030472238289922186,50.2
1728217800000,SHORT,4.288624770455004,-0.1701494053209074,4.638624770455004,False,ARK/USDT,-0.045037478919639086,1.6
1728227700000,SHORT,-0.1999624906226513,0.4213768960549813,4.814628657164273,False,CTSI/USDT,-0.07080777738128462,
1728282600000,SHORT,4.081703561116471,-0.2732184157578824,4.43170356111647,False,ARK/USDT,-0.05995584595829546,2.8000000000000003
1728351900000,SHORT,7.916010273972597,0.1203153158013451,8.266010273972597,True,CFX/USDT,-0.07953630263122217,36.8
1728478800000,SHORT,-4.401102428132838,-0.5746153881804283,4.051102428132839,True,CHZ/USDT,-0.0859774630092713,0.0
1728656100000,SHORT,0.1603710004580272,-0.4057323893034608,5.300889877641814,True,ARKM/USDT,-0.19657055278140007,7.8
1728698400000,SHORT,4.4873809523809465,-0.1075014184030516,4.837380952380946,False,CELO/USDT,0.022335565412481474,21.8
1728709200000,SHORT,-0.2072302671833502,-0.2338834273872048,4.698225576177847,False,ARK/USDT,-0.008807829417109727,15.8
1729053000000,SHORT,1.3983768723480403,-0.4151525465621329,5.114769183579559,True,ARKM/USDT,-0.15832462484646004,31.6
1729122300000,SHORT,-4.724444292299946,0.7461685230812525,4.3744442922999465,False,ACE/USDT,0.021092404448999652,24.0
1729290600000,SHORT,-4.906046112337497,-0.1299672750675195,4.556046112337498,False,BIGTIME/USDT,-0.015481272356637007,3.4000000000000004
1729376100000,SHORT,-6.989217710484031,0.2596671067476412,6.639217710484031,True,APE/USDT,0.04792725736089132,65.60000000000001
1729393200000,SHORT,-4.379304029304027,-0.2328762130396768,6.689552476508995,False,ARK/USDT,-0.10522127928639508,19.6
1729404000000,SHORT,-7.531861277445092,0.8065910186878177,7.181861277445092,True,APE/USDT,-0.02164279725011084,0.4
1729404900000,SHORT,-9.915820117555723,0.7015675267916162,9.565820117555726,False,API3/USDT,0.11632633616411786,51.6
1729431000000,SHORT,-6.260931174089064,0.1350624176470367,9.477246963562749,True,DYDX/USDT,0.3368553170415806,21.4
1729431000000,SHORT,0.2363192182410356,2.2224113604978863,9.781127035830613,True,APE/USDT,0.0001781154978752308,0.0
1729431000000,SHORT,5.588162203814292,1.7565861211930656,10.820776343671737,False,API3/USDT,0.02320520077906055,0.2
1729431900000,SHORT,1.380920535011786,0.3936509144140476,11.663650668764747,False,ALICE/USDT,0.12224181778337684,24.2
1729433700000,SHORT,-3.385778821828702,-0.1787792191370574,5.302312974340422,False,BLUR/USDT,-0.12831862785340745,50.0
1729448100000,SHORT,-4.648093587521648,-0.2185728489484656,4.298093587521648,False,ARPA/USDT,-0.035371346988022,28.000000000000004
1729458900000,SHORT,-2.486068504752041,0.3627769306707263,4.433941846240687,False,COTI/USDT,-0.1129053484000873,16.0
1729509300000,SHORT,4.19827696575268,1.36875572218478,4.548276965752679,False,API3/USDT,0.004822050375955517,17.599999999999998
1729511100000,SHORT,3.080574683861272,2.0253662225399984,10.365162138475023,True,APE/USDT,0.015630193500659556,65.4
1729605600000,LONG,-2.5333657137570604,-0.0413766746231024,4.395364973633092,False,AGLD/USDT,0.11307142371435935,34.0
1729645200000,SHORT,-5.160207877461702,0.2645762162245346,4.810207877461703,False,BIGTIME/USDT,0.0038205922471969684,3.4000000000000004
1729647000000,SHORT,3.764459871317303,0.7315455808453631,5.624085675584141,False,ACE/USDT,-0.1540493941506451,21.4
1729686600000,LONG,-0.4577764881445744,0.9286521921743216,4.1021886917592525,True,APE/USDT,0.04199096249735291,64.4
1729867500000,SHORT,4.372961850405514,0.5802826243568106,4.722961850405514,False,API3/USDT,-0.02606835202759362,52.2
1729867500000,SHORT,4.513457854406132,0.2931410756971704,4.863457854406132,True,APE/USDT,0.01913802018962852,63.4
1729899900000,LONG,-0.0206192358366302,0.0702901931676585,4.415854194115072,False,BSV/USDT,0.052446294372877574,28.4
1729899900000,LONG,0.0613345521023759,0.4045413874366564,5.084506398537482,False,DASH/USDT,0.04623621499603197,15.2
1729899900000,LONG,0.1220357941834578,0.8032382760409309,5.942975391498884,True,APT/USDT,0.062336545360655,37.6
1729899900000,LONG,0.7352713178294582,-0.6560601137579296,6.328372093023258,False,CELO/USDT,0.04029571770491809,18.2
1729899900000,LONG,1.261928269192011,0.1383850168441245,6.12571025589362,False,ARK/USDT,0.028203996293666787,32.800000000000004
1729899900000,LONG,1.381565865782926,0.1954119098567312,8.651010770505382,True,FET/USDT,0.057513189905724495,34.0
1729899900000,LONG,1.53031393067364,-0.477514283727693,5.858812949640281,True,CHZ/USDT,0.08702814283190519,11.200000000000001
1729899900000,LONG,2.15036237135818,-0.3759823972134983,4.982243803449764,True,AAVE/USDT,0.10105649440245518,40.8
1729900800000,LONG,1.7683800623052872,-0.2508184668985471,5.580062305295963,False,CHR/USDT,0.021265315657311056,22.8
1729900800000,LONG,2.4953608247422663,0.2040279453867806,4.329113402061863,False,ANKR/USDT,0.12715195116687683,22.8
1730052000000,SHORT,-4.831843591684598,-0.1876519937094314,4.481843591684599,False,API3/USDT,0.1903405245960663,39.0
1730070000000,SHORT,4.34697577130903,0.1368127903469122,4.696975771309029,True,APE/USDT,-0.04740794447420316,63.0
1730214900000,SHORT,1.5073996405033037,0.3791189652194648,4.837237866986207,False,CYBER/USDT,0.06478559231807977,25.4
1730300400000,SHORT,-4.78146401985109,-0.3210843727820893,4.431464019851091,False,BICO/USDT,0.11516726958484819,
1730396700000,SHORT,0.9481199641897878,-0.4100624675732906,5.463160250671435,False,BICO/USDT,0.049099583749203334,
1730421900000,SHORT,0.1968053491827661,-0.316498173499006,5.581771173848408,False,BIGTIME/USDT,-0.030994424236915428,4.8
1730647800000,LONG,4.38976047111759,0.0136053557981846,4.73976047111759,True,ARKM/USDT,0.029889609464020802,27.400000000000002
1730649600000,LONG,3.754262228536633,1.0742907855299717,4.104262228536633,True,DOGE/USDT,0.011428825468758225,49.0
1730664000000,SHORT,2.4688807142266693,-0.0009787754583215,6.203414069604017,False,AGLD/USDT,0.038300162934599855,0.0
1730813400000,SHORT,1.4599547511312232,0.2275321078336933,5.695726495726476,True,APE/USDT,0.0539197283996877,62.4
1730818800000,SHORT,-0.8792652552926634,0.0590532719028662,7.880269302615176,False,AGLD/USDT,0.007729523649260318,1.4000000000000001
1730823300000,SHORT,-1.2952936444086962,0.5033561065128154,4.354766693483497,False,ARK/USDT,0.039867635030295084,2.6
1730864700000,SHORT,-2.919298103420329,0.3088293982039132,5.551564272977785,False,AUCTION/USDT,0.028315112331596802,14.6
1730868300000,SHORT,3.81088374130127,1.0906797719961512,4.16088374130127,True,DOGE/USDT,0.09955218269129192,49.6
1730869200000,SHORT,-4.46914913209632,0.0980502096817959,4.11914913209632,True,1000BONK/USDT,0.0650024812726381,33.4
1730879100000,SHORT,-3.543201247108513,0.4548550339216038,5.091561902846217,True,ARKM/USDT,0.060718908863331665,27.6
1730879100000,SHORT,-0.5281707799920763,0.3857751983164704,4.013098851788297,True,AR/USDT,0.0528966410502542,39.4
1730912400000,SHORT,0.9296307950492962,-1.402176572744533,5.181392909586732,False,ARPA/USDT,0.09287911727429084,27.0
1730938500000,SHORT,-0.0541420118343192,0.9527922969893726,5.64142011834317,False,BAT/USDT,-0.01630003313792307,23.0
1730939400000,SHORT,3.646180121942256,0.342085643480047,4.654462646000137,False,CKB/USDT,-0.013177260009518774,35.4
1730939400000,SHORT,5.250987780040719,-0.1146932398487916,5.600987780040718,False,BIGTIME/USDT,0.04324474970003705,99.4
1730941200000,SHORT,3.417060964513183,0.6456193690725519,5.958416742493172,False,ARK/USDT,0.06364130199839171,15.4
1730943900000,SHORT,-5.450414976023606,0.1885543477602005,5.100414976023607,True,APE/USDT,0.09496774992497116,62.8
1731016800000,SHORT,-0.0569271758437069,0.5656017315497395,4.833987566607456,True,ARKM/USDT,0.07600202443978295,27.6
1731077100000,SHORT,-1.604901960784315,0.5526202821953828,4.049777777777758,True,FIL/USDT,-0.021961652595885922,37.8
1731077100000,SHORT,0.632167352537734,0.3633317849342594,5.594299039780499,True,AR/USDT,-0.03261614646312541,39.4
1731114000000,SHORT,1.7648648648648688,0.877886146189631,6.829665540540532,False,EGLD/USDT,0.012549736508761261,24.8
1731137400000,SHORT,-1.5479634621144065,0.2789566137318631,4.02482779275231,False,CYBER/USDT,-0.08181619528900827,21.0
1731141900000,SHORT,3.7658767268862943,0.2724477137793848,4.115876726886294,True,AR/USDT,-0.004629071979172068,39.4
1731168000000,SHORT,4.639747095010254,-0.1479946270772062,7.909911141490072,False,CTSI/USDT,0.12751442713006486,
1731184200000,SHORT,4.378971962616818,-1.364788823302755,10.967420560747655,False,ARPA/USDT,0.09958299783106626,27.0
1731200400000,SHORT,-4.4572892311924015,-0.1456812596410394,4.107289231192402,False,AGLD/USDT,0.07090381969122961,14.6
1731200400000,SHORT,-0.5369158878504674,0.7333142048608516,7.142897196261669,False,ARK/USDT,0.06625746248663358,34.4
1731216600000,SHORT,-4.363701737864891,0.0419921626789938,4.013701737864891,True,1000BONK/USDT,-0.017508741935894048,28.599999999999998
1731217500000,SHORT,-5.074715854363303,0.7830057981257911,4.724715854363303,True,APT/USDT,-0.06018310516900674,94.6
1731218400000,SHORT,-4.429975686002089,1.9758823895014743,4.079975686002089,True,ADA/USDT,-0.010558388557690613,46.0
1731219300000,SHORT,-5.175005120852105,-0.4577239198486526,4.825005120852105,True,ENS/USDT,0.07191237815849537,45.6
1731219300000,SHORT,-5.16380498682344,0.8707295997337148,4.81380498682344,True,DOT/USDT,-0.06123653874749118,51.6
1731221100000,SHORT,-4.9588305489260085,0.1970299571984934,4.608830548926009,False,BSV/USDT,-0.0006807589268984045,99.2
1731229200000,SHORT,-2.152823289302117,0.4374310785424341,8.431356652871461,False,API3/USDT,-0.08508913720464813,51.2
1731240900000,SHORT,-3.5263417305585887,0.393774016910481,4.254874041621013,False,CYBER/USDT,-0.09777832607311786,20.599999999999998
1731244500000,SHORT,5.414499121265378,2.14194459572218,5.764499121265378,True,ADA/USDT,0.009350759501815345,99.0
1731249000000,SHORT,-9.857188317519816,-0.1029670862443825,9.507188317519818,True,1000SHIB/USDT,0.08320276836562925,
1731249000000,SHORT,-6.558330065103136,0.0151183252963662,6.208330065103136,True,1000BONK/USDT,-0.029718961993501807,99.8
1731249000000,SHORT,-5.715549071618028,0.7403302060719396,5.3655490716180285,True,1000PEPE/USDT,0.032054970553721335,99.6
1731249000000,SHORT,-4.986674956954267,1.4640173057157504,4.636674956954267,True,DOT/USDT,-0.07198151760926504,51.6
1731249900000,SHORT,1.1293882978723435,-0.1232097422765094,6.240863253546086,False,BIGTIME/USDT,-0.07327475324997239,99.6
1731264300000,SHORT,7.204516012954286,0.8567971032198725,7.554516012954285,True,DOGE/USDT,0.04640310005757027,99.8
1731274200000,LONG,3.710744469301533,0.3512971979289742,4.060744469301533,True,CFX/USDT,-0.04644803159888456,99.6
1731275100000,LONG,3.904421732683742,0.0427946993612975,4.254421732683742,True,ENS/USDT,0.025923231791953556,99.8
1731297600000,SHORT,2.3902622822470088,0.1416750919773651,8.746677431982757,True,ENS/USDT,0.007454134687657676,45.6
1731302100000,SHORT,-5.508196276884123,0.8668258364930765,5.158196276884123,False,ARK/USDT,0.014954233318719014,34.4
1731332700000,SHORT,4.835069498672499,0.8169797613307349,8.414227705762922,False,ARK/USDT,0.07321068966014699,34.4
1731345300000,SHORT,-4.689380036178232,1.1323252414755365,4.339380036178232,True,APT/USDT,-0.10113930247314677,37.0
1731351600000,SHORT,4.157677137625011,0.1485741315889251,8.678349063248348,False,BLUR/USDT,0.08830505538042902,38.4
1731369600000,SHORT,-5.647195266272166,0.8989139944211042,5.297195266272166,True,DOGE/USDT,-0.046142006273074354,49.6
1731369600000,SHORT,0.631260941924054,0.8810328519921791,4.503464672444713,True,BCH/USDT,0.05244612363613893,86.4
1731369600000,SHORT,0.6582823190493347,1.4062114748874617,4.598055455527533,True,DOT/USDT,-0.044013114089632335,51.6
1731369600000,SHORT,1.4138646114730644,0.340176166266646,4.157079294454146,False,BSV/USDT,-0.03215150462098562,99.8
1731369600000,SHORT,5.414485967360394,1.0358568311474283,5.764485967360393,True,APT/USDT,-0.0653533254453449,37.0
1731373200000,SHORT,-0.47660231049217,0.5208502533164323,5.093574932742505,False,ARK/USDT,0.008313831023782971,34.599999999999994
1731376800000,SHORT,4.929710711493352,0.9398138676098704,5.279710711493352,False,GAS/USDT,0.1864756015617338,99.8
1731402000000,SHORT,4.789325842696618,0.5261014155242889,5.139325842696618,True,GALA/USDT,-0.044788661033517925,98.8
1731402000000,SHORT,5.430604812686312,0.0891815827498239,5.780604812686311,True,1000BONK/USDT,0.01642086316231719,99.8
1731402900000,SHORT,4.878313060179247,1.226090321593276,5.228313060179247,True,ADA/USDT,-0.03712173244425456,99.8
1731404700000,SHORT,4.111520102808884,-1.287160696744533,4.461520102808883,False,ARPA/USDT,0.09374417196048984,99.2
1731410100000,LONG,-6.8053913043478165,0.9402979740047096,6.455391304347817,False,GAS/USDT,0.1712446921146533,19.0
1731410100000,LONG,-5.830190670752462,0.2856907871505835,5.480190670752462,True,FET/USDT,-0.08426017386180747,99.6
1731410100000,LONG,-5.656915793033488,0.4522164132466402,5.306915793033489,False,ARK/USDT,0.02723223510460457,27.6
1731410100000,LONG,-3.6398284974652295,0.3258217889482658,6.257696041419488,True,AR/USDT,-0.08730251024586419,99.8
1731410100000,LONG,-3.1398399857236297,0.5748453229986821,5.441865445244191,False,API3/USDT,-0.11262837625993406,99.8
1731410100000,LONG,-1.9555671791139764,0.1474732736890547,6.585099608841986,True,ARKM/USDT,0.02585599421858331,99.8
1731455100000,SHORT,7.608049631120033,0.1033555439480339,7.958049631120033,True,1000BONK/USDT,-0.0053730603665232066,26.400000000000002
1731458700000,SHORT,4.762526733384482,0.4524271518363292,5.112526733384482,False,ASTR/USDT,-0.010753798890400608,99.0
1731474900000,LONG,3.670624900111876,-0.2156926292428246,4.020624900111876,False,AGLD/USDT,0.03450092065036401,99.6
1731503700000,SHORT,-11.20141219811707,0.092877536150539,10.851412198117073,True,1000BONK/USDT,-0.07198217187166189,26.0
1731509100000,SHORT,-9.234278378495723,-0.1669022721599399,8.884278378495726,True,1000PEPE/USDT,0.04230342663118289,94.39999999999999
1731510000000,SHORT,5.111584471278635,0.18263089378018,5.461584471278635,True,1000SHIB/USDT,-0.010211489252123661,
1731516300000,SHORT,-6.06761615498277,-0.079040988384007,5.71761615498277,False,BSV/USDT,-0.03814966589156226,98.6
1731520800000,SHORT,3.7104011509817103,-0.047846791994766,4.06040115098171,False,ACH/USDT,-0.09730154430860813,27.0
1731524400000,SHORT,-1.9812056737588823,0.1692977964404256,4.443599290780156,True,APE/USDT,-0.08442757950930894,98.2
1731551400000,SHORT,-5.671180820470669,0.2836345301385836,5.321180820470669,False,API3/USDT,-0.10150613385410888,99.4
1731552300000,SHORT,2.9598290598290635,0.3373604945228213,10.061247435897418,True,1000PEPE/USDT,-0.01809925822187356,98.4
1731566700000,SHORT,-10.208377962844311,0.2585906389927889,9.858377962844312,True,1000BONK/USDT,-0.12812917835560372,25.6
1731566700000,SHORT,0.3291301030141097,0.3123561955974376,4.899793971766488,True,FET/USDT,-0.08569130543673019,97.8
1731566700000,SHORT,1.350680272108845,0.6819198554111057,4.242252456538165,False,BICO/USDT,-0.07441838792893754,
1731566700000,SHORT,3.664486476931232,0.1883619927820305,4.014486476931232,False,ACE/USDT,-0.10862791698389844,99.8
1731599100000,LONG,-0.3716857645966838,0.6495656450887558,4.142432101871043,True,APT/USDT,-0.03658252837798137,37.0
1731601800000,LONG,-4.6609784957300135,0.2993260631189051,4.310978495730014,False,COTI/USDT,0.015884036962400663,13.8
1731624300000,SHORT,-4.533699222126172,1.428855622751899,4.183699222126172,True,ADA/USDT,-0.005142629005135079,46.0
1731628800000,LONG,-0.8537308407186872,0.1219783341523153,5.260426150903755,True,DOGE/USDT,-0.04438655747953603,49.6
1731629700000,LONG,-4.987323619310812,0.4073716804104216,4.637323619310813,True,1000SHIB/USDT,-0.013777677012188707,
1731674700000,SHORT,-6.253351955307262,0.5651951082243942,5.903351955307262,True,ALGO/USDT,-0.026011505253450445,35.8
1731677400000,SHORT,-3.56937758699985,1.440866356039285,7.065598650927487,True,ADA/USDT,-0.01473811091594021,46.0
1731708000000,SHORT,0.2053981297818096,0.2684686403013622,4.097132332105401,False,API3/USDT,-0.06289502916351505,50.4
1731713400000,SHORT,3.276308771776434,0.0095651276044918,7.495449080854214,True,1000BONK/USDT,-0.08801679395241697,24.8
1731715200000,SHORT,3.548168848909169,0.8638192888301169,5.886588981468866,True,1000PEPE/USDT,0.013572096399774757,40.2
1731717900000,SHORT,-5.96904627936419,1.3133757863845916,5.61904627936419,True,ADA/USDT,-0.017268884716913298,46.0
1731717900000,SHORT,-2.8538323965252874,0.5175609087683641,5.681451200817553,False,CHR/USDT,-0.1002345994274676,22.400000000000002
1731749400000,SHORT,4.34052224371374,1.4095939318415054,6.265618955512547,True,ALGO/USDT,-0.056346429652110994,35.8
1731760200000,SHORT,-1.2259635599159084,0.3238293289226205,4.236089698668518,True,GALA/USDT,-0.012303605655018262,96.6
1731764700000,SHORT,4.253411160788218,0.2007269974935837,9.559355853618133,True,APE/USDT,-0.08812236257392118,98.8
1731777300000,SHORT,-4.661999999999998,0.7542287821628251,4.311999999999999,True,CRV/USDT,-0.011260258734204913,16.0
1731783600000,SHORT,-4.711520138588112,0.8945733743566984,4.361520138588112,True,FIL/USDT,-0.08814204207795227,37.8
1731797100000,SHORT,-4.871225983531557,0.009387386333545,4.521225983531557,True,1000BONK/USDT,-0.06474939442272727,24.4
1731798900000,SHORT,3.9265783774779126,-0.0898001519123594,4.276578377477913,True,AXS/USDT,-0.10423811052745063,79.60000000000001
1731806100000,SHORT,4.290885947046829,0.677629973652267,4.640885947046828,True,DOT/USDT,-0.08293149028784427,51.6
1731807000000,SHORT,1.4206173233370518,0.3929981853039811,6.331759451268123,True,ATOM/USDT,-0.03583074504200797,59.8
1731839400000,SHORT,3.0728928965770974,0.5477231028997991,4.303140228192862,False,ASTR/USDT,-0.03820020444155478,31.0
1731846600000,SHORT,-1.896356008598571,-1.585787687060437,4.72346577907219,False,AGLD/USDT,0.19743067900418124,98.2
1731904200000,SHORT,-5.90825575698186,0.8626063088419108,5.55825575698186,True,ALGO/USDT,-0.006209275678001216,99.2
1731905100000,SHORT,-4.743877551020391,0.7561544968109225,4.393877551020392,False,FLOW/USDT,-0.05555612254643214,41.199999999999996
1731916800000,SHORT,-1.424017247764656,0.3277576117473891,4.513438442410429,False,DUSK/USDT,-0.031200044250038382,23.799999999999997
1731918600000,SHORT,-4.854066060415999,0.8905306893786972,4.504066060415999,False,ENJ/USDT,-0.06726046934831496,24.8
1731946500000,SHORT,-0.0854497354497351,1.168853440718385,5.34153439153438,True,CRV/USDT,-0.06504319809394463,16.0
1731956400000,SHORT,-2.632183835581884,0.5712994835793653,5.700088261253286,True,CHZ/USDT,-0.04002699562871492,63.2
1731989700000,SHORT,-6.264758269720077,1.117324742507391,5.914758269720077,True,CRV/USDT,-0.09426519027977127,16.0
1731991500000,SHORT,1.381374606505767,0.5720466742735426,5.562329485834182,False,AUCTION/USDT,-0.12608455018799788,6.4
1732014900000,SHORT,-1.0609004739336498,1.206145814877802,4.578199052132689,True,CRV/USDT,-0.07329163493530945,16.0
1732021200000,SHORT,-0.090109731446723,0.9545462050230922,4.557609009529303,False,ANKR/USDT,-0.11568236906297201,20.4
1732034700000,SHORT,-5.2594564737074485,0.6209695981016842,4.909456473707449,True,ALGO/USDT,-0.057065639100433024,35.8
1732098600000,SHORT,4.239441412669371,0.8734168219864238,4.589441412669371,True,APT/USDT,-0.013355227228098442,37.0
1732131900000,LONG,2.6323212913143865,-1.9758741941788576,8.806302843966185,False,AGLD/USDT,-0.12178799268533631,50.2
1732201200000,SHORT,-0.9127318071364572,0.67101128775557,5.597851387645474,True,ARB/USDT,0.00686171401217632,43.8
1732215600000,SHORT,-0.6812041637094852,0.4170844185210501,8.426981310622175,False,ACE/USDT,-0.05670631508296039,12.0
1732261500000,SHORT,-4.665417376490614,0.62439515014294,4.315417376490615,True,ALGO/USDT,-0.09506787994827563,35.8
1732281300000,SHORT,-6.168816242624866,0.8473584969256831,5.818816242624866,True,AVAX/USDT,-0.07310352854306726,98.2
1732281300000,SHORT,-5.897826086956502,0.1166993804177689,5.547826086956502,True,ATOM/USDT,-0.13770063434584076,61.6
1732312800000,SHORT,-5.200729606889391,0.83867766876369,4.850729606889392,False,COTI/USDT,-0.028761475110698563,96.0
1732317300000,SHORT,-4.888028169014077,0.6929204800558882,4.538028169014077,True,ADA/USDT,-0.09754313838673317,96.8
1732320000000,SHORT,-3.2687396351575546,0.7200301633741667,9.215555555555548,False,COMP/USDT,0.0825624447314137,50.8
1732325400000,SHORT,0.7368566176470727,0.9426706405558836,4.443828124999983,True,AVAX/USDT,-0.05838777900797358,97.6
1732328100000,SHORT,-4.505351001416142,0.8513265946261257,4.155351001416142,True,FIL/USDT,-0.05866695896301279,96.2
1732328100000,SHORT,-3.490623183350788,0.1885390872625347,5.393131612603186,False,ASTR/USDT,-0.027690956893306765,31.0
1732328100000,SHORT,-2.09694926140013,0.4372195367819954,5.943082851637764,True,ATOM/USDT,-0.14091071630262492,61.199999999999996
1732329000000,SHORT,-5.313421721758088,1.1150920834747386,4.963421721758088,True,ALGO/USDT,-0.12868143519211706,35.8
1732329000000,SHORT,-4.655708825403043,0.1305704733024304,4.305708825403044,True,AR/USDT,-0.027997420557759722,99.4
1732329000000,SHORT,-2.301086400382028,-0.5898881541472026,4.090715284647121,True,ETC/USDT,-0.0739300377244461,47.599999999999994
1732329000000,SHORT,-1.5121472053126777,-0.0772233648925987,4.671126175982288,False,BSV/USDT,0.009469809048347815,19.8
1732329000000,SHORT,2.0179718046147874,0.402352198685948,5.109068047065716,True,BCH/USDT,0.07264260488867551,83.6
1732329900000,SHORT,-4.932581271227546,0.3115171096025649,4.582581271227546,True,CAKE/USDT,-0.06014620256430746,99.8
1732335300000,SHORT,-5.32576428275002,0.6813165579032402,4.975764282750021,True,DOT/USDT,-0.07523351972034577,50.6
1732337100000,SHORT,-4.404349728688953,0.0536629776084558,5.435261683878861,True,DOGE/USDT,0.015908546751276894,98.6
1732362300000,SHORT,-4.710728744939261,1.0819561121358716,4.360728744939261,True,CRV/USDT,-0.12732323071152862,16.0
1732366800000,SHORT,-5.04945171339562,0.997606902891415,4.699451713395621,True,DOT/USDT,-0.11727520365905938,99.2
1732370400000,SHORT,2.2686579378068807,0.8750274300227819,4.075613747954147,False,CHR/USDT,-0.05706137498252977,99.8
1732374000000,SHORT,0.916429353778745,0.0660481269992347,6.881157584884981,False,BLUR/USDT,-0.019923075738526422,97.39999999999999
1732376700000,SHORT,3.73213972522653,1.7739544372012492,4.08213972522653,False,DASH/USDT,-0.03684978361528062,14.399999999999999
1732377600000,SHORT,4.930710904628335,-0.0429339556392819,5.280710904628335,True,AR/USDT,-0.06880980883154285,99.8
1732378500000,SHORT,-5.216920152091259,0.7780958110998216,8.194334600760449,True,FIL/USDT,-0.058465691677563526,96.2
1732378500000,SHORT,-3.35120048019208,0.8364786389326881,6.3204081632653,False,FLOW/USDT,-0.08928121075752705,99.8
1732378500000,SHORT,-2.23679245283019,0.5803119289784547,5.094213836477967,False,CELO/USDT,-0.06361525430235586,17.8
1732378500000,SHORT,-1.5522255151396531,0.3316980576035329,6.292705566583702,False,EGLD/USDT,-0.02616133873646531,99.8
1732417200000,SHORT,-4.603116162520132,0.2527658820339957,4.253116162520132,False,ACE/USDT,-0.01070434462678613,99.8
1732422600000,SHORT,-6.480168332456592,0.4035938389576142,6.130168332456592,True,GALA/USDT,-0.02823732070215289,97.2
1732422600000,SHORT,-6.011528766310775,1.2439632315252434,5.661528766310775,False,ENJ/USDT,-0.05163908160441991,24.6
1732422600000,SHORT,-5.294323387396306,0.1757410312218072,4.944323387396306,True,AXS/USDT,0.04351538298376725,83.6
1732422600000,SHORT,1.3431216931216827,0.9221198280970256,7.411216931216918,False,FLOW/USDT,-0.06481041641658256,99.2
1732422600000,SHORT,1.936629769880562,-0.6018530837183947,5.493220215554894,True,APE/USDT,-0.09349806478438015,98.2
1732422600000,SHORT,3.346434412823039,1.2474903813205591,7.977526987242375,True,ALGO/USDT,-0.08831929886636533,99.2
1732422600000,SHORT,3.6337484170536096,0.5930659198733079,5.375332418742083,True,CFX/USDT,-0.03598814528367934,97.0
1732428000000,SHORT,3.665799868334427,0.5615909473458336,5.714483212639893,False,ALICE/USDT,-0.09561454635708454,99.0
1732428000000,SHORT,3.87790388548056,0.5141775566582674,4.22790388548056,True,CHZ/USDT,-0.0375390049302203,99.6
1732431600000,SHORT,4.926872964169379,0.8961211901779632,10.836400651465796,False,GAS/USDT,0.13478230170523037,98.2
1732437900000,SHORT,4.119550544562045,0.310399774057478,4.469550544562044,False,ARK/USDT,-0.09524393892640608,97.6
1732437900000,SHORT,4.564666208108819,0.8151302979454493,4.914666208108819,True,CAKE/USDT,-0.07226972655012287,94.19999999999999
1732452300000,LONG,1.9182248191430145,0.1250247276044651,5.524124652198116,True,1000BONK/USDT,-0.138398800096059,17.599999999999998
1732453200000,LONG,-5.422053525476069,0.4664425910729298,5.072053525476069,True,CFX/USDT,-0.05258566080730335,98.6
1732453200000,LONG,-4.5149202888677,0.2704059906943004,4.1649202888677,False,AUCTION/USDT,-0.15987233121873065,94.0
1732453200000,LONG,-1.5830456226880405,-0.7955075967768914,5.463255240443908,True,APE/USDT,-0.15974953571227005,98.4
1732453200000,LONG,-1.4764205974052085,0.5175420221753366,5.624419189379459,True,ADA/USDT,-0.07550515605896853,96.0
1732453200000,LONG,-0.524404618715415,0.464909436925336,4.065431801780124,True,AAVE/USDT,-0.11260781415843324,99.6
1732453200000,LONG,-0.4417599559552191,0.941132405742288,5.166984767847312,True,FIL/USDT,-0.13810556365546112,95.6
1732453200000,LONG,-0.3575203048230224,1.0743469329157846,4.368775694374815,True,AVAX/USDT,-0.12481182300709232,98.6
1732453200000,LONG,-0.3355935459085659,-0.1463723477617711,4.245101805608907,True,DOGE/USDT,-0.01165912445423445,97.0
1732453200000,LONG,-0.2655048584706355,0.8052407501189756,4.8911702577101765,False,CHR/USDT,-0.15258490119997603,97.8
1732453200000,LONG,0.4442988642268537,0.873901085353127,4.155964664835577,False,CKB/USDT,-0.14664872042709523,99.6
1732453200000,LONG,1.0486013986014,0.5574788751980243,4.035014985014974,False,CYBER/USDT,-0.08144626701675835,14.6
1732453200000,LONG,1.1283526927138463,0.7251851382656946,5.511351636747619,False,ANKR/USDT,-0.13611789417385778,20.200000000000003
1732453200000,LONG,4.136369509043931,0.7417948385292202,4.48636950904393,False,BICO/USDT,-0.12402238510680284,
1732453200000,LONG,4.708362476856618,0.1411465980542032,5.058362476856618,False,BLUR/USDT,-0.10246832043012896,95.39999999999999
1732454100000,LONG,-5.194050384734188,0.2016833726929005,4.844050384734189,False,ASTR/USDT,-0.05834153004736987,99.2
1732454100000,LONG,-5.0836117381489725,-1.8553304951474907,4.733611738148973,False,AGLD/USDT,-0.09420621219469737,99.0
1732454100000,LONG,-5.081111111111109,0.5103510981863144,4.731111111111109,False,CTSI/USDT,-0.12678727372530374,
1732454100000,LONG,-5.0618530225207365,1.368063413405512,4.711853022520737,False,BAT/USDT,-0.10773857346476975,22.6
1732454100000,LONG,-4.748710558252429,0.1659174255235514,4.3987105582524295,False,COMP/USDT,-0.11264739152968743,50.0
1732454100000,LONG,-4.362422938871701,0.36624288095842,4.012422938871701,False,EGLD/USDT,-0.13368482139671836,99.4
1732454100000,LONG,-2.1489786443825367,0.7493202332335482,7.080896007428036,True,DOT/USDT,-0.07219916704717724,50.2
1732454100000,LONG,-2.134448121011576,0.5709930971807134,4.61224296856534,True,1000SHIB/USDT,-0.01256291862463282,
1732454100000,LONG,-2.095802682059773,-0.7341403643557353,4.672468410122849,True,ETC/USDT,-0.08352650981733119,98.6
1732454100000,LONG,-1.843072145246066,0.5280927939453562,5.0158623984711,True,ARB/USDT,-0.016379104821994776,95.8
1732454100000,LONG,-1.6771623550222103,0.6039822239226487,4.551113087700254,True,1000PEPE/USDT,0.017354631184123958,98.2
1732454100000,LONG,-1.552875165028616,0.1635587909476386,4.307305266246149,False,BSV/USDT,-0.08710385915081618,91.0
1732454100000,LONG,-0.9421969345099908,0.6948033225053694,4.554499535531824,True,APT/USDT,-0.0641185039402589,98.6
1732454100000,LONG,-0.727833753148615,0.5693018084015238,4.694836272040303,False,CELO/USDT,-0.12495729353875236,99.4
1732454100000,LONG,-0.6083848414226283,-0.3333401261541569,4.99758840814672,True,ENS/USDT,-0.10744270021782,98.6
1732454100000,LONG,-0.4173400673400748,0.6467401622147254,5.671043771043781,True,DYDX/USDT,-0.13801036232265695,99.4
1732454100000,LONG,0.4448615014050655,0.4442120470152135,4.542553191489356,True,BCH/USDT,0.03323807928538576,82.8
1732454100000,LONG,0.9106543153166918,0.2755577183518984,4.6303577808400895,False,API3/USDT,-0.10515447577243238,99.0
1732454100000,LONG,0.9919257012888556,0.1573365517905711,5.6175852918878,False,ACH/USDT,-0.1028482066555855,98.8
1732454100000,LONG,2.513970867157268,0.2043757858397545,5.874607389424186,False,ACE/USDT,-0.036147139675385034,92.60000000000001
1732454100000,LONG,4.853744713206286,0.1577203206368503,5.2037447132062855,True,AR/USDT,-0.07527162998188183,99.2
1732454100000,LONG,6.447745845818584,-0.0960121774487022,6.797745845818583,False,BIGTIME/USDT,-0.1356303345292589,97.8
1732464900000,LONG,3.915553470919317,0.6716364430158945,4.2655534709193175,True,ALGO/USDT,-0.08736639847399065,98.8
1732492800000,SHORT,-6.068591654247397,-0.2846239352823327,5.718591654247398,True,AXS/USDT,-0.03538662160503399,83.2
1732492800000,SHORT,-1.7508620689655063,0.595986980834443,4.190948275862049,False,FLOW/USDT,-0.06473093169622726,98.0
1732492800000,SHORT,-1.4354059418222422,0.4390592499067155,5.659328288779979,False,BLUR/USDT,-0.055789302347488245,98.0
1732492800000,SHORT,-1.0682845674448085,0.0927260971896012,4.993450934826213,True,CHZ/USDT,-0.10311392207986532,98.6
1732492800000,SHORT,1.810977137488253,0.6847991122678979,6.655788704457659,False,ENJ/USDT,0.028789491564000746,24.6
1732492800000,SHORT,3.7506228912535504,0.1407053650411501,4.100622891253551,True,GALA/USDT,-0.1174476383665608,97.0
1732495500000,SHORT,5.966719846841079,1.2581401390435218,6.316719846841079,False,BAT/USDT,0.06535909866468013,22.6
1732527900000,SHORT,2.4746831727615013,0.5510624503676469,10.271466556165612,True,CAKE/USDT,-0.05556455851564937,15.6
1732534200000,SHORT,-7.535452306609775,0.0218330388189256,7.185452306609776,True,ENS/USDT,-0.06682348474181513,96.0
1732534200000,SHORT,-5.313050697365495,0.368649923808732,4.963050697365495,True,ARB/USDT,-0.010428823309386227,99.6
1732535100000,SHORT,4.151620456830904,0.1556824853780186,4.501620456830904,False,BLUR/USDT,-0.07741198272099482,35.6
1732540500000,SHORT,4.484358047016241,0.9917712997430752,4.834358047016241,True,CRV/USDT,-0.10613369690863622,16.0
1732547700000,LONG,-2.904620213128317,0.2107771907854989,4.149542601333262,True,DOGE/USDT,-0.015657732530665765,97.0
1732547700000,LONG,-2.657692307692318,0.4712418917903213,4.353736263736263,True,ALGO/USDT,-0.05796039584032749,35.8
1732547700000,LONG,-2.291747572815536,-0.0035153743416906,4.379264909847428,False,ALICE/USDT,-0.08945479956303426,22.2
1732575600000,LONG,1.3545454545454565,0.0084442093357118,4.194531249999998,False,ALICE/USDT,-0.07887677850937955,96.8
1732575600000,LONG,2.009978798051446,0.2770281701225358,4.0948358111007295,True,DOGE/USDT,-0.01857111124962415,95.19999999999999
1732621500000,LONG,-0.0455312619869531,0.332817313490436,4.6597238204833085,True,1000BONK/USDT,-0.13078774648045965,89.0
1732621500000,LONG,3.683018396320746,1.031123843862668,4.033018396320746,True,AVAX/USDT,-0.1130581762893166,68.2
1732621500000,LONG,3.6966878980891695,0.4628435225209391,4.0466878980891705,True,DOT/USDT,-0.08502750872625044,98.2
1732622400000,LONG,-1.650056308171326,0.7916597345209596,4.783434356817168,True,1000PEPE/USDT,-0.03234601542097095,95.19999999999999
1732622400000,LONG,-0.35,0.3277565516158757,4.563199912510934,True,ADA/USDT,0.014440932318686523,46.0
1732622400000,LONG,0.2381266977872748,0.414234089221586,4.073228367223159,True,DOGE/USDT,-0.016720740586070003,95.19999999999999
1732622400000,LONG,0.9096576674433576,0.5044806685467452,4.581166453511818,True,APT/USDT,-0.11373190967240102,97.39999999999999
1732667400000,SHORT,0.2955997281685398,0.7242433832316322,5.75293917770981,True,ALGO/USDT,-0.05045178637363847,35.8
1732683600000,SHORT,-4.652958410161834,0.4590024709004068,4.302958410161835,True,ENS/USDT,-0.027797097660490742,45.6
1732714200000,SHORT,-4.359064327485369,-0.3039547669690338,4.009064327485369,True,CAKE/USDT,-0.0613492015929563,93.2
1732755600000,SHORT,0.1787430602473334,0.5434316227410102,9.365684575389936,True,ENS/USDT,0.005545639025440112,45.6
1732761900000,SHORT,-2.375701082484021,0.1772774351974748,4.160378552889771,False,BIGTIME/USDT,-0.19419192745933025,88.0
1732797000000,SHORT,5.85368930455114,0.5749414055322892,6.20368930455114,True,ENS/USDT,-0.010994256594037237,97.2
1732817700000,SHORT,1.3182775139723617,0.1201618420312551,4.510602176744947,True,ARKM/USDT,-0.07935609502282479,91.8
1732839300000,SHORT,0.2453798523457971,0.9870263520124088,5.053441295546559,False,BICO/USDT,-0.10899015342965183,
1732842000000,SHORT,-5.687488789237644,0.570099513274685,5.337488789237645,True,ALGO/USDT,-0.0879057801573677,99.2
1732896000000,SHORT,-6.775983436852977,0.5943611813639564,6.425983436852977,True,ALGO/USDT,-0.04947568313107021,98.8
1732923000000,SHORT,5.034126278345935,0.9111671716931676,5.384126278345935,True,ALGO/USDT,-0.07493518836603397,98.2
1732940100000,SHORT,0.0182554480829769,0.3006933837554123,5.665074000699215,True,ENS/USDT,0.007284400285010257,45.6
1732953600000,SHORT,-0.9471520440973838,1.304748055020552,4.277599142550909,False,EDU/USDT,-0.03992294559823136,97.8
1732955400000,SHORT,-4.547788441477155,0.0946094997693424,5.029355309826816,True,AR/USDT,-0.06881892735354245,93.4
1732977900000,SHORT,-1.4192328254477422,-0.0367317080984891,4.814974605720383,True,FET/USDT,-0.03528651647264747,99.4
1733000400000,SHORT,3.804892739992429,0.5068409468915471,4.154892739992429,False,ENJ/USDT,-0.05857624967174974,98.6
1733055300000,SHORT,-3.817492260061916,0.311304817812654,8.642807017543868,True,ALGO/USDT,-0.0961878875880611,98.0
1733081400000,SHORT,1.0087431625746186,0.5613242956610078,4.175517646177269,False,BLUR/USDT,-0.04569591943635279,98.8
1733090400000,SHORT,-4.89650017901897,-0.0026475693792535,4.54650017901897,True,ADA/USDT,-0.10226433014554087,98.0
1733100300000,SHORT,1.4879415055138137,0.179241902752071,4.499872143199607,False,GAS/USDT,-0.01303198571621978,97.39999999999999
1733103900000,SHORT,-5.581207989245241,0.8914133580043639,5.231207989245242,False,DASH/USDT,0.06010558151363,99.8
1733111100000,SHORT,-2.890476503883121,0.2689565430364539,5.515019086481496,False,COMP/USDT,-0.049154957765432515,46.800000000000004
1733111100000,SHORT,-0.6619297203242489,0.6532578926176477,4.6992721639858965,True,AVAX/USDT,-0.055542715271542906,99.6
1733123700000,SHORT,4.090213049267642,0.8930911038082692,4.4402130492676415,True,CRV/USDT,-0.07240697677507477,99.8
1733130000000,LONG,-0.6269332354376125,0.9002534952647239,4.051947156013951,True,1000PEPE/USDT,0.042713126101524994,39.2
1733130000000,LONG,1.2648223695393463,0.2514203249340527,4.858779534251227,False,GAS/USDT,0.0531894624685893,90.8
1733130000000,LONG,3.6647112161345183,0.5358280049582512,4.014711216134518,False,BLUR/USDT,-0.008400038089528286,95.8
1733148900000,SHORT,4.4873271785633735,0.3920135589165465,4.837327178563373,True,ENS/USDT,-0.0061151892946931545,96.2
1733171400000,SHORT,-5.2566123778501455,0.7481708834566179,4.906612377850146,False,CHR/USDT,0.09127151657000838,98.4
1733185800000,SHORT,-4.541425418116972,0.0825317087918033,4.191425418116973,True,CHZ/USDT,0.022430370307078406,97.2
1733186700000,SHORT,-0.116379951152169,-0.3752861862825951,5.13553148561113,True,AXS/USDT,-0.05177726806155608,79.4
1733188500000,SHORT,-4.7249027237354,0.6494406750742722,4.3749027237354,False,BIGTIME/USDT,-0.00910387384255414,91.0
1733197500000,SHORT,-4.823732119635885,0.7296870132836502,4.473732119635885,True,CRV/USDT,-0.04387146300297347,99.2
1733207400000,SHORT,-3.968881118881128,0.1873957365785828,5.9988636363636365,True,ALGO/USDT,-0.10170065956450565,97.0
1733208300000,SHORT,-5.158107526881716,0.8984389016258734,4.808107526881717,False,ANKR/USDT,0.0033040051645222925,99.8
1733208300000,SHORT,-4.57218758855199,0.7802724120595103,4.22218758855199,False,CHR/USDT,-0.05917792268194206,93.2
1733208300000,SHORT,-0.7470600658950732,0.4662838281226902,4.536715383965518,True,CFX/USDT,-0.006191161976483512,97.6
1733208300000,SHORT,0.9265957446808528,0.3687862349665536,5.1112959381044325,True,GALA/USDT,0.017005202486070833,98.4
1733208300000,SHORT,3.9854354175359066,-0.2624015251988597,4.335435417535907,True,APE/USDT,0.0897834961116143,96.0
1733210100000,SHORT,2.5505384537234685,0.6039261793288414,10.596977547495676,False,BIGTIME/USDT,-0.060980171056913404,91.0
1733231700000,SHORT,5.828950050968399,1.2282365748326425,6.178950050968399,False,DASH/USDT,0.000601976671560094,99.8
1733232600000,SHORT,4.82639027639026,0.496052510772644,5.17639027639026,False,COMP/USDT,0.012464381888730081,46.0
1733232600000,SHORT,5.132346609257248,0.7697202403025791,5.482346609257248,True,CRV/USDT,-0.020048195501880556,99.4
1733237100000,LONG,-0.0083902682886191,-0.0356337041488154,5.300783202799535,True,ADA/USDT,0.014412067057232626,99.4
1733237100000,LONG,1.055923559051248,0.2721746617701935,4.921708246282415,True,DOGE/USDT,-0.05547475118771565,99.2
1733237100000,LONG,1.0700051876980368,0.8679148172148965,4.489936374409392,True,1000PEPE/USDT,-0.035509099798860376,98.4
1733237100000,LONG,1.9780969589694508,0.1201473371225712,6.341755783366512,True,1000BONK/USDT,-0.036912712578684406,98.6
1733237100000,LONG,2.006020942408369,0.6489845572997467,4.897798178297367,True,1000SHIB/USDT,0.01885049655935642,
1733237100000,LONG,2.383214497920387,0.3304389748400901,4.9897900574371175,True,ARB/USDT,-0.06392448649711475,99.6
1733237100000,LONG,2.477638959714436,0.2929396205474524,5.335841407445182,True,ENS/USDT,-0.01004149489785782,96.2
1733237100000,LONG,3.3701838208476134,-1.3470875343521709,4.285381865927491,False,AGLD/USDT,-0.0020308858150289984,99.0
1733237100000,LONG,4.027590298774347,0.697609957261696,4.377590298774346,True,CAKE/USDT,-0.0011730765429331666,91.60000000000001
1733237100000,LONG,4.233612769553735,0.5546999637049289,4.583612769553735,False,BLUR/USDT,0.03486441358262249,99.2
1733237100000,LONG,4.628238078597066,0.4898285019142672,4.978238078597066,False,ACE/USDT,-0.00863216206762387,98.4
1733237100000,LONG,4.73200241407789,-0.3032575161125821,5.082002414077889,True,APE/USDT,0.07931248335163081,98.2
1733237100000,LONG,5.487977737566485,0.6284605958914623,5.837977737566485,False,BIGTIME/USDT,-0.08560972593170953,87.6
1733237100000,LONG,5.6044460198501085,0.2364131058217571,5.954446019850108,True,GALA/USDT,-0.007754217214294986,99.8
1733238000000,LONG,1.4270597738287467,0.0815616081106133,4.434033387183627,True,ATOM/USDT,-0.0259801720643744,99.8
1733238000000,LONG,3.9479942693409744,-0.4334112159069465,4.893627507163321,True,AXS/USDT,-0.015959039237380117,79.2
1733263200000,SHORT,3.342890801065346,-0.2539342374244061,6.767819094447862,True,APE/USDT,0.02898139023858402,96.8
1733270400000,SHORT,-5.283894645941264,0.482550956004058,4.9338946459412645,True,CFX/USDT,-0.0033984815259228162,96.0
1733270400000,SHORT,-0.575988700564972,-0.0317519046068986,9.734999999999994,False,GAS/USDT,0.1135480105248626,99.6
1733272200000,SHORT,0.0296308417332129,0.0948480314518862,5.630776279617741,False,ARK/USDT,0.05516473494123385,99.8
1733273100000,SHORT,-1.0398594150131588,0.639608878955716,5.333958155497098,True,BCH/USDT,0.008074748585820246,99.8
1733274000000,SHORT,-5.497539543057991,-0.0450033169852713,5.147539543057992,False,FLOW/USDT,0.07630122093804284,99.8
1733277600000,SHORT,-3.071490487447951,-0.0277162133220225,4.71487110210513,True,ETC/USDT,0.0035995356855282857,99.6
1733281200000,SHORT,-4.623319502074667,0.6525013052841572,4.273319502074667,False,BLUR/USDT,0.012773728036506568,99.4
1733301000000,SHORT,-8.493146274149018,0.425403473431218,8.143146274149018,True,CRV/USDT,-0.05288992515184164,99.2
1733302800000,SHORT,1.7072625018259782,0.8087878667969223,10.37541997370596,True,CAKE/USDT,-0.014998663372087983,98.4
1733305500000,SHORT,-4.5076923076922935,0.0070653476066042,4.157692307692294,False,FLOW/USDT,0.06378234664435214,97.39999999999999
1733313600000,SHORT,-6.557003287070843,0.2987778191768809,6.207003287070843,False,COMP/USDT,0.10480213334539192,99.0
1733313600000,SHORT,-4.919220537376951,1.2923021313394158,4.569220537376951,False,EDU/USDT,-0.028718941029312224,99.8
1733318100000,SHORT,-5.921997164269772,-0.2698116845517448,5.5719971642697725,True,APE/USDT,0.02607667395378284,99.8
1733319000000,SHORT,3.8799829642248542,-0.361205913353806,4.229982964224854,True,AXS/USDT,-0.02925984457426342,78.60000000000001
1733319000000,SHORT,4.156826801517069,0.0361956523877447,4.506826801517069,True,CHZ/USDT,0.05113171406825302,99.4
1733320800000,SHORT,3.86266476665478,0.4427805109041008,4.21266476665478,True,DOT/USDT,-0.031229705648715574,98.8
1733323500000,SHORT,6.341248937977896,0.4211301761675227,6.691248937977895,True,CRV/USDT,-0.03905856024072723,99.2
1733328000000,SHORT,-5.037605633802817,0.2488860067191757,4.687605633802817,True,GALA/USDT,-0.009726659739448449,97.2
1733343300000,SHORT,5.635446502211887,0.8453304785336856,5.985446502211887,False,COMP/USDT,0.0930092187139014,99.6
1733358600000,SHORT,4.368195032547537,0.6503808061859795,4.718195032547537,True,1000SHIB/USDT,0.00823721841378928,
1733400900000,SHORT,0.5948361072752348,-0.2299188736985265,4.382273421033514,True,CHZ/USDT,0.050100927535031495,99.8
1733403600000,SHORT,-3.279705215419498,0.71032938074049,4.953374149659851,False,BIGTIME/USDT,-0.012059453151942992,99.2
1733418000000,SHORT,-5.190728210085367,0.1636931807591757,4.840728210085367,False,DASH/USDT,-0.007588289222519286,99.6
1733421600000,SHORT,4.455696837878515,0.4849726904782781,4.805696837878514,False,COMP/USDT,0.09192143184832105,99.6
1733436900000,SHORT,1.924700468831404,0.9199659202621536,9.025525264802898,False,ANKR/USDT,0.0013442193696961324,99.6
1733438700000,LONG,1.0191229043456178,1.3499935114497663,6.9213778998640105,True,BTC/USDT,-0.12950484078085725,99.4
1733467500000,SHORT,5.394614079728577,0.9446732253591212,5.744614079728577,True,DYDX/USDT,0.02601830495914718,97.39999999999999
1733477400000,SHORT,-0.8293819231127151,1.239181569368892,4.977492320580827,False,AUCTION/USDT,0.023733659529620692,91.60000000000001
1733498100000,SHORT,-9.085660218671128,-0.0980840325316008,8.735660218671129,True,CRV/USDT,-0.08151427130498419,99.4
1733522400000,SHORT,0.1748868778280567,0.6498294883564731,4.221230769230773,False,1INCH/USDT,0.014134202805490657,94.39999999999999
1733531400000,SHORT,4.749802254300952,0.1744476828796863,5.099802254300951,True,ALGO/USDT,-0.05224303786170282,33.800000000000004
1733553000000,SHORT,5.651508120649655,0.9445832607099108,6.001508120649655,True,DYDX/USDT,0.029359514280768925,96.8
1733555700000,SHORT,1.4971104608632038,0.5961790743974174,5.821269202633503,False,1INCH/USDT,0.003641867757174887,99.0
1733590800000,SHORT,-0.8937553101104517,0.6172560586815525,4.373355989804579,False,BIGTIME/USDT,-0.03137667552176817,66.0
1733602500000,SHORT,4.634429354254469,0.8782532871309772,4.984429354254469,True,1000PEPE/USDT,0.09167220060681483,98.4
1733670000000,SHORT,2.4415353444394428,-0.1746198179453818,4.003106708689779,True,CHZ/USDT,0.027406091564676657,95.39999999999999
1733674500000,SHORT,-3.013064453878809,1.0072539029918983,4.7904670011578245,True,DYDX/USDT,-0.017593203056170178,96.6
1733675400000,SHORT,-5.207354509445443,1.2187755673727907,4.857354509445443,False,API3/USDT,-0.04796613084750563,84.2
1733683500000,SHORT,-1.5645196506550243,0.3648185526217141,4.39248089519651,False,ARPA/USDT,-0.04155116296209627,94.19999999999999
1733702400000,SHORT,5.423032773249036,0.5390024926180095,5.773032773249035,False,1INCH/USDT,-0.028458672109384887,96.6
1733704200000,SHORT,3.2977799372103416,-0.6104047715600119,4.483540140529209,False,GAS/USDT,-0.06875605394732258,94.8
1733778900000,LONG,-1.7440759210231027,0.8505781390292224,6.306875187612064,True,ETH/USDT,-0.0009261069035298311,86.2
1733779800000,LONG,-0.6528538147932335,0.5724428454210136,8.10993011065812,True,BNB/USDT,0.024490445112581975,90.60000000000001
1733780700000,LONG,-11.173052018130797,-0.5971551362724269,10.823052018130795,False,DASH/USDT,0.09826546649446297,14.000000000000002
1733780700000,LONG,-4.307619196011211,-0.1765113282340351,11.891077977802809,True,DOGE/USDT,-0.10554752017268652,44.800000000000004
1733780700000,LONG,-3.009574468085117,0.7840939974551369,11.226134230287864,False,DUSK/USDT,0.020281217239898956,21.2
1733783400000,LONG,-2.281004556302878,0.4504804956833337,6.378476893035352,False,1INCH/USDT,-0.014290890259983669,17.599999999999998
1733783400000,LONG,-1.8651515151515168,0.0046482977492839,7.31352813852815,False,FLOW/USDT,-0.03886239662876582,37.6
1733783400000,LONG,-1.667957166392087,-1.3506381438035586,7.308017572762206,False,AGLD/USDT,0.020432422623925143,46.6
1733783400000,LONG,-0.6294857462269364,-0.9174154717612056,6.188746040618602,False,GAS/USDT,-0.04090660334980425,12.2
1733783400000,LONG,-0.6126641651032021,0.362651755820797,6.435384615384628,False,BAT/USDT,-0.09931106048376272,21.4
1733783400000,LONG,-0.4276397515528053,-0.1702063047139327,7.353697593167709,True,CHZ/USDT,0.03101005517236351,60.199999999999996
1733783400000,LONG,-0.4109756097560854,-0.0751650397095497,6.440060975609745,False,BSV/USDT,-0.012659651946663826,12.0
1733783400000,LONG,-0.1494138041345032,0.0372586262308052,7.559779873941945,True,APT/USDT,0.022560417826169625,32.800000000000004
1733783400000,LONG,-0.0790672171332806,0.2648357236882451,6.955813586777354,False,ASTR/USDT,-0.03273479645926023,26.0
1733783400000,LONG,0.1108401648835117,0.5057187722182527,6.926348941688677,False,EGLD/USDT,0.011239950148618512,24.6
1733783400000,LONG,0.4213162014586307,0.3743053665579974,6.8783955095650855,True,1000SHIB/USDT,-0.08054753453680775,
1733783400000,LONG,0.4426975738649885,0.2963104140066029,8.957590679798226,True,DOT/USDT,-0.041857124100540995,44.4
1733783400000,LONG,0.478491499892408,0.3954123332148222,8.753152571551535,True,ARB/USDT,0.02465624539772042,86.8
1733783400000,LONG,0.6274261112403928,0.6623999979031001,7.724714917384219,False,ANKR/USDT,-0.006874927282649872,19.6
1733783400000,LONG,0.7156652796102777,0.1170128202342909,7.02896579721912,True,ADA/USDT,-0.05275720193975539,43.6
1733783400000,LONG,0.9638397708189302,-0.1174885142481531,6.583572063617509,True,ETC/USDT,0.012235120668926952,41.0
1733783400000,LONG,0.9940197287299628,-0.1157565816673797,6.581960542540062,True,ATOM/USDT,0.029098152921498126,54.800000000000004
1733783400000,LONG,1.0013513513513526,0.8596308949474317,7.4039312039312035,False,CELO/USDT,-0.0056611932640235835,17.8
1733783400000,LONG,1.1183922349427615,-0.1508125638431583,8.339522150323543,True,ALGO/USDT,-0.09244842879499282,94.0
1733783400000,LONG,1.1186431014823222,0.5899448345938598,6.779931584948685,True,AVAX/USDT,0.01403830600146061,64.4
1733783400000,LONG,1.3488094409246116,-0.2477339623612893,8.532555872728521,True,APE/USDT,0.00456207908459074,56.599999999999994
1733783400000,LONG,1.4032674529805504,-0.1007618130844005,8.467963021995546,True,ARKM/USDT,-0.037839730476812945,25.8
1733783400000,LONG,1.5904155233241903,0.6854565548445176,7.442365738925901,False,API3/USDT,-0.06353691610146654,33.4
1733783400000,LONG,2.096774706069269,0.4083188559266731,7.090287045863788,False,ACH/USDT,0.019094817018772095,88.2
1733783400000,LONG,2.4749906611878987,0.3397361697984495,6.738415203586104,True,AR/USDT,-0.02060684908798969,37.0
1733783400000,LONG,2.6535335689045936,0.0641053636489297,9.239531802120135,True,GALA/USDT,-0.011914796513770753,26.6
1733783400000,LONG,2.688810900082579,0.783581158810714,8.055359207266727,True,FIL/USDT,-0.005954626980039369,36.0
1733783400000,LONG,3.035306072923609,-0.0334667620798283,7.262003276102659,True,FET/USDT,0.003444463426208222,28.199999999999996
1733783400000,LONG,3.3453727506426767,0.2259921714003055,7.412275064267343,False,COMP/USDT,-0.015449467295108897,42.6
1733783400000,LONG,4.706179775280903,0.6699483086347184,7.021348314606746,False,CHR/USDT,-0.01367928012641917,22.2
1733783400000,LONG,4.825649023948484,0.13432249360198,5.175649023948472,True,AAVE/USDT,0.0010724224659648708,91.0
1733783400000,LONG,6.691891117478493,0.9329944210853672,7.041891117478492,False,BICO/USDT,-0.022856937640230553,
1733783400000,LONG,6.940310582108979,0.9561653375595068,7.290310582108979,True,CAKE/USDT,-0.019996025845212633,9.0
1733783400000,LONG,8.4471590909091,0.7481397752349461,8.797159090909087,True,DYDX/USDT,-0.0030296338030567603,89.60000000000001
1733783400000,LONG,8.836775702326694,-0.1056671222924164,9.186775702326694,True,ENS/USDT,0.016007877813064838,42.6
1733784300000,LONG,-2.9888705633988675,-0.4862389868650155,8.995302810397147,True,AXS/USDT,-0.041307375353626566,75.4
1733784300000,LONG,0.6619088593653192,0.4663006503335264,9.729875404419358,False,COTI/USDT,-0.03383262376149631,87.0
1733784300000,LONG,1.8213316369804853,0.1576216085918477,8.773231552162851,False,ARPA/USDT,-0.007174688693467788,23.0
1733785200000,LONG,-2.6898565698310537,0.8495412637013006,10.188805153762011,False,AUCTION/USDT,-0.025886526918698555,1.6
1733785200000,LONG,-2.481893121091532,0.3925535297859021,11.250562819783967,False,BIGTIME/USDT,0.009129390361340847,71.8
1733785200000,LONG,-0.906353194544144,0.5743637037772453,10.62070351758795,False,ACE/USDT,0.002580811151348375,5.800000000000001
1733785200000,LONG,-0.8943460589345363,0.4655415177038304,9.518885179271308,False,CKB/USDT,0.01106944667022441,32.4
1733785200000,LONG,-0.4886001386001387,-0.0357123194231669,11.07837837837838,False,ALICE/USDT,-0.005625847290389632,89.4
1733785200000,LONG,-0.1030689995766973,0.3935120341564604,11.019825031748278,False,ENJ/USDT,-0.10245864350169942,23.599999999999998
1733785200000,LONG,0.0763758056519582,0.138059976224957,9.67684184432325,True,CFX/USDT,-0.009994972167472678,37.4
1733786100000,LONG,-5.309926116286536,-0.0560416679832259,4.959926116286536,False,ARK/USDT,-0.10704365197419068,34.599999999999994
1733786100000,LONG,-5.013349104427181,1.1720440302593491,4.663349104427182,False,EDU/USDT,-0.03607510982547169,88.6
1733802300000,LONG,5.852386415787049,-0.325613555170144,6.202386415787049,False,DASH/USDT,0.13907175050208,14.000000000000002
1733849100000,LONG,-5.805726922204581,0.232236269499813,5.455726922204581,True,GALA/USDT,-0.004878849539667598,26.400000000000002
1733849100000,LONG,-5.584011778076248,0.1194405230992388,5.2340117780762485,True,DOGE/USDT,-0.05407699044202298,44.800000000000004
1733849100000,LONG,-5.513767695099818,-0.0476855845928464,5.163767695099819,True,APE/USDT,0.07218745588047094,56.00000000000001
1733849100000,LONG,-5.212661347101627,-0.3419801502312974,4.862661347101628,False,DASH/USDT,0.11908095626098342,14.000000000000002
1733849100000,LONG,-5.133349538162373,1.282891562617862,4.783349538162374,False,CYBER/USDT,-0.004213353139727442,2.8000000000000003
1733849100000,LONG,-5.056982703395254,0.5495973290894554,4.706982703395254,False,DUSK/USDT,0.018825215353626936,11.600000000000001
1733849100000,LONG,-4.86355265622073,0.7904694193405063,4.51355265622073,False,BIGTIME/USDT,-0.02356898291437074,3.8
1733849100000,LONG,-4.853343717549313,0.3115156954852487,4.503343717549313,True,CFX/USDT,0.017777683166383215,37.4
1733849100000,LONG,-4.772932330827077,0.0219291708079806,4.422932330827077,False,ALICE/USDT,0.02523915341900395,16.8
1733849100000,LONG,-4.76534748437403,1.106757019369444,4.41534748437403,True,CAKE/USDT,0.000955955801144517,8.4
1733849100000,LONG,-4.731396666509273,0.4359277017747913,4.381396666509273,True,AR/USDT,0.0052621240182916754,36.8
1733849100000,LONG,-4.7018837140314345,1.029852804265826,4.351883714031435,False,BICO/USDT,-0.017747367539594636,
1733849100000,LONG,-4.673607142857145,0.0674851556287727,4.323607142857146,False,ARPA/USDT,0.023582154724651385,23.0
1733849100000,LONG,-4.642944823310597,0.4085452166322043,4.292944823310598,True,DOT/USDT,-0.04340164736788595,44.0
1733849100000,LONG,-4.6229839974898175,0.3887514292800167,4.272983997489818,False,CKB/USDT,0.012668295646708601,28.4
1733849100000,LONG,-4.605195751770085,-0.069253571320781,4.255195751770086,True,CHZ/USDT,0.027470247080634187,60.199999999999996
1733849100000,LONG,-4.495643715107417,-1.3253264882388958,4.1456437151074175,False,AGLD/USDT,0.015698486754451707,46.6
1733849100000,LONG,-4.484615384615384,1.0795237789776266,4.134615384615384,False,CELO/USDT,0.013761938895854496,17.8
1733849100000,LONG,-4.476285300506876,0.6461410880809478,4.1262853005068765,False,ANKR/USDT,0.008359343980737706,19.400000000000002
1733849100000,LONG,-4.432272646693867,0.1142157160161571,4.082272646693867,False,ARK/USDT,-0.04241939829302585,34.599999999999994
1733849100000,LONG,-4.423846474946695,0.3048390515392286,4.073846474946695,False,ASTR/USDT,-0.025955925899991253,25.6
1733849100000,LONG,-4.3989256553502445,0.4946119736573324,4.048925655350245,False,EGLD/USDT,0.0212898811437808,24.6
1733849100000,LONG,-4.388091885231487,1.0753982957004855,4.038091885231488,False,EDU/USDT,0.007134446543029153,33.6
1733849100000,LONG,3.49435236894254,0.4051801550901605,5.364925238695729,False,ACH/USDT,0.017542425826107308,26.0
1733854500000,LONG,3.888940146676112,-0.0138902060590574,4.2389401466761125,True,1000BONK/USDT,-0.03147067243578768,8.0
1733962500000,SHORT,-2.37770360480641,0.0319044310781658,4.0327937249666,True,CHZ/USDT,0.044600421111948556,56.99999999999999
1733977800000,SHORT,0.7411714311479788,0.5531622899385771,4.840589773649545,False,COMP/USDT,0.0076963751743784024,42.0
1734010200000,SHORT,2.948587850692677,0.8597103471330018,4.436276427556997,True,AAVE/USDT,-0.008852202436804657,52.6
1734095700000,SHORT,0.8605984467793574,0.1803836807404942,4.355070808588381,True,ALGO/USDT,-0.0029638864296802586,33.800000000000004
1734420600000,SHORT,0.560392212997428,1.2024750392323331,4.406183796163735,False,BIGTIME/USDT,0.006987857646096153,3.8
1734576300000,LONG,-2.000472514308528,-0.0914266351374784,4.4536137361906025,True,ATOM/USDT,0.03309078429587926,27.200000000000003
1734576300000,LONG,-1.127977259126279,0.8362900664567892,6.266487133453024,True,DYDX/USDT,0.02423557480296609,17.8
1734576300000,LONG,-1.0915254237288026,-0.090105518180053,5.791949152542367,True,CRV/USDT,-0.07306877061053264,15.0
1734576300000,LONG,-1.0593995439574249,0.1353776326612397,6.539143653407652,True,GALA/USDT,0.05742049487465847,26.400000000000002
1734576300000,LONG,-0.9844307270233196,0.485853440990532,5.736316872427978,True,CFX/USDT,0.021412157920605936,36.4
1734576300000,LONG,-0.9263688760806922,1.3848751842292113,5.184438040345808,False,CELO/USDT,0.014860358385139247,17.599999999999998
1734576300000,LONG,-0.6560933940774466,0.1433898592180143,4.657616742596826,True,FET/USDT,0.08037925330576803,21.6
1734576300000,LONG,-0.6127134546819417,1.2531419644582165,5.033364608744612,False,EDU/USDT,0.0380738968957207,30.2
1734576300000,LONG,-0.6113038732510807,0.3991019799763153,5.612628584659142,True,1000BONK/USDT,0.046259425461813705,6.0
1734576300000,LONG,-0.5703638829246326,0.523282841228169,6.074240027121715,True,AR/USDT,0.03288738766150649,35.8
1734576300000,LONG,-0.4324402308326555,0.3686485237493502,5.80692497938996,False,ALICE/USDT,0.1121195922033317,18.8
1734576300000,LONG,-0.3856083086053505,0.3905307417461004,5.353044510385771,True,ARB/USDT,-0.000574783233614915,39.2
1734576300000,LONG,-0.35,0.8815045482480124,5.278242205151386,False,COMP/USDT,-0.05106670664462766,38.800000000000004
1734576300000,LONG,-0.35,1.0883876501051024,5.382745098039222,False,BICO/USDT,0.09277810076188811,
1734576300000,LONG,-0.1642695356738495,0.766560875730689,4.87061834654587,False,ACE/USDT,0.05429372022738258,6.2
1734576300000,LONG,-0.1339289885540739,1.699454739822465,5.516725064237328,False,API3/USDT,0.053693161048905515,23.400000000000002
1734576300000,LONG,-0.121365499842333,0.6103609041861802,5.676442762535487,False,ASTR/USDT,0.04753125931723093,11.4
1734576300000,LONG,-0.0533202878424488,0.3269520491441807,10.161753566468882,True,ARKM/USDT,0.07696430293757962,24.0
1734576300000,LONG,-0.0305111821086259,0.42729389264369,4.985050585729496,True,DOT/USDT,0.021196206257864458,42.0
1734576300000,LONG,0.0516064257028202,1.1912407709184547,5.335514242400056,False,EGLD/USDT,0.027853389617175654,23.799999999999997
1734576300000,LONG,0.0608977221974021,0.4299433677780652,4.877561411344362,False,CKB/USDT,0.043478564007288945,22.400000000000002
1734576300000,LONG,0.1920965268001563,0.6347908047525147,4.263448406278241,True,BCH/USDT,0.0730724357714688,63.4
1734576300000,LONG,0.2059815950920273,0.5789479198445693,4.887423312883433,False,ARK/USDT,0.0467424426264422,34.8
1734576300000,LONG,0.2785642925529747,0.3839250555299441,5.769949631603042,False,ENJ/USDT,0.09501206044713725,21.6
1734576300000,LONG,0.2968440271257155,0.1313782608699155,4.699906103286384,True,ADA/USDT,0.0399595072098444,32.800000000000004
1734576300000,LONG,0.2974820143884977,0.9988163406069924,4.800845323740989,True,FIL/USDT,0.0435826879383561,32.0
1734576300000,LONG,0.323076923076929,0.5281823070515999,4.877572115384615,False,1INCH/USDT,0.028153809626924164,17.4
1734576300000,LONG,0.3255825175789388,0.9915483673926988,6.245160623190405,False,BLUR/USDT,0.046025247017797394,26.200000000000003
1734576300000,LONG,0.3500271700043167,0.2128944881960396,4.806250699228057,True,1000PEPE/USDT,0.06856011195150956,8.0
1734576300000,LONG,0.3641287629092615,1.0099038024864624,6.134637076100479,True,CAKE/USDT,0.05358740547973351,8.0
1734576300000,LONG,0.3803974221267413,0.2353158962569142,4.497894736842122,False,GAS/USDT,0.03789872190767251,8.799999999999999
1734576300000,LONG,0.4217303005686373,0.7512688847281611,6.657798537774169,False,CHR/USDT,0.0825211723694039,20.599999999999998
1734576300000,LONG,0.4587379509982501,0.8552986250576778,4.346435286042548,True,AAVE/USDT,-0.042131539513847245,50.8
1734576300000,LONG,0.4756324799272895,0.548291241312433,5.291796697470088,False,COTI/USDT,0.0704052699847639,12.2
1734576300000,LONG,0.4793612964728287,0.7448767482962623,4.62207578646331,True,AVAX/USDT,0.0489244145917844,60.199999999999996
1734576300000,LONG,0.4797238004162549,0.4197414602249336,4.657703774540141,True,DOGE/USDT,0.05717431798620491,1.2
1734576300000,LONG,0.4920515437611615,1.267107334998079,4.701148252105132,False,CYBER/USDT,-0.012554290662226174,4.2
1734576300000,LONG,0.5543927648578819,0.3560451224939754,4.421963824289403,False,FLOW/USDT,0.05332357861362329,35.0
1734576300000,LONG,0.5608653220559612,0.0771050146092392,5.759607460420739,True,CHZ/USDT,0.031661413395691014,58.4
1734576300000,LONG,0.5613001215066837,1.529827396716666,4.661117861482376,False,CTSI/USDT,0.04688413915460017,
1734576300000,LONG,0.6263670864240168,0.3624404208484609,4.637474555804728,True,ETC/USDT,0.006055296995044818,38.2
1734576300000,LONG,0.6736319979780115,0.2671579979320648,4.659433843043096,True,1000SHIB/USDT,0.03871150869689986,
1734576300000,LONG,0.7758671952428128,0.7538521006526512,5.098247770069371,False,ACH/USDT,0.039579628704800154,25.2
1734576300000,LONG,0.8384550084889631,0.453543968068415,5.251146010186763,False,BAT/USDT,0.06955011380316392,20.0
1734576300000,LONG,0.9346308620956396,-0.3352862426890228,4.728710725893822,True,AXS/USDT,-0.004895896050755184,3.4000000000000004
1734576300000,LONG,0.9551422605063952,0.3705656780205726,5.114539284782048,False,DASH/USDT,0.04205461472622957,12.6
1734576300000,LONG,1.0550013982221311,0.2630958858941436,4.8681857855890005,True,APT/USDT,0.03325488677648868,14.2
1734576300000,LONG,1.2461691939345665,0.8777757495457826,5.339372173450386,False,ANKR/USDT,0.03406096667318653,18.2
1734576300000,LONG,1.256648199445991,-0.3695356317238661,5.160720221606645,True,ALGO/USDT,-0.012917697099443973,31.6
1734576300000,LONG,1.4848623853211076,0.7146677495209455,5.087468280304497,False,ARPA/USDT,0.06170047975335352,22.8
1734576300000,LONG,4.697344364730382,0.4180040027650883,5.047344364730382,False,AUCTION/USDT,0.10477416988643777,2.1999999999999997
1734632100000,LONG,1.593945143465822,0.3158971151945662,6.41302176952267,True,ARKM/USDT,0.10555101122367645,8.6
1734633900000,LONG,-4.556494632535082,0.7448146053672061,4.206494632535082,False,ACH/USDT,0.05067789556445856,25.0
1734640200000,LONG,3.419384308306458,0.1273093039960887,4.524965453707964,True,FET/USDT,0.06745057834954915,14.799999999999999
1734640200000,LONG,3.4917147568013127,-0.4460539559504551,4.212382522671072,True,AXS/USDT,-0.004686155834207268,2.8000000000000003
1734640200000,LONG,3.50846992803017,0.403934855590448,5.171047208395437,True,DOGE/USDT,0.10176273150996357,24.0
1734640200000,LONG,3.668626336138268,0.4513674580258869,4.018626336138268,True,ADA/USDT,0.021040523132657963,43.2
1734640200000,LONG,3.690828237909944,1.243263526846982,4.040828237909944,False,CYBER/USDT,0.0030380867659482976,4.6
1734640200000,LONG,3.710387148273796,1.2408621087788143,4.060387148273796,False,EDU/USDT,0.04230306942011026,29.799999999999997
1734640200000,LONG,3.760985942615062,0.448754084093578,4.110985942615062,False,CKB/USDT,0.03300385551041263,17.599999999999998
1734640200000,LONG,4.098370947886754,0.7256761278227782,4.448370947886754,False,COTI/USDT,0.07668094032725299,11.799999999999999
1734640200000,LONG,4.430708895107259,0.8321673473427506,4.780708895107258,False,AGLD/USDT,0.05853895983715676,3.8
1734687000000,LONG,-5.408307068887892,0.857378134815452,5.058307068887892,False,CHR/USDT,0.11232568856576174,20.4
1734696900000,LONG,4.502511415525122,0.0189806022210264,4.852511415525122,False,FLOW/USDT,0.10482718383647967,34.2
1734696900000,LONG,4.605674208144792,-0.2217417993805299,4.955674208144791,True,AXS/USDT,0.05172168737008166,75.2
1734696900000,LONG,4.667290277290261,0.7865291346373648,5.017290277290261,True,AAVE/USDT,-0.012872519259124995,50.4
1734696900000,LONG,4.758878648233492,1.2202024827183788,5.108878648233492,False,CYBER/USDT,0.047306126399970165,5.0
1734696900000,LONG,4.770659340659328,0.1000566820624361,5.120659340659327,False,CKB/USDT,0.075151440205786,21.8
1734696900000,LONG,4.973562617604004,1.1476164659465204,5.323562617604015,False,EDU/USDT,0.08181341564831615,29.4
1734696900000,LONG,5.107759919638372,0.0490564656249864,5.457759919638372,False,BAT/USDT,0.1370642635889433,21.0
1734696900000,LONG,5.241466441060352,0.5574011334435698,5.591466441060351,True,AVAX/USDT,0.06765705751421502,62.4
1734696900000,LONG,5.247542193415883,0.6057454449653701,5.597542193415894,False,EGLD/USDT,0.11225394592833969,23.0
1734696900000,LONG,5.327078651685398,0.176208429175092,5.677078651685398,True,GALA/USDT,0.10169420114309567,25.0
1734696900000,LONG,5.419825436408985,0.2128915768199311,5.7698254364089845,False,ARPA/USDT,0.09377799794607901,22.8
1734696900000,LONG,5.446470051224842,0.0259278624289358,5.7964700512248415,False,ENJ/USDT,0.14094669441166394,21.2
1734696900000,LONG,5.466188524590158,-0.0234703476696108,5.816188524590157,True,CHZ/USDT,0.07847919502578052,56.8
1734696900000,LONG,5.540050234970025,0.2451506382199813,5.890050234970024,True,ATOM/USDT,0.0695038221791119,27.200000000000003
1734696900000,LONG,5.744265788454067,1.0770318963346963,6.094265788454078,False,BICO/USDT,0.12099809512236025,
1734696900000,LONG,5.781624148795618,0.2695787826779057,6.131624148795618,True,1000SHIB/USDT,0.10022900769088385,
1734696900000,LONG,6.251848539057829,-0.2830403437669928,6.601848539057829,False,DASH/USDT,0.07716899985826167,12.6
1734696900000,LONG,6.3911539360569405,0.1035920278006512,6.74115393605694,True,1000PEPE/USDT,0.08127799885307857,8.4
1734696900000,LONG,6.578002350943648,0.5815671331184955,6.928002350943648,True,AR/USDT,0.07013079887277829,35.199999999999996
1734696900000,LONG,6.717580776540859,0.7126239616969481,7.067580776540859,False,COMP/USDT,0.03696498865068152,5.6000000000000005
1734696900000,LONG,7.9714373356704655,0.1279498501592686,8.321437335670465,True,DOGE/USDT,0.1385480463716679,38.2
1734725700000,SHORT,-4.706741902779991,0.7364408276087737,4.356741902779992,False,AUCTION/USDT,0.1533388706687714,1.4000000000000001
1734747300000,SHORT,-1.3221608484312768,0.9336067440910109,7.992980241146383,False,AGLD/USDT,-0.009991177650827826,45.4
1734748200000,SHORT,0.3735090187408851,0.7863976735815236,5.692202180575781,False,AUCTION/USDT,0.11592039919810315,3.5999999999999996
1734789600000,LONG,-4.385256137966184,0.9903755507471668,4.035256137966185,True,APE/USDT,0.11754712872373271,52.6
1734789600000,LONG,-1.6790017720023638,0.1713289346750159,4.245599527466049,True,ALGO/USDT,0.10305128051449758,19.8
1734789600000,LONG,-1.1843018429354053,1.0180485909287376,4.1196538269965055,True,CAKE/USDT,0.11893035400526689,8.6
1734811200000,LONG,-2.043430656934301,1.226970960119528,4.200671532846707,False,CYBER/USDT,0.059491796226326256,5.0
1734816600000,SHORT,-8.43160552002692,1.0194644578324024,8.08160552002692,False,AGLD/USDT,-0.011991676278206497,0.2
1734991200000,SHORT,1.8545152722443672,0.4259687365046997,4.269375830013257,True,GALA/USDT,0.1120308884472473,14.000000000000002
1735001100000,SHORT,-5.470343703703695,0.8123491286454292,5.120343703703695,False,AGLD/USDT,0.0022934573890941905,2.1999999999999997
1735023600000,SHORT,-0.4676913661613717,0.5643016364296558,4.601539403069372,False,AUCTION/USDT,0.10430838401570006,0.0
1735031700000,SHORT,-6.881874999999967,0.179990694415827,6.531874999999968,False,BAT/USDT,0.2717077214939115,20.4
1735032600000,SHORT,-2.995113886847902,0.5547380621400809,4.181312760225314,False,DASH/USDT,0.10771966073130679,11.0
1735091100000,SHORT,-4.729080403245631,0.7137175924858347,4.379080403245632,False,AGLD/USDT,0.022176011045065072,4.3999999999999995
1735102800000,SHORT,-8.949767871727607,0.4647143876181221,8.599767871727607,False,AUCTION/USDT,0.13606504831208227,4.6
1735123500000,SHORT,2.26035653650254,0.4269848873296461,4.982937181663838,False,DASH/USDT,0.07717935147428238,11.4
1735257600000,SHORT,1.881959468711496,0.7209810474726062,6.210233237482296,False,AGLD/USDT,-0.0215645865346162,3.8
1735284600000,SHORT,-6.662483959670024,1.0659823992431152,6.312483959670025,False,EDU/USDT,0.08186480576324402,26.200000000000003
1735394400000,SHORT,2.453738317757012,0.7414626655856043,4.311999999999994,False,ARPA/USDT,0.026202010149765982,22.400000000000002
1735397100000,SHORT,-0.35,1.6095239732088589,4.157692307692303,False,CTSI/USDT,0.09163641191098842,
1735481700000,SHORT,-7.914758290711094,0.6511204232232932,7.564758290711095,False,AGLD/USDT,-0.031017173070685886,2.0
1735511400000,LONG,1.5441429339065025,0.5347531469395921,7.853842020419124,True,ARB/USDT,0.01268995121277376,38.2
1735539300000,SHORT,6.459491866510128,0.4248539583207166,6.809491866510127,False,ARK/USDT,0.13808089061148662,32.4
1735565400000,SHORT,-5.529768868597506,0.7624893848600601,5.179768868597506,False,AGLD/USDT,0.018733252011890987,2.6
1735776900000,SHORT,-2.784603501544796,0.729242827210371,10.406438722965984,False,AGLD/USDT,0.04690027243332317,2.0
1735972200000,SHORT,0.1546989209885122,0.5331283955569783,4.140236686390518,False,BSV/USDT,0.03729725554325753,5.0
1736082000000,SHORT,1.434828953891906,0.1522174327679678,6.980036357626831,False,ARK/USDT,0.10451102626163658,35.6
1736151300000,SHORT,-0.6720611916264093,-0.0582077572985073,4.790080515297899,False,ARK/USDT,0.08379147209295677,1.0
1736358300000,LONG,0.4445661924900658,-0.1341650434339833,4.082032551582717,True,ARB/USDT,-0.007480277976321641,28.4
1736358300000,LONG,0.8172016340822806,0.1302368662754619,4.751152611613676,True,GALA/USDT,0.0466232575880271,14.000000000000002
1736358300000,LONG,1.2709893048128411,0.3394330376641319,4.2597872103386765,False,ACE/USDT,0.08194085690745843,5.0
1736358300000,LONG,1.4880109823062853,0.3831095324621333,4.063842281879185,True,FET/USDT,-0.017040551917576693,9.2
1736358300000,LONG,1.593018934701826,0.0804148019607926,4.054408069368256,True,1000BONK/USDT,0.08464080952371113,10.2
1736358300000,LONG,2.2584491068896924,-0.6749522847807693,4.6814856818826325,False,COMP/USDT,0.08536326148273386,2.4
1736358300000,LONG,2.266620048723269,0.6255086559827204,5.00478209870974,False,COTI/USDT,0.12494741250191956,10.6
1736358300000,LONG,2.414641687886503,-0.2363073818094554,4.180647508184782,False,BICO/USDT,0.04287372556394314,
1736358300000,LONG,2.494605840520491,0.3581792784677372,4.659706460886676,True,ARKM/USDT,0.07425561783471185,20.0
1736358300000,LONG,4.332417582417579,0.0474942096145337,4.682417582417578,True,CRV/USDT,0.07204209558931744,16.0
1736359200000,LONG,-5.371808677469943,0.365010892837538,5.021808677469943,True,ADA/USDT,0.07299147425532693,40.8
1736359200000,LONG,0.061845459894095,0.2643326550194205,4.484310649146906,True,FIL/USDT,0.14111853996714255,33.2
1736359200000,LONG,0.3494093876282239,0.4184677345369356,4.483866956792052,True,ATOM/USDT,0.09632002199087288,10.2
1736359200000,LONG,0.4688179246687599,-0.0608714098717052,4.782566622003861,True,DOT/USDT,0.1061997286035231,12.0
1736359200000,LONG,0.5961934246097519,0.3326124853093032,4.416852707770118,True,CAKE/USDT,0.036209505470235694,7.199999999999999
1736359200000,LONG,0.7082959641255636,0.1637224351279776,5.11063677130046,True,APE/USDT,0.051692855900497985,26.400000000000002
1736359200000,LONG,1.114788732394377,0.0930892401803491,4.709267605633805,True,ALGO/USDT,0.0974447798307812,36.8
1736359200000,LONG,1.3106778673399917,0.3686550149385206,5.271928717102068,False,ENJ/USDT,0.09550371364632089,18.2
1736359200000,LONG,1.4599547511312232,-0.1273308447636504,5.488009049773766,True,DYDX/USDT,0.09892294533573111,15.2
1736359200000,LONG,1.5532258064516138,0.1815930305366989,4.690016129032253,False,BIGTIME/USDT,0.08216491943069003,4.2
1736359200000,LONG,2.224539887972716,0.6510927126754734,4.403437358661231,True,AAVE/USDT,0.07423523424205097,44.2
1736359200000,LONG,2.765850194467508,0.0523534347224413,4.892221299654763,False,BLUR/USDT,0.10540806366955978,23.400000000000002
1736393400000,SHORT,4.206584708656117,-0.0129988283870833,4.556584708656117,False,GAS/USDT,0.15966854098904396,0.2
1736422200000,SHORT,5.111317730041671,0.3016122306188186,5.461317730041671,False,GAS/USDT,0.1477791970909625,0.2
1736634600000,SHORT,4.314590443686014,0.7202604821914618,4.664590443686014,False,AGLD/USDT,0.10287125434162497,5.4
1736779500000,LONG,1.51702090839269,-0.1364789710250103,4.694252252192855,True,ETH/USDT,0.08835486545440867,45.4
1736839800000,SHORT,-1.1421886514369928,0.3331787073720473,4.051086956521734,False,BSV/USDT,0.049623496833135716,1.4000000000000001
1736987400000,SHORT,0.0502825523899095,-0.6759713411562929,5.02038203437721,True,ENS/USDT,0.05599116224380706,37.6
1737117900000,SHORT,-4.716886434811249,0.9155829383433884,4.366886434811249,False,EDU/USDT,0.11079322800292983,21.8
1737148500000,SHORT,3.047594960870389,0.005664410754627,6.196621492651253,False,ARPA/USDT,-0.0027846694766489044,20.0
1737157500000,SHORT,-4.873760858456803,0.2091388680458495,4.523760858456804,True,1000BONK/USDT,0.05290103062987473,11.200000000000001
1737279900000,LONG,-4.811148459383766,-0.1378701734561213,4.461148459383766,True,GALA/USDT,0.09941547079242975,26.0
1737279900000,LONG,-4.350466763810406,0.2647940263013532,4.000466763810406,True,1000PEPE/USDT,0.07863247056345805,35.8
1737318600000,SHORT,5.109584672956304,-0.05136516819734,5.459584672956304,True,1000BONK/USDT,-0.15408926846026033,11.799999999999999
1737358200000,SHORT,1.192273149581926,-0.0588914193294293,5.0463115515639245,True,CFX/USDT,0.0694424038179947,29.4
1737358200000,SHORT,2.031729200652517,0.3001063635085759,5.185271498485197,True,1000SHIB/USDT,0.09688217772377913,
1737359100000,SHORT,1.5608045298609343,0.6531808044562221,4.358766461322783,True,ETC/USDT,0.1255716564241086,29.799999999999997
1737359100000,SHORT,2.284083044982688,0.4947956243391653,5.636029411764701,True,BCH/USDT,0.18416312048063616,57.4
1737359100000,SHORT,5.324858516164055,0.1079481331274476,7.282665322893234,True,FET/USDT,0.11590175947562492,25.0
1737396000000,LONG,-1.086262128821485,0.3101307558692427,4.004295675069484,True,1000SHIB/USDT,0.0418667272441437,
1737461700000,SHORT,-0.4387218829914949,-0.0154507341605476,5.102737331036981,True,DOGE/USDT,0.02322052505912327,29.799999999999997
1737477000000,SHORT,-4.859186015319948,-0.1923813152400592,4.509186015319949,True,1000BONK/USDT,-0.04644233963021711,0.2
1737889200000,SHORT,4.53017429193901,0.0917572723646197,7.052222222222204,False,ARPA/USDT,-0.026012326446363372,17.4
1737945900000,SHORT,6.600442036692368,0.3989087802981867,6.950442036692368,False,ACH/USDT,0.22219940711597008,0.8
1737963000000,LONG,0.9195064704389736,0.0394797371073563,4.213307218979943,True,1000PEPE/USDT,0.05388660837399366,32.6
1737963000000,LONG,1.2080736543909365,0.5935619871566553,5.525070821529732,True,CRV/USDT,-0.03687617163922045,12.8
1737963000000,LONG,2.153961965134715,0.0749402072769591,4.250079239302698,False,DASH/USDT,0.00976362773563213,9.0
1737963900000,LONG,-0.1867410401927948,-0.2543269677484631,4.818782554614009,True,AR/USDT,-0.1476935808215089,25.0
1737963900000,LONG,0.6496492458786458,0.1834378345134601,4.234145913714477,True,DOT/USDT,-0.13993430459956202,21.6
1737963900000,LONG,3.816886205634838,0.0700064689686735,4.166886205634838,True,ARKM/USDT,-0.13704093429046363,22.2
1737963900000,LONG,3.880824372759862,0.2773342936064689,4.230824372759862,True,GALA/USDT,-0.030910169169237913,23.599999999999998
1737997200000,SHORT,-8.552209879808387,0.554481024548794,8.202209879808388,False,ACH/USDT,0.13706675576350996,0.0
1737999900000,SHORT,0.5437376725838307,0.2292182572330896,6.327644230769222,True,CFX/USDT,0.04626842743606441,27.0
1738136700000,SHORT,-5.7012799109627,0.4995429032863889,5.3512799109627,False,ACH/USDT,0.1091878584681043,1.0
1738255500000,SHORT,-6.710296507797031,0.6651137986131741,6.360296507797031,False,ACH/USDT,0.0394465840998694,2.0
1738334700000,SHORT,0.4014434506962456,0.2363346609053517,4.762572172534809,True,1000PEPE/USDT,-0.038127446420337205,28.4
1738339200000,SHORT,4.010263509642904,0.2138493905192587,4.360263509642904,False,COTI/USDT,-0.10815925232331405,6.0
1738387800000,SHORT,-6.025239867206572,0.541622681643992,5.675239867206572,False,ACH/USDT,-0.0259324692456225,4.0
1738447200000,SHORT,7.024630261660974,0.0001640775963279,7.374630261660974,False,ARPA/USDT,0.038236752273920316,0.8
1738524600000,LONG,-7.661492281303593,0.4896683430152392,7.311492281303593,True,CRV/USDT,0.021122048713132776,13.8
1738524600000,LONG,-6.314772727272731,0.1844017392467457,5.964772727272732,True,DYDX/USDT,-0.013449315142793045,10.2
1738524600000,LONG,-6.211687608318887,0.1227893861655518,5.861687608318888,True,ARKM/USDT,0.013876573602416634,20.8
1738524600000,LONG,-6.2043175487465065,0.2189868567229887,5.854317548746507,True,GALA/USDT,0.015047013176121431,2.4
1738524600000,LONG,-6.12287829541351,0.4894074070983888,5.77287829541351,False,DASH/USDT,0.026228443925976,7.199999999999999
1738524600000,LONG,-5.951012277624647,-0.4348419057604809,5.601012277624648,True,1000BONK/USDT,-0.012566390922329812,14.000000000000002
1738524600000,LONG,-5.950243224461433,0.6432195891193253,5.600243224461433,False,COMP/USDT,0.021451172992878673,4.3999999999999995
1738524600000,LONG,-5.91247600767755,0.158396578127576,5.56247600767755,True,ALGO/USDT,0.020803857528402723,36.4
1738524600000,LONG,-5.870398329585596,0.392819552481846,5.520398329585596,False,EGLD/USDT,0.02887920613483988,14.000000000000002
1738524600000,LONG,-5.798227324049687,-0.3580280142934774,5.448227324049688,False,DUSK/USDT,0.011700160861429778,17.4
1738524600000,LONG,-5.787676227515799,0.4911164390434159,5.437676227515799,False,CYBER/USDT,-0.008725152163329695,9.6
1738524600000,LONG,-5.767572204746928,0.1978864678352725,5.417572204746929,False,BIGTIME/USDT,-0.016598671019747987,3.0
1738524600000,LONG,-5.733637747336367,-0.2020834912020503,5.383637747336367,False,CHR/USDT,-0.003238767606814145,11.200000000000001
1738524600000,LONG,-5.68583115959213,0.018743686637434,5.33583115959213,False,COTI/USDT,-0.06105968065097019,5.4
1738524600000,LONG,-5.542283339928755,0.1642375120236585,5.192283339928755,False,API3/USDT,0.00289827562136225,5.6000000000000005
1738524600000,LONG,-5.534734399174824,0.4513382365992622,5.1847343991748245,False,BAT/USDT,-0.03393318024449803,19.8
1738524600000,LONG,-5.523662031184154,-0.0489595299911218,5.173662031184154,False,ANKR/USDT,-0.011772515593613872,9.4
1738524600000,LONG,-5.491294042280582,0.408364543192387,5.141294042280582,True,APE/USDT,-0.024201678060661185,26.200000000000003
1738524600000,LONG,-5.427454831107618,0.3568631656556872,5.077454831107619,True,FIL/USDT,0.01920631200375172,12.6
1738524600000,LONG,-5.424641096287708,-0.032651660508187,5.074641096287708,True,DOGE/USDT,-0.007361737814071279,23.400000000000002
1738524600000,LONG,-5.404744038686006,0.2692707547958069,5.054744038686007,True,CHZ/USDT,0.06869753093606451,39.0
1738524600000,LONG,-5.402073559767303,0.2465675190305043,5.052073559767304,True,DOT/USDT,0.04737797648912534,6.0
1738524600000,LONG,-5.394822711744605,-0.1855969303520388,5.044822711744605,True,FET/USDT,-0.04096288848284007,21.0
1738524600000,LONG,-5.293178095015218,-0.2565666410524079,4.943178095015218,False,ENJ/USDT,0.021396621275286517,11.4
1738524600000,LONG,-5.27232524964336,0.1569821218060215,4.92232524964336,False,CKB/USDT,0.0399720503019711,25.0
1738524600000,LONG,-5.241447368421049,0.0448447562690602,4.8914473684210495,False,BICO/USDT,-0.04366764559982584,
1738524600000,LONG,-5.198881506090806,0.5611610281128687,4.848881506090806,True,AXS/USDT,0.013692807461161076,19.0
1738524600000,LONG,-5.192048776877252,0.4535623198570631,4.842048776877252,True,AAVE/USDT,-0.036213299205871866,34.0
1738524600000,LONG,-5.157712765957447,0.5439243305032861,4.807712765957447,False,CTSI/USDT,-0.007000344006719561,
1738524600000,LONG,-5.095222929936302,0.2407763156758626,4.745222929936302,False,CELO/USDT,-0.031145556072895243,10.6
1738524600000,LONG,-5.0670886075949255,-0.397510008590389,4.717088607594926,False,GAS/USDT,-0.044988694958593346,5.6000000000000005
1738524600000,LONG,-5.051199372056527,0.1424365745689869,4.701199372056527,True,1000SHIB/USDT,0.0072008357276047335,
1738524600000,LONG,-5.042911877394644,0.2732280639409659,4.6929118773946445,True,ARB/USDT,-0.0019774396228058244,4.0
1738524600000,LONG,-4.986895333252096,0.1181263957951746,4.636895333252096,True,ADA/USDT,-0.0015340540815516068,18.6
1738524600000,LONG,-4.963023637857058,0.4032058919051498,4.613023637857058,False,ACE/USDT,0.03706928033396028,3.8
1738524600000,LONG,-4.95918120805369,0.2196787268311503,4.60918120805369,False,EDU/USDT,0.050901153166535505,14.6
1738524600000,LONG,-4.9264812795347295,-0.1464577219704227,4.57648127953473,False,1INCH/USDT,-0.04317015824519936,15.2
1738524600000,LONG,-4.91221225710014,0.0868700512460775,4.56221225710014,True,1000PEPE/USDT,0.0019683398063307586,11.0
1738524600000,LONG,-4.820832904708021,-0.1221533959846272,4.470832904708021,True,ENS/USDT,-0.015368048779467576,11.600000000000001
1738524600000,LONG,-4.789457057557462,0.010893606822421,4.439457057557463,True,AVAX/USDT,0.0013548650451469955,23.400000000000002
1738524600000,LONG,-4.770448898459502,-0.8929849904073291,4.420448898459503,False,AGLD/USDT,-0.0630833310229194,51.2
1738524600000,LONG,-4.723700323815128,0.1032555414232882,4.373700323815128,True,CAKE/USDT,0.07528110412658152,3.2
1738524600000,LONG,-4.719934201691966,-0.0673651263950763,4.369934201691966,False,BLUR/USDT,0.016285183843385793,22.8
1738524600000,LONG,-4.70434380776341,0.0741247355438387,4.35434380776341,False,FLOW/USDT,-0.021774307780507894,21.2
1738524600000,LONG,-4.7038754764930095,-0.1508309531451109,4.35387547649301,False,ALICE/USDT,-0.0048888300972027175,0.8
1738524600000,LONG,-4.69318662310206,0.489036920749326,4.34318662310206,True,ATOM/USDT,0.05166291841395344,2.6
1738524600000,LONG,-4.631707005778202,0.2552857615994219,4.281707005778203,False,ASTR/USDT,-0.059759560447142965,8.0
1738524600000,LONG,-4.524842641622549,0.189175141127602,4.17484264162255,False,AUCTION/USDT,-0.026393518518840826,9.0
1738524600000,LONG,-4.46444285031086,-0.2263233186850073,4.11444285031086,False,ARK/USDT,-0.05784007314491614,37.4
1738524600000,LONG,-4.4464876921423215,0.3612909396641126,4.096487692142322,True,BCH/USDT,0.05535988459852742,32.4
1738548900000,LONG,4.493093649617016,-0.0200844013353316,10.819372374598462,True,ATOM/USDT,-0.018899757317208075,1.2
1738548900000,LONG,6.064030692139059,-0.5122837244027736,11.634512997181334,True,1000BONK/USDT,-0.05014298654324008,14.000000000000002
1738548900000,LONG,8.125439043013483,-0.26284158267973,10.881547467548993,False,AUCTION/USDT,-0.08155855711123662,9.2
1738548900000,LONG,8.547873597164795,-0.5287371693169491,8.897873597164795,False,ARK/USDT,-0.09950490983227857,37.4
1738548900000,LONG,9.595608983587658,-0.0229846725180434,9.945608983587666,False,BSV/USDT,-0.004812638233910558,5.800000000000001
1738548900000,LONG,10.00952268431002,0.0335642788760718,10.35952268431002,True,DOT/USDT,-0.0017363244683386745,2.4
1738548900000,LONG,10.36452229299363,0.1679769851863247,10.71452229299363,False,BAT/USDT,-0.0416645178150923,19.0
1738548900000,LONG,10.615973985992452,-0.0943024223503912,10.965973985992452,True,1000SHIB/USDT,-0.02195889726140952,
1738548900000,LONG,10.907903670698069,0.2194020178180698,11.257903670698068,False,COMP/USDT,-0.032423430269176906,0.6
1738548900000,LONG,11.560837040032348,0.1934556497374975,11.910837040032348,True,ALGO/USDT,0.038730449617780265,15.4
1738549800000,LONG,3.8940318302387302,0.0703198927648528,11.142705570291774,False,CELO/USDT,0.00246882005119085,9.0
1738549800000,LONG,4.781362889983573,-1.1842609973923364,11.503971674876846,False,AGLD/USDT,-0.011477754574099452,51.0
1738549800000,LONG,7.769843682153711,0.0597488099543689,11.425879287885364,False,1INCH/USDT,-0.0715468039677818,12.0
1738549800000,LONG,9.057943782462573,-0.4191131463516331,9.407943782462572,False,GAS/USDT,-0.04788013218239091,7.6
1738549800000,LONG,10.809044585987264,0.1125547197709004,11.159044585987264,False,CYBER/USDT,-0.03152574984527708,9.6
1738549800000,LONG,10.971084953940627,0.2182253528273799,11.321084953940629,True,CHZ/USDT,0.004878843073755974,20.0
1738550700000,LONG,5.517215645908393,0.1686416495189712,11.988965517241382,True,AR/USDT,-0.0039753013122872365,22.2
1738550700000,LONG,10.553631647211413,0.0789232998939772,10.90363164721141,False,BIGTIME/USDT,-0.00680665997703196,3.0
1738550700000,LONG,11.249508383811772,-0.2464165559644359,11.599508383811772,True,DOGE/USDT,-0.0809522115846886,21.0
1738550700000,LONG,11.447246127366594,-0.1047921435396293,11.797246127366606,False,BLUR/USDT,0.018173670668906444,5.800000000000001
1738550700000,LONG,11.530107724887213,0.069605549303386,11.880107724887212,True,AAVE/USDT,-0.024346868219926397,15.6
1738551600000,LONG,-6.164240305149384,-0.4013428544950916,5.814240305149385,False,BICO/USDT,-0.010983983069604656,
1738551600000,LONG,-4.709703860391322,0.0665747366355238,4.359703860391322,True,AXS/USDT,-0.03242014041613044,7.199999999999999
1738551600000,LONG,4.488899446767182,-0.1528471456079173,4.838899446767182,True,AVAX/USDT,-0.0027885870015527487,15.8
1738551600000,LONG,4.697619047619067,-0.2395949932684319,5.047619047619067,False,ANKR/USDT,-0.0011012668849000404,6.0
1738551600000,LONG,5.07254995242626,-0.7486074390953049,5.42254995242626,False,CHR/USDT,-0.04308474915471674,17.2
1738551600000,LONG,5.13525824964132,0.1339605975699415,5.48525824964132,False,CKB/USDT,0.04001521364236407,25.0
1738551600000,LONG,5.155575221238941,0.1994212004133393,5.50557522123894,False,DASH/USDT,0.043851598873960854,7.199999999999999
1738551600000,LONG,5.320443251838592,-0.3813377462526822,5.670443251838591,False,ENJ/USDT,0.020492261451306892,6.4
1738551600000,LONG,5.409291377601591,-0.1557730929215501,5.759291377601591,True,ENS/USDT,0.006016522851316213,0.2
1738551600000,LONG,6.568238993710699,0.1012512794371677,7.40649895178197,True,CRV/USDT,0.012466351143913123,11.200000000000001
1738551600000,LONG,6.792453689644699,-0.0587981580365864,7.142453689644698,True,CAKE/USDT,0.23975239960701134,2.0
1738551600000,LONG,8.684630111808863,-0.1945379735109419,9.034630111808864,True,ADA/USDT,0.11899191383299047,0.2
1738552500000,LONG,3.815962526224392,0.1116698342821848,4.165962526224392,True,BNB/USDT,0.07131903767078022,11.200000000000001
1738552500000,LONG,4.188378271993704,0.0705790349548385,4.538378271993704,False,ASTR/USDT,-0.023801976795930754,0.8
1738552500000,LONG,5.893701671239704,-0.0460912766190308,6.243701671239704,True,ARB/USDT,0.03440872873422051,0.8
1738553400000,LONG,4.724273447820348,0.180931767537597,5.074273447820348,True,APE/USDT,-0.0006175957930380899,20.599999999999998
1738553400000,LONG,5.127993152488806,0.6611442301683415,5.477993152488805,True,ETC/USDT,0.029867762431908064,4.8
1738554300000,LONG,4.865190054301234,-0.2610908965852869,5.2151900543012335,True,ARKM/USDT,0.016159945442289044,0.2
1738554300000,LONG,4.949705014749274,-0.518992736064508,5.299705014749273,True,DYDX/USDT,-0.028853820711794948,7.3999999999999995
1738554300000,LONG,5.041930541368741,-0.141268445593188,5.39193054136874,True,GALA/USDT,0.008985461810824224,13.8
1738612800000,SHORT,-4.452843601895716,0.0666579833412619,4.102843601895716,True,AAVE/USDT,0.05976957610382519,11.600000000000001
1738612800000,SHORT,2.7763569257490097,0.0962581911364573,8.829293598738486,False,ACH/USDT,0.07016853927480204,15.6
1738624500000,SHORT,4.1364347826086885,0.4459465943279493,4.486434782608688,True,CRV/USDT,0.05049966537543651,2.0
1738632600000,SHORT,4.572348860257667,-1.6032831221003263,4.922348860257666,False,ARPA/USDT,0.072371312023607,16.8
1738681200000,SHORT,-7.926826712041617,0.094634700234521,7.576826712041617,False,ACH/USDT,0.08350317676034848,4.0
1738698300000,SHORT,0.5738167552518371,0.2756962409027015,4.5584978486459145,True,1000SHIB/USDT,0.0974384085547518,
1738698300000,SHORT,0.5933962264150952,0.5500972460025644,4.084905660377347,False,CELO/USDT,0.06328964061342059,10.0
1738698300000,SHORT,4.308993115318403,0.0549282455757502,4.6589931153184025,False,ANKR/USDT,0.08280501631878638,9.6
1738758600000,SHORT,3.863817172651571,-1.292491442846665,4.213817172651571,False,AGLD/USDT,0.11813854457727545,47.599999999999994
1738950300000,SHORT,4.129166666666661,-1.65699176749179,4.479166666666661,False,ARPA/USDT,0.058483110705989355,1.6
1738989900000,SHORT,3.062391093901259,-0.9240264017100271,5.243796385930932,False,AGLD/USDT,0.08259455758515802,29.799999999999997
1739027700000,SHORT,-4.842646110179314,0.279834421487857,4.492646110179314,True,CAKE/USDT,-0.05798738844314783,0.0
1739043900000,SHORT,0.1443968358602509,-0.4981796818192605,5.7546802900461325,False,EDU/USDT,0.08270115785074093,14.399999999999999
1739059200000,SHORT,0.5530704394942855,0.010661791583351,6.897095123419604,False,BIGTIME/USDT,0.01650477995207987,4.3999999999999995
1739075400000,SHORT,3.8697934595524734,0.6007992712193249,4.219793459552474,False,AUCTION/USDT,0.0797312879995781,11.600000000000001
1739088000000,SHORT,7.385839523015513,0.771142387809853,9.2500176848062,True,CAKE/USDT,0.05779460538868176,6.2
1739098800000,SHORT,4.515070828961163,0.2091553504777068,4.865070828961163,False,COTI/USDT,0.01267573810065986,3.2
1739140200000,LONG,-5.572676729849635,0.1914030897761258,5.222676729849636,True,CAKE/USDT,0.004212856167736306,5.2
1739140200000,LONG,-4.760522126711245,0.4753851849668242,4.410522126711245,False,CKB/USDT,0.06845925260176813,27.400000000000002
1739140200000,LONG,-4.407131895302239,-0.998966058176102,4.05713189530224,False,AGLD/USDT,-0.007184288525608975,11.600000000000001
1739140200000,LONG,-0.6463221195746846,-0.8664017779677003,5.177543431526342,True,1000BONK/USDT,0.06176133237665506,8.0
1739140200000,LONG,-0.5866303833412168,0.0223548290866378,4.200552137561132,False,BIGTIME/USDT,0.0023807482988083425,4.8
1739140200000,LONG,-0.3672294968986958,-0.5107608236034777,4.242307029634735,False,ENJ/USDT,0.009255117751497259,3.4000000000000004
1739140200000,LONG,-0.1256841633019338,0.5210697848599448,5.94698295199642,True,AR/USDT,0.04171203036380397,6.2
1739140200000,LONG,-0.0013328084579921,-0.0706645339206556,4.650871667978864,False,ACE/USDT,0.1112858988504496,7.000000000000001
1739140200000,LONG,0.3419470114262349,0.4328073454251753,4.84770337324168,False,EGLD/USDT,0.02694109298222279,9.4
1739140200000,LONG,0.4608762304340831,0.1905583715811427,4.539301274810384,True,ENS/USDT,0.02393820299079755,33.800000000000004
1739140200000,LONG,0.5087786259541967,0.2443785578194979,4.295610687022914,False,CTSI/USDT,0.04023079024848966,
1739140200000,LONG,0.5670343455316251,-0.1668529371805888,4.362522709576942,False,DUSK/USDT,-0.024317614799921186,17.599999999999998
1739140200000,LONG,1.0482642237222932,0.4947876321012646,4.1697444551591,True,AXS/USDT,0.02917383166434229,18.2
1739140200000,LONG,1.3769372693727,0.7556941419321613,4.346863468634683,True,ADA/USDT,0.011324662486623225,0.6
1739140200000,LONG,1.3927736506707,0.0827273676481241,4.680720346442284,False,ACH/USDT,-0.047291650485404645,19.0
1739140200000,LONG,1.598842874543242,0.038483031304944,4.1252740560292285,False,CYBER/USDT,0.04584403834231648,12.6
1739140200000,LONG,2.0824120792228413,0.3451235452904618,4.136636794939381,False,BLUR/USDT,0.07713141731369627,2.6
1739140200000,LONG,2.2120996719262567,-0.3200602611147125,5.2997969067333335,True,ARKM/USDT,-0.039076098006023775,8.200000000000001
1739140200000,LONG,2.581596091205222,-0.0160305685789736,4.985760818985559,True,GALA/USDT,0.05749939405701775,25.4
1739140200000,LONG,3.737153222364496,-0.208676698077086,4.087153222364496,True,DOT/USDT,0.024835790558038924,31.0
1739179800000,SHORT,3.083109346365311,0.4144175872118144,4.160048869883924,False,COTI/USDT,0.08268917164994273,0.2
1739228400000,SHORT,-5.088292011019288,-0.5166230762534392,11.07603305785123,False,CYBER/USDT,-0.12195799307806034,12.6
1739367000000,SHORT,-5.643749999999994,-0.1544380127143806,5.293749999999994,False,CYBER/USDT,-0.11662001964530236,12.6
1739376900000,SHORT,-6.510281976374944,0.1590889987770944,6.160281976374944,True,CAKE/USDT,0.04318783077094429,13.0
1739402100000,SHORT,-1.7908586341248234,0.2569344445768546,4.263188267293961,True,ENS/USDT,-0.04780523288519989,13.4
1739421900000,SHORT,3.7153932584269698,0.4251589502625749,4.06539325842697,True,CAKE/USDT,0.06513458162924997,13.0
1739476800000,SHORT,5.491436464088382,-0.0437110875633349,5.841436464088382,False,AUCTION/USDT,-0.016286257362767953,0.2
1739534400000,SHORT,-4.740785498489415,-0.9446195574484704,4.390785498489415,True,1000BONK/USDT,-0.05258024831868956,20.599999999999998
1739557800000,SHORT,-0.0016893068617267,0.0187790697606599,4.32923487751073,False,COTI/USDT,0.021207316201056665,9.6
1739613600000,SHORT,1.6960075204600795,0.0467039920303962,4.626144658261431,False,COTI/USDT,-0.09283574560460253,1.2
1739699100000,SHORT,1.2837059329320717,0.4567255254824618,5.733276010318132,False,CTSI/USDT,-0.17232498384871484,
1739702700000,SHORT,-4.635920590302168,0.3672556035415024,4.285920590302168,False,ACH/USDT,-0.16908925796331262,12.2
1739702700000,SHORT,2.773680878007588,0.1086860254425182,4.618531025749256,False,ANKR/USDT,-0.1563591539120015,3.5999999999999996
1739721600000,SHORT,-0.8969880368423013,0.2183627608281984,4.4164872781169535,True,CAKE/USDT,0.027190221160975286,8.4
1739778300000,SHORT,5.81516190476188,0.4691854788887758,6.16516190476188,False,ARK/USDT,0.1827925785608966,8.200000000000001
1739782800000,SHORT,-5.30748855461084,-0.3263744222019459,4.9574885546108405,False,AGLD/USDT,-0.046000963846672634,37.4
1739801700000,SHORT,2.299628864042093,0.342143697854418,8.357549563093087,False,API3/USDT,0.10241966767127718,8.0
1739804400000,SHORT,4.46166300366299,0.2815564108669344,4.811663003662989,False,CKB/USDT,0.020352167531845322,18.6
1739806200000,SHORT,3.869143736246603,-0.3603721383950132,4.219143736246603,True,1000PEPE/USDT,-0.047772515719671726,13.4
1739855700000,SHORT,-5.647681302417358,0.0790931382934405,5.297681302417359,False,ACH/USDT,0.038825649845154776,1.7999999999999998
1740026700000,SHORT,3.961171428992893,0.5924183118369765,4.311171428992893,True,APT/USDT,0.019364656077792548,9.6
1740084300000,SHORT,0.6323704333050187,-0.0748179050439896,6.829725998300733,False,ACH/USDT,0.06832810582022388,6.4
1740098700000,SHORT,4.0434476723836,-0.0102495826089582,4.3934476723836,False,AGLD/USDT,-0.004582099533637561,13.0
1740114900000,SHORT,-3.669901089843392,0.1491171557182493,10.165573770491791,False,ASTR/USDT,-0.18973526609719055,0.0
1740226500000,SHORT,-0.9388650963597562,-1.5927489515260234,5.696225910064247,False,ARPA/USDT,0.022274279512788004,16.400000000000002
1740268800000,SHORT,0.5373622441677377,-0.5782299180543732,4.10413625304135,True,ARKM/USDT,0.05062315729598757,15.6
1740312900000,SHORT,-4.037603058012285,-0.5725042171296518,6.3591965222605085,False,AUCTION/USDT,-0.0066608951451572205,21.4
1740436200000,LONG,-4.905088640840449,-0.4955614021350415,4.55508864084045,False,CYBER/USDT,-0.05489903814028035,7.6
1740436200000,LONG,-4.816567164179098,-0.0612651747674261,4.466567164179098,True,ALGO/USDT,0.03957489830830555,14.6
1740436200000,LONG,-4.739912575655693,0.3946783427612209,4.389912575655694,True,ATOM/USDT,0.012627992130123267,2.0
1740438000000,LONG,-1.26301039817398,0.3489646077032864,4.244509256910984,True,AR/USDT,-0.02118857668013747,8.0
1740438000000,LONG,0.2827320804608594,-0.0705037170685681,5.007715553876673,False,ENJ/USDT,-0.0011993635838230654,4.2
1740439800000,LONG,-0.7422337713277168,0.0292340723045943,4.308334967640719,False,COMP/USDT,-0.07612695162676021,4.3999999999999995
1740442500000,LONG,-0.9693560588151886,-0.3542464848810954,4.089834995981277,True,DOGE/USDT,-0.05427356463405885,34.8
1740469500000,LONG,4.579254345837141,-0.1697710092283607,4.9292543458371405,False,ACE/USDT,-0.064211204260804,12.0
1740470400000,LONG,-0.1731608730800208,-0.5208873421730981,4.606967461600633,True,AAVE/USDT,-0.044344878395847935,26.6
1740470400000,LONG,0.1088775150017645,-0.6270966479055757,4.52308506883162,False,CKB/USDT,-0.03438568008922034,7.3999999999999995
1740470400000,LONG,0.3050218340611359,-0.3267952370864893,4.218340611353712,False,FLOW/USDT,-0.12229097612554146,20.0
1740470400000,LONG,0.7915525114155261,0.4452849558425027,4.511073059360718,False,CTSI/USDT,0.004364258331042739,
1740470400000,LONG,1.024775851763294,-0.5083492832289616,4.113986849970112,False,GAS/USDT,-0.04634472797782601,14.399999999999999
1740470400000,LONG,1.421921853702869,-0.2242186728119013,5.373330304407086,True,ALGO/USDT,-0.04299881996618541,14.000000000000002
1740470400000,LONG,1.5228437654016846,-0.3844546549714424,4.7223755544603145,False,ANKR/USDT,-0.0885070959794362,3.4000000000000004
1740470400000,LONG,1.7620811039143829,0.0987946992527744,5.185328076598148,True,AXS/USDT,-0.06612319497752303,11.799999999999999
1740470400000,LONG,1.895044184380216,-0.5214273834129501,4.490876522569865,False,ARK/USDT,-0.13355027499926028,39.6
1740470400000,LONG,3.795936981757881,0.125025693725195,5.094859038142625,False,ALICE/USDT,-0.06246231240014572,16.400000000000002
1740705300000,SHORT,5.341588018054971,-0.7060951850924349,5.69158801805497,False,CKB/USDT,-0.0007322459325231276,19.6
1740793500000,LONG,3.9993355233686674,-0.7810532843003629,4.349335523368668,False,CKB/USDT,-0.06806881025205282,4.6
1741012200000,SHORT,4.877715754031541,-0.1997987537962681,5.907770689349631,True,BCH/USDT,-0.037425771607941076,45.6
1741056300000,LONG,-1.562686567164188,-0.0702010845072837,4.196856343283583,False,DUSK/USDT,0.05943139861154357,0.8
1741056300000,LONG,0.0683304810800493,-0.318103900195478,4.224301197946378,True,ARKM/USDT,-0.003702517203467005,0.4
1741056300000,LONG,0.373472668810299,-0.6056251444372096,4.146945337620565,True,ARB/USDT,-0.032753140092063975,0.2
1741056300000,LONG,0.5478382147838193,0.0063160148064689,4.054393305439321,False,AGLD/USDT,-0.05072086335371383,29.2
1741056300000,LONG,1.418273876837668,-0.0299982153496585,4.143682533155124,True,CFX/USDT,0.03413527808782321,1.7999999999999998
1741056300000,LONG,2.939836427127371,0.0873012612593769,4.917607057526183,True,APE/USDT,0.029172111972026932,0.8
1741099500000,SHORT,-4.495568824638585,0.136328462384952,4.145568824638586,False,COMP/USDT,0.06925220798891553,13.600000000000001
1741182300000,SHORT,-2.5454161640530755,-0.4535614391382163,5.381544028950532,True,ARB/USDT,-0.050997121541617514,3.0
1741210200000,SHORT,-0.3020636594602349,0.1214995837864369,4.237764249077197,True,APT/USDT,0.04292750586544889,13.600000000000001
1741239900000,SHORT,3.891468459152011,-0.4183850549626819,4.241468459152011,False,ARK/USDT,-0.006989060668486229,19.2
1741240800000,SHORT,2.21334271743962,0.4031175813788247,4.027749790092351,True,BCH/USDT,-0.008372810689812295,48.6
1741310100000,LONG,1.70994090333475,-0.5615546123461815,4.062422963275636,True,1000BONK/USDT,-0.026532908923721784,3.0
1741311000000,LONG,-0.3839805825242788,-0.2457041828230778,4.834898058252435,True,AVAX/USDT,0.01196085695321491,29.2
1741356000000,SHORT,-7.547459430699641,-0.9048975120186264,7.197459430699642,False,AUCTION/USDT,-0.024584589116675673,0.8
1741478400000,SHORT,-0.089599103736433,-0.3391328833702845,5.04986979955186,False,AUCTION/USDT,0.0011753342682323247,6.2
1741599900000,SHORT,1.6279078549848989,0.0034341760116336,4.816908987915404,True,1000PEPE/USDT,-0.04705641006387352,16.400000000000002
1741600800000,SHORT,-3.8536727791576406,-0.3355311489004757,8.393753633144842,False,AUCTION/USDT,-0.01363257380348225,3.8
1741610700000,SHORT,4.35792623111633,-0.4894043701243602,4.707926231116329,False,CKB/USDT,-0.03006176235587317,14.000000000000002
1741634100000,LONG,-5.1064731534478085,0.1091345722307477,4.756473153447809,True,CFX/USDT,0.0039153158025106265,2.8000000000000003
1741634100000,LONG,-4.733940182054607,0.0097779422380268,4.383940182054607,True,ARKM/USDT,-0.04439512547671052,8.4
1741634100000,LONG,-4.681985294117641,-0.072149401387488,4.331985294117642,True,DYDX/USDT,-0.07190726315840193,14.2
1741634100000,LONG,-4.417269824374678,-0.4638667188579018,4.067269824374678,True,ALGO/USDT,-0.04658302331273691,9.8
1741634100000,LONG,-4.393904052936303,-0.132589733344496,4.043904052936303,False,COTI/USDT,-0.0804941425573268,14.799999999999999
1741634100000,LONG,-4.38608137044968,0.0989158031458792,4.03608137044968,False,CHR/USDT,-0.08386719908745251,10.2
1741635000000,LONG,-5.141372715682111,-0.2270674060233983,4.791372715682112,True,APE/USDT,-0.07537056679670866,10.2
1741635000000,LONG,-4.695290053733958,-0.1606418130953385,4.345290053733958,False,DUSK/USDT,-0.08574889109820212,19.2
1741635000000,LONG,-4.588924870466324,0.4577056075631929,4.238924870466325,True,GALA/USDT,-0.053019509002388054,11.0
1741635000000,LONG,-4.493440736478716,-0.3178095028975469,4.143440736478716,True,DOGE/USDT,-0.020447496479450232,11.600000000000001
1741635000000,LONG,-4.385040541927543,-0.1458587996661181,4.035040541927543,False,BLUR/USDT,-0.007681134357807724,30.8
1741635900000,LONG,-4.604503033131132,0.0773377825634854,4.254503033131132,False,ACE/USDT,-0.05957110284075254,6.0
1741655700000,LONG,3.97959582790093,-0.6644974638164459,4.3295958279009295,True,ARB/USDT,-0.009418921254523236,1.6
1741656600000,LONG,0.5059201141226867,0.4872833649994323,4.353423680456479,False,BAT/USDT,-0.04378035474025282,10.6
1741656600000,LONG,0.693429216018059,-0.0254964524708373,4.939170896785106,True,ATOM/USDT,-0.06337325717985666,1.4000000000000001
1741656600000,LONG,1.6004480759093207,-0.0212595252396962,4.872430152872957,False,1INCH/USDT,0.03392724834148505,5.6000000000000005
1741656600000,LONG,1.812162162162164,-0.3098933527339046,4.3418918918918905,False,FLOW/USDT,-0.05913667896950577,4.2
1741656600000,LONG,2.029719065175661,0.3074282436711206,4.021396142478436,True,BCH/USDT,-0.050193357066429224,39.2
1741656600000,LONG,2.1803011370736045,-0.4275326957465434,5.937167312257903,True,ENS/USDT,-0.007389064275126337,8.0
1741656600000,LONG,2.3100985221674954,-0.2281984163260498,4.098095238095235,False,BSV/USDT,-0.0658227676323807,9.6
1741656600000,LONG,2.4465284474445608,0.5648078786269405,5.587849566055923,False,DASH/USDT,-0.0687443489113632,1.7999999999999998
1741656600000,LONG,2.475779036827196,-0.1381314359717853,4.109359065155808,False,ASTR/USDT,-0.028830402705423426,3.4000000000000004
1741656600000,LONG,2.5815960912052143,0.0433578796306853,4.846579804560271,False,CELO/USDT,-0.04239087458604939,13.8
1741656600000,LONG,2.7774433150899047,0.1241796197958259,5.158978368517072,True,DOT/USDT,-0.055017745794785806,0.2
1741656600000,LONG,2.9521806853582726,0.1042213776815018,4.710404984423674,False,ANKR/USDT,-0.025813408170939033,1.4000000000000001
1741656600000,LONG,3.188175046554933,-0.3093677665056863,6.333985102420852,False,BICO/USDT,0.0016731455750987698,
1741656600000,LONG,3.3490065525258887,-0.2793581429350405,6.548372437116883,True,1000BONK/USDT,-0.07650107699456557,11.200000000000001
1741656600000,LONG,3.4209497206704023,0.2138353832411693,6.747081005586583,True,CFX/USDT,0.0417340168177859,9.8
1741656600000,LONG,3.4762910798122126,-0.059680461584732,5.40201877934273,False,EGLD/USDT,-0.004018311384236064,2.6
1741656600000,LONG,3.5239080896315937,-0.4432132472699056,5.2603873908089644,False,GAS/USDT,0.0362482666761108,22.400000000000002
1741656600000,LONG,3.662944983818773,-0.1462076628106267,6.545654184003694,False,ACH/USDT,-0.019704344319325193,23.0
1741656600000,LONG,3.6732108317214736,-0.0418362245948248,6.046731141199231,True,FIL/USDT,-0.011948194178728763,2.0
1741656600000,LONG,3.739177046010339,0.1288693514837959,4.272954937534356,True,BNB/USDT,0.002193334675769214,12.2
1741656600000,LONG,3.744983614822282,-0.2338157922518205,4.094983614822293,True,AVAX/USDT,-0.003801618525503904,13.200000000000001
1741656600000,LONG,3.823391745446159,-0.0689518684132562,6.230966105602941,False,BIGTIME/USDT,-0.019844944742322127,13.200000000000001
1741656600000,LONG,3.837058183795533,-0.493049427275275,5.992495921696578,True,ALGO/USDT,-0.023119099308138092,41.0
1741656600000,LONG,3.842192192192188,-0.8121133164692333,4.192192192192188,True,AAVE/USDT,-0.017986002351715918,11.4
1741656600000,LONG,4.138112566715181,0.159703235090053,6.443571081999027,True,CHZ/USDT,-0.034307571822305954,17.2
1741656600000,LONG,4.21723236204504,-0.1102171310775779,4.56723236204504,False,BLUR/USDT,0.012286091156894479,1.6
1741656600000,LONG,4.242120516845786,-0.2188946407897544,4.592120516845796,True,ETC/USDT,-0.0538958739260915,3.8
1741656600000,LONG,4.250541404100464,0.0150049374779115,4.600541404100464,True,1000SHIB/USDT,0.008501463915969506,
1741656600000,LONG,4.32383013570427,-0.2615187940254679,4.67383013570427,False,DUSK/USDT,-0.0510270711287307,7.000000000000001
1741656600000,LONG,4.334512428298294,0.0363465549262933,4.684512428298284,True,DYDX/USDT,-0.010619266794611696,11.799999999999999
1741656600000,LONG,4.387989823564403,-0.2664173932793237,5.992248727945539,True,DOGE/USDT,-0.0268890753086768,11.0
1741656600000,LONG,4.430898876404481,0.1259669563247684,4.780898876404481,False,EDU/USDT,-0.010050356124047675,5.2
1741656600000,LONG,4.448658536585364,-0.1999738121394182,4.798658536585363,False,ARPA/USDT,-0.11045037493359947,4.8
1741656600000,LONG,4.579015354618572,0.1732428924273164,4.929015354618572,False,ENJ/USDT,7.407420137763673e-05,2.4
1741656600000,LONG,4.588045438153618,0.0626283195192184,4.938045438153618,True,AR/USDT,-0.041740014920603405,2.6
1741656600000,LONG,4.648410724156999,0.022824339202456,4.998410724156999,True,CAKE/USDT,0.016000645581835914,26.8
1741656600000,LONG,4.982176656151417,0.3320740473107046,5.332176656151426,False,CTSI/USDT,0.04193013431370881,
1741656600000,LONG,5.010219478737992,0.2827431348917793,5.360219478737991,True,GALA/USDT,-0.02795137861660006,16.0
1741656600000,LONG,5.045979100408887,-0.7090987490105093,5.395979100408886,False,CKB/USDT,-0.03820319542878963,17.4
1741656600000,LONG,5.37310631602607,-0.621686834825838,5.72310631602607,True,FET/USDT,-0.030427362293296945,25.4
1741656600000,LONG,5.398087431693999,0.1054626899167276,5.748087431693999,False,CYBER/USDT,-0.014345178820386177,7.8
1741656600000,LONG,5.46512756829985,0.0011157512668362,5.815127568299849,True,ARKM/USDT,-0.014468543527292366,12.6
1741656600000,LONG,5.512660944206012,0.3143098787861822,5.862660944206011,False,ALICE/USDT,0.00749072495125413,19.8
1741656600000,LONG,5.750157232704393,-0.2293806113382243,6.100157232704393,True,APE/USDT,-0.03402164361523488,11.600000000000001
1741656600000,LONG,5.876774054674627,-0.381474915998172,6.226774054674626,True,1000PEPE/USDT,-0.044847642139094514,6.800000000000001
1741656600000,LONG,5.950224176582164,0.0404455750086576,6.300224176582164,False,COTI/USDT,-0.03474264494106076,5.6000000000000005
1741657500000,LONG,0.9586498563676964,0.0783717068762117,7.682827960421318,False,ACE/USDT,-0.014295341294583874,8.799999999999999
1741657500000,LONG,2.934072249589494,-0.2450259040915571,5.014876847290627,False,ARK/USDT,-0.0709389602885636,27.0
1741659300000,LONG,4.372177419354832,0.2714094572596793,4.722177419354832,False,COMP/USDT,0.10276066903340253,2.6
1741680000000,SHORT,5.923594518622599,-0.1239656325869165,6.273594518622598,True,ARKM/USDT,0.055330433295173675,12.6
1741705200000,LONG,3.682085561497314,-0.3050785148053428,4.032085561497314,True,AAVE/USDT,-0.04156898924405866,4.0
1741712400000,SHORT,-5.060044104942476,-0.0230811584395191,4.710044104942476,False,AUCTION/USDT,-0.019216939578226087,6.6000000000000005
1741962600000,SHORT,-6.151514531313946,0.0026889118822751,5.801514531313947,False,AUCTION/USDT,0.032974559617370905,7.3999999999999995
1742110200000,SHORT,-8.407572962645768,0.1548473121142409,8.057572962645768,False,AUCTION/USDT,0.04461683502905859,4.0
1742187600000,SHORT,-4.6395679042621065,-0.2039036023412243,4.289567904262107,True,CAKE/USDT,0.09069950557071965,3.4000000000000004
1742211000000,SHORT,-4.063559937099304,0.1029173301392575,8.776625942502307,True,CAKE/USDT,0.17202477772455554,31.2
1742238900000,SHORT,-5.945564458434685,-0.0251986491118454,5.595564458434685,False,API3/USDT,-0.06999580114126805,22.0
1742306400000,SHORT,4.590848990953372,0.2007206689045547,10.35093945720248,False,CYBER/USDT,0.1563292361783687,2.4
1742310000000,SHORT,-6.474123148869832,0.2457206789149765,6.124123148869832,False,AUCTION/USDT,0.0009801997538447826,3.4000000000000004
1742353200000,LONG,-0.5796113615103261,-0.1044522063607696,4.140811293477324,True,CAKE/USDT,0.16066208150457698,32.0
1742430600000,SHORT,3.7403032322559153,0.0118798075729555,6.366127957347533,True,1000BONK/USDT,0.02192356814766228,37.4
1742437800000,SHORT,0.1926220899702418,-1.0155849723744406,5.777612462804125,True,ARKM/USDT,0.017970460834380957,12.2
1742487300000,SHORT,4.218366561888633,0.296806733213993,4.568366561888633,False,AUCTION/USDT,-0.015496925535989676,0.0
1742520600000,SHORT,-2.703173039022469,-0.0328905682400412,4.4827906976744005,False,ACH/USDT,0.13137314545582904,6.2
1742561100000,SHORT,-6.075376062786126,0.1053766551425002,5.725376062786126,True,CAKE/USDT,0.09234745576327656,31.6
1742567400000,SHORT,4.774868986952905,0.0704256272272807,5.1248689869529045,False,ACH/USDT,-0.05382114031288088,4.2
1742589000000,SHORT,-4.824776785714272,0.5541500977531878,4.474776785714273,False,AUCTION/USDT,-0.01740711159482803,2.8000000000000003
1742595300000,SHORT,-1.126666942080479,0.0116373990127958,4.899396843757743,True,1000BONK/USDT,-0.0053480657263266515,22.2
1742609700000,SHORT,4.7856641123882415,0.0817076407659919,5.135664112388241,False,ARPA/USDT,-0.27284096693401216,6.0
1742613300000,SHORT,0.1599095632095518,0.0650962930331135,4.420463729074444,False,AGLD/USDT,-0.046145990479109944,45.0
1742667300000,SHORT,4.943737895416389,0.2000018024783184,8.847191736604263,False,CYBER/USDT,-0.042780268678077014,2.1999999999999997
1742688900000,SHORT,1.717565072918592,-0.5257244130426859,10.557744138822216,False,CKB/USDT,-0.05951444455102101,4.6
1742702400000,SHORT,3.670952087505779,-0.9289522186739484,7.608873825296551,True,ARKM/USDT,0.04975447922655219,3.5999999999999996
1742743800000,SHORT,0.6199909063352506,-0.0394843094328725,4.14599878751137,True,1000BONK/USDT,-0.008515661721773536,31.6
1742759100000,SHORT,5.429189661194544,0.3963035003287575,5.779189661194543,False,API3/USDT,0.07771917211509595,26.6
1742774400000,SHORT,-1.0215415609610492,-0.1940685582707958,4.760438740486476,True,1000BONK/USDT,-0.002459892232725232,2.0
1742803200000,SHORT,4.471897810218958,0.293142481487613,4.821897810218958,False,ANKR/USDT,0.2706663289590778,14.399999999999999
1742826600000,SHORT,0.9333999579213188,-0.1917215381502394,4.555663089978241,True,1000BONK/USDT,-0.027283195412800363,14.799999999999999
1742859900000,SHORT,4.713830111128012,0.0691972946163775,5.063830111128012,False,API3/USDT,0.054240876609204014,7.199999999999999
1742949000000,SHORT,-0.3783553875236263,0.1275993773782142,4.34802457466918,False,AGLD/USDT,-0.0057035263464190545,43.6
1743138000000,SHORT,5.609309128796985,3.641194053176619e-05,5.959309128796985,False,API3/USDT,-0.024390769550449717,10.6
1743211800000,SHORT,0.1427472040748654,0.1247937682496181,4.953493522312018,False,AUCTION/USDT,-0.007604819311100745,12.6
1743495300000,SHORT,8.383624454148483,0.5759358033913337,10.592794759825312,False,COMP/USDT,-0.005293300069127901,0.0
1743599700000,SHORT,-6.356858924395928,-0.0405578055289434,6.006858924395928,False,BIGTIME/USDT,0.12798958223091672,13.200000000000001
1743605100000,LONG,-1.605432158377607,0.4891641567807929,5.114099468855632,False,GAS/USDT,0.17484102144626154,28.799999999999997
1743731100000,SHORT,4.364498381877004,0.3103282136590105,4.714498381877004,False,BIGTIME/USDT,0.26428897599305634,0.8
1743819300000,SHORT,-3.2020877565463457,0.1104121245649598,4.097629157820221,False,AUCTION/USDT,-0.14358329701663555,46.6
1743846300000,SHORT,3.7376897133220894,0.0379676612638293,5.753072512647554,False,AUCTION/USDT,-0.12552496266633306,42.6
1743903000000,SHORT,-5.365620167027527,0.4800075182613855,5.015620167027527,False,ARK/USDT,-0.03729497160834055,3.2
1743927300000,SHORT,3.542806770098725,0.6438081736039599,9.184118476727791,False,ARK/USDT,0.04311509679525925,1.2
1743968700000,LONG,-0.7601283880171201,0.0761209465328479,4.726765335235372,False,COTI/USDT,-0.05478767075412731,24.2
1743973200000,LONG,3.655875299760201,-0.4254687078912933,4.005875299760201,False,BICO/USDT,-0.047239346152478115,
1744009200000,LONG,3.7497182057559937,-0.6844604543215601,4.099718205755994,False,ASTR/USDT,-0.057749032824219254,7.3999999999999995
1744009200000,LONG,4.309291368262345,-0.0903249175342379,4.659291368262345,True,ETC/USDT,-0.05916563169387974,25.6
1744010100000,LONG,2.118996405653099,-0.2625295171498013,4.390140951090539,True,BNB/USDT,-0.03133325734596165,24.2
1744010100000,LONG,3.732086406743955,-0.294665541836187,4.082086406743955,True,CFX/USDT,-0.054922652326347465,1.0
1744010100000,LONG,3.8445312500000095,-0.5350242967265523,4.194531249999999,False,CELO/USDT,-0.13123324035225767,18.2
1744010100000,LONG,3.9154799901792248,-1.7045619287481577,4.265479990179225,True,ARKM/USDT,-0.06844395774470294,13.200000000000001
1744010100000,LONG,3.982275971451225,-0.0182507199776578,4.332275971451225,True,ARB/USDT,-0.018098691002768272,5.0
1744010100000,LONG,4.010268901013238,0.0876557999775157,4.360268901013238,False,COTI/USDT,-0.08962022461366613,13.4
1744010100000,LONG,4.11359509759418,-0.2863868072438342,4.46359509759418,True,FIL/USDT,-0.09638101002453146,15.6
1744010100000,LONG,4.226995385404204,-0.3041485232750957,4.576995385404204,False,DUSK/USDT,0.037490023051610984,15.8
1744010100000,LONG,4.266620111731829,-0.3061439658484521,4.616620111731828,False,CHR/USDT,-0.0609505999432034,26.200000000000003
1744010100000,LONG,4.48181818181819,-0.4027706501401321,4.83181818181819,False,CYBER/USDT,-0.08051303633645193,3.8
1744010100000,LONG,5.026374745417511,-0.4508564508716369,5.376374745417511,False,EDU/USDT,-0.0452498747385931,2.6
1744010100000,LONG,6.126106194690274,-0.5317006356366223,6.476106194690273,False,ALICE/USDT,-0.0710965494462259,19.8
1744011000000,LONG,3.753007500185636,-0.6766444396041476,4.103007500185647,True,APT/USDT,-0.04096783243767536,15.0
1744011000000,LONG,4.036643109540624,-0.5417722189735263,4.386643109540624,False,ANKR/USDT,-0.06995580850384274,4.6
1744011000000,LONG,4.054247471743019,-0.6543622996363964,4.404247471743019,False,BLUR/USDT,-0.02987369972484957,7.6
1744011000000,LONG,4.068137467476152,-0.4564388375579392,4.418137467476152,True,1000BONK/USDT,-0.03518137057335247,16.2
1744011000000,LONG,4.118978930307931,0.0598846385846353,4.468978930307943,False,ENJ/USDT,-0.03823864906588201,10.0
1744011000000,LONG,4.570243902439013,-0.6982401295980498,4.9202439024390126,True,GALA/USDT,-0.04527243891237505,6.4
1744013700000,LONG,3.709514761765573,-0.2920841626148954,4.059514761765573,True,DOGE/USDT,-0.06515939470406124,28.799999999999997
1744013700000,LONG,3.8362653061224674,0.3877905424508119,4.186265306122468,True,AR/USDT,0.013412122049403882,30.8
1744035300000,SHORT,-6.685471100554215,0.1671124188483275,6.335471100554215,False,EDU/USDT,0.13830419156935836,0.2
1744036200000,SHORT,-2.421146245059297,-0.1720551237365322,4.597438735177868,False,DUSK/USDT,0.041202790301243936,24.6
1744036200000,SHORT,-2.275545571245188,0.2218244752597345,5.4501925545571135,False,CHR/USDT,-0.05416004404293512,26.200000000000003
1744036200000,SHORT,-2.267808219178084,-0.1498340530741739,6.070684931506838,False,ALICE/USDT,-0.048627499861782025,19.8
1744036200000,SHORT,-1.976016260162606,-0.2967900110546557,5.19268292682926,False,CTSI/USDT,-0.013047501590706148,
1744036200000,SHORT,-1.7116181549087246,-0.3410613336150801,5.713330044400589,True,1000BONK/USDT,-0.024245374446367964,10.6
1744036200000,SHORT,-1.4455490634129502,-0.4905839701035098,4.919419144182839,False,ASTR/USDT,-0.049663585902888704,4.0
1744036200000,SHORT,0.302404794416631,-0.0807499292215751,5.550113791533888,False,EGLD/USDT,-0.038874945513709715,15.0
1744037100000,SHORT,-0.403333333333325,0.2533672061988412,5.756319999999988,False,COTI/USDT,-0.040277575774948934,16.2
1744074900000,SHORT,7.108198810535241,0.1495687324259409,7.458198810535241,False,ARK/USDT,0.13321348057606172,15.0
1744163100000,LONG,0.5175893410452348,0.4864064318839059,4.357198925841761,True,AR/USDT,0.009227427375051491,31.0
1744163100000,LONG,1.5105169340463638,0.178461901956822,4.169076797385626,True,BCH/USDT,0.01794995136297035,19.400000000000002
1744163100000,LONG,2.091613588110405,-0.52390867427882,5.16857749469214,False,CYBER/USDT,-0.06817707268474775,25.4
1744163100000,LONG,2.2780708436488277,0.2679218175942565,5.046714911445448,False,COTI/USDT,-0.01040909419741371,25.2
1744163100000,LONG,2.672222222222218,-0.2970591633948901,4.110755555555556,True,DOT/USDT,-0.007683352113294145,27.800000000000004
1744163100000,LONG,3.0282000527843698,0.2521914904018449,4.72058590657166,True,FET/USDT,-0.05332882729093483,3.0
1744163100000,LONG,3.142063492063487,-0.4452512953797737,4.651984126984131,True,GALA/USDT,0.007126038012488151,26.200000000000003
1744163100000,LONG,3.3765340431493374,-0.5571471198397544,4.294704398991319,False,CKB/USDT,-0.02984253978742407,30.8
1744163100000,LONG,3.459774040987917,-0.415938162443407,4.753231739358911,True,APE/USDT,0.0037966124888636154,28.4
1744163100000,LONG,3.794688452243347,-0.4134261974929541,4.144688452243347,True,1000BONK/USDT,-0.04151713306926883,11.4
1744163100000,LONG,3.79560544542632,0.1720655920464748,4.1456054454263205,True,CAKE/USDT,-0.07567774032883169,6.6000000000000005
1744163100000,LONG,3.8886006026113233,-0.2357055564460906,4.238600602611323,False,ACH/USDT,-0.01688560138856672,40.2
1744163100000,LONG,4.837823683444881,-0.0176842226912937,5.187823683444881,False,API3/USDT,-0.044529833899949696,40.0
1744167600000,SHORT,-7.713979635129386,0.3566166386911226,7.363979635129386,False,GAS/USDT,0.07391073329242204,1.4000000000000001
1744224300000,SHORT,-0.7672843573271866,-0.0232807090838648,4.099868225992399,True,AVAX/USDT,0.04698367364594609,14.399999999999999
1744243200000,SHORT,1.000666891777807,-0.0213520975022765,4.550430525071751,False,BIGTIME/USDT,-0.002159463391939339,17.8
1744398900000,SHORT,3.907207890743535,0.3475297435988586,4.257207890743535,False,GAS/USDT,0.05193047175220542,4.3999999999999995
1744401600000,SHORT,-4.463847568109642,-0.1047302443855351,4.113847568109643,True,1000BONK/USDT,-0.0416384537580314,47.8
1744418700000,SHORT,1.0695011337868516,0.2695096142806878,5.367310657596361,False,ACH/USDT,0.030613471915488386,3.4000000000000004
1744450200000,SHORT,-8.164985014985007,0.0338205359325615,7.814985014985007,False,ARK/USDT,0.008195828767678829,26.0
1744456500000,SHORT,-2.683333333333336,0.0145079656039492,4.312000000000001,False,CELO/USDT,-0.10572992538285657,19.0
1744481700000,SHORT,4.560089710931427,0.2079008959249078,4.910089710931427,False,API3/USDT,0.10354638013310985,15.4
1744494300000,SHORT,1.1344804318488548,-0.0084775978455813,4.631443994601876,False,ARPA/USDT,-0.030176962904111124,23.400000000000002
1744504200000,SHORT,3.0252620545073308,-0.0369605915596079,8.521656184486355,False,CKB/USDT,0.017941346562257748,3.5999999999999996
1744540200000,SHORT,-0.5264359929425626,1.0773705478744646,4.03593413056263,True,FET/USDT,0.07957490622622074,10.8
1744649100000,SHORT,0.9265957446808404,-0.3788419246470127,11.610425531914888,False,ALICE/USDT,0.14179318389333484,0.0
1744675200000,SHORT,-5.878794153471373,-0.2697463291072429,5.528794153471373,False,ARK/USDT,-0.14278046814431558,34.4
1744676100000,SHORT,-5.724250227203862,0.1819551464485014,5.374250227203862,False,ACH/USDT,-0.11137250862281904,1.0
1744690500000,SHORT,-6.645730145175063,-0.6896813150051605,6.295730145175063,False,EDU/USDT,0.06517353532067587,16.0
1744718400000,SHORT,-0.0204745166959575,0.0277220650435847,4.22210017574691,False,ARK/USDT,-0.16122266805337884,24.0
1744749900000,SHORT,1.4180250783699062,-0.3265737273413504,5.758332288401237,False,API3/USDT,0.06034483458527458,8.200000000000001
1744758900000,SHORT,-4.94045325779036,0.326941339919425,4.590453257790361,False,GAS/USDT,-0.0766445636269722,11.4
1744775100000,SHORT,-0.5653063221765492,0.2097756885048576,4.933157173615175,False,ARK/USDT,-0.16043969114691625,49.6
1744782300000,SHORT,-4.94781808622502,0.4775046859584652,4.59781808622502,False,GAS/USDT,-0.08609889776868375,6.2
1744818300000,SHORT,-1.6058869701726857,0.3417724040851288,4.866248037676605,True,CRV/USDT,-0.1390987370553137,5.4
1744949700000,SHORT,-0.0570312499999915,-0.157994608573446,4.022070312499986,False,BICO/USDT,-0.08686709115043574,
1744956000000,SHORT,4.129166666666659,-0.4351210968193588,4.479166666666659,False,ANKR/USDT,-0.021941754157628328,15.6
1744970400000,SHORT,3.9500661011347247,0.4176831911087257,4.300066101134725,False,AGLD/USDT,-0.007586537800854608,8.799999999999999
1745124300000,SHORT,-4.738073719652667,0.461386856737741,4.388073719652668,False,ACE/USDT,-0.05782625506875936,28.599999999999998
1745166600000,LONG,-3.3845943758850927,-0.2048391042288241,4.112118146874371,False,ARK/USDT,0.13591532305941884,46.0
1745172000000,SHORT,-7.763394971248137,0.4442664528866817,7.413394971248137,False,ENJ/USDT,0.217647542661511,0.4
1745174700000,SHORT,-8.251716281895497,0.0723651655854611,7.901716281895498,False,ACH/USDT,-0.009498068548620077,13.4
1745202600000,SHORT,3.743836971232252,0.2445909460376,4.093836971232252,False,ACH/USDT,-0.012682358224515166,4.2
1745221500000,SHORT,-8.326120571540397,0.9223680959563428,7.976120571540396,False,ENJ/USDT,0.12744331741517517,0.0
1745248500000,SHORT,-5.291847914963188,0.0921990359430203,4.941847914963188,False,ACE/USDT,-0.09065644263811085,28.799999999999997
1745248500000,SHORT,4.083943348185856,0.4912265616728781,4.433943348185856,True,FET/USDT,0.01015424321899482,8.799999999999999
1745249400000,SHORT,1.882142857142859,0.3834424187285751,10.150892857142836,False,ALICE/USDT,-0.2601297189143949,23.599999999999998
1745335800000,SHORT,-1.104147812971343,0.5609016469717903,5.141025641025612,True,CRV/USDT,0.05764207521941945,38.2
1745361000000,SHORT,0.783685037602421,0.1455713667048718,9.04768211920528,False,ENJ/USDT,0.1100844716630008,1.0
1745368200000,SHORT,-2.262151085760481,0.5234451004739697,8.932183198221443,True,1000PEPE/USDT,0.03502688205146575,45.6
1745545500000,SHORT,3.1164448141985583,0.2172327893942198,4.80599001663892,False,GAS/USDT,-0.007987717595332663,22.6
1745546400000,SHORT,4.424760903836042,-0.0595178128263186,4.774760903836041,False,EGLD/USDT,-0.08436125213043383,26.0
1745585100000,SHORT,-1.7155377142086097,0.6909063475863992,4.111156389151239,True,BCH/USDT,-0.04268885497354567,49.8
1745596800000,SHORT,-6.665514250309773,0.8490385639078402,6.315514250309773,False,BSV/USDT,0.020971283864198876,3.5999999999999996
1745625600000,SHORT,-4.391373950885915,0.1920391005360048,4.041373950885915,True,1000BONK/USDT,-0.17950250512235236,49.2
1745635500000,SHORT,-0.3660102465577952,0.0549826176933569,4.330627601665055,True,ARKM/USDT,-0.018742028426529417,41.4
1745699400000,SHORT,6.037666342096702,0.0104017155880672,6.3876663420967015,False,ARPA/USDT,0.010944897984923211,25.2
1745716500000,SHORT,0.3070004531037588,0.8488875116516951,7.480516538287244,False,BSV/USDT,0.014436268996307882,16.400000000000002
1745718300000,SHORT,0.8943205287071442,0.3400994521685102,4.934887443205284,True,ENS/USDT,0.015380402545163327,41.8
1745757000000,SHORT,-0.0917503586800603,0.2154224841459003,4.674634146341458,False,GAS/USDT,-0.09604233454156297,5.6000000000000005
1745823600000,SHORT,-4.497602441150816,0.5903162281401737,4.147602441150816,False,DASH/USDT,-0.06422340195459111,13.600000000000001
1745829900000,SHORT,4.470563380281687,-0.4482446331967472,4.820563380281687,False,EDU/USDT,0.20736212515403102,2.0
1745937900000,SHORT,4.374409448818902,0.0329125162406548,8.724146981627271,False,CELO/USDT,-0.26846102252338905,20.599999999999998
1746066600000,SHORT,-5.148374461417903,0.3471650726666649,4.798374461417903,False,AGLD/USDT,-0.04418182074247952,15.6
1746086400000,SHORT,1.5636960600375236,-7.13529768763831e-05,4.477598499061906,False,ARPA/USDT,0.12431451002729438,26.0
1746157500000,SHORT,4.175986361422294,0.8123035367631334,4.5259863614222935,False,BSV/USDT,0.026485728548037497,26.6
1746596700000,SHORT,-6.008914728682167,0.1403037037369407,9.24147286821704,False,CYBER/USDT,-0.1790616322775547,19.400000000000002
1746679500000,SHORT,-1.2730174455129737,0.699536715110803,4.54843908568113,True,BCH/USDT,0.053824066199695486,7.199999999999999
1746723600000,SHORT,-1.6101120099564414,0.1020772158557713,6.312590748807288,True,1000BONK/USDT,-0.0827029563977092,47.8
1746739800000,SHORT,0.968132916256082,1.1888648468377332,6.92857220348788,True,1000PEPE/USDT,0.12304633561768456,51.4
1746755100000,SHORT,3.096538345258496,0.0084787157234811,5.879522321878447,False,EGLD/USDT,-0.0962344207838805,28.999999999999996
1746779400000,SHORT,-6.03649059938147,0.1011304440533368,5.686490599381471,True,1000BONK/USDT,-0.08639542081433725,47.8
1746779400000,SHORT,-6.022605533274408,0.8184337773504942,5.6726055332744085,True,1000SHIB/USDT,0.006662404617678287,
1746779400000,SHORT,-5.719896973599465,0.2352992671643924,5.369896973599466,True,ARKM/USDT,0.0018988133604364813,45.2
1746779400000,SHORT,-5.209090909090892,0.1349550973514391,4.8590909090908925,True,GALA/USDT,-0.03351023892494451,43.0
1746779400000,SHORT,-4.494169198410829,-0.697587650891225,4.14416919841083,False,API3/USDT,-0.051003960989553336,58.599999999999994
1746779400000,SHORT,-4.441995912806522,-0.1724473017325283,4.091995912806523,False,ENJ/USDT,0.00881573796392305,31.6
1746779400000,SHORT,-2.627605533031244,0.9191253692733542,5.120045313617927,True,FET/USDT,0.06300293196679678,46.800000000000004
1746779400000,SHORT,-2.480406714009036,-0.1444202336721456,4.638347320852139,False,EDU/USDT,-0.07430704907111488,21.6
1746779400000,SHORT,-1.4894941147007188,-0.3499336458287962,4.369271224643109,False,BIGTIME/USDT,-0.0328319593922327,30.8
1746779400000,SHORT,-0.8405968928863454,0.2334528871667638,4.072526573998341,True,APE/USDT,-0.028494664704946587,54.6
1746779400000,SHORT,-0.8129831841013393,0.6670454199320358,4.124498798864373,True,CAKE/USDT,-0.07587797764474631,47.199999999999996
1746779400000,SHORT,-0.6701707577374543,0.0202095942030486,5.170490928495177,True,ARB/USDT,-0.0012861379141504616,48.4
1746779400000,SHORT,-0.5516129032258121,0.058669976110929,4.748790322580632,False,CHR/USDT,-0.0007053317901950939,31.0
1746779400000,SHORT,-0.4935750179468813,0.7279069511155838,4.332160804020083,False,BICO/USDT,-0.07505478546452306,
1746779400000,SHORT,-0.4828740157480414,0.4904795908744497,5.87770669291337,True,DOGE/USDT,0.06720750705833255,70.6
1746779400000,SHORT,-0.2451562172363201,-0.024252725938438,4.1698259593206055,True,ETC/USDT,-0.030385219742222896,44.4
1746779400000,SHORT,-0.0179013922595418,0.658721186801246,4.8095925405543385,True,ADA/USDT,-0.012585479475487344,53.2
1746779400000,SHORT,0.078424742414048,0.4328383777408178,4.252621888609553,False,ACH/USDT,-0.056679955837192195,56.39999999999999
1746779400000,SHORT,0.759083500168323,0.7852130231727323,4.11169498432044,True,APT/USDT,-0.029682520985957247,60.8
1746779400000,SHORT,1.171210013908197,0.2499875159884323,5.784066411682884,True,ENS/USDT,0.01981062147011035,53.400000000000006
1746779400000,SHORT,1.6120821710557314,0.2706725437294167,4.591593778071959,True,AAVE/USDT,0.013315537309408473,54.400000000000006
1746779400000,SHORT,2.477162621757171,0.5859844030236816,5.02424633519848,True,ETH/USDT,0.12262015654014817,68.0
1746781200000,SHORT,2.8797436135122347,1.071492567667237,8.237036607880848,True,1000PEPE/USDT,0.0702263244537298,51.4
1746782100000,SHORT,1.2373015873015838,0.353033908702366,4.545502645502629,False,1INCH/USDT,-0.05639211423806013,37.4
1746837900000,SHORT,-6.646346526432315,0.5161332139104258,6.296346526432315,False,ACE/USDT,0.028409436288281936,28.4
1746837900000,SHORT,-3.977324617934084,0.5783468426853812,4.713864849935541,False,CKB/USDT,-0.10146392633426497,39.2
1746837900000,SHORT,-3.6608522378908743,-0.1188380957693188,4.543225015328019,False,EDU/USDT,-0.11064276353635241,21.6
1746837900000,SHORT,-1.3822580645161229,0.4717154354440143,4.182580645161283,False,CTSI/USDT,0.04862189229424887,
1746837900000,SHORT,-0.541204588910134,0.4032508379929333,4.135564053537286,False,ALICE/USDT,-0.08349099491960492,25.6
1746837900000,SHORT,-0.1672291945899772,0.4767676924106296,4.475602128264481,True,CAKE/USDT,-0.07910552466979769,47.0
1746843300000,SHORT,5.285328386157136,0.095495108562788,5.635328386157136,False,AUCTION/USDT,0.20948706389072336,67.2
1746867600000,SHORT,0.5771217712177139,1.2948591425356002,4.786050123001217,True,1000PEPE/USDT,0.01184605045573138,48.4
1746867600000,SHORT,1.7776595744680872,0.0209389352413035,4.330969267139468,False,CELO/USDT,-0.11686879823864812,22.400000000000002
1746922500000,SHORT,-5.94621495327102,0.252421820648547,5.59621495327102,True,GALA/USDT,-0.05712214206336621,43.0
1746922500000,SHORT,-5.401728553136988,0.2610149487148859,5.051728553136988,True,ARKM/USDT,-0.061531498293291534,45.2
1746922500000,SHORT,-5.14396103896103,0.0555157263264019,4.79396103896103,False,CYBER/USDT,-0.21469787767992768,35.8
1746922500000,SHORT,-4.538437120086452,0.3505504042740123,4.188437120086452,False,ACE/USDT,-0.12189988880029856,28.4
1746922500000,SHORT,-3.697034644744558,-0.6741028087100778,5.070581327069866,False,EDU/USDT,-0.09985446538129131,21.6
1746922500000,SHORT,-2.7162884927066435,0.2867047134321778,4.819189627228523,True,AXS/USDT,-0.14594009131679148,73.0
1746922500000,SHORT,-2.61763717805151,0.2230472690822823,5.3075121313922855,False,AGLD/USDT,-0.09699062456466982,71.39999999999999
1746922500000,SHORT,-2.5846368715083816,0.0264106514054835,4.595903165735553,False,ALICE/USDT,-0.09693101050033306,25.6
1746922500000,SHORT,-2.0328350821619554,0.4124176632368628,4.241704612947917,True,CFX/USDT,-0.09260708547735524,37.2
1746922500000,SHORT,-1.5459265245674505,0.7993871778047871,4.13892494008422,True,ETH/USDT,-0.0409658509003095,68.4
1746922500000,SHORT,-1.4045344983428754,0.5968281574059023,4.032163302199457,True,APE/USDT,-0.13446380596806148,54.6
1746922500000,SHORT,-0.8567567567567478,0.3633206323429962,4.069721283783764,False,1INCH/USDT,-0.07859639238413582,37.4
1746922500000,SHORT,-0.7471571906354467,0.0630062438082351,4.157692307692284,False,COMP/USDT,-0.08909450272391223,68.8
1746922500000,SHORT,-0.5850056196996096,-0.1750051561898401,4.717012363339125,False,ENJ/USDT,-0.09254417233768898,31.6
1746922500000,SHORT,-0.4479491888582927,0.8361624880134675,6.127040097949189,True,1000SHIB/USDT,-0.13462057796322802,
1746922500000,SHORT,-0.35,0.7524711170377499,4.399676244435444,True,ALGO/USDT,-0.08451123331148636,57.4
1746922500000,SHORT,-0.2860153563144871,0.1398883813315654,4.728185235543462,False,BLUR/USDT,-0.07393426314620173,48.0
1746922500000,SHORT,-0.2524199843871995,0.6092926651198519,4.939168618266965,True,DOT/USDT,-0.08689278623653966,49.4
1746922500000,SHORT,-0.2139455782312923,0.4483094205479458,4.120952380952367,True,DYDX/USDT,-0.06991291032508679,29.2
1746922500000,SHORT,0.2773525721455463,0.3851116104732544,4.201254705144272,True,CRV/USDT,-0.03398624921623948,43.4
1746922500000,SHORT,2.3360179885527472,0.924332785231188,6.504165985282088,True,DOGE/USDT,0.0005101106573706455,70.6
1746974700000,SHORT,2.3184280052840154,0.2893607463694393,7.481321003963008,False,GAS/USDT,-0.15535713846300678,55.400000000000006
1747018800000,SHORT,-4.544865626840944,0.5148521269840731,4.1948656268409446,True,1000PEPE/USDT,-0.01172916181251341,51.6
1747035900000,SHORT,3.8309361806779534,0.9769066786574416,4.180936180677954,True,DOGE/USDT,-0.07999988311522693,45.6
1747036800000,SHORT,-0.0687609858989914,1.5485753610389426,5.130666770829249,True,AVAX/USDT,-0.05522972659512885,61.6
1747036800000,SHORT,0.9248847700304104,0.050861624986564,5.867304109051672,True,CFX/USDT,-0.028675943749408295,37.2
1747049400000,SHORT,3.662894632206741,0.4322247561961824,4.0128946322067405,True,CAKE/USDT,-0.09208603424034685,45.4
1747076400000,LONG,-1.0708387942332975,0.032066735510119,4.024049803407601,False,CYBER/USDT,-0.1766254677219274,35.8
1747077300000,LONG,-0.6740982749607995,-0.0854653305674865,4.125394668060633,True,CFX/USDT,-0.022480091801007584,37.2
1747134000000,SHORT,-2.6923423423423243,0.1071478911165606,5.721621621621597,False,ALICE/USDT,-0.11844074727602114,25.6
1747173600000,SHORT,-0.3124295554164099,0.5558743731467352,5.638447088290535,True,ARKM/USDT,-0.03691114907478712,45.2
1747184400000,SHORT,1.2134594492466086,-0.017689106039891,4.004813187851288,False,EGLD/USDT,-0.12438807427856548,29.4
1747378800000,SHORT,1.4129407351837893,-0.138057910815839,4.777006751687916,False,ARPA/USDT,-0.10781537680628873,27.400000000000002
1747394100000,SHORT,3.914991239597013,0.0482337833791577,4.264991239597013,False,API3/USDT,-0.06824697806791324,54.6
1747710900000,SHORT,0.6195290858725772,-0.1796431710076209,4.050831024930736,True,CRV/USDT,0.05204474861474801,45.0
1748003400000,LONG,3.9330212234706585,0.2532633482246316,4.283021223470659,True,CRV/USDT,0.06396236433578077,45.800000000000004
1748322900000,SHORT,-4.749320089641801,0.4342099391726834,4.399320089641801,True,CAKE/USDT,0.0749964740840125,44.4
1748567700000,LONG,-2.703651176825582,-0.1404701006212509,5.578460525593911,True,1000BONK/USDT,-0.05573513639301377,45.0
1748567700000,LONG,-1.8274166314900784,0.4469691791431642,4.382271000422118,False,ARPA/USDT,-0.09248809018108893,29.799999999999997
1748567700000,LONG,-1.3599416127505155,0.6710273278497628,7.427047498816462,False,COTI/USDT,0.030768810126280972,32.0
1748568600000,LONG,-3.2261362094695385,0.6028859958018192,4.5471577804911245,False,DUSK/USDT,-0.0049254113291952225,28.999999999999996
1748568600000,LONG,-2.9970588235294264,0.5964963531870805,4.551911764705875,False,CTSI/USDT,-0.04818134718419707,
1748568600000,LONG,-2.482816286960744,0.48751373999521,4.021231216674755,True,ALGO/USDT,-0.05816015765332325,28.199999999999996
1748568600000,LONG,-2.315065502183408,0.6565474724086092,4.7843231441048015,False,1INCH/USDT,-0.06027653366381846,6.4
1748568600000,LONG,-2.2282150974996933,0.3270210894284642,4.832360330183034,False,AGLD/USDT,-0.05860850327143489,70.39999999999999
1748568600000,LONG,-1.6907455853498994,-0.1101091299338914,4.962230215827349,True,ARKM/USDT,-0.021901526582225023,40.8
1748568600000,LONG,-1.2682148195601033,0.4721287280780918,5.32438607730086,False,CKB/USDT,-0.07369817763540717,42.0
1748568600000,LONG,-1.240081944051988,0.5399644149400998,4.004591692568522,True,ADA/USDT,-0.14190056814947083,3.8
1748651400000,LONG,-4.371306376360803,0.3252856219092601,4.021306376360803,False,EDU/USDT,-0.007158203864635588,22.6
1748651400000,LONG,0.7048523206751113,0.7894555770626832,4.208772855133624,False,COTI/USDT,0.03794353645872,28.999999999999996
1748651400000,LONG,2.819213355970568,0.3000186758527565,4.249632144878335,False,ARK/USDT,-0.0429953708622672,25.4
1748654100000,LONG,4.2808597285068055,0.6695676384006211,4.630859728506805,False,ARPA/USDT,-0.08061919785750872,10.0
1748764800000,SHORT,3.8214796283059367,0.5211495914741022,4.171479628305937,False,EDU/USDT,-0.01032423848519098,23.0
1748970900000,SHORT,3.975197368421039,0.5447953345827734,4.325197368421039,False,COMP/USDT,0.11765625199090328,67.2
1749033000000,SHORT,4.317224780242788,0.4169124654511137,6.702574298869799,False,COMP/USDT,-0.0020881449728759227,75.4
1749159900000,LONG,0.4630081300813117,-0.0299456279846276,4.082655826558274,False,CYBER/USDT,0.11229128667351353,31.2
1749222900000,SHORT,3.991961392137504,0.2350726915124807,4.341961392137504,False,API3/USDT,0.014408244042148077,53.2
1749289500000,SHORT,0.36090047393365,0.353348387536906,4.81587677725118,False,ALICE/USDT,-0.07529866679399304,7.8
1749468600000,SHORT,-2.695798261349526,0.2268609440087073,6.0021664136884185,False,API3/USDT,0.02277983087944069,52.2
1749510900000,SHORT,-5.897912992357435,-0.3378144966259282,5.547912992357436,False,COMP/USDT,-0.1440588558471173,66.0
1749561300000,SHORT,-3.446291255529092,-0.3793773988753277,6.27226947941476,False,COMP/USDT,-0.12089728573982819,76.6
1749860100000,SHORT,1.5463574915508786,-1.0680342826912472,7.117236199774683,False,COMP/USDT,-0.16448695555991139,74.6
1749864600000,SHORT,2.0977806788511804,-0.2529329644265986,4.195463446475181,False,GAS/USDT,-0.06019162068444239,58.4
1749974400000,SHORT,0.3214628297362168,0.1665108659286255,5.302973621103098,False,ARPA/USDT,-0.001288458364690322,33.800000000000004
1750442400000,LONG,-3.017946257197701,-0.2868053680399102,4.318618042226481,True,AR/USDT,0.020624717165275516,28.599999999999998
1750543200000,LONG,-0.8741700640652208,0.2584279771334276,4.132382061735585,False,1INCH/USDT,-0.0030565876335180036,28.199999999999996
1750544100000,LONG,-1.2999136442141686,0.9988459387028622,4.755505181347157,False,COTI/USDT,-0.06854722673382037,12.0
1750544100000,LONG,-1.2640767824497263,0.3272113155382,4.309872029250459,True,CRV/USDT,-0.07570199756363603,25.2
1750603500000,LONG,-4.402985462097616,-0.2533006880027721,4.052985462097617,True,ARKM/USDT,-0.015046630242275259,42.6
1750624200000,LONG,1.991690179934312,0.8896183467521812,4.307553540866825,True,1000PEPE/USDT,0.00829735206085788,56.99999999999999
1750624200000,LONG,3.082700993676605,0.1230248099767546,8.585817524841916,False,BIGTIME/USDT,0.015776582549520007,38.2
1750625100000,LONG,0.5787925696594436,-0.4112879038908851,4.621362229102174,False,ALICE/USDT,-0.10299907280591929,30.0
1750659300000,SHORT,0.9441919191919133,0.1350431835040404,6.125505050505043,False,CKB/USDT,-0.07326478544123766,39.6
1750725000000,SHORT,-1.5988174077578066,0.3332445598391612,5.310255439924298,False,BIGTIME/USDT,-0.017533164174621182,39.6
1750778100000,SHORT,-4.832645069039838,0.3188785660226481,4.482645069039839,True,APT/USDT,0.18128199659264804,75.0
1750815900000,SHORT,-1.4095580970000134,0.6122416465000601,4.0701852124371865,True,BCH/USDT,-0.0063504196244618056,11.600000000000001
1751289300000,LONG,-4.629157427937916,-0.4119137371073207,4.279157427937916,False,BSV/USDT,-0.04427572240016992,2.6
1751391900000,SHORT,-9.281992516370442,-0.1138224293335922,8.931992516370443,False,ARPA/USDT,-0.19944453363182324,9.6
1751464800000,SHORT,-3.1233755942947727,0.0884811329452207,6.923085050184887,False,ARK/USDT,-0.010886065379126843,21.8
1751465700000,SHORT,-0.6279708130646284,-1.10492361898258,8.001980542043077,False,GAS/USDT,0.06001375654452551,8.200000000000001
1751508900000,SHORT,-5.162512309207287,0.3574998477519083,4.812512309207287,True,1000BONK/USDT,-0.04599218854079998,45.2
1751630400000,SHORT,-1.7792520247737031,0.392907245847948,9.474654597427332,False,ARK/USDT,-0.00370604453042347,2.4
1751891400000,SHORT,1.389712278353966,-0.5494026010381549,4.259652057544323,False,GAS/USDT,-0.20506920706963339,7.199999999999999
1751965200000,SHORT,1.670202020202022,0.0198681475119586,4.014814814814812,False,CELO/USDT,-0.23796837951260857,0.2
1751981400000,SHORT,-0.3230820995962279,0.3464611064432668,7.778627187079391,False,CKB/USDT,-0.16515265088569425,51.800000000000004
1752002100000,SHORT,0.3006180871828198,-0.3644163420946321,8.97918022121013,False,DUSK/USDT,0.004483232381884077,22.8
1752021000000,SHORT,-0.2718546496483468,0.3439007910162329,5.499192498046358,False,CKB/USDT,-0.13622703418263155,1.6
1752054300000,SHORT,4.715874730021575,0.0098230131736278,5.065874730021575,False,ALICE/USDT,-0.0890617657708493,31.4
1752071400000,SHORT,-3.313489805595069,-0.4389243006937636,4.294879089615914,False,COMP/USDT,0.02525836819314069,75.0
1752192000000,SHORT,-4.774032541776608,-0.3655353418398486,4.424032541776608,True,CFX/USDT,0.10251021716370276,55.00000000000001
1752204600000,SHORT,-6.564805520702609,-0.1791962093008433,6.214805520702609,False,CYBER/USDT,0.00783483954663521,22.8
1752214500000,SHORT,-9.686737864077651,0.9534826027441528,9.336737864077651,False,1INCH/USDT,-0.0450877783252234,17.8
1752237900000,SHORT,-10.528576563623265,1.213244762550848,10.178576563623263,False,1INCH/USDT,-0.10905202691615552,51.800000000000004
1752248700000,SHORT,-4.762085673110365,0.8893050067948665,4.412085673110365,True,DOGE/USDT,-0.1041726067066586,82.6
1752307200000,SHORT,11.394802240112003,0.4836828983991748,11.744802240112003,False,ARK/USDT,-0.049347114568845454,6.6000000000000005
1752358500000,SHORT,-4.930716510903408,1.8619708917426587,4.580716510903408,False,1INCH/USDT,-0.29456638709220584,52.2
1752371100000,SHORT,-4.758839027706941,0.4752585263488239,4.408839027706941,False,BIGTIME/USDT,0.062133807607894,33.4
1752384600000,SHORT,-9.9106761282092,0.3531116827978467,9.5606761282092,False,AUCTION/USDT,-0.22405073443980186,0.0
1752392700000,SHORT,-1.7916058394160412,0.0919865975697059,6.5595985401459735,True,ARKM/USDT,0.05655227651418216,61.0
1752415200000,SHORT,-0.4364304235090717,-0.2189080307646005,4.4611063094209005,False,ARPA/USDT,0.08946661717556317,40.0
1752420600000,SHORT,-1.0512076353720388,1.0119898998403882,5.496688741721859,True,ALGO/USDT,0.06852942249777881,70.39999999999999
1752445800000,LONG,4.445572041265807,0.2838496264154387,4.795572041265807,False,BLUR/USDT,-0.037728485516715524,63.2
1752468300000,SHORT,4.627728962487307,1.1526018099010376,4.977728962487307,True,ALGO/USDT,-0.04641333105690656,70.39999999999999
1752474600000,SHORT,-3.671256038647341,-0.909371649712936,8.113224637681148,False,COMP/USDT,-0.051704488094830844,73.2
1752632100000,SHORT,-4.598354876615727,-0.1127110072587194,4.248354876615728,False,CYBER/USDT,0.051394990910875314,20.200000000000003
1752632100000,SHORT,-3.504246100519931,-0.1233976701691448,8.018058925476582,False,BSV/USDT,-0.14321759515899785,31.0
1752632100000,SHORT,-2.273301084042433,0.8834700924382024,4.290643820181058,True,ENS/USDT,0.10757779987983791,68.4
1752708600000,SHORT,-5.05879120879119,0.6783066131161941,4.70879120879119,True,CRV/USDT,0.035869830827663624,55.400000000000006
1752754500000,SHORT,5.035029617662903,0.5062363056176482,6.6733979536887365,False,CYBER/USDT,0.013805259735209855,19.6
1752764400000,SHORT,-0.3719432985166245,0.1067601803360709,6.000364258755363,False,ACH/USDT,0.005657211788990921,75.6
1752808500000,SHORT,0.6455328653478022,0.646402778936206,4.268474792597314,False,API3/USDT,-0.018360511859711787,29.2
1752815700000,SHORT,1.0501680201624053,0.9142022152193064,8.684080089610747,True,APE/USDT,0.002560876091114913,75.8
1752829200000,SHORT,-5.139534737107551,1.4922357112491025,4.789534737107552,True,ETC/USDT,0.057189099372886,64.0
1752844500000,SHORT,4.80850023288308,-0.6941929436097085,5.15850023288308,False,ACE/USDT,0.0015304360398911113,18.6
1752855300000,LONG,-4.716501152686655,0.1061676227399518,4.366501152686655,True,1000BONK/USDT,-0.03356232847219682,43.4
1752917400000,SHORT,1.5440609951845905,0.4927594590732844,4.550272873194211,False,BSV/USDT,-0.06961599211207109,30.599999999999998
1752921000000,SHORT,-1.5207109408258843,0.1126941100504858,4.591251596424003,False,ARK/USDT,-0.10994476759812416,31.2
1752939000000,SHORT,0.7856466876971583,-0.7446725897603804,5.061876971608827,False,ACE/USDT,0.040343341451260735,18.6
1752974100000,SHORT,-3.311472110408274,0.7136930890766181,4.654600345025854,False,GAS/USDT,0.05313851982713864,44.6
1752994800000,SHORT,-7.736071900424159,0.2024646631479335,7.386071900424159,True,CFX/USDT,0.21502548620574838,53.400000000000006
1752994800000,SHORT,-1.0127093836396162,0.0915979328630852,5.813319238900618,False,ACH/USDT,0.0562571494949355,74.2
1753009200000,SHORT,-6.35201342281879,0.3352035846611425,6.002013422818791,False,CKB/USDT,-0.14417764041026948,52.6
1753031700000,SHORT,5.002385565512242,0.417449834454285,10.19014981143824,False,ACH/USDT,-0.00551787456385707,73.8
1753032600000,SHORT,7.486483710008795,0.901862605084553,7.836483710008794,False,CKB/USDT,0.016057966100227982,0.8
1753033500000,SHORT,3.6622686771761255,0.3577485762442441,4.012268677176126,True,FIL/USDT,0.014861431840873832,53.800000000000004
1753068600000,SHORT,-7.702615171458254,0.7417718720506205,7.352615171458254,False,BLUR/USDT,0.013414311254755087,61.199999999999996
1753073100000,SHORT,-0.4472762645914405,1.3924819130329,5.526862145636459,False,BIGTIME/USDT,-0.050092823915450294,32.0
1753092000000,SHORT,1.314429530201338,0.9704862143762608,4.419704697986568,True,APE/USDT,-0.05958511596214896,74.0
1753124400000,SHORT,5.818562352700061,0.5982307026067365,6.168562352700061,False,API3/USDT,-0.018222571420287343,28.599999999999998
1753198200000,SHORT,-0.0826955543050191,0.7779999003373027,6.279477349465383,True,ENS/USDT,-0.05178367347144163,66.2
1753209900000,LONG,5.904645659857433,0.6446017311422304,6.254645659857433,True,CFX/USDT,0.0797743674358275,51.800000000000004
1753252200000,SHORT,3.933965728274161,0.17984646477588,7.297674418604652,False,CTSI/USDT,-0.06129381379351675,
1753255800000,SHORT,3.742456773703204,-0.00279701052942,4.092456773703204,False,ARK/USDT,-0.21584363006614488,32.2
1753264800000,SHORT,4.15478058347634,0.1059958526446671,4.50478058347634,False,DUSK/USDT,-0.09356419864375061,30.599999999999998
1753266600000,SHORT,6.549713914174238,0.2710481098167123,6.899713914174238,False,GAS/USDT,0.07730835567051128,42.4
1753276500000,SHORT,5.006154747948401,-0.4974808584235138,5.356154747948401,False,ARPA/USDT,-0.0005680139644805811,37.8
1753438500000,SHORT,4.260888252148996,0.1172049666793382,4.610888252148996,True,CRV/USDT,-0.0022732942466357083,52.400000000000006
1753497900000,SHORT,-6.013026166097832,0.1942678102460494,5.663026166097833,False,CKB/USDT,-0.03690628912279219,51.4
1753517700000,LONG,-0.4851351351351389,0.3309702468054379,4.746081081081087,False,CTSI/USDT,-0.03294737976204098,
1753528500000,SHORT,-0.35,0.8201197595899496,4.172970297029677,False,CHR/USDT,0.05721440309162316,34.4
1753537500000,SHORT,3.866768759571205,-0.4864262097933442,4.216768759571205,False,ARPA/USDT,0.00879183766249065,36.199999999999996
1753609500000,SHORT,1.3335016835016735,0.7679825972203477,4.915375982042642,False,ANKR/USDT,-0.004130910980019204,34.0
1753769700000,SHORT,-6.465842336259263,0.5750986518307042,6.115842336259264,True,CFX/USDT,0.05655521197922197,50.8
1753769700000,SHORT,-4.218743615934628,0.3718769441338496,6.942271024855288,False,ACH/USDT,0.03252922371723446,69.39999999999999
1753772400000,SHORT,-0.1694945848375482,0.4641300458497521,5.912454873646203,False,BAT/USDT,-0.021942547300159213,45.4
1753774200000,SHORT,6.06640077530936,0.2066856795104036,6.416400775309359,False,CKB/USDT,-0.024783512314774655,4.3999999999999995
1753783200000,SHORT,1.763459399332593,0.7413526455865447,8.277141268075622,False,CYBER/USDT,-6.7227933662785e-05,17.2
1753916400000,SHORT,-5.119359882277189,0.5244800904064092,4.76935988227719,True,CFX/USDT,0.07451351894678766,1.7999999999999998
1753937100000,SHORT,1.0854066985645887,0.135565831898699,5.845560871876651,False,CYBER/USDT,-0.0865739409229198,16.2
1753937100000,SHORT,2.5411564625850303,0.4575965833197983,5.133049886621315,False,BAT/USDT,-0.11011966170889735,37.4
1754057700000,LONG,4.050584083718664,0.4103533787940241,4.400584083718663,True,CFX/USDT,0.03729415150779667,21.4
1754193600000,SHORT,-4.838481545702246,0.4990104510106072,8.936185286103541,True,CFX/USDT,0.027612047933772803,26.8
1754368200000,SHORT,5.109285091543143,0.1755771482922323,5.459285091543142,False,BICO/USDT,-0.0821270227973477,
1754370000000,SHORT,1.8134615384615405,0.8362858426656836,5.60432692307691,False,ALICE/USDT,-0.006823798224795184,24.8
1754700300000,SHORT,-1.6944520081688237,-0.1868562254897131,4.550289312457443,False,CKB/USDT,0.06440605069625845,45.2
1754726400000,SHORT,-2.3995303159692565,-0.0975446452950785,4.582664389410753,False,BICO/USDT,-0.026667788902842725,
1754850600000,SHORT,0.5726401703335668,0.2029647111296993,9.269339957416593,False,EDU/USDT,-0.08410529080040363,29.599999999999998
1754852400000,SHORT,1.258040201005027,0.102677754490523,5.2393969849246185,False,CYBER/USDT,0.07835304515817047,19.0
1754991000000,SHORT,-6.240070467648938,-0.0383587432378675,5.890070467648938,False,EDU/USDT,0.0004235449740794521,27.0
1755096300000,SHORT,-4.426586391437304,0.4301752202696355,4.076586391437305,True,ARB/USDT,0.03343313787978924,64.0
1755131400000,SHORT,4.903684041184022,0.5338784163978078,5.253684041184021,True,ARKM/USDT,-0.02408329626628188,54.0
1755177300000,LONG,-1.1169749605233508,-0.3905323202355741,4.280803067899858,False,ARK/USDT,-0.07497884459689795,28.000000000000004
1755177300000,LONG,0.5368324657798221,0.4458262413768011,5.893348756506662,True,ARB/USDT,-0.043267297569799384,63.4
1755342900000,SHORT,-8.480539609644083,0.7351364561184339,8.130539609644083,False,CTSI/USDT,0.2507436102785812,
1755348300000,SHORT,4.648973330186433,0.4164799429844041,4.998973330186432,False,API3/USDT,-0.022897067607634325,0.4
1755360000000,SHORT,6.097985989492118,0.3818557560456283,6.447985989492118,False,CHR/USDT,0.24027719620739973,30.4
1755440100000,SHORT,1.3620894479385024,-3.122531077481339,5.101222921034224,False,CYBER/USDT,0.08342894936479613,1.6
1755507600000,SHORT,2.743753676038112,0.2714519228601687,6.895424067756728,False,API3/USDT,-0.09914082700227951,0.0
1755676800000,SHORT,6.820799536500567,1.3411734847370906,7.170799536500566,False,API3/USDT,0.017107430422195303,0.8
1755727200000,SHORT,-2.0246411483253564,0.1553028169500764,6.696438824333539,False,API3/USDT,0.019775236516413396,6.2
1755758700000,SHORT,-5.667963364191442,-0.107584673228537,5.317963364191442,False,API3/USDT,0.0187334242028947,4.8
1755912600000,SHORT,2.8948377581120943,0.0090228744487635,4.334593724859195,False,GAS/USDT,-0.09700627264302628,39.4
1755960300000,SHORT,2.3828819482363195,0.4353436858642229,5.7657311346510856,True,AAVE/USDT,-0.10249917229278278,65.2
1755996300000,SHORT,3.838898186889805,0.5373743854762452,4.188898186889805,False,AUCTION/USDT,0.01668509775275855,16.6
1756063800000,SHORT,1.2539823008849482,0.4971880352726615,4.0168694690265365,True,GALA/USDT,-0.051167185953301844,44.0
1756063800000,SHORT,3.754233589015535,0.4731672062898322,4.104233589015535,True,DOGE/USDT,0.018588556908152032,56.00000000000001
1756064700000,SHORT,1.0522140221402307,-0.0938404064986567,4.556273062730591,True,ALGO/USDT,0.01420122602416037,57.199999999999996
1756064700000,SHORT,1.0699002818122696,0.2776178577459551,4.789908952959023,True,ADA/USDT,-0.04281113450309326,56.99999999999999
1756097100000,SHORT,-0.4587251970644198,-0.4442035853165842,5.152786083174775,False,GAS/USDT,-0.10283716549872346,13.8
1756149300000,SHORT,-6.159436619718303,-0.300904172430347,5.809436619718303,False,EDU/USDT,0.005307556890800917,19.2
1756198800000,SHORT,5.8766500622664894,0.490195480088353,7.294769613947688,False,CTSI/USDT,3.7483167583506845e-05,
1756200600000,SHORT,0.0053250744261935,-0.2806689427629361,4.576692595793712,False,BICO/USDT,0.06363252295847326,
1756255500000,SHORT,-5.492947903430735,-0.8601877869661869,5.142947903430735,False,CKB/USDT,0.06223608734755822,13.600000000000001
1756301400000,SHORT,-5.055783450704212,-0.6194646279849907,4.705783450704212,False,BICO/USDT,0.08871177104145074,
1756357200000,SHORT,2.6288994621431603,-0.4256117710305048,7.686594952420346,False,ARPA/USDT,0.10461980985034865,30.2
1756389600000,SHORT,-0.4851643598615918,-0.6409578123273196,5.321507352941163,True,CFX/USDT,-0.0023751757580046033,51.6
1756397700000,SHORT,1.0374066168623366,0.429012941372571,10.5762006403415,False,CTSI/USDT,0.41716532952965096,
1756428300000,SHORT,7.516944402363266,0.2736053938822633,7.8669444023632655,False,BIGTIME/USDT,0.21465407228797626,22.400000000000002
1756440000000,SHORT,4.081350114416464,0.2973790327632485,4.431350114416464,False,AGLD/USDT,0.049553991133039765,64.4
1756449900000,LONG,-2.052472638832588,-0.8673056897488146,6.604499391974061,False,CKB/USDT,0.037787650871273254,28.799999999999997
1756555200000,SHORT,0.0054670837480531,0.1289962863595156,5.434082183989735,False,AGLD/USDT,0.07194130845480987,64.4
1756568700000,SHORT,1.4515357353809786,-0.7458274810772271,6.1454026383146125,True,CFX/USDT,0.0873880679052875,51.0
1756604700000,SHORT,-0.2742424242424157,0.1865174966457049,5.922878787878768,True,AXS/USDT,-0.11133869192198442,63.6
1756616400000,SHORT,1.7430232558139551,-0.5086870641152607,4.032093023255806,False,FLOW/USDT,-0.016538441081423702,28.199999999999996
1756718100000,SHORT,3.7583367725959542,0.2854157015506633,4.108336772595955,True,FIL/USDT,-0.03914004111692559,6.0
1757181600000,SHORT,4.368702879462238,-0.2160975150750271,4.718702879462238,False,API3/USDT,0.05284688529164787,17.0
1757355300000,SHORT,-5.247937968643484,-0.181577131972453,4.897937968643484,True,ARKM/USDT,0.005781342981925847,2.0
1757377800000,SHORT,-2.266279069767448,-0.7463616079714002,6.252688372093012,False,BIGTIME/USDT,-0.08284910112210855,18.6
1757414700000,SHORT,4.341950232348973,-0.1359428742587354,6.689971518512953,True,ARKM/USDT,0.05052795286555404,0.0
1757553300000,SHORT,-4.566231884057967,0.1442114081690708,4.216231884057967,False,ACE/USDT,-0.17822107022064992,5.800000000000001
1757591100000,SHORT,1.4482322462663872,-0.4306365832051853,5.879015544041443,True,ARKM/USDT,0.01733671222533068,46.400000000000006
1757636100000,SHORT,-0.6776792598303878,-0.9327900361709364,5.461931380107921,False,CKB/USDT,-0.1411080172182696,48.4
1757662200000,SHORT,-1.1885241974125471,0.3587503202742831,4.124728477878922,True,1000BONK/USDT,-0.16390831470966352,27.800000000000004
1757691900000,SHORT,2.615599051008306,-0.7782523001045415,4.821233689205211,False,CTSI/USDT,0.11202576469674715,
1757812500000,SHORT,3.5241396263520044,0.0839841088865615,4.363284169124881,False,ARK/USDT,0.10284325587485998,17.599999999999998
1758079800000,SHORT,0.677423420670687,-0.7909521811021077,5.923726224123435,True,CAKE/USDT,0.009126854601846113,20.4
1758269700000,SHORT,3.912295081967217,-0.9265085908553082,9.573639344262292,False,EDU/USDT,0.121182472419077,14.6
1758439800000,SHORT,1.730031695721086,-0.0730812207775402,4.830190174326442,False,AUCTION/USDT,-0.11343368950034165,8.200000000000001
1758522600000,LONG,-4.766611733684912,-1.868193789519326,9.30388925510876,False,EDU/USDT,-0.13496255548785932,22.400000000000002
1758522600000,LONG,-3.5634609039920724,-1.2867705319186482,8.010221049158678,True,CFX/USDT,0.00638768198157327,35.0
1758522600000,LONG,-3.2876498800959197,-0.7756366256355421,11.836031175059937,False,CYBER/USDT,-0.04096077794508686,6.6000000000000005
1758522600000,LONG,-3.0556513200960063,-0.3969161858872544,7.043835915339303,False,CKB/USDT,0.020324031975348388,43.6
1758522600000,LONG,-2.857836990595614,0.1615935931059919,4.831818181818189,True,DYDX/USDT,0.048022634992472626,27.0
1758522600000,LONG,-2.8443310657596457,0.017675247131959,6.856235827664402,False,CHR/USDT,-0.012801917075950488,20.4
1758522600000,LONG,-2.5004069979346437,-1.2070389877633692,7.943141781071555,False,API3/USDT,-0.036190629942556236,97.2
1758522600000,LONG,-2.329551881661971,-0.0831742476013548,7.8257559277789825,False,ACH/USDT,-0.012515637278858632,46.6
1758522600000,LONG,-2.218431296224208,0.154573392004915,5.5650707149344765,False,BLUR/USDT,0.040061468313853,41.199999999999996
1758522600000,LONG,-1.813768115942035,0.3139310096940588,5.458391304347824,True,1000BONK/USDT,0.027465611978975325,16.8
1758522600000,LONG,-1.5504573170731826,-0.0450924496566967,7.381397675304885,True,ENS/USDT,0.020675974322984927,50.2
1758522600000,LONG,-1.518770453482937,0.0172741975211501,7.1983637213651255,True,ALGO/USDT,0.0441534969985549,48.6
1758522600000,LONG,-1.444890510948906,0.0223779807602345,6.849635036496353,False,CELO/USDT,-0.14705692077379073,19.0
1758522600000,LONG,-1.366002032004075,0.6936106049033033,6.3777241554483055,True,CHZ/USDT,-0.00987476331097026,52.2
1758522600000,LONG,-1.3310554803788763,-0.7928354248940158,5.089377537212452,True,FET/USDT,-0.011502085230134856,52.400000000000006
1758522600000,LONG,-1.190197693574956,0.4440991548333837,4.373410214168036,True,1000SHIB/USDT,-0.010654869015610859,
1758522600000,LONG,-1.1753094910591515,-0.1696827727175397,5.57984869325998,False,BAT/USDT,0.04437930503602346,38.6
1758522600000,LONG,-1.144701986754971,-1.7262688020842996,8.619337748344375,False,CTSI/USDT,-0.03434322556533139,
1758522600000,LONG,-1.1173667205169595,-0.8433665736182941,5.494386106623584,False,BIGTIME/USDT,-0.02404255903823324,11.0
1758522600000,LONG,-1.1005117125312645,-0.4551829923611985,6.3541050716397525,True,ARB/USDT,0.07253934788761501,34.4
1758522600000,LONG,-1.0909062139319976,-0.3392483901626473,10.259235265646518,True,AAVE/USDT,0.06690616255728225,40.400000000000006
1758522600000,LONG,-1.06651662686019,-0.5475915300094593,7.425353665258132,True,ARKM/USDT,-0.009224682440751709,41.8
1758522600000,LONG,-0.9745316012990234,0.4285742284917835,5.679765176117916,True,DOT/USDT,0.1010794757934659,28.999999999999996
1758522600000,LONG,-0.8627310777816429,0.6530771058160588,4.0452703174049445,True,BCH/USDT,0.16198985950071895,48.199999999999996
1758522600000,LONG,-0.8283544606553567,0.6535064190991242,5.4268835206888255,True,ATOM/USDT,0.002928087610412687,55.400000000000006
1758522600000,LONG,-0.7816546762589878,0.0140479282748604,7.329208633093528,False,ANKR/USDT,0.0647203696208787,24.6
1758522600000,LONG,-0.7767425320056892,0.2183222431001569,7.107396870554769,False,DASH/USDT,0.003677428486939805,21.6
1758522600000,LONG,-0.669937014636936,0.3991905889972204,4.832996695654246,True,ETH/USDT,-0.0047124444610517555,6.2
1758522600000,LONG,-0.5903846153846111,0.3225097556883547,8.129006410256402,False,ENJ/USDT,-0.022610198211560663,34.599999999999994
1758522600000,LONG,-0.5177852348993295,-0.2522448298742462,6.89568552253116,False,COMP/USDT,-0.0373778477195635,14.6
1758522600000,LONG,-0.3742954324587085,-0.6081430880802181,5.750072886297376,True,ADA/USDT,-0.01083971727898109,37.8
1758523500000,LONG,-3.113985435286319,-0.26100927890338,8.831098973849711,False,AGLD/USDT,0.03145565799891902,54.2
1758523500000,LONG,-2.853995737879598,0.3944412398526786,5.717900905700587,False,DUSK/USDT,0.030696925288139835,15.6
1758523500000,LONG,-2.383413937129045,-0.80349007110861,8.387337876456387,False,AUCTION/USDT,-0.02786588746622878,5.2
1758523500000,LONG,-2.148180664269085,-0.3119655161822663,8.673365771102187,False,COTI/USDT,-0.05788299165502145,24.0
1758523500000,LONG,-2.1199115044247696,-1.6752436078782942,9.319075712881007,False,ACE/USDT,0.018354807257696372,3.8
1758523500000,LONG,-2.008868566567424,0.3367418205841351,6.279455550829434,False,1INCH/USDT,0.08564897160047913,38.800000000000004
1758523500000,LONG,-1.9983516483516497,0.0179631739768849,5.23021978021978,False,FLOW/USDT,-0.08098560513055979,22.6
1758523500000,LONG,-1.6060532687651223,0.014415908905551,4.569839588377719,False,EGLD/USDT,0.0004660128046744476,30.0
1758523500000,LONG,-1.484539227228947,-0.3969306508121396,5.880980413143532,False,BICO/USDT,0.02840071868922921,
1758523500000,LONG,-1.4629296235679297,0.0109126757209014,6.859639934533552,True,AR/USDT,0.012109303192142302,40.400000000000006
1758523500000,LONG,-1.2933962264150962,-0.2531702110696968,4.634782608695655,False,BSV/USDT,0.015162079085552258,20.0
1758523500000,LONG,-1.2759259259259266,-0.5423882096073862,7.377469135802471,False,ALICE/USDT,-0.06786965188996501,15.6
1758523500000,LONG,-1.2623492994460743,-0.680489564939333,6.504855001629184,False,GAS/USDT,0.01785461175259618,27.6
1758523500000,LONG,-1.148959494611663,0.1316264491361027,7.191192865105907,True,APE/USDT,0.08962641777812942,53.6
1758523500000,LONG,-1.1296004547669285,-0.004669167018957,4.623517947052118,True,APT/USDT,0.03202587022273749,52.0
1758523500000,LONG,-0.8781997555439129,-0.475179998532817,5.335485419940645,False,ASTR/USDT,0.055499733568289356,36.6
1758523500000,LONG,-0.8350088183421374,0.1165514985279441,5.267416225749557,True,FIL/USDT,-0.02512173296516224,4.8
1758523500000,LONG,-0.7378474466709715,0.152809542204309,6.551389786683896,True,GALA/USDT,0.047922441918986765,33.0
1758523500000,LONG,-0.5042416452442152,-0.7836492339204628,4.422739625413151,True,CAKE/USDT,0.05206197253553245,19.400000000000002
1758523500000,LONG,-0.429242564577538,0.4404197242801284,5.091592055161062,True,1000PEPE/USDT,-0.00983149481926562,43.8
1758523500000,LONG,-0.4091652323579993,-0.0842488454131911,5.496283347676414,True,ETC/USDT,0.03935164255354001,4.0
1758523500000,LONG,-0.3624911521005963,0.2941946403812721,5.455822958737554,True,DOGE/USDT,0.03180431488228504,28.199999999999996
1758523500000,LONG,-0.2594202898550824,-0.5731455546859733,5.899094202898552,True,AXS/USDT,0.011951882560920649,57.199999999999996
1758523500000,LONG,-0.2553478466635088,0.0034795636910067,5.631803123521045,False,ARK/USDT,0.07838663911393216,16.8
1758978000000,SHORT,4.447297297297294,-1.0787942874291363,7.348108108108109,False,EDU/USDT,-0.051431891821545526,14.2
1759321800000,SHORT,-5.965173465497511,0.2809475680967803,5.615173465497511,False,DASH/USDT,-0.022088501480833772,23.0
1759347000000,SHORT,-1.3879500486539094,0.1896416089218886,11.133571196886122,False,DASH/USDT,0.17306089899492938,20.200000000000003
1759369500000,SHORT,-1.4214285714285526,0.0135093661116526,4.956785714285685,False,CELO/USDT,-0.086628037756546,18.2
1759408200000,SHORT,-7.533333333333315,1.8593802825539512,7.183333333333315,False,DASH/USDT,-0.01599294688121002,10.6
1759447800000,SHORT,-5.047791584843689,0.362334013799618,4.6977915848436895,True,CAKE/USDT,0.12369196553091184,26.8
1759464000000,SHORT,-5.550651465798039,0.0234381938619146,5.200651465798039,False,CELO/USDT,-0.17690230176203722,18.2
1759491900000,SHORT,4.279287369640771,1.23629933027442,4.629287369640771,False,DASH/USDT,-0.03323134690558482,23.799999999999997
1759500900000,SHORT,-5.578034682080915,0.7317718728345999,5.228034682080915,False,CELO/USDT,-0.20466424721834942,2.1999999999999997
1759509000000,SHORT,1.2878081075575456,-0.3300419216474321,4.439494805459356,False,ASTR/USDT,0.1030558776835953,32.6
1759509900000,SHORT,0.2157022789720404,0.5394503016787155,4.822983675448502,True,AR/USDT,0.06865841016207097,40.0
1759511700000,SHORT,-1.1482583454281494,-0.3739705960621132,4.012119013062387,True,ARKM/USDT,-0.08595179013124787,40.2
1759545000000,SHORT,-1.2865244536940796,0.1371724337500789,4.4748178980228905,False,BSV/USDT,0.04477217643392514,18.6
1759609800000,SHORT,-0.9214285714285796,0.4121408653552297,5.2863428571428575,False,DASH/USDT,-0.017625140786715055,23.799999999999997
1759634100000,SHORT,-5.451595744680845,0.7917430292974345,5.1015957446808455,False,CELO/USDT,-0.11079147625885215,18.4
1759652100000,SHORT,4.583273579702145,0.4927580138763597,4.933273579702145,False,DUSK/USDT,0.058129292810312753,14.2
1759678200000,SHORT,1.2645348601950397,-0.4305635561657569,4.602108202160797,False,ASTR/USDT,0.10129403194681423,32.6
1759721400000,SHORT,-4.717730522866067,-0.3052164503557721,4.367730522866068,False,ASTR/USDT,0.17275912741857677,13.0
1759725000000,SHORT,5.100540540540539,0.0487182374466818,5.450540540540539,False,ALICE/USDT,-0.029104179978263915,12.2
1759735800000,SHORT,-2.317137236750752,-0.1808644187115189,4.246077296921988,False,CKB/USDT,-0.019410606951467277,41.4
1759736700000,SHORT,-7.205225134408595,-0.1315035949777629,6.855225134408595,True,CAKE/USDT,-0.006798352597453298,26.8
1759815000000,SHORT,-5.161648204095312,-0.20475931040258,4.811648204095312,False,API3/USDT,0.19451290111241487,85.2
1759840200000,SHORT,2.373773958769958,0.8975535847880858,4.180065541287195,True,BNB/USDT,-0.04377805506671805,7.8
1759923000000,SHORT,-3.182097100472023,-0.438331602812112,4.155091031692517,False,BAT/USDT,0.07047328701396902,35.8
1759941000000,SHORT,-4.380165289256202,0.4797216926161706,4.030165289256202,False,DASH/USDT,0.06730547118643566,23.799999999999997
1759955400000,SHORT,1.8784122562674117,0.0220170372444703,4.490807799442888,False,ALICE/USDT,0.06725775373301762,12.4
1759978800000,LONG,-5.219624837646107,0.1603415699642951,4.869624837646107,True,CAKE/USDT,-0.11575776927083957,27.200000000000003
1760018400000,SHORT,-5.2028824330458345,-1.5728977516756166,4.852882433045835,False,ACE/USDT,-0.07979438403311934,3.4000000000000004
1760048100000,SHORT,-4.670040080160312,0.8491808860993443,4.320040080160313,False,DASH/USDT,-0.012220456482711594,2.6
1760076000000,SHORT,-8.34461641991923,1.0731542682465964,7.99461641991923,False,DASH/USDT,-0.14952426787664344,24.4
1760081400000,SHORT,-5.013919977616116,0.4317829181789278,4.663919977616116,False,DUSK/USDT,-0.08374566310966572,14.000000000000002
1760081400000,SHORT,3.807692307692303,0.2034072189515133,4.157692307692303,False,CELO/USDT,-0.11301191401187029,20.599999999999998
1760131800000,LONG,-1.533199612580665,0.3233905756264607,11.265264452966504,True,ETH/USDT,0.2605097134897488,1.6
1760131800000,LONG,0.1900784408201392,0.5146079482522435,9.01732287216016,True,BTC/USDT,0.2232541445466885,13.0
1760132700000,LONG,-3.79070278184481,-0.1280450193142538,7.598682284041012,False,BAT/USDT,0.09952307960650283,36.8
1760132700000,LONG,11.559341010876516,0.1920594315887955,11.909341010876515,True,FIL/USDT,0.2993876173152163,40.8
1760134500000,LONG,-0.0232026143790846,-2.214246352692532,10.726143790849662,False,ALICE/USDT,0.019177207594940553,0.2
1760134500000,LONG,5.610945529290854,-0.6775072463805719,9.00966084275437,False,BSV/USDT,0.24143492898054755,0.2
1760135400000,LONG,-8.17167645488521,0.8110970289084901,9.508809396689797,False,DASH/USDT,-0.18205303848380222,3.2
1760135400000,LONG,-5.523927502494173,-0.5858158025678215,5.173927502494173,False,COMP/USDT,-0.1072662786279917,41.6
1760135400000,LONG,4.882825880114178,,5.232825880114178,False,AUCTION/USDT,-0.29684625968385503,5.800000000000001
1760135400000,LONG,5.196195528436764,-0.5165608059240733,7.3640316925458835,True,AAVE/USDT,-0.13635149294001406,61.8
1760135400000,LONG,5.7327619683271696,0.3536125398494512,11.099673866877,True,1000PEPE/USDT,-0.1352780314430874,44.4
1760135400000,LONG,7.039529675251964,-1.14635148491558,7.389529675251963,False,1INCH/USDT,-0.1554958444508444,39.2
1760135400000,LONG,7.071428571428565,-0.7767264346766575,7.421428571428565,False,CELO/USDT,-0.20224727421272973,20.8
1760135400000,LONG,7.690540540540541,-0.6357410893798172,11.819391891891897,True,AXS/USDT,-0.16990948086766575,56.2
1760135400000,LONG,7.872222222222225,,10.84604444444444,False,GAS/USDT,-0.2108618052509055,35.8
1760135400000,LONG,8.423976915005253,0.1103073217330601,8.773976915005253,False,ANKR/USDT,-0.04419526672594145,20.0
1760135400000,LONG,8.453059895833345,-0.4280428627659148,8.803059895833332,False,BIGTIME/USDT,-0.1312334555868888,8.6
1760135400000,LONG,8.943556701030943,0.3442047543830988,9.293556701030942,True,ETC/USDT,-0.13631797623508687,44.800000000000004
1760135400000,LONG,8.987071211463311,-2.508992392876793,9.33707121146331,True,CFX/USDT,0.06770575998645328,47.4
1760135400000,LONG,9.02478474784749,-1.5525530649109367,9.374784747847489,False,EDU/USDT,-0.28230599625326613,20.0
1760135400000,LONG,10.316115460598516,,10.666115460598515,True,ENS/USDT,-0.2201971021797371,47.4
1760135400000,LONG,10.570520262280988,-0.6325603227693581,10.920520262280988,True,1000SHIB/USDT,-0.17608170483873334,
1760135400000,LONG,10.819288811795325,-2.122925179258223,11.169288811795324,False,ACH/USDT,0.1210060988195346,39.0
1760135400000,LONG,10.89347261311974,,11.24347261311974,False,BLUR/USDT,-0.3072658583899862,40.0
1760136300000,LONG,6.109446333171432,0.689942384318338,11.210992391128377,True,ADA/USDT,-0.21735109980684233,46.400000000000006
1760136300000,LONG,7.080825767401641,-0.4683131346150799,8.856182447038483,True,APT/USDT,-0.08105936520583829,6.2
1760136300000,LONG,8.359766925638189,-0.8562363944153394,8.709766925638188,False,CYBER/USDT,0.044618019756697665,26.6
1760136300000,LONG,10.752309058614555,-0.5195752563422897,11.102309058614557,True,ARB/USDT,-0.13197563568444634,57.199999999999996
1760137200000,LONG,2.618108620145251,0.022326228065345,6.512230291548253,True,DOGE/USDT,0.08692877592250635,63.4
1760137200000,LONG,5.445275590551185,,5.795275590551185,False,FLOW/USDT,-0.20058544204077683,21.4
1760137200000,LONG,7.085961203680675,,10.217930862969416,False,ENJ/USDT,-0.29651172989448277,32.0
1760137200000,LONG,7.913608115518187,0.0886875293876622,8.263608115518187,True,CAKE/USDT,-0.3074321726979561,28.000000000000004
1760137200000,LONG,8.210568143388556,-0.7709125872396454,8.560568143388569,True,CHZ/USDT,-0.15827399265225905,52.2
1760137200000,LONG,8.703007742704003,-0.8219618248759681,11.582310899344838,True,ALGO/USDT,-0.04217869232522145,47.199999999999996
1760137200000,LONG,8.976616746085782,-1.9416472773911464,9.32661674608578,False,ACE/USDT,-0.29893793642730404,3.8
1760137200000,LONG,9.354326241134748,,9.704326241134748,True,DOT/USDT,-0.33665950310235515,47.4
1760137200000,LONG,9.562947658402193,,9.912947658402192,True,FET/USDT,-0.1179761177851897,44.4
1760137200000,LONG,9.790861534864694,-0.2557933049146919,11.051446607048916,False,ASTR/USDT,0.1371685265426364,34.4
1760137200000,LONG,9.82176546599904,,10.171765465999028,False,BICO/USDT,-0.22547935652903547,
1760137200000,LONG,9.91724661695665,-0.1110718057759367,10.26724661695665,True,AR/USDT,-0.23288445948835299,38.6
1760137200000,LONG,9.9406978601086,-0.6692002059731665,10.2906978601086,True,1000BONK/USDT,-0.2140462342004323,4.2
1760137200000,LONG,11.084010152284252,-0.2682852926256192,11.434010152284252,False,COTI/USDT,-0.22461440617066916,18.8
1760138100000,LONG,-8.484065172174706,-0.7404045638428901,8.134065172174706,False,AGLD/USDT,0.24330452919397905,47.199999999999996
1760138100000,LONG,-4.277881519639415,-3.7670079904252183,7.74700579523503,False,ARPA/USDT,-0.2440620289858722,24.6
1760138100000,LONG,-2.1181728880157134,,8.918467583497057,False,CTSI/USDT,-0.2916205812071202,
1760138100000,LONG,-0.2837236275268038,,9.638959460952186,False,EGLD/USDT,-0.2775626679395914,26.400000000000002
1760138100000,LONG,0.5432290461424603,-0.0619346654132005,8.07038922571389,True,AVAX/USDT,-0.2623253863584634,55.60000000000001
1760138100000,LONG,1.5840159271899807,-1.0496805885880998,10.196274175199104,False,ARK/USDT,-0.14250934174594276,8.799999999999999
1760138100000,LONG,7.739500860585192,-0.3962687686741499,11.110843373493976,False,CHR/USDT,-0.19830884064777884,18.2
1760138100000,LONG,7.860533515731864,-0.2052576278608176,8.210533515731864,True,ATOM/USDT,0.05329676650271634,70.6
1760138100000,LONG,10.079764745993849,-0.7365902654041684,10.429764745993849,False,CKB/USDT,-0.10732243955593325,40.6
1760139000000,LONG,-5.592966751918166,-0.1178205686849721,8.332097186700775,False,DUSK/USDT,-0.25029010865417356,14.000000000000002
1760198400000,SHORT,2.803988868274583,-1.7962840951699937,6.3167594310451145,False,ARPA/USDT,-0.23203116106604454,2.4
1760217300000,LONG,3.9220120270608976,2.733790640218192,4.272012027060898,True,AR/USDT,-0.21265553248732424,0.4
1760218200000,LONG,-1.7836917562724026,-2.194241751369875,5.660215053763451,False,ALICE/USDT,0.015563572787833914,13.0
1760218200000,LONG,0.98422281521015,5.153193458368875,4.142858201764136,True,1000BONK/USDT,-0.19893307643908983,3.0
1760219100000,LONG,-0.3802388872089474,1.3148931695537218,4.309706682794071,True,ARKM/USDT,-0.28281252380774824,0.2
1760219100000,LONG,1.5328451882845204,1.5976445062193152,4.471548117154802,True,CRV/USDT,-0.30668246058279836,33.800000000000004
1760258700000,SHORT,-2.7324321524756545,0.6029245651879982,5.058379946136306,False,DUSK/USDT,-0.23723282370475224,14.000000000000002
1760268600000,SHORT,-4.539183673469387,0.0096530148665578,4.189183673469388,False,BAT/USDT,0.07136507299637627,26.400000000000002
1760289300000,SHORT,2.6150300863347,0.1391693293782423,4.122368535798379,True,CFX/USDT,0.08644248701783816,44.0
1760292000000,SHORT,0.9126262626262636,-0.6337017270212119,4.8590909090909,False,EDU/USDT,-0.24545285036948455,1.0
1760293800000,SHORT,2.114788732394349,2.704477467556531,4.714612676056338,True,CRV/USDT,-0.2970477874426353,8.0
1760301900000,SHORT,-4.551101928374651,-0.5496441237437748,7.456391184573002,False,API3/USDT,-0.07999642141020198,1.7999999999999998
1760347800000,SHORT,-8.541624365482217,-1.5817565741141555,8.191624365482218,False,ALICE/USDT,0.056036019673591064,13.0
1760351400000,SHORT,2.591977662762184,-0.0547999837923557,4.097793516752922,False,ACE/USDT,-0.2890934175499635,4.0
1760354100000,SHORT,-2.76827138378862,0.3354521364753046,9.86735333631885,False,BAT/USDT,0.1025035066092909,37.4
1760357700000,LONG,7.173396334478812,0.8136308222859301,7.523396334478812,False,ARK/USDT,-0.13238944440626016,0.0
1760374800000,SHORT,-6.222222222222218,0.0294805870940128,5.872222222222218,False,CELO/USDT,-0.18835294836040353,2.6
1760386500000,SHORT,-7.301193633952257,-1.7058882636255923,6.951193633952258,False,ARPA/USDT,-0.23378254710636767,8.4
1760389200000,SHORT,-7.075699558173755,-0.5363995429582731,6.725699558173756,False,EDU/USDT,-0.24102279409723978,1.4000000000000001
1760403600000,SHORT,4.612918595886717,1.1865206761916092,4.962918595886717,True,CAKE/USDT,-0.2762713434584841,15.0
1760410800000,SHORT,-8.085249621785163,-1.1106807109106946,7.735249621785163,False,ARPA/USDT,-0.24083857012310056,3.0
1760419800000,SHORT,11.515784499054798,-0.4840003857050798,11.865784499054795,False,ALICE/USDT,0.03725928050865244,0.2
1760420700000,LONG,-4.682496513249644,1.8006738116999883,4.3324965132496445,False,CHR/USDT,-0.16962241676064688,18.4
1760487300000,SHORT,5.09354838709678,-0.8460246610413341,9.19758064516129,False,ALICE/USDT,0.005945372899579093,0.2
1760517000000,SHORT,-7.600222504767951,-0.0931333702239321,7.250222504767952,False,EDU/USDT,-0.21293646563754395,6.2
1760518800000,SHORT,9.979999999999974,0.7428258669597615,10.329999999999972,False,CYBER/USDT,0.0647631729292804,22.0
1760620500000,SHORT,3.5937896645512204,-0.6469120802135023,11.257524932003603,False,ARPA/USDT,-0.15422061707957072,1.0
1760622300000,SHORT,5.73280038759689,-0.2735775614103644,6.0828003875968895,False,BAT/USDT,0.04600429235580886,37.2
1760622300000,SHORT,6.237931352648097,1.1099175836516617,9.110260195608031,False,DUSK/USDT,-0.12508992917642145,14.6
1760633100000,LONG,-5.557512953367884,-1.2577775356146017,5.207512953367885,False,ALICE/USDT,0.032381355257146645,14.2
1760633100000,LONG,-5.442596491228059,2.9148926415719427,5.09259649122806,True,FET/USDT,-0.042211005656834555,43.2
1760633100000,LONG,-4.955419136325148,2.0064844469877148,4.605419136325148,False,ENJ/USDT,-0.04517726042448347,25.8
1760633100000,LONG,-4.899412110523223,3.05811483465173,4.549412110523224,False,BIGTIME/USDT,-0.07231963791501995,15.6
1760633100000,LONG,-4.437622549019597,2.182576059060998,4.087622549019597,True,AXS/USDT,-0.06185829059187326,49.8
1760691600000,LONG,4.910682926829272,-0.0538130466237852,5.2606829268292605,False,CYBER/USDT,0.024559334384328353,5.2
1760719500000,SHORT,2.2141025641025665,-0.9365878145862896,6.729487179487155,False,ALICE/USDT,0.02528126801653081,13.8
1760760000000,SHORT,-1.0565217391304325,0.1272231474063734,5.751086956521728,False,EDU/USDT,-0.06426804246506332,6.0
1760850900000,SHORT,-2.0642012708733644,-1.3964712815220093,4.672469336485896,False,API3/USDT,0.05543657150915729,13.200000000000001
1760877900000,SHORT,-0.1548780487804783,-1.3808365167742316,4.521686411149818,False,API3/USDT,0.06249647096710804,6.2
1760889600000,SHORT,-4.828568360773067,4.829453808624683,4.478568360773068,False,AUCTION/USDT,0.06578736872882658,11.799999999999999
1760890500000,SHORT,-1.1123007623007553,2.5630495216244533,6.868503118503106,True,FET/USDT,-0.005486167525662418,41.6
1760907600000,SHORT,4.129166666666665,-0.8959111715807933,4.479166666666664,False,ALICE/USDT,-0.10307868830312267,8.200000000000001
1760918400000,SHORT,-2.681606217616576,0.8897862959615095,7.315803108808283,False,CHR/USDT,0.10431229381752916,11.4
1760962500000,SHORT,6.041762879596375,3.2477914538663053,6.391762879596374,False,AUCTION/USDT,-0.02115568120746804,0.2
1760962500000,SHORT,8.857727044656286,0.1256931733723364,9.207727044656286,False,EDU/USDT,-0.11946483568418982,7.3999999999999995
1761065100000,SHORT,-4.490315315315302,-0.08518003073884,4.140315315315302,False,EDU/USDT,0.10678191203268196,9.6
1761066000000,SHORT,4.651033271337057,-0.5758469818615433,5.647675139491609,False,DASH/USDT,0.0678391453228855,0.6
1761067800000,SHORT,4.847066069428873,-0.7731161567732237,5.197066069428873,False,AGLD/USDT,0.09690245358680646,44.800000000000004
1761214500000,SHORT,2.0122047244094508,0.0272836403760078,4.643700787401574,False,CELO/USDT,-0.11593574288282162,4.2
1761286500000,SHORT,-6.445610302351608,3.1632896531236074,6.095610302351608,True,APE/USDT,0.023796612302486017,2.1999999999999997
1761459300000,SHORT,3.6542613636363552,-1.2667406202900338,4.004261363636355,False,ALICE/USDT,-0.06899869039892984,9.0
1761492600000,SHORT,-2.730952380952378,0.5218636431753259,6.62142857142856,False,EDU/USDT,0.02356218279317099,20.8
1761552900000,SHORT,3.765760869565205,-0.8180998326076863,4.1157608695652055,False,AGLD/USDT,-0.08055919661483105,44.4
1761796800000,SHORT,4.617089678510979,1.9038296356931632,4.967089678510979,False,CKB/USDT,-0.17515267761846598,14.2
1761894900000,SHORT,-2.345464852607708,-1.2662661300549227,6.653091458805744,False,API3/USDT,-0.13039133539334605,25.4
1761984000000,SHORT,-5.168758191349921,0.0936983673645336,4.818758191349922,False,DASH/USDT,0.03500040752502293,22.400000000000002
1762045200000,SHORT,-4.86833142857142,1.8386469649610837,4.51833142857142,True,AR/USDT,-0.0814981161703925,27.400000000000002
1762047900000,SHORT,-2.1386855241264624,1.809214209963926,6.558319467554072,False,AUCTION/USDT,-0.030801955796129127,8.6
1762069500000,SHORT,-8.193797496647266,0.228131674827289,7.843797496647266,False,DASH/USDT,0.05505553683818957,3.8
1762070400000,SHORT,5.511494031574879,0.8123086320274755,5.861494031574878,False,DUSK/USDT,-0.13707596056760887,6.800000000000001
1762131600000,SHORT,4.076104621635334,-0.1578189356588438,4.426104621635334,False,BAT/USDT,-0.013377922314966241,29.599999999999998
1762184700000,LONG,-0.5891963004305483,1.7989403743387005,6.0234890767022815,False,AUCTION/USDT,-0.0425492661736182,4.3999999999999995
1762185600000,LONG,-2.5731722958529306,2.8557933779544973,4.519880290722523,False,GAS/USDT,-0.04955246709231336,8.6
1762185600000,LONG,-2.0394061776211974,0.1868014427234525,5.133739465540387,True,BCH/USDT,-0.00865661728407506,39.6
1762185600000,LONG,-0.6119858527639582,1.9652400101237075,7.274037201991114,False,ENJ/USDT,0.05551729640480735,0.8
1762186500000,LONG,-4.616865063187934,3.3421105662205544,4.266865063187934,True,1000BONK/USDT,0.016830365075833128,0.4
1762186500000,LONG,-3.207142857142868,2.045457157227998,5.631941391941407,False,BIGTIME/USDT,-0.02624634730632025,12.0
1762186500000,LONG,-2.8039877300613485,-1.3422081834634356,6.641911527284463,False,API3/USDT,-0.022284879532919556,23.599999999999998
1762186500000,LONG,-2.7698822759973893,1.0712965983564209,5.972923479398311,False,1INCH/USDT,-0.0029564345088482938,5.6000000000000005
1762186500000,LONG,-2.5498595834308366,1.3539545069333818,4.70985256260238,False,BLUR/USDT,0.07917273422478735,2.6
1762186500000,LONG,-2.4690616991917915,2.174166600362998,4.402577370392269,True,AAVE/USDT,0.05973981398558129,12.0
1762186500000,LONG,-1.778666356568542,1.395421726275295,8.117529403947115,False,ASTR/USDT,-0.007668211183784809,13.200000000000001
1762186500000,LONG,-1.6559701492537426,-0.2753325163763127,4.764179104477615,False,ARPA/USDT,-0.07137423018113867,14.6
1762186500000,LONG,-1.5497670355271,1.554863525504009,5.3053232382061815,False,EGLD/USDT,-0.0524218514495304,20.8
1762186500000,LONG,-1.344200497100254,0.5881160729377231,10.501284175642082,False,ACE/USDT,-0.03498947418983108,6.0
1762233300000,SHORT,-7.844664310954051,2.6946037941492245,7.494664310954051,False,BICO/USDT,0.03532630015908752,
1762233300000,SHORT,6.846294976843603,0.3347957826600621,7.196294976843602,False,DASH/USDT,0.01965544028416846,1.6
1762234200000,SHORT,-6.329193329455092,0.5415311230161552,5.979193329455092,False,DUSK/USDT,-0.029924176063320835,7.3999999999999995
1762288200000,LONG,0.9897947548460612,2.6422252000478985,5.69994298745724,True,APE/USDT,0.06514365513745617,14.799999999999999
1762292700000,LONG,3.3736641078857565,-0.4226368072647965,5.225482844136324,True,ETH/USDT,0.1178843530552531,47.8
1762292700000,LONG,3.789621409921678,-2.216526139025958,4.139621409921678,False,AGLD/USDT,0.04242214194811867,44.2
1762292700000,LONG,4.052076802507826,1.1520398027370995,4.402076802507826,True,ADA/USDT,0.047248898179488304,50.2
1762292700000,LONG,4.149369604497088,0.1972722371048651,4.499369604497088,True,APT/USDT,0.10869767615758337,2.6
1762292700000,LONG,4.283544749823824,2.3477781972227034,5.999903100775187,True,1000BONK/USDT,0.0490124353372153,47.599999999999994
1762292700000,LONG,4.869013237063763,1.9914934717657928,5.219013237063763,True,GALA/USDT,0.061880171204332576,22.2
1762307100000,LONG,3.815161975570892,0.0083453380612188,4.165161975570892,False,BAT/USDT,0.018960730623378462,32.6
1762379100000,SHORT,-7.603111353711768,1.1850504735341458,7.253111353711768,False,1INCH/USDT,0.08747906097224978,17.0
1762426800000,SHORT,8.576052963429992,0.245599002828051,8.926052963429992,False,DASH/USDT,-0.012533123378288815,16.6
1762443000000,SHORT,-7.181549295774652,0.5806338120141128,6.831549295774653,False,DUSK/USDT,0.00508437319406692,1.7999999999999998
1762460100000,SHORT,-7.455939683707252,1.6653949512677966,7.105939683707252,True,AR/USDT,-0.04587980079336966,1.0
1762462800000,SHORT,-7.392857142857131,0.8582785819517474,7.042857142857131,True,FIL/USDT,0.05930036223562799,0.8
1762479900000,SHORT,-11.853370786516848,0.7512800104604429,11.503370786516848,False,DUSK/USDT,-0.020122425358806574,0.0
1762480800000,SHORT,-4.970744458385604,1.514524539633424,4.620744458385604,True,FET/USDT,0.07325062687582432,26.8
1762534800000,SHORT,-9.58865284974092,2.157852734731882,9.23865284974092,True,FIL/USDT,0.11560264837825215,0.2
1762534800000,SHORT,1.1478562280750508,0.9486561702603342,5.5554318169163,True,ETC/USDT,0.07329570438691793,17.8
1762540200000,SHORT,-8.549840616283687,1.5826210286638167,8.199840616283687,True,AR/USDT,0.09200709665561359,1.0
1762544700000,SHORT,9.85957978989494,3.785908437345325,10.20957978989494,True,FET/USDT,-0.02116505651650509,4.2
1762580700000,LONG,-8.020372492836684,0.0570819466501749,7.670372492836683,False,DASH/USDT,-0.05659459219722798,35.0
1762611300000,SHORT,2.9482791586998176,0.8445526460417278,8.01907265774377,False,ACH/USDT,-0.10630651598257758,40.8
1762638300000,SHORT,4.114705882352941,1.88330987120974,4.46470588235294,False,FLOW/USDT,-0.09595901611185415,29.599999999999998
1762648200000,SHORT,0.7100706713780894,-1.0395249545555203,8.038103651354527,False,API3/USDT,-0.12157041208219846,83.39999999999999
1762655400000,SHORT,2.680602171767032,1.3347288361839107,6.824945705824262,False,EGLD/USDT,0.04832102866848294,30.4
1762661700000,LONG,-3.9549026676279775,1.4843441683158405,5.439545782263893,True,AR/USDT,0.04971656657512018,21.8
1762718400000,SHORT,-7.743862383121536,1.637785475682094,7.393862383121537,False,COTI/USDT,-0.13903274795220455,19.2
1762728300000,SHORT,2.9748279594834903,0.6354568799721013,4.456870022423252,False,ACH/USDT,-0.08409697946718371,2.1999999999999997
1762785900000,SHORT,3.1422766957689787,0.5091579305777064,7.979113498992593,False,ACE/USDT,-0.2123179598398089,7.3999999999999995
1762817400000,SHORT,1.9227272727272744,3.1614287497083504,4.859090909090895,True,DYDX/USDT,-0.007060898001968042,18.4
1762817400000,SHORT,4.145057034220532,1.0160274118309147,4.495057034220531,True,CRV/USDT,-0.07819775209660122,36.8
1762830900000,SHORT,-0.1063616675690276,1.6109314516801312,5.784731997834316,True,FET/USDT,-0.08418661379795271,41.6
1762958700000,SHORT,3.93015873015872,1.1515800748544327,4.28015873015872,False,COMP/USDT,-0.0771826820297187,32.6
1763109000000,SHORT,7.026380368098137,0.1318127522309145,7.376380368098137,True,DYDX/USDT,0.08249895461620547,28.599999999999998
1763136000000,SHORT,-0.3910060142154198,0.0284221715044711,6.949193548387095,False,DASH/USDT,0.020019373348391857,36.0
1763190000000,SHORT,-0.3976190476190423,0.4968814048078584,5.028428571428548,True,FIL/USDT,-0.06597031409203241,28.4
1763236800000,SHORT,2.5743587649076995,-0.255314936997602,4.80620813592548,False,API3/USDT,0.05519676512859647,25.4
1763252100000,SHORT,-7.388530854340127,0.1313165981108734,7.038530854340127,False,DASH/USDT,0.06450849915381285,0.0
1763316000000,LONG,-5.135939257592808,0.1826252624905911,4.785939257592808,True,GALA/USDT,0.033121432243366326,14.2
1763316000000,LONG,-1.356634637382761,0.0027923210057345,4.040745824754079,True,AR/USDT,-0.04769345291516268,34.0
1763316000000,LONG,-0.8230713245996972,0.5359056657309478,4.145778748180486,True,FET/USDT,-0.01270977205412052,33.4
1763385300000,SHORT,-6.165156766976514,0.1992548315655597,5.815156766976514,False,DUSK/USDT,0.013496974908715861,3.0
1763389800000,LONG,-4.484615384615376,0.0427698340384335,4.134615384615376,True,DYDX/USDT,0.12500322594731902,28.999999999999996
1763491500000,SHORT,4.514977404777264,0.3943047972102173,4.864977404777264,True,FET/USDT,0.05318659096413922,37.0
1763561700000,SHORT,8.083734939759033,-0.6349720247141326,10.773092369477908,False,ALICE/USDT,-0.10111143312379407,11.200000000000001
1763578800000,LONG,3.836709982279968,-0.004153638882005,4.186709982279968,False,BAT/USDT,0.06355114022172206,18.2
1763600400000,SHORT,-0.0394409937888195,-0.1051695456742879,8.50258799171841,False,CYBER/USDT,0.023245653237474708,29.799999999999997
1763613000000,SHORT,3.846415069743177,0.6573418275704479,4.196415069743177,False,DUSK/USDT,-0.0031254703214110523,3.8
1763622000000,SHORT,-4.760655737704915,-0.3617430688523373,4.410655737704915,False,ALICE/USDT,-0.12126280048331944,18.4
1763711100000,LONG,-3.0833831217326337,-0.1023375827880485,8.490440627333834,False,DASH/USDT,0.09720073701805791,3.2
1763712000000,LONG,-6.907917261055644,-0.1863314282871648,6.557917261055644,True,ALGO/USDT,0.008249584921164751,25.6
1763712000000,LONG,-6.687322074788893,-0.0249310824706569,6.337322074788894,True,ADA/USDT,-0.026769966195439688,9.0
1763712000000,LONG,-4.899950334974744,0.566684113622889,4.549950334974744,True,BCH/USDT,0.04170748176305854,6.0
1763712000000,LONG,-4.600120771230866,-0.5587935844777683,4.250120771230867,True,BTC/USDT,-0.046142847778891875,39.6
1763712000000,LONG,-4.538481675392655,-0.2503073585313209,9.521815008725994,True,FET/USDT,-0.0010919624119919817,16.400000000000002
1763712000000,LONG,-3.726079560324522,-0.0662307342792961,9.69335252551689,True,AR/USDT,-0.05662413735466617,3.8
1763712000000,LONG,-3.195528455284556,0.7060479544034228,6.784552845528448,False,FLOW/USDT,-0.07638384231655627,28.599999999999998
1763712000000,LONG,-2.8739005736137777,-0.3047841092393291,5.637667304015301,True,ATOM/USDT,0.05336330544815181,6.800000000000001
1763712000000,LONG,-2.834472049689436,0.2713921838405207,11.240165631469976,True,APE/USDT,0.05126582500838567,0.6
1763712000000,LONG,-2.547871801368127,0.4332285854676501,8.433620471243982,True,AAVE/USDT,-0.012592760105801414,13.600000000000001
1763712000000,LONG,-1.9671493042497168,-0.3219314454237431,8.136517487777356,True,AVAX/USDT,-0.005109645653300564,9.4
1763712000000,LONG,-1.9172782874617709,-0.0020159531171472,7.884212538226302,False,ARK/USDT,0.010235320479009614,15.4
1763712000000,LONG,-1.590694789081886,-0.3733294820098872,5.990074441687331,False,BSV/USDT,-0.05944699230638696,11.799999999999999
1763712900000,LONG,-6.880569212280122,0.3370541008977799,6.530569212280122,True,1000BONK/USDT,-0.001892975190469484,12.8
1763712900000,LONG,-6.012360059072938,0.134725613111745,5.662360059072938,True,CAKE/USDT,-0.015165632489538386,5.2
1763712900000,LONG,-5.716617052944917,0.8607099180020434,5.3666170529449175,True,DOGE/USDT,-0.007813930314406746,2.8000000000000003
1763712900000,LONG,-5.377671068427369,-0.2799215863492448,5.027671068427369,False,1INCH/USDT,-0.07648780222060231,37.4
1763712900000,LONG,-5.178397081026671,0.1633859095304083,4.828397081026671,True,1000SHIB/USDT,-0.0020379069919990726,
1763712900000,LONG,-2.379966167230537,0.2090283477983016,7.094441759304012,False,GAS/USDT,0.0012736527127941242,28.999999999999996
1763712900000,LONG,-2.1171517671517672,0.0043869848578573,11.665661815661824,False,COTI/USDT,-0.018608855076997183,10.2
1763712900000,LONG,-1.995171957671968,-0.4329653612863351,6.242766203703709,False,ASTR/USDT,0.01027518140537351,29.4
1763712900000,LONG,-1.2485879332477503,-0.2196284944321956,8.107060333761241,False,ANKR/USDT,0.01320112594691247,9.0
1763712900000,LONG,-0.35,-0.5872778078939579,7.824528301886797,False,CELO/USDT,-0.14339299708859657,26.200000000000003
1763712900000,LONG,-0.1913957176843736,-0.4174000417037798,7.732038065027743,False,CKB/USDT,0.022647174624762588,42.6
1763714700000,LONG,-5.170597338285356,0.4812183336698925,4.820597338285356,False,DUSK/USDT,-0.04603117998651115,22.6
1763728200000,LONG,0.019232235165199,-0.1142067080079531,4.829119321565558,True,1000PEPE/USDT,-0.010109574887865822,16.400000000000002
1763728200000,LONG,0.4473143096936688,-0.056515011973295,4.065421737305915,True,DOT/USDT,-0.00589306863134447,14.000000000000002
1763765100000,SHORT,-1.4107814486593009,0.5853317310437381,4.241805036339801,True,BCH/USDT,0.08149650967187054,15.8
1763793900000,LONG,0.5278346744696358,-0.2308968689923053,4.019604974396482,False,DASH/USDT,0.006587184527573979,14.2
1763846100000,SHORT,0.9833333333333344,-0.6479028259649839,7.878222222222206,False,ALICE/USDT,-0.19831780969199883,4.8
1763863200000,SHORT,-5.707142857142849,-0.6900699537942662,5.35714285714285,False,CTSI/USDT,0.16373980568197252,
1763874900000,SHORT,3.3440686784599487,-0.1971531380797855,5.414151925078029,False,1INCH/USDT,-0.10450875141386277,2.6
1763885700000,SHORT,9.202767527675244,-0.5039659407596732,9.552767527675243,False,ALICE/USDT,-0.06563314093941489,0.0
1763892000000,SHORT,-6.384159123392088,-0.3345617230648839,6.034159123392088,False,BICO/USDT,-0.08708894060565284,
1764135900000,SHORT,3.276684411911495,-0.1204153976431576,5.506055564797852,False,DASH/USDT,-0.09335375659795885,28.199999999999996
1764168300000,SHORT,2.691994361181199,-0.4121531061623589,5.419928772814949,False,BICO/USDT,0.034251976659045225,
1764169200000,SHORT,-2.4189655172413813,0.3936985111042252,4.4964597701149325,False,BAT/USDT,0.045333104580430286,18.2
1764170100000,SHORT,-4.354306144900188,-0.2301153172448194,4.004306144900188,False,DASH/USDT,-0.01946258027494906,4.0
1764186300000,SHORT,-0.182943534914808,-0.3339135366716477,4.053291012362178,False,COTI/USDT,-0.003138882684510913,2.1999999999999997
1764190800000,SHORT,-1.8908929276965685,-0.8015107890344642,8.463492690636102,False,ACE/USDT,0.04705572740366425,0.2
1764226800000,SHORT,0.4917025346724177,-1.183686161962315,7.111382113821108,False,ACH/USDT,-0.07468541645065535,35.0
1764297000000,SHORT,1.5447015425888737,0.0980892314577583,4.487575452716282,False,AUCTION/USDT,-0.0016824809303687487,26.200000000000003
1764358200000,SHORT,4.476814159292022,-0.2162657772441576,4.826814159292022,False,COMP/USDT,0.045033256693379084,0.0
1764368100000,SHORT,2.1922415129437254,0.0538703153244725,4.9332971632305,False,AUCTION/USDT,0.11966122872558145,3.8
1764386100000,SHORT,-0.7099476439790542,0.1961499344605619,6.667212041884797,True,CHZ/USDT,0.0026437932808768853,12.0
1764401400000,SHORT,-2.4091165725672665,-0.0420259932826754,4.2640318830953134,False,ARK/USDT,-0.003698597670272542,5.6000000000000005
1764492300000,SHORT,3.7770783847981018,-0.4971754169898079,4.707482185273129,False,COMP/USDT,0.033563763399587464,0.6
1764513000000,SHORT,-0.6640265177948352,-0.5564794035632622,4.184612700628035,False,COTI/USDT,-0.08794088306202173,16.6
1764547200000,SHORT,4.023096446700494,-0.5315745187644396,4.373096446700494,False,COMP/USDT,0.061120986801738046,0.8
1764550800000,LONG,-5.106912096168285,0.7844165779753891,4.756912096168286,False,BAT/USDT,-0.01174771669052357,9.6
1764729900000,SHORT,-0.4181663258350346,-0.638667999798747,5.496182685753221,False,COTI/USDT,-0.03726212242915422,22.6
1764922500000,SHORT,-7.761354504212567,0.1124653393740697,7.411354504212567,False,EGLD/USDT,0.06998434928003042,0.0
1764950400000,SHORT,-0.4706272617611768,0.1869053386350366,4.0022677925211045,False,EGLD/USDT,-0.1346568825311726,0.0
1765007100000,SHORT,7.621671388101975,-0.8162484561442748,7.971671388101975,False,ACE/USDT,-0.18520382440560665,0.6
1765028700000,SHORT,-5.04912280701752,-0.92637364363609,4.69912280701752,False,ALICE/USDT,-0.2515092639329954,19.400000000000002
1765267200000,SHORT,0.1456157072054777,-0.8625997142859029,6.991765154403358,False,ACE/USDT,-0.10647695581836587,7.8
1765275300000,SHORT,-4.901909039865245,-0.3300924379352371,4.5519090398652455,False,ENJ/USDT,0.01893118337422444,0.0
1765287000000,SHORT,-2.933979328165377,-2.388153447432035,4.187596899224806,False,CTSI/USDT,-0.17938864144317407,
1765391400000,SHORT,7.280772113943034,-0.8610619675035405,7.630772113943034,False,ACE/USDT,-0.10496597030606451,26.0
1765395000000,SHORT,4.472335025380708,-2.398024614512753,8.955329949238564,False,CTSI/USDT,-0.34883472352734324,
1765399500000,SHORT,4.049782289228757,-0.6925296172891964,4.399782289228757,True,APT/USDT,0.0019364808581517838,30.2
1765490400000,SHORT,1.3242239274503058,-0.4927177567970607,4.463132193930908,False,AGLD/USDT,-0.07218614172339263,35.8
1765842300000,SHORT,4.857321365716269,-1.0018960619631134,5.207321365716268,False,ACE/USDT,0.416329979721615,19.400000000000002
1765907100000,SHORT,-0.2831848552338479,-0.136914432522927,5.169799554565682,False,API3/USDT,0.03418980121166576,85.39999999999999
1765985400000,SHORT,3.829635949943103,-0.307850069622487,4.179635949943103,True,1000BONK/USDT,-0.04043435116476506,28.999999999999996
1766150100000,SHORT,1.1165081252477354,-1.1982546047742249,6.30289338089575,False,ACE/USDT,0.2316041960695587,6.800000000000001
1766166300000,SHORT,-3.0017051153460383,-0.8840840257154265,4.4435368605817445,True,APT/USDT,0.05683918954358732,68.8
1766241900000,SHORT,-0.6029866479269183,-0.8758175787736799,6.587252283907219,False,CYBER/USDT,-0.0706077084079735,29.799999999999997
1766245500000,SHORT,2.7257097791798084,-0.7854226049995487,4.096845425867488,False,ARPA/USDT,-0.09823615775188606,34.4
1766358000000,LONG,-3.287628181927859,-0.4956746058386557,6.109518639160324,True,AAVE/USDT,0.0583507673970373,4.3999999999999995
1766592000000,SHORT,-3.487365743357829,-0.4290496316370626,7.727529677784039,True,CFX/USDT,0.13336978313101563,16.8
1766601900000,SHORT,-0.8898110661268586,-1.124018036023119,4.811920827710293,False,API3/USDT,-0.03986413181411775,56.2
1766621700000,SHORT,-3.115471875419528,-0.2346837702812534,5.739817425157733,True,CFX/USDT,0.06833542011851708,3.8
1766836800000,SHORT,-5.811405244928248,-0.4017249549908023,5.461405244928248,False,GAS/USDT,0.2492507959041435,20.0
1766837700000,LONG,-1.25909090909091,-0.7209788294794317,10.27,False,FLOW/USDT,-0.035464852783455375,25.8
1766851200000,SHORT,1.2446843853820573,-0.8941393061503076,4.720753045404205,False,DASH/USDT,-0.03947141977336163,26.200000000000003
1766882700000,SHORT,-4.864285714285703,0.0301892563849185,4.514285714285704,False,CELO/USDT,-0.3664777483428508,24.8
1766888100000,SHORT,-7.871599999999995,0.7592714367771223,7.521599999999995,False,FLOW/USDT,-0.043581184461907424,0.6
1766894400000,SHORT,-0.0198459280997755,-0.3609298309591943,4.163352898019058,False,ARK/USDT,0.08239174275952996,31.8
1766916900000,SHORT,2.7955399061032886,-0.4254095538974068,4.726384976525818,False,BIGTIME/USDT,-0.002601252161959038,4.8
1766968200000,LONG,-6.138073394495421,0.0394965332075526,5.788073394495421,False,FLOW/USDT,-0.04593230971365337,8.799999999999999
1767101400000,SHORT,-2.0028925619834723,0.0375639326949006,7.760330578512383,False,CELO/USDT,-0.3631332991915852,3.8
1767135600000,SHORT,-5.482441113490356,-0.9069715721386729,5.132441113490357,False,AGLD/USDT,-0.14100702667342618,36.0
1767142800000,SHORT,2.190578687367673,-0.5980051424494836,4.110503410962116,False,CYBER/USDT,0.09960533536966047,64.0
1767153600000,SHORT,5.13702768587845,-0.926022465865177,5.4870276858784495,False,AUCTION/USDT,0.07242996825700196,38.2
1767177900000,SHORT,-2.477659574468086,0.2478780280795972,5.095859071150761,True,CHZ/USDT,-0.09665216717424073,1.2
1767254400000,SHORT,0.2247126436781614,-0.666845567840048,7.7936781609195345,False,ALICE/USDT,-0.18677349886565775,17.8
1767333600000,SHORT,0.5539548022598817,0.3467850559262797,5.082666666666653,True,CHZ/USDT,-0.04283687447515632,40.6
1767357000000,LONG,2.1816455696202555,-0.5683070510203159,4.0860759493671,False,FLOW/USDT,-0.15649946913236207,13.4
1767362400000,SHORT,-5.22503063725488,-0.0235794383799755,4.875030637254881,True,1000PEPE/USDT,0.023779786748598975,50.8
1767375900000,SHORT,-8.463575009641342,-0.6625328127586894,8.113575009641343,False,CKB/USDT,-0.04433211025396434,46.6
1767450600000,SHORT,0.6809278350515472,-0.2652460579398208,5.470103092783481,False,FLOW/USDT,-0.1257029165012122,43.0
1767469500000,SHORT,0.320391061452506,-0.6990903417093687,4.311999999999992,False,ACH/USDT,0.1772059120411702,49.4
1767486600000,SHORT,0.5853395689304581,-1.095444102376601,4.2157381049206775,True,FET/USDT,0.07483683818042103,32.4
1767586500000,SHORT,-4.789025257915329,-0.979132284529456,4.439025257915329,True,FET/USDT,-0.04306168347412413,15.4
1767625200000,SHORT,0.2981669029775045,-0.4706558580518947,5.0133076767267495,False,BICO/USDT,-0.14201481595646104,
1767629700000,SHORT,-0.2241346758967903,-0.900174252029101,6.549024543738183,True,FIL/USDT,0.1686918744319199,55.00000000000001
1767632400000,SHORT,2.8998165426145426,-1.3309798900759189,5.956924205891573,True,1000SHIB/USDT,0.22567459555271518,
1767645000000,SHORT,-1.2772175268728994,-0.119988449293477,5.386190202674971,True,1000BONK/USDT,0.006579627248448293,32.0
1767660300000,SHORT,-0.5798850574712798,-0.7735832983985815,4.773149425287342,False,GAS/USDT,-0.11028501736618318,62.6
1767681900000,SHORT,-2.6640495867768617,-0.5440173039246107,4.245685950413223,True,FET/USDT,-0.0606541687951308,16.6
1767746700000,SHORT,4.568426103646837,-0.7236651310775699,6.436396353166983,False,CYBER/USDT,-0.05295242303245315,74.0
1767759300000,SHORT,2.607965749870254,-0.9819977847233154,4.203736377789314,False,AUCTION/USDT,-0.14827908895622463,7.6
1767797100000,LONG,-1.80579105116678,-1.391066528058944,4.099314921858285,False,API3/USDT,0.03184902365824545,88.8
1767839400000,SHORT,-0.4190607734806553,-0.5131183389523284,4.282907458563499,False,ARK/USDT,-0.019717326903359363,22.400000000000002
1767852900000,SHORT,1.3054809843400397,-1.4110139908775117,5.146711409395966,False,BIGTIME/USDT,-0.08341373950299517,53.400000000000006
1767929400000,SHORT,1.778565346956153,-1.5060144214655742,7.259940400170269,False,BIGTIME/USDT,-0.23676410375729573,65.0
1768053600000,SHORT,-1.806310679611652,0.0219701629416996,4.682038834951451,True,DYDX/USDT,-0.007126560292597465,26.400000000000002
1768058100000,SHORT,-0.35,0.0390633554716309,4.965116279069762,False,CELO/USDT,-0.31054238962142067,29.4
1768232700000,SHORT,-5.553420614499763,0.174437646977963,5.203420614499764,False,DUSK/USDT,-0.11976009769333572,5.0
1768262400000,SHORT,-5.420415155179351,0.5053385176916397,5.070415155179352,False,DUSK/USDT,-0.05921259042616093,0.2
1768306500000,SHORT,7.032796208530785,0.2023243077175747,7.382796208530784,False,DASH/USDT,0.062038538568781554,56.39999999999999
1768311900000,SHORT,-1.4489010989011,-0.8116952487087217,4.157692307692303,False,ALICE/USDT,-0.3609678915234612,18.0
1768311900000,SHORT,3.786100746268648,0.0122271115878377,4.136100746268648,True,AXS/USDT,0.1211768215296544,54.6
1768323600000,SHORT,-3.0611111111111087,-0.0852944011235167,4.445733333333321,True,DOT/USDT,-0.01892266207726054,66.8
1768330800000,SHORT,4.5827739998233605,-0.2227673252745111,4.93277399982336,False,ACH/USDT,-0.04600161199258625,36.8
1768346100000,SHORT,5.075425841296203,-0.3455923418262428,5.425425841296202,True,APE/USDT,0.08746640820411539,60.4
1768347000000,SHORT,0.4912934887389262,-0.6933871175176873,4.4927175532381,True,1000BONK/USDT,-0.012002313938279713,43.8
1768349700000,SHORT,-0.2805072967338488,-0.5755550425411118,4.935128561501034,False,CKB/USDT,-0.09144098671390362,43.2
1768352400000,SHORT,-6.188567730802413,0.0276857905784782,5.8385677308024135,True,AXS/USDT,0.14218241848060653,13.8
1768356000000,SHORT,-6.4011467889908165,-0.4595292682167077,6.051146788990817,False,BLUR/USDT,-0.011563095753705678,61.6
1768374900000,SHORT,-5.278003182179787,0.2364322190172987,4.928003182179787,True,AXS/USDT,0.1505240357631154,13.8
1768377600000,SHORT,-4.528853538123957,-0.2592745412475004,4.178853538123957,False,BLUR/USDT,-0.013503504593438109,61.6
1768389300000,SHORT,-6.814527119106016,0.6973488461610557,6.464527119106016,False,DASH/USDT,0.08064900399995176,0.6
1768543200000,SHORT,-1.1323871906841203,-1.129793015514094,4.059425036390078,False,AUCTION/USDT,0.06256417431736562,86.4
1768549500000,SHORT,-4.642039800995013,-0.8222242009976053,4.292039800995013,True,AXS/USDT,0.1342079763681791,1.2
1768559400000,SHORT,-4.603591539623672,0.34774826394543,4.253591539623672,False,DUSK/USDT,0.01170862743457638,2.6
1768564800000,SHORT,-1.2440397350993495,-0.3018367763781254,7.7726821192052915,False,AGLD/USDT,-0.0954660704831885,38.2
1768603500000,SHORT,-11.443384818615993,0.5488686463447762,11.093384818615991,False,DUSK/USDT,0.008721176215531637,0.2
1768640400000,LONG,3.7038441284886834,1.4501228644726476,4.053844128488684,False,DASH/USDT,0.008534717696626873,17.8
1768642200000,SHORT,-5.495106649937243,-0.0381078703920801,5.145106649937244,True,AXS/USDT,0.1437896589964036,0.2
1768662900000,SHORT,0.2813131313131275,-0.2433754064539514,4.605808080808063,True,GALA/USDT,0.040797493393851934,46.800000000000004
1768663800000,SHORT,2.527334679454826,-0.3718868351330651,6.071933366986344,False,BLUR/USDT,0.060333348194355825,0.6
1768665600000,SHORT,7.225900681596869,0.404392820997382,7.575900681596869,True,AXS/USDT,0.14497174324863055,0.2
1768666500000,SHORT,3.9636723634847777,-0.7054710017273769,4.313672363484778,True,APE/USDT,0.10921835634028171,48.6
1768671000000,SHORT,4.011642294713132,0.3660797726205795,4.361642294713132,False,ENJ/USDT,-0.005478274779845299,0.4
1768729500000,SHORT,-5.119495556390036,1.415308562053286,4.769495556390036,False,DASH/USDT,-0.011934732700484584,22.0
1768737600000,SHORT,-0.7124009060022628,-1.3633645019217655,4.684575311438264,False,API3/USDT,0.037160897073259175,62.0
1768740300000,SHORT,6.020688998857991,-1.0353948315059351,6.3706889988579904,False,BIGTIME/USDT,0.0039490584632483556,62.2
1768752000000,SHORT,3.0738625812442004,0.8662271102244201,5.8644614670380655,False,DASH/USDT,-0.007333109357537469,22.0
1768782600000,LONG,-2.234658876743311,-0.3133762271572636,5.072672446287209,False,ARK/USDT,0.15322042275937267,46.6
1768782600000,LONG,-0.6064102564102566,0.0081936157504018,8.73615384615385,True,CRV/USDT,-0.004547620736510344,4.3999999999999995
1768782600000,LONG,-0.2417280207882056,-0.5999962687242268,7.661996535296642,True,1000BONK/USDT,0.13317829085085903,13.4
1768782600000,LONG,4.8812357846853685,0.8054499034808277,8.778405357594144,False,DASH/USDT,0.003814289435859279,11.799999999999999
1768783500000,LONG,-2.26333708497467,-0.0985734222857804,6.350075032826856,False,ASTR/USDT,0.19402085322249582,15.6
1768783500000,LONG,-1.6693925815285104,-1.3651943563390223,9.036470002489416,False,API3/USDT,0.08398372584466612,57.199999999999996
1768783500000,LONG,-1.5803485987696675,-0.7705774789367162,8.00068352699931,False,1INCH/USDT,0.08990306689165671,26.6
1768783500000,LONG,-0.9799734748010468,-0.535057882170752,5.390782493368686,False,AGLD/USDT,0.10352076387902119,7.8
1768783500000,LONG,-0.91497175141243,0.0154982789233392,8.185875706214675,True,DYDX/USDT,0.05561795894884655,24.4
1768783500000,LONG,-0.7078399479505497,0.2734525704915163,8.019128171763178,False,ENJ/USDT,0.11633150700686117,11.0
1768783500000,LONG,-0.6733629749393772,-0.5558333323058718,7.150848827809216,False,CKB/USDT,0.0933621779603828,32.800000000000004
1768783500000,LONG,-0.4898245837040878,-0.9564240985170676,5.939570357188265,True,1000SHIB/USDT,0.13790842144125942,
1768783500000,LONG,-0.4706757843926031,-0.4112305929268304,6.275583266291224,False,COMP/USDT,0.036170454758611054,28.999999999999996
1768783500000,LONG,0.1088394062078247,-0.2590161425309847,7.834682860998658,True,AR/USDT,0.12248883466884099,55.60000000000001
1768783500000,LONG,0.2326050769870929,-0.7382530763144086,11.585226799833546,True,FET/USDT,0.15435636997274696,8.4
1768783500000,LONG,0.6374021109976289,-0.1829988634044426,6.647940074906357,True,ETC/USDT,0.1362664170033753,24.0
1768783500000,LONG,1.15884495317377,0.1258141794184627,10.622736732570251,False,COTI/USDT,0.146009167404281,21.4
1768807800000,SHORT,-8.021108179419512,2.4250061676321337,7.671108179419511,False,DUSK/USDT,0.05588863408869884,1.6
1768828500000,SHORT,8.26453072891852,-0.7560288910238876,8.61453072891852,False,ARPA/USDT,0.11753105958988481,5.2
1768853700000,SHORT,5.166652097902082,0.5097030278670183,5.516652097902082,False,COTI/USDT,0.07519334364759118,21.4
1768886100000,SHORT,4.7759424603174425,0.421932999550717,5.125942460317442,True,AXS/USDT,0.06566105616643086,6.0
1768898700000,LONG,3.937434406467174,0.8410356681886282,4.287434406467174,False,DASH/USDT,-0.07829152069007644,17.599999999999998
1769018400000,LONG,4.204941599281235,0.8678179217167256,4.554941599281235,True,AXS/USDT,0.05410933989576816,18.2
1769085900000,LONG,-5.489193675889322,0.6540835053528579,5.139193675889322,False,DUSK/USDT,0.048191812813897415,27.6
1769142600000,SHORT,3.221428571428574,0.0653954657541208,5.076190476190448,False,FLOW/USDT,-0.2812534474725143,14.6
1769162400000,SHORT,-4.788028372900994,1.1108864058186263,4.438028372900995,False,DASH/USDT,0.02524728518452614,23.400000000000002
1769173200000,LONG,4.895250204056005,0.5084356598861431,5.2452502040560045,False,DUSK/USDT,0.05644641696560948,38.4
1769217300000,LONG,4.136099089206134,0.5055860693174967,4.486099089206133,False,DUSK/USDT,0.08386370613846483,21.6
1769315400000,SHORT,8.17953772263357,0.5981230750102943,8.52953772263357,False,DUSK/USDT,-0.11257340218111349,3.0
1769317200000,SHORT,5.787424949966649,-0.8335643371940185,6.857304869913275,False,ARPA/USDT,-0.10412767417470405,4.0
1769323500000,SHORT,-4.632613723978413,-0.876720806564195,4.282613723978414,False,AUCTION/USDT,-0.11307069189331247,10.0
1769354100000,SHORT,8.51441008497003,0.186972032373579,8.86441008497003,False,AUCTION/USDT,0.11397178987768766,0.2
1769359500000,LONG,-4.691891891891903,0.0402763553846526,4.341891891891903,False,FLOW/USDT,-0.3343060778907691,80.2
1769476500000,SHORT,-1.9125000000000068,-0.2945950281773512,8.135937499999985,False,GAS/USDT,-0.12650134743643984,64.0
1769484600000,SHORT,-4.613026019916474,0.7074818161248558,4.263026019916475,False,DASH/USDT,-0.14613269822512645,63.0
1769518800000,LONG,0.7601622544833556,-0.1743487509376596,6.174722459436371,False,1INCH/USDT,0.276448071554857,52.400000000000006
1769642100000,SHORT,7.259534246575339,0.0392701426522067,7.609534246575339,True,ARKM/USDT,0.11044452746085077,2.0
1769682600000,SHORT,-6.863274336283178,-1.182401513987198,6.513274336283178,False,ARPA/USDT,-0.003920399375404848,9.2
1769701500000,LONG,-4.444383871631345,0.0869038500322891,4.094383871631345,True,CHZ/USDT,0.048275874840439666,61.4
1769701500000,LONG,0.7445832163906861,0.1422344389915458,4.077575077182161,False,BICO/USDT,-0.15207485022689057,
1769701500000,LONG,3.9647651006711526,-0.7927639871748856,4.314765100671153,False,ALICE/USDT,-0.23609130992659164,19.2
1769728500000,SHORT,3.850804649083572,0.1085569024196412,4.200804649083572,True,AXS/USDT,0.032127475190322045,26.6
1769843700000,SHORT,4.673704866561995,-2.015353118042905,5.023704866561995,False,ARPA/USDT,0.041705771968295245,8.6
1769870700000,LONG,-5.210800541719955,0.277605583756491,4.860800541719955,True,AAVE/USDT,-0.14310095142998588,6.800000000000001
1769870700000,LONG,-4.51984382177308,0.3624262237073101,4.16984382177308,False,ACH/USDT,-0.13454792955696313,48.6
1769871600000,LONG,-4.922857142857155,-0.7325825444638785,4.572857142857155,False,ALICE/USDT,-0.2584944962495041,19.400000000000002
1769872500000,LONG,-4.719387755102048,0.0372844947728022,4.369387755102048,False,CELO/USDT,-0.3435603052360497,7.000000000000001
1769872500000,LONG,-4.404634994206265,0.4491024424001636,4.054634994206265,False,API3/USDT,-0.09353591567167673,76.2
1769880600000,LONG,-7.0608279193736445,0.0580444067677262,6.710827919373645,False,FLOW/USDT,-0.37339021512615067,2.0
1769882400000,LONG,-4.9709987045106585,-0.0041792192963122,4.620998704510659,False,ASTR/USDT,0.028555243221082383,12.4
1769885100000,LONG,1.8166666666666709,0.1344317618261135,7.245766666666663,False,BICO/USDT,-0.07553869454413742,
1769885100000,LONG,1.965099364884236,-0.3818467095855739,6.652530219217365,False,AUCTION/USDT,-0.06814307677830332,12.4
1769885100000,LONG,2.3446107784431227,-0.2409226492523319,5.2551497005988015,False,GAS/USDT,-0.0938494851617315,5.2
1769885100000,LONG,2.636039948258769,-0.1651986124371491,5.788549733734269,True,ETH/USDT,-0.01501275173430442,0.4
1769885100000,LONG,2.8587819294912418,-0.1339674719425304,5.235539370909857,True,ETC/USDT,-0.029016232649893114,27.0
1769885100000,LONG,2.8838863675817805,0.3717298543831153,6.043697145549684,True,1000PEPE/USDT,-0.15422220770102119,28.799999999999997
1769885100000,LONG,2.9386963371406023,0.6686233986269724,7.122715636077192,True,DOGE/USDT,-0.04149391516455919,0.2
1769885100000,LONG,3.4803130148270083,-0.3321068942236844,5.1248558484349305,False,ANKR/USDT,-0.07658367125842931,28.599999999999998
1769885100000,LONG,3.5048752834467125,-0.474829257249134,6.675374149659871,False,BLUR/USDT,-0.08749364076976412,7.000000000000001
1769885100000,LONG,3.6610650069156168,0.3558708712185486,5.471161825726142,False,DASH/USDT,-0.07596434692631938,64.4
1769885100000,LONG,3.733069341781063,0.2267884707287709,5.774551214361146,True,ADA/USDT,-0.07104952877089601,26.200000000000003
1769885100000,LONG,3.735801838610832,0.2373159328815399,6.715832482124613,True,AVAX/USDT,-0.00993629224399781,23.0
1769885100000,LONG,3.740992478444319,-0.3593401696480804,6.6284168042561165,False,CYBER/USDT,-0.13158071609455213,13.600000000000001
1769885100000,LONG,3.860526315789459,0.0217994788718496,7.161943319838067,True,AR/USDT,-0.09048766648003663,31.4
1769885100000,LONG,3.8694092827004254,-0.7169499939281484,4.82225738396624,True,ATOM/USDT,-0.03873647139521292,30.599999999999998
1769885100000,LONG,4.004283399716465,-0.7744495846724531,5.563309255383793,True,CAKE/USDT,-0.05736551769641159,37.8
1769885100000,LONG,4.149852463853653,-0.1679662664055091,7.345780466214211,True,ENS/USDT,-0.013206862770889354,4.8
1769885100000,LONG,4.32625899280574,0.0210032502548214,7.472661870503602,True,CRV/USDT,-0.12101183694714569,42.0
1769885100000,LONG,4.378627999068244,-0.0487050195822199,5.920172373631509,True,CHZ/USDT,-0.05044927694909167,63.800000000000004
1769885100000,LONG,4.384513274336277,-0.6465376778586451,6.034955752212395,False,AGLD/USDT,-0.07686636252932892,13.8
1769885100000,LONG,4.384693877551021,-0.9805475616113908,6.241306122448981,False,BAT/USDT,-0.05166090653343462,20.8
1769885100000,LONG,4.500746268656721,0.0147758114132228,6.549850746268677,True,ARB/USDT,-0.038956036287633944,13.4
1769885100000,LONG,4.547543961633479,-0.2627068580602447,6.907062926900158,True,1000BONK/USDT,-0.07535507215321315,2.4
1769885100000,LONG,4.608832335329341,0.0525317300630873,5.673053892215572,True,CFX/USDT,-0.062193432531912896,2.0
1769885100000,LONG,4.620178926441357,-1.374223431171638,6.345427435387682,True,FIL/USDT,-0.024623111687598575,17.8
1769885100000,LONG,4.656469586751269,-0.5877641008929084,5.006469586751269,True,1000SHIB/USDT,-0.02920477667855363,
1769885100000,LONG,4.817645854657123,-0.0850769650876418,5.167645854657122,True,BCH/USDT,0.06611393330832442,61.8
1769885100000,LONG,4.852312138728319,-0.3664541570071621,6.063005780346821,True,APT/USDT,-0.0632703851154012,40.8
1769885100000,LONG,4.859849246231159,-0.3806195335856766,5.209849246231158,True,ALGO/USDT,-0.09783329313713054,8.200000000000001
1769885100000,LONG,4.877159432746024,-0.9397053794969328,5.227159432746023,False,ENJ/USDT,0.10978957538903795,4.6
1769885100000,LONG,4.894361413043477,-0.2159906541628296,5.244361413043476,True,DOT/USDT,-0.025231166755737958,45.2
1769885100000,LONG,4.895540897097607,-0.17170240178707,5.2455408970976185,False,CKB/USDT,-0.06638799870576584,7.3999999999999995
1769885100000,LONG,4.972004241781554,-0.0969819740761648,5.322004241781554,False,COMP/USDT,-0.014892419168074733,19.6
1769885100000,LONG,5.010134003350082,-0.4974201373957602,6.312060301507541,True,FET/USDT,-0.05645311628554219,8.799999999999999
1769885100000,LONG,5.1484894259818805,-0.9831694095843736,6.26392749244713,False,BIGTIME/USDT,-0.08195839785299977,33.4
1769885100000,LONG,5.302173913043474,0.0102820392955735,6.368695652173916,True,GALA/USDT,-0.10050946097584866,50.8
1769885100000,LONG,5.458713069604407,-0.2654927065822024,10.135202804206314,False,ACE/USDT,-0.05925776262923686,72.2
1769885100000,LONG,5.488888888888896,0.0140165859046214,5.838888888888896,False,CHR/USDT,-0.11916361315818821,19.0
1769885100000,LONG,5.561023255813949,-0.4245542770308422,5.911023255813949,False,ARK/USDT,0.002746811292431503,16.8
1769885100000,LONG,5.703194782224195,-0.2382391109620391,6.053194782224194,False,EGLD/USDT,-0.08299177253981707,20.599999999999998
1769885100000,LONG,6.004035357417383,0.0741063499917827,6.354035357417383,False,COTI/USDT,-0.08317013755774934,21.8
1769885100000,LONG,6.157003891050589,0.0340113933304992,6.507003891050589,False,CTSI/USDT,-0.11471461069146854,
1769885100000,LONG,6.476104100946381,-0.2702244141719041,6.82610410094637,True,ARKM/USDT,0.08612076988065756,10.2
1769885100000,LONG,6.595428773919209,-0.6088144468779975,8.143160878809356,True,APE/USDT,-0.03654422670162215,3.0
1769886000000,LONG,1.6005851755526588,-0.5415886909071357,4.448764629388816,False,BSV/USDT,-0.08605859876965274,4.8
1769886000000,LONG,3.5259689922480653,0.0265312921669277,6.482945736434116,True,DYDX/USDT,-0.08340092661611366,25.6
1769886000000,LONG,5.844088176352704,-0.1352228935329977,6.194088176352704,False,1INCH/USDT,0.10196736662417817,45.800000000000004
1769940900000,SHORT,-4.4007699076110764,-0.4275048686677203,4.050769907611077,False,ARK/USDT,-0.025123269741810228,61.8
1769940900000,SHORT,8.734083448056749,0.0071878256997035,9.084083448056749,False,ASTR/USDT,-0.08399833997233869,29.599999999999998
1769954400000,SHORT,1.4518018018018035,-0.1163461670654791,5.156869369369367,True,AXS/USDT,-0.04689860465326258,66.60000000000001
1770021900000,SHORT,7.520834083948825,-0.4242817861594593,7.870834083948824,False,AUCTION/USDT,-0.049214717889057694,0.2
1770080400000,SHORT,3.70117270788912,-0.2758746782987131,10.504142552543405,False,CYBER/USDT,0.051782421630955866,28.199999999999996
1770104700000,SHORT,4.686061166190548,-0.2948328025444952,5.036061166190548,False,ANKR/USDT,0.06600972306935828,36.4
1770119100000,SHORT,3.6523489932885833,0.0340305790830335,4.002348993288583,False,CTSI/USDT,-0.2066989358737027,
1770145200000,LONG,3.669253910950657,0.0238439423472019,4.019253910950657,False,API3/USDT,-0.04828300998203522,77.60000000000001
1770145200000,LONG,3.679075511644325,0.4016639444228995,4.029075511644325,False,COTI/USDT,-0.10114012130112361,21.6
1770145200000,LONG,3.814341085271309,0.0264202785477969,4.164341085271319,True,DYDX/USDT,-0.12510718377936156,25.2
1770145200000,LONG,4.104166666666656,-0.6091921208814891,4.454166666666656,False,1INCH/USDT,-0.056439466144201755,52.400000000000006
1770146100000,LONG,3.858636815920397,0.0576896213682907,4.208636815920397,False,FLOW/USDT,-0.19442794806562558,96.2
1770146100000,LONG,4.288410041841019,-0.9738125845461274,4.638410041841008,False,BAT/USDT,-0.04886951511660872,22.400000000000002
1770229800000,LONG,-3.631887528827384,-0.4831222591628624,4.491750931346443,False,CYBER/USDT,0.05756597872870657,8.6
1770273900000,LONG,-4.91781447645819,-0.3035751698927521,5.975122979620519,False,EDU/USDT,-0.06214646611097765,34.8
1770308100000,LONG,-5.851739130434781,-0.3616397078016604,5.501739130434782,True,DYDX/USDT,-0.17791315696716514,25.2
1770308100000,LONG,-4.917045750499172,-0.3866607244043543,4.567045750499172,True,AAVE/USDT,-0.11233161277200894,5.6000000000000005
1770308100000,LONG,-4.8199184189359885,-0.1915424544408358,4.469918418935989,True,ETC/USDT,-0.06395842758547446,1.7999999999999998
1770308100000,LONG,-4.723001776198911,-0.7019503174119173,4.373001776198911,True,APT/USDT,-0.10011803416645416,43.0
1770308100000,LONG,-4.572468004424081,-0.6687406598224045,4.222468004424082,True,1000BONK/USDT,-0.07208623772481174,19.6
1770326100000,LONG,-4.503140096618355,-0.7395520712086251,4.153140096618356,False,BSV/USDT,-0.11967853141869988,1.6
1770332400000,LONG,-6.882435775451948,-0.5029560635939447,6.532435775451948,True,AAVE/USDT,-0.1672586323139226,5.6000000000000005
1770337800000,LONG,-0.8438271604938166,-0.5052357676449426,9.777654320987644,False,COMP/USDT,-0.12908188829962355,24.6
1770337800000,LONG,0.0316793893129748,-0.4034990951149328,10.193893129770997,False,CTSI/USDT,-0.2580218757397259,
1770337800000,LONG,0.7958207695091141,0.3762837732782131,8.561235074176818,False,DUSK/USDT,-0.014399989448403691,42.199999999999996
1770337800000,LONG,1.4232151189920792,-0.4840314034462353,10.046686887540826,False,AUCTION/USDT,-0.09287838007513596,5.4
1770337800000,LONG,1.5139798488664835,-0.7900161283963916,10.69692695214106,True,AR/USDT,-0.12913673572567758,15.8
1770337800000,LONG,1.692553191489373,-0.878423325897826,11.330638297872335,True,APE/USDT,-0.11566864803200314,6.6000000000000005
1770337800000,LONG,1.7981481481481505,-1.43852774070668,9.60533333333334,False,BIGTIME/USDT,-0.1382298364316729,60.6
1770337800000,LONG,2.081002431002431,-0.6255206101316478,8.383783783783784,False,ASTR/USDT,-0.014716184123881147,12.2
1770337800000,LONG,2.1330037334724583,-1.334138314848357,7.339807946264097,True,BNB/USDT,-0.12765461997708188,73.8
1770337800000,LONG,2.1903257227460418,-1.170745715529642,8.34094911556145,True,CAKE/USDT,-0.14685911986722608,67.80000000000001
1770337800000,LONG,2.2385889868912567,-0.6686655646348658,6.883192961513802,True,BCH/USDT,-0.066004812290267,59.4
1770337800000,LONG,2.2815789473684163,-0.6366466694455221,11.057105263157895,True,GALA/USDT,-0.10799987494165972,26.0
1770337800000,LONG,2.316666666666669,0.0505314980120859,9.605333333333318,False,CELO/USDT,-0.29416923448576343,36.6
1770337800000,LONG,2.320900261486735,-0.8357956585749277,10.653604781471802,True,ENS/USDT,-0.126150256608543,7.199999999999999
1770337800000,LONG,2.3527027027026994,0.0228411299486685,10.308494208494206,False,CHR/USDT,-0.15316427328725657,13.600000000000001
1770337800000,LONG,2.5732643118148406,-0.4758997730969858,8.3148599269184,True,AVAX/USDT,-0.16433853321059047,42.6
1770337800000,LONG,2.5808617234468936,-0.2848440220968357,9.06620741482966,False,EGLD/USDT,-0.13270230216111956,28.000000000000004
1770337800000,LONG,2.983333333333336,-1.219456842802822,11.186781609195402,True,FIL/USDT,-0.12336945517968446,8.6
1770337800000,LONG,3.020786516853936,-0.9842321834562228,10.60606741573034,False,1INCH/USDT,-0.1412090887908084,11.799999999999999
1770337800000,LONG,3.3772006344171417,-0.1087829464990411,8.364551942902445,True,AXS/USDT,-0.1313552319624197,55.2
1770337800000,LONG,3.460669875651823,-0.0604319912477147,9.01825110308865,False,BICO/USDT,-0.16987479438976297,
1770337800000,LONG,3.496153846153845,-0.6601983382843493,10.644543828264757,True,ARKM/USDT,-0.11027981613059758,2.8000000000000003
1770337800000,LONG,3.4961538461538497,-1.0384058846030888,9.886538461538462,True,DYDX/USDT,-0.2169933425091453,25.2
1770337800000,LONG,3.539789303079427,-0.9415598306077608,9.725985953538617,False,BLUR/USDT,-0.0988160184888242,3.4000000000000004
1770337800000,LONG,3.646194100856323,-1.161756321990439,10.450237868696478,True,ARB/USDT,-0.09952232936014023,39.2
1770337800000,LONG,3.729601990049767,-1.1598885510810517,10.716417910447754,True,APT/USDT,-0.11721032194928054,47.0
1770337800000,LONG,3.85711974110032,-2.09403002686566,10.194714131607348,False,ARPA/USDT,-0.08646339082026804,12.6
1770337800000,LONG,3.8931192660550393,-0.755786858352129,8.646444954128436,True,ALGO/USDT,-0.14390304790291733,1.7999999999999998
1770337800000,LONG,4.003393085787442,-0.7195127165707755,8.342381562099877,False,GAS/USDT,-0.12002102501012314,13.200000000000001
1770337800000,LONG,4.054276985743383,-0.6662724675135097,9.488238289205707,True,ETC/USDT,-0.08901722076375915,11.600000000000001
1770337800000,LONG,4.1545045045045,-0.3532684967956068,10.098525798525811,True,DOT/USDT,-0.14394818596854797,56.00000000000001
1770337800000,LONG,4.294305197198674,-0.7905476461838523,9.964983413195723,False,API3/USDT,-0.1184273944859463,77.8
1770337800000,LONG,4.357302353651178,-0.3582481755566802,10.167712733856368,False,ACE/USDT,-0.12514735532305174,80.4
1770337800000,LONG,4.366981132075477,-1.1988647369893208,8.953207547169807,False,BAT/USDT,-0.10744599064932472,29.2
1770337800000,LONG,4.483084205281508,-0.8872678848304947,9.83781763826608,False,ENJ/USDT,-0.11561045025858599,4.8
1770337800000,LONG,4.582432432432434,-0.6668545823561848,10.202635135135136,True,FET/USDT,-0.14111004574507824,37.6
1770337800000,LONG,4.855552589428725,-0.527571124890845,9.428964228510416,True,CHZ/USDT,-0.1601630212609147,60.199999999999996
1770337800000,LONG,4.8775379229871705,-1.2717354450991976,8.280653442240373,False,ANKR/USDT,0.0307461758097807,2.0
1770337800000,LONG,4.908451082096227,-0.946879309594188,9.66192094437488,True,1000SHIB/USDT,-0.1118308967844712,
1770337800000,LONG,4.920362765229294,-1.005496501702417,8.693634496919922,True,CFX/USDT,-0.07421352899916477,2.8000000000000003
1770337800000,LONG,4.976176713459949,-0.3923026345038956,9.232658959537575,True,ADA/USDT,-0.15088851329590786,2.0
1770337800000,LONG,5.013716038562662,-0.8351657782433364,10.436021034180536,True,1000BONK/USDT,-0.0751846792347093,37.0
1770337800000,LONG,8.063606770833326,-1.0331989672626674,8.413606770833326,False,CYBER/USDT,0.027169049869988162,65.2
1770337800000,LONG,9.167216856892017,-0.9397508816437066,9.517216856892016,True,1000PEPE/USDT,-0.1422085292053607,17.0
1770384600000,SHORT,-7.145656427313637,-1.0114470024365658,6.795656427313637,False,CYBER/USDT,0.030012549479849673,21.8
1770397200000,SHORT,2.4372468417886552,-0.1052059500036783,7.2186284339282,False,AUCTION/USDT,-0.0628836504811156,17.8
1770400800000,SHORT,-1.1374015748031503,-0.3537929813716503,4.248818897637783,True,CRV/USDT,-0.14327777533766545,2.1999999999999997
1770400800000,SHORT,-1.115974601894776,0.066203882997871,6.567486393872185,False,FLOW/USDT,-0.032839208647995374,89.4
1770400800000,SHORT,0.6163097414468464,0.3176322506344265,4.04586053799946,False,DASH/USDT,-0.10191921316104596,27.0
1770401700000,SHORT,-4.841005665722385,-0.5712321659172557,4.491005665722385,False,BSV/USDT,-0.11233078547204078,8.0
1770401700000,SHORT,-1.194265489024548,-0.9390610183582468,4.044151188466021,True,1000PEPE/USDT,-0.08120667472981498,9.8
1770401700000,SHORT,-0.3034161490683167,-1.0770760552790917,4.6452950310558805,True,1000BONK/USDT,-0.05113309310987927,44.800000000000004
1770401700000,SHORT,-0.1163551401869253,-0.6208458428068081,4.04953271028038,True,GALA/USDT,-0.07114483362362835,7.3999999999999995
1770401700000,SHORT,0.343298118190819,-0.8488893251135163,4.0417959722680585,True,ENS/USDT,-0.06428435084813305,11.200000000000001
1770401700000,SHORT,1.237301587301589,0.0098031205961319,4.280158730158715,False,ALICE/USDT,-0.25079722032585194,12.4
1770420600000,SHORT,-1.2113116382109146,-0.3493976450783524,4.014176311065263,True,BCH/USDT,-0.004785980278745965,60.4
1770426000000,SHORT,7.342205726405094,-0.6249507883871384,7.692205726405094,False,API3/USDT,0.16227760300762953,85.0
1770508800000,SHORT,-1.2325383483925154,-0.6112779809318768,6.411998318974571,False,EGLD/USDT,-0.047823420974862356,43.6
1770526800000,SHORT,-3.608806159038173,0.3472578282315019,7.662244252267435,False,DUSK/USDT,-0.009601348676740685,5.2
1770529500000,SHORT,-4.563350944929876,0.3363258435468674,4.213350944929877,False,AUCTION/USDT,-0.0711666990306669,14.399999999999999
1770547500000,SHORT,3.1707100591716038,-0.5916901781946622,8.401153846153838,False,API3/USDT,0.10964617117437528,1.7999999999999998
1770564600000,SHORT,-8.094008751262177,0.392268066786109,7.744008751262177,False,DUSK/USDT,0.05098625008460853,3.8
1770610500000,SHORT,-5.55264765784111,0.2455417746474846,5.20264765784111,True,AXS/USDT,-0.019857366348194558,5.4
1770779700000,SHORT,5.694132814620458,0.3932804298218361,6.044132814620458,False,DUSK/USDT,-0.00548381381374096,6.0
1770820200000,SHORT,-0.4393255917820555,-1.023486490929658,4.734881643590891,False,EGLD/USDT,-0.14582683232696775,13.8
1770820200000,SHORT,-0.35,-1.0418390496642698,4.352525252525232,True,DYDX/USDT,-0.1821659599087367,13.600000000000001
1770820200000,SHORT,-0.1704022988505785,-0.9982353008276208,4.551221264367816,True,ENS/USDT,0.011454850075989637,5.0
1770821100000,SHORT,-1.341649269311071,-0.3598140700099221,5.168423799582439,True,ATOM/USDT,-0.0025834516581916887,23.400000000000002
1770849000000,SHORT,1.4476031957390083,0.0209373321000727,4.173102529960043,True,AXS/USDT,0.11350322091017379,6.6000000000000005
1770885900000,SHORT,0.8748468941382314,-0.6997399503687902,4.643700787401563,False,AGLD/USDT,-0.03133027475643571,44.800000000000004
1770964200000,SHORT,-0.1561639852684669,0.4087467825763436,6.074200426439226,False,AUCTION/USDT,0.011915328331568172,40.0
1770984900000,SHORT,-3.248550724637684,-0.3454871345046205,5.448248792270529,False,BSV/USDT,0.019044888739184886,0.2
1770985800000,SHORT,-8.184272300469477,-0.5636158936889977,7.834272300469477,False,COMP/USDT,-0.03507014934166249,23.400000000000002
1770990300000,SHORT,-1.2884164222873924,-0.9164231759393952,5.790518084066448,True,CFX/USDT,0.0008050801004354724,18.8
1770991200000,SHORT,-4.66267157683293,-0.8263464564100484,4.312671576832931,True,ENS/USDT,-0.007697395921724543,14.799999999999999
1771018200000,SHORT,4.265996258185214,-0.1608024139267173,4.615996258185214,False,COMP/USDT,0.16370479881162836,0.8
1771030800000,SHORT,-2.7721453287197177,-0.1045674899977752,5.714117647058801,True,AXS/USDT,0.12462784908171581,9.8
1771030800000,SHORT,1.3662974915652044,-0.7528130904264021,5.376059850374053,True,ENS/USDT,-0.09412680999116617,0.0
1771073100000,SHORT,-0.2391352549889103,0.0396491954848563,4.569977827050974,False,FLOW/USDT,-0.09268843343278252,54.800000000000004
1771136100000,SHORT,2.4119465146865364,-0.4395728757193908,6.587987724682141,False,COMP/USDT,0.16990670209516717,1.4000000000000001
1771279200000,SHORT,0.6848071495766764,-2.0522973030266853,4.2629350893697024,False,ARPA/USDT,-0.06631507828907461,27.6
1771380900000,SHORT,-0.5620141342756106,-1.006674545897527,5.063363957597158,False,CYBER/USDT,0.0407145903007253,85.8
1771647300000,SHORT,-0.35,-0.7156632037053534,4.958029513888888,False,AGLD/USDT,-0.06416843863254917,45.800000000000004
1771647300000,SHORT,0.5981668773704224,-0.9213920894622468,5.372060682680136,False,BIGTIME/USDT,-0.02696406045366736,0.6
1771660800000,SHORT,5.067346938775507,-0.5369548702691217,5.417346938775506,False,CTSI/USDT,-0.16496283858528935,
1771755300000,SHORT,-4.381465093412002,-1.4121468878700048,6.118780727630279,False,ARPA/USDT,-0.22040346579922285,16.400000000000002
1771758900000,SHORT,-7.303593249927251,-0.8090028788720793,6.953593249927251,False,AGLD/USDT,0.23930237486078124,0.6
1771804800000,SHORT,4.106077348066287,-1.2005887980665568,4.456077348066287,False,ARPA/USDT,-0.19419460784652448,1.2
1771959600000,SHORT,-4.389999999999978,-0.9262701480372512,4.039999999999979,False,DUSK/USDT,0.024823335074663704,27.0
1771985700000,SHORT,6.2069395017793525,-0.8759254441287729,6.556939501779352,False,DUSK/USDT,0.03756441429746833,32.800000000000004
1772045100000,SHORT,-4.503791708796748,-0.7917756321667145,4.153791708796748,False,AGLD/USDT,0.1803497503982024,3.8
1772052300000,SHORT,5.369052132701417,-0.6234855453320319,5.7190521327014165,True,APT/USDT,0.08299747572574352,94.19999999999999
1772057700000,SHORT,4.18634741225459,0.0238715062638056,4.53634741225459,True,DOT/USDT,0.036489631512304194,77.2
1772061300000,SHORT,3.7606810035842178,-1.1780718636021696,4.110681003584218,True,AXS/USDT,0.005332503351500664,60.4
1772179200000,SHORT,0.55909090909091,0.0377875704077989,5.770909090909084,False,ALICE/USDT,-0.2853393420192358,23.799999999999997
1772187300000,SHORT,4.791902003379194,-0.6375642531845382,5.141902003379194,False,FLOW/USDT,0.009796456848842679,40.400000000000006
1772215200000,SHORT,-10.356451612903228,0.0383973465321025,10.006451612903229,False,ALICE/USDT,-0.027204052096532955,24.0
1772263800000,LONG,-4.604107648725219,-0.5381413656250496,4.25410764872522,True,GALA/USDT,0.08168120473515465,33.6
1772263800000,LONG,-4.511663160499952,-0.7620276452366186,4.161663160499953,False,DUSK/USDT,-0.09081672855759773,74.2
1772263800000,LONG,-4.47743445692885,-0.1848063093632238,4.12743445692885,False,EDU/USDT,0.023341040992567796,36.8
1772263800000,LONG,-4.442585428755633,-0.3998419561628561,4.092585428755633,True,AR/USDT,0.083324741903945,18.8
1772263800000,LONG,-3.4717481789802203,-0.3850549811018132,4.346097814776272,True,FIL/USDT,0.060973839270592266,65.0
1772263800000,LONG,-2.3908163265306217,-0.6273390550269835,4.1924578527063066,False,COTI/USDT,0.005072868079796382,23.799999999999997
1772323200000,SHORT,3.193307086614165,-0.5071201004400037,5.038582677165345,False,CTSI/USDT,-0.21132860454477753,
1772396100000,SHORT,5.419230769230775,-0.478582232916095,6.729487179487166,False,ALICE/USDT,0.04192929406100595,1.7999999999999998
1772710200000,SHORT,-0.8650554675118731,-1.153781483513649,11.267828843106166,False,AGLD/USDT,0.004514142029340654,7.000000000000001
1772759700000,SHORT,1.4531088082901609,-0.7857904571450834,4.436725388601019,False,ANKR/USDT,0.20119729912208384,44.800000000000004
1772766000000,SHORT,-7.810985720865949,-0.2501193625648922,7.460985720865949,False,BICO/USDT,0.029076944835081275,
1772772300000,SHORT,-10.903717472118942,-0.7794830480523497,10.553717472118942,False,AGLD/USDT,-0.009834353371346466,2.8000000000000003
1772776800000,SHORT,2.1021761458467094,-0.3828471153888378,4.240403132622913,False,ASTR/USDT,-0.05498466954185836,68.8
1772794800000,SHORT,2.444411177644701,-0.5220555860515229,8.75843313373252,False,FLOW/USDT,-0.008295376789748853,51.800000000000004
1772841600000,SHORT,1.6680436847103437,-0.3896431540081231,5.824596391263047,False,FLOW/USDT,-0.041137021530421196,28.199999999999996
1772858700000,SHORT,-1.036884396060136,-0.0856506191153138,4.940629860031097,False,ASTR/USDT,-0.07251732245945455,50.4
1773053100000,SHORT,2.902032520325206,-0.8038596322558679,5.192682926829272,False,ALICE/USDT,-0.34735551494721456,27.200000000000003
1773063900000,SHORT,5.057679671457899,-0.3141068476361212,5.407679671457899,False,FLOW/USDT,0.01623821078576734,62.6
1773126000000,SHORT,-0.2038723818801812,-0.318371927958018,4.013005358012651,False,BICO/USDT,-0.12519570245344652,
1773137700000,SHORT,5.317623011743711,0.2704499781603741,5.667623011743711,False,FLOW/USDT,0.08754046095350262,16.400000000000002
1773187200000,SHORT,3.946875000000001,0.0130900466146058,7.352343749999989,False,CTSI/USDT,-0.22275595501039622,
1773225900000,SHORT,2.304867256637174,0.0320816510777327,7.781289506953215,False,ACE/USDT,-0.15633049260005985,71.8
1773246600000,SHORT,-1.1715426745778166,-0.2837436556656867,5.28982199908716,False,BICO/USDT,-0.10006435825964952,
1773257400000,SHORT,0.2452380952380917,0.0362133406872423,6.270238095238093,False,CHR/USDT,-0.39735955108659643,15.4
1773277200000,SHORT,4.758462033462008,-0.2495020686636176,5.108462033462008,False,API3/USDT,-0.15327924501764584,28.799999999999997
1773321300000,SHORT,-2.309686450167975,-0.4924356054049438,4.455767077267617,False,ARK/USDT,-0.16423986843342875,13.8
1773575100000,SHORT,1.8226010863005448,-0.1249902073871114,7.200543150271561,False,GAS/USDT,-0.2807043280200789,75.8
1773585900000,SHORT,4.0601334180431925,-0.2627489124582325,4.410133418043192,True,CFX/USDT,0.07468259346141011,60.0
1773620100000,SHORT,-3.0745206861755885,-0.471030627976612,8.09323915237134,False,1INCH/USDT,-0.034270628471607376,63.6
1773630900000,SHORT,-1.600000000000001,0.0449418773531047,4.061249999999985,False,CELO/USDT,-0.43088632113277964,44.2
1773632700000,SHORT,-0.7688481675392673,-0.0770043232494088,4.4485340314136135,True,AR/USDT,-0.07263653785331352,72.39999999999999
1773650700000,SHORT,-5.36029178803208,0.077962705343601,5.01029178803208,True,1000PEPE/USDT,0.0723115280778596,65.2
1773666000000,SHORT,-5.134215328467138,0.1378615065587771,4.7842153284671385,True,FET/USDT,-0.05035541553109526,11.799999999999999
1773747900000,SHORT,0.7829029114386569,-0.9675281885882184,4.466439273967592,False,ASTR/USDT,-0.08415975086026534,72.0
1773752400000,SHORT,-1.3911502231036112,-0.3008826007904364,9.40009915716408,False,ENJ/USDT,0.08622238982785546,37.8
1773765900000,SHORT,-0.497182506307823,-0.5672594996750947,4.602186711522275,False,ANKR/USDT,-0.026613712165140083,7.199999999999999
1773767700000,LONG,2.454878048780483,-0.5758192163479162,4.67707317073172,False,EDU/USDT,0.05683564490704268,35.199999999999996
1773786600000,SHORT,3.3562937062937133,0.2197631678761787,5.279930069930059,False,COTI/USDT,-0.16499486872191826,25.0
1773804600000,SHORT,1.7711680953072828,-0.3565133868615826,5.03594362923143,True,1000BONK/USDT,0.07672104344761896,68.2
1773809100000,SHORT,-6.352675585284271,-0.1386278723161476,6.002675585284272,False,ENJ/USDT,-0.13909460096719864,0.8
1773811800000,SHORT,-8.583333333333304,0.0306779593167512,8.233333333333304,False,CHR/USDT,-0.31842089326725503,4.2
1773816300000,SHORT,-6.728787878787871,0.009089821563304,6.378787878787871,False,CTSI/USDT,-0.21529476049874563,
1773817200000,SHORT,3.636201609812192,-0.7524088767968639,8.219432732847817,False,AUCTION/USDT,-0.08309458820494922,81.8
1773992700000,SHORT,-1.9694331983805684,-0.364412995784027,4.157692307692303,True,APT/USDT,-0.04112653504141881,23.200000000000003
1774012500000,SHORT,-2.8293388429752087,-0.9747795771669848,6.1024793388429766,False,ALICE/USDT,-0.3447944389217608,8.6
1774039500000,SHORT,-4.361216582719874,-1.9133604536172624,4.011216582719874,False,ANKR/USDT,0.0022224008386027205,8.4
1774139400000,LONG,-0.35,-0.2127707397053423,5.214788732394378,False,CHR/USDT,-0.15734704922746098,22.400000000000002
1774139400000,LONG,-0.2392580287929247,-0.6066873360260271,4.605980066445184,True,APE/USDT,0.004574676618541982,13.600000000000001
1774185300000,SHORT,5.001079136690638,0.109877663792619,5.351079136690638,False,DUSK/USDT,0.23292139619020813,17.599999999999998
1774267200000,SHORT,-0.9961719208928996,-0.0261640090821397,5.347405521832775,False,DUSK/USDT,0.22127784417432986,29.599999999999998
1774347300000,SHORT,-6.025752271401196,0.2455877620308737,5.675752271401197,False,DUSK/USDT,0.1710388059955019,35.4
1774385100000,SHORT,3.283060853769304,0.014625618571441,4.581653042688444,False,BAT/USDT,0.04873137070615987,0.2
1774458900000,SHORT,2.9467032967033,0.0133539529776964,8.01538461538461,True,DYDX/USDT,-0.2616856540783912,29.799999999999997
1774542600000,SHORT,-4.577137713771356,-0.7543487573644065,4.227137713771357,False,ENJ/USDT,-0.04597064913546817,1.2
1774772100000,SHORT,3.917744389501708,-1.1361587569409055,4.267744389501708,False,ANKR/USDT,-0.043677645889152995,3.4000000000000004
1774825200000,LONG,2.4319833459500364,-0.2693133894700377,4.017051476154423,True,CFX/USDT,-0.1426943799975054,64.0
1775010600000,SHORT,-4.620208333333322,-0.2620497677123102,4.270208333333322,True,ALGO/USDT,-0.03435312317201009,68.60000000000001
1775034000000,SHORT,-4.6601771921853645,-0.2043470296165516,4.310177192185365,False,BLUR/USDT,-0.019985442041736537,0.0
1775116800000,SHORT,3.872493438320198,-0.2736846222653538,4.222493438320198,False,DUSK/USDT,-0.007173006401859438,62.2
1775150100000,SHORT,3.9313455657492207,-1.05947901787343,8.68389398572886,False,ARPA/USDT,-0.14567956941450255,36.8
1775151900000,SHORT,-8.816921119592866,1.296988528833786,8.466921119592866,False,CTSI/USDT,0.07591046397322261,
1775191500000,SHORT,1.1897775876817906,-0.5075874708891029,4.3325919589392505,False,BICO/USDT,-0.0828661832042363,
1775217600000,SHORT,1.9488505747126457,-0.1846612663617015,6.503557744937039,False,GAS/USDT,0.02671945472246545,2.4
1775261700000,SHORT,-4.304154727793693,-0.5368442163635002,10.473696275071608,False,GAS/USDT,0.017198540065698084,4.2
1775563200000,SHORT,-2.4552631578947364,-1.0382396247721422,5.019999999999998,False,BSV/USDT,-0.14194980469642562,57.8
1775607300000,SHORT,-2.1419075144508595,0.6141654181917566,6.097687861271655,False,COMP/USDT,0.08503746695778554,90.2
1775628000000,SHORT,7.260062893081761,-0.6126246963675148,7.610062893081761,False,EDU/USDT,0.025721064846794435,28.799999999999997
1775662200000,SHORT,-5.891589548176341,0.752999327424356,5.541589548176342,False,COMP/USDT,0.10851347337048957,90.2
1775662200000,SHORT,0.7768079381096485,-0.7456042511578658,4.314698957282198,False,DUSK/USDT,-0.08104251522232742,91.8
1775667600000,SHORT,-7.95961682945152,-0.747870185245183,7.609616829451521,False,ENJ/USDT,0.35764377182680684,0.0
1775685600000,SHORT,-5.79095335725268,-0.8116751334035753,5.44095335725268,False,BLUR/USDT,0.027431892636179987,32.0
1775708100000,SHORT,-5.267863720073658,-0.7708344490608975,4.917863720073658,False,BLUR/USDT,0.2208553627548931,1.4000000000000001
1775802600000,SHORT,-4.680747663551385,0.6322842117199182,4.330747663551385,True,CFX/USDT,0.1492360594938514,46.800000000000004
1775817000000,SHORT,-6.756283618581894,0.4245156431663491,6.406283618581894,False,DASH/USDT,-0.03606782707519401,55.00000000000001
1775819700000,SHORT,-0.1576923076923117,0.7949149277852006,9.84778846153846,False,COMP/USDT,-0.2627877459941095,7.000000000000001
1775867400000,SHORT,4.902271231073069,0.6259366359553497,5.252271231073069,False,DASH/USDT,0.007399919774440975,14.000000000000002
1775903400000,SHORT,4.353589560243109,-0.7320458470546304,4.703589560243109,False,DUSK/USDT,-0.018716621061719167,70.6
1775925000000,SHORT,-7.575163612565421,-0.5153846909569869,7.225163612565422,False,ENJ/USDT,0.2579626992065297,55.60000000000001
1775982600000,SHORT,-6.189825581395332,-0.1848617778153838,5.839825581395332,False,CTSI/USDT,0.08907403987743648,
1776002400000,SHORT,7.126049730236911,-0.300796799359258,7.476049730236911,False,ENJ/USDT,0.17175086242829785,12.6
1776022200000,SHORT,-6.3795612510860025,-0.8620907511553023,6.029561251086003,False,EDU/USDT,0.048621822682645845,4.8
1776029400000,SHORT,4.580975188909372,-0.3690296016726708,4.930975188909372,False,DUSK/USDT,0.09039935373693073,89.60000000000001
1776060900000,LONG,-3.116135792120716,-0.6277587882214236,4.060687342833207,True,DOT/USDT,0.07652330172554742,6.0
1776254400000,SHORT,-4.020441233893018,0.3177086315660505,4.921397891448652,False,AGLD/USDT,-0.05655160323703469,61.0
1776270600000,SHORT,-11.30082339579783,-0.1576941908530242,10.95082339579783,False,ENJ/USDT,0.05523751119006952,40.0
1776270600000,SHORT,-7.698108108108109,-0.8318450362999437,7.348108108108109,False,CTSI/USDT,-0.10060373906556357,
1776275100000,SHORT,-0.6842884431709676,0.3141873453927021,5.544914040114592,True,CHZ/USDT,0.1035186663650438,47.4
1776296700000,SHORT,-5.618546113572273,-0.6556973960722102,5.268546113572273,False,BLUR/USDT,-0.020999577847426943,9.6
1776319200000,SHORT,-4.991991341991322,-0.2434049123551933,4.641991341991322,True,ARKM/USDT,0.006311326387288855,16.0
1776346200000,SHORT,3.762307692307678,0.4108187852535157,4.112307692307678,True,AR/USDT,-0.047456073076204384,72.0
1776347100000,SHORT,-4.62665198237884,0.0162228740565665,4.27665198237884,True,DYDX/USDT,-0.20212920783168553,28.799999999999997
1776362400000,SHORT,5.3145742884708165,-0.3426384775007448,5.664574288470816,False,DUSK/USDT,0.0948117100716229,85.0
1776371400000,SHORT,5.03042977743667,0.0180119570812777,5.38042977743667,True,DYDX/USDT,-0.1530204810464217,3.4000000000000004
1776421800000,SHORT,-6.3101626016259855,-0.4325271295467229,5.960162601625986,False,CHR/USDT,-0.17539001437027102,18.6
1776441600000,SHORT,2.9416914534999044,-0.7777476883131842,10.105254808645626,False,EDU/USDT,-0.1066039903460456,28.199999999999996
1776443400000,SHORT,-6.058757549611725,-0.3787364753982966,5.708757549611725,False,CHR/USDT,-0.19169275201194985,18.4
1776473100000,SHORT,-11.4135135135135,0.044021033151113,11.0635135135135,False,ALICE/USDT,-0.3871351343013605,34.8
1776473100000,SHORT,-5.129712339137027,-0.1945452642278724,4.779712339137028,False,ACE/USDT,-0.07493596791390997,51.0
1776474000000,LONG,-5.806610676866792,-0.2977638376900866,5.456610676866792,False,ENJ/USDT,0.004472006315505338,86.6
1776476700000,SHORT,-5.416177498252968,0.0177574728459299,5.066177498252968,True,DYDX/USDT,-0.01858797907746151,7.8
1776492900000,SHORT,3.956762372497168,1.0081923072297925,10.985530789573083,False,COMP/USDT,-0.2071407438601017,5.6000000000000005
1776497400000,SHORT,-9.086999999999968,0.0408722587596299,8.736999999999968,False,ALICE/USDT,-0.14928845925849124,34.8
1776510000000,SHORT,1.5315331010452922,-0.1606928561749481,11.41337979094074,False,BIGTIME/USDT,-0.07565379480093086,45.800000000000004
1776523500000,SHORT,-6.49175715695952,0.9882750324978756,6.14175715695952,False,API3/USDT,0.23031819487385133,1.6
1776578400000,SHORT,-2.648095863427443,-1.111523458143685,8.76260669730792,False,BLUR/USDT,-0.08392037015177456,4.8
1776592800000,SHORT,3.557380607814753,0.1937124488656826,9.517149059334292,True,ARKM/USDT,-0.042966863425517546,58.199999999999996
1776593700000,SHORT,-5.212140468227421,0.015812216261186,4.862140468227421,True,DYDX/USDT,-0.03376333957256635,5.6000000000000005
1776595500000,LONG,-3.1147610121836937,-1.2744618816960636,4.574859418931593,False,EDU/USDT,-0.13204445817288296,10.8
1776663000000,SHORT,6.26539782484258,-1.5812356572552857,6.61539782484258,False,ALICE/USDT,-0.12735550581496125,21.8
1776663900000,SHORT,1.2044041450777168,-1.8225016029241712,4.998855785837636,False,EDU/USDT,-0.07881238917035513,1.0
1776694500000,SHORT,-1.7198630136986313,-0.2266011250390711,4.037205479452042,False,FLOW/USDT,-0.024210819681707588,51.4
1776697200000,SHORT,-5.1985618307789165,-1.832462755249984,4.848561830778917,False,EDU/USDT,-0.077694705933433,0.2
1776719700000,SHORT,-7.632911392405025,-1.7174627601290386,7.282911392405025,False,EDU/USDT,0.057985771304764316,0.0
1776756600000,SHORT,0.4266990291262157,-0.3774309960445317,4.049077669902908,False,CHR/USDT,0.010502582097492151,6.4
1776882600000,SHORT,4.1032676056338175,-0.9250001944048988,4.453267605633817,False,BLUR/USDT,0.03908631420349012,30.599999999999998
1776992400000,SHORT,3.733772455089809,-0.0612909462789865,4.083772455089809,True,CHZ/USDT,-0.015092824710555262,82.6
1777012200000,SHORT,-5.274783861671447,-0.5241347472460934,4.924783861671448,False,CTSI/USDT,-0.09717116848155859,
1777048200000,SHORT,0.9116201859229832,-2.1175378489491568,9.024634794156702,False,ALICE/USDT,-0.10548229608392877,38.0
1777048200000,SHORT,10.43590909090908,-0.4998285029253052,10.78590909090908,True,APE/USDT,0.23214543387200387,0.0
1777050900000,SHORT,-11.013212435233148,-1.1826276238279678,10.663212435233149,False,API3/USDT,-0.024088576052515662,48.199999999999996
1777089600000,SHORT,10.68304768182816,-0.3124329273298467,11.03304768182816,False,API3/USDT,0.272844702011376,0.8
1777090500000,SHORT,3.743557772236056,-0.4069198386298317,4.093557772236056,False,CHR/USDT,-0.010344449955179944,16.0
1777091400000,SHORT,-5.066733386709355,0.5013595626512678,4.716733386709356,True,AXS/USDT,0.06873542799604665,92.60000000000001
1777099500000,SHORT,-7.378589341692765,-2.11841525930477,7.028589341692765,False,ALICE/USDT,-0.11838975698887479,38.0
1777113000000,SHORT,-7.902083333333324,0.99539348303451,7.552083333333324,True,AXS/USDT,0.07700745266709709,16.400000000000002
1777189500000,SHORT,-7.805319148936152,-0.2391886577793131,7.455319148936152,False,CKB/USDT,-0.1271473749930787,36.8
1777202100000,SHORT,0.1352227613586369,0.5540797678255595,4.414644905160997,False,COMP/USDT,-0.19352661237092234,9.6
1777362300000,SHORT,6.834430803571419,-2.1313201640620045,7.184430803571419,True,APE/USDT,0.02692893056614583,20.0
1777417200000,SHORT,-2.292397856664428,-0.3796330290558244,4.196450100468829,True,AXS/USDT,0.07129070909003829,85.39999999999999
1777435200000,SHORT,4.961260253542127,-1.1391263003009409,5.311260253542127,False,API3/USDT,0.06926467343980655,12.4
1777446900000,SHORT,4.922255834053583,-0.6438228097126517,8.044281186977807,False,CTSI/USDT,-0.0760053484801295,
1777464000000,SHORT,3.8400419287211673,-0.2531800688891211,4.190041928721167,True,FIL/USDT,0.09539126722727592,70.6
1777533300000,SHORT,1.308163265306117,-1.877065972913132,4.521811224489772,True,APE/USDT,-0.010828463800687855,3.2
1777620600000,SHORT,3.8289004739336447,-2.105764313581237,4.178900473933645,False,EDU/USDT,-0.08032409824532792,27.400000000000002
1777651200000,SHORT,-3.4135838150289017,-1.7832524722838998,6.503526011560686,True,APE/USDT,0.01600702560045256,5.4
1777653000000,SHORT,-5.449519194077684,-0.3822446797809198,5.0995191940776845,False,DUSK/USDT,0.06407878934127463,68.2
1777654800000,SHORT,-2.5831566994701,-0.3551991393869988,4.134330052990156,False,CHR/USDT,0.04441576169864168,18.0
1777769100000,SHORT,-0.3239583333333362,-0.7318171302780944,4.035130208333313,False,API3/USDT,-0.051627325686088354,13.600000000000001
1777769100000,SHORT,2.636685858222373,-0.5213865107927818,7.049226340410196,False,CYBER/USDT,0.035992353288500104,68.60000000000001
1777831200000,SHORT,1.1565913370998158,0.6503877566703042,4.077777777777769,False,BAT/USDT,-0.025741071574155085,67.4
1777835700000,SHORT,-0.942885375494064,-0.9543954760404938,4.066205533596825,False,ARPA/USDT,-0.161228882608588,44.6
1777868100000,SHORT,5.229937304075239,-0.0361314063634645,6.902821316614399,False,DASH/USDT,0.05649042826637195,63.4
1777923900000,SHORT,1.438685524126455,0.2302741714939155,4.180158069883508,False,COMP/USDT,-0.15549906702253039,13.200000000000001
1777959000000,SHORT,-6.66499250374812,-0.0777394547008517,6.314992503748121,False,ACE/USDT,-0.03577827043172303,99.8
1777989600000,SHORT,2.1801204819277165,-1.6911272366951284,4.408674698795165,True,APE/USDT,-0.009358480052140367,30.2
1778018400000,SHORT,-4.7938073394495335,0.0147670488592024,5.159719036697238,True,GALA/USDT,0.05110366641912967,37.0
1778021100000,SHORT,1.6637371214486407,0.3904433859190979,9.584717452388356,True,CFX/USDT,0.12967269013731741,25.2
1778043600000,SHORT,-2.176484018264842,-0.279087787072314,6.253881278538802,True,FIL/USDT,0.1129505090747189,75.2
1778052600000,SHORT,5.0374538745387465,-0.0788436384882146,9.33070110701104,True,ARKM/USDT,0.1184228554516239,64.0
1778058000000,SHORT,-1.5214391967273992,-0.1095481694388034,8.394124209743378,False,DASH/USDT,-0.01664995720291562,77.0
1778153400000,SHORT,-4.786082474226799,0.0153761602281693,4.436082474226799,True,DYDX/USDT,0.07603358315626453,34.2
1778186700000,SHORT,4.351880877742943,0.0330986985799065,4.701880877742942,True,DYDX/USDT,0.0795403163913316,34.0
1778251500000,SHORT,4.580655586334236,0.0063185326176667,4.930655586334235,True,GALA/USDT,0.12401215054984688,48.199999999999996
1778268600000,SHORT,-2.9370406189555163,-0.7205492585417445,4.68933752417793,False,FLOW/USDT,-0.05622165802930132,43.4
1778269500000,SHORT,-2.2486458187910072,-0.0342207101477508,4.136688538321915,True,1000BONK/USDT,-0.06197870605518202,60.8
1778304600000,SHORT,0.442910447761198,-0.591734350601636,4.5337453358208695,True,GALA/USDT,0.06513234870648196,48.0
1778316300000,SHORT,2.906704980842908,-2.2664293808310383,4.783397190293737,False,ALICE/USDT,-0.05170753755521824,14.799999999999999
1778317200000,SHORT,6.362424607961386,-0.5207104094636998,6.712424607961386,False,ACE/USDT,0.1334920580522172,3.0
1778390100000,SHORT,2.208271745309831,-0.0572216733467719,4.747640704945994,False,BSV/USDT,0.12610162817800444,40.400000000000006
1778439600000,SHORT,4.116616616616602,0.0431117640340859,4.4666166166166015,True,1000BONK/USDT,-0.019512906254068294,59.4
1778445000000,SHORT,-5.205360065466437,0.4607599133347687,4.855360065466438,True,ENS/USDT,-0.013576473036263153,60.6
1778445900000,SHORT,4.9914441231502,0.0251571585011819,5.3414441231502,True,APT/USDT,-0.08127192801057063,53.6
1778544000000,SHORT,1.421396606377027,-1.5778585793143265,5.648834607495791,False,EDU/USDT,0.032512341549464786,26.400000000000002
1778770800000,SHORT,-5.473287856274484,0.911964499466765,5.123287856274485,True,CFX/USDT,0.09830595266025173,66.2
1778810400000,SHORT,2.6882823577071124,0.2827435796572951,4.850779825805137,False,DUSK/USDT,0.07601898991291076,54.400000000000006
1778916600000,LONG,-0.8964480874317033,0.4188241316023344,4.70387067395263,False,CHR/USDT,-0.03723137000540584,20.4
1779010200000,SHORT,-4.500287907869467,0.4045950732555532,4.150287907869467,False,DUSK/USDT,0.048603019045484676,51.800000000000004
1779031800000,SHORT,3.7453063802905713,0.5823000905607294,4.095306380290571,False,DUSK/USDT,0.053474188986162456,51.6
1779035400000,SHORT,4.276666666666647,-1.7474224260445337,4.626666666666647,True,APE/USDT,0.0031218233239440644,14.2
1779061500000,LONG,1.2280494739835084,0.2234072309049697,4.7931617856127495,False,ACH/USDT,-0.0006779705382823165,70.39999999999999
1779062400000,LONG,-0.1787671232876633,0.0330290361204359,5.677654109589037,False,BICO/USDT,0.05927194366696505,
1779063300000,LONG,0.680927835051565,-2.494166604802829,6.3879460745440015,False,ALICE/USDT,-0.0428864022699537,30.0
1779063300000,LONG,1.828447276940896,-1.6592985607150224,4.551402085747399,False,EDU/USDT,-0.017580417026898602,23.799999999999997
1779136200000,SHORT,4.219574319609195,-2.615454237703632,4.5695743196091945,False,ALICE/USDT,-0.07292691694917781,0.0
1779204600000,SHORT,-4.913121167265786,-0.3665607345459566,4.563121167265787,False,ENJ/USDT,0.0035068195730729376,19.6
1779571800000,SHORT,2.0153088042049885,0.4121645578837409,4.319908015768704,True,DYDX/USDT,0.031214291316726435,37.0
1779660900000,LONG,-0.318125181106938,0.4866879816861185,4.000831643002029,True,BCH/USDT,0.06302225962694914,1.4000000000000001
1779702300000,SHORT,0.3063245823388961,-0.6529019660733151,4.309606205250599,False,API3/USDT,-0.07960850975753499,56.599999999999994
1779798600000,SHORT,2.4242749054224384,0.0175402706644388,4.600378310214361,True,ARKM/USDT,0.023624109658495596,40.6
1779799500000,SHORT,2.110317460317465,0.7056476131189248,4.200555555555543,True,FET/USDT,-0.024876478386482822,93.4
1780016400000,SHORT,-3.398780487804881,0.2391358057072727,4.493728222996507,True,ALGO/USDT,0.02938189367319921,17.4
1780022700000,SHORT,-0.8916666666666648,0.4642642382533249,4.144833333333323,True,FET/USDT,-0.01885456865772032,76.4
1780107300000,SHORT,3.7560267857142926,0.436502714360047,4.106026785714293,True,ALGO/USDT,0.036680442433044615,70.0
1780110000000,SHORT,0.0499999999999915,-0.2791186390354795,5.114399999999986,True,AXS/USDT,0.10546212751977907,81.6
1780134300000,SHORT,0.0741781548250215,-0.8221402704904414,4.27087310003534,False,CTSI/USDT,0.035492795812036376,
1780169400000,SHORT,-2.0583333333333305,-0.2772094608605906,4.14483333333332,True,AR/USDT,0.06633884346091388,63.800000000000004
1780275600000,SHORT,4.340490566037732,-0.7184786638851034,4.690490566037732,False,ALICE/USDT,-0.0808912615102265,22.8
1780278300000,SHORT,-6.927667140825024,-0.4130094421372195,6.5776671408250245,True,APE/USDT,0.07837119968182786,88.6
1780416000000,LONG,-2.993256801080455,0.802830292409752,5.108990931892735,True,1000BONK/USDT,0.032606394699615564,56.599999999999994
1780501500000,SHORT,-2.148279906176711,-0.1782999417014993,4.96602814698984,True,AR/USDT,0.023311526586203418,64.2
1780539300000,LONG,-6.111896974652498,-0.0738708019801007,5.761896974652498,True,FET/USDT,0.014652838767402155,80.4
1780539300000,LONG,-1.864269073966219,-0.8116385624816815,7.384100174723359,False,CHR/USDT,0.0007860230686463685,23.799999999999997
1780539300000,LONG,-1.7576070679844418,-0.4521886901650556,4.30113806528902,False,ENJ/USDT,-0.027185126379223327,98.8
1780539300000,LONG,-1.7394455577822323,0.5750627653208881,4.149472277889124,True,ETC/USDT,-0.07713512990067754,46.2
1780539300000,LONG,-1.7226487036095617,0.7644387161969455,5.267259786476868,True,CRV/USDT,-0.07718601276316225,33.0
1780539300000,LONG,-1.6256516916250645,0.0158883321820468,4.004880754298394,True,ATOM/USDT,-0.03907254165192548,62.6
1780539300000,LONG,-1.5621212121212151,0.673760276033791,4.529696969696966,False,BIGTIME/USDT,-0.0150277626379471,14.399999999999999
1780539300000,LONG,-1.366673444489631,-0.915775827845342,4.7193981293208696,False,CTSI/USDT,-0.06170347271835305,
1780539300000,LONG,-1.2012213175425497,0.0810371296997964,4.432642487046637,False,API3/USDT,-0.04007040684562903,46.800000000000004
1780539300000,LONG,-1.105700325732888,0.262947256854368,5.366188925081417,True,APT/USDT,-0.04141019089833821,35.0
1780539300000,LONG,-1.0243737957610848,0.3458508256852906,4.526204238921001,True,ALGO/USDT,-0.08929540660364998,1.7999999999999998
1780539300000,LONG,-0.9957046603031916,0.0791627313663352,4.708408197641754,True,AAVE/USDT,-0.12245272052379495,65.60000000000001
1780539300000,LONG,-0.9811992786293888,-0.142675256028254,5.154643823264202,False,ALICE/USDT,-0.12020587617474757,23.200000000000003
1780539300000,LONG,-0.9757822277847236,0.4365089094186454,5.104067584480587,True,1000BONK/USDT,-0.03194317827561517,47.0
1780539300000,LONG,-0.9406238464377984,0.532267963156301,5.599667774086374,True,GALA/USDT,-0.035820590134016596,18.0
1780539300000,LONG,-0.9092841163310812,0.5486953709658897,5.095413870246084,True,ARB/USDT,-0.06603505780992437,12.4
1780539300000,LONG,-0.8266949152542393,0.7168803748273425,4.524576271186442,False,ACH/USDT,-0.04238771543701748,71.39999999999999
1780539300000,LONG,-0.8227387330601897,1.0583310937431132,4.353356445004727,False,ASTR/USDT,-0.01901926402293736,63.0
1780539300000,LONG,-0.7097122302158305,0.1696571340253181,4.040030832476878,True,ADA/USDT,-0.10796691972691223,51.2
1780539300000,LONG,-0.5400237529691134,-0.2093903572515026,5.699429928741091,False,BICO/USDT,-0.04446090681073498,
1780539300000,LONG,-0.5293262456769595,0.6177182739387519,4.1567183297041215,True,AVAX/USDT,-0.10826019229471656,41.6
1780539300000,LONG,-0.4083544057576369,0.5604160756128844,4.7410231472476205,True,ENS/USDT,-0.059141901603333255,41.8
1780539300000,LONG,0.0561765693185677,0.2871412313697803,4.871675058744537,True,1000PEPE/USDT,-0.07584602187044202,23.0
1780539300000,LONG,3.749191685912249,-0.0894462254295108,4.099191685912249,False,COMP/USDT,-0.1046655490199309,51.4
1780539300000,LONG,4.148380379453961,0.3449077017954253,4.498380379453961,False,AGLD/USDT,-0.025165581310421684,12.0
1780540200000,LONG,-5.009498207885308,0.2603915385212949,7.161075268817217,True,ARKM/USDT,-0.09708025978241544,60.6
1780540200000,LONG,-4.63194349398769,-0.1787965960294635,6.976556848176767,False,DUSK/USDT,0.05084050802209203,35.0
1780540200000,LONG,-4.579195088676663,0.3059274249144882,5.849467939972718,False,DASH/USDT,-0.0499624635706737,69.8
1780540200000,LONG,-3.696080305927356,0.0204109951640204,5.732982791587008,True,AXS/USDT,0.010029126383022462,60.6
1780540200000,LONG,-3.1936018957346,0.2473391369125424,4.473854660347542,False,GAS/USDT,-0.05937749035053842,39.800000000000004
1780540200000,LONG,-2.9791079812206456,0.2860622651458675,4.731111111111106,False,EGLD/USDT,-0.03846201042201083,44.0
1780540200000,LONG,-2.9435374149659843,0.4069425139436726,6.870365646258486,True,AR/USDT,-0.009469012787721508,66.0
1780540200000,LONG,-2.737332521315463,0.6987114425238076,5.958976857490859,False,CYBER/USDT,-0.03430593258814509,46.400000000000006
1780540200000,LONG,-2.2547619047619185,-0.0288600328658188,5.339780219780228,True,APE/USDT,0.0029250799749249803,85.2
1780540200000,LONG,-2.2058172733761534,-0.1703418983593745,5.637259100642406,False,ARK/USDT,-0.11322732574877069,19.6
1780540200000,LONG,-2.0919485517520755,0.3388200980410998,6.5400850719060095,True,CFX/USDT,-0.1467399490221448,54.0
1780540200000,LONG,-2.0513232514177706,0.6528787020309602,5.200189035916825,True,DOT/USDT,-0.06537669186316317,54.800000000000004
1780540200000,LONG,-1.857808292945606,0.389451129371263,5.454119547657508,False,BLUR/USDT,-0.05311635800716124,73.4
1780540200000,LONG,-1.85733835779452,0.3465567624725627,4.254779849266157,True,1000SHIB/USDT,-0.12990686552532654,
1780540200000,LONG,-1.8205882352941245,0.8995675174894828,5.63155080213904,False,CELO/USDT,-0.029076959205731882,38.2
1780540200000,LONG,-1.7692139737991257,0.0418098585273434,4.544868995633183,False,ARPA/USDT,-0.06702413408165668,41.0
1780540200000,LONG,-1.6546629620681377,0.4816394571704946,4.732181686397678,False,ANKR/USDT,-0.06982392030345233,65.8
1780540200000,LONG,-1.5673330355148467,0.1843818648682809,4.5423162832253725,True,DOGE/USDT,-0.14769448268216134,50.0
1780540200000,LONG,-1.557547169811322,-0.2503574210448451,4.062264150943394,False,BSV/USDT,-0.0015945293699252494,31.2
1780540200000,LONG,-1.53577075098814,0.457910733549163,4.109354413702236,False,1INCH/USDT,-0.08965003653940352,33.0
1780540200000,LONG,-1.3446714031971667,0.2799602692688194,5.116767317939608,False,FLOW/USDT,-0.07294333568310474,17.0
1780540200000,LONG,-0.658008213552356,0.0183664898546037,5.725154004106782,False,BAT/USDT,-0.04772892490856442,59.0
1780540200000,LONG,-0.262126537785577,0.3999726596650113,5.206151142354989,False,CKB/USDT,-0.050358417174171666,28.4
1780540200000,LONG,0.6634030728996375,0.0937805936060601,4.0725645635828736,True,CAKE/USDT,-0.0014113225405563343,52.0
1780542000000,LONG,-4.926072234762982,0.613189568957732,4.576072234762982,True,FIL/USDT,0.004398611258404991,21.2
1780542000000,LONG,-3.2911764705882245,-0.4817566899000441,4.30754901960783,False,ACE/USDT,-0.10583773168439747,22.6
1780632000000,LONG,-0.5934570906877732,-0.7417923652594568,4.122945830797323,True,ADA/USDT,-0.07941886088667807,59.4
1780641900000,LONG,-3.58250296559904,0.6595947516364952,5.326393831553966,True,AAVE/USDT,-0.1316363347484546,17.2
1780641900000,LONG,1.030846325167028,0.0950583937287152,4.074832962138085,True,CFX/USDT,-0.10515448986999457,61.4
1780643700000,LONG,-1.347506234413966,0.3584979946103941,4.40236907730673,True,FIL/USDT,-0.011648531543078785,28.000000000000004
1780644600000,LONG,-4.5667857142857216,0.1158570050463491,4.216785714285722,True,ARB/USDT,-0.09119492368514033,12.2
1780644600000,LONG,-1.2892611145898611,-0.8193845372409345,4.170632435817166,False,CHR/USDT,-0.04844730463070903,23.799999999999997
1780644600000,LONG,-1.1284120394395296,-0.0993446713746592,4.335599377270357,False,BICO/USDT,-0.0790511724613807,
1780644600000,LONG,-0.5516129032258066,0.6011306230118124,4.119153225806458,True,DOT/USDT,-0.09780613092765557,43.2
1780644600000,LONG,-0.1916719442685221,0.2481902832787245,4.846168461051297,False,DASH/USDT,-0.08737238485468701,4.8
1780644600000,LONG,1.7287746170678324,0.9190386866843608,5.1541028446389525,True,CRV/USDT,-0.10212347729848831,1.4000000000000001
1780644600000,LONG,1.9639462163852328,0.398360898862265,4.103439649781121,False,EDU/USDT,0.05935868914027178,14.2
1780645500000,LONG,-3.6796337402885713,-0.4882452445064836,4.172918978912328,False,ACE/USDT,-0.10294682383658454,22.6
1780677900000,LONG,-4.454489337822671,0.736887760421983,4.104489337822671,False,BIGTIME/USDT,-0.044831881735517186,14.399999999999999
1780688700000,LONG,3.676392067124332,0.2225432934134714,4.026392067124332,True,APT/USDT,-0.08992607388674063,36.199999999999996
1780722900000,LONG,-1.013227708179797,0.1834454363083952,4.6347826086956525,True,DYDX/USDT,-0.0810185283681217,40.0
1780722900000,LONG,0.4637432188065081,-0.1468667358790355,4.807233273056067,True,ARKM/USDT,-0.04893414390634369,18.6
1780722900000,LONG,0.8512480499220031,0.2205405038727673,4.421762870514815,True,APT/USDT,-0.059217474372879365,52.400000000000006
1780722900000,LONG,0.9182010333489872,0.0095614667872395,4.420995772663212,True,CFX/USDT,-0.06908858561272091,65.0
1780722900000,LONG,3.669253910950653,0.657512854691082,4.019253910950653,False,BIGTIME/USDT,-0.026070301284634678,14.399999999999999
1780722900000,LONG,3.684506242905788,1.0496473996516669,4.034506242905788,True,CRV/USDT,-0.022105558597778022,5.0
1780722900000,LONG,4.077707006369429,-0.1747195157504586,4.427707006369428,False,COTI/USDT,-0.03545123600342797,12.6
1780722900000,LONG,4.079585798816568,-0.4016930404701069,4.429585798816568,True,APE/USDT,0.0333034201341266,71.39999999999999
1780722900000,LONG,4.643437945791716,0.0596636479932381,4.993437945791715,True,FIL/USDT,-0.02045370390739947,2.6
1780723800000,LONG,0.8695121951219423,0.1944193335092722,4.378992918961455,False,FLOW/USDT,-0.04724308074872351,15.0
1780723800000,LONG,1.2380654475457191,0.4123738222952151,4.210274302213657,True,1000BONK/USDT,-0.05799852617944438,37.2
1780723800000,LONG,2.7555900621117893,0.4953795376994941,4.428364389233953,False,ALICE/USDT,-0.08970079177870474,12.6
1780723800000,LONG,3.7147135416666734,0.0675753607486601,4.0647135416666735,True,ARB/USDT,-0.04369651029520971,9.0
1780723800000,LONG,3.794697633654693,0.4034893085704447,4.144697633654693,False,CYBER/USDT,-0.03496185797315269,45.2
1780723800000,LONG,3.85130434782608,0.537616343863744,4.20130434782609,False,BLUR/USDT,-0.033364041323037316,18.6
1780830000000,SHORT,4.356721742395775,0.2160455690619136,4.706721742395774,False,CTSI/USDT,-0.09495399704073032,
1780834500000,SHORT,-5.185352151274305,0.2689449064571799,4.835352151274305,False,DASH/USDT,-0.029984424682391812,7.6
1780910100000,LONG,0.8819538017324361,-0.8955798390551835,4.517338787295481,True,BCH/USDT,0.0839994092087027,17.2
1780938000000,SHORT,0.1378048780487832,0.1445490736845023,4.132601626016267,True,ARKM/USDT,-0.029707609464273442,27.800000000000004
1781273700000,SHORT,3.17526439482961,0.526947484647365,7.430611045828431,False,ENJ/USDT,0.034344821058431646,95.39999999999999
1781277300000,SHORT,0.6237510584250533,0.0647518491895486,5.098433530906014,False,CTSI/USDT,-0.05632704037576669,
1781279100000,SHORT,0.4510986495765692,0.148125772797956,4.225680933852138,True,DOGE/USDT,0.07047396773184364,50.4
1781541900000,SHORT,2.894516947616463,1.238209935710776,5.572249410911722,True,ENS/USDT,-0.041872519466805334,33.0
1781770500000,SHORT,4.384661572052397,1.000699626702046,4.734661572052397,False,ENJ/USDT,-0.004878174594076287,27.200000000000003
1781854200000,SHORT,-5.617151294865963,-0.1334606406572335,5.267151294865964,False,BICO/USDT,-0.0839290955110473,
1781894700000,SHORT,-10.77445556209533,0.5556967177896077,10.42445556209533,False,BICO/USDT,0.21735723280613398,
1781911800000,SHORT,0.6098603839441448,0.7010586561933319,8.877137870855142,False,ALICE/USDT,0.01718067790047673,11.0
1781916300000,SHORT,-0.1864231188658607,0.2839570727594874,4.456379498364228,False,DASH/USDT,-0.08105225693554592,78.2
1781928000000,SHORT,-5.61088129496402,0.0078245216044388,5.260881294964021,True,AXS/USDT,0.08331129934605148,74.4
1781956800000,SHORT,6.464846538187001,0.6087564145057599,6.814846538187001,False,ALICE/USDT,0.1589788864585469,1.6
1781958600000,SHORT,-4.256441342150377,-0.010861180692848,5.495554739162363,False,ACE/USDT,-0.1104956853282886,16.8
1781985600000,SHORT,-1.6756006628003348,3.1286151376658924,7.114084507042233,False,BICO/USDT,0.08796675424871128,
1781987400000,SHORT,-8.623915900131399,0.7967443573350373,8.2739159001314,False,ALICE/USDT,0.16228333156687108,0.8
1782006300000,SHORT,-6.64368992895945,0.2104199948604821,6.29368992895945,False,ACE/USDT,-0.07489783147338175,0.8
1782009000000,SHORT,5.031160949868055,1.6025582746397746,5.381160949868055,False,ALICE/USDT,0.14448680464788405,0.2
1782027000000,SHORT,-5.343357329842903,0.0099756287244276,4.993357329842903,False,EDU/USDT,-0.039115037962189445,22.0
1782144000000,SHORT,4.23515283842795,0.3113828286846795,5.9938864628820845,False,ARPA/USDT,-0.15115837693689202,43.4
1782243900000,SHORT,-4.456389879987024,-0.2782036821911353,4.106389879987025,False,EDU/USDT,-0.05669474316605768,22.0
1782281700000,SHORT,-7.959616829451547,0.6462456174986515,7.609616829451547,False,ALICE/USDT,0.09817833159970654,6.800000000000001
1782324900000,LONG,-2.454340201665942,0.1505902894687537,4.496054362121877,False,BICO/USDT,-0.00518686400647793,
1782396900000,LONG,0.5042141230068384,-1.2421371830822014,4.217596810933936,True,CHZ/USDT,-0.02408317155862442,36.199999999999996
1782396900000,LONG,0.8127906976744078,0.6885943996814294,4.462949260042301,True,CRV/USDT,-0.025139398545400368,26.400000000000002
1782397800000,LONG,-2.206946354883089,-0.2494274263318914,5.682702888583227,False,EDU/USDT,-0.03681581541974395,22.400000000000002
1782397800000,LONG,-1.822794217919012,0.0634051571959253,4.283649256784394,True,ARB/USDT,0.021473467026727044,31.2
1782397800000,LONG,-1.312695547533087,-0.553118397953795,4.319193742478928,True,FET/USDT,0.0028436741680412806,93.4
1782397800000,LONG,-1.226494023904375,0.5850250207835433,4.311832669322704,False,EGLD/USDT,0.01516437416872622,2.0
1782397800000,LONG,-1.137037037037037,0.0637197760409309,4.592638888888896,False,CTSI/USDT,0.027772591034834183,
1782397800000,LONG,-1.136275911365266,0.2831503767116949,4.219585418155826,False,BLUR/USDT,-0.05297658327277386,55.2
1782397800000,LONG,-0.5683406113537119,-0.0573536787400883,4.17480349344979,False,API3/USDT,-0.04793095243609283,42.4
1782397800000,LONG,-0.2478549540347292,0.1862582908561763,4.068028600612873,False,GAS/USDT,-0.04076079819215725,26.0
1782397800000,LONG,-0.1295414462081218,0.9441099838093652,4.256349206349212,True,GALA/USDT,0.029522784446066496,56.39999999999999
1782397800000,LONG,0.2047850208044388,-0.2719363244991064,5.278085991678218,True,FIL/USDT,0.011327366578447991,74.2
1782397800000,LONG,0.3040447504302899,0.5283422145146507,4.143855421686746,False,ENJ/USDT,-0.014988900594653149,66.2
1782397800000,LONG,0.3319288845591931,1.0786122207017526,4.112201656113005,True,ENS/USDT,0.023146653252707244,87.4
1782397800000,LONG,0.6086342744583171,0.1227297586204486,4.816940249507542,False,DUSK/USDT,-0.01155723691911101,24.0
1782397800000,LONG,1.1098540145985485,0.3804278094993857,4.059975669099742,False,BAT/USDT,0.0014915138556709394,31.6
1782398700000,LONG,-0.7596346059315093,0.0899629106831179,4.220694740291656,False,CELO/USDT,-0.009999464507678553,48.4
1782465300000,SHORT,0.1157351962741041,0.4413887945768558,4.17052561543578,True,APE/USDT,-0.05575360925981854,56.8
1782470700000,SHORT,-6.739904901243594,0.5613129346827177,6.389904901243594,False,AGLD/USDT,0.16941674044096053,5.0
1782492300000,SHORT,-9.772569778633295,1.351849093819891,9.422569778633296,False,AGLD/USDT,0.10858642324415514,0.8
1782545400000,SHORT,-3.349999999999996,0.4715868195927701,11.165833333333335,False,BSV/USDT,-0.0034306363913424293,16.6
1782623700000,SHORT,-4.439334670678695,-0.2203705672426401,4.089334670678695,False,EDU/USDT,-0.04632348542938889,20.4
1782650700000,SHORT,-2.5096244131455525,0.1778842951933958,11.695586854460087,False,GAS/USDT,-0.04534503092416489,6.2
1782726300000,SHORT,-4.941759112519779,0.3517466088308019,4.591759112519779,False,ALICE/USDT,-0.10888511606188855,24.0
1782788400000,SHORT,5.522193436960263,0.0967156585768884,10.087478411053526,False,GAS/USDT,-0.0609399874847503,0.8
1782878400000,SHORT,-4.581878698224843,0.2193382199875804,4.231878698224843,False,BSV/USDT,-0.14605859930713733,28.4
1782882900000,SHORT,5.844900605012959,0.1252958071124116,6.194900605012959,True,DYDX/USDT,0.10832981923637643,32.4
1782897300000,SHORT,-5.522936338714566,0.3511347091556888,5.172936338714567,False,CELO/USDT,-0.09732495029054902,2.4
1782925200000,SHORT,-4.585047951176984,-0.1799816403725856,4.235047951176984,False,CTSI/USDT,-0.00030600688247261955,
1783017900000,SHORT,4.845744680851059,-0.0036365755140614,5.195744680851059,False,BICO/USDT,0.07449810006518146,
1783070100000,SHORT,-10.634200913242006,0.7563238882890437,10.284200913242008,False,ARPA/USDT,0.5290059043663912,44.0
1783175400000,SHORT,1.4759281801582569,-0.0826385874811339,5.855264759586128,False,BICO/USDT,0.014487413131762503,
1783287000000,SHORT,-6.533118741058624,0.3264101613298946,6.183118741058625,False,ALICE/USDT,0.0945039238281612,30.0
1783297800000,SHORT,0.6645846544070938,-0.2577394666222583,4.084305643627145,False,EDU/USDT,-0.03237581411300659,23.799999999999997
1783358100000,SHORT,-7.906590683845369,0.0846699897458315,7.55659068384537,False,BLUR/USDT,0.2150295194946736,72.39999999999999
1783426500000,SHORT,3.751049868766408,0.4471537239920709,4.347539370078743,False,ENJ/USDT,0.0018759246449225862,80.4
1783428300000,SHORT,-8.639089692101724,-0.00707744039845,8.289089692101724,False,AGLD/USDT,-0.17152472115729323,5.0
1783472400000,SHORT,4.466529379461818,0.023137219302872,4.816529379461818,False,AGLD/USDT,-0.13102713045549508,5.0
1783494900000,SHORT,-0.771052631578941,0.388537593510475,7.298375939849599,False,AUCTION/USDT,-0.28708640601175595,24.2
1783541700000,SHORT,-0.91753688989784,-0.6031414850041594,5.65085130533484,False,ARPA/USDT,-0.02919989571217941,44.0
1783704600000,SHORT,-2.042637390577892,0.0167873009815524,4.966895499618601,True,1000PEPE/USDT,0.017475997378204124,11.799999999999999
1783774800000,SHORT,-0.4331600831600942,-0.400285247446478,4.2202494802494686,False,CTSI/USDT,-0.06050336242524556,
1783775700000,SHORT,2.3644686299615927,-0.0903386398660787,6.695569782330326,False,ANKR/USDT,-0.09637427734598386,51.2
1783779300000,SHORT,-4.5126444159178405,0.2803926979332825,4.162644415917841,False,CHR/USDT,0.06102433601757316,28.4
1783872900000,SHORT,-1.8893073117097288,-0.1478164822407279,6.916822429906527,False,AGLD/USDT,-0.14870962590913037,5.0
1783916100000,LONG,0.5032423208191134,-0.2418872728502726,4.638481228668934,False,ALICE/USDT,-0.18609210295834216,30.0
1784317500000,SHORT,1.2862786348761044,-0.1074570882996246,4.145067788686287,True,GALA/USDT,-0.11192779105117691,57.4
1784371500000,SHORT,-2.1509478672985907,-0.6545188318297234,4.292985781990518,False,GAS/USDT,-0.20680025778594446,1.6
1784414700000,LONG,-4.819667288557221,-0.5921377713400132,4.469667288557221,False,ACE/USDT,-0.32234845616964014,13.0
1784486700000,SHORT,-4.532957357007712,-0.3968680883366492,4.182957357007712,False,ACE/USDT,-0.2730086572238811,13.0
1784514600000,SHORT,-11.009280875455952,0.4655910182680987,10.659280875455952,False,ACE/USDT,-0.008424813799852104,13.0
1784538000000,SHORT,-5.877695452222778,1.4547890820030718,5.527695452222779,False,ACE/USDT,0.12589434323221319,13.0
1784548800000,SHORT,-2.022809753331444,-1.413747828690617,4.73629146583497,False,ANKR/USDT,-0.15193885380422711,51.2
1784709900000,SHORT,-0.0276792908944419,-0.4623731099305472,5.2301369863013685,False,ALICE/USDT,0.013163499239204023,30.0
1784731500000,SHORT,4.058212560386462,-1.358805425485434,5.56938405797101,False,BLUR/USDT,-0.060309527715837634,72.39999999999999
1784815200000,LONG,4.28141970519783,-0.0436529576873974,4.63141970519783,False,CHR/USDT,0.17219363908047838,28.4
1784916000000,SHORT,-2.6431303669008632,-0.1261985693690624,7.092369242779063,False,ACE/USDT,0.0882071566431912,13.0
1784984400000,SHORT,-1.3479454065159966,-0.1918082896247873,4.7747872028177065,False,EDU/USDT,0.03346925881945275,23.799999999999997
1784998800000,SHORT,0.9701320132013166,-0.1295780457591691,6.03773377337733,False,CKB/USDT,-0.23053803814882523,30.599999999999998
1785004200000,SHORT,-5.356700819672129,0.207911111772911,5.00670081967213,True,1000SHIB/USDT,0.2913201236110687,
1785194100000,SHORT,-11.868405450845044,1.8823401751342173,11.518405450845044,False,COTI/USDT,0.03789856945213431,18.4
1785321000000,SHORT,-5.896206326235267,0.9233253787580148,5.546206326235267,False,COTI/USDT,-0.0076762395776369214,18.4
1785343500000,SHORT,-0.1766276080588403,1.8924825664847085,10.81749865486938,False,COTI/USDT,-0.004345091156360582,18.4
1785372300000,SHORT,-9.7451573985747,1.8609890437727363,9.3951573985747,False,COTI/USDT,-0.004879272680677889,18.4
1785395700000,SHORT,-3.2965930018416283,-0.902415526500336,4.40989871086556,False,CTSI/USDT,-0.08817418273854223,
