ts,side,net,rr,stop_pct,liquid,symbol
1706942700000,SHORT,0.010663621062761641,0.524326218788084,4.351550853570553,False,CKB/USDT
1707145200000,SHORT,-4.501332234217919,0.6783693786703934,4.15133223421792,True,ENS/USDT
1707247800000,SHORT,-3.484603564843266,0.17583230145622172,4.152950215119824,False,CHR/USDT
1707475500000,SHORT,-6.545368462368734,0.9445120982234492,6.195368462368735,False,COTI/USDT
1707495300000,SHORT,-4.553917031650257,0.9314561454873216,4.203917031650257,True,1000BONK/USDT
1707647400000,SHORT,-5.026297169811307,0.5276550540314412,4.676297169811307,False,BIGTIME/USDT
1707677100000,SHORT,5.71135770234985,0.8493184946441101,6.0613577023498495,False,COTI/USDT
1707760800000,SHORT,-4.677966714905915,0.5244115070223554,4.327966714905916,False,CKB/USDT
1707799500000,SHORT,-4.443634686346849,0.5853661380924639,4.093634686346849,False,CKB/USDT
1707826500000,SHORT,-1.8165150587480623,-0.03708945537040854,4.300419837313019,False,DUSK/USDT
1707841800000,SHORT,-4.454045512010105,-1.164053236850694,4.104045512010106,False,CTSI/USDT
1707916500000,SHORT,-4.433108924564111,0.5225897064116397,4.083108924564112,False,ACE/USDT
1707921000000,SHORT,-4.625484439224892,1.3218002670529816,4.2754844392248925,False,CKB/USDT
1707933600000,SHORT,1.1642482413258692,-0.14684419975523857,4.1747108620484035,False,CYBER/USDT
1707957000000,SHORT,0.9786093888396824,-0.17582586537909073,4.053476527900791,False,1INCH/USDT
1707959700000,SHORT,-0.5423487924770245,0.23070240358208063,4.758730497969631,False,COTI/USDT
1707960600000,SHORT,-8.041111287003323,1.489280177243914,7.691111287003323,False,CKB/USDT
1707962400000,SHORT,3.9308647450110636,0.8893580649061106,4.280864745011064,False,BIGTIME/USDT
1707972300000,SHORT,-5.030436733472927,1.012542811067231,4.680436733472927,False,AUCTION/USDT
1708001100000,SHORT,1.2231356829526558,-0.4842502085536172,7.172772651641197,False,GAS/USDT
1708013700000,SHORT,4.532927938167753,0.6316467423610557,4.882927938167753,False,CHR/USDT
1708014600000,SHORT,4.304273181061846,-0.20317067835273514,4.654273181061845,False,ARPA/USDT
1708033500000,SHORT,-4.778528153955801,0.0120661061095533,4.428528153955801,True,AR/USDT
1708074900000,SHORT,0.32692307692307077,-0.2855407535430952,4.7286307692307545,False,ARPA/USDT
1708083900000,SHORT,-1.8072175862498496,0.34761842697663675,7.008319840577911,True,ARKM/USDT
1708089300000,SHORT,3.7432170306209556,0.29434430744525986,4.093217030620956,False,EDU/USDT
1708090200000,SHORT,3.626435935198825,0.3661746270190066,7.3165684830633095,False,ALICE/USDT
1708091100000,SHORT,4.247074190177637,0.44969073855077907,4.597074190177636,False,CHR/USDT
1708095600000,SHORT,1.8387436043206322,-0.36162667939965437,4.362748720864113,False,AGLD/USDT
1708230600000,SHORT,7.288128376522271,0.1747002013661879,7.63812837652227,True,ARKM/USDT
1708239600000,SHORT,-1.5459876543209843,0.7383872161637354,4.32438271604939,False,BAT/USDT
1708313400000,SHORT,-7.114451158106742,0.702168727685815,6.764451158106742,True,ARKM/USDT
1708336800000,SHORT,6.3160084626233965,1.0449835006074346,6.666008462623396,False,CKB/USDT
1708337700000,SHORT,-4.88118948824343,0.4964236046708979,4.53118948824343,True,AR/USDT
1708337700000,SHORT,0.926503678061449,1.134560608553772,4.2495023799220935,True,FET/USDT
1708350300000,SHORT,5.180621271343328,-0.254696977677079,5.530621271343327,False,CYBER/USDT
1708362000000,SHORT,-4.728309199941491,-0.06350438569318184,4.378309199941492,True,FIL/USDT
1708383600000,SHORT,1.621230687266911,0.4721457304613381,4.414597762386776,True,FIL/USDT
1708389000000,SHORT,-0.0009240246406612695,1.3966034218306027,5.438572895277192,True,FET/USDT
1708401600000,SHORT,3.171801069618633,0.03720520260918163,7.039136831780282,False,API3/USDT
1708415100000,SHORT,3.6730104003962105,0.3538439219664918,6.027825821936047,False,ACH/USDT
1708423200000,LONG,0.7622123114194569,-0.15431018348225092,5.383261755313291,False,CYBER/USDT
1708443900000,LONG,1.0393083660525582,-0.17004654691743168,5.705058894593776,False,ARPA/USDT
1708443900000,LONG,1.7375192443180354,-0.12367953849499698,6.343449103671427,False,API3/USDT
1708443900000,LONG,2.980297905554827,0.27011191618782954,4.022375439052954,False,EDU/USDT
1708444800000,LONG,-0.3187402313222833,0.49011814872868475,5.72288215067208,False,AUCTION/USDT
1708444800000,LONG,1.7295246800731254,-0.03616414033293065,4.514922303473499,False,1INCH/USDT
1708444800000,LONG,3.466986855409505,0.6348527974186552,8.364711830131453,False,BIGTIME/USDT
1708444800000,LONG,3.5110038610038643,0.23183893484940418,4.688339768339763,False,ALICE/USDT
1708469100000,SHORT,1.1566272527891712,1.2672156427975485,5.0342900734242315,True,FET/USDT
1708556400000,SHORT,5.5353618719390285,0.737799141823051,5.885361871939028,True,FET/USDT
1708566300000,SHORT,-3.239983579638758,0.0827004666404384,4.724838533114388,True,CAKE/USDT
1708588800000,SHORT,-5.8856011730205156,-1.2997913100821854,5.535601173020516,False,CTSI/USDT
1708636500000,SHORT,3.9067588241722127,0.3860366791357431,4.256758824172213,False,EDU/USDT
1708656300000,SHORT,4.129166666666656,0.332343210763196,4.479166666666655,False,CELO/USDT
1708686900000,SHORT,3.9303931674274586,0.17464936250520324,4.280393167427459,True,1000PEPE/USDT
1708699500000,SHORT,5.413148936170215,0.5656001874086916,5.763148936170214,True,FET/USDT
1708703100000,SHORT,-2.8022808152701275,-0.558055180979944,7.386871562601084,True,CAKE/USDT
1708704000000,SHORT,-3.8431724356938672,-0.05069028018927524,7.179898380438232,True,DYDX/USDT
1708705800000,SHORT,0.9169821401312751,0.18675346830013642,7.159166539459607,False,COMP/USDT
1708738200000,SHORT,-7.0264340490797625,0.4848530392290904,6.676434049079763,False,COTI/USDT
1708785900000,SHORT,-1.3495654063450697,0.08486080997491234,6.431623931623928,True,ARKM/USDT
1708791300000,SHORT,-5.785960273442522,0.2572437949938132,5.4359602734425225,False,BLUR/USDT
1708791300000,SHORT,-0.433864475008383,0.8253245377367409,8.03867829587385,False,CKB/USDT
1708828200000,SHORT,-0.8055808656036451,0.18392271050958509,4.069817767653747,False,CELO/USDT
1708830900000,SHORT,6.22346730999069,1.6346158751454012,6.57346730999069,False,COTI/USDT
1708854300000,SHORT,-5.291055113468897,0.8432766418707314,4.941055113468897,False,CKB/USDT
1708920000000,SHORT,-4.450592066311411,0.013700763209344324,4.100592066311411,False,ALICE/USDT
1708956000000,SHORT,-6.505578869414935,2.5165622979522864,6.155578869414935,False,COTI/USDT
1708977600000,SHORT,-7.2926673977944185,0.1465836140151393,6.942667397794419,True,1000PEPE/USDT
1708999200000,SHORT,3.7826259314456068,0.6113530910156648,4.132625931445607,True,AR/USDT
1709005500000,SHORT,-0.904109086053817,0.01868547611236273,5.62000467320916,True,BCH/USDT
1709005500000,SHORT,0.5473080757726898,0.4935798716625162,4.871428571428563,True,1000BONK/USDT
1709006400000,SHORT,0.6836538461538454,0.009622863756986394,4.567572115384593,False,BSV/USDT
1709010000000,SHORT,-7.506035782002027,0.21360120964052973,7.156035782002028,True,1000PEPE/USDT
1709014500000,SHORT,5.00693422128754,0.883891783096466,5.837066246056768,False,CKB/USDT
1709048700000,SHORT,-7.357465007776031,0.4336912608921413,7.007465007776031,True,1000BONK/USDT
1709059500000,SHORT,-4.827131027764244,0.2535224530836615,4.477131027764244,False,ENJ/USDT
1709063100000,SHORT,-3.012622177283457,0.6115409330425227,11.782496348724845,True,1000PEPE/USDT
1709065800000,SHORT,-5.1342153284671515,0.3932429303872944,4.784215328467152,True,1000SHIB/USDT
1709085600000,SHORT,3.027777777777776,0.8368568685347555,7.2541333333333196,False,BIGTIME/USDT
1709100000000,SHORT,3.6720280474649214,-0.4425090778717655,4.0220280474649215,False,ACH/USDT
1709103600000,SHORT,2.0379080401371823,-0.4274629547560433,4.242950590626188,False,AGLD/USDT
1709118000000,SHORT,-7.398326502732224,0.5394019418066399,7.048326502732224,True,APT/USDT
1709119800000,SHORT,7.90090492277991,0.4447442473155056,8.25090492277991,True,1000BONK/USDT
1709133300000,SHORT,3.849568865963503,-0.49702514543302906,4.199568865963503,True,FET/USDT
1709138700000,SHORT,5.848077862844098,0.038420668325179055,6.198077862844098,True,ARKM/USDT
1709140500000,SHORT,3.6808739555440755,0.6554013716049635,4.030873955544076,True,BTC/USDT
1709140500000,SHORT,8.335766108136104,0.00623398616746119,8.685766108136104,True,1000SHIB/USDT
1709140500000,SHORT,10.995422724824966,0.7683672628401844,11.345422724824965,True,DOGE/USDT
1709144100000,SHORT,1.4394492214733998,-0.6479153896999994,7.922147339065763,False,CTSI/USDT
1709166600000,SHORT,-4.057000925859983,0.6139481286702922,8.139844028203113,True,AR/USDT
1709190000000,SHORT,5.0464866020524415,0.5572457133526764,5.396486602052441,True,1000SHIB/USDT
1709199000000,SHORT,5.347294845628003,0.6123463841210193,5.697294845628003,True,AR/USDT
1709200800000,SHORT,-7.447683508444798,-0.3182747067819723,7.097683508444798,False,ACH/USDT
1709208900000,SHORT,4.738093498904307,1.4010267237792773,5.088093498904307,False,COTI/USDT
1709247600000,LONG,2.6073934837092674,0.5271897295030472,5.8222305764411,False,BIGTIME/USDT
1709248500000,LONG,3.771833333333331,-0.6061606193799788,4.121833333333331,False,ALICE/USDT
1709276400000,SHORT,5.046748929969938,-0.49407190220283387,5.396748929969938,False,CYBER/USDT
1709279100000,SHORT,-0.12024070021881939,0.5303035930887486,4.096914660831494,False,EDU/USDT
1709280000000,SHORT,-2.4384652457963023,-0.8701584128367641,5.133993788154646,False,ARK/USDT
1709287200000,SHORT,-6.048970073843756,0.6860332249286549,5.698970073843756,True,1000PEPE/USDT
1709301600000,SHORT,1.081451612903225,0.16056528342280313,6.811411290322569,False,BICO/USDT
1709305200000,SHORT,-5.3416471173668825,0.49364484562197536,4.991647117366883,True,1000SHIB/USDT
1709305200000,SHORT,-4.458455647734518,0.36511895108784237,4.108455647734519,True,DOGE/USDT
1709307000000,SHORT,4.377918150471979,-0.28655474934731706,4.727918150471979,True,FET/USDT
1709316000000,SHORT,-8.519999999999975,0.8458645856907093,8.169999999999975,True,1000PEPE/USDT
1709333100000,SHORT,-4.879949964260181,1.449998848759781,4.529949964260181,True,DOGE/USDT
1709339400000,SHORT,7.073295559410876,0.9461245398955846,7.423295559410875,True,ARKM/USDT
1709341200000,SHORT,-11.6575348075348,1.7628599109769896,11.3075348075348,True,1000SHIB/USDT
1709341200000,SHORT,0.5888249545729836,0.8478253473351197,4.157692307692286,False,BAT/USDT
1709352000000,SHORT,-2.880468911381949,0.6966134575254743,5.303604627143156,False,BSV/USDT
1709354700000,SHORT,0.47193424526038197,-0.247941722447118,4.704823614110862,True,ETC/USDT
1709355600000,SHORT,0.6151699538397081,0.6575829057226438,6.255707091900958,False,BIGTIME/USDT
1709356500000,SHORT,-4.370881941203928,0.6555615722264552,4.020881941203928,True,FIL/USDT
1709367300000,SHORT,-4.779065822212159,0.04104022028164681,4.429065822212159,True,GALA/USDT
1709367300000,SHORT,2.2338349097162626,0.5562648470970982,8.161001719690459,True,APE/USDT
1709367300000,SHORT,6.484703835901126,2.663735752385566,6.834703835901125,True,1000SHIB/USDT
1709367300000,SHORT,7.3307126258714055,1.0593233903143477,7.680712625871405,True,1000PEPE/USDT
1709369100000,SHORT,0.8451715071112716,0.01738398788299184,4.729407194932466,False,ASTR/USDT
1709370000000,SHORT,10.94707571406981,0.39192029181797977,11.297075714069809,True,1000BONK/USDT
1709381700000,SHORT,1.0721628328720003,0.8557484113877496,5.2015557888708575,False,BSV/USDT
1709385300000,SHORT,0.23915946582875014,-0.12947089605374923,4.410225189840256,False,GAS/USDT
1709389800000,SHORT,1.396008741485438,0.4889622681046288,4.302084684093679,False,ACE/USDT
1709402400000,SHORT,-4.4475001398131955,-0.4207517654908391,4.097500139813196,True,FET/USDT
1709402400000,SHORT,2.7997180151101393,0.32090127552941594,6.7286205795764715,True,AR/USDT
1709424000000,SHORT,-8.199462365591389,0.6484242265991457,7.849462365591389,False,BSV/USDT
1709424000000,SHORT,2.686488900229645,1.5503046898669905,4.906787445776983,False,DASH/USDT
1709426700000,SHORT,1.228049473983508,0.57343841861522,4.734646005117992,False,EGLD/USDT
1709446500000,SHORT,5.748260407171073,0.6075757998944237,6.098260407171073,True,ARKM/USDT
1709451900000,LONG,1.1276105955491493,0.5622034525746564,6.578971078475532,True,AAVE/USDT
1709451900000,LONG,1.2758631512868823,0.03262427305001287,6.621217827997484,False,AGLD/USDT
1709451900000,LONG,1.3895923245468502,0.3932460461446695,7.164676980280197,True,CHZ/USDT
1709451900000,LONG,1.8380617368127474,0.008522667116821082,6.770334097811947,False,ASTR/USDT
1709451900000,LONG,2.552094185181247,-0.9367609175566955,7.994504092696928,False,ARK/USDT
1709451900000,LONG,2.765493548725486,-0.7486954199888346,11.615997062834364,False,CYBER/USDT
1709451900000,LONG,2.9088586879180314,-0.0734599263935652,9.465532944357474,False,GAS/USDT
1709451900000,LONG,2.971364452423691,0.5710564402374069,9.339228007181347,False,CELO/USDT
1709451900000,LONG,3.1039473684210557,0.4400705434281079,7.285559210526317,False,BAT/USDT
1709451900000,LONG,3.254674192909486,-0.030779935238951693,11.101326995444644,False,BICO/USDT
1709451900000,LONG,3.505610192221712,0.2695973083725015,4.9797049620026845,True,DOT/USDT
1709451900000,LONG,3.9015500442869837,0.9902052754107047,7.011426040744019,False,FLOW/USDT
1709451900000,LONG,10.074826317940344,0.8898747402218133,10.424826317940344,False,ENJ/USDT
1709453700000,LONG,4.7223911070780415,0.14031732434200242,5.072391107078041,True,1000BONK/USDT
1709454600000,LONG,4.790785920925749,2.261527829476775,5.140785920925748,True,1000SHIB/USDT
1709510400000,SHORT,-0.03733715476810423,1.5339803566954406,7.094684731631047,False,1INCH/USDT
1709514900000,LONG,6.022467371037924,0.5335465200009039,6.372467371037923,False,BIGTIME/USDT
1709518500000,SHORT,-0.6233307301835136,0.9155004628200291,4.059781335415851,True,ALGO/USDT
1709521200000,SHORT,-8.702589073634204,0.6194293743737649,8.352589073634205,True,1000BONK/USDT
1709531100000,SHORT,0.44214195183777016,0.50247012535287,5.766286438529768,True,CFX/USDT
1709542800000,SHORT,3.906583629893247,1.4886952937341045,4.256583629893247,True,DOGE/USDT
1709542800000,SHORT,6.094625359811579,0.6211400096233282,6.444625359811579,True,1000BONK/USDT
1709546400000,SHORT,-7.490809916428275,0.9341434903758457,7.1408099164282755,True,1000PEPE/USDT
1709548200000,SHORT,-4.455225483178232,0.850629918934017,4.105225483178232,False,ENJ/USDT
1709550000000,SHORT,2.4898791540785554,0.4366843781035423,5.3301510574018,False,BAT/USDT
1709553600000,SHORT,4.417091316754989,0.7842023575530017,4.767091316754988,False,EDU/USDT
1709568000000,SHORT,-7.978364950316157,0.48554620211389776,7.628364950316158,False,CKB/USDT
1709571600000,SHORT,6.376780304975107,1.0330573094402435,6.726780304975106,True,1000PEPE/USDT
1709575200000,SHORT,-11.995656799549403,1.6931205951036163,11.645656799549403,True,1000SHIB/USDT
1709577900000,LONG,0.6585836909871204,0.4977993324536429,4.57896995708155,False,BIGTIME/USDT
1709593200000,SHORT,5.412347417840377,0.4969025238848321,5.762347417840377,False,CKB/USDT
1709604900000,SHORT,6.233545407901476,1.4885169263065536,6.583545407901475,True,DOGE/USDT
1709604900000,SHORT,8.750042752297912,2.777905116739222,9.100042752297911,True,1000SHIB/USDT
1709615700000,LONG,-0.8716824258232769,0.5627367729630424,5.761232474730994,True,CFX/USDT
1709646300000,SHORT,6.559125392868748,-0.5657793160787873,6.909125392868748,True,FET/USDT
1709655300000,LONG,-9.600042641551427,0.07180389881972608,9.250042641551428,True,ENS/USDT
1709655300000,LONG,-5.546112247880739,0.2851267654753927,5.196112247880739,False,BLUR/USDT
1709656200000,LONG,-11.782001587511578,0.5079243597992567,11.432001587511579,True,1000BONK/USDT
1709657100000,LONG,-6.691472850780522,0.11058289579978352,6.341472850780522,True,APE/USDT
1709660700000,LONG,-5.3184920634920605,-0.246399800051024,4.968492063492061,False,CTSI/USDT
1709660700000,LONG,-4.7949146250927965,0.1301685833376553,4.444914625092797,False,AUCTION/USDT
1709660700000,LONG,-4.6379999999999955,0.013236319162568429,4.287999999999996,True,GALA/USDT
1709660700000,LONG,-4.635659319160033,0.14828477785297717,4.285659319160033,False,ASTR/USDT
1709660700000,LONG,-4.468878248974003,0.6149495984061297,4.118878248974004,True,CFX/USDT
1709669700000,LONG,0.6013135946622126,0.48510576202608013,8.529511572143463,True,BNB/USDT
1709669700000,LONG,1.3594959744126984,-0.7697834811620295,11.823723392522334,False,CYBER/USDT
1709670600000,LONG,1.2790874749144128,0.5344078178269318,10.504214378467713,True,FIL/USDT
1709670600000,LONG,2.776614987080087,0.7717150799056729,11.712687338501285,False,COMP/USDT
1709670600000,LONG,3.8527816972384623,0.8567048735782907,11.102005644023386,True,AAVE/USDT
1709671500000,LONG,4.321041246034042,0.9478597638756996,4.671041246034042,True,DYDX/USDT
1709671500000,LONG,4.494945875895729,0.8044922729502461,4.8449458758957284,True,ADA/USDT
1709671500000,LONG,5.060541564519717,0.09650748468503831,5.410541564519717,True,1000PEPE/USDT
1709671500000,LONG,5.061658045813683,-0.09145914315946783,5.411658045813683,False,CKB/USDT
1709672400000,LONG,-4.017262969588564,0.6384594192929449,6.631574239713794,False,FLOW/USDT
1709672400000,LONG,-2.946875634002836,0.021121634270311943,5.822032866707236,False,ENJ/USDT
1709672400000,LONG,-2.8804493910121765,-0.13126310903019886,4.780428391432166,True,AXS/USDT
1709672400000,LONG,-2.4449432404540774,-0.7136843522903052,5.290144478844179,False,BSV/USDT
1709672400000,LONG,-2.257193272263099,0.0347017121148164,6.0343595134404575,False,GAS/USDT
1709672400000,LONG,-2.21630885581849,0.2550537597849362,5.444315686752862,False,EDU/USDT
1709672400000,LONG,-2.037523701175582,1.596890271929562,5.044918467956009,False,1INCH/USDT
1709672400000,LONG,-2.0191957511380894,0.9935855913472065,5.141274658573604,True,CRV/USDT
1709672400000,LONG,-1.920593149540526,-0.06686711469219717,5.014302422723468,False,EGLD/USDT
1709672400000,LONG,-1.6325377551794773,-0.3690103503701707,5.558518630947868,True,CHZ/USDT
1709672400000,LONG,-1.5568019747668616,1.853969950861233e-05,5.167416346681291,True,DOT/USDT
1709672400000,LONG,-1.4283200908058968,-0.8073799322718197,6.128093076049942,False,ALICE/USDT
1709672400000,LONG,-1.326909413854355,0.8877882856252877,5.701154529307289,True,ALGO/USDT
1709672400000,LONG,-1.0991416085735195,0.4288764931709804,5.237800436999279,True,AVAX/USDT
1709672400000,LONG,-0.9736686086800315,-0.6552182908341355,5.394646202807777,True,BCH/USDT
1709672400000,LONG,-0.9199322242760462,-0.03175419472694707,4.799707332101051,False,ARPA/USDT
1709672400000,LONG,-0.9025423728813627,-0.38160119998073555,4.423186440677982,True,CAKE/USDT
1709672400000,LONG,-0.7674064729153132,-0.24843171317772833,4.908753076036516,False,API3/USDT
1709672400000,LONG,-0.6632118451025041,0.6228660858498968,5.154413439635547,False,DASH/USDT
1709672400000,LONG,-0.6464113059740824,-0.2948461765293342,4.922809555735917,False,DUSK/USDT
1709672400000,LONG,-0.6243271221532019,-0.4391763018486577,5.563664596273285,True,ARB/USDT
1709672400000,LONG,-0.5209986320109441,0.270823842286841,5.721443228454157,False,BAT/USDT
1709672400000,LONG,-0.35,0.54020708270289,5.471161825726137,False,CELO/USDT
1709672400000,LONG,0.11051848028902111,-0.8766057327887667,5.560284251061979,False,ACH/USDT
1709672400000,LONG,0.3327115371353714,-0.6679860932848463,5.463416316116121,False,AGLD/USDT
1709672400000,LONG,0.6350746268656625,0.04285195385582793,5.418925373134324,False,CHR/USDT
1709672400000,LONG,0.7795606009262407,1.3065937661571485,7.462453405625208,False,COTI/USDT
1709672400000,LONG,0.9357427532569546,-0.4025280398313219,4.23174906645027,True,ETH/USDT
1709672400000,LONG,4.017237370534782,0.070243384885696,4.367237370534782,False,BICO/USDT
1709672400000,LONG,4.963902960024432,-0.6868491636589122,5.3139029600244205,True,ETC/USDT
1709672400000,LONG,5.144657246936747,0.2229502120131027,5.494657246936747,False,ARK/USDT
1709672400000,LONG,10.990720607707857,0.3576447970298425,11.340720607707857,True,DOGE/USDT
1709705700000,SHORT,-4.869063245823373,0.09212998636443903,4.519063245823373,False,CKB/USDT
1709723700000,SHORT,-4.7127848101265535,1.249716469170627,4.362784810126554,True,CRV/USDT
1709730000000,SHORT,-4.636404000344847,1.0115954879791014,4.286404000344847,True,AAVE/USDT
1709753400000,SHORT,2.8010607665770344,0.258820881441342,7.620949121234332,True,AR/USDT
1709772300000,SHORT,2.437408126473444,0.630587161244308,8.075301622521138,True,ARKM/USDT
1709773200000,SHORT,-8.64144513137556,-0.18562846222891224,8.29144513137556,True,FET/USDT
1709783100000,SHORT,-3.904724041159966,0.08543059094125384,5.441665107577153,False,BICO/USDT
1709790300000,SHORT,-5.602525481313687,0.6394858033522254,5.252525481313687,False,ANKR/USDT
1709797500000,SHORT,-0.5161129568106313,0.8796370248447605,5.54825581395348,False,CELO/USDT
1709828100000,SHORT,-0.7570950857807538,0.5322620406119847,4.29566734515847,True,CFX/USDT
1709838000000,SHORT,-6.286371300657011,-0.7085115262690651,5.936371300657012,False,ACH/USDT
1709856000000,SHORT,2.1156989461125515,0.6114633562286023,4.767528335653199,False,BIGTIME/USDT
1709858700000,SHORT,-5.37668118466898,-0.5169865593245514,5.0266811846689805,False,CYBER/USDT
1709863200000,SHORT,3.7073084352865373,0.04300239341560312,4.057308435286537,True,ENS/USDT
1709892900000,SHORT,5.213505008421213,0.26467440646609813,5.563505008421212,False,ARK/USDT
1709902800000,SHORT,-7.418968880631677,1.0740718451291047,7.068968880631678,False,COTI/USDT
1709904600000,SHORT,-5.333142811141514,-0.505320663537455,4.983142811141514,False,CYBER/USDT
1709909100000,SHORT,6.138222082163502,0.11887609617806723,6.488222082163501,True,1000PEPE/USDT
1709909100000,SHORT,6.347655900759936,1.087945337230043,6.697655900759935,True,1000SHIB/USDT
1709912700000,SHORT,-1.1390872236126208,0.057835459612119354,4.219485327793995,True,BTC/USDT
1709914500000,LONG,6.003474762253113,0.05771899850226881,6.3534747622531125,False,ENJ/USDT
1709915400000,LONG,1.09107050952136,-0.5295529216925849,4.148430262480694,False,ALICE/USDT
1709915400000,LONG,4.153882549401608,-0.016973032139015368,4.503882549401608,False,ARPA/USDT
1709916300000,LONG,0.24896004739024158,0.06261246064045678,4.03391035345225,False,ASTR/USDT
1709939700000,SHORT,-4.953572161773763,1.0073001705411018,4.603572161773763,False,COTI/USDT
1709964900000,SHORT,5.561885047453038,-0.24993576146267812,5.911885047453038,False,API3/USDT
1709970300000,SHORT,-0.7095890410958888,-0.41532671035392643,4.5249657534246674,False,BICO/USDT
1709987400000,SHORT,4.266188524590157,0.6363925992174976,4.616188524590156,False,BIGTIME/USDT
1709989200000,SHORT,0.8373990306946707,0.13255117366890826,4.099733441033917,True,AXS/USDT
1709991000000,SHORT,1.1734847651523608,0.1992940685387428,4.933813661863361,False,DUSK/USDT
1709992800000,SHORT,-4.468081642875017,0.07252549386321162,4.118081642875017,False,CHR/USDT
1710000900000,SHORT,-1.811936174006064,0.7656507630244631,5.163897307898005,True,GALA/USDT
1710032400000,SHORT,-2.1263926762758065,0.1285503824326615,5.621721854304624,True,AXS/USDT
1710032400000,SHORT,4.1424950141702475,0.4389771394185833,5.535034638396113,True,ARKM/USDT
1710041400000,SHORT,-1.7849930843706732,0.4037388036474441,4.414138139695692,False,CKB/USDT
1710051300000,LONG,-0.6260954755967276,-0.336550084710051,4.837468827930174,False,CYBER/USDT
1710057600000,SHORT,4.142828132738967,0.5001597059603098,4.492828132738967,False,EDU/USDT
1710063000000,SHORT,-5.59854806879051,1.4423511271532838,5.248548068790511,True,GALA/USDT
1710063000000,SHORT,-1.0646474593438837,-1.3046327525207668,5.740841820944227,False,AGLD/USDT
1710064800000,LONG,-4.373096717504553,0.20247015581504466,9.81758614196949,True,ARKM/USDT
1710074700000,SHORT,1.6393350215491136,0.27581007048392175,5.416474713287367,True,CAKE/USDT
1710088200000,SHORT,1.8290561573901152,1.4055927562941033,8.530320009961383,True,GALA/USDT
1710101700000,SHORT,-7.766166871629939,0.43743759788465153,7.416166871629939,False,EDU/USDT
1710144000000,SHORT,-0.42608168305915245,0.1156925142495574,6.03098619503373,True,1000PEPE/USDT
1710153900000,SHORT,-0.9423344947735314,1.3567340082835324,4.493728222996514,True,ALGO/USDT
1710166500000,SHORT,-2.8278761061946924,0.7169453545937263,6.9866666666666575,False,CELO/USDT
1710260100000,SHORT,-4.44472591753938,0.8040130734519105,4.09472591753938,True,AVAX/USDT
1710264600000,LONG,0.4911413969335672,-0.12210843634914409,4.527589970187389,True,AR/USDT
1710264600000,LONG,1.867914905786293,1.0474589582674152,5.2832576022369775,True,1000SHIB/USDT
1710264600000,LONG,2.126213710661142,0.29004010782922707,8.089442546962664,True,DOGE/USDT
1710264600000,LONG,2.141103202846974,0.7891020080639591,4.011798521762928,True,ADA/USDT
1710264600000,LONG,2.4864492650206955,-0.054920354452187896,5.7068788354502695,True,1000BONK/USDT
1710265500000,LONG,0.5818913943856446,0.27540667815121533,4.945478601012421,False,COMP/USDT
1710279000000,SHORT,9.356465364120774,0.23578901716269754,9.706465364120774,False,ARPA/USDT
1710293400000,SHORT,5.402133531726981,-0.5591771874791184,5.75213353172698,False,ACH/USDT
1710302400000,SHORT,-5.741709155397894,-0.5820964419189345,5.391709155397894,False,CHR/USDT
1710306000000,SHORT,-6.3601315098518025,0.11415612267606298,6.010131509851803,True,1000PEPE/USDT
1710313200000,SHORT,4.5735428824702735,0.2285064153918183,6.49419369136439,True,ENS/USDT
1710317700000,SHORT,2.169438553973555,-0.21713067852841464,4.019597596687863,True,AR/USDT
1710317700000,SHORT,4.0751937214385014,0.03151518598584225,4.425193721438501,True,1000BONK/USDT
1710321300000,SHORT,4.655664283761091,0.6660922366319744,5.0056642837610905,True,APE/USDT
1710333900000,SHORT,1.3048463356974063,0.46751896005394494,4.718977004083373,False,COMP/USDT
1710335700000,SHORT,-0.5381782256884072,0.409859406927403,4.039203797018408,True,CAKE/USDT
1710360000000,SHORT,-4.490578296573633,0.13189661004108322,4.140578296573634,True,1000BONK/USDT
1710375300000,SHORT,3.9533376911496707,0.27000612708343824,4.303337691149671,True,CAKE/USDT
1710386100000,SHORT,-1.8239427969819202,0.9871412187842713,4.486939814002435,True,AVAX/USDT
1710388800000,SHORT,-7.526247963782814,0.11281450233860725,7.1762479637828145,True,1000PEPE/USDT
1710410400000,SHORT,3.8443312824801246,0.4255460111679401,4.194331282480125,False,ASTR/USDT
1710425700000,LONG,-4.545432017181549,0.630287594497875,4.19543201718155,False,ARK/USDT
1710446400000,LONG,0.11466051333923799,0.8527952567611125,4.19522063471993,True,1000SHIB/USDT
1710446400000,LONG,1.8425805247259204,0.37599064981151764,4.3116196585548,True,BNB/USDT
1710446400000,LONG,4.189975698663436,0.7010373634262766,4.539975698663436,False,GAS/USDT
1710451800000,SHORT,4.03834355828219,-0.10784756923101829,4.388343558282189,True,FET/USDT
1710459000000,SHORT,-5.212663422279034,-0.5644865850903972,4.862663422279034,False,ACH/USDT
1710474300000,LONG,-5.661082923735548,0.521137851200534,5.311082923735548,False,BLUR/USDT
1710475200000,LONG,-7.099257488044306,-0.6783351834292745,6.749257488044306,False,CHR/USDT
1710494100000,LONG,2.6043419874664284,0.18538780201001223,6.235586392121753,False,AUCTION/USDT
1710495000000,LONG,-1.2012990602542797,-0.6845654473694739,5.998717523493652,False,BSV/USDT
1710495000000,LONG,-0.8891690453536425,-0.49160821951329864,6.813859816048209,False,BICO/USDT
1710495000000,LONG,0.7331450167536769,0.3670239118954204,6.274386347697342,True,APT/USDT
1710495000000,LONG,0.9663214879374603,0.10259263595293737,5.316577564131372,True,ENS/USDT
1710495000000,LONG,2.402668635021596,0.16775131000764912,5.779763797410848,True,CAKE/USDT
1710565200000,SHORT,1.6104264970411042,0.5918458995984376,4.522855131781315,False,DUSK/USDT
1710615600000,LONG,-4.46254111842105,0.3251411083248424,4.11254111842105,True,DOGE/USDT
1710615600000,LONG,-1.5276291493988827,0.2049580491346987,6.649119855566049,True,FET/USDT
1710615600000,LONG,-1.459130520895223,0.9077492230623693,5.994886116062588,True,1000SHIB/USDT
1710615600000,LONG,-0.8016938519447989,0.5939211678704747,4.127879548306164,False,BIGTIME/USDT
1710616500000,LONG,-4.835078102811695,0.46633319078524443,4.485078102811696,False,CKB/USDT
1710616500000,LONG,-1.8420634920634864,0.2382299103781604,4.224698412698425,False,CTSI/USDT
1710616500000,LONG,-1.2622574224581222,0.1335077856498376,4.020766296234868,True,GALA/USDT
1710616500000,LONG,-0.8149000464900111,0.12241281497009304,4.5178986517898725,False,AUCTION/USDT
1710616500000,LONG,-0.3858808754933581,0.02010632019109869,4.077653390742733,False,AGLD/USDT
1710746100000,SHORT,4.342700729927014,-0.10450142486154945,4.692700729927013,False,CYBER/USDT
1710813600000,LONG,4.4320039458850005,0.8402321425705639,4.782003945885,True,APT/USDT
1710819900000,LONG,-4.447817923898528,-0.13006196815507534,4.097817923898528,True,FET/USDT
1710832500000,LONG,-5.13132342909117,0.27599261410824466,4.78132342909117,True,DOGE/USDT
1710832500000,LONG,-5.085999264570699,0.6130521631535937,4.735999264570699,False,BLUR/USDT
1710833400000,LONG,-4.856693238042893,-0.6586459469164648,4.506693238042893,False,ARPA/USDT
1710833400000,LONG,-4.531862986692951,0.5022827411650606,4.181862986692951,True,CHZ/USDT
1710833400000,LONG,0.6804356475034764,0.6276892380535227,4.341945494330624,True,1000SHIB/USDT
1710833400000,LONG,0.8595120951209546,-0.7082211557749172,4.8169536695366935,False,BICO/USDT
1710833400000,LONG,1.479491401390415,0.23806235912993434,4.422246615440902,False,CTSI/USDT
1710833400000,LONG,1.538462673354977,0.7838781109782825,5.536529949837705,False,BIGTIME/USDT
1710833400000,LONG,4.404483400558485,-0.36743267279333613,4.754483400558485,False,CHR/USDT
1710833400000,LONG,5.26538511643055,0.30087316516185886,5.615385116430539,True,AR/USDT
1710834300000,LONG,-6.3555457227138605,0.11133894429604398,6.005545722713861,False,ALICE/USDT
1710834300000,LONG,-5.2442721791558995,1.4044017817421686,4.8942721791559,True,ALGO/USDT
1710834300000,LONG,-5.189340763575991,1.0210951337700218,4.839340763575992,True,FIL/USDT
1710841500000,LONG,1.914257084593201,0.5427046084217569,4.282110962660857,True,ETC/USDT
1710864000000,SHORT,2.229503405373512,-0.10380987767570656,4.877428004504748,False,CKB/USDT
1710866700000,SHORT,8.247285067873307,-0.19643431330906672,11.398601398601395,False,EDU/USDT
1710939600000,SHORT,5.249937563668607,0.7684567646670898,5.599937563668607,False,DUSK/USDT
1710940500000,SHORT,4.10600422275007,0.3007764731785996,4.45600422275007,True,AR/USDT
1710989100000,SHORT,1.0871749247193985,0.3257309724327301,5.022584177388437,False,AUCTION/USDT
1710990900000,SHORT,-5.644088790777529,0.7570935901220861,5.294088790777529,False,DUSK/USDT
1710992700000,SHORT,-2.658265078183176,-0.21249716204581845,4.332911392405054,False,CYBER/USDT
1711025100000,SHORT,-0.8906748496744952,0.1905525126671961,4.127977935695442,False,ACE/USDT
1711033200000,SHORT,1.9282874617737007,1.2466231085158268,5.207645259938831,False,COTI/USDT
1711038600000,SHORT,9.897643803828801,1.0762888055165662,10.247643803828801,False,DUSK/USDT
1711039500000,SHORT,-0.5499809541948377,1.0243922487391741,4.05372821636033,False,ARK/USDT
1711044000000,SHORT,3.6697088465845433,1.1397979993127088,4.019708846584543,True,CFX/USDT
1711068300000,SHORT,-2.267967452673544,0.25395370036300313,5.146778478910661,True,AR/USDT
1711068300000,SHORT,-0.9902226861517127,0.26737465256186277,4.911333797262809,True,ENS/USDT
1711080000000,SHORT,-8.926222565018525,0.0968562800643425,8.576222565018526,False,API3/USDT
1711090800000,SHORT,4.176506570004515,0.2619533421040088,4.526506570004515,False,CKB/USDT
1711096200000,SHORT,3.832968609481379,0.3705741118352847,4.182968609481379,False,AUCTION/USDT
1711104300000,SHORT,4.431059648316298,0.4344065006021122,7.066590047121017,False,ARPA/USDT
1711120500000,LONG,-1.899323396744463,-0.06389417619316033,4.503863502647581,False,BICO/USDT
1711152900000,SHORT,-2.1004965128631414,1.1283254941829237,4.348875340630904,True,CFX/USDT
1711160100000,SHORT,-1.3952961672473805,0.8081923065173932,4.093333640999596,True,BCH/USDT
1711161000000,SHORT,-2.292907444668014,0.6426564413467115,4.083953722334,True,DOGE/USDT
1711183500000,SHORT,-3.180343919697218,0.19192497619776355,4.855339805825237,True,GALA/USDT
1711206900000,SHORT,-0.014007867132861673,-0.05026546565597041,6.519432910839152,False,API3/USDT
1711242900000,SHORT,4.907644275009853,0.6551047562913933,5.257644275009852,False,DUSK/USDT
1711271700000,SHORT,1.1684230688862458,-0.21416724982181148,4.792087483457539,False,ACH/USDT
1711290600000,SHORT,3.8425240225314696,0.8686596907445739,4.19252402253147,True,BCH/USDT
1711296900000,SHORT,3.7950474719312735,1.1130375961255188,4.1450474719312735,True,CFX/USDT
1711299600000,SHORT,-4.783877355616475,0.14047632610935112,4.433877355616476,True,1000BONK/USDT
1711300500000,SHORT,-2.957217079161163,-0.21067888571660756,5.96591724919705,False,BICO/USDT
1711336500000,SHORT,3.9167825331305672,0.037040856611873944,4.91950901585921,False,CKB/USDT
1711341000000,SHORT,4.478964757709253,0.5466493030879849,4.828964757709253,False,CHR/USDT
1711382400000,SHORT,1.7775119672548194,0.2586251794679609,4.465733182249135,True,AR/USDT
1711385100000,SHORT,3.7790731932414965,-0.06798959000513574,4.129073193241497,False,DUSK/USDT
1711423800000,SHORT,-1.3487669543773277,0.4703975813769891,5.865351418002474,False,API3/USDT
1711424700000,SHORT,-4.829940729764756,0.5257770894233043,4.479940729764756,False,ANKR/USDT
1711439100000,SHORT,4.18270535041447,0.7071142919757604,4.53270535041447,False,CELO/USDT
1711450800000,SHORT,3.951160203432908,0.5208302001658969,4.301160203432908,False,ANKR/USDT
1711524600000,SHORT,-4.960046226967899,0.5797536549451625,4.610046226967899,True,FET/USDT
1711629900000,SHORT,-1.1311423057482917,0.45508895203408956,4.04229655837889,True,DOGE/USDT
1711641600000,SHORT,-4.273880094307846,-0.0057349803069922135,7.20850454698552,False,BICO/USDT
1711668600000,SHORT,3.9420398009950124,0.11147727937022564,4.2920398009950125,False,BICO/USDT
1711679400000,SHORT,5.533372748772049,0.04269902019757532,5.883372748772048,False,ARPA/USDT
1711726200000,SHORT,2.065117219078423,0.795117328040639,4.009559417946632,True,FIL/USDT
1711800900000,SHORT,-4.936649915850853,0.7057270538782828,4.586649915850853,True,1000PEPE/USDT
1711952100000,LONG,-2.887593984962401,0.3905845117254542,4.329229323308265,False,CHR/USDT
1711952100000,LONG,-2.6570803500397706,-0.12059096369841801,4.556616282153273,True,AR/USDT
1711952100000,LONG,-1.7682246926056937,0.8714560680664972,5.344615125484256,True,FET/USDT
1711952100000,LONG,-0.9524096385542173,1.4700800394191216,4.203915662650601,True,CRV/USDT
1711952100000,LONG,-0.4389538780235181,0.26655587041823553,8.275757021872904,True,1000PEPE/USDT
1711952100000,LONG,-0.06651311126861537,0.6844909427772684,4.769188518781012,False,BLUR/USDT
1711952100000,LONG,3.7698645945530065,-0.4356819099670566,4.119864594553007,False,BICO/USDT
1711953000000,LONG,-2.338365943944995,-0.42978803154413237,4.570597567424635,False,ARPA/USDT
1711953000000,LONG,-1.7221413721413712,0.9708179909366863,4.569896049896057,False,ENJ/USDT
1711953000000,LONG,-1.4047263681591984,0.030576196790627157,6.599452736318398,False,EDU/USDT
1711953000000,LONG,-1.166348893271969,-0.15076699918317396,4.134615384615398,False,ACH/USDT
1711953000000,LONG,-1.0740794946849457,0.005338716402678064,4.631443537205359,True,GALA/USDT
1711953000000,LONG,-1.0460821605173036,0.1475830647807846,5.1920882464815445,True,1000BONK/USDT
1711953000000,LONG,-0.6419980119284249,0.34510390450159095,4.028839463220671,True,ARB/USDT
1711953000000,LONG,-0.5289893983202532,0.9616961831377081,5.626118683739503,True,1000SHIB/USDT
1711953000000,LONG,-0.5239756434099301,1.1445348938009974,4.809796628472016,False,AGLD/USDT
1711953000000,LONG,0.17005585785139776,0.44881107032672524,5.710598545769738,True,DOGE/USDT
1712049300000,LONG,-0.7513154227746599,0.39112480818998563,4.016313193244532,True,1000PEPE/USDT
1712078100000,SHORT,-5.9363078639152285,-0.44466901989394286,5.586307863915229,False,BICO/USDT
1712106900000,LONG,4.170826220553077,1.1468705740763783,4.520826220553077,False,BIGTIME/USDT
1712108700000,LONG,3.6945027276542226,0.6473985029932838,4.044502727654223,True,APT/USDT
1712157300000,SHORT,-6.5533036769738,1.114543698177514,6.203303676973801,False,AGLD/USDT
1712217600000,SHORT,2.8744450071748093,0.3428710532652824,8.58425339748458,False,AUCTION/USDT
1712424600000,SHORT,4.387345555998398,0.7892634070065123,4.737345555998398,False,CKB/USDT
1712431800000,SHORT,-1.0836267840469453,-0.7005774542449511,4.193197278911553,False,BICO/USDT
1712510100000,SHORT,8.9304347826087,0.8609233219243877,9.2804347826087,False,CKB/USDT
1712569500000,SHORT,5.961758470954276,0.5008913774637873,6.311758470954276,False,CKB/USDT
1712583900000,SHORT,1.3680475272960892,1.0257956613680164,4.213439306358367,False,1INCH/USDT
1712606400000,SHORT,1.669128586609986,0.511081694847899,4.734091392136016,False,CKB/USDT
1712621700000,SHORT,0.36539657853811014,1.1676883106834701,5.759564541213066,False,BAT/USDT
1712753100000,LONG,4.375046959695168,-0.01206445447177607,4.725046959695168,True,ARKM/USDT
1712943900000,LONG,-9.84578165977686,0.47382242151414233,9.49578165977686,True,FET/USDT
1712943900000,LONG,-5.59939702610935,0.34351058078395624,5.24939702610935,True,1000SHIB/USDT
1712944800000,LONG,-10.661192766188025,-0.4300049329083971,10.311192766188025,False,ACH/USDT
1712944800000,LONG,-9.322121480171017,0.7196482658504803,8.972121480171017,False,COTI/USDT
1712944800000,LONG,-7.963328885429402,-0.3948716238844501,7.613328885429403,True,AR/USDT
1712944800000,LONG,-6.233686860979698,0.8151861106433596,5.883686860979698,False,GAS/USDT
1712948400000,LONG,-2.932496413199413,1.4004596654524306,10.5989956958393,False,ALICE/USDT
1712948400000,LONG,-1.5500000000000012,1.0911786362232418,9.472399999999991,False,FLOW/USDT
1712948400000,LONG,-0.8502211862388224,1.2088775211400824,4.44073740089154,True,BNB/USDT
1712948400000,LONG,-0.6258620689655113,0.25541142344186846,9.702741379310341,False,COMP/USDT
1712948400000,LONG,-0.4631846289752709,-0.07176217688571829,8.760628312720847,False,DUSK/USDT
1712948400000,LONG,-0.4423076923076992,0.40017549790214735,9.1963076923077,False,CHR/USDT
1712948400000,LONG,-0.39317789291882077,0.9167266477399058,10.158074265975818,False,1INCH/USDT
1712948400000,LONG,1.3981385561670416,1.8950060072714938,9.498607963742312,False,DASH/USDT
1712948400000,LONG,3.2920395421436037,1.1543811266506887,9.450405827263264,True,ADA/USDT
1712949300000,LONG,-7.674781557910379,0.3328470105461513,7.324781557910379,False,CYBER/USDT
1712949300000,LONG,-3.434269443031029,0.49361573345968585,9.384566910642308,False,API3/USDT
1712949300000,LONG,-3.047936871803931,0.8502145183407538,10.444048668665149,False,AGLD/USDT
1712949300000,LONG,-2.0709359910858023,1.3665586151002933,11.421666460319416,False,ARK/USDT
1712949300000,LONG,-1.7298046770002684,1.2747409094729945,11.814496908879136,False,ASTR/USDT
1712949300000,LONG,-0.8360907759883016,1.1674255029404421,10.634934114202057,True,DOGE/USDT
1712949300000,LONG,0.007995226730310612,0.8336700651395507,11.959427207637228,False,CELO/USDT
1712949300000,LONG,0.28323460320703153,1.1055406954128366,11.888050250229803,True,AAVE/USDT
1712949300000,LONG,0.29822817631806753,-0.22975725563636135,10.489736387208302,True,GALA/USDT
1712949300000,LONG,0.591021993653576,0.855572247109897,7.271036218404624,True,ATOM/USDT
1712949300000,LONG,1.669036631093166,0.7397965501047675,9.12835304297664,False,ENJ/USDT
1712949300000,LONG,3.160160992346261,0.23193044626437195,10.43050936922671,False,BSV/USDT
1712949300000,LONG,3.7097361171523757,0.1309630245521343,6.819457735247221,True,DOT/USDT
1712950200000,LONG,-4.524597156398101,1.3617115970717077,4.174597156398101,False,BIGTIME/USDT
1712950200000,LONG,-2.5175140487021666,0.29134687030387535,4.928833288734283,True,ENS/USDT
1712950200000,LONG,-2.056349206349204,0.8529199260395495,10.343966528640442,True,1000PEPE/USDT
1712950200000,LONG,-1.6611683446499703,1.399355927361826,4.8753219386560565,False,EGLD/USDT
1712950200000,LONG,-1.5244966442953016,-0.43163568177440054,4.707234124935463,True,ARKM/USDT
1712950200000,LONG,-0.3054962171784453,1.6084137516757513,5.935024477080539,True,DYDX/USDT
1712950200000,LONG,-0.2867738876155922,0.8381148360686931,4.484043309887003,True,APE/USDT
1712950200000,LONG,-0.034411099202090234,0.14423205902073863,8.094813623913304,True,1000BONK/USDT
1712950200000,LONG,3.98531053733427,-0.7123057766621854,4.33531053733427,False,BICO/USDT
1712950200000,LONG,4.137578194816804,0.713989582934451,4.487578194816804,True,ARB/USDT
1712951100000,LONG,-4.602583288356808,0.5761041369306478,4.252583288356808,False,ACE/USDT
1712951100000,LONG,-1.7016583371194884,0.5407825323936116,4.055925336968048,True,BCH/USDT
1712952000000,LONG,-6.180528301886788,-0.045536715640434565,5.830528301886789,False,ARPA/USDT
1712952000000,LONG,-4.641628753412191,1.0137407894345645,4.2916287534121915,False,CTSI/USDT
1712952000000,LONG,-4.558782017773138,1.175508255442817,4.208782017773139,True,ALGO/USDT
1712952000000,LONG,-4.439564616447819,1.172041775486716,4.089564616447819,False,BAT/USDT
1712952000000,LONG,-3.5170013903908486,-0.5700371674245059,6.445573922447077,False,EDU/USDT
1712952000000,LONG,-2.646450939457193,1.5046164937870428,5.5035490605427855,True,CRV/USDT
1712952000000,LONG,-2.053577512776833,0.39610931258215976,4.279265027987339,False,BLUR/USDT
1712973600000,LONG,-0.7608463434675485,0.8912209922551388,4.20498493563408,False,ASTR/USDT
1712974500000,LONG,3.7106960508492173,0.2170203053020199,4.060696050849217,True,APT/USDT
1712974500000,LONG,4.1372777437155035,0.4825644151785572,4.487277743715503,False,CHR/USDT
1712997900000,SHORT,-4.360179816513743,-0.40889605431475645,4.010179816513744,True,AR/USDT
1713016800000,SHORT,4.006077606358101,-0.13914746894988128,4.356077606358101,False,ARPA/USDT
1713031200000,LONG,-5.545022485061297,0.3001583038975295,5.195022485061298,False,AUCTION/USDT
1713032100000,LONG,-6.477787769784192,0.03022302929249489,6.1277877697841925,False,CYBER/USDT
1713032100000,LONG,-5.397619047619045,0.5787283645633171,5.047619047619046,False,ANKR/USDT
1713032100000,LONG,-5.035582239828333,0.6983397782930033,4.685582239828333,True,APE/USDT
1713032100000,LONG,-4.908011253574408,1.237379949791752,4.558011253574408,True,CHZ/USDT
1713032100000,LONG,-4.692906313864688,0.21518160242273865,4.342906313864688,True,APT/USDT
1713032100000,LONG,-4.539757423091424,0.5213150963409163,4.189757423091424,True,BCH/USDT
1713032100000,LONG,-4.49682524817382,0.2829392370555211,4.14682524817382,False,COMP/USDT
1713032100000,LONG,-4.444080338266378,1.136682227372622,4.094080338266378,False,FLOW/USDT
1713032100000,LONG,-4.405540280450912,0.8861678238182262,4.055540280450912,True,ARB/USDT
1713033900000,LONG,-5.394759036144581,-0.2483921133188938,5.0447590361445815,False,ACH/USDT
1713033900000,LONG,-5.224321926489226,0.49429016756846117,4.874321926489227,False,BLUR/USDT
1713033900000,LONG,-5.128611536498208,1.3692240202212653,4.778611536498208,False,BIGTIME/USDT
1713033900000,LONG,-5.008469945355193,1.699621749104239,4.658469945355193,True,DYDX/USDT
1713033900000,LONG,-4.9903688937215644,0.3915750499319272,4.640368893721565,True,CFX/USDT
1713033900000,LONG,-4.8286963065879345,0.9302600491095886,4.478696306587935,True,ATOM/USDT
1713033900000,LONG,-4.740140525838629,0.921202949099199,4.390140525838629,False,1INCH/USDT
1713033900000,LONG,-4.723763440860219,1.5977393160237523,4.37376344086022,True,CRV/USDT
1713033900000,LONG,-4.716123448450552,0.743886550151999,4.366123448450552,False,COTI/USDT
1713033900000,LONG,-4.644348633589825,0.8585406733632993,4.294348633589825,False,ACE/USDT
1713033900000,LONG,-4.6428992628992685,1.3526855051348396,4.292899262899269,False,EGLD/USDT
1713033900000,LONG,-4.6360789980732235,0.7878738305187848,4.286078998073224,False,CTSI/USDT
1713033900000,LONG,-4.61937118217749,0.1138580585456727,4.2693711821774905,True,ENS/USDT
1713033900000,LONG,-4.5263097199341065,1.8441484988280668,4.176309719934107,False,DASH/USDT
1713033900000,LONG,-4.503922364788046,0.7830800063455258,4.1539223647880466,True,FIL/USDT
1713033900000,LONG,-4.448867546768447,0.14103016152756237,4.098867546768448,True,1000BONK/USDT
1713033900000,LONG,-4.408886894075404,-0.14392411852443637,4.058886894075404,True,GALA/USDT
1713040200000,LONG,1.9521366235329491,1.3359296671636436,9.840956966596448,False,ARK/USDT
1713040200000,LONG,2.523918417799752,1.0399932024971592,10.48258652657602,True,AXS/USDT
1713040200000,LONG,3.1678236397748627,0.9355675305697946,7.571740150093817,True,ADA/USDT
1713040200000,LONG,3.267158706637783,1.1808828832236433,7.380029636384357,True,BNB/USDT
1713040200000,LONG,3.3258193091231183,1.1183598884210413,11.603454384410991,False,BAT/USDT
1713040200000,LONG,3.5845007959972754,-0.44559533335280604,11.191342582063522,True,ARKM/USDT
1713040200000,LONG,4.765146147032772,1.14084422612695,11.691762621789193,False,ASTR/USDT
1713041100000,LONG,4.883468903575665,0.18367102884335965,5.233468903575664,True,DOT/USDT
1713041100000,LONG,5.7678625651858235,0.16322697456104446,6.117862565185811,True,AVAX/USDT
1713041100000,LONG,5.884523809523818,0.9616088197859647,6.234523809523818,False,ENJ/USDT
1713041100000,LONG,6.063679245283036,1.442613428832931,6.413679245283026,False,ALICE/USDT
1713041100000,LONG,10.349154288192574,0.9631403936694658,10.699154288192574,False,AGLD/USDT
1713041100000,LONG,10.641993490642806,0.058143005048821986,10.991993490642805,False,BSV/USDT
1713041100000,LONG,10.815424210152647,0.6711658859984173,11.165424210152647,False,CHR/USDT
1713042000000,LONG,-4.773194315004668,0.4146873367432847,4.423194315004668,True,FET/USDT
1713042000000,LONG,4.057979071288417,1.1491094558772752,4.407979071288417,True,ALGO/USDT
1713042000000,LONG,7.692990021221821,0.8194479220263408,8.04299002122182,True,1000PEPE/USDT
1713042000000,LONG,8.092387927208174,-0.13363700623670033,8.442387927208161,False,ARPA/USDT
1713042000000,LONG,9.05107393638992,-0.44478216238766266,9.40107393638992,True,AR/USDT
1713043800000,LONG,6.655594619382466,0.4819590830729143,7.005594619382466,True,1000SHIB/USDT
1713044700000,LONG,0.6512782275244932,0.361732252319828,8.349914784831695,False,GAS/USDT
1713044700000,LONG,2.6018935516888435,1.00912133678153,7.459623336745145,True,ETC/USDT
1713044700000,LONG,3.5524390243902593,1.189713260683547,9.234787456445975,True,DOGE/USDT
1713044700000,LONG,4.028531073446332,0.3317071697411864,8.749152542372881,False,CELO/USDT
1713044700000,LONG,4.578536224741256,-0.08336665699573381,8.27337933300477,False,DUSK/USDT
1713044700000,LONG,4.9915812133072395,0.523116691531951,5.341581213307239,True,CAKE/USDT
1713044700000,LONG,7.116787989080991,1.0372449282749134,7.4667879890809905,True,AAVE/USDT
1713044700000,LONG,8.150523231477612,-0.8378334909057639,8.500523231477612,False,BICO/USDT
1713044700000,LONG,8.633948569058502,0.7156543753800849,8.98394856905849,False,EDU/USDT
1713044700000,LONG,8.983480698236177,0.12894153336231864,9.333480698236176,False,CKB/USDT
1713044700000,LONG,9.11289560015436,0.29067090369928,9.46289560015437,False,API3/USDT
1713167100000,SHORT,4.545744819922868,0.44634529676985263,4.895744819922868,False,ACH/USDT
1713208500000,LONG,-0.09832214765099712,1.1300200304225452,4.565687919463078,False,ALICE/USDT
1713208500000,LONG,0.18788587464920736,0.5968050333097153,4.217118802619265,False,ANKR/USDT
1713208500000,LONG,0.27305295950156105,1.1597190054513378,4.027102803738313,False,CTSI/USDT
1713208500000,LONG,0.6347522236340507,0.6680705154241879,4.575571791613731,False,CHR/USDT
1713208500000,LONG,1.3206443914081158,0.7546150760261505,4.151775059665861,True,ENS/USDT
1713208500000,LONG,1.4915741675075753,1.3054374156103592,4.022401614530772,False,1INCH/USDT
1713208500000,LONG,1.940853555065328,0.7903779948902789,4.292737145766157,True,FIL/USDT
1713208500000,LONG,2.0498435491982017,-0.05838024439664428,4.07140861596916,False,DUSK/USDT
1713208500000,LONG,2.5763746505125904,1.446471019650543,4.481267474370925,False,EDU/USDT
1713208500000,LONG,2.8553098061435183,0.9488229109989802,4.5125055647739645,True,1000PEPE/USDT
1713208500000,LONG,2.8664274032346007,0.7027230918436934,5.1119789205887844,False,ACH/USDT
1713209400000,LONG,-1.430781488152976,0.033933814722526524,5.397589025911043,False,ARPA/USDT
1713209400000,LONG,0.6619472182596265,0.4723946540872446,5.086773359486453,False,API3/USDT
1713209400000,LONG,1.394233768365757,0.3986806749491132,4.170811786916192,True,CFX/USDT
1713488400000,SHORT,4.317198838896951,-0.1726251601968841,4.667198838896951,False,GAS/USDT
1713494700000,LONG,4.064350372736967,0.09753286697958823,4.414350372736966,False,CKB/USDT
1713495600000,LONG,3.6866104423903248,0.6871648983389824,4.036610442390325,True,BTC/USDT
1713495600000,LONG,4.017239489587608,0.9462135844291308,4.367239489587607,True,ETH/USDT
1713495600000,LONG,4.100498296959756,0.7831394951539452,4.450498296959745,True,ATOM/USDT
1713495600000,LONG,4.288582928190022,1.012452155411715,4.638582928190021,True,ETC/USDT
1713495600000,LONG,4.3377960554646435,0.15861094589503838,4.687796055464643,True,BCH/USDT
1713495600000,LONG,4.38111111111113,0.9640565280481475,4.7311111111111295,True,ALGO/USDT
1713495600000,LONG,4.429613566478496,0.5026096926448121,4.779613566478496,True,1000SHIB/USDT
1713495600000,LONG,4.503605769230759,1.4610722999734091,4.853605769230759,True,CRV/USDT
1713495600000,LONG,4.589976133651541,0.754538104890108,4.93997613365154,False,FLOW/USDT
1713495600000,LONG,4.594330688507809,1.2769394554784987,4.944330688507809,False,EGLD/USDT
1713495600000,LONG,4.594350336862372,0.2608203097879691,4.944350336862372,True,CHZ/USDT
1713495600000,LONG,4.608451672010989,1.0054431828937154,4.958451672010988,True,ARB/USDT
1713495600000,LONG,4.652879631407184,0.8093365520368798,5.929059320406969,False,ACE/USDT
1713495600000,LONG,4.752632014567124,0.46724586964674497,5.102632014567123,True,APE/USDT
1713495600000,LONG,4.780885850178369,0.03586672005907291,5.130885850178369,False,ARPA/USDT
1713495600000,LONG,4.863156671315662,1.4119967401919007,5.213156671315661,True,DYDX/USDT
1713495600000,LONG,4.934771130802079,-0.26549183858332237,5.284771130802079,True,CFX/USDT
1713495600000,LONG,4.946020633750925,0.7639027001158709,5.296020633750925,False,ASTR/USDT
1713495600000,LONG,4.970927392935858,-0.6988934404102073,5.320927392935857,True,AVAX/USDT
1713495600000,LONG,4.986658031088082,0.8463717449919758,5.336658031088081,False,CELO/USDT
1713495600000,LONG,5.048160095579456,0.3042819479056961,5.398160095579455,False,ACH/USDT
1713495600000,LONG,5.070103172158916,0.5021479831973442,5.420103172158916,True,ENS/USDT
1713495600000,LONG,5.0799349655700015,1.0252705621940268,5.429934965570001,False,COMP/USDT
1713495600000,LONG,5.093518828451867,-0.33045866819776465,5.443518828451866,True,AR/USDT
1713495600000,LONG,5.258482437335093,0.4062401640548898,5.608482437335093,True,1000PEPE/USDT
1713495600000,LONG,5.2848853370396265,0.5900784382198923,5.634885337039626,False,CHR/USDT
1713495600000,LONG,5.311441647597266,1.0367600700957984,5.6614416475972655,False,BIGTIME/USDT
1713495600000,LONG,5.339513604623172,0.647518624156832,5.689513604623172,True,AAVE/USDT
1713495600000,LONG,5.413446309787764,0.89407111302447,5.7634463097877635,False,ENJ/USDT
1713495600000,LONG,5.439041821069357,0.5577396141266516,5.789041821069357,False,BLUR/USDT
1713495600000,LONG,5.502701579384891,0.8878662221855956,5.852701579384891,False,ALICE/USDT
1713495600000,LONG,5.581922679928684,0.4592809842070397,5.931922679928683,False,COTI/USDT
1713495600000,LONG,5.882176882976806,1.2388096342706765,6.232176882976805,False,EDU/USDT
1713495600000,LONG,6.498827947774361,0.060188865004357876,6.84882794777436,True,FET/USDT
1713636000000,SHORT,-5.386476310009399,0.7005410396652707,5.036476310009399,True,1000SHIB/USDT
1713765600000,SHORT,3.892111192962688,-0.2278242066997301,4.242111192962688,True,ARKM/USDT
1713771000000,SHORT,3.660309278350518,0.19265691806780272,4.010309278350518,False,COTI/USDT
1713820500000,SHORT,-1.2258612635758412,-0.3285770345186042,4.917923040990298,True,AR/USDT
1713937500000,SHORT,7.090562913907252,1.0006739111906766,7.440562913907252,True,ALGO/USDT
1713938400000,SHORT,1.9236275053473904,0.2636615614362172,4.328527291452084,True,CHZ/USDT
1713962700000,SHORT,5.405648535564849,0.023742467372145554,5.755648535564848,False,CKB/USDT
1714056300000,SHORT,-5.530407511594294,0.9920024912824568,5.180407511594295,True,1000BONK/USDT
1714082400000,SHORT,3.7350091607645495,-0.2129244104059339,4.08500916076455,True,AR/USDT
1714164300000,SHORT,4.290146878824964,0.29387984419961954,4.640146878824964,True,APE/USDT
1714183200000,LONG,0.6014435695537921,0.09102417101371799,4.290616797900253,False,CHR/USDT
1714183200000,LONG,0.7201889703046772,1.1668129609492304,6.326986116467396,True,ARB/USDT
1714183200000,LONG,0.8839055793991396,0.39124898094173194,5.274302575107304,False,BIGTIME/USDT
1714216500000,SHORT,4.195275758871294,0.43298909718342143,4.545275758871294,False,CTSI/USDT
1714441500000,SHORT,4.23522325730806,-0.046852447846410836,4.585223257308059,False,CKB/USDT
1714526100000,LONG,-4.554552991112874,-0.054026789519999174,4.204552991112874,True,AR/USDT
1714554000000,LONG,-2.7460216998191647,-0.06539334759773807,4.26636528028934,False,ANKR/USDT
1714554000000,LONG,-0.21016779864164545,0.05618205781043962,4.0243108270076,False,AGLD/USDT
1714590900000,SHORT,0.37742707433807954,0.01678282211276537,7.165961682010434,True,1000PEPE/USDT
1714590900000,SHORT,0.6150479430869157,-0.22721182493371586,4.1903866377977135,False,CKB/USDT
1714654800000,SHORT,-4.456288969773673,-0.3158532363782943,4.106288969773673,True,AR/USDT
1714657500000,SHORT,-4.785403063529196,0.5569663999649768,4.435403063529196,True,1000BONK/USDT
1714715100000,SHORT,4.542479235407894,-0.3215274468837264,8.242746615087029,False,CYBER/USDT
1714786200000,SHORT,-4.395893482064732,-0.15782357492300444,4.0458934820647325,False,CKB/USDT
1714823100000,SHORT,0.2915151978005074,-0.13586872638980219,4.135105137212962,False,CKB/USDT
1714828500000,SHORT,1.454768001951095,0.7280660838623321,4.116059996341686,True,DOGE/USDT
1715148900000,SHORT,-3.1654648499894176,0.2342211392763194,5.693033504609038,False,ACE/USDT
1715183100000,SHORT,4.070549581839895,1.3432556669784106,11.803942652329747,False,CELO/USDT
1715188500000,SHORT,0.9673510562544584,0.579547664218016,9.81100166152383,False,AUCTION/USDT
1715193900000,SHORT,-4.9330061228520625,1.1155895450761737,4.583006122852063,False,API3/USDT
1715197500000,SHORT,3.264631336405527,0.042134317352609724,4.792122695852517,False,ARPA/USDT
1715280300000,SHORT,-1.5349901250822775,0.6428624887550325,6.033629580864573,False,AUCTION/USDT
1715391900000,SHORT,-0.35,0.882521374480734,5.000876040297833,False,ARK/USDT
1715463000000,SHORT,2.2113079019073654,-0.09407825214032592,6.558501362397785,False,ARPA/USDT
1715619600000,SHORT,3.840219224283302,0.4614186989990944,4.190219224283302,False,CHR/USDT
1715620500000,SHORT,3.505716561128176,0.2076381708318937,7.153956722738014,True,1000PEPE/USDT
1715676300000,SHORT,-5.063986725997428,0.20480573516663855,4.713986725997429,True,1000PEPE/USDT
1715743800000,SHORT,-3.556542905361546,-0.39544339687395375,6.042217317928066,False,CYBER/USDT
1715783400000,SHORT,1.6660741043454692,-0.24722386272860855,5.669554556599903,False,ARPA/USDT
1715934600000,SHORT,-1.2020209937972872,0.49308908360721954,4.094322132097337,True,ENS/USDT
1715963400000,SHORT,-2.0974633596392205,-0.655850524345013,4.289133157960652,False,CKB/USDT
1715964300000,SHORT,-0.08787680209698107,0.18298144689565446,4.2436435124508325,True,GALA/USDT
1716022800000,SHORT,6.210946114173916,0.31249500568283445,6.560946114173916,False,BICO/USDT
1716228900000,SHORT,4.089929140832588,-0.4271456427420876,4.439929140832588,False,CKB/USDT
1716235200000,SHORT,-1.0200167504187485,-0.1605947511612678,5.452205471803443,False,BIGTIME/USDT
1716245100000,SHORT,-4.4063187596192055,0.652134424365515,4.056318759619206,True,ENS/USDT
1716245100000,SHORT,0.7708009319019035,-0.2741211707515026,4.202994049680439,True,ETC/USDT
1716246000000,SHORT,-4.725866469639966,0.3023377995947479,4.375866469639966,True,1000BONK/USDT
1716254100000,SHORT,-4.362545809919372,0.1171142490310532,4.012545809919373,False,CYBER/USDT
1716254100000,SHORT,-1.3983986787304379,0.32823527376021927,4.261295418641371,False,BSV/USDT
1716299100000,SHORT,-0.7665088981446467,0.9443787484778258,4.439606209769021,True,ENS/USDT
1716302700000,SHORT,-4.992861331704333,0.6624453896746856,4.642861331704333,True,1000PEPE/USDT
1716306300000,SHORT,-4.396743801652897,0.7752968515807557,4.046743801652897,False,EDU/USDT
1716345000000,SHORT,-5.681969986758862,0.8994252204520498,5.331969986758862,False,EDU/USDT
1716377400000,SHORT,4.090825688073376,0.13880203104350133,4.440825688073375,True,GALA/USDT
1716419700000,SHORT,-5.744143142920634,1.7894696375233443,5.394143142920634,False,EDU/USDT
1716444000000,SHORT,-4.879492270902705,0.7405828203271853,4.529492270902705,True,1000PEPE/USDT
1716468300000,SHORT,4.628063126501529,0.06714806562712541,4.978063126501529,True,ENS/USDT
1716469200000,SHORT,4.43358403986994,-0.6355579149072244,4.78358403986994,True,ETC/USDT
1716469200000,SHORT,4.574918490917544,0.4946494501064101,4.924918490917544,False,BLUR/USDT
1716469200000,SHORT,5.1386524822694994,0.5593243563312437,5.488652482269499,True,ARB/USDT
1716472800000,LONG,-4.873260669544905,-0.04807478658767769,4.523260669544905,False,API3/USDT
1716472800000,LONG,-4.722554793656141,-0.7220755109389807,4.372554793656142,True,ARKM/USDT
1716495300000,LONG,2.080323299888519,-0.7363453788910767,5.72403567447045,False,ANKR/USDT
1716495300000,LONG,3.5541394335511938,-0.7576836529940668,9.344679738562077,True,ARKM/USDT
1716495300000,LONG,3.993174247059619,-0.7295531806048026,4.343174247059619,False,ACH/USDT
1716495300000,LONG,4.7144665247220345,-0.08447039210343561,5.064466524722034,True,GALA/USDT
1716496200000,LONG,2.350333157987024,0.16642013080565793,4.810362966859545,True,CHZ/USDT
1716496200000,LONG,3.7031984541941356,-0.08879204389764707,4.053198454194136,True,CFX/USDT
1716496200000,LONG,4.14645512959354,-0.04794533344647708,4.4964551295935395,False,API3/USDT
1716496200000,LONG,4.704229028889671,0.29469147067070633,5.0542290288896705,False,COMP/USDT
1716522300000,SHORT,4.56089876033058,-0.6212536299302467,4.910898760330579,False,BIGTIME/USDT
1716564600000,SHORT,1.8041407371948255,-0.14009453606781544,4.0510471517472455,True,DOGE/USDT
1716566400000,SHORT,3.7450254364666207,-0.14299138184560833,4.095025436466621,True,1000BONK/USDT
1716575400000,SHORT,-0.20665651316967873,2.429098624219345,8.261458519978481,False,EDU/USDT
1716601500000,SHORT,-1.1626603934987103,-0.2742002707167825,6.091488451668069,False,CTSI/USDT
1716644700000,SHORT,-6.391753402722167,-0.2614194203590815,6.0417534027221675,False,CTSI/USDT
1716669000000,SHORT,3.304896250455039,0.20500834723098624,4.4478267200582335,True,CHZ/USDT
1716742800000,SHORT,2.00659960286238,-0.4444830822934718,4.598947210670254,True,ENS/USDT
1716783300000,SHORT,-4.875158516143123,0.211241970638508,4.525158516143123,False,AGLD/USDT
1716792300000,SHORT,5.391547077353855,1.5819321159430855,5.741547077353855,False,EDU/USDT
1716827400000,SHORT,-1.0473022405121204,-0.34869437407459897,4.049211248285299,False,CKB/USDT
1716829200000,SHORT,0.8222617944868617,0.04018932814427885,4.08684000383299,False,API3/USDT
1716901200000,SHORT,1.3489829864081369,-0.17048751283919383,6.081955137344336,True,1000BONK/USDT
1716945300000,SHORT,0.22553956834531363,-0.3247162593614116,4.0041247002398,False,BIGTIME/USDT
1716970500000,SHORT,1.7000000000000033,-0.17622631651293788,5.0767874999999885,False,ARPA/USDT
1717054200000,SHORT,9.22824229125763,-0.5165898331548933,9.578242291257629,False,AUCTION/USDT
1717057800000,LONG,3.721790288948458,-0.5412138679047702,4.071790288948458,True,1000BONK/USDT
1717099200000,SHORT,-2.2438646675872835,0.01640159159292303,5.167587295324502,False,1INCH/USDT
1717164000000,SHORT,1.3886195491339537,0.592806823503818,4.959685351205485,False,DUSK/USDT
1717176600000,SHORT,-1.2222741433021815,0.3580391701747582,7.92404984423676,False,ALICE/USDT
1717241400000,SHORT,-1.017259786476869,0.43816968538419354,4.226334519572943,False,BIGTIME/USDT
1717276500000,SHORT,4.707791856356048,0.9579183051117475,5.057791856356047,False,ACE/USDT
1717279200000,SHORT,-4.5929665913087225,0.23643044790649836,4.242966591308723,True,AXS/USDT
1717284600000,SHORT,-5.0967806167400775,-0.8597417856853498,4.746780616740078,True,ENS/USDT
1717291800000,SHORT,1.4289160379317543,0.08608310371633421,4.916840866615893,False,AGLD/USDT
1717385400000,SHORT,0.5212516783529862,-0.36051839206061553,4.741151723109032,False,API3/USDT
1717388100000,SHORT,-7.516528583264293,0.5180374813194982,11.352112676056331,False,ALICE/USDT
1717388100000,SHORT,-1.9189679229779446,0.7709414280896487,5.540399373653107,False,ACE/USDT
1717392600000,SHORT,-2.165038893690571,0.8429792819651246,5.877038317487742,False,CHR/USDT
1717394400000,SHORT,-1.2453418027828171,0.11835142851082295,4.049872958257684,True,AXS/USDT
1717418700000,SHORT,4.861966979082608,0.11324692680538762,5.211966979082607,False,AGLD/USDT
1717467300000,SHORT,4.46397755972342,0.29581965167860225,4.81397755972342,False,DUSK/USDT
1717477200000,LONG,-0.5631572348073183,-0.624836668090566,5.3462551199531845,True,1000SHIB/USDT
1717517700000,SHORT,-5.857183874370068,0.3119949263631343,5.507183874370068,False,CKB/USDT
1717552800000,SHORT,-0.22549482824670422,0.45297551908947287,5.215097050185139,True,CAKE/USDT
1717763400000,SHORT,4.615715754304794,0.3508523747067406,4.965715754304794,False,CKB/USDT
1717765200000,LONG,-4.3851585014409205,-0.15447267804126924,4.035158501440921,False,BIGTIME/USDT
1717771500000,SHORT,3.983693815478197,0.04370042811724978,4.333693815478197,False,COTI/USDT
1717785000000,LONG,-0.6346975088968037,1.2030464362637896,9.986156583629894,False,DASH/USDT
1717785000000,LONG,0.3449270326615681,0.280578970944371,8.54482279360668,False,BSV/USDT
1717785000000,LONG,0.6342199446884682,0.13868619200172858,11.223694485114688,True,CHZ/USDT
1717785000000,LONG,0.9262983669265835,0.5014716065642446,8.580219214359278,True,CAKE/USDT
1717785000000,LONG,0.9544669772540445,-0.258031077735864,11.376563442038917,True,FET/USDT
1717785000000,LONG,0.9779970893214552,0.10304459694790209,8.733782062943417,False,COMP/USDT
1717785000000,LONG,2.017175170962647,0.25373441583054107,8.638926880589162,True,DYDX/USDT
1717785000000,LONG,2.78502838805234,-0.7269998363795238,8.938533695383844,False,AUCTION/USDT
1717785000000,LONG,3.6729635106336658,-0.3160865296132496,7.836145783499328,True,1000SHIB/USDT
1717785000000,LONG,3.8942936458975868,0.2769536312075413,8.738519432449113,False,CYBER/USDT
1717785000000,LONG,5.6638199093068415,-0.6698143611130425,11.699514143813435,True,1000BONK/USDT
1717785900000,LONG,-1.4721406991799704,0.11628274332630402,9.078075097108327,False,BAT/USDT
1717785900000,LONG,-1.4565006915629284,-0.40134959247498425,8.43596127247579,False,EGLD/USDT
1717785900000,LONG,0.01752882804245809,-0.5547058349535795,9.63012817567878,True,ENS/USDT
1717785900000,LONG,0.04981963024200414,-0.5645704653324719,7.987674733203065,True,AVAX/USDT
1717785900000,LONG,0.282308947511568,-0.25088961963521744,7.620913788414449,True,DOGE/USDT
1717785900000,LONG,0.28255152807392003,0.23815516043347143,9.327562189054722,False,ACH/USDT
1717785900000,LONG,0.550450225112546,0.10569321234560082,7.12039769884943,True,ATOM/USDT
1717785900000,LONG,0.5645992911855438,0.35517975827825266,7.99378072481995,False,ASTR/USDT
1717785900000,LONG,0.9168045501551171,0.07847291245018749,7.1176447776628695,True,AXS/USDT
1717785900000,LONG,0.9183412086545549,-0.3342565922132161,10.019572245710014,False,ANKR/USDT
1717785900000,LONG,0.9246016869728205,0.06309992601103999,8.317113402061851,True,ETC/USDT
1717785900000,LONG,0.9502364066193866,0.020788536166959175,9.492198581560276,False,FLOW/USDT
1717785900000,LONG,1.1365067092332932,0.25456488855910847,6.1287225021200165,True,CFX/USDT
1717785900000,LONG,1.317686658506732,0.8282986379542385,8.842227662178704,True,DOT/USDT
1717785900000,LONG,1.6142857142857139,0.00218329632152904,8.362474489795913,True,GALA/USDT
1717785900000,LONG,1.7616138763197564,-0.6814171438738293,7.427873303167422,False,ARPA/USDT
1717785900000,LONG,1.8987069934787417,0.3190192557056505,10.433663143692378,False,GAS/USDT
1717785900000,LONG,1.97609658839166,-0.03428609469652663,8.22917589720869,False,1INCH/USDT
1717785900000,LONG,2.2740730176839725,0.3649559812142548,9.115459212778083,False,ALICE/USDT
1717785900000,LONG,2.2743093922651956,-0.17650956878392546,10.352624309392256,False,CELO/USDT
1717785900000,LONG,2.3437046004842674,0.22220971071546028,8.869854721549633,False,CKB/USDT
1717785900000,LONG,2.476756227260005,0.43989063174244647,7.638678981248254,False,BLUR/USDT
1717785900000,LONG,3.5315857571680045,-0.08333659431946529,8.235959010454401,True,ARB/USDT
1717785900000,LONG,4.177712724434037,0.4088208530101929,11.157259953161581,False,ENJ/USDT
1717785900000,LONG,6.129124236252554,-0.20996727559986436,8.1277698574338,False,DUSK/USDT
1717786800000,LONG,-1.0583603234636492,0.4429797964262285,4.585327120379468,True,BCH/USDT
1717786800000,LONG,0.22810287871636958,0.24857139054767027,9.439558754129317,True,APT/USDT
1717786800000,LONG,0.36246819338422076,0.49743507041782414,7.386395250212062,True,APE/USDT
1717786800000,LONG,1.2404447587615826,-0.4160631628404425,7.426129184347017,False,API3/USDT
1717786800000,LONG,1.3988742276678208,0.6178485347040625,8.161985548224946,True,AAVE/USDT
1717786800000,LONG,1.638636363636366,-0.16844032788397842,9.986761363636349,False,BIGTIME/USDT
1717786800000,LONG,2.821641791044776,-0.19851163324507182,9.181856343283584,False,CTSI/USDT
1717787700000,LONG,-0.652485284499676,-0.661679245094124,4.432431327665142,True,ARKM/USDT
1717787700000,LONG,0.7527043805532857,0.667048422801807,5.04496643774493,True,1000PEPE/USDT
1717788600000,LONG,0.7250492034609543,0.19497420434301171,4.070821419287757,False,ACE/USDT
1717896600000,SHORT,3.9314753556070063,-0.03425604045842689,4.281475355607006,False,BICO/USDT
1717942500000,SHORT,0.03910505836576672,0.4217384663468342,5.2817120622567915,False,ARK/USDT
1718121600000,LONG,0.18908355795147924,-0.4889881378855401,4.11601078167116,False,ANKR/USDT
1718121600000,LONG,0.9139766650461957,-0.2340350231208388,4.113876397666504,True,AR/USDT
1718158500000,LONG,0.17770448548812345,-0.0470315415349213,4.443205804749333,False,BIGTIME/USDT
1718176500000,SHORT,-1.7848493672896648,0.8525042870329934,4.012061206120597,True,CFX/USDT
1718198100000,SHORT,0.98085820362702,-0.07859736240659031,4.135547622447502,True,AR/USDT
1718198100000,SHORT,3.685715813794267,0.11296414821741706,4.035715813794267,False,DUSK/USDT
1718252100000,LONG,-6.148161764705894,1.0178451808369657,5.7981617647058945,True,CRV/USDT
1718382600000,LONG,3.7380133043367,-0.013937526257079419,4.0880133043367,False,ARK/USDT
1718586900000,SHORT,4.1312406947890725,-0.021155878949070395,4.481240694789072,False,API3/USDT
1718621100000,LONG,4.075517241379311,-0.16177968472878057,4.4255172413793105,True,FET/USDT
1718641800000,LONG,-2.7221787194841034,-0.08503624282610048,4.846430216490093,False,BICO/USDT
1718641800000,LONG,-1.6907652907502122,0.5598383519182469,6.05250075323892,False,EDU/USDT
1718641800000,LONG,-1.2446322067594413,1.1600727968806144,4.957952286282304,False,BAT/USDT
1718641800000,LONG,-1.1871119637251466,0.08728133933238405,5.52784559934892,True,ARKM/USDT
1718641800000,LONG,-1.142358623683934,0.4381588367014321,5.526864213611198,True,CHZ/USDT
1718641800000,LONG,-1.0380733944954166,-0.361677667281467,5.445068807339455,False,CTSI/USDT
1718641800000,LONG,-1.019957686882938,0.9524650222958817,5.0811001410437155,False,BLUR/USDT
1718641800000,LONG,-0.8963414634146364,0.49217432620411405,4.074009756097561,False,COMP/USDT
1718641800000,LONG,-0.745256916996039,0.22328870608477164,5.4229249011857705,False,ALICE/USDT
1718641800000,LONG,-0.35,0.15451806429756268,4.926796407185631,False,FLOW/USDT
1718641800000,LONG,-0.07658920027342192,0.3123753537862195,4.865892002734113,True,ALGO/USDT
1718641800000,LONG,0.0707573632538574,-0.21521802916649688,5.05427769985973,True,DYDX/USDT
1718641800000,LONG,0.16200000000000048,0.5431475596284973,4.287999999999997,True,AXS/USDT
1718641800000,LONG,0.29373312082171343,1.0071571729766315,5.936733519281005,True,1000PEPE/USDT
1718641800000,LONG,0.40627853881278453,0.47548986895822415,4.3688070776255605,True,ATOM/USDT
1718641800000,LONG,0.47979154017406145,1.221598068940147,5.20327868852458,True,FIL/USDT
1718641800000,LONG,0.6410762018340991,-0.1685320202132628,4.879713780482798,False,API3/USDT
1718641800000,LONG,0.6438917072160741,-0.023071820688633723,4.191386271870781,True,1000SHIB/USDT
1718641800000,LONG,0.8076971214017375,0.11549156257560109,5.915143929912401,False,ANKR/USDT
1718641800000,LONG,1.1756637168141624,0.03123092941762519,4.263295575221244,True,AVAX/USDT
1718641800000,LONG,2.0983133841131627,0.10394116152539115,4.747986942328625,False,GAS/USDT
1718641800000,LONG,3.941070053887612,-0.554385083275486,4.291070053887612,False,1INCH/USDT
1718641800000,LONG,4.869149680692857,-0.0548574877698424,5.219149680692857,True,1000BONK/USDT
1718676000000,LONG,-2.2913465510119666,-0.13233562802752386,7.144337050805458,True,FET/USDT
1718676000000,LONG,-0.08901696389733676,1.2811411934686372,8.84323618964767,False,DASH/USDT
1718676000000,LONG,-0.07820178299630332,0.09461660801573213,5.372798434442268,False,COTI/USDT
1718676000000,LONG,0.20460366128596807,-0.15349777754185326,6.184538732076829,False,API3/USDT
1718676000000,LONG,0.6550251256281415,0.37072122954322456,6.813065326633145,False,FLOW/USDT
1718676000000,LONG,0.6597836818956989,0.4440003036959127,6.37632169464142,True,CAKE/USDT
1718676000000,LONG,0.7056875164951183,-0.01239762089616884,7.194008973343892,False,BICO/USDT
1718676000000,LONG,0.9137362637362619,1.2655735525510763,5.88758241758241,False,BAT/USDT
1718676000000,LONG,1.2538492381716133,0.8916921497123813,6.616198877305537,False,BLUR/USDT
1718676000000,LONG,1.332710820177132,0.11742680497938368,5.9433962264150875,True,AVAX/USDT
1718676000000,LONG,1.5268768768768575,-0.07348762691302438,6.512537537537553,True,ALGO/USDT
1718676000000,LONG,1.5381118881118936,0.1990780071021566,6.342424242424244,False,BSV/USDT
1718676000000,LONG,1.5681910569105755,0.5495250242093207,7.544461382113813,True,AAVE/USDT
1718676000000,LONG,1.9714285714285533,0.04575636254610512,6.353214285714285,False,CELO/USDT
1718676000000,LONG,2.101154529307287,0.20980871586224506,7.38348134991119,False,EGLD/USDT
1718676000000,LONG,2.214501087970159,0.49610706852283143,4.3444047248989826,True,ATOM/USDT
1718676000000,LONG,2.3469124133585417,0.4027817461469579,10.414492753623193,True,CHZ/USDT
1718676000000,LONG,2.439859997281499,-0.22049484349610765,6.493135789044434,False,DUSK/USDT
1718676000000,LONG,2.8390660592255177,0.5431254374132329,4.875786720661439,True,DOGE/USDT
1718676000000,LONG,2.9261732851985554,-0.0193713074672,9.001254512635372,False,AGLD/USDT
1718676000000,LONG,3.5234142928084538,0.3880242337528707,5.030472664890976,True,ETC/USDT
1718676000000,LONG,3.5783047050037324,0.15091184307745195,6.733218820014941,True,APT/USDT
1718676000000,LONG,3.797465437788022,0.35658946319582585,7.467373271889402,False,BIGTIME/USDT
1718676000000,LONG,4.0812630844382305,0.05194290380554913,9.553384508025136,False,ANKR/USDT
1718676000000,LONG,5.753986069932696,-0.5554852886691546,6.103986069932696,True,ENS/USDT
1718676900000,LONG,-1.9509852216748826,-0.22596134174861338,5.825246305418726,False,CHR/USDT
1718676900000,LONG,-1.279106368601831,-0.4982626603325601,8.990556900726396,False,AUCTION/USDT
1718676900000,LONG,0.11393295420531407,0.7651748943365067,8.894313079916191,False,ASTR/USDT
1718676900000,LONG,0.526095118898631,-0.34736423489644214,7.100563204004999,False,CTSI/USDT
1718676900000,LONG,0.6806340536689547,-0.09982549839728347,7.559088102588454,True,1000BONK/USDT
1718676900000,LONG,0.6891686650679346,1.4303498699228827,6.3303490540900595,True,ADA/USDT
1718676900000,LONG,0.7935398532172794,0.43698798914598314,9.948387096774193,False,EDU/USDT
1718676900000,LONG,0.8912304371289782,-0.8309358586305926,7.348407987048033,False,ENJ/USDT
1718676900000,LONG,1.201533062430736,0.17261738267395604,8.844661987439972,True,GALA/USDT
1718676900000,LONG,1.4698107396830666,0.6083450696740536,5.910532504619517,True,1000SHIB/USDT
1718676900000,LONG,1.4702794513523894,-0.058430501802756774,7.597615690296118,True,ARB/USDT
1718676900000,LONG,2.6263941156346142,0.3797138443806205,7.750334783246178,False,ACH/USDT
1718676900000,LONG,3.097669305189105,1.0697444044218207,5.298153034300786,True,DOT/USDT
1718676900000,LONG,3.2293164910105396,1.063894347086267,8.197230509919407,True,1000PEPE/USDT
1718676900000,LONG,4.4281569965870355,0.9755679106232614,10.167918088737197,True,CRV/USDT
1718677800000,LONG,2.792857142857146,0.5229180319866704,7.278999999999988,False,CYBER/USDT
1718678700000,LONG,0.6379430622202548,0.35079273425967267,4.911310939957246,True,AR/USDT
1718711100000,LONG,0.9891304347826159,-0.19932049999051904,4.097269565217383,True,FET/USDT
1718847900000,SHORT,-1.1032956685499098,0.5352350263714467,5.66759259259258,False,EDU/USDT
1718865000000,SHORT,-0.24026397610193112,0.5573925479484079,5.136755471560071,True,FET/USDT
1718982900000,SHORT,3.9953434368125023,0.9864639188002685,4.345343436812502,False,GAS/USDT
1719222300000,LONG,-2.834763244256915,-0.5165750604287713,6.049226441631491,False,CHR/USDT
1719222300000,LONG,-1.9179598602275685,0.22037285171933535,5.900922856374862,True,ENS/USDT
1719223200000,LONG,-1.9757660128158498,0.1906100968799369,4.308979489044967,True,BCH/USDT
1719269100000,SHORT,-4.965168229453939,0.3779956953460263,4.615168229453939,True,FET/USDT
1719329400000,SHORT,-1.3850776308223094,0.7917320466876131,4.813211615871183,False,ASTR/USDT
1719499500000,SHORT,-1.05781546239731,-0.015300663439658217,6.292222456288164,True,1000BONK/USDT
1719582300000,SHORT,2.999403704643483,0.027789928231317408,4.804719614311083,False,GAS/USDT
1719822600000,SHORT,3.0012282414185885,-0.5960365388069,6.59832438587927,False,EDU/USDT
1719930600000,SHORT,5.031971720345643,-0.5820523036415651,5.381971720345643,False,CHR/USDT
1719933300000,SHORT,0.26187028349988506,-0.49431475330012137,5.148276565368139,False,CYBER/USDT
1720140300000,LONG,-5.8058840852868405,0.014431324057542496,5.455884085286841,False,API3/USDT
1720140300000,LONG,-5.216109119872566,0.2351514499385381,4.866109119872567,False,ANKR/USDT
1720140300000,LONG,-4.991340524896399,-0.022461206353011087,4.6413405248964,False,ENJ/USDT
1720140300000,LONG,-4.888239566185731,0.36178537386039283,4.538239566185731,True,ETC/USDT
1720140300000,LONG,-4.680425531914883,0.2653806610603541,4.330425531914884,False,CELO/USDT
1720140300000,LONG,-4.6609195402298855,-0.31151093764332993,4.310919540229886,False,BICO/USDT
1720141200000,LONG,-4.675155279503105,0.6872144127353054,4.325155279503106,False,CTSI/USDT
1720141200000,LONG,-4.658323895809747,0.033265209534449405,4.308323895809747,False,BSV/USDT
1720141200000,LONG,-4.510761610703721,0.9154002207622792,4.160761610703721,True,AAVE/USDT
1720141200000,LONG,-4.3807096774193495,0.14617678785025587,4.03070967741935,False,BLUR/USDT
1720143900000,LONG,-5.398006197504689,0.42709138267009494,5.048006197504689,True,CFX/USDT
1720143900000,LONG,-5.0245964625107975,0.7029427051475959,4.674596462510798,True,ENS/USDT
1720143900000,LONG,-4.776926229508192,0.929297126810488,4.426926229508192,True,APE/USDT
1720143900000,LONG,-4.692946610302171,0.9212841010162122,4.342946610302171,False,AUCTION/USDT
1720143900000,LONG,-4.573492752608349,0.4857675777665046,4.223492752608349,True,1000PEPE/USDT
1720143900000,LONG,-4.5578722002635015,0.6389145125402091,4.207872200263502,False,ASTR/USDT
1720143900000,LONG,-4.554302966350101,0.9790105835731514,4.2043029663501015,True,CAKE/USDT
1720143900000,LONG,-4.412516787536931,-0.14171702261191158,4.062516787536931,False,COTI/USDT
1720143900000,LONG,-4.387711746737018,0.4988649484636554,4.037711746737019,False,ARPA/USDT
1720143900000,LONG,-4.380476765238379,-0.8106362582159093,4.0304767652383795,False,EDU/USDT
1720143900000,LONG,-4.37741108354011,0.4362635167789729,4.027411083540111,True,CHZ/USDT
1720143900000,LONG,-4.362255599365892,0.06459674809917944,4.012255599365893,False,ACE/USDT
1720149300000,LONG,0.29059011938269386,0.19317582442450626,5.651266621372416,True,AR/USDT
1720149300000,LONG,0.8983130904183471,0.5274247551568603,5.648279352226709,True,ARB/USDT
1720149300000,LONG,1.32457437901199,-0.8370426569080419,5.503432877476978,False,CYBER/USDT
1720150200000,LONG,-0.35,0.012642093371477063,6.2714177407126535,True,ARKM/USDT
1720150200000,LONG,0.2829113924050639,-0.8601742643721623,6.483924050632907,False,BIGTIME/USDT
1720150200000,LONG,0.8815270935960465,0.36851137067824363,5.702463054187193,False,ALICE/USDT
1720152900000,LONG,-5.19998060762766,-0.17064143472867713,4.849980607627661,False,AGLD/USDT
1720152900000,LONG,0.2660164271047234,0.023830121130003774,4.18973305954825,False,FLOW/USDT
1720152900000,LONG,0.5535589157293082,-0.007374161228095186,4.363009404388716,True,APT/USDT
1720152900000,LONG,0.7057184750733146,0.545667988795015,4.861055718475072,True,FIL/USDT
1720152900000,LONG,1.1598314606741624,-0.9001054932911761,5.270997191011236,False,GAS/USDT
1720152900000,LONG,1.4792682926829346,0.12125995893013687,5.095867208672088,False,CKB/USDT
1720152900000,LONG,1.5829896907216514,0.9308824818226757,4.090141752577331,False,BAT/USDT
1720152900000,LONG,1.6664020765931764,0.10650598368456915,4.740779474832603,True,1000SHIB/USDT
1720152900000,LONG,1.817287504232989,-1.4103005286451955,5.5331527260413145,False,ARK/USDT
1720152900000,LONG,1.9240112994350285,-0.1100474374976596,4.900094161958566,False,DUSK/USDT
1720152900000,LONG,2.111074836765449,-0.09149663973871228,5.007081868407836,True,GALA/USDT
1720152900000,LONG,2.233602458589432,0.09504163895092575,4.381893947286179,True,DOGE/USDT
1720152900000,LONG,3.0919738044471616,0.11793326122072934,4.096070667072782,True,ADA/USDT
1720152900000,LONG,4.085508586525766,0.22181699724930895,4.435508586525765,True,AVAX/USDT
1720152900000,LONG,4.742365692742698,-0.46337713396215874,5.092365692742698,True,DYDX/USDT
1720153800000,LONG,-6.0394725771677775,-0.01971444576239157,5.689472577167778,False,ACH/USDT
1720153800000,LONG,-5.312834640565253,-0.3438335845836048,4.962834640565253,True,BCH/USDT
1720153800000,LONG,0.42223335794915606,0.12558769110583234,4.784869711994935,True,BNB/USDT
1720153800000,LONG,0.7140608034744732,0.0028012730838857724,5.128034744842576,True,AXS/USDT
1720153800000,LONG,1.9035211267605652,0.8412425593640117,5.504995305164325,True,ATOM/USDT
1720153800000,LONG,2.006902356902354,-0.4550104410667675,4.160437710437715,True,ALGO/USDT
1720153800000,LONG,4.091664060056301,-0.6224360927676986,4.634782608695646,False,1INCH/USDT
1720153800000,LONG,4.188973384030428,0.7395411935942146,5.062286121672999,False,COMP/USDT
1720153800000,LONG,5.274535603715161,0.37187389599183884,5.62453560371516,True,DOT/USDT
1720170900000,LONG,4.3618244468625385,-0.28037762431549745,4.711824446862538,True,FET/USDT
1720193400000,SHORT,-1.2292302587922976,-0.47341414995182673,10.649469143994692,False,EDU/USDT
1720201500000,SHORT,6.21875,-0.11650625315173703,6.56875,False,ACH/USDT
1720229400000,SHORT,-4.591391818365011,0.7424941617243335,4.2413918183650114,True,1000SHIB/USDT
1720403100000,LONG,3.8180282300989767,0.08327070770422942,4.168028230098977,False,ACE/USDT
1720404900000,LONG,3.819922368658594,0.007576733886415558,4.169922368658594,True,APT/USDT
1720404900000,LONG,3.895223945499344,0.28535296678909866,4.245223945499344,True,APE/USDT
1720404900000,LONG,3.9309015249915826,0.4103823334854145,4.280901524991583,True,1000BONK/USDT
1720404900000,LONG,3.9647651006711464,-0.32257045500127746,4.3147651006711465,True,GALA/USDT
1720404900000,LONG,4.767571819010027,0.13752316099397763,5.117571819010027,True,1000PEPE/USDT
1720431000000,SHORT,4.075578684429629,0.2008784645041233,4.425578684429628,True,FET/USDT
1720435500000,SHORT,-4.387575331458403,0.12223782926420311,4.037575331458403,False,ACE/USDT
1720448100000,SHORT,0.7125492881749856,0.6253874196893443,5.4080438301581175,True,1000BONK/USDT
1720488600000,SHORT,-0.2038439052908505,0.08773237327574372,4.382658579362733,False,ACE/USDT
1720495800000,SHORT,-4.718932038834968,0.4777377705846621,5.99290515309932,False,CHR/USDT
1720703700000,SHORT,5.193672880519374,0.6374300748162418,5.543672880519374,True,1000BONK/USDT
1720815300000,SHORT,-4.788182053829868,0.2179047101481397,4.438182053829868,True,AR/USDT
1720931400000,SHORT,-0.5394451962110992,-0.09245801496486103,4.1002706359945815,False,GAS/USDT
1720981800000,SHORT,-1.9738868517548411,0.046504470803661796,4.949842849659489,False,GAS/USDT
1720994400000,SHORT,-2.0791066282420765,-0.33408277868789615,4.635734870317016,False,ALICE/USDT
1721017800000,SHORT,-1.61050420168067,-0.3465879257281646,4.8888888888888555,False,BSV/USDT
1721089800000,SHORT,2.3451672862453528,-0.83702212032381,4.215055762081767,False,BIGTIME/USDT
1721104200000,SHORT,4.0263675747117915,0.30472436462181357,4.376367574711791,True,1000BONK/USDT
1721149200000,SHORT,1.2855327507415968,0.29149223558660736,5.599262406798674,False,CKB/USDT
1721196900000,SHORT,1.9347100175746967,-0.5800131158170049,4.3543057996485,False,BIGTIME/USDT
1721214000000,SHORT,3.661597967902081,0.30853071134754834,4.011597967902081,True,ARKM/USDT
1721232000000,SHORT,-0.8968215994531789,-0.21521877232224265,5.578947368421039,False,EDU/USDT
1721254500000,SHORT,-7.30570987654318,-0.04481683500476115,6.95570987654318,False,ALICE/USDT
1721280600000,SHORT,5.141373589913731,-0.04352376181869558,5.491373589913731,False,ALICE/USDT
1721316600000,SHORT,1.5219806763284978,0.39279449921391446,4.3580314009661825,False,CTSI/USDT
1721360700000,SHORT,3.874454477050398,-1.1302742377787351,4.224454477050398,False,ARK/USDT
1721522700000,SHORT,1.973634079966501,-0.528892378989017,4.268327402135225,False,CYBER/USDT
1721655000000,SHORT,4.290827269245485,0.6247746923038553,4.640827269245484,False,CKB/USDT
1721781000000,SHORT,-5.430461414647222,0.5905411563332357,5.080461414647222,False,COTI/USDT
1721825100000,SHORT,1.5614688128772625,0.684029212881144,4.840744466800793,False,BAT/USDT
1721835900000,SHORT,1.1249262536873168,0.4566530928453065,4.590117994100272,False,FLOW/USDT
1721845800000,SHORT,-1.3789990645463086,-0.4904058835734612,5.085126286248828,False,BIGTIME/USDT
1721871900000,LONG,-2.326444608023553,0.4893129429285257,4.061225616488773,True,1000BONK/USDT
1721940300000,LONG,4.034530602119298,0.6406393290219777,4.384530602119297,True,1000PEPE/USDT
1722041100000,SHORT,-1.406869652742838,-0.911874522323826,5.625440362355303,False,ARK/USDT
1722049200000,SHORT,-2.6248815165876773,-0.4437762592818808,5.243696682464454,False,BIGTIME/USDT
1722091500000,SHORT,8.062173383525229,0.10160731844686598,8.412173383525229,False,ACE/USDT
1722241800000,SHORT,1.2613744075829363,-0.02021286750704294,4.071153238546598,False,BICO/USDT
1722261600000,SHORT,0.6430264993026544,0.055702968129747815,4.882744769874459,False,AUCTION/USDT
1722262500000,SHORT,-5.470374548736453,-0.05452462272992027,5.120374548736454,False,ARPA/USDT
1722399300000,SHORT,-4.419398135066379,0.05520435247017413,4.069398135066379,False,AUCTION/USDT
1722609000000,SHORT,2.4324620573355875,-0.27630652396140915,5.3741989881956025,False,ARK/USDT
1722795300000,LONG,3.844824770757437,0.2935910947172427,4.194824770757437,False,CKB/USDT
1722821400000,LONG,-10.158174386920983,0.28335505516045933,9.808174386920983,False,CHR/USDT
1722821400000,LONG,-5.945625858999044,0.27785491026724085,5.595625858999044,True,BTC/USDT
1722822300000,LONG,-8.861885019347703,0.08711000233962293,8.511885019347703,False,BSV/USDT
1722822300000,LONG,-8.739315038893691,0.6716326948886102,8.389315038893692,True,1000BONK/USDT
1722825900000,LONG,-6.14983196663338,0.11788525760406726,5.799831966633381,True,ETH/USDT
1722825900000,LONG,-5.620661553211899,0.31726414924315716,5.270661553211899,False,BICO/USDT
1722825900000,LONG,-5.0991925681542005,-0.23300220629512705,4.749192568154201,True,CFX/USDT
1722825900000,LONG,-4.726951672862452,0.1629845305251099,4.376951672862452,False,ASTR/USDT
1722825900000,LONG,-4.684104046242784,0.36130445938887407,4.334104046242785,True,ALGO/USDT
1722825900000,LONG,-4.557073611567537,0.5956676688830462,4.207073611567537,True,1000SHIB/USDT
1722825900000,LONG,-4.420361260568784,0.29078756623624186,4.0703612605687844,False,AGLD/USDT
1722840300000,LONG,-10.904865838395557,0.6581332365562751,10.554865838395557,True,1000PEPE/USDT
1722840300000,LONG,-4.587080578006368,0.36594932334372615,6.966201322556942,True,AXS/USDT
1722840300000,LONG,-3.796698185145653,0.2645262884138997,7.370382797010833,False,CKB/USDT
1722840300000,LONG,-3.009574468085109,0.023783810570957957,5.603191489361711,False,CELO/USDT
1722840300000,LONG,-2.849999999999995,0.7972946475053864,6.256652542372879,False,1INCH/USDT
1722840300000,LONG,-2.7814580363880386,-0.38796774620520574,6.126351974511616,False,API3/USDT
1722840300000,LONG,-2.7042494794624243,-0.20905016472798582,6.280018455423046,True,BNB/USDT
1722840300000,LONG,-2.483580705009286,-0.10619507390904522,7.143970315398891,False,CTSI/USDT
1722840300000,LONG,-2.426733544526576,-0.46991484488295926,5.704364660330874,False,ARPA/USDT
1722840300000,LONG,-2.332946658734871,-0.07218321798115229,6.547313107277403,True,APE/USDT
1722840300000,LONG,-1.8942502155679275,0.11789546379900583,7.529168299756993,True,CAKE/USDT
1722840300000,LONG,-1.5516021361815766,-0.12217692228643086,7.221762349799733,False,ALICE/USDT
1722840300000,LONG,-1.5427480916030545,-0.12923808832240044,6.483683206106866,False,ANKR/USDT
1722840300000,LONG,-1.3081881533101107,-0.046248009742272535,7.269446864111502,True,CHZ/USDT
1722840300000,LONG,-0.5675489485134116,0.24238472731579525,5.939303843364765,False,BAT/USDT
1722840300000,LONG,-0.2451507208387941,0.6723425099783394,6.3368807339449535,True,DOT/USDT
1722840300000,LONG,5.8023620205799755,-0.30139907700387497,6.152362020579975,True,ATOM/USDT
1722840300000,LONG,5.848428315870172,0.19434349423930428,6.198428315870172,True,FET/USDT
1722840300000,LONG,7.1110564164027,0.0489428860064329,7.4610564164027,False,EGLD/USDT
1722840300000,LONG,7.414237099368889,-0.16402896318325313,7.764237099368889,True,ARKM/USDT
1722841200000,LONG,-7.089952153110054,-0.4919401226341534,6.739952153110054,True,ARB/USDT
1722841200000,LONG,-5.3759700580507195,-0.16699905335997448,6.879651695692038,False,COTI/USDT
1722841200000,LONG,-4.105351681957178,-0.10758762680006487,7.117406727828756,True,AAVE/USDT
1722841200000,LONG,-3.4034351145038197,0.3225735604068937,6.692977099236652,False,GAS/USDT
1722841200000,LONG,-3.03261150614091,-0.2281587775412316,8.053012281835809,False,ACH/USDT
1722841200000,LONG,-2.924441687344922,0.40749161399239325,6.313061759029493,True,BCH/USDT
1722841200000,LONG,-2.871779000458504,-0.7911041002513612,7.51611973537695,True,ENS/USDT
1722841200000,LONG,-2.667219336795856,-0.5447543644483529,7.509628445864972,False,ARK/USDT
1722841200000,LONG,-2.6281366882012867,0.12205828184796312,6.774906494389654,True,ADA/USDT
1722841200000,LONG,-2.0720470531166617,-0.017595444886638473,7.699514916323072,False,EDU/USDT
1722841200000,LONG,-1.976145874850538,0.0676422965416568,7.015544041450779,False,ENJ/USDT
1722841200000,LONG,6.68370089593384,-0.4897819741454647,7.03370089593384,True,GALA/USDT
1722842100000,LONG,-8.222151898734168,-0.19470683990702298,7.8721518987341685,True,DYDX/USDT
1722842100000,LONG,-7.661780090145234,0.09032705481261155,8.86029714540092,True,AR/USDT
1722842100000,LONG,-7.5149603624009025,0.10968683813306783,7.164960362400903,True,DOGE/USDT
1722859200000,LONG,4.52552988880015,0.2904741833447838,4.875529888800149,True,1000BONK/USDT
1722859200000,LONG,6.213874345549749,0.03019591360634059,6.563874345549749,True,CRV/USDT
1722957300000,SHORT,1.4214636499166882,-1.6106049662875903,4.917863720073652,False,ACE/USDT
1723027500000,SHORT,4.798338368580036,0.01868209859268419,5.148338368580036,False,CHR/USDT
1723118400000,SHORT,-4.986507165411693,0.26599040656252315,4.636507165411693,False,BSV/USDT
1723145400000,SHORT,-4.640716180371345,0.1846016546718285,4.290716180371345,False,BIGTIME/USDT
1723159800000,SHORT,1.8214028219787588,0.9030934377527438,5.102151688399461,True,BCH/USDT
1723196700000,SHORT,2.3275956284153088,1.1406783973296963,5.39721311475408,False,GAS/USDT
1723208400000,SHORT,0.15505050505051543,-0.02344095313760621,4.680303030303009,False,ARK/USDT
1723444200000,SHORT,-0.6852490421455952,-0.22134661826005952,4.335057471264362,False,BSV/USDT
1723468500000,SHORT,4.067578947368404,-0.00010219887328397625,4.417578947368404,False,BIGTIME/USDT
1723469400000,SHORT,2.299208282582209,1.2544352619008465,4.514799025578563,True,APT/USDT
1723470300000,SHORT,-4.480902777777775,0.1297622853387177,4.130902777777775,True,CRV/USDT
1723558500000,SHORT,0.9320512820512833,0.5639186868071675,4.479166666666654,True,CRV/USDT
1723814100000,LONG,-4.608174225157975,1.0356676441792394,4.258174225157975,True,1000PEPE/USDT
1723953600000,SHORT,-1.196999459362054,0.25668746943057014,4.439250315372124,False,EDU/USDT
1723979700000,SHORT,-9.937037037037014,0.37521448447053896,9.587037037037014,False,ALICE/USDT
1723987800000,SHORT,1.9755813953488421,0.10383562658128843,4.465282392026561,False,CHR/USDT
1723995000000,SHORT,-4.683932057789916,0.6010325043527057,4.333932057789917,False,BICO/USDT
1724013000000,SHORT,4.165477874318035,0.04692959037362214,4.515477874318035,False,API3/USDT
1724066100000,SHORT,-5.589316918189016,0.25143345527228167,5.239316918189016,False,CTSI/USDT
1724126400000,SHORT,0.6694174757281645,-0.07331482742416373,5.850582524271827,False,ARPA/USDT
1724150700000,SHORT,1.2702611294635973,0.3503229092939176,4.102469718420634,False,EDU/USDT
1724162400000,SHORT,-5.5798480786416205,0.241971723960259,5.229848078641621,False,ALICE/USDT
1724227200000,SHORT,0.4046340391237462,0.7041130049962184,4.562143746794609,True,AAVE/USDT
1724274000000,SHORT,0.38300755219901594,0.6493739189177162,5.390748556197237,True,CAKE/USDT
1724447700000,SHORT,2.2723776223776224,0.6632758547823483,4.431237762237741,True,AAVE/USDT
1724510700000,SHORT,2.3186916901714087,0.2783723371525891,6.132154480364491,False,CYBER/USDT
1724521500000,SHORT,3.984257975034659,0.5755056831247225,4.334257975034659,False,BICO/USDT
1724522400000,SHORT,1.6836331638639104,0.18608228296026935,4.497145091904564,True,APE/USDT
1724600700000,SHORT,-1.3731923601637117,0.3351077385702498,4.1997953615279435,False,CTSI/USDT
1724739300000,SHORT,3.798187258007736,0.9329459532282617,4.148187258007736,True,FET/USDT
1724798700000,LONG,-1.5010289501220804,-0.08381764034339982,4.878711777700269,False,CKB/USDT
1724798700000,LONG,-0.37747856671796837,0.2797472904010713,4.288876676192561,False,ACH/USDT
1724863500000,LONG,-0.9730529595015582,-0.17233571210246262,4.027102803738313,True,DYDX/USDT
1724863500000,LONG,-0.7713483146067341,0.2385822687123988,4.360814606741564,False,BIGTIME/USDT
1724949000000,SHORT,3.8076923076922893,0.09462124298146103,4.157692307692289,False,CHR/USDT
1724949900000,SHORT,1.9745771860381307,0.24263984144969078,4.450593738754947,True,CFX/USDT
1725037200000,LONG,3.883123561733911,-0.007216964094120054,4.233123561733911,False,DUSK/USDT
1725412500000,LONG,4.306486117432862,-0.11489503501630774,4.656486117432862,False,1INCH/USDT
1725413400000,LONG,-0.5831002331002333,0.046285662690657585,5.180419580419585,True,DYDX/USDT
1725413400000,LONG,1.210062402496101,-0.0808073109446417,4.499531981279256,False,BIGTIME/USDT
1725413400000,LONG,1.3040317022742833,0.13118285455031733,4.079117849758788,False,BLUR/USDT
1725413400000,LONG,1.3443987322484228,-0.4391100717488809,4.170841713902602,True,ENS/USDT
1725413400000,LONG,1.6117834394904635,0.03418337771383072,4.173694267515921,False,CKB/USDT
1725413400000,LONG,1.612757926522403,0.24408852429970543,4.013034725717151,False,BICO/USDT
1725413400000,LONG,1.6274902703271317,0.021650742842501673,4.106784474597671,True,ARKM/USDT
1725413400000,LONG,1.698490846115774,-0.1098631743347217,4.28602671944581,True,AR/USDT
1725413400000,LONG,1.7033251608948872,0.5041702622495933,5.387358259270612,False,EGLD/USDT
1725413400000,LONG,2.0989795918367364,0.01002361105796607,4.311253644314877,True,GALA/USDT
1725413400000,LONG,2.0999155201544784,0.5165332373133081,4.944484672942299,False,ACH/USDT
1725413400000,LONG,2.107327839905834,0.1491588078790156,4.642436727486752,False,AGLD/USDT
1725413400000,LONG,2.1783018867924464,0.15369295420298548,4.23532830188681,False,ENJ/USDT
1725413400000,LONG,2.2739067055393445,0.044705565952707464,4.253119533527696,False,CHR/USDT
1725413400000,LONG,2.3123756582796986,-0.09489050015153211,4.442012873025171,False,ARPA/USDT
1725413400000,LONG,2.413997165131103,0.3878265925775208,4.221580439404684,False,ARK/USDT
1725413400000,LONG,2.4471486130481828,0.17674748352775396,4.023492949015971,True,1000SHIB/USDT
1725413400000,LONG,2.448186649992188,-0.6751632288090136,4.585993434422387,False,ACE/USDT
1725413400000,LONG,2.528890184764598,0.01635917856585001,4.479921429009885,True,1000BONK/USDT
1725413400000,LONG,2.768040089086862,0.1518853036250164,4.6299554565701655,False,ALICE/USDT
1725413400000,LONG,2.8085802670140008,0.34036573804529224,4.52044936502769,False,CYBER/USDT
1725413400000,LONG,3.799420849420852,0.30160950207205917,4.149420849420852,True,CRV/USDT
1725413400000,LONG,4.232887323943676,0.43507543143978494,4.582887323943676,False,ASTR/USDT
1725414300000,LONG,0.7478325206460114,0.284487449429893,4.045880661799942,True,1000PEPE/USDT
1725414300000,LONG,1.3519167217448884,0.20736146094235292,4.2043126239259685,True,APT/USDT
1725414300000,LONG,1.400953731781279,-0.0332766640036907,4.135990739835026,True,BCH/USDT
1725414300000,LONG,1.845918367346937,0.9263655647790104,4.027559183673466,True,CFX/USDT
1725414300000,LONG,2.150000000000002,0.01621969718453357,4.038749999999991,False,CTSI/USDT
1725468300000,SHORT,1.4132241813601873,0.5179618627101176,4.883699172364168,False,1INCH/USDT
1725659100000,LONG,1.1035944532295399,0.17798989516758,4.109544155212255,True,1000PEPE/USDT
1725709500000,SHORT,1.5018518518518533,0.47419586962195615,4.510123456790118,False,BIGTIME/USDT
1725924600000,SHORT,3.0485102420856616,0.6519866251815882,4.175651769087517,True,APE/USDT
1726079400000,SHORT,-1.5391452383372197,0.39583435562925956,4.612115052342708,False,COTI/USDT
1726186500000,SHORT,-8.202433425160683,-0.07366852480904618,7.852433425160683,False,BIGTIME/USDT
1726227000000,SHORT,-7.848412194347405,0.06302212826290807,7.498412194347405,False,CKB/USDT
1726262100000,SHORT,-2.2856549407813302,0.71869092353898,4.289305285486992,False,COTI/USDT
1726297200000,SHORT,-5.3212653778558785,0.0413247843434341,4.971265377855879,False,BIGTIME/USDT
1726385400000,SHORT,4.157856598016776,0.27385969534130994,4.507856598016776,False,BIGTIME/USDT
1726385400000,SHORT,4.411261044659483,0.3762998377276518,4.7612610446594825,False,CKB/USDT
1726614000000,SHORT,-4.593796245337244,0.03848624902163239,4.243796245337244,False,CKB/USDT
1726695900000,SHORT,-4.486053034166228,-0.32102127707006256,4.1360530341662285,False,BLUR/USDT
1726808400000,SHORT,-7.309919999999986,0.5090278452432876,6.959919999999986,False,ARK/USDT
1726810200000,SHORT,-6.000630455868081,0.3239837334560846,5.6506304558680815,False,COTI/USDT
1726820100000,SHORT,-4.3792452830188475,1.0603841906117197,4.029245283018848,False,GAS/USDT
1726877700000,SHORT,8.171990501755094,0.4618075728542176,8.521990501755093,False,ARK/USDT
1726953300000,SHORT,1.6604895104895028,0.49469271582908864,4.157692307692303,False,ALICE/USDT
1727076600000,SHORT,-4.575693196717318,0.13160699673320644,4.225693196717319,True,AR/USDT
1727078400000,SHORT,-2.2056005398110727,0.7583702394204385,4.529925775978398,False,ANKR/USDT
1727103600000,SHORT,-1.3004504504504597,0.10420589670984716,5.680959459459442,True,AR/USDT
1727338500000,SHORT,-5.104797979797966,0.3517970306165791,4.754797979797966,True,CHZ/USDT
1727371800000,SHORT,-1.2619853218930577,0.3310010430987537,4.694992175273854,True,1000SHIB/USDT
1727410500000,SHORT,2.278177509694095,-0.5630439924872086,5.7593853224184794,False,EDU/USDT
1727450100000,SHORT,3.931608974973608,0.8685692422132082,4.281608974973608,True,1000SHIB/USDT
1727457300000,SHORT,-5.491570605187293,-0.4099134421606241,5.141570605187293,False,BIGTIME/USDT
1727483400000,SHORT,3.507934180514831,-0.13418021975309471,5.627109807754949,False,BIGTIME/USDT
1727493300000,SHORT,4.732382598674715,-0.5058926664433607,5.082382598674714,False,EDU/USDT
1727505000000,SHORT,1.6483927136351557,-0.1721834351492151,5.276040717921231,False,CKB/USDT
1727601300000,SHORT,3.9665686088441805,0.16955816882537417,4.316568608844181,False,ARK/USDT
1727626500000,SHORT,0.38855243722304345,0.8932604618524077,5.040915805022126,False,CELO/USDT
1727795700000,LONG,-4.9131681243926115,0.5271006627127517,4.563168124392612,False,ALICE/USDT
1727795700000,LONG,-4.603862823707887,0.9192109937523965,4.2538628237078875,False,AGLD/USDT
1727795700000,LONG,-4.57742773150417,0.8019762176580914,4.227427731504171,False,ACH/USDT
1727796600000,LONG,-7.569080420182537,-0.10642956300460227,7.219080420182538,False,EDU/USDT
1727796600000,LONG,-7.213577688701673,0.42536782393344774,6.863577688701674,True,ARKM/USDT
1727796600000,LONG,-6.756946726120621,0.2984789723241609,6.406946726120621,True,AR/USDT
1727796600000,LONG,-6.037948812373408,0.9160568604664947,5.687948812373408,False,COTI/USDT
1727796600000,LONG,-5.660971498620896,0.6402686547065978,5.310971498620896,False,CYBER/USDT
1727796600000,LONG,-5.6251195056546575,1.0051719321163028,5.275119505654658,True,1000SHIB/USDT
1727796600000,LONG,-5.387809917355369,0.5236637538324392,5.03780991735537,True,DYDX/USDT
1727796600000,LONG,-5.3767778753292435,0.7904626531419684,5.026777875329244,False,BICO/USDT
1727796600000,LONG,-5.181818181818172,0.9515686627730807,4.831818181818172,True,GALA/USDT
1727796600000,LONG,-5.091884610329886,0.6990607980321117,4.741884610329886,False,ACE/USDT
1727796600000,LONG,-4.93442844925883,0.8701519308510761,4.58442844925883,False,AUCTION/USDT
1727796600000,LONG,-4.889533007450997,-0.4062418366979643,4.539533007450998,False,DUSK/USDT
1727796600000,LONG,-4.861597542242708,0.44942863471474964,4.511597542242709,False,CTSI/USDT
1727796600000,LONG,-4.7820206362854725,1.3790309397191491,4.432020636285473,True,ARB/USDT
1727796600000,LONG,-4.630695970695972,1.039239653519614,4.280695970695972,False,ANKR/USDT
1727796600000,LONG,-4.4648638704930015,0.5956013256863143,4.114863870493002,False,1INCH/USDT
1727796600000,LONG,-4.458817876021137,0.33055347995313444,4.108817876021138,False,ARPA/USDT
1727796600000,LONG,-4.369728660260035,1.407060465390539,4.019728660260036,False,BAT/USDT
1727803800000,LONG,-6.3489922382968755,0.3911208714714682,5.998992238296876,True,1000PEPE/USDT
1727803800000,LONG,-2.2388216710358284,0.12139137939681394,4.086415271896221,True,AAVE/USDT
1727803800000,LONG,-1.7785714285714298,0.5401689959541542,5.085599999999992,False,CHR/USDT
1727803800000,LONG,-1.591830065359472,0.4986276777508398,4.861437908496727,True,CHZ/USDT
1727803800000,LONG,-0.7331417624521076,0.7316767305133882,4.501915708812264,True,CRV/USDT
1727803800000,LONG,-0.5001212517802761,0.6098382256960048,4.041772200623576,True,AVAX/USDT
1727803800000,LONG,-0.07295903330385733,0.5728000292809136,4.4549012673150745,True,ENS/USDT
1727803800000,LONG,-0.04500118830705163,0.5304875619443382,4.1385645250732646,False,EGLD/USDT
1727803800000,LONG,1.1269390222836444,-0.25561616085073025,5.5614182069442,False,BIGTIME/USDT
1727804700000,LONG,-5.4385754255071195,0.017794019600235307,5.08857542550712,False,ARK/USDT
1727804700000,LONG,-5.003118430273301,0.6763040152617807,5.62385423966363,True,APE/USDT
1727804700000,LONG,-3.3665016501650107,0.49504490035025606,5.663399339933979,False,ENJ/USDT
1727804700000,LONG,-3.321703266688522,0.44566602420720364,5.102082065208915,False,ASTR/USDT
1727804700000,LONG,-2.9638176463369823,0.5441268268055394,5.756644987114994,True,CFX/USDT
1727804700000,LONG,-2.6939474349254366,-0.19356646559943078,5.389562800101071,False,CKB/USDT
1727804700000,LONG,-2.6421441967076538,0.15730074040734388,4.662783913315265,True,AXS/USDT
1727804700000,LONG,-2.1341601392515237,0.6675715502145678,4.0745430809399545,False,DASH/USDT
1727804700000,LONG,-2.062339371419716,1.0729936440713452,4.297878928626721,True,BCH/USDT
1727804700000,LONG,-1.783588990036558,0.7468232072384714,4.888015196043294,False,API3/USDT
1727804700000,LONG,-1.7517581373247633,0.9955467646779089,4.066286528866712,True,DOT/USDT
1727804700000,LONG,-1.6829630658150525,1.4534413066089598,5.089808386559289,True,FIL/USDT
1727804700000,LONG,-1.612980634296942,0.7099769822860031,4.273449340443438,True,ADA/USDT
1727804700000,LONG,-1.4602299762093454,1.631879906266513,4.411340206185559,True,ALGO/USDT
1727804700000,LONG,-1.2777298450691166,0.7914594798978527,5.202217274329719,True,DOGE/USDT
1727804700000,LONG,-1.2522887323943586,0.9699973125837654,4.55655809859154,False,BSV/USDT
1727804700000,LONG,-0.8999541704857958,0.5061121505173598,6.422731439046737,False,BLUR/USDT
1727804700000,LONG,-0.5524291497975585,0.8424152508860159,4.919478182636063,True,ATOM/USDT
1727804700000,LONG,0.07519266542652181,0.3958806942623516,4.830613871910702,False,GAS/USDT
1727805600000,LONG,-1.6301678908709327,0.7585415125043364,4.280676810073445,True,CAKE/USDT
1727947800000,LONG,-4.699790619765493,-0.19892893894914646,4.349790619765494,False,ACH/USDT
1727948700000,LONG,-7.209210526315785,0.5203726887677242,6.859210526315786,True,1000BONK/USDT
1728217800000,SHORT,4.288624770455004,-0.17014940532090742,4.638624770455004,False,ARK/USDT
1728227700000,SHORT,-0.19996249062265134,0.4213768960549813,4.814628657164273,False,CTSI/USDT
1728282600000,SHORT,4.081703561116471,-0.27321841575788247,4.43170356111647,False,ARK/USDT
1728351900000,SHORT,7.9160102739725975,0.12031531580134511,8.266010273972597,True,CFX/USDT
1728478800000,SHORT,-4.401102428132838,-0.5746153881804283,4.051102428132839,True,CHZ/USDT
1728656100000,SHORT,0.1603710004580272,-0.4057323893034608,5.300889877641814,True,ARKM/USDT
1728698400000,SHORT,4.4873809523809465,-0.1075014184030516,4.837380952380946,False,CELO/USDT
1728709200000,SHORT,-0.2072302671833502,-0.23388342738720488,4.698225576177847,False,ARK/USDT
1729053000000,SHORT,1.3983768723480403,-0.4151525465621329,5.114769183579559,True,ARKM/USDT
1729122300000,SHORT,-4.724444292299946,0.7461685230812525,4.3744442922999465,False,ACE/USDT
1729290600000,SHORT,-4.906046112337497,-0.12996727506751957,4.556046112337498,False,BIGTIME/USDT
1729376100000,SHORT,-6.989217710484031,0.2596671067476412,6.639217710484031,True,APE/USDT
1729393200000,SHORT,-4.379304029304027,-0.23287621303967682,6.689552476508995,False,ARK/USDT
1729404000000,SHORT,-7.531861277445092,0.8065910186878177,7.181861277445092,True,APE/USDT
1729404900000,SHORT,-9.915820117555725,0.7015675267916162,9.565820117555726,False,API3/USDT
1729431000000,SHORT,-6.260931174089064,0.13506241764703672,9.477246963562747,True,DYDX/USDT
1729431000000,SHORT,0.23631921824103563,2.2224113604978863,9.781127035830613,True,APE/USDT
1729431000000,SHORT,5.588162203814292,1.7565861211930656,10.820776343671737,False,API3/USDT
1729431900000,SHORT,1.3809205350117861,0.39365091441404765,11.663650668764749,False,ALICE/USDT
1729433700000,SHORT,-3.385778821828702,-0.17877921913705744,5.302312974340422,False,BLUR/USDT
1729448100000,SHORT,-4.648093587521648,-0.2185728489484656,4.298093587521648,False,ARPA/USDT
1729458900000,SHORT,-2.4860685047520414,0.3627769306707263,4.433941846240687,False,COTI/USDT
1729509300000,SHORT,4.1982769657526795,1.36875572218478,4.548276965752679,False,API3/USDT
1729511100000,SHORT,3.080574683861272,2.0253662225399984,10.365162138475025,True,APE/USDT
1729605600000,LONG,-2.5333657137570604,-0.041376674623102475,4.395364973633092,False,AGLD/USDT
1729645200000,SHORT,-5.160207877461702,0.26457621622453464,4.8102078774617025,False,BIGTIME/USDT
1729647000000,SHORT,3.7644598713173028,0.7315455808453631,5.624085675584141,False,ACE/USDT
1729686600000,LONG,-0.4577764881445744,0.9286521921743217,4.1021886917592525,True,APE/USDT
1729867500000,SHORT,4.372961850405514,0.5802826243568106,4.722961850405514,False,API3/USDT
1729867500000,SHORT,4.513457854406132,0.29314107569717046,4.863457854406132,True,APE/USDT
1729899900000,LONG,-0.020619235836630223,0.07029019316765851,4.415854194115072,False,BSV/USDT
1729899900000,LONG,0.06133455210237598,0.40454138743665646,5.084506398537482,False,DASH/USDT
1729899900000,LONG,0.12203579418345784,0.8032382760409309,5.942975391498884,True,APT/USDT
1729899900000,LONG,0.7352713178294582,-0.6560601137579296,6.328372093023258,False,CELO/USDT
1729899900000,LONG,1.261928269192011,0.1383850168441245,6.12571025589362,False,ARK/USDT
1729899900000,LONG,1.381565865782926,0.19541190985673124,8.651010770505382,True,FET/USDT
1729899900000,LONG,1.53031393067364,-0.47751428372769306,5.858812949640281,True,CHZ/USDT
1729899900000,LONG,2.15036237135818,-0.37598239721349835,4.982243803449764,True,AAVE/USDT
1729900800000,LONG,1.7683800623052872,-0.2508184668985471,5.580062305295963,False,CHR/USDT
1729900800000,LONG,2.4953608247422663,0.2040279453867806,4.3291134020618625,False,ANKR/USDT
1730052000000,SHORT,-4.831843591684598,-0.18765199370943142,4.481843591684599,False,API3/USDT
1730070000000,SHORT,4.34697577130903,0.13681279034691227,4.696975771309029,True,APE/USDT
1730214900000,SHORT,1.5073996405033037,0.37911896521946487,4.837237866986207,False,CYBER/USDT
1730300400000,SHORT,-4.78146401985109,-0.32108437278208934,4.431464019851091,False,BICO/USDT
1730396700000,SHORT,0.9481199641897878,-0.4100624675732906,5.463160250671435,False,BICO/USDT
1730421900000,SHORT,0.19680534918276615,-0.316498173499006,5.581771173848408,False,BIGTIME/USDT
1730647800000,LONG,4.38976047111759,0.0136053557981846,4.73976047111759,True,ARKM/USDT
1730649600000,LONG,3.7542622285366325,1.0742907855299715,4.104262228536633,True,DOGE/USDT
1730664000000,SHORT,2.4688807142266693,-0.000978775458321541,6.203414069604017,False,AGLD/USDT
1730813400000,SHORT,1.4599547511312232,0.22753210783369335,5.695726495726476,True,APE/USDT
1730818800000,SHORT,-0.8792652552926634,0.059053271902866265,7.880269302615176,False,AGLD/USDT
1730823300000,SHORT,-1.2952936444086962,0.5033561065128154,4.354766693483497,False,ARK/USDT
1730864700000,SHORT,-2.919298103420329,0.30882939820391325,5.551564272977785,False,AUCTION/USDT
1730868300000,SHORT,3.81088374130127,1.0906797719961512,4.16088374130127,True,DOGE/USDT
1730869200000,SHORT,-4.4691491320963195,0.09805020968179598,4.11914913209632,True,1000BONK/USDT
1730879100000,SHORT,-3.5432012471085135,0.45485503392160387,5.091561902846217,True,ARKM/USDT
1730879100000,SHORT,-0.5281707799920763,0.3857751983164704,4.013098851788297,True,AR/USDT
1730912400000,SHORT,0.9296307950492962,-1.402176572744533,5.181392909586732,False,ARPA/USDT
1730938500000,SHORT,-0.05414201183431927,0.9527922969893726,5.64142011834317,False,BAT/USDT
1730939400000,SHORT,3.646180121942256,0.34208564348004705,4.654462646000137,False,CKB/USDT
1730939400000,SHORT,5.2509877800407185,-0.11469323984879161,5.600987780040718,False,BIGTIME/USDT
1730941200000,SHORT,3.417060964513183,0.6456193690725519,5.958416742493172,False,ARK/USDT
1730943900000,SHORT,-5.450414976023606,0.18855434776020055,5.100414976023607,True,APE/USDT
1731016800000,SHORT,-0.05692717584370699,0.5656017315497395,4.833987566607456,True,ARKM/USDT
1731077100000,SHORT,-1.6049019607843147,0.5526202821953828,4.049777777777758,True,FIL/USDT
1731077100000,SHORT,0.632167352537734,0.3633317849342594,5.594299039780499,True,AR/USDT
1731114000000,SHORT,1.7648648648648688,0.877886146189631,6.829665540540532,False,EGLD/USDT
1731137400000,SHORT,-1.5479634621144065,0.27895661373186315,4.02482779275231,False,CYBER/USDT
1731141900000,SHORT,3.7658767268862943,0.27244771377938487,4.115876726886294,True,AR/USDT
1731168000000,SHORT,4.639747095010254,-0.14799462707720623,7.909911141490072,False,CTSI/USDT
1731184200000,SHORT,4.378971962616818,-1.364788823302755,10.967420560747655,False,ARPA/USDT
1731200400000,SHORT,-4.4572892311924015,-0.14568125964103948,4.107289231192402,False,AGLD/USDT
1731200400000,SHORT,-0.5369158878504674,0.7333142048608516,7.142897196261669,False,ARK/USDT
1731216600000,SHORT,-4.363701737864891,0.04199216267899385,4.013701737864891,True,1000BONK/USDT
1731217500000,SHORT,-5.074715854363303,0.7830057981257911,4.724715854363303,True,APT/USDT
1731218400000,SHORT,-4.429975686002089,1.9758823895014743,4.079975686002089,True,ADA/USDT
1731219300000,SHORT,-5.175005120852105,-0.4577239198486526,4.825005120852105,True,ENS/USDT
1731219300000,SHORT,-5.16380498682344,0.8707295997337148,4.81380498682344,True,DOT/USDT
1731221100000,SHORT,-4.9588305489260085,0.19702995719849342,4.608830548926009,False,BSV/USDT
1731229200000,SHORT,-2.1528232893021175,0.4374310785424341,8.431356652871461,False,API3/USDT
1731240900000,SHORT,-3.5263417305585887,0.393774016910481,4.254874041621013,False,CYBER/USDT
1731244500000,SHORT,5.414499121265378,2.14194459572218,5.764499121265378,True,ADA/USDT
1731249000000,SHORT,-9.857188317519817,-0.10296708624438254,9.507188317519818,True,1000SHIB/USDT
1731249000000,SHORT,-6.558330065103136,0.015118325296366282,6.208330065103136,True,1000BONK/USDT
1731249000000,SHORT,-5.715549071618028,0.7403302060719396,5.3655490716180285,True,1000PEPE/USDT
1731249000000,SHORT,-4.986674956954267,1.4640173057157504,4.636674956954267,True,DOT/USDT
1731249900000,SHORT,1.1293882978723437,-0.12320974227650947,6.240863253546086,False,BIGTIME/USDT
1731264300000,SHORT,7.204516012954286,0.8567971032198725,7.554516012954285,True,DOGE/USDT
1731274200000,LONG,3.7107444693015332,0.3512971979289742,4.060744469301533,True,CFX/USDT
1731275100000,LONG,3.904421732683742,0.0427946993612975,4.254421732683742,True,ENS/USDT
1731297600000,SHORT,2.3902622822470088,0.14167509197736514,8.746677431982757,True,ENS/USDT
1731302100000,SHORT,-5.508196276884123,0.8668258364930765,5.158196276884123,False,ARK/USDT
1731332700000,SHORT,4.835069498672499,0.8169797613307349,8.414227705762922,False,ARK/USDT
1731345300000,SHORT,-4.689380036178232,1.1323252414755363,4.339380036178232,True,APT/USDT
1731351600000,SHORT,4.157677137625011,0.14857413158892516,8.678349063248348,False,BLUR/USDT
1731369600000,SHORT,-5.647195266272166,0.8989139944211042,5.297195266272166,True,DOGE/USDT
1731369600000,SHORT,0.631260941924054,0.8810328519921791,4.503464672444713,True,BCH/USDT
1731369600000,SHORT,0.6582823190493347,1.4062114748874615,4.598055455527533,True,DOT/USDT
1731369600000,SHORT,1.4138646114730644,0.34017616626664604,4.157079294454146,False,BSV/USDT
1731369600000,SHORT,5.414485967360394,1.0358568311474283,5.764485967360393,True,APT/USDT
1731373200000,SHORT,-0.47660231049217006,0.5208502533164323,5.093574932742505,False,ARK/USDT
1731376800000,SHORT,4.929710711493352,0.9398138676098704,5.279710711493352,False,GAS/USDT
1731402000000,SHORT,4.789325842696618,0.5261014155242889,5.139325842696618,True,GALA/USDT
1731402000000,SHORT,5.430604812686312,0.08918158274982393,5.780604812686311,True,1000BONK/USDT
1731402900000,SHORT,4.878313060179247,1.2260903215932761,5.2283130601792465,True,ADA/USDT
1731404700000,SHORT,4.111520102808884,-1.287160696744533,4.461520102808883,False,ARPA/USDT
1731410100000,LONG,-6.8053913043478165,0.9402979740047095,6.455391304347817,False,GAS/USDT
1731410100000,LONG,-5.830190670752462,0.28569078715058355,5.480190670752462,True,FET/USDT
1731410100000,LONG,-5.656915793033488,0.4522164132466402,5.306915793033489,False,ARK/USDT
1731410100000,LONG,-3.6398284974652295,0.32582178894826586,6.2576960414194875,True,AR/USDT
1731410100000,LONG,-3.1398399857236297,0.5748453229986821,5.441865445244191,False,API3/USDT
1731410100000,LONG,-1.9555671791139764,0.14747327368905475,6.585099608841986,True,ARKM/USDT
1731455100000,SHORT,7.608049631120033,0.10335554394803398,7.958049631120033,True,1000BONK/USDT
1731458700000,SHORT,4.762526733384482,0.4524271518363292,5.112526733384482,False,ASTR/USDT
1731474900000,LONG,3.6706249001118763,-0.21569262924282462,4.020624900111876,False,AGLD/USDT
1731503700000,SHORT,-11.20141219811707,0.09287753615053904,10.851412198117071,True,1000BONK/USDT
1731509100000,SHORT,-9.234278378495725,-0.16690227215993997,8.884278378495726,True,1000PEPE/USDT
1731510000000,SHORT,5.111584471278635,0.18263089378018008,5.461584471278635,True,1000SHIB/USDT
1731516300000,SHORT,-6.06761615498277,-0.07904098838400707,5.71761615498277,False,BSV/USDT
1731520800000,SHORT,3.7104011509817103,-0.047846791994766075,4.06040115098171,False,ACH/USDT
1731524400000,SHORT,-1.9812056737588826,0.16929779644042564,4.443599290780156,True,APE/USDT
1731551400000,SHORT,-5.671180820470669,0.28363453013858364,5.321180820470669,False,API3/USDT
1731552300000,SHORT,2.9598290598290635,0.3373604945228213,10.061247435897418,True,1000PEPE/USDT
1731566700000,SHORT,-10.208377962844311,0.25859063899278895,9.858377962844312,True,1000BONK/USDT
1731566700000,SHORT,0.3291301030141097,0.3123561955974376,4.899793971766488,True,FET/USDT
1731566700000,SHORT,1.350680272108845,0.6819198554111057,4.242252456538165,False,BICO/USDT
1731566700000,SHORT,3.664486476931232,0.18836199278203053,4.014486476931232,False,ACE/USDT
1731599100000,LONG,-0.3716857645966838,0.6495656450887558,4.142432101871043,True,APT/USDT
1731601800000,LONG,-4.6609784957300135,0.2993260631189051,4.310978495730014,False,COTI/USDT
1731624300000,SHORT,-4.533699222126172,1.428855622751899,4.183699222126172,True,ADA/USDT
1731628800000,LONG,-0.8537308407186872,0.12197833415231531,5.260426150903755,True,DOGE/USDT
1731629700000,LONG,-4.987323619310812,0.40737168041042165,4.637323619310813,True,1000SHIB/USDT
1731674700000,SHORT,-6.253351955307262,0.5651951082243942,5.903351955307262,True,ALGO/USDT
1731677400000,SHORT,-3.56937758699985,1.440866356039285,7.065598650927487,True,ADA/USDT
1731708000000,SHORT,0.2053981297818096,0.2684686403013622,4.097132332105401,False,API3/USDT
1731713400000,SHORT,3.276308771776434,0.009565127604491828,7.495449080854214,True,1000BONK/USDT
1731715200000,SHORT,3.548168848909169,0.8638192888301169,5.886588981468866,True,1000PEPE/USDT
1731717900000,SHORT,-5.96904627936419,1.3133757863845916,5.61904627936419,True,ADA/USDT
1731717900000,SHORT,-2.8538323965252874,0.5175609087683641,5.681451200817553,False,CHR/USDT
1731749400000,SHORT,4.34052224371374,1.4095939318415054,6.265618955512547,True,ALGO/USDT
1731760200000,SHORT,-1.2259635599159084,0.32382932892262056,4.236089698668518,True,GALA/USDT
1731764700000,SHORT,4.253411160788218,0.20072699749358372,9.559355853618131,True,APE/USDT
1731777300000,SHORT,-4.661999999999998,0.7542287821628251,4.3119999999999985,True,CRV/USDT
1731783600000,SHORT,-4.711520138588112,0.8945733743566984,4.361520138588112,True,FIL/USDT
1731797100000,SHORT,-4.871225983531557,0.00938738633354507,4.521225983531557,True,1000BONK/USDT
1731798900000,SHORT,3.9265783774779126,-0.08980015191235942,4.276578377477913,True,AXS/USDT
1731806100000,SHORT,4.290885947046829,0.677629973652267,4.640885947046828,True,DOT/USDT
1731807000000,SHORT,1.4206173233370518,0.3929981853039811,6.331759451268123,True,ATOM/USDT
1731839400000,SHORT,3.0728928965770974,0.5477231028997991,4.303140228192862,False,ASTR/USDT
1731846600000,SHORT,-1.8963560085985707,-1.585787687060437,4.72346577907219,False,AGLD/USDT
1731904200000,SHORT,-5.90825575698186,0.8626063088419108,5.55825575698186,True,ALGO/USDT
1731905100000,SHORT,-4.743877551020391,0.7561544968109225,4.393877551020392,False,FLOW/USDT
1731916800000,SHORT,-1.424017247764656,0.3277576117473891,4.513438442410429,False,DUSK/USDT
1731918600000,SHORT,-4.854066060415999,0.8905306893786972,4.504066060415999,False,ENJ/USDT
1731946500000,SHORT,-0.08544973544973516,1.168853440718385,5.34153439153438,True,CRV/USDT
1731956400000,SHORT,-2.6321838355818836,0.5712994835793653,5.700088261253286,True,CHZ/USDT
1731989700000,SHORT,-6.264758269720077,1.117324742507391,5.914758269720077,True,CRV/USDT
1731991500000,SHORT,1.381374606505767,0.5720466742735426,5.562329485834182,False,AUCTION/USDT
1732014900000,SHORT,-1.0609004739336498,1.2061458148778021,4.578199052132689,True,CRV/USDT
1732021200000,SHORT,-0.09010973144672307,0.9545462050230922,4.557609009529303,False,ANKR/USDT
1732034700000,SHORT,-5.2594564737074485,0.6209695981016842,4.909456473707449,True,ALGO/USDT
1732098600000,SHORT,4.239441412669371,0.8734168219864238,4.589441412669371,True,APT/USDT
1732131900000,LONG,2.6323212913143865,-1.9758741941788578,8.806302843966185,False,AGLD/USDT
1732201200000,SHORT,-0.9127318071364572,0.67101128775557,5.597851387645474,True,ARB/USDT
1732215600000,SHORT,-0.6812041637094852,0.41708441852105016,8.426981310622175,False,ACE/USDT
1732261500000,SHORT,-4.665417376490614,0.62439515014294,4.315417376490615,True,ALGO/USDT
1732281300000,SHORT,-6.168816242624866,0.8473584969256831,5.818816242624866,True,AVAX/USDT
1732281300000,SHORT,-5.897826086956502,0.11669938041776896,5.547826086956502,True,ATOM/USDT
1732312800000,SHORT,-5.200729606889391,0.83867766876369,4.8507296068893915,False,COTI/USDT
1732317300000,SHORT,-4.888028169014077,0.6929204800558882,4.538028169014077,True,ADA/USDT
1732320000000,SHORT,-3.2687396351575546,0.7200301633741667,9.215555555555548,False,COMP/USDT
1732325400000,SHORT,0.7368566176470727,0.9426706405558836,4.443828124999983,True,AVAX/USDT
1732328100000,SHORT,-4.505351001416142,0.8513265946261257,4.155351001416142,True,FIL/USDT
1732328100000,SHORT,-3.490623183350788,0.18853908726253474,5.393131612603186,False,ASTR/USDT
1732328100000,SHORT,-2.09694926140013,0.4372195367819954,5.943082851637764,True,ATOM/USDT
1732329000000,SHORT,-5.313421721758088,1.1150920834747386,4.963421721758088,True,ALGO/USDT
1732329000000,SHORT,-4.655708825403043,0.1305704733024304,4.305708825403044,True,AR/USDT
1732329000000,SHORT,-2.301086400382028,-0.5898881541472026,4.090715284647121,True,ETC/USDT
1732329000000,SHORT,-1.5121472053126777,-0.07722336489259878,4.6711261759822875,False,BSV/USDT
1732329000000,SHORT,2.0179718046147874,0.40235219868594807,5.1090680470657155,True,BCH/USDT
1732329900000,SHORT,-4.932581271227546,0.31151710960256496,4.582581271227546,True,CAKE/USDT
1732335300000,SHORT,-5.32576428275002,0.6813165579032402,4.975764282750021,True,DOT/USDT
1732337100000,SHORT,-4.404349728688953,0.053662977608455835,5.435261683878861,True,DOGE/USDT
1732362300000,SHORT,-4.710728744939261,1.0819561121358716,4.360728744939261,True,CRV/USDT
1732366800000,SHORT,-5.04945171339562,0.997606902891415,4.699451713395621,True,DOT/USDT
1732370400000,SHORT,2.2686579378068807,0.8750274300227819,4.075613747954147,False,CHR/USDT
1732374000000,SHORT,0.916429353778745,0.06604812699923478,6.881157584884981,False,BLUR/USDT
1732376700000,SHORT,3.73213972522653,1.7739544372012492,4.08213972522653,False,DASH/USDT
1732377600000,SHORT,4.930710904628335,-0.04293395563928197,5.280710904628335,True,AR/USDT
1732378500000,SHORT,-5.216920152091259,0.7780958110998216,8.194334600760449,True,FIL/USDT
1732378500000,SHORT,-3.35120048019208,0.8364786389326881,6.3204081632652995,False,FLOW/USDT
1732378500000,SHORT,-2.23679245283019,0.5803119289784547,5.094213836477967,False,CELO/USDT
1732378500000,SHORT,-1.5522255151396531,0.33169805760353294,6.292705566583702,False,EGLD/USDT
1732417200000,SHORT,-4.603116162520132,0.2527658820339957,4.253116162520132,False,ACE/USDT
1732422600000,SHORT,-6.480168332456592,0.40359383895761425,6.130168332456592,True,GALA/USDT
1732422600000,SHORT,-6.011528766310775,1.2439632315252434,5.661528766310775,False,ENJ/USDT
1732422600000,SHORT,-5.294323387396306,0.17574103122180726,4.944323387396306,True,AXS/USDT
1732422600000,SHORT,1.3431216931216827,0.9221198280970256,7.411216931216918,False,FLOW/USDT
1732422600000,SHORT,1.936629769880562,-0.6018530837183947,5.493220215554894,True,APE/USDT
1732422600000,SHORT,3.346434412823039,1.2474903813205593,7.977526987242375,True,ALGO/USDT
1732422600000,SHORT,3.6337484170536096,0.5930659198733079,5.375332418742083,True,CFX/USDT
1732428000000,SHORT,3.665799868334427,0.5615909473458336,5.714483212639893,False,ALICE/USDT
1732428000000,SHORT,3.8779038854805603,0.5141775566582674,4.22790388548056,True,CHZ/USDT
1732431600000,SHORT,4.926872964169379,0.8961211901779632,10.836400651465796,False,GAS/USDT
1732437900000,SHORT,4.119550544562045,0.310399774057478,4.469550544562044,False,ARK/USDT
1732437900000,SHORT,4.564666208108819,0.8151302979454493,4.914666208108819,True,CAKE/USDT
1732452300000,LONG,1.9182248191430142,0.1250247276044651,5.5241246521981155,True,1000BONK/USDT
1732453200000,LONG,-5.422053525476069,0.4664425910729298,5.072053525476069,True,CFX/USDT
1732453200000,LONG,-4.5149202888677,0.2704059906943004,4.1649202888677,False,AUCTION/USDT
1732453200000,LONG,-1.5830456226880405,-0.7955075967768914,5.463255240443908,True,APE/USDT
1732453200000,LONG,-1.4764205974052085,0.5175420221753366,5.624419189379459,True,ADA/USDT
1732453200000,LONG,-0.524404618715415,0.464909436925336,4.065431801780124,True,AAVE/USDT
1732453200000,LONG,-0.44175995595521916,0.9411324057422881,5.166984767847312,True,FIL/USDT
1732453200000,LONG,-0.35752030482302244,1.0743469329157846,4.368775694374815,True,AVAX/USDT
1732453200000,LONG,-0.33559354590856594,-0.1463723477617711,4.245101805608907,True,DOGE/USDT
1732453200000,LONG,-0.2655048584706355,0.8052407501189756,4.8911702577101765,False,CHR/USDT
1732453200000,LONG,0.4442988642268537,0.873901085353127,4.155964664835577,False,CKB/USDT
1732453200000,LONG,1.0486013986014,0.5574788751980243,4.035014985014974,False,CYBER/USDT
1732453200000,LONG,1.1283526927138463,0.7251851382656946,5.511351636747619,False,ANKR/USDT
1732453200000,LONG,4.136369509043931,0.7417948385292202,4.48636950904393,False,BICO/USDT
1732453200000,LONG,4.708362476856618,0.14114659805420324,5.058362476856618,False,BLUR/USDT
1732454100000,LONG,-5.194050384734188,0.20168337269290054,4.844050384734189,False,ASTR/USDT
1732454100000,LONG,-5.0836117381489725,-1.8553304951474907,4.733611738148973,False,AGLD/USDT
1732454100000,LONG,-5.081111111111109,0.5103510981863144,4.731111111111109,False,CTSI/USDT
1732454100000,LONG,-5.0618530225207365,1.368063413405512,4.711853022520737,False,BAT/USDT
1732454100000,LONG,-4.748710558252429,0.1659174255235514,4.3987105582524295,False,COMP/USDT
1732454100000,LONG,-4.362422938871701,0.36624288095842,4.012422938871701,False,EGLD/USDT
1732454100000,LONG,-2.1489786443825367,0.7493202332335482,7.080896007428036,True,DOT/USDT
1732454100000,LONG,-2.1344481210115758,0.5709930971807134,4.61224296856534,True,1000SHIB/USDT
1732454100000,LONG,-2.0958026820597735,-0.7341403643557353,4.672468410122849,True,ETC/USDT
1732454100000,LONG,-1.843072145246066,0.5280927939453562,5.0158623984711,True,ARB/USDT
1732454100000,LONG,-1.6771623550222103,0.6039822239226487,4.551113087700254,True,1000PEPE/USDT
1732454100000,LONG,-1.552875165028616,0.16355879094763862,4.307305266246149,False,BSV/USDT
1732454100000,LONG,-0.9421969345099908,0.6948033225053694,4.554499535531824,True,APT/USDT
1732454100000,LONG,-0.727833753148615,0.5693018084015238,4.694836272040303,False,CELO/USDT
1732454100000,LONG,-0.6083848414226283,-0.3333401261541569,4.99758840814672,True,ENS/USDT
1732454100000,LONG,-0.41734006734007484,0.6467401622147254,5.671043771043781,True,DYDX/USDT
1732454100000,LONG,0.44486150140506553,0.4442120470152135,4.542553191489356,True,BCH/USDT
1732454100000,LONG,0.9106543153166918,0.27555771835189846,4.6303577808400895,False,API3/USDT
1732454100000,LONG,0.9919257012888557,0.15733655179057116,5.6175852918878,False,ACH/USDT
1732454100000,LONG,2.513970867157268,0.2043757858397545,5.874607389424186,False,ACE/USDT
1732454100000,LONG,4.853744713206286,0.1577203206368503,5.2037447132062855,True,AR/USDT
1732454100000,LONG,6.4477458458185835,-0.09601217744870227,6.797745845818583,False,BIGTIME/USDT
1732464900000,LONG,3.9155534709193174,0.6716364430158945,4.2655534709193175,True,ALGO/USDT
1732492800000,SHORT,-6.068591654247397,-0.28462393528233276,5.718591654247398,True,AXS/USDT
1732492800000,SHORT,-1.7508620689655063,0.595986980834443,4.190948275862049,False,FLOW/USDT
1732492800000,SHORT,-1.4354059418222422,0.4390592499067155,5.659328288779979,False,BLUR/USDT
1732492800000,SHORT,-1.0682845674448083,0.0927260971896012,4.993450934826213,True,CHZ/USDT
1732492800000,SHORT,1.810977137488253,0.6847991122678979,6.655788704457659,False,ENJ/USDT
1732492800000,SHORT,3.7506228912535504,0.1407053650411501,4.1006228912535505,True,GALA/USDT
1732495500000,SHORT,5.966719846841079,1.2581401390435218,6.316719846841079,False,BAT/USDT
1732527900000,SHORT,2.4746831727615013,0.5510624503676469,10.271466556165612,True,CAKE/USDT
1732534200000,SHORT,-7.535452306609775,0.021833038818925603,7.1854523066097755,True,ENS/USDT
1732534200000,SHORT,-5.313050697365495,0.368649923808732,4.963050697365495,True,ARB/USDT
1732535100000,SHORT,4.151620456830904,0.15568248537801863,4.501620456830904,False,BLUR/USDT
1732540500000,SHORT,4.484358047016241,0.9917712997430751,4.834358047016241,True,CRV/USDT
1732547700000,LONG,-2.904620213128317,0.2107771907854989,4.149542601333262,True,DOGE/USDT
1732547700000,LONG,-2.657692307692318,0.47124189179032133,4.353736263736263,True,ALGO/USDT
1732547700000,LONG,-2.291747572815536,-0.003515374341690622,4.379264909847428,False,ALICE/USDT
1732575600000,LONG,1.3545454545454563,0.008444209335711814,4.194531249999998,False,ALICE/USDT
1732575600000,LONG,2.009978798051446,0.2770281701225358,4.0948358111007295,True,DOGE/USDT
1732621500000,LONG,-0.04553126198695312,0.332817313490436,4.6597238204833085,True,1000BONK/USDT
1732621500000,LONG,3.683018396320746,1.031123843862668,4.033018396320746,True,AVAX/USDT
1732621500000,LONG,3.6966878980891704,0.46284352252093913,4.0466878980891705,True,DOT/USDT
1732622400000,LONG,-1.650056308171326,0.7916597345209596,4.7834343568171676,True,1000PEPE/USDT
1732622400000,LONG,-0.35,0.3277565516158757,4.563199912510934,True,ADA/USDT
1732622400000,LONG,0.2381266977872748,0.414234089221586,4.073228367223159,True,DOGE/USDT
1732622400000,LONG,0.9096576674433575,0.5044806685467452,4.581166453511818,True,APT/USDT
1732667400000,SHORT,0.29559972816853985,0.7242433832316322,5.75293917770981,True,ALGO/USDT
1732683600000,SHORT,-4.652958410161834,0.45900247090040686,4.302958410161835,True,ENS/USDT
1732714200000,SHORT,-4.359064327485369,-0.30395476696903384,4.009064327485369,True,CAKE/USDT
1732755600000,SHORT,0.17874306024733344,0.5434316227410102,9.365684575389936,True,ENS/USDT
1732761900000,SHORT,-2.3757010824840212,0.17727743519747485,4.160378552889771,False,BIGTIME/USDT
1732797000000,SHORT,5.85368930455114,0.5749414055322892,6.20368930455114,True,ENS/USDT
1732817700000,SHORT,1.3182775139723617,0.12016184203125516,4.510602176744947,True,ARKM/USDT
1732839300000,SHORT,0.24537985234579718,0.9870263520124087,5.053441295546559,False,BICO/USDT
1732842000000,SHORT,-5.687488789237644,0.570099513274685,5.337488789237645,True,ALGO/USDT
1732896000000,SHORT,-6.775983436852977,0.5943611813639564,6.425983436852977,True,ALGO/USDT
1732923000000,SHORT,5.034126278345935,0.9111671716931675,5.384126278345935,True,ALGO/USDT
1732940100000,SHORT,0.01825544808297691,0.3006933837554123,5.665074000699215,True,ENS/USDT
1732953600000,SHORT,-0.9471520440973838,1.3047480550205521,4.277599142550909,False,EDU/USDT
1732955400000,SHORT,-4.547788441477155,0.09460949976934241,5.029355309826816,True,AR/USDT
1732977900000,SHORT,-1.4192328254477422,-0.03673170809848913,4.814974605720383,True,FET/USDT
1733000400000,SHORT,3.8048927399924293,0.5068409468915471,4.154892739992429,False,ENJ/USDT
1733055300000,SHORT,-3.8174922600619157,0.311304817812654,8.642807017543868,True,ALGO/USDT
1733081400000,SHORT,1.0087431625746186,0.5613242956610078,4.175517646177269,False,BLUR/USDT
1733090400000,SHORT,-4.89650017901897,-0.002647569379253563,4.54650017901897,True,ADA/USDT
1733100300000,SHORT,1.4879415055138137,0.17924190275207103,4.499872143199607,False,GAS/USDT
1733103900000,SHORT,-5.581207989245241,0.8914133580043639,5.231207989245242,False,DASH/USDT
1733111100000,SHORT,-2.890476503883121,0.26895654303645394,5.515019086481496,False,COMP/USDT
1733111100000,SHORT,-0.6619297203242489,0.6532578926176477,4.6992721639858965,True,AVAX/USDT
1733123700000,SHORT,4.090213049267642,0.8930911038082692,4.4402130492676415,True,CRV/USDT
1733130000000,LONG,-0.6269332354376125,0.9002534952647239,4.051947156013951,True,1000PEPE/USDT
1733130000000,LONG,1.2648223695393463,0.25142032493405275,4.858779534251227,False,GAS/USDT
1733130000000,LONG,3.6647112161345183,0.5358280049582512,4.014711216134518,False,BLUR/USDT
1733148900000,SHORT,4.4873271785633735,0.39201355891654655,4.837327178563373,True,ENS/USDT
1733171400000,SHORT,-5.2566123778501455,0.7481708834566179,4.906612377850146,False,CHR/USDT
1733185800000,SHORT,-4.541425418116972,0.08253170879180337,4.191425418116973,True,CHZ/USDT
1733186700000,SHORT,-0.11637995115216904,-0.37528618628259514,5.13553148561113,True,AXS/USDT
1733188500000,SHORT,-4.7249027237354,0.6494406750742722,4.3749027237354,False,BIGTIME/USDT
1733197500000,SHORT,-4.823732119635885,0.7296870132836502,4.473732119635885,True,CRV/USDT
1733207400000,SHORT,-3.968881118881128,0.18739573657858286,5.9988636363636365,True,ALGO/USDT
1733208300000,SHORT,-5.158107526881716,0.8984389016258734,4.808107526881717,False,ANKR/USDT
1733208300000,SHORT,-4.57218758855199,0.7802724120595103,4.22218758855199,False,CHR/USDT
1733208300000,SHORT,-0.7470600658950732,0.46628382812269026,4.536715383965518,True,CFX/USDT
1733208300000,SHORT,0.9265957446808527,0.36878623496655366,5.1112959381044325,True,GALA/USDT
1733208300000,SHORT,3.9854354175359066,-0.2624015251988597,4.335435417535907,True,APE/USDT
1733210100000,SHORT,2.5505384537234685,0.6039261793288414,10.596977547495676,False,BIGTIME/USDT
1733231700000,SHORT,5.828950050968399,1.2282365748326423,6.178950050968399,False,DASH/USDT
1733232600000,SHORT,4.82639027639026,0.49605251077264406,5.17639027639026,False,COMP/USDT
1733232600000,SHORT,5.132346609257248,0.7697202403025791,5.482346609257248,True,CRV/USDT
1733237100000,LONG,-0.008390268288619163,-0.03563370414881543,5.3007832027995345,True,ADA/USDT
1733237100000,LONG,1.055923559051248,0.2721746617701935,4.921708246282415,True,DOGE/USDT
1733237100000,LONG,1.0700051876980368,0.8679148172148965,4.489936374409392,True,1000PEPE/USDT
1733237100000,LONG,1.9780969589694508,0.12014733712257124,6.341755783366512,True,1000BONK/USDT
1733237100000,LONG,2.006020942408369,0.6489845572997467,4.897798178297367,True,1000SHIB/USDT
1733237100000,LONG,2.383214497920387,0.33043897484009016,4.9897900574371175,True,ARB/USDT
1733237100000,LONG,2.477638959714436,0.29293962054745243,5.335841407445182,True,ENS/USDT
1733237100000,LONG,3.3701838208476134,-1.3470875343521707,4.285381865927491,False,AGLD/USDT
1733237100000,LONG,4.027590298774347,0.697609957261696,4.377590298774346,True,CAKE/USDT
1733237100000,LONG,4.233612769553735,0.5546999637049289,4.583612769553735,False,BLUR/USDT
1733237100000,LONG,4.628238078597066,0.4898285019142672,4.978238078597066,False,ACE/USDT
1733237100000,LONG,4.73200241407789,-0.3032575161125821,5.082002414077889,True,APE/USDT
1733237100000,LONG,5.487977737566485,0.6284605958914623,5.837977737566485,False,BIGTIME/USDT
1733237100000,LONG,5.6044460198501085,0.23641310582175712,5.954446019850108,True,GALA/USDT
1733238000000,LONG,1.4270597738287467,0.08156160811061336,4.434033387183627,True,ATOM/USDT
1733238000000,LONG,3.9479942693409744,-0.4334112159069465,4.893627507163321,True,AXS/USDT
1733263200000,SHORT,3.3428908010653466,-0.25393423742440613,6.767819094447862,True,APE/USDT
1733270400000,SHORT,-5.283894645941264,0.48255095600405806,4.9338946459412645,True,CFX/USDT
1733270400000,SHORT,-0.575988700564972,-0.031751904606898654,9.734999999999994,False,GAS/USDT
1733272200000,SHORT,0.029630841733212954,0.09484803145188629,5.630776279617741,False,ARK/USDT
1733273100000,SHORT,-1.0398594150131588,0.639608878955716,5.333958155497098,True,BCH/USDT
1733274000000,SHORT,-5.497539543057991,-0.0450033169852713,5.1475395430579916,False,FLOW/USDT
1733277600000,SHORT,-3.071490487447951,-0.027716213322022513,4.71487110210513,True,ETC/USDT
1733281200000,SHORT,-4.623319502074667,0.6525013052841572,4.273319502074667,False,BLUR/USDT
1733301000000,SHORT,-8.493146274149018,0.425403473431218,8.143146274149018,True,CRV/USDT
1733302800000,SHORT,1.7072625018259782,0.8087878667969223,10.37541997370596,True,CAKE/USDT
1733305500000,SHORT,-4.5076923076922935,0.0070653476066042074,4.157692307692294,False,FLOW/USDT
1733313600000,SHORT,-6.557003287070843,0.2987778191768809,6.207003287070843,False,COMP/USDT
1733313600000,SHORT,-4.919220537376951,1.2923021313394158,4.569220537376951,False,EDU/USDT
1733318100000,SHORT,-5.921997164269772,-0.2698116845517448,5.5719971642697725,True,APE/USDT
1733319000000,SHORT,3.8799829642248542,-0.361205913353806,4.229982964224854,True,AXS/USDT
1733319000000,SHORT,4.156826801517069,0.03619565238774478,4.506826801517069,True,CHZ/USDT
1733320800000,SHORT,3.8626647666547798,0.4427805109041008,4.21266476665478,True,DOT/USDT
1733323500000,SHORT,6.341248937977896,0.4211301761675227,6.691248937977895,True,CRV/USDT
1733328000000,SHORT,-5.037605633802817,0.24888600671917577,4.687605633802817,True,GALA/USDT
1733343300000,SHORT,5.635446502211887,0.8453304785336856,5.985446502211887,False,COMP/USDT
1733358600000,SHORT,4.368195032547537,0.6503808061859795,4.718195032547537,True,1000SHIB/USDT
1733400900000,SHORT,0.5948361072752348,-0.2299188736985265,4.382273421033514,True,CHZ/USDT
1733403600000,SHORT,-3.279705215419498,0.71032938074049,4.953374149659851,False,BIGTIME/USDT
1733418000000,SHORT,-5.190728210085367,0.1636931807591757,4.840728210085367,False,DASH/USDT
1733421600000,SHORT,4.455696837878515,0.4849726904782781,4.805696837878514,False,COMP/USDT
1733436900000,SHORT,1.924700468831404,0.9199659202621535,9.025525264802898,False,ANKR/USDT
1733438700000,LONG,1.0191229043456178,1.3499935114497663,6.9213778998640105,True,BTC/USDT
1733467500000,SHORT,5.394614079728577,0.9446732253591212,5.744614079728577,True,DYDX/USDT
1733477400000,SHORT,-0.8293819231127151,1.239181569368892,4.977492320580827,False,AUCTION/USDT
1733498100000,SHORT,-9.085660218671128,-0.09808403253160083,8.735660218671129,True,CRV/USDT
1733522400000,SHORT,0.17488687782805679,0.6498294883564731,4.221230769230773,False,1INCH/USDT
1733531400000,SHORT,4.749802254300952,0.17444768287968632,5.099802254300951,True,ALGO/USDT
1733553000000,SHORT,5.651508120649655,0.9445832607099107,6.001508120649655,True,DYDX/USDT
1733555700000,SHORT,1.4971104608632038,0.5961790743974174,5.821269202633503,False,1INCH/USDT
1733590800000,SHORT,-0.8937553101104517,0.6172560586815525,4.373355989804579,False,BIGTIME/USDT
1733602500000,SHORT,4.634429354254469,0.8782532871309772,4.984429354254469,True,1000PEPE/USDT
1733670000000,SHORT,2.4415353444394428,-0.1746198179453818,4.003106708689779,True,CHZ/USDT
1733674500000,SHORT,-3.013064453878809,1.0072539029918983,4.7904670011578245,True,DYDX/USDT
1733675400000,SHORT,-5.207354509445443,1.2187755673727907,4.857354509445443,False,API3/USDT
1733683500000,SHORT,-1.5645196506550243,0.36481855262171414,4.39248089519651,False,ARPA/USDT
1733702400000,SHORT,5.4230327732490355,0.5390024926180095,5.773032773249035,False,1INCH/USDT
1733704200000,SHORT,3.2977799372103416,-0.6104047715600119,4.483540140529209,False,GAS/USDT
1733778900000,LONG,-1.7440759210231027,0.8505781390292224,6.306875187612064,True,ETH/USDT
1733779800000,LONG,-0.6528538147932335,0.5724428454210136,8.10993011065812,True,BNB/USDT
1733780700000,LONG,-11.173052018130797,-0.5971551362724269,10.823052018130797,False,DASH/USDT
1733780700000,LONG,-4.307619196011211,-0.17651132823403515,11.891077977802809,True,DOGE/USDT
1733780700000,LONG,-3.009574468085117,0.7840939974551369,11.226134230287865,False,DUSK/USDT
1733783400000,LONG,-2.281004556302878,0.4504804956833337,6.378476893035352,False,1INCH/USDT
1733783400000,LONG,-1.8651515151515166,0.004648297749283959,7.31352813852815,False,FLOW/USDT
1733783400000,LONG,-1.6679571663920867,-1.3506381438035586,7.308017572762206,False,AGLD/USDT
1733783400000,LONG,-0.6294857462269364,-0.9174154717612056,6.188746040618602,False,GAS/USDT
1733783400000,LONG,-0.6126641651032021,0.36265175582079706,6.435384615384628,False,BAT/USDT
1733783400000,LONG,-0.4276397515528053,-0.1702063047139327,7.353697593167709,True,CHZ/USDT
1733783400000,LONG,-0.41097560975608544,-0.07516503970954977,6.440060975609745,False,BSV/USDT
1733783400000,LONG,-0.1494138041345032,0.03725862623080528,7.559779873941945,True,APT/USDT
1733783400000,LONG,-0.07906721713328069,0.26483572368824515,6.955813586777354,False,ASTR/USDT
1733783400000,LONG,0.11084016488351178,0.5057187722182527,6.926348941688677,False,EGLD/USDT
1733783400000,LONG,0.4213162014586307,0.37430536655799745,6.8783955095650855,True,1000SHIB/USDT
1733783400000,LONG,0.44269757386498854,0.2963104140066029,8.957590679798226,True,DOT/USDT
1733783400000,LONG,0.478491499892408,0.3954123332148222,8.753152571551535,True,ARB/USDT
1733783400000,LONG,0.6274261112403928,0.6623999979031001,7.724714917384219,False,ANKR/USDT
1733783400000,LONG,0.7156652796102777,0.11701282023429094,7.02896579721912,True,ADA/USDT
1733783400000,LONG,0.9638397708189302,-0.11748851424815317,6.583572063617509,True,ETC/USDT
1733783400000,LONG,0.9940197287299629,-0.11575658166737972,6.581960542540062,True,ATOM/USDT
1733783400000,LONG,1.0013513513513526,0.8596308949474317,7.4039312039312035,False,CELO/USDT
1733783400000,LONG,1.1183922349427617,-0.1508125638431583,8.339522150323543,True,ALGO/USDT
1733783400000,LONG,1.1186431014823222,0.5899448345938598,6.779931584948685,True,AVAX/USDT
1733783400000,LONG,1.3488094409246116,-0.24773396236128936,8.532555872728521,True,APE/USDT
1733783400000,LONG,1.4032674529805504,-0.10076181308440059,8.467963021995546,True,ARKM/USDT
1733783400000,LONG,1.5904155233241903,0.6854565548445176,7.4423657389259015,False,API3/USDT
1733783400000,LONG,2.096774706069269,0.4083188559266731,7.090287045863788,False,ACH/USDT
1733783400000,LONG,2.4749906611878987,0.3397361697984495,6.738415203586104,True,AR/USDT
1733783400000,LONG,2.6535335689045936,0.0641053636489297,9.239531802120137,True,GALA/USDT
1733783400000,LONG,2.688810900082579,0.783581158810714,8.055359207266727,True,FIL/USDT
1733783400000,LONG,3.035306072923609,-0.03346676207982837,7.262003276102659,True,FET/USDT
1733783400000,LONG,3.3453727506426767,0.22599217140030556,7.412275064267343,False,COMP/USDT
1733783400000,LONG,4.706179775280903,0.6699483086347184,7.021348314606746,False,CHR/USDT
1733783400000,LONG,4.8256490239484835,0.13432249360198006,5.175649023948472,True,AAVE/USDT
1733783400000,LONG,6.691891117478493,0.9329944210853672,7.041891117478492,False,BICO/USDT
1733783400000,LONG,6.940310582108979,0.9561653375595067,7.290310582108979,True,CAKE/USDT
1733783400000,LONG,8.4471590909091,0.7481397752349461,8.797159090909087,True,DYDX/USDT
1733783400000,LONG,8.836775702326694,-0.10566712229241644,9.186775702326694,True,ENS/USDT
1733784300000,LONG,-2.9888705633988675,-0.4862389868650155,8.995302810397147,True,AXS/USDT
1733784300000,LONG,0.6619088593653192,0.46630065033352647,9.729875404419358,False,COTI/USDT
1733784300000,LONG,1.8213316369804855,0.15762160859184776,8.773231552162851,False,ARPA/USDT
1733785200000,LONG,-2.6898565698310537,0.8495412637013006,10.188805153762011,False,AUCTION/USDT
1733785200000,LONG,-2.4818931210915314,0.3925535297859021,11.250562819783969,False,BIGTIME/USDT
1733785200000,LONG,-0.9063531945441439,0.5743637037772453,10.62070351758795,False,ACE/USDT
1733785200000,LONG,-0.8943460589345363,0.46554151770383045,9.518885179271308,False,CKB/USDT
1733785200000,LONG,-0.4886001386001387,-0.03571231942316695,11.07837837837838,False,ALICE/USDT
1733785200000,LONG,-0.1030689995766973,0.3935120341564604,11.019825031748278,False,ENJ/USDT
1733785200000,LONG,0.07637580565195823,0.138059976224957,9.67684184432325,True,CFX/USDT
1733786100000,LONG,-5.309926116286536,-0.05604166798322599,4.959926116286536,False,ARK/USDT
1733786100000,LONG,-5.013349104427181,1.1720440302593491,4.663349104427182,False,EDU/USDT
1733802300000,LONG,5.852386415787049,-0.325613555170144,6.202386415787049,False,DASH/USDT
1733849100000,LONG,-5.805726922204581,0.23223626949981307,5.455726922204581,True,GALA/USDT
1733849100000,LONG,-5.584011778076248,0.11944052309923883,5.2340117780762485,True,DOGE/USDT
1733849100000,LONG,-5.513767695099818,-0.047685584592846456,5.163767695099819,True,APE/USDT
1733849100000,LONG,-5.212661347101627,-0.34198015023129746,4.862661347101628,False,DASH/USDT
1733849100000,LONG,-5.133349538162373,1.2828915626178619,4.783349538162374,False,CYBER/USDT
1733849100000,LONG,-5.056982703395254,0.5495973290894554,4.706982703395254,False,DUSK/USDT
1733849100000,LONG,-4.86355265622073,0.7904694193405063,4.51355265622073,False,BIGTIME/USDT
1733849100000,LONG,-4.853343717549313,0.31151569548524877,4.503343717549313,True,CFX/USDT
1733849100000,LONG,-4.772932330827077,0.021929170807980663,4.422932330827077,False,ALICE/USDT
1733849100000,LONG,-4.76534748437403,1.106757019369444,4.41534748437403,True,CAKE/USDT
1733849100000,LONG,-4.731396666509273,0.43592770177479134,4.381396666509273,True,AR/USDT
1733849100000,LONG,-4.7018837140314345,1.029852804265826,4.351883714031435,False,BICO/USDT
1733849100000,LONG,-4.673607142857145,0.06748515562877276,4.323607142857146,False,ARPA/USDT
1733849100000,LONG,-4.642944823310597,0.4085452166322043,4.292944823310598,True,DOT/USDT
1733849100000,LONG,-4.6229839974898175,0.38875142928001677,4.272983997489818,False,CKB/USDT
1733849100000,LONG,-4.605195751770085,-0.06925357132078108,4.255195751770086,True,CHZ/USDT
1733849100000,LONG,-4.495643715107417,-1.3253264882388958,4.1456437151074175,False,AGLD/USDT
1733849100000,LONG,-4.484615384615384,1.0795237789776266,4.134615384615384,False,CELO/USDT
1733849100000,LONG,-4.476285300506876,0.6461410880809478,4.1262853005068765,False,ANKR/USDT
1733849100000,LONG,-4.432272646693867,0.11421571601615714,4.082272646693867,False,ARK/USDT
1733849100000,LONG,-4.423846474946695,0.30483905153922863,4.073846474946695,False,ASTR/USDT
1733849100000,LONG,-4.3989256553502445,0.4946119736573324,4.048925655350245,False,EGLD/USDT
1733849100000,LONG,-4.388091885231487,1.0753982957004857,4.038091885231488,False,EDU/USDT
1733849100000,LONG,3.4943523689425398,0.40518015509016053,5.364925238695729,False,ACH/USDT
1733854500000,LONG,3.8889401466761124,-0.013890206059057447,4.2389401466761125,True,1000BONK/USDT
1733962500000,SHORT,-2.37770360480641,0.03190443107816581,4.0327937249665995,True,CHZ/USDT
1733977800000,SHORT,0.7411714311479788,0.5531622899385771,4.840589773649545,False,COMP/USDT
1734010200000,SHORT,2.9485878506926775,0.8597103471330018,4.436276427556997,True,AAVE/USDT
1734095700000,SHORT,0.8605984467793574,0.18038368074049424,4.355070808588381,True,ALGO/USDT
1734420600000,SHORT,0.560392212997428,1.2024750392323331,4.406183796163735,False,BIGTIME/USDT
1734576300000,LONG,-2.0004725143085276,-0.09142663513747847,4.4536137361906025,True,ATOM/USDT
1734576300000,LONG,-1.127977259126279,0.8362900664567892,6.266487133453024,True,DYDX/USDT
1734576300000,LONG,-1.0915254237288026,-0.090105518180053,5.791949152542367,True,CRV/USDT
1734576300000,LONG,-1.0593995439574249,0.13537763266123973,6.539143653407652,True,GALA/USDT
1734576300000,LONG,-0.9844307270233196,0.48585344099053207,5.736316872427978,True,CFX/USDT
1734576300000,LONG,-0.9263688760806922,1.3848751842292113,5.184438040345808,False,CELO/USDT
1734576300000,LONG,-0.6560933940774466,0.14338985921801436,4.657616742596826,True,FET/USDT
1734576300000,LONG,-0.6127134546819417,1.2531419644582165,5.033364608744612,False,EDU/USDT
1734576300000,LONG,-0.6113038732510807,0.39910197997631536,5.612628584659142,True,1000BONK/USDT
1734576300000,LONG,-0.5703638829246326,0.523282841228169,6.074240027121715,True,AR/USDT
1734576300000,LONG,-0.43244023083265554,0.36864852374935025,5.80692497938996,False,ALICE/USDT
1734576300000,LONG,-0.3856083086053505,0.3905307417461004,5.353044510385771,True,ARB/USDT
1734576300000,LONG,-0.35,0.8815045482480124,5.278242205151386,False,COMP/USDT
1734576300000,LONG,-0.35,1.0883876501051024,5.382745098039222,False,BICO/USDT
1734576300000,LONG,-0.16426953567384955,0.766560875730689,4.87061834654587,False,ACE/USDT
1734576300000,LONG,-0.13392898855407398,1.699454739822465,5.5167250642373284,False,API3/USDT
1734576300000,LONG,-0.12136549984233308,0.6103609041861802,5.676442762535487,False,ASTR/USDT
1734576300000,LONG,-0.0533202878424488,0.32695204914418075,10.161753566468882,True,ARKM/USDT
1734576300000,LONG,-0.03051118210862591,0.42729389264369005,4.985050585729496,True,DOT/USDT
1734576300000,LONG,0.05160642570282026,1.1912407709184547,5.3355142424000555,False,EGLD/USDT
1734576300000,LONG,0.06089772219740214,0.4299433677780652,4.877561411344362,False,CKB/USDT
1734576300000,LONG,0.19209652680015632,0.6347908047525147,4.263448406278241,True,BCH/USDT
1734576300000,LONG,0.2059815950920273,0.5789479198445693,4.887423312883433,False,ARK/USDT
1734576300000,LONG,0.27856429255297477,0.38392505552994416,5.769949631603042,False,ENJ/USDT
1734576300000,LONG,0.29684402712571556,0.1313782608699155,4.699906103286384,True,ADA/USDT
1734576300000,LONG,0.29748201438849775,0.9988163406069925,4.800845323740989,True,FIL/USDT
1734576300000,LONG,0.32307692307692903,0.5281823070515999,4.8775721153846145,False,1INCH/USDT
1734576300000,LONG,0.32558251757893886,0.9915483673926987,6.245160623190405,False,BLUR/USDT
1734576300000,LONG,0.3500271700043167,0.21289448819603968,4.806250699228057,True,1000PEPE/USDT
1734576300000,LONG,0.36412876290926155,1.0099038024864624,6.134637076100479,True,CAKE/USDT
1734576300000,LONG,0.3803974221267413,0.23531589625691424,4.497894736842122,False,GAS/USDT
1734576300000,LONG,0.42173030056863736,0.7512688847281611,6.657798537774169,False,CHR/USDT
1734576300000,LONG,0.4587379509982501,0.8552986250576778,4.3464352860425475,True,AAVE/USDT
1734576300000,LONG,0.4756324799272895,0.548291241312433,5.291796697470088,False,COTI/USDT
1734576300000,LONG,0.47936129647282877,0.7448767482962623,4.62207578646331,True,AVAX/USDT
1734576300000,LONG,0.47972380041625495,0.41974146022493364,4.657703774540141,True,DOGE/USDT
1734576300000,LONG,0.49205154376116156,1.267107334998079,4.701148252105132,False,CYBER/USDT
1734576300000,LONG,0.5543927648578819,0.35604512249397546,4.421963824289403,False,FLOW/USDT
1734576300000,LONG,0.5608653220559612,0.07710501460923928,5.759607460420739,True,CHZ/USDT
1734576300000,LONG,0.5613001215066837,1.529827396716666,4.661117861482376,False,CTSI/USDT
1734576300000,LONG,0.6263670864240168,0.36244042084846095,4.637474555804728,True,ETC/USDT
1734576300000,LONG,0.6736319979780115,0.2671579979320648,4.659433843043096,True,1000SHIB/USDT
1734576300000,LONG,0.7758671952428128,0.7538521006526512,5.098247770069371,False,ACH/USDT
1734576300000,LONG,0.8384550084889631,0.45354396806841507,5.251146010186763,False,BAT/USDT
1734576300000,LONG,0.9346308620956397,-0.3352862426890228,4.728710725893822,True,AXS/USDT
1734576300000,LONG,0.9551422605063952,0.3705656780205726,5.114539284782048,False,DASH/USDT
1734576300000,LONG,1.0550013982221311,0.2630958858941436,4.8681857855890005,True,APT/USDT
1734576300000,LONG,1.2461691939345663,0.8777757495457826,5.339372173450386,False,ANKR/USDT
1734576300000,LONG,1.256648199445991,-0.3695356317238661,5.160720221606645,True,ALGO/USDT
1734576300000,LONG,1.4848623853211076,0.7146677495209455,5.087468280304497,False,ARPA/USDT
1734576300000,LONG,4.697344364730382,0.41800400276508837,5.047344364730382,False,AUCTION/USDT
1734632100000,LONG,1.593945143465822,0.31589711519456626,6.41302176952267,True,ARKM/USDT
1734633900000,LONG,-4.556494632535082,0.7448146053672061,4.206494632535082,False,ACH/USDT
1734640200000,LONG,3.419384308306458,0.12730930399608872,4.524965453707964,True,FET/USDT
1734640200000,LONG,3.4917147568013127,-0.4460539559504551,4.212382522671072,True,AXS/USDT
1734640200000,LONG,3.50846992803017,0.40393485559044806,5.171047208395437,True,DOGE/USDT
1734640200000,LONG,3.6686263361382676,0.4513674580258869,4.018626336138268,True,ADA/USDT
1734640200000,LONG,3.6908282379099435,1.243263526846982,4.040828237909944,False,CYBER/USDT
1734640200000,LONG,3.7103871482737962,1.2408621087788145,4.060387148273796,False,EDU/USDT
1734640200000,LONG,3.760985942615062,0.448754084093578,4.110985942615062,False,CKB/USDT
1734640200000,LONG,4.098370947886754,0.7256761278227782,4.448370947886754,False,COTI/USDT
1734640200000,LONG,4.430708895107259,0.8321673473427506,4.780708895107258,False,AGLD/USDT
1734687000000,LONG,-5.408307068887892,0.857378134815452,5.058307068887892,False,CHR/USDT
1734696900000,LONG,4.502511415525122,0.018980602221026464,4.852511415525122,False,FLOW/USDT
1734696900000,LONG,4.605674208144792,-0.22174179938052996,4.955674208144791,True,AXS/USDT
1734696900000,LONG,4.667290277290261,0.7865291346373648,5.017290277290261,True,AAVE/USDT
1734696900000,LONG,4.758878648233492,1.2202024827183788,5.108878648233492,False,CYBER/USDT
1734696900000,LONG,4.770659340659328,0.10005668206243612,5.120659340659327,False,CKB/USDT
1734696900000,LONG,4.973562617604004,1.1476164659465204,5.323562617604015,False,EDU/USDT
1734696900000,LONG,5.107759919638372,0.049056465624986494,5.457759919638372,False,BAT/USDT
1734696900000,LONG,5.241466441060352,0.5574011334435698,5.591466441060351,True,AVAX/USDT
1734696900000,LONG,5.247542193415883,0.6057454449653701,5.597542193415894,False,EGLD/USDT
1734696900000,LONG,5.327078651685398,0.17620842917509205,5.677078651685398,True,GALA/USDT
1734696900000,LONG,5.419825436408985,0.21289157681993112,5.7698254364089845,False,ARPA/USDT
1734696900000,LONG,5.446470051224842,0.02592786242893589,5.7964700512248415,False,ENJ/USDT
1734696900000,LONG,5.466188524590158,-0.02347034766961088,5.8161885245901574,True,CHZ/USDT
1734696900000,LONG,5.540050234970025,0.24515063821998131,5.890050234970024,True,ATOM/USDT
1734696900000,LONG,5.744265788454067,1.0770318963346965,6.094265788454078,False,BICO/USDT
1734696900000,LONG,5.781624148795618,0.26957878267790575,6.131624148795618,True,1000SHIB/USDT
1734696900000,LONG,6.251848539057829,-0.28304034376699283,6.601848539057829,False,DASH/USDT
1734696900000,LONG,6.3911539360569405,0.10359202780065123,6.74115393605694,True,1000PEPE/USDT
1734696900000,LONG,6.578002350943648,0.5815671331184955,6.928002350943648,True,AR/USDT
1734696900000,LONG,6.717580776540859,0.7126239616969481,7.067580776540859,False,COMP/USDT
1734696900000,LONG,7.9714373356704655,0.12794985015926863,8.321437335670465,True,DOGE/USDT
1734725700000,SHORT,-4.706741902779991,0.7364408276087737,4.356741902779992,False,AUCTION/USDT
1734747300000,SHORT,-1.3221608484312768,0.9336067440910107,7.992980241146383,False,AGLD/USDT
1734748200000,SHORT,0.37350901874088516,0.7863976735815236,5.692202180575781,False,AUCTION/USDT
1734789600000,LONG,-4.385256137966184,0.9903755507471669,4.035256137966185,True,APE/USDT
1734789600000,LONG,-1.6790017720023638,0.17132893467501592,4.245599527466049,True,ALGO/USDT
1734789600000,LONG,-1.1843018429354053,1.0180485909287376,4.1196538269965055,True,CAKE/USDT
1734811200000,LONG,-2.0434306569343015,1.226970960119528,4.200671532846707,False,CYBER/USDT
1734816600000,SHORT,-8.43160552002692,1.0194644578324024,8.08160552002692,False,AGLD/USDT
1734991200000,SHORT,1.8545152722443672,0.4259687365046997,4.269375830013257,True,GALA/USDT
1735001100000,SHORT,-5.470343703703695,0.8123491286454292,5.120343703703695,False,AGLD/USDT
1735023600000,SHORT,-0.4676913661613717,0.5643016364296558,4.601539403069372,False,AUCTION/USDT
1735031700000,SHORT,-6.881874999999967,0.179990694415827,6.5318749999999675,False,BAT/USDT
1735032600000,SHORT,-2.995113886847902,0.5547380621400809,4.181312760225314,False,DASH/USDT
1735091100000,SHORT,-4.729080403245631,0.7137175924858347,4.379080403245632,False,AGLD/USDT
1735102800000,SHORT,-8.949767871727607,0.46471438761812217,8.599767871727607,False,AUCTION/USDT
1735123500000,SHORT,2.26035653650254,0.4269848873296461,4.982937181663838,False,DASH/USDT
1735257600000,SHORT,1.881959468711496,0.7209810474726062,6.210233237482296,False,AGLD/USDT
1735284600000,SHORT,-6.662483959670024,1.0659823992431152,6.312483959670025,False,EDU/USDT
1735394400000,SHORT,2.453738317757012,0.7414626655856043,4.311999999999994,False,ARPA/USDT
1735397100000,SHORT,-0.35,1.6095239732088589,4.157692307692303,False,CTSI/USDT
1735481700000,SHORT,-7.914758290711094,0.6511204232232932,7.564758290711095,False,AGLD/USDT
1735511400000,LONG,1.5441429339065023,0.5347531469395921,7.853842020419124,True,ARB/USDT
1735539300000,SHORT,6.4594918665101275,0.42485395832071665,6.809491866510127,False,ARK/USDT
1735565400000,SHORT,-5.529768868597506,0.7624893848600601,5.179768868597506,False,AGLD/USDT
1735776900000,SHORT,-2.784603501544796,0.729242827210371,10.406438722965984,False,AGLD/USDT
1735972200000,SHORT,0.15469892098851223,0.5331283955569783,4.140236686390518,False,BSV/USDT
1736082000000,SHORT,1.434828953891906,0.15221743276796784,6.9800363576268305,False,ARK/USDT
1736151300000,SHORT,-0.6720611916264093,-0.05820775729850736,4.790080515297899,False,ARK/USDT
1736358300000,LONG,0.4445661924900658,-0.13416504343398333,4.082032551582717,True,ARB/USDT
1736358300000,LONG,0.8172016340822806,0.1302368662754619,4.7511526116136755,True,GALA/USDT
1736358300000,LONG,1.2709893048128413,0.3394330376641319,4.2597872103386765,False,ACE/USDT
1736358300000,LONG,1.4880109823062853,0.3831095324621333,4.063842281879185,True,FET/USDT
1736358300000,LONG,1.593018934701826,0.08041480196079263,4.054408069368256,True,1000BONK/USDT
1736358300000,LONG,2.2584491068896924,-0.6749522847807693,4.6814856818826325,False,COMP/USDT
1736358300000,LONG,2.2666200487232695,0.6255086559827204,5.00478209870974,False,COTI/USDT
1736358300000,LONG,2.414641687886503,-0.2363073818094554,4.180647508184782,False,BICO/USDT
1736358300000,LONG,2.494605840520491,0.3581792784677372,4.659706460886676,True,ARKM/USDT
1736358300000,LONG,4.332417582417579,0.04749420961453376,4.682417582417578,True,CRV/USDT
1736359200000,LONG,-5.371808677469943,0.365010892837538,5.021808677469943,True,ADA/USDT
1736359200000,LONG,0.06184545989409507,0.26433265501942055,4.484310649146906,True,FIL/USDT
1736359200000,LONG,0.34940938762822393,0.4184677345369356,4.483866956792052,True,ATOM/USDT
1736359200000,LONG,0.46881792466875993,-0.06087140987170523,4.782566622003861,True,DOT/USDT
1736359200000,LONG,0.5961934246097519,0.3326124853093032,4.416852707770118,True,CAKE/USDT
1736359200000,LONG,0.7082959641255636,0.16372243512797768,5.11063677130046,True,APE/USDT
1736359200000,LONG,1.114788732394377,0.09308924018034918,4.709267605633805,True,ALGO/USDT
1736359200000,LONG,1.3106778673399915,0.36865501493852065,5.271928717102068,False,ENJ/USDT
1736359200000,LONG,1.4599547511312232,-0.12733084476365047,5.488009049773766,True,DYDX/USDT
1736359200000,LONG,1.5532258064516138,0.18159303053669892,4.690016129032253,False,BIGTIME/USDT
1736359200000,LONG,2.224539887972716,0.6510927126754734,4.403437358661231,True,AAVE/USDT
1736359200000,LONG,2.7658501944675074,0.052353434722441375,4.892221299654763,False,BLUR/USDT
1736393400000,SHORT,4.206584708656117,-0.012998828387083357,4.556584708656117,False,GAS/USDT
1736422200000,SHORT,5.111317730041671,0.30161223061881864,5.461317730041671,False,GAS/USDT
1736634600000,SHORT,4.314590443686014,0.7202604821914618,4.664590443686014,False,AGLD/USDT
1736779500000,LONG,1.51702090839269,-0.1364789710250103,4.694252252192855,True,ETH/USDT
1736839800000,SHORT,-1.1421886514369928,0.3331787073720473,4.051086956521734,False,BSV/USDT
1736987400000,SHORT,0.050282552389909585,-0.6759713411562929,5.02038203437721,True,ENS/USDT
1737117900000,SHORT,-4.716886434811249,0.9155829383433883,4.366886434811249,False,EDU/USDT
1737148500000,SHORT,3.047594960870389,0.005664410754627008,6.196621492651253,False,ARPA/USDT
1737157500000,SHORT,-4.873760858456803,0.20913886804584952,4.523760858456804,True,1000BONK/USDT
1737279900000,LONG,-4.811148459383766,-0.13787017345612135,4.461148459383766,True,GALA/USDT
1737279900000,LONG,-4.350466763810406,0.26479402630135324,4.000466763810406,True,1000PEPE/USDT
1737318600000,SHORT,5.109584672956304,-0.051365168197340036,5.459584672956304,True,1000BONK/USDT
1737358200000,SHORT,1.192273149581926,-0.05889141932942932,5.0463115515639245,True,CFX/USDT
1737358200000,SHORT,2.031729200652517,0.30010636350857595,5.185271498485197,True,1000SHIB/USDT
1737359100000,SHORT,1.5608045298609343,0.6531808044562221,4.358766461322783,True,ETC/USDT
1737359100000,SHORT,2.284083044982688,0.49479562433916535,5.636029411764701,True,BCH/USDT
1737359100000,SHORT,5.324858516164055,0.10794813312744761,7.282665322893234,True,FET/USDT
1737396000000,LONG,-1.086262128821485,0.31013075586924277,4.004295675069484,True,1000SHIB/USDT
1737461700000,SHORT,-0.43872188299149495,-0.01545073416054766,5.102737331036981,True,DOGE/USDT
1737477000000,SHORT,-4.859186015319948,-0.19238131524005925,4.509186015319949,True,1000BONK/USDT
1737889200000,SHORT,4.5301742919390104,0.09175727236461978,7.052222222222204,False,ARPA/USDT
1737945900000,SHORT,6.600442036692368,0.3989087802981867,6.950442036692368,False,ACH/USDT
1737963000000,LONG,0.9195064704389736,0.039479737107356305,4.213307218979943,True,1000PEPE/USDT
1737963000000,LONG,1.2080736543909363,0.5935619871566553,5.525070821529732,True,CRV/USDT
1737963000000,LONG,2.153961965134715,0.0749402072769591,4.250079239302698,False,DASH/USDT
1737963900000,LONG,-0.18674104019279483,-0.25432696774846314,4.818782554614009,True,AR/USDT
1737963900000,LONG,0.6496492458786458,0.18343783451346019,4.234145913714477,True,DOT/USDT
1737963900000,LONG,3.816886205634838,0.07000646896867353,4.166886205634838,True,ARKM/USDT
1737963900000,LONG,3.880824372759862,0.27733429360646894,4.230824372759862,True,GALA/USDT
1737997200000,SHORT,-8.552209879808387,0.554481024548794,8.202209879808388,False,ACH/USDT
1737999900000,SHORT,0.5437376725838307,0.22921825723308964,6.327644230769222,True,CFX/USDT
1738136700000,SHORT,-5.7012799109626995,0.4995429032863889,5.3512799109627,False,ACH/USDT
1738255500000,SHORT,-6.710296507797031,0.6651137986131741,6.360296507797031,False,ACH/USDT
1738334700000,SHORT,0.40144345069624565,0.23633466090535174,4.762572172534809,True,1000PEPE/USDT
1738339200000,SHORT,4.010263509642904,0.21384939051925875,4.360263509642904,False,COTI/USDT
1738387800000,SHORT,-6.0252398672065715,0.541622681643992,5.675239867206572,False,ACH/USDT
1738447200000,SHORT,7.024630261660974,0.0001640775963279981,7.374630261660974,False,ARPA/USDT
1738524600000,LONG,-7.661492281303593,0.48966834301523926,7.311492281303593,True,CRV/USDT
1738524600000,LONG,-6.314772727272731,0.18440173924674572,5.964772727272732,True,DYDX/USDT
1738524600000,LONG,-6.211687608318887,0.12278938616555189,5.861687608318888,True,ARKM/USDT
1738524600000,LONG,-6.2043175487465065,0.21898685672298873,5.854317548746507,True,GALA/USDT
1738524600000,LONG,-6.12287829541351,0.48940740709838887,5.77287829541351,False,DASH/USDT
1738524600000,LONG,-5.951012277624647,-0.4348419057604809,5.601012277624648,True,1000BONK/USDT
1738524600000,LONG,-5.950243224461433,0.6432195891193253,5.600243224461433,False,COMP/USDT
1738524600000,LONG,-5.91247600767755,0.15839657812757607,5.56247600767755,True,ALGO/USDT
1738524600000,LONG,-5.870398329585596,0.392819552481846,5.520398329585596,False,EGLD/USDT
1738524600000,LONG,-5.798227324049687,-0.35802801429347747,5.448227324049688,False,DUSK/USDT
1738524600000,LONG,-5.7876762275157985,0.4911164390434159,5.437676227515799,False,CYBER/USDT
1738524600000,LONG,-5.767572204746928,0.19788646783527258,5.417572204746929,False,BIGTIME/USDT
1738524600000,LONG,-5.733637747336367,-0.20208349120205032,5.383637747336367,False,CHR/USDT
1738524600000,LONG,-5.68583115959213,0.018743686637434056,5.33583115959213,False,COTI/USDT
1738524600000,LONG,-5.542283339928755,0.16423751202365858,5.192283339928755,False,API3/USDT
1738524600000,LONG,-5.534734399174824,0.45133823659926225,5.1847343991748245,False,BAT/USDT
1738524600000,LONG,-5.523662031184154,-0.04895952999112189,5.173662031184154,False,ANKR/USDT
1738524600000,LONG,-5.491294042280582,0.408364543192387,5.141294042280582,True,APE/USDT
1738524600000,LONG,-5.427454831107618,0.3568631656556872,5.077454831107619,True,FIL/USDT
1738524600000,LONG,-5.424641096287708,-0.032651660508187,5.074641096287708,True,DOGE/USDT
1738524600000,LONG,-5.404744038686006,0.2692707547958069,5.054744038686007,True,CHZ/USDT
1738524600000,LONG,-5.402073559767303,0.24656751903050433,5.052073559767304,True,DOT/USDT
1738524600000,LONG,-5.394822711744605,-0.18559693035203884,5.044822711744605,True,FET/USDT
1738524600000,LONG,-5.293178095015218,-0.2565666410524079,4.943178095015218,False,ENJ/USDT
1738524600000,LONG,-5.27232524964336,0.15698212180602156,4.92232524964336,False,CKB/USDT
1738524600000,LONG,-5.241447368421049,0.044844756269060204,4.8914473684210495,False,BICO/USDT
1738524600000,LONG,-5.198881506090806,0.5611610281128687,4.848881506090806,True,AXS/USDT
1738524600000,LONG,-5.192048776877252,0.45356231985706313,4.842048776877252,True,AAVE/USDT
1738524600000,LONG,-5.157712765957447,0.5439243305032861,4.807712765957447,False,CTSI/USDT
1738524600000,LONG,-5.095222929936302,0.24077631567586263,4.745222929936302,False,CELO/USDT
1738524600000,LONG,-5.0670886075949255,-0.397510008590389,4.717088607594926,False,GAS/USDT
1738524600000,LONG,-5.0511993720565265,0.14243657456898698,4.701199372056527,True,1000SHIB/USDT
1738524600000,LONG,-5.042911877394644,0.2732280639409659,4.6929118773946445,True,ARB/USDT
1738524600000,LONG,-4.986895333252096,0.11812639579517469,4.636895333252096,True,ADA/USDT
1738524600000,LONG,-4.963023637857058,0.4032058919051498,4.613023637857058,False,ACE/USDT
1738524600000,LONG,-4.95918120805369,0.21967872683115036,4.60918120805369,False,EDU/USDT
1738524600000,LONG,-4.9264812795347295,-0.14645772197042276,4.57648127953473,False,1INCH/USDT
1738524600000,LONG,-4.91221225710014,0.08687005124607758,4.56221225710014,True,1000PEPE/USDT
1738524600000,LONG,-4.820832904708021,-0.12215339598462721,4.470832904708021,True,ENS/USDT
1738524600000,LONG,-4.789457057557462,0.010893606822421046,4.439457057557463,True,AVAX/USDT
1738524600000,LONG,-4.770448898459502,-0.8929849904073291,4.420448898459503,False,AGLD/USDT
1738524600000,LONG,-4.723700323815128,0.10325554142328827,4.373700323815128,True,CAKE/USDT
1738524600000,LONG,-4.719934201691966,-0.06736512639507632,4.369934201691966,False,BLUR/USDT
1738524600000,LONG,-4.70434380776341,0.07412473554383875,4.35434380776341,False,FLOW/USDT
1738524600000,LONG,-4.7038754764930095,-0.1508309531451109,4.35387547649301,False,ALICE/USDT
1738524600000,LONG,-4.69318662310206,0.489036920749326,4.34318662310206,True,ATOM/USDT
1738524600000,LONG,-4.631707005778202,0.2552857615994219,4.281707005778203,False,ASTR/USDT
1738524600000,LONG,-4.524842641622549,0.18917514112760203,4.17484264162255,False,AUCTION/USDT
1738524600000,LONG,-4.46444285031086,-0.22632331868500735,4.11444285031086,False,ARK/USDT
1738524600000,LONG,-4.4464876921423215,0.36129093966411263,4.096487692142322,True,BCH/USDT
1738548900000,LONG,4.493093649617016,-0.020084401335331663,10.819372374598462,True,ATOM/USDT
1738548900000,LONG,6.064030692139059,-0.5122837244027736,11.634512997181334,True,1000BONK/USDT
1738548900000,LONG,8.125439043013483,-0.26284158267973,10.881547467548993,False,AUCTION/USDT
1738548900000,LONG,8.547873597164795,-0.5287371693169491,8.897873597164795,False,ARK/USDT
1738548900000,LONG,9.595608983587658,-0.022984672518043498,9.945608983587666,False,BSV/USDT
1738548900000,LONG,10.009522684310019,0.03356427887607183,10.359522684310019,True,DOT/USDT
1738548900000,LONG,10.36452229299363,0.1679769851863247,10.71452229299363,False,BAT/USDT
1738548900000,LONG,10.615973985992452,-0.09430242235039123,10.965973985992452,True,1000SHIB/USDT
1738548900000,LONG,10.907903670698069,0.2194020178180698,11.257903670698068,False,COMP/USDT
1738548900000,LONG,11.560837040032348,0.19345564973749757,11.910837040032348,True,ALGO/USDT
1738549800000,LONG,3.8940318302387307,0.07031989276485284,11.142705570291774,False,CELO/USDT
1738549800000,LONG,4.781362889983573,-1.1842609973923364,11.503971674876846,False,AGLD/USDT
1738549800000,LONG,7.769843682153711,0.05974880995436896,11.425879287885365,False,1INCH/USDT
1738549800000,LONG,9.057943782462573,-0.41911314635163316,9.407943782462572,False,GAS/USDT
1738549800000,LONG,10.809044585987264,0.11255471977090045,11.159044585987264,False,CYBER/USDT
1738549800000,LONG,10.971084953940627,0.2182253528273799,11.321084953940627,True,CHZ/USDT
1738550700000,LONG,5.517215645908393,0.16864164951897126,11.988965517241382,True,AR/USDT
1738550700000,LONG,10.553631647211411,0.07892329989397726,10.90363164721141,False,BIGTIME/USDT
1738550700000,LONG,11.249508383811772,-0.24641655596443596,11.599508383811772,True,DOGE/USDT
1738550700000,LONG,11.447246127366594,-0.10479214353962937,11.797246127366606,False,BLUR/USDT
1738550700000,LONG,11.530107724887213,0.06960554930338604,11.880107724887212,True,AAVE/USDT
1738551600000,LONG,-6.164240305149384,-0.4013428544950916,5.814240305149385,False,BICO/USDT
1738551600000,LONG,-4.709703860391322,0.06657473663552388,4.359703860391322,True,AXS/USDT
1738551600000,LONG,4.488899446767182,-0.15284714560791737,4.838899446767182,True,AVAX/USDT
1738551600000,LONG,4.697619047619067,-0.2395949932684319,5.047619047619067,False,ANKR/USDT
1738551600000,LONG,5.07254995242626,-0.7486074390953049,5.42254995242626,False,CHR/USDT
1738551600000,LONG,5.13525824964132,0.13396059756994153,5.48525824964132,False,CKB/USDT
1738551600000,LONG,5.155575221238941,0.1994212004133393,5.50557522123894,False,DASH/USDT
1738551600000,LONG,5.320443251838592,-0.3813377462526822,5.670443251838591,False,ENJ/USDT
1738551600000,LONG,5.409291377601591,-0.15577309292155012,5.759291377601591,True,ENS/USDT
1738551600000,LONG,6.568238993710699,0.10125127943716776,7.40649895178197,True,CRV/USDT
1738551600000,LONG,6.792453689644699,-0.058798158036586466,7.142453689644698,True,CAKE/USDT
1738551600000,LONG,8.684630111808863,-0.1945379735109419,9.034630111808863,True,ADA/USDT
1738552500000,LONG,3.8159625262243915,0.11166983428218488,4.165962526224392,True,BNB/USDT
1738552500000,LONG,4.188378271993704,0.07057903495483855,4.538378271993704,False,ASTR/USDT
1738552500000,LONG,5.893701671239704,-0.04609127661903083,6.2437016712397035,True,ARB/USDT
1738553400000,LONG,4.724273447820348,0.18093176753759707,5.074273447820348,True,APE/USDT
1738553400000,LONG,5.127993152488806,0.6611442301683415,5.477993152488805,True,ETC/USDT
1738554300000,LONG,4.865190054301234,-0.26109089658528695,5.2151900543012335,True,ARKM/USDT
1738554300000,LONG,4.949705014749274,-0.518992736064508,5.299705014749273,True,DYDX/USDT
1738554300000,LONG,5.041930541368741,-0.14126844559318802,5.39193054136874,True,GALA/USDT
1738612800000,SHORT,-4.452843601895716,0.06665798334126191,4.102843601895716,True,AAVE/USDT
1738612800000,SHORT,2.7763569257490097,0.09625819113645734,8.829293598738486,False,ACH/USDT
1738624500000,SHORT,4.1364347826086885,0.4459465943279493,4.486434782608688,True,CRV/USDT
1738632600000,SHORT,4.572348860257667,-1.6032831221003265,4.922348860257666,False,ARPA/USDT
1738681200000,SHORT,-7.926826712041617,0.09463470023452103,7.576826712041617,False,ACH/USDT
1738698300000,SHORT,0.5738167552518371,0.27569624090270156,4.5584978486459145,True,1000SHIB/USDT
1738698300000,SHORT,0.5933962264150952,0.5500972460025644,4.084905660377347,False,CELO/USDT
1738698300000,SHORT,4.308993115318403,0.0549282455757502,4.6589931153184025,False,ANKR/USDT
1738758600000,SHORT,3.863817172651571,-1.292491442846665,4.213817172651571,False,AGLD/USDT
1738950300000,SHORT,4.129166666666661,-1.65699176749179,4.479166666666661,False,ARPA/USDT
1738989900000,SHORT,3.062391093901259,-0.9240264017100273,5.243796385930932,False,AGLD/USDT
1739027700000,SHORT,-4.842646110179314,0.279834421487857,4.492646110179314,True,CAKE/USDT
1739043900000,SHORT,0.14439683586025098,-0.49817968181926053,5.7546802900461325,False,EDU/USDT
1739059200000,SHORT,0.5530704394942855,0.010661791583351093,6.897095123419604,False,BIGTIME/USDT
1739075400000,SHORT,3.8697934595524743,0.6007992712193249,4.219793459552474,False,AUCTION/USDT
1739088000000,SHORT,7.385839523015513,0.771142387809853,9.250017684806199,True,CAKE/USDT
1739098800000,SHORT,4.515070828961163,0.20915535047770684,4.865070828961163,False,COTI/USDT
1739140200000,LONG,-5.572676729849635,0.19140308977612588,5.222676729849636,True,CAKE/USDT
1739140200000,LONG,-4.760522126711245,0.4753851849668242,4.410522126711245,False,CKB/USDT
1739140200000,LONG,-4.407131895302239,-0.9989660581761021,4.0571318953022395,False,AGLD/USDT
1739140200000,LONG,-0.6463221195746846,-0.8664017779677003,5.177543431526342,True,1000BONK/USDT
1739140200000,LONG,-0.5866303833412168,0.02235482908663787,4.200552137561132,False,BIGTIME/USDT
1739140200000,LONG,-0.36722949689869583,-0.5107608236034777,4.242307029634735,False,ENJ/USDT
1739140200000,LONG,-0.12568416330193388,0.5210697848599448,5.94698295199642,True,AR/USDT
1739140200000,LONG,-0.0013328084579921073,-0.07066453392065562,4.650871667978864,False,ACE/USDT
1739140200000,LONG,0.34194701142623496,0.43280734542517535,4.84770337324168,False,EGLD/USDT
1739140200000,LONG,0.4608762304340831,0.19055837158114275,4.539301274810384,True,ENS/USDT
1739140200000,LONG,0.5087786259541967,0.24437855781949797,4.295610687022914,False,CTSI/USDT
1739140200000,LONG,0.5670343455316251,-0.16685293718058888,4.362522709576942,False,DUSK/USDT
1739140200000,LONG,1.0482642237222932,0.49478763210126464,4.1697444551591,True,AXS/USDT
1739140200000,LONG,1.3769372693727,0.7556941419321613,4.346863468634683,True,ADA/USDT
1739140200000,LONG,1.3927736506707,0.08272736764812416,4.680720346442284,False,ACH/USDT
1739140200000,LONG,1.5988428745432421,0.038483031304944,4.1252740560292285,False,CYBER/USDT
1739140200000,LONG,2.0824120792228413,0.3451235452904618,4.136636794939381,False,BLUR/USDT
1739140200000,LONG,2.2120996719262567,-0.32006026111471253,5.2997969067333335,True,ARKM/USDT
1739140200000,LONG,2.581596091205222,-0.016030568578973624,4.9857608189855585,True,GALA/USDT
1739140200000,LONG,3.7371532223644954,-0.20867669807708603,4.0871532223644955,True,DOT/USDT
1739179800000,SHORT,3.083109346365311,0.4144175872118144,4.160048869883924,False,COTI/USDT
1739228400000,SHORT,-5.088292011019288,-0.5166230762534392,11.07603305785123,False,CYBER/USDT
1739367000000,SHORT,-5.643749999999994,-0.1544380127143806,5.293749999999994,False,CYBER/USDT
1739376900000,SHORT,-6.5102819763749435,0.15908899877709448,6.160281976374944,True,CAKE/USDT
1739402100000,SHORT,-1.7908586341248234,0.2569344445768546,4.263188267293961,True,ENS/USDT
1739421900000,SHORT,3.7153932584269698,0.42515895026257494,4.06539325842697,True,CAKE/USDT
1739476800000,SHORT,5.491436464088382,-0.043711087563334985,5.841436464088382,False,AUCTION/USDT
1739534400000,SHORT,-4.740785498489415,-0.9446195574484705,4.390785498489415,True,1000BONK/USDT
1739557800000,SHORT,-0.001689306861726747,0.018779069760659902,4.32923487751073,False,COTI/USDT
1739613600000,SHORT,1.6960075204600797,0.04670399203039624,4.626144658261431,False,COTI/USDT
1739699100000,SHORT,1.2837059329320715,0.45672552548246187,5.733276010318132,False,CTSI/USDT
1739702700000,SHORT,-4.635920590302168,0.36725560354150244,4.285920590302168,False,ACH/USDT
1739702700000,SHORT,2.773680878007588,0.10868602544251825,4.618531025749256,False,ANKR/USDT
1739721600000,SHORT,-0.8969880368423013,0.21836276082819842,4.4164872781169535,True,CAKE/USDT
1739778300000,SHORT,5.81516190476188,0.4691854788887758,6.16516190476188,False,ARK/USDT
1739782800000,SHORT,-5.30748855461084,-0.32637442220194596,4.9574885546108405,False,AGLD/USDT
1739801700000,SHORT,2.299628864042093,0.34214369785441806,8.357549563093087,False,API3/USDT
1739804400000,SHORT,4.46166300366299,0.28155641086693445,4.811663003662989,False,CKB/USDT
1739806200000,SHORT,3.869143736246603,-0.36037213839501325,4.219143736246603,True,1000PEPE/USDT
1739855700000,SHORT,-5.647681302417358,0.07909313829344056,5.297681302417359,False,ACH/USDT
1740026700000,SHORT,3.9611714289928925,0.5924183118369765,4.311171428992893,True,APT/USDT
1740084300000,SHORT,0.6323704333050187,-0.07481790504398965,6.829725998300733,False,ACH/USDT
1740098700000,SHORT,4.0434476723836,-0.010249582608958243,4.3934476723836,False,AGLD/USDT
1740114900000,SHORT,-3.669901089843392,0.1491171557182493,10.165573770491793,False,ASTR/USDT
1740226500000,SHORT,-0.9388650963597562,-1.5927489515260234,5.696225910064247,False,ARPA/USDT
1740268800000,SHORT,0.5373622441677377,-0.5782299180543732,4.10413625304135,True,ARKM/USDT
1740312900000,SHORT,-4.037603058012285,-0.5725042171296518,6.3591965222605085,False,AUCTION/USDT
1740436200000,LONG,-4.905088640840449,-0.4955614021350415,4.55508864084045,False,CYBER/USDT
1740436200000,LONG,-4.816567164179098,-0.06126517476742618,4.466567164179098,True,ALGO/USDT
1740436200000,LONG,-4.739912575655693,0.39467834276122093,4.389912575655694,True,ATOM/USDT
1740438000000,LONG,-1.26301039817398,0.34896460770328647,4.244509256910984,True,AR/USDT
1740438000000,LONG,0.2827320804608594,-0.07050371706856819,5.007715553876673,False,ENJ/USDT
1740439800000,LONG,-0.7422337713277168,0.029234072304594377,4.308334967640719,False,COMP/USDT
1740442500000,LONG,-0.9693560588151886,-0.3542464848810954,4.089834995981277,True,DOGE/USDT
1740469500000,LONG,4.579254345837141,-0.16977100922836078,4.9292543458371405,False,ACE/USDT
1740470400000,LONG,-0.17316087308002082,-0.5208873421730981,4.606967461600633,True,AAVE/USDT
1740470400000,LONG,0.10887751500176457,-0.6270966479055757,4.5230850688316195,False,CKB/USDT
1740470400000,LONG,0.3050218340611359,-0.32679523708648933,4.218340611353712,False,FLOW/USDT
1740470400000,LONG,0.7915525114155261,0.4452849558425027,4.511073059360718,False,CTSI/USDT
1740470400000,LONG,1.024775851763294,-0.5083492832289616,4.113986849970112,False,GAS/USDT
1740470400000,LONG,1.421921853702869,-0.22421867281190133,5.373330304407086,True,ALGO/USDT
1740470400000,LONG,1.5228437654016846,-0.38445465497144243,4.7223755544603145,False,ANKR/USDT
1740470400000,LONG,1.7620811039143827,0.09879469925277441,5.185328076598148,True,AXS/USDT
1740470400000,LONG,1.895044184380216,-0.5214273834129501,4.490876522569865,False,ARK/USDT
1740470400000,LONG,3.795936981757881,0.125025693725195,5.094859038142625,False,ALICE/USDT
1740705300000,SHORT,5.341588018054971,-0.7060951850924349,5.69158801805497,False,CKB/USDT
1740793500000,LONG,3.9993355233686674,-0.7810532843003629,4.3493355233686675,False,CKB/USDT
1741012200000,SHORT,4.877715754031541,-0.19979875379626819,5.907770689349631,True,BCH/USDT
1741056300000,LONG,-1.5626865671641879,-0.07020108450728371,4.196856343283583,False,DUSK/USDT
1741056300000,LONG,0.06833048108004935,-0.318103900195478,4.224301197946378,True,ARKM/USDT
1741056300000,LONG,0.37347266881029906,-0.6056251444372096,4.146945337620565,True,ARB/USDT
1741056300000,LONG,0.5478382147838193,0.006316014806468941,4.054393305439321,False,AGLD/USDT
1741056300000,LONG,1.418273876837668,-0.029998215349658568,4.143682533155124,True,CFX/USDT
1741056300000,LONG,2.939836427127371,0.08730126125937697,4.917607057526183,True,APE/USDT
1741099500000,SHORT,-4.495568824638585,0.136328462384952,4.145568824638586,False,COMP/USDT
1741182300000,SHORT,-2.5454161640530755,-0.45356143913821634,5.381544028950532,True,ARB/USDT
1741210200000,SHORT,-0.30206365946023495,0.12149958378643698,4.237764249077197,True,APT/USDT
1741239900000,SHORT,3.891468459152011,-0.4183850549626819,4.241468459152011,False,ARK/USDT
1741240800000,SHORT,2.2133427174396196,0.4031175813788247,4.027749790092351,True,BCH/USDT
1741310100000,LONG,1.7099409033347501,-0.5615546123461815,4.062422963275636,True,1000BONK/USDT
1741311000000,LONG,-0.38398058252427886,-0.2457041828230778,4.834898058252435,True,AVAX/USDT
1741356000000,SHORT,-7.547459430699641,-0.9048975120186263,7.197459430699642,False,AUCTION/USDT
1741478400000,SHORT,-0.08959910373643304,-0.3391328833702845,5.0498697995518596,False,AUCTION/USDT
1741599900000,SHORT,1.6279078549848989,0.0034341760116336625,4.8169089879154035,True,1000PEPE/USDT
1741600800000,SHORT,-3.8536727791576406,-0.3355311489004757,8.393753633144842,False,AUCTION/USDT
1741610700000,SHORT,4.35792623111633,-0.4894043701243602,4.707926231116329,False,CKB/USDT
1741634100000,LONG,-5.1064731534478085,0.10913457223074777,4.756473153447809,True,CFX/USDT
1741634100000,LONG,-4.7339401820546065,0.009777942238026884,4.383940182054607,True,ARKM/USDT
1741634100000,LONG,-4.681985294117641,-0.07214940138748807,4.331985294117642,True,DYDX/USDT
1741634100000,LONG,-4.417269824374678,-0.4638667188579018,4.067269824374678,True,ALGO/USDT
1741634100000,LONG,-4.3939040529363025,-0.13258973334449609,4.043904052936303,False,COTI/USDT
1741634100000,LONG,-4.38608137044968,0.09891580314587925,4.03608137044968,False,CHR/USDT
1741635000000,LONG,-5.141372715682111,-0.2270674060233983,4.791372715682112,True,APE/USDT
1741635000000,LONG,-4.695290053733958,-0.1606418130953385,4.345290053733958,False,DUSK/USDT
1741635000000,LONG,-4.588924870466324,0.45770560756319295,4.238924870466325,True,GALA/USDT
1741635000000,LONG,-4.493440736478716,-0.3178095028975469,4.143440736478716,True,DOGE/USDT
1741635000000,LONG,-4.385040541927543,-0.1458587996661181,4.035040541927543,False,BLUR/USDT
1741635900000,LONG,-4.604503033131132,0.07733778256348547,4.254503033131132,False,ACE/USDT
1741655700000,LONG,3.9795958279009294,-0.6644974638164459,4.3295958279009295,True,ARB/USDT
1741656600000,LONG,0.5059201141226867,0.4872833649994323,4.353423680456479,False,BAT/USDT
1741656600000,LONG,0.693429216018059,-0.025496452470837372,4.939170896785106,True,ATOM/USDT
1741656600000,LONG,1.6004480759093207,-0.02125952523969625,4.872430152872957,False,1INCH/USDT
1741656600000,LONG,1.812162162162164,-0.30989335273390467,4.3418918918918905,False,FLOW/USDT
1741656600000,LONG,2.029719065175661,0.30742824367112065,4.021396142478436,True,BCH/USDT
1741656600000,LONG,2.1803011370736045,-0.42753269574654346,5.937167312257903,True,ENS/USDT
1741656600000,LONG,2.3100985221674954,-0.2281984163260498,4.098095238095235,False,BSV/USDT
1741656600000,LONG,2.4465284474445608,0.5648078786269405,5.587849566055923,False,DASH/USDT
1741656600000,LONG,2.4757790368271957,-0.1381314359717853,4.109359065155808,False,ASTR/USDT
1741656600000,LONG,2.5815960912052143,0.0433578796306853,4.846579804560271,False,CELO/USDT
1741656600000,LONG,2.7774433150899047,0.12417961979582595,5.158978368517072,True,DOT/USDT
1741656600000,LONG,2.9521806853582726,0.1042213776815018,4.710404984423674,False,ANKR/USDT
1741656600000,LONG,3.188175046554933,-0.3093677665056863,6.333985102420852,False,BICO/USDT
1741656600000,LONG,3.3490065525258887,-0.2793581429350405,6.548372437116883,True,1000BONK/USDT
1741656600000,LONG,3.4209497206704023,0.21383538324116932,6.747081005586583,True,CFX/USDT
1741656600000,LONG,3.4762910798122126,-0.05968046158473204,5.40201877934273,False,EGLD/USDT
1741656600000,LONG,3.5239080896315937,-0.44321324726990563,5.2603873908089644,False,GAS/USDT
1741656600000,LONG,3.662944983818773,-0.1462076628106267,6.545654184003694,False,ACH/USDT
1741656600000,LONG,3.6732108317214736,-0.041836224594824875,6.046731141199231,True,FIL/USDT
1741656600000,LONG,3.739177046010339,0.12886935148379597,4.272954937534356,True,BNB/USDT
1741656600000,LONG,3.744983614822282,-0.23381579225182053,4.094983614822293,True,AVAX/USDT
1741656600000,LONG,3.8233917454461586,-0.06895186841325623,6.230966105602941,False,BIGTIME/USDT
1741656600000,LONG,3.837058183795533,-0.493049427275275,5.992495921696578,True,ALGO/USDT
1741656600000,LONG,3.8421921921921878,-0.8121133164692333,4.192192192192188,True,AAVE/USDT
1741656600000,LONG,4.138112566715181,0.15970323509005305,6.443571081999027,True,CHZ/USDT
1741656600000,LONG,4.21723236204504,-0.11021713107757794,4.56723236204504,False,BLUR/USDT
1741656600000,LONG,4.242120516845786,-0.21889464078975446,4.592120516845796,True,ETC/USDT
1741656600000,LONG,4.250541404100464,0.015004937477911555,4.600541404100464,True,1000SHIB/USDT
1741656600000,LONG,4.32383013570427,-0.2615187940254679,4.67383013570427,False,DUSK/USDT
1741656600000,LONG,4.334512428298294,0.03634655492629336,4.684512428298284,True,DYDX/USDT
1741656600000,LONG,4.387989823564403,-0.26641739327932373,5.992248727945539,True,DOGE/USDT
1741656600000,LONG,4.430898876404481,0.12596695632476848,4.780898876404481,False,EDU/USDT
1741656600000,LONG,4.448658536585364,-0.19997381213941828,4.798658536585363,False,ARPA/USDT
1741656600000,LONG,4.579015354618572,0.17324289242731647,4.9290153546185715,False,ENJ/USDT
1741656600000,LONG,4.588045438153618,0.06262831951921849,4.938045438153618,True,AR/USDT
1741656600000,LONG,4.648410724156999,0.022824339202456096,4.998410724156999,True,CAKE/USDT
1741656600000,LONG,4.982176656151417,0.33207404731070467,5.332176656151426,False,CTSI/USDT
1741656600000,LONG,5.010219478737992,0.2827431348917793,5.360219478737991,True,GALA/USDT
1741656600000,LONG,5.0459791004088865,-0.7090987490105093,5.395979100408886,False,CKB/USDT
1741656600000,LONG,5.37310631602607,-0.621686834825838,5.72310631602607,True,FET/USDT
1741656600000,LONG,5.398087431693999,0.10546268991672764,5.748087431693999,False,CYBER/USDT
1741656600000,LONG,5.46512756829985,0.0011157512668362021,5.815127568299849,True,ARKM/USDT
1741656600000,LONG,5.5126609442060115,0.3143098787861822,5.862660944206011,False,ALICE/USDT
1741656600000,LONG,5.750157232704393,-0.2293806113382243,6.100157232704393,True,APE/USDT
1741656600000,LONG,5.876774054674627,-0.38147491599817207,6.226774054674626,True,1000PEPE/USDT
1741656600000,LONG,5.950224176582164,0.04044557500865763,6.300224176582164,False,COTI/USDT
1741657500000,LONG,0.9586498563676963,0.07837170687621173,7.682827960421318,False,ACE/USDT
1741657500000,LONG,2.934072249589494,-0.24502590409155714,5.014876847290627,False,ARK/USDT
1741659300000,LONG,4.372177419354832,0.2714094572596793,4.722177419354832,False,COMP/USDT
1741680000000,SHORT,5.923594518622599,-0.12396563258691651,6.273594518622598,True,ARKM/USDT
1741705200000,LONG,3.682085561497314,-0.30507851480534287,4.032085561497314,True,AAVE/USDT
1741712400000,SHORT,-5.060044104942476,-0.023081158439519182,4.710044104942476,False,AUCTION/USDT
1741962600000,SHORT,-6.151514531313946,0.0026889118822751644,5.801514531313947,False,AUCTION/USDT
1742110200000,SHORT,-8.407572962645768,0.1548473121142409,8.057572962645768,False,AUCTION/USDT
1742187600000,SHORT,-4.6395679042621065,-0.20390360234122434,4.289567904262107,True,CAKE/USDT
1742211000000,SHORT,-4.063559937099304,0.1029173301392575,8.776625942502307,True,CAKE/USDT
1742238900000,SHORT,-5.945564458434685,-0.025198649111845425,5.595564458434685,False,API3/USDT
1742306400000,SHORT,4.590848990953372,0.2007206689045547,10.350939457202479,False,CYBER/USDT
1742310000000,SHORT,-6.474123148869832,0.24572067891497656,6.124123148869832,False,AUCTION/USDT
1742353200000,LONG,-0.5796113615103261,-0.10445220636076967,4.140811293477324,True,CAKE/USDT
1742430600000,SHORT,3.7403032322559153,0.01187980757295556,6.366127957347533,True,1000BONK/USDT
1742437800000,SHORT,0.19262208997024188,-1.0155849723744406,5.777612462804125,True,ARKM/USDT
1742487300000,SHORT,4.218366561888633,0.29680673321399303,4.568366561888633,False,AUCTION/USDT
1742520600000,SHORT,-2.703173039022469,-0.03289056824004127,4.4827906976744005,False,ACH/USDT
1742561100000,SHORT,-6.075376062786126,0.10537665514250025,5.725376062786126,True,CAKE/USDT
1742567400000,SHORT,4.774868986952905,0.07042562722728078,5.1248689869529045,False,ACH/USDT
1742589000000,SHORT,-4.824776785714272,0.5541500977531878,4.474776785714273,False,AUCTION/USDT
1742595300000,SHORT,-1.1266669420804787,0.011637399012795844,4.899396843757743,True,1000BONK/USDT
1742609700000,SHORT,4.7856641123882415,0.08170764076599199,5.135664112388241,False,ARPA/USDT
1742613300000,SHORT,0.15990956320955185,0.06509629303311358,4.420463729074444,False,AGLD/USDT
1742667300000,SHORT,4.943737895416389,0.20000180247831847,8.847191736604263,False,CYBER/USDT
1742688900000,SHORT,1.717565072918592,-0.5257244130426859,10.557744138822216,False,CKB/USDT
1742702400000,SHORT,3.670952087505779,-0.9289522186739485,7.608873825296551,True,ARKM/USDT
1742743800000,SHORT,0.6199909063352506,-0.03948430943287256,4.14599878751137,True,1000BONK/USDT
1742759100000,SHORT,5.429189661194544,0.39630350032875755,5.779189661194543,False,API3/USDT
1742774400000,SHORT,-1.0215415609610492,-0.19406855827079583,4.760438740486476,True,1000BONK/USDT
1742803200000,SHORT,4.471897810218958,0.29314248148761307,4.821897810218958,False,ANKR/USDT
1742826600000,SHORT,0.9333999579213189,-0.19172153815023948,4.555663089978241,True,1000BONK/USDT
1742859900000,SHORT,4.713830111128012,0.0691972946163775,5.063830111128012,False,API3/USDT
1742949000000,SHORT,-0.37835538752362635,0.12759937737821425,4.34802457466918,False,AGLD/USDT
1743138000000,SHORT,5.609309128796985,3.641194053176619e-05,5.959309128796985,False,API3/USDT
1743211800000,SHORT,0.1427472040748654,0.12479376824961812,4.953493522312018,False,AUCTION/USDT
1743495300000,SHORT,8.383624454148483,0.5759358033913337,10.592794759825312,False,COMP/USDT
1743599700000,SHORT,-6.356858924395928,-0.04055780552894344,6.006858924395928,False,BIGTIME/USDT
1743605100000,LONG,-1.605432158377607,0.4891641567807929,5.114099468855632,False,GAS/USDT
1743731100000,SHORT,4.364498381877004,0.3103282136590105,4.714498381877004,False,BIGTIME/USDT
1743819300000,SHORT,-3.2020877565463457,0.11041212456495984,4.097629157820221,False,AUCTION/USDT
1743846300000,SHORT,3.7376897133220903,0.037967661263829354,5.753072512647554,False,AUCTION/USDT
1743903000000,SHORT,-5.365620167027527,0.4800075182613855,5.015620167027527,False,ARK/USDT
1743927300000,SHORT,3.542806770098725,0.6438081736039599,9.184118476727793,False,ARK/USDT
1743968700000,LONG,-0.7601283880171201,0.0761209465328479,4.726765335235372,False,COTI/USDT
1743973200000,LONG,3.655875299760201,-0.4254687078912933,4.005875299760201,False,BICO/USDT
1744009200000,LONG,3.7497182057559937,-0.6844604543215601,4.099718205755994,False,ASTR/USDT
1744009200000,LONG,4.309291368262345,-0.09032491753423795,4.659291368262345,True,ETC/USDT
1744010100000,LONG,2.118996405653099,-0.2625295171498013,4.390140951090539,True,BNB/USDT
1744010100000,LONG,3.732086406743955,-0.29466554183618704,4.082086406743955,True,CFX/USDT
1744010100000,LONG,3.8445312500000095,-0.5350242967265523,4.194531249999999,False,CELO/USDT
1744010100000,LONG,3.9154799901792248,-1.7045619287481577,4.265479990179225,True,ARKM/USDT
1744010100000,LONG,3.9822759714512252,-0.018250719977657894,4.332275971451225,True,ARB/USDT
1744010100000,LONG,4.010268901013238,0.08765579997751578,4.360268901013238,False,COTI/USDT
1744010100000,LONG,4.11359509759418,-0.2863868072438342,4.46359509759418,True,FIL/USDT
1744010100000,LONG,4.226995385404204,-0.3041485232750957,4.576995385404204,False,DUSK/USDT
1744010100000,LONG,4.266620111731829,-0.3061439658484521,4.616620111731828,False,CHR/USDT
1744010100000,LONG,4.48181818181819,-0.4027706501401321,4.83181818181819,False,CYBER/USDT
1744010100000,LONG,5.026374745417511,-0.45085645087163695,5.376374745417511,False,EDU/USDT
1744010100000,LONG,6.126106194690274,-0.5317006356366223,6.476106194690273,False,ALICE/USDT
1744011000000,LONG,3.753007500185636,-0.6766444396041476,4.1030075001856465,True,APT/USDT
1744011000000,LONG,4.036643109540624,-0.5417722189735263,4.386643109540624,False,ANKR/USDT
1744011000000,LONG,4.054247471743019,-0.6543622996363964,4.404247471743019,False,BLUR/USDT
1744011000000,LONG,4.068137467476152,-0.45643883755793924,4.418137467476152,True,1000BONK/USDT
1744011000000,LONG,4.118978930307931,0.05988463858463539,4.468978930307943,False,ENJ/USDT
1744011000000,LONG,4.570243902439013,-0.6982401295980498,4.9202439024390126,True,GALA/USDT
1744013700000,LONG,3.7095147617655733,-0.29208416261489545,4.059514761765573,True,DOGE/USDT
1744013700000,LONG,3.8362653061224674,0.38779054245081196,4.1862653061224675,True,AR/USDT
1744035300000,SHORT,-6.6854711005542145,0.16711241884832753,6.335471100554215,False,EDU/USDT
1744036200000,SHORT,-2.4211462450592975,-0.1720551237365322,4.597438735177868,False,DUSK/USDT
1744036200000,SHORT,-2.275545571245188,0.22182447525973453,5.4501925545571135,False,CHR/USDT
1744036200000,SHORT,-2.267808219178084,-0.14983405307417394,6.070684931506838,False,ALICE/USDT
1744036200000,SHORT,-1.9760162601626061,-0.2967900110546557,5.19268292682926,False,CTSI/USDT
1744036200000,SHORT,-1.7116181549087246,-0.3410613336150801,5.713330044400589,True,1000BONK/USDT
1744036200000,SHORT,-1.4455490634129502,-0.4905839701035098,4.919419144182839,False,ASTR/USDT
1744036200000,SHORT,0.30240479441663104,-0.08074992922157517,5.550113791533888,False,EGLD/USDT
1744037100000,SHORT,-0.403333333333325,0.25336720619884123,5.756319999999988,False,COTI/USDT
1744074900000,SHORT,7.108198810535241,0.14956873242594096,7.458198810535241,False,ARK/USDT
1744163100000,LONG,0.5175893410452348,0.4864064318839059,4.357198925841761,True,AR/USDT
1744163100000,LONG,1.5105169340463638,0.17846190195682204,4.169076797385626,True,BCH/USDT
1744163100000,LONG,2.0916135881104054,-0.52390867427882,5.16857749469214,False,CYBER/USDT
1744163100000,LONG,2.2780708436488273,0.26792181759425654,5.046714911445448,False,COTI/USDT
1744163100000,LONG,2.672222222222218,-0.29705916339489014,4.110755555555556,True,DOT/USDT
1744163100000,LONG,3.0282000527843698,0.2521914904018449,4.72058590657166,True,FET/USDT
1744163100000,LONG,3.142063492063487,-0.4452512953797737,4.651984126984131,True,GALA/USDT
1744163100000,LONG,3.3765340431493374,-0.5571471198397544,4.294704398991319,False,CKB/USDT
1744163100000,LONG,3.459774040987917,-0.415938162443407,4.753231739358911,True,APE/USDT
1744163100000,LONG,3.794688452243347,-0.4134261974929541,4.144688452243347,True,1000BONK/USDT
1744163100000,LONG,3.7956054454263204,0.17206559204647487,4.1456054454263205,True,CAKE/USDT
1744163100000,LONG,3.8886006026113233,-0.23570555644609067,4.238600602611323,False,ACH/USDT
1744163100000,LONG,4.837823683444881,-0.017684222691293737,5.187823683444881,False,API3/USDT
1744167600000,SHORT,-7.713979635129386,0.35661663869112264,7.363979635129386,False,GAS/USDT
1744224300000,SHORT,-0.7672843573271866,-0.023280709083864846,4.099868225992399,True,AVAX/USDT
1744243200000,SHORT,1.000666891777807,-0.021352097502276558,4.550430525071751,False,BIGTIME/USDT
1744398900000,SHORT,3.907207890743535,0.34752974359885863,4.257207890743535,False,GAS/USDT
1744401600000,SHORT,-4.463847568109642,-0.10473024438553512,4.113847568109643,True,1000BONK/USDT
1744418700000,SHORT,1.0695011337868516,0.26950961428068787,5.367310657596361,False,ACH/USDT
1744450200000,SHORT,-8.164985014985007,0.03382053593256154,7.814985014985007,False,ARK/USDT
1744456500000,SHORT,-2.683333333333336,0.014507965603949294,4.312000000000001,False,CELO/USDT
1744481700000,SHORT,4.560089710931427,0.20790089592490785,4.910089710931427,False,API3/USDT
1744494300000,SHORT,1.1344804318488548,-0.008477597845581332,4.631443994601876,False,ARPA/USDT
1744504200000,SHORT,3.0252620545073308,-0.03696059155960791,8.521656184486355,False,CKB/USDT
1744540200000,SHORT,-0.5264359929425626,1.0773705478744646,4.03593413056263,True,FET/USDT
1744649100000,SHORT,0.9265957446808405,-0.3788419246470127,11.610425531914888,False,ALICE/USDT
1744675200000,SHORT,-5.878794153471373,-0.26974632910724294,5.528794153471373,False,ARK/USDT
1744676100000,SHORT,-5.724250227203862,0.18195514644850147,5.374250227203862,False,ACH/USDT
1744690500000,SHORT,-6.6457301451750626,-0.6896813150051605,6.295730145175063,False,EDU/USDT
1744718400000,SHORT,-0.020474516695957512,0.027722065043584758,4.22210017574691,False,ARK/USDT
1744749900000,SHORT,1.4180250783699062,-0.32657372734135043,5.758332288401237,False,API3/USDT
1744758900000,SHORT,-4.94045325779036,0.326941339919425,4.590453257790361,False,GAS/USDT
1744775100000,SHORT,-0.5653063221765492,0.20977568850485764,4.933157173615175,False,ARK/USDT
1744782300000,SHORT,-4.94781808622502,0.4775046859584652,4.59781808622502,False,GAS/USDT
1744818300000,SHORT,-1.6058869701726857,0.3417724040851288,4.866248037676605,True,CRV/USDT
1744949700000,SHORT,-0.057031249999991596,-0.157994608573446,4.022070312499986,False,BICO/USDT
1744956000000,SHORT,4.129166666666659,-0.4351210968193588,4.479166666666659,False,ANKR/USDT
1744970400000,SHORT,3.9500661011347247,0.4176831911087257,4.300066101134725,False,AGLD/USDT
1745124300000,SHORT,-4.738073719652667,0.46138685673774105,4.388073719652668,False,ACE/USDT
1745166600000,LONG,-3.3845943758850927,-0.20483910422882412,4.112118146874371,False,ARK/USDT
1745172000000,SHORT,-7.763394971248137,0.4442664528866817,7.413394971248137,False,ENJ/USDT
1745174700000,SHORT,-8.251716281895497,0.07236516558546112,7.901716281895498,False,ACH/USDT
1745202600000,SHORT,3.7438369712322523,0.24459094603760007,4.093836971232252,False,ACH/USDT
1745221500000,SHORT,-8.326120571540397,0.9223680959563428,7.976120571540396,False,ENJ/USDT
1745248500000,SHORT,-5.291847914963188,0.0921990359430203,4.941847914963188,False,ACE/USDT
1745248500000,SHORT,4.083943348185856,0.49122656167287815,4.4339433481858554,True,FET/USDT
1745249400000,SHORT,1.882142857142859,0.38344241872857515,10.150892857142836,False,ALICE/USDT
1745335800000,SHORT,-1.104147812971343,0.5609016469717903,5.141025641025612,True,CRV/USDT
1745361000000,SHORT,0.783685037602421,0.14557136670487186,9.04768211920528,False,ENJ/USDT
1745368200000,SHORT,-2.262151085760481,0.5234451004739697,8.932183198221443,True,1000PEPE/USDT
1745545500000,SHORT,3.1164448141985583,0.21723278939421986,4.80599001663892,False,GAS/USDT
1745546400000,SHORT,4.424760903836042,-0.05951781282631863,4.774760903836041,False,EGLD/USDT
1745585100000,SHORT,-1.7155377142086095,0.6909063475863992,4.111156389151239,True,BCH/USDT
1745596800000,SHORT,-6.665514250309773,0.8490385639078402,6.315514250309773,False,BSV/USDT
1745625600000,SHORT,-4.391373950885915,0.19203910053600484,4.041373950885915,True,1000BONK/USDT
1745635500000,SHORT,-0.3660102465577952,0.05498261769335699,4.330627601665055,True,ARKM/USDT
1745699400000,SHORT,6.037666342096702,0.010401715588067262,6.3876663420967015,False,ARPA/USDT
1745716500000,SHORT,0.3070004531037588,0.8488875116516951,7.480516538287244,False,BSV/USDT
1745718300000,SHORT,0.8943205287071442,0.34009945216851023,4.934887443205284,True,ENS/USDT
1745757000000,SHORT,-0.09175035868006032,0.21542248414590037,4.674634146341458,False,GAS/USDT
1745823600000,SHORT,-4.497602441150816,0.5903162281401737,4.147602441150816,False,DASH/USDT
1745829900000,SHORT,4.470563380281687,-0.4482446331967472,4.820563380281687,False,EDU/USDT
1745937900000,SHORT,4.374409448818902,0.03291251624065485,8.724146981627271,False,CELO/USDT
1746066600000,SHORT,-5.148374461417903,0.34716507266666496,4.798374461417903,False,AGLD/USDT
1746086400000,SHORT,1.5636960600375236,-7.13529768763831e-05,4.477598499061906,False,ARPA/USDT
1746157500000,SHORT,4.175986361422294,0.8123035367631334,4.5259863614222935,False,BSV/USDT
1746596700000,SHORT,-6.008914728682167,0.1403037037369407,9.241472868217041,False,CYBER/USDT
1746679500000,SHORT,-1.2730174455129737,0.699536715110803,4.54843908568113,True,BCH/USDT
1746723600000,SHORT,-1.6101120099564414,0.10207721585577137,6.312590748807288,True,1000BONK/USDT
1746739800000,SHORT,0.968132916256082,1.1888648468377332,6.92857220348788,True,1000PEPE/USDT
1746755100000,SHORT,3.096538345258496,0.008478715723481146,5.879522321878447,False,EGLD/USDT
1746779400000,SHORT,-6.03649059938147,0.10113044405333682,5.686490599381471,True,1000BONK/USDT
1746779400000,SHORT,-6.022605533274408,0.8184337773504942,5.6726055332744085,True,1000SHIB/USDT
1746779400000,SHORT,-5.719896973599465,0.2352992671643924,5.369896973599466,True,ARKM/USDT
1746779400000,SHORT,-5.209090909090892,0.1349550973514391,4.8590909090908925,True,GALA/USDT
1746779400000,SHORT,-4.494169198410829,-0.697587650891225,4.14416919841083,False,API3/USDT
1746779400000,SHORT,-4.441995912806522,-0.17244730173252834,4.091995912806523,False,ENJ/USDT
1746779400000,SHORT,-2.6276055330312436,0.9191253692733542,5.120045313617927,True,FET/USDT
1746779400000,SHORT,-2.4804067140090362,-0.14442023367214565,4.638347320852139,False,EDU/USDT
1746779400000,SHORT,-1.4894941147007188,-0.34993364582879627,4.369271224643109,False,BIGTIME/USDT
1746779400000,SHORT,-0.8405968928863454,0.2334528871667638,4.072526573998341,True,APE/USDT
1746779400000,SHORT,-0.8129831841013393,0.6670454199320358,4.124498798864373,True,CAKE/USDT
1746779400000,SHORT,-0.6701707577374543,0.02020959420304869,5.170490928495177,True,ARB/USDT
1746779400000,SHORT,-0.5516129032258121,0.05866997611092901,4.748790322580632,False,CHR/USDT
1746779400000,SHORT,-0.4935750179468813,0.7279069511155838,4.332160804020083,False,BICO/USDT
1746779400000,SHORT,-0.48287401574804145,0.49047959087444976,5.87770669291337,True,DOGE/USDT
1746779400000,SHORT,-0.2451562172363201,-0.024252725938438045,4.1698259593206055,True,ETC/USDT
1746779400000,SHORT,-0.01790139225954185,0.658721186801246,4.8095925405543385,True,ADA/USDT
1746779400000,SHORT,0.07842474241404807,0.43283837774081785,4.252621888609553,False,ACH/USDT
1746779400000,SHORT,0.759083500168323,0.7852130231727323,4.11169498432044,True,APT/USDT
1746779400000,SHORT,1.1712100139081967,0.24998751598843233,5.7840664116828835,True,ENS/USDT
1746779400000,SHORT,1.6120821710557314,0.2706725437294167,4.591593778071959,True,AAVE/USDT
1746779400000,SHORT,2.477162621757171,0.5859844030236816,5.02424633519848,True,ETH/USDT
1746781200000,SHORT,2.8797436135122347,1.071492567667237,8.237036607880848,True,1000PEPE/USDT
1746782100000,SHORT,1.2373015873015838,0.353033908702366,4.545502645502629,False,1INCH/USDT
1746837900000,SHORT,-6.646346526432315,0.5161332139104258,6.296346526432315,False,ACE/USDT
1746837900000,SHORT,-3.977324617934084,0.5783468426853812,4.713864849935541,False,CKB/USDT
1746837900000,SHORT,-3.6608522378908748,-0.11883809576931888,4.543225015328019,False,EDU/USDT
1746837900000,SHORT,-1.3822580645161229,0.4717154354440143,4.182580645161283,False,CTSI/USDT
1746837900000,SHORT,-0.541204588910134,0.4032508379929333,4.135564053537286,False,ALICE/USDT
1746837900000,SHORT,-0.1672291945899772,0.47676769241062966,4.475602128264481,True,CAKE/USDT
1746843300000,SHORT,5.285328386157136,0.095495108562788,5.635328386157136,False,AUCTION/USDT
1746867600000,SHORT,0.5771217712177139,1.2948591425356002,4.786050123001217,True,1000PEPE/USDT
1746867600000,SHORT,1.7776595744680872,0.02093893524130353,4.3309692671394675,False,CELO/USDT
1746922500000,SHORT,-5.94621495327102,0.25242182064854707,5.59621495327102,True,GALA/USDT
1746922500000,SHORT,-5.401728553136988,0.2610149487148859,5.051728553136988,True,ARKM/USDT
1746922500000,SHORT,-5.14396103896103,0.05551572632640198,4.79396103896103,False,CYBER/USDT
1746922500000,SHORT,-4.538437120086452,0.3505504042740123,4.188437120086452,False,ACE/USDT
1746922500000,SHORT,-3.697034644744558,-0.6741028087100778,5.070581327069866,False,EDU/USDT
1746922500000,SHORT,-2.7162884927066435,0.2867047134321778,4.819189627228523,True,AXS/USDT
1746922500000,SHORT,-2.6176371780515106,0.2230472690822823,5.3075121313922855,False,AGLD/USDT
1746922500000,SHORT,-2.5846368715083816,0.026410651405483505,4.595903165735553,False,ALICE/USDT
1746922500000,SHORT,-2.0328350821619554,0.41241766323686285,4.241704612947917,True,CFX/USDT
1746922500000,SHORT,-1.5459265245674505,0.7993871778047871,4.13892494008422,True,ETH/USDT
1746922500000,SHORT,-1.4045344983428754,0.5968281574059023,4.032163302199457,True,APE/USDT
1746922500000,SHORT,-0.8567567567567478,0.3633206323429962,4.069721283783764,False,1INCH/USDT
1746922500000,SHORT,-0.7471571906354467,0.06300624380823515,4.157692307692284,False,COMP/USDT
1746922500000,SHORT,-0.5850056196996096,-0.17500515618984014,4.717012363339125,False,ENJ/USDT
1746922500000,SHORT,-0.44794918885829277,0.8361624880134675,6.127040097949189,True,1000SHIB/USDT
1746922500000,SHORT,-0.35,0.7524711170377499,4.399676244435444,True,ALGO/USDT
1746922500000,SHORT,-0.2860153563144871,0.1398883813315654,4.728185235543462,False,BLUR/USDT
1746922500000,SHORT,-0.25241998438719954,0.6092926651198519,4.939168618266965,True,DOT/USDT
1746922500000,SHORT,-0.21394557823129237,0.44830942054794587,4.120952380952367,True,DYDX/USDT
1746922500000,SHORT,0.2773525721455463,0.3851116104732544,4.2012547051442715,True,CRV/USDT
1746922500000,SHORT,2.3360179885527472,0.924332785231188,6.504165985282088,True,DOGE/USDT
1746974700000,SHORT,2.3184280052840154,0.28936074636943937,7.481321003963008,False,GAS/USDT
1747018800000,SHORT,-4.544865626840944,0.5148521269840731,4.1948656268409446,True,1000PEPE/USDT
1747035900000,SHORT,3.8309361806779543,0.9769066786574415,4.180936180677954,True,DOGE/USDT
1747036800000,SHORT,-0.06876098589899149,1.5485753610389426,5.130666770829249,True,AVAX/USDT
1747036800000,SHORT,0.9248847700304105,0.050861624986564095,5.867304109051672,True,CFX/USDT
1747049400000,SHORT,3.6628946322067404,0.4322247561961824,4.0128946322067405,True,CAKE/USDT
1747076400000,LONG,-1.0708387942332975,0.03206673551011909,4.024049803407601,False,CYBER/USDT
1747077300000,LONG,-0.6740982749607995,-0.08546533056748658,4.125394668060633,True,CFX/USDT
1747134000000,SHORT,-2.6923423423423243,0.10714789111656067,5.721621621621597,False,ALICE/USDT
1747173600000,SHORT,-0.3124295554164099,0.5558743731467352,5.638447088290535,True,ARKM/USDT
1747184400000,SHORT,1.2134594492466086,-0.01768910603989101,4.004813187851288,False,EGLD/USDT
1747378800000,SHORT,1.4129407351837893,-0.13805791081583904,4.7770067516879156,False,ARPA/USDT
1747394100000,SHORT,3.9149912395970126,0.04823378337915778,4.264991239597013,False,API3/USDT
1747710900000,SHORT,0.6195290858725772,-0.17964317100762098,4.050831024930736,True,CRV/USDT
1748003400000,LONG,3.9330212234706585,0.2532633482246316,4.283021223470659,True,CRV/USDT
1748322900000,SHORT,-4.749320089641801,0.43420993917268347,4.399320089641801,True,CAKE/USDT
1748567700000,LONG,-2.703651176825582,-0.14047010062125093,5.578460525593911,True,1000BONK/USDT
1748567700000,LONG,-1.8274166314900784,0.4469691791431642,4.382271000422118,False,ARPA/USDT
1748567700000,LONG,-1.3599416127505157,0.6710273278497628,7.427047498816462,False,COTI/USDT
1748568600000,LONG,-3.2261362094695385,0.6028859958018192,4.5471577804911245,False,DUSK/USDT
1748568600000,LONG,-2.9970588235294264,0.5964963531870805,4.551911764705875,False,CTSI/USDT
1748568600000,LONG,-2.482816286960744,0.48751373999521,4.021231216674755,True,ALGO/USDT
1748568600000,LONG,-2.315065502183408,0.6565474724086092,4.7843231441048015,False,1INCH/USDT
1748568600000,LONG,-2.2282150974996933,0.3270210894284642,4.832360330183034,False,AGLD/USDT
1748568600000,LONG,-1.6907455853498994,-0.11010912993389142,4.962230215827349,True,ARKM/USDT
1748568600000,LONG,-1.2682148195601033,0.4721287280780918,5.32438607730086,False,CKB/USDT
1748568600000,LONG,-1.2400819440519881,0.5399644149400998,4.004591692568522,True,ADA/USDT
1748651400000,LONG,-4.371306376360803,0.3252856219092601,4.021306376360803,False,EDU/USDT
1748651400000,LONG,0.7048523206751113,0.7894555770626832,4.208772855133624,False,COTI/USDT
1748651400000,LONG,2.819213355970568,0.30001867585275654,4.249632144878335,False,ARK/USDT
1748654100000,LONG,4.2808597285068055,0.6695676384006211,4.630859728506805,False,ARPA/USDT
1748764800000,SHORT,3.8214796283059367,0.5211495914741022,4.171479628305937,False,EDU/USDT
1748970900000,SHORT,3.9751973684210387,0.5447953345827734,4.325197368421039,False,COMP/USDT
1749033000000,SHORT,4.317224780242788,0.41691246545111377,6.702574298869799,False,COMP/USDT
1749159900000,LONG,0.4630081300813117,-0.029945627984627677,4.082655826558274,False,CYBER/USDT
1749222900000,SHORT,3.991961392137504,0.23507269151248075,4.341961392137504,False,API3/USDT
1749289500000,SHORT,0.36090047393365,0.35334838753690606,4.81587677725118,False,ALICE/USDT
1749468600000,SHORT,-2.695798261349526,0.22686094400870735,6.0021664136884185,False,API3/USDT
1749510900000,SHORT,-5.897912992357435,-0.3378144966259282,5.5479129923574355,False,COMP/USDT
1749561300000,SHORT,-3.446291255529092,-0.3793773988753277,6.27226947941476,False,COMP/USDT
1749860100000,SHORT,1.5463574915508786,-1.0680342826912472,7.117236199774683,False,COMP/USDT
1749864600000,SHORT,2.0977806788511804,-0.2529329644265986,4.195463446475181,False,GAS/USDT
1749974400000,SHORT,0.32146282973621687,0.16651086592862552,5.3029736211030984,False,ARPA/USDT
1750442400000,LONG,-3.017946257197701,-0.2868053680399102,4.318618042226481,True,AR/USDT
1750543200000,LONG,-0.8741700640652208,0.2584279771334276,4.132382061735585,False,1INCH/USDT
1750544100000,LONG,-1.2999136442141686,0.9988459387028622,4.755505181347157,False,COTI/USDT
1750544100000,LONG,-1.2640767824497265,0.32721131553820004,4.309872029250459,True,CRV/USDT
1750603500000,LONG,-4.402985462097616,-0.2533006880027721,4.052985462097617,True,ARKM/USDT
1750624200000,LONG,1.991690179934312,0.8896183467521812,4.307553540866825,True,1000PEPE/USDT
1750624200000,LONG,3.0827009936766046,0.1230248099767546,8.585817524841916,False,BIGTIME/USDT
1750625100000,LONG,0.5787925696594436,-0.41128790389088515,4.621362229102174,False,ALICE/USDT
1750659300000,SHORT,0.9441919191919131,0.1350431835040404,6.125505050505043,False,CKB/USDT
1750725000000,SHORT,-1.5988174077578066,0.33324455983916124,5.310255439924298,False,BIGTIME/USDT
1750778100000,SHORT,-4.832645069039838,0.3188785660226481,4.4826450690398385,True,APT/USDT
1750815900000,SHORT,-1.4095580970000134,0.6122416465000601,4.0701852124371865,True,BCH/USDT
1751289300000,LONG,-4.6291574279379155,-0.41191373710732077,4.279157427937916,False,BSV/USDT
1751391900000,SHORT,-9.281992516370442,-0.11382242933359224,8.931992516370443,False,ARPA/USDT
1751464800000,SHORT,-3.1233755942947727,0.08848113294522073,6.923085050184887,False,ARK/USDT
1751465700000,SHORT,-0.6279708130646284,-1.10492361898258,8.001980542043077,False,GAS/USDT
1751508900000,SHORT,-5.162512309207287,0.3574998477519083,4.812512309207287,True,1000BONK/USDT
1751630400000,SHORT,-1.7792520247737031,0.39290724584794806,9.474654597427332,False,ARK/USDT
1751891400000,SHORT,1.389712278353966,-0.5494026010381549,4.259652057544323,False,GAS/USDT
1751965200000,SHORT,1.670202020202022,0.019868147511958686,4.014814814814812,False,CELO/USDT
1751981400000,SHORT,-0.3230820995962279,0.3464611064432668,7.778627187079391,False,CKB/USDT
1752002100000,SHORT,0.3006180871828198,-0.36441634209463214,8.97918022121013,False,DUSK/USDT
1752021000000,SHORT,-0.2718546496483468,0.34390079101623294,5.499192498046358,False,CKB/USDT
1752054300000,SHORT,4.715874730021575,0.00982301317362786,5.065874730021575,False,ALICE/USDT
1752071400000,SHORT,-3.313489805595069,-0.43892430069376365,4.294879089615914,False,COMP/USDT
1752192000000,SHORT,-4.774032541776608,-0.3655353418398486,4.424032541776608,True,CFX/USDT
1752204600000,SHORT,-6.564805520702609,-0.17919620930084332,6.214805520702609,False,CYBER/USDT
1752214500000,SHORT,-9.686737864077651,0.9534826027441528,9.336737864077651,False,1INCH/USDT
1752237900000,SHORT,-10.528576563623263,1.213244762550848,10.178576563623263,False,1INCH/USDT
1752248700000,SHORT,-4.762085673110365,0.8893050067948665,4.412085673110365,True,DOGE/USDT
1752307200000,SHORT,11.394802240112005,0.4836828983991748,11.744802240112005,False,ARK/USDT
1752358500000,SHORT,-4.930716510903408,1.8619708917426587,4.580716510903408,False,1INCH/USDT
1752371100000,SHORT,-4.758839027706941,0.47525852634882393,4.408839027706941,False,BIGTIME/USDT
1752384600000,SHORT,-9.9106761282092,0.35311168279784677,9.5606761282092,False,AUCTION/USDT
1752392700000,SHORT,-1.7916058394160412,0.09198659756970595,6.5595985401459735,True,ARKM/USDT
1752415200000,SHORT,-0.4364304235090717,-0.21890803076460053,4.4611063094209005,False,ARPA/USDT
1752420600000,SHORT,-1.0512076353720388,1.0119898998403882,5.496688741721859,True,ALGO/USDT
1752445800000,LONG,4.445572041265807,0.2838496264154387,4.795572041265807,False,BLUR/USDT
1752468300000,SHORT,4.627728962487307,1.1526018099010376,4.977728962487307,True,ALGO/USDT
1752474600000,SHORT,-3.6712560386473405,-0.9093716497129359,8.113224637681148,False,COMP/USDT
1752632100000,SHORT,-4.598354876615727,-0.11271100725871949,4.2483548766157275,False,CYBER/USDT
1752632100000,SHORT,-3.504246100519931,-0.12339767016914485,8.018058925476582,False,BSV/USDT
1752632100000,SHORT,-2.273301084042433,0.8834700924382024,4.290643820181058,True,ENS/USDT
1752708600000,SHORT,-5.05879120879119,0.6783066131161941,4.70879120879119,True,CRV/USDT
1752754500000,SHORT,5.035029617662903,0.5062363056176482,6.6733979536887365,False,CYBER/USDT
1752764400000,SHORT,-0.3719432985166245,0.10676018033607099,6.000364258755363,False,ACH/USDT
1752808500000,SHORT,0.6455328653478022,0.646402778936206,4.268474792597314,False,API3/USDT
1752815700000,SHORT,1.0501680201624053,0.9142022152193064,8.684080089610747,True,APE/USDT
1752829200000,SHORT,-5.139534737107551,1.4922357112491023,4.789534737107552,True,ETC/USDT
1752844500000,SHORT,4.80850023288308,-0.6941929436097085,5.15850023288308,False,ACE/USDT
1752855300000,LONG,-4.7165011526866545,0.10616762273995181,4.366501152686655,True,1000BONK/USDT
1752917400000,SHORT,1.5440609951845903,0.4927594590732844,4.550272873194211,False,BSV/USDT
1752921000000,SHORT,-1.5207109408258845,0.11269411005048584,4.591251596424003,False,ARK/USDT
1752939000000,SHORT,0.7856466876971583,-0.7446725897603804,5.061876971608827,False,ACE/USDT
1752974100000,SHORT,-3.311472110408274,0.7136930890766181,4.654600345025854,False,GAS/USDT
1752994800000,SHORT,-7.736071900424159,0.20246466314793352,7.3860719004241595,True,CFX/USDT
1752994800000,SHORT,-1.0127093836396162,0.0915979328630852,5.813319238900618,False,ACH/USDT
1753009200000,SHORT,-6.35201342281879,0.3352035846611425,6.0020134228187905,False,CKB/USDT
1753031700000,SHORT,5.002385565512242,0.417449834454285,10.190149811438241,False,ACH/USDT
1753032600000,SHORT,7.486483710008795,0.901862605084553,7.836483710008794,False,CKB/USDT
1753033500000,SHORT,3.6622686771761255,0.35774857624424417,4.012268677176126,True,FIL/USDT
1753068600000,SHORT,-7.702615171458254,0.7417718720506205,7.352615171458254,False,BLUR/USDT
1753073100000,SHORT,-0.44727626459144054,1.3924819130329,5.526862145636459,False,BIGTIME/USDT
1753092000000,SHORT,1.314429530201338,0.9704862143762609,4.4197046979865675,True,APE/USDT
1753124400000,SHORT,5.818562352700061,0.5982307026067365,6.168562352700061,False,API3/USDT
1753198200000,SHORT,-0.08269555430501913,0.7779999003373027,6.279477349465383,True,ENS/USDT
1753209900000,LONG,5.904645659857433,0.6446017311422304,6.254645659857433,True,CFX/USDT
1753252200000,SHORT,3.933965728274161,0.17984646477588004,7.297674418604652,False,CTSI/USDT
1753255800000,SHORT,3.742456773703204,-0.0027970105294200845,4.092456773703204,False,ARK/USDT
1753264800000,SHORT,4.15478058347634,0.10599585264466711,4.5047805834763395,False,DUSK/USDT
1753266600000,SHORT,6.549713914174238,0.27104810981671235,6.899713914174238,False,GAS/USDT
1753276500000,SHORT,5.006154747948401,-0.4974808584235138,5.356154747948401,False,ARPA/USDT
1753438500000,SHORT,4.260888252148996,0.11720496667933827,4.610888252148996,True,CRV/USDT
1753497900000,SHORT,-6.013026166097832,0.19426781024604947,5.663026166097833,False,CKB/USDT
1753517700000,LONG,-0.48513513513513895,0.33097024680543796,4.746081081081087,False,CTSI/USDT
1753528500000,SHORT,-0.35,0.8201197595899496,4.172970297029677,False,CHR/USDT
1753537500000,SHORT,3.866768759571205,-0.4864262097933442,4.216768759571205,False,ARPA/USDT
1753609500000,SHORT,1.3335016835016735,0.7679825972203477,4.915375982042642,False,ANKR/USDT
1753769700000,SHORT,-6.465842336259263,0.5750986518307042,6.115842336259264,True,CFX/USDT
1753769700000,SHORT,-4.218743615934628,0.3718769441338496,6.9422710248552875,False,ACH/USDT
1753772400000,SHORT,-0.16949458483754826,0.46413004584975215,5.912454873646203,False,BAT/USDT
1753774200000,SHORT,6.06640077530936,0.20668567951040362,6.416400775309359,False,CKB/USDT
1753783200000,SHORT,1.7634593993325933,0.7413526455865447,8.277141268075622,False,CYBER/USDT
1753916400000,SHORT,-5.119359882277189,0.5244800904064092,4.76935988227719,True,CFX/USDT
1753937100000,SHORT,1.0854066985645887,0.135565831898699,5.845560871876651,False,CYBER/USDT
1753937100000,SHORT,2.5411564625850303,0.4575965833197983,5.133049886621315,False,BAT/USDT
1754057700000,LONG,4.050584083718664,0.4103533787940241,4.400584083718663,True,CFX/USDT
1754193600000,SHORT,-4.838481545702246,0.4990104510106072,8.936185286103541,True,CFX/USDT
1754368200000,SHORT,5.109285091543143,0.1755771482922323,5.459285091543142,False,BICO/USDT
1754370000000,SHORT,1.8134615384615405,0.8362858426656836,5.60432692307691,False,ALICE/USDT
1754700300000,SHORT,-1.6944520081688235,-0.1868562254897131,4.550289312457443,False,CKB/USDT
1754726400000,SHORT,-2.3995303159692565,-0.09754464529507856,4.582664389410753,False,BICO/USDT
1754850600000,SHORT,0.5726401703335668,0.20296471112969935,9.269339957416591,False,EDU/USDT
1754852400000,SHORT,1.2580402010050267,0.10267775449052302,5.2393969849246185,False,CYBER/USDT
1754991000000,SHORT,-6.240070467648938,-0.03835874323786752,5.890070467648938,False,EDU/USDT
1755096300000,SHORT,-4.426586391437304,0.4301752202696355,4.076586391437305,True,ARB/USDT
1755131400000,SHORT,4.903684041184022,0.5338784163978078,5.253684041184021,True,ARKM/USDT
1755177300000,LONG,-1.1169749605233508,-0.39053232023557416,4.280803067899858,False,ARK/USDT
1755177300000,LONG,0.5368324657798221,0.44582624137680116,5.893348756506662,True,ARB/USDT
1755342900000,SHORT,-8.480539609644083,0.7351364561184339,8.130539609644083,False,CTSI/USDT
1755348300000,SHORT,4.648973330186433,0.4164799429844041,4.998973330186432,False,API3/USDT
1755360000000,SHORT,6.097985989492118,0.3818557560456283,6.447985989492118,False,CHR/USDT
1755440100000,SHORT,1.3620894479385024,-3.122531077481339,5.101222921034224,False,CYBER/USDT
1755507600000,SHORT,2.743753676038112,0.2714519228601687,6.8954240677567284,False,API3/USDT
1755676800000,SHORT,6.820799536500567,1.3411734847370906,7.170799536500566,False,API3/USDT
1755727200000,SHORT,-2.0246411483253564,0.15530281695007642,6.696438824333539,False,API3/USDT
1755758700000,SHORT,-5.667963364191442,-0.10758467322853701,5.317963364191442,False,API3/USDT
1755912600000,SHORT,2.8948377581120943,0.009022874448763584,4.334593724859195,False,GAS/USDT
1755960300000,SHORT,2.3828819482363195,0.4353436858642229,5.7657311346510856,True,AAVE/USDT
1755996300000,SHORT,3.838898186889805,0.5373743854762452,4.188898186889805,False,AUCTION/USDT
1756063800000,SHORT,1.2539823008849482,0.49718803527266153,4.0168694690265365,True,GALA/USDT
1756063800000,SHORT,3.7542335890155347,0.4731672062898322,4.104233589015535,True,DOGE/USDT
1756064700000,SHORT,1.0522140221402307,-0.09384040649865678,4.5562730627305905,True,ALGO/USDT
1756064700000,SHORT,1.0699002818122696,0.27761785774595515,4.789908952959023,True,ADA/USDT
1756097100000,SHORT,-0.4587251970644198,-0.4442035853165842,5.1527860831747745,False,GAS/USDT
1756149300000,SHORT,-6.159436619718303,-0.300904172430347,5.809436619718303,False,EDU/USDT
1756198800000,SHORT,5.8766500622664894,0.490195480088353,7.294769613947688,False,CTSI/USDT
1756200600000,SHORT,0.005325074426193566,-0.2806689427629361,4.576692595793712,False,BICO/USDT
1756255500000,SHORT,-5.492947903430735,-0.8601877869661869,5.142947903430735,False,CKB/USDT
1756301400000,SHORT,-5.055783450704212,-0.6194646279849907,4.705783450704212,False,BICO/USDT
1756357200000,SHORT,2.6288994621431603,-0.42561177103050485,7.6865949524203465,False,ARPA/USDT
1756389600000,SHORT,-0.4851643598615918,-0.6409578123273196,5.321507352941163,True,CFX/USDT
1756397700000,SHORT,1.0374066168623366,0.429012941372571,10.576200640341499,False,CTSI/USDT
1756428300000,SHORT,7.516944402363266,0.27360539388226335,7.8669444023632655,False,BIGTIME/USDT
1756440000000,SHORT,4.081350114416464,0.29737903276324856,4.431350114416464,False,AGLD/USDT
1756449900000,LONG,-2.0524726388325876,-0.8673056897488146,6.604499391974061,False,CKB/USDT
1756555200000,SHORT,0.005467083748053159,0.1289962863595156,5.434082183989735,False,AGLD/USDT
1756568700000,SHORT,1.4515357353809786,-0.7458274810772271,6.1454026383146125,True,CFX/USDT
1756604700000,SHORT,-0.27424242424241574,0.18651749664570497,5.922878787878768,True,AXS/USDT
1756616400000,SHORT,1.7430232558139553,-0.5086870641152607,4.032093023255806,False,FLOW/USDT
1756718100000,SHORT,3.7583367725959547,0.2854157015506633,4.108336772595955,True,FIL/USDT
1757181600000,SHORT,4.368702879462238,-0.21609751507502714,4.718702879462238,False,API3/USDT
1757355300000,SHORT,-5.247937968643484,-0.18157713197245304,4.897937968643484,True,ARKM/USDT
1757377800000,SHORT,-2.2662790697674478,-0.7463616079714002,6.2526883720930115,False,BIGTIME/USDT
1757414700000,SHORT,4.341950232348973,-0.13594287425873547,6.689971518512953,True,ARKM/USDT
1757553300000,SHORT,-4.5662318840579665,0.14421140816907088,4.216231884057967,False,ACE/USDT
1757591100000,SHORT,1.4482322462663872,-0.43063658320518533,5.879015544041443,True,ARKM/USDT
1757636100000,SHORT,-0.6776792598303878,-0.9327900361709365,5.461931380107921,False,CKB/USDT
1757662200000,SHORT,-1.1885241974125473,0.3587503202742831,4.124728477878922,True,1000BONK/USDT
1757691900000,SHORT,2.615599051008306,-0.7782523001045415,4.821233689205211,False,CTSI/USDT
1757812500000,SHORT,3.5241396263520044,0.0839841088865615,4.363284169124881,False,ARK/USDT
1758079800000,SHORT,0.677423420670687,-0.7909521811021077,5.923726224123435,True,CAKE/USDT
1758269700000,SHORT,3.912295081967217,-0.9265085908553082,9.573639344262293,False,EDU/USDT
1758439800000,SHORT,1.730031695721086,-0.07308122077754022,4.830190174326442,False,AUCTION/USDT
1758522600000,LONG,-4.766611733684912,-1.8681937895193261,9.303889255108759,False,EDU/USDT
1758522600000,LONG,-3.5634609039920724,-1.2867705319186482,8.010221049158678,True,CFX/USDT
1758522600000,LONG,-3.2876498800959193,-0.7756366256355421,11.836031175059937,False,CYBER/USDT
1758522600000,LONG,-3.0556513200960063,-0.3969161858872544,7.043835915339303,False,CKB/USDT
1758522600000,LONG,-2.857836990595614,0.16159359310599197,4.831818181818189,True,DYDX/USDT
1758522600000,LONG,-2.8443310657596457,0.01767524713195904,6.856235827664402,False,CHR/USDT
1758522600000,LONG,-2.5004069979346433,-1.2070389877633692,7.9431417810715566,False,API3/USDT
1758522600000,LONG,-2.329551881661971,-0.08317424760135486,7.8257559277789825,False,ACH/USDT
1758522600000,LONG,-2.2184312962242076,0.15457339200491507,5.5650707149344765,False,BLUR/USDT
1758522600000,LONG,-1.8137681159420347,0.31393100969405885,5.458391304347824,True,1000BONK/USDT
1758522600000,LONG,-1.5504573170731826,-0.04509244965669676,7.381397675304885,True,ENS/USDT
1758522600000,LONG,-1.518770453482937,0.017274197521150197,7.1983637213651255,True,ALGO/USDT
1758522600000,LONG,-1.4448905109489059,0.022377980760234593,6.849635036496353,False,CELO/USDT
1758522600000,LONG,-1.3660020320040753,0.6936106049033033,6.3777241554483055,True,CHZ/USDT
1758522600000,LONG,-1.3310554803788763,-0.7928354248940158,5.089377537212452,True,FET/USDT
1758522600000,LONG,-1.190197693574956,0.4440991548333837,4.373410214168036,True,1000SHIB/USDT
1758522600000,LONG,-1.1753094910591517,-0.1696827727175397,5.57984869325998,False,BAT/USDT
1758522600000,LONG,-1.144701986754971,-1.7262688020842996,8.619337748344375,False,CTSI/USDT
1758522600000,LONG,-1.1173667205169595,-0.8433665736182941,5.494386106623584,False,BIGTIME/USDT
1758522600000,LONG,-1.1005117125312645,-0.4551829923611985,6.3541050716397525,True,ARB/USDT
1758522600000,LONG,-1.0909062139319976,-0.33924839016264735,10.259235265646518,True,AAVE/USDT
1758522600000,LONG,-1.06651662686019,-0.5475915300094593,7.425353665258132,True,ARKM/USDT
1758522600000,LONG,-0.9745316012990234,0.4285742284917835,5.6797651761179155,True,DOT/USDT
1758522600000,LONG,-0.8627310777816429,0.6530771058160588,4.0452703174049445,True,BCH/USDT
1758522600000,LONG,-0.8283544606553567,0.6535064190991242,5.4268835206888255,True,ATOM/USDT
1758522600000,LONG,-0.7816546762589878,0.014047928274860493,7.329208633093528,False,ANKR/USDT
1758522600000,LONG,-0.7767425320056892,0.21832224310015697,7.107396870554769,False,DASH/USDT
1758522600000,LONG,-0.669937014636936,0.39919058899722043,4.832996695654246,True,ETH/USDT
1758522600000,LONG,-0.5903846153846111,0.32250975568835477,8.129006410256402,False,ENJ/USDT
1758522600000,LONG,-0.5177852348993295,-0.2522448298742462,6.89568552253116,False,COMP/USDT
1758522600000,LONG,-0.37429543245870855,-0.6081430880802181,5.750072886297376,True,ADA/USDT
1758523500000,LONG,-3.113985435286319,-0.26100927890338,8.831098973849711,False,AGLD/USDT
1758523500000,LONG,-2.853995737879598,0.39444123985267865,5.717900905700587,False,DUSK/USDT
1758523500000,LONG,-2.383413937129045,-0.80349007110861,8.387337876456387,False,AUCTION/USDT
1758523500000,LONG,-2.148180664269085,-0.3119655161822663,8.673365771102187,False,COTI/USDT
1758523500000,LONG,-2.1199115044247696,-1.6752436078782942,9.319075712881007,False,ACE/USDT
1758523500000,LONG,-2.008868566567424,0.33674182058413515,6.279455550829434,False,1INCH/USDT
1758523500000,LONG,-1.9983516483516497,0.017963173976884923,5.23021978021978,False,FLOW/USDT
1758523500000,LONG,-1.6060532687651223,0.014415908905551084,4.569839588377719,False,EGLD/USDT
1758523500000,LONG,-1.484539227228947,-0.3969306508121396,5.880980413143532,False,BICO/USDT
1758523500000,LONG,-1.4629296235679297,0.010912675720901497,6.859639934533552,True,AR/USDT
1758523500000,LONG,-1.2933962264150962,-0.25317021106969684,4.634782608695655,False,BSV/USDT
1758523500000,LONG,-1.2759259259259266,-0.5423882096073862,7.377469135802471,False,ALICE/USDT
1758523500000,LONG,-1.2623492994460745,-0.680489564939333,6.504855001629184,False,GAS/USDT
1758523500000,LONG,-1.148959494611663,0.1316264491361027,7.191192865105907,True,APE/USDT
1758523500000,LONG,-1.1296004547669285,-0.004669167018957032,4.623517947052118,True,APT/USDT
1758523500000,LONG,-0.8781997555439129,-0.475179998532817,5.335485419940645,False,ASTR/USDT
1758523500000,LONG,-0.8350088183421374,0.11655149852794414,5.267416225749557,True,FIL/USDT
1758523500000,LONG,-0.7378474466709715,0.152809542204309,6.551389786683896,True,GALA/USDT
1758523500000,LONG,-0.5042416452442152,-0.7836492339204628,4.422739625413151,True,CAKE/USDT
1758523500000,LONG,-0.42924256457753807,0.44041972428012843,5.091592055161062,True,1000PEPE/USDT
1758523500000,LONG,-0.4091652323579993,-0.08424884541319115,5.496283347676414,True,ETC/USDT
1758523500000,LONG,-0.36249115210059635,0.2941946403812721,5.455822958737554,True,DOGE/USDT
1758523500000,LONG,-0.2594202898550824,-0.5731455546859733,5.899094202898552,True,AXS/USDT
1758523500000,LONG,-0.25534784666350885,0.0034795636910067225,5.631803123521045,False,ARK/USDT
1758978000000,SHORT,4.447297297297294,-1.0787942874291363,7.348108108108109,False,EDU/USDT
1759321800000,SHORT,-5.965173465497511,0.2809475680967803,5.615173465497511,False,DASH/USDT
1759347000000,SHORT,-1.3879500486539094,0.18964160892188864,11.133571196886122,False,DASH/USDT
1759369500000,SHORT,-1.4214285714285526,0.01350936611165267,4.956785714285685,False,CELO/USDT
1759408200000,SHORT,-7.533333333333315,1.8593802825539512,7.183333333333315,False,DASH/USDT
1759447800000,SHORT,-5.047791584843689,0.36233401379961805,4.6977915848436895,True,CAKE/USDT
1759464000000,SHORT,-5.550651465798039,0.02343819386191469,5.200651465798039,False,CELO/USDT
1759491900000,SHORT,4.279287369640771,1.23629933027442,4.629287369640771,False,DASH/USDT
1759500900000,SHORT,-5.578034682080915,0.7317718728345999,5.228034682080915,False,CELO/USDT
1759509000000,SHORT,1.2878081075575456,-0.3300419216474321,4.439494805459356,False,ASTR/USDT
1759509900000,SHORT,0.21570227897204042,0.5394503016787155,4.822983675448502,True,AR/USDT
1759511700000,SHORT,-1.1482583454281494,-0.3739705960621132,4.012119013062387,True,ARKM/USDT
1759545000000,SHORT,-1.2865244536940796,0.1371724337500789,4.4748178980228905,False,BSV/USDT
1759609800000,SHORT,-0.9214285714285796,0.4121408653552297,5.2863428571428575,False,DASH/USDT
1759634100000,SHORT,-5.451595744680845,0.7917430292974345,5.1015957446808455,False,CELO/USDT
1759652100000,SHORT,4.583273579702145,0.49275801387635976,4.933273579702145,False,DUSK/USDT
1759678200000,SHORT,1.2645348601950395,-0.4305635561657569,4.602108202160797,False,ASTR/USDT
1759721400000,SHORT,-4.717730522866067,-0.3052164503557721,4.367730522866068,False,ASTR/USDT
1759725000000,SHORT,5.100540540540539,0.04871823744668185,5.450540540540539,False,ALICE/USDT
1759735800000,SHORT,-2.317137236750752,-0.18086441871151898,4.246077296921988,False,CKB/USDT
1759736700000,SHORT,-7.205225134408595,-0.13150359497776298,6.855225134408595,True,CAKE/USDT
1759815000000,SHORT,-5.161648204095312,-0.20475931040258008,4.811648204095312,False,API3/USDT
1759840200000,SHORT,2.373773958769958,0.8975535847880858,4.180065541287195,True,BNB/USDT
1759923000000,SHORT,-3.182097100472023,-0.43833160281211203,4.155091031692517,False,BAT/USDT
1759941000000,SHORT,-4.380165289256202,0.4797216926161706,4.030165289256202,False,DASH/USDT
1759955400000,SHORT,1.8784122562674113,0.022017037244470322,4.490807799442888,False,ALICE/USDT
1759978800000,LONG,-5.219624837646107,0.16034156996429513,4.869624837646107,True,CAKE/USDT
1760018400000,SHORT,-5.2028824330458345,-1.5728977516756166,4.852882433045835,False,ACE/USDT
1760048100000,SHORT,-4.670040080160312,0.8491808860993443,4.320040080160313,False,DASH/USDT
1760076000000,SHORT,-8.34461641991923,1.0731542682465964,7.99461641991923,False,DASH/USDT
1760081400000,SHORT,-5.013919977616116,0.43178291817892783,4.663919977616116,False,DUSK/USDT
1760081400000,SHORT,3.8076923076923026,0.2034072189515133,4.157692307692303,False,CELO/USDT
1760131800000,LONG,-1.533199612580665,0.3233905756264607,11.265264452966504,True,ETH/USDT
1760131800000,LONG,0.19007844082013925,0.5146079482522435,9.017322872160161,True,BTC/USDT
1760132700000,LONG,-3.7907027818448094,-0.1280450193142538,7.598682284041012,False,BAT/USDT
1760132700000,LONG,11.559341010876516,0.1920594315887955,11.909341010876515,True,FIL/USDT
1760134500000,LONG,-0.023202614379084607,-2.2142463526925313,10.726143790849662,False,ALICE/USDT
1760134500000,LONG,5.610945529290854,-0.6775072463805719,9.00966084275437,False,BSV/USDT
1760135400000,LONG,-8.17167645488521,0.8110970289084901,9.508809396689797,False,DASH/USDT
1760135400000,LONG,-5.523927502494173,-0.5858158025678215,5.173927502494173,False,COMP/USDT
1760135400000,LONG,4.882825880114178,,5.232825880114178,False,AUCTION/USDT
1760135400000,LONG,5.196195528436764,-0.5165608059240733,7.3640316925458835,True,AAVE/USDT
1760135400000,LONG,5.7327619683271696,0.35361253984945124,11.099673866877001,True,1000PEPE/USDT
1760135400000,LONG,7.039529675251964,-1.14635148491558,7.389529675251963,False,1INCH/USDT
1760135400000,LONG,7.071428571428565,-0.7767264346766575,7.421428571428565,False,CELO/USDT
1760135400000,LONG,7.690540540540541,-0.6357410893798172,11.819391891891897,True,AXS/USDT
1760135400000,LONG,7.872222222222225,,10.846044444444441,False,GAS/USDT
1760135400000,LONG,8.423976915005253,0.11030732173306014,8.773976915005253,False,ANKR/USDT
1760135400000,LONG,8.453059895833345,-0.4280428627659148,8.803059895833332,False,BIGTIME/USDT
1760135400000,LONG,8.943556701030943,0.34420475438309883,9.293556701030942,True,ETC/USDT
1760135400000,LONG,8.987071211463311,-2.508992392876793,9.33707121146331,True,CFX/USDT
1760135400000,LONG,9.02478474784749,-1.5525530649109367,9.374784747847489,False,EDU/USDT
1760135400000,LONG,10.316115460598516,,10.666115460598515,True,ENS/USDT
1760135400000,LONG,10.570520262280988,-0.6325603227693581,10.920520262280988,True,1000SHIB/USDT
1760135400000,LONG,10.819288811795325,-2.122925179258223,11.169288811795324,False,ACH/USDT
1760135400000,LONG,10.89347261311974,,11.24347261311974,False,BLUR/USDT
1760136300000,LONG,6.109446333171432,0.689942384318338,11.210992391128377,True,ADA/USDT
1760136300000,LONG,7.080825767401641,-0.46831313461507995,8.856182447038483,True,APT/USDT
1760136300000,LONG,8.359766925638189,-0.8562363944153394,8.709766925638188,False,CYBER/USDT
1760136300000,LONG,10.752309058614557,-0.5195752563422897,11.102309058614557,True,ARB/USDT
1760137200000,LONG,2.618108620145251,0.022326228065345052,6.512230291548253,True,DOGE/USDT
1760137200000,LONG,5.445275590551185,,5.795275590551185,False,FLOW/USDT
1760137200000,LONG,7.085961203680675,,10.217930862969416,False,ENJ/USDT
1760137200000,LONG,7.913608115518187,0.08868752938766222,8.263608115518187,True,CAKE/USDT
1760137200000,LONG,8.210568143388556,-0.7709125872396454,8.560568143388569,True,CHZ/USDT
1760137200000,LONG,8.703007742704003,-0.8219618248759681,11.582310899344838,True,ALGO/USDT
1760137200000,LONG,8.976616746085782,-1.9416472773911464,9.326616746085781,False,ACE/USDT
1760137200000,LONG,9.354326241134748,,9.704326241134748,True,DOT/USDT
1760137200000,LONG,9.562947658402193,,9.912947658402192,True,FET/USDT
1760137200000,LONG,9.790861534864694,-0.25579330491469193,11.051446607048915,False,ASTR/USDT
1760137200000,LONG,9.821765465999041,,10.171765465999028,False,BICO/USDT
1760137200000,LONG,9.91724661695665,-0.11107180577593675,10.26724661695665,True,AR/USDT
1760137200000,LONG,9.940697860108601,-0.6692002059731665,10.290697860108601,True,1000BONK/USDT
1760137200000,LONG,11.084010152284252,-0.2682852926256192,11.434010152284252,False,COTI/USDT
1760138100000,LONG,-8.484065172174706,-0.7404045638428901,8.134065172174706,False,AGLD/USDT
1760138100000,LONG,-4.277881519639415,-3.7670079904252187,7.74700579523503,False,ARPA/USDT
1760138100000,LONG,-2.1181728880157134,,8.918467583497057,False,CTSI/USDT
1760138100000,LONG,-0.2837236275268038,,9.638959460952186,False,EGLD/USDT
1760138100000,LONG,0.5432290461424603,-0.06193466541320052,8.07038922571389,True,AVAX/USDT
1760138100000,LONG,1.5840159271899807,-1.0496805885880998,10.196274175199104,False,ARK/USDT
1760138100000,LONG,7.739500860585192,-0.3962687686741499,11.110843373493976,False,CHR/USDT
1760138100000,LONG,7.8605335157318645,-0.20525762786081767,8.210533515731864,True,ATOM/USDT
1760138100000,LONG,10.079764745993849,-0.7365902654041684,10.429764745993849,False,CKB/USDT
1760139000000,LONG,-5.592966751918166,-0.11782056868497211,8.332097186700775,False,DUSK/USDT
1760198400000,SHORT,2.803988868274583,-1.7962840951699937,6.3167594310451145,False,ARPA/USDT
1760217300000,LONG,3.9220120270608976,2.733790640218192,4.272012027060898,True,AR/USDT
1760218200000,LONG,-1.7836917562724026,-2.194241751369875,5.660215053763451,False,ALICE/USDT
1760218200000,LONG,0.9842228152101501,5.153193458368875,4.1428582017641356,True,1000BONK/USDT
1760219100000,LONG,-0.3802388872089474,1.3148931695537218,4.309706682794071,True,ARKM/USDT
1760219100000,LONG,1.5328451882845204,1.5976445062193152,4.471548117154802,True,CRV/USDT
1760258700000,SHORT,-2.7324321524756545,0.6029245651879982,5.058379946136306,False,DUSK/USDT
1760268600000,SHORT,-4.539183673469387,0.009653014866557898,4.189183673469388,False,BAT/USDT
1760289300000,SHORT,2.6150300863347,0.13916932937824236,4.122368535798379,True,CFX/USDT
1760292000000,SHORT,0.9126262626262637,-0.6337017270212119,4.8590909090909,False,EDU/USDT
1760293800000,SHORT,2.114788732394349,2.704477467556531,4.714612676056338,True,CRV/USDT
1760301900000,SHORT,-4.551101928374651,-0.5496441237437748,7.456391184573002,False,API3/USDT
1760347800000,SHORT,-8.541624365482217,-1.5817565741141555,8.191624365482218,False,ALICE/USDT
1760351400000,SHORT,2.5919776627621838,-0.054799983792355754,4.097793516752922,False,ACE/USDT
1760354100000,SHORT,-2.76827138378862,0.33545213647530464,9.86735333631885,False,BAT/USDT
1760357700000,LONG,7.173396334478812,0.8136308222859301,7.523396334478812,False,ARK/USDT
1760374800000,SHORT,-6.222222222222218,0.02948058709401288,5.872222222222218,False,CELO/USDT
1760386500000,SHORT,-7.301193633952257,-1.7058882636255923,6.951193633952258,False,ARPA/USDT
1760389200000,SHORT,-7.075699558173755,-0.5363995429582731,6.725699558173756,False,EDU/USDT
1760403600000,SHORT,4.612918595886717,1.1865206761916092,4.962918595886717,True,CAKE/USDT
1760410800000,SHORT,-8.085249621785163,-1.1106807109106946,7.735249621785163,False,ARPA/USDT
1760419800000,SHORT,11.515784499054798,-0.4840003857050798,11.865784499054797,False,ALICE/USDT
1760420700000,LONG,-4.682496513249644,1.8006738116999885,4.3324965132496445,False,CHR/USDT
1760487300000,SHORT,5.09354838709678,-0.8460246610413341,9.19758064516129,False,ALICE/USDT
1760517000000,SHORT,-7.6002225047679515,-0.09313337022393213,7.250222504767952,False,EDU/USDT
1760518800000,SHORT,9.979999999999974,0.7428258669597615,10.329999999999973,False,CYBER/USDT
1760620500000,SHORT,3.5937896645512204,-0.6469120802135023,11.257524932003605,False,ARPA/USDT
1760622300000,SHORT,5.73280038759689,-0.27357756141036443,6.0828003875968895,False,BAT/USDT
1760622300000,SHORT,6.237931352648097,1.1099175836516615,9.110260195608031,False,DUSK/USDT
1760633100000,LONG,-5.557512953367884,-1.2577775356146017,5.207512953367885,False,ALICE/USDT
1760633100000,LONG,-5.442596491228059,2.9148926415719427,5.0925964912280595,True,FET/USDT
1760633100000,LONG,-4.955419136325148,2.0064844469877148,4.605419136325148,False,ENJ/USDT
1760633100000,LONG,-4.899412110523223,3.05811483465173,4.549412110523224,False,BIGTIME/USDT
1760633100000,LONG,-4.437622549019597,2.182576059060998,4.087622549019597,True,AXS/USDT
1760691600000,LONG,4.9106829268292715,-0.05381304662378521,5.2606829268292605,False,CYBER/USDT
1760719500000,SHORT,2.2141025641025665,-0.9365878145862895,6.729487179487155,False,ALICE/USDT
1760760000000,SHORT,-1.0565217391304325,0.12722314740637347,5.751086956521728,False,EDU/USDT
1760850900000,SHORT,-2.0642012708733644,-1.3964712815220093,4.672469336485896,False,API3/USDT
1760877900000,SHORT,-0.15487804878047834,-1.3808365167742316,4.521686411149818,False,API3/USDT
1760889600000,SHORT,-4.828568360773067,4.829453808624683,4.4785683607730675,False,AUCTION/USDT
1760890500000,SHORT,-1.1123007623007553,2.5630495216244533,6.868503118503106,True,FET/USDT
1760907600000,SHORT,4.129166666666665,-0.8959111715807933,4.479166666666664,False,ALICE/USDT
1760918400000,SHORT,-2.6816062176165754,0.8897862959615095,7.315803108808283,False,CHR/USDT
1760962500000,SHORT,6.041762879596375,3.2477914538663053,6.391762879596374,False,AUCTION/USDT
1760962500000,SHORT,8.857727044656286,0.12569317337233646,9.207727044656286,False,EDU/USDT
1761065100000,SHORT,-4.490315315315302,-0.08518003073884003,4.140315315315302,False,EDU/USDT
1761066000000,SHORT,4.651033271337057,-0.5758469818615433,5.647675139491609,False,DASH/USDT
1761067800000,SHORT,4.847066069428873,-0.7731161567732237,5.197066069428873,False,AGLD/USDT
1761214500000,SHORT,2.0122047244094508,0.027283640376007803,4.643700787401574,False,CELO/USDT
1761286500000,SHORT,-6.445610302351608,3.1632896531236074,6.095610302351608,True,APE/USDT
1761459300000,SHORT,3.6542613636363552,-1.2667406202900338,4.004261363636355,False,ALICE/USDT
1761492600000,SHORT,-2.730952380952378,0.5218636431753259,6.62142857142856,False,EDU/USDT
1761552900000,SHORT,3.7657608695652054,-0.8180998326076863,4.1157608695652055,False,AGLD/USDT
1761796800000,SHORT,4.617089678510979,1.9038296356931632,4.967089678510979,False,CKB/USDT
1761894900000,SHORT,-2.345464852607708,-1.2662661300549227,6.653091458805744,False,API3/USDT
1761984000000,SHORT,-5.168758191349921,0.09369836736453369,4.818758191349922,False,DASH/USDT
1762045200000,SHORT,-4.86833142857142,1.8386469649610833,4.51833142857142,True,AR/USDT
1762047900000,SHORT,-2.1386855241264624,1.809214209963926,6.558319467554072,False,AUCTION/USDT
1762069500000,SHORT,-8.193797496647266,0.228131674827289,7.843797496647266,False,DASH/USDT
1762070400000,SHORT,5.511494031574879,0.8123086320274755,5.861494031574878,False,DUSK/USDT
1762131600000,SHORT,4.076104621635334,-0.15781893565884386,4.426104621635334,False,BAT/USDT
1762184700000,LONG,-0.5891963004305483,1.7989403743387005,6.0234890767022815,False,AUCTION/USDT
1762185600000,LONG,-2.5731722958529306,2.8557933779544973,4.519880290722523,False,GAS/USDT
1762185600000,LONG,-2.0394061776211974,0.1868014427234525,5.133739465540387,True,BCH/USDT
1762185600000,LONG,-0.6119858527639582,1.9652400101237075,7.274037201991114,False,ENJ/USDT
1762186500000,LONG,-4.616865063187934,3.3421105662205544,4.266865063187934,True,1000BONK/USDT
1762186500000,LONG,-3.207142857142868,2.045457157227998,5.631941391941407,False,BIGTIME/USDT
1762186500000,LONG,-2.8039877300613485,-1.3422081834634356,6.641911527284463,False,API3/USDT
1762186500000,LONG,-2.7698822759973893,1.0712965983564209,5.972923479398311,False,1INCH/USDT
1762186500000,LONG,-2.5498595834308366,1.3539545069333818,4.7098525626023795,False,BLUR/USDT
1762186500000,LONG,-2.4690616991917915,2.174166600362998,4.402577370392269,True,AAVE/USDT
1762186500000,LONG,-1.778666356568542,1.395421726275295,8.117529403947115,False,ASTR/USDT
1762186500000,LONG,-1.6559701492537426,-0.27533251637631273,4.764179104477615,False,ARPA/USDT
1762186500000,LONG,-1.5497670355271,1.554863525504009,5.3053232382061815,False,EGLD/USDT
1762186500000,LONG,-1.344200497100254,0.5881160729377231,10.501284175642082,False,ACE/USDT
1762233300000,SHORT,-7.844664310954051,2.6946037941492245,7.494664310954051,False,BICO/USDT
1762233300000,SHORT,6.846294976843603,0.3347957826600621,7.196294976843602,False,DASH/USDT
1762234200000,SHORT,-6.329193329455092,0.5415311230161552,5.979193329455092,False,DUSK/USDT
1762288200000,LONG,0.9897947548460612,2.6422252000478985,5.69994298745724,True,APE/USDT
1762292700000,LONG,3.3736641078857565,-0.4226368072647965,5.225482844136324,True,ETH/USDT
1762292700000,LONG,3.789621409921678,-2.216526139025958,4.139621409921678,False,AGLD/USDT
1762292700000,LONG,4.052076802507826,1.1520398027370997,4.402076802507826,True,ADA/USDT
1762292700000,LONG,4.149369604497088,0.19727223710486513,4.499369604497088,True,APT/USDT
1762292700000,LONG,4.283544749823824,2.3477781972227034,5.999903100775187,True,1000BONK/USDT
1762292700000,LONG,4.869013237063763,1.9914934717657928,5.219013237063763,True,GALA/USDT
1762307100000,LONG,3.815161975570892,0.008345338061218899,4.165161975570892,False,BAT/USDT
1762379100000,SHORT,-7.603111353711768,1.1850504735341458,7.253111353711768,False,1INCH/USDT
1762426800000,SHORT,8.576052963429992,0.24559900282805108,8.926052963429992,False,DASH/USDT
1762443000000,SHORT,-7.181549295774652,0.5806338120141128,6.831549295774653,False,DUSK/USDT
1762460100000,SHORT,-7.455939683707252,1.6653949512677966,7.105939683707252,True,AR/USDT
1762462800000,SHORT,-7.392857142857131,0.8582785819517474,7.042857142857131,True,FIL/USDT
1762479900000,SHORT,-11.853370786516848,0.7512800104604429,11.503370786516848,False,DUSK/USDT
1762480800000,SHORT,-4.970744458385604,1.5145245396334241,4.620744458385604,True,FET/USDT
1762534800000,SHORT,-9.588652849740921,2.157852734731882,9.238652849740921,True,FIL/USDT
1762534800000,SHORT,1.1478562280750508,0.9486561702603342,5.5554318169162995,True,ETC/USDT
1762540200000,SHORT,-8.549840616283687,1.5826210286638167,8.199840616283687,True,AR/USDT
1762544700000,SHORT,9.859579789894939,3.7859084373453245,10.209579789894939,True,FET/USDT
1762580700000,LONG,-8.020372492836684,0.057081946650174985,7.670372492836683,False,DASH/USDT
1762611300000,SHORT,2.9482791586998176,0.8445526460417278,8.01907265774377,False,ACH/USDT
1762638300000,SHORT,4.114705882352941,1.8833098712097396,4.46470588235294,False,FLOW/USDT
1762648200000,SHORT,0.7100706713780894,-1.0395249545555205,8.038103651354527,False,API3/USDT
1762655400000,SHORT,2.680602171767032,1.3347288361839107,6.824945705824262,False,EGLD/USDT
1762661700000,LONG,-3.9549026676279775,1.4843441683158405,5.439545782263893,True,AR/USDT
1762718400000,SHORT,-7.743862383121536,1.637785475682094,7.393862383121537,False,COTI/USDT
1762728300000,SHORT,2.9748279594834903,0.6354568799721013,4.456870022423252,False,ACH/USDT
1762785900000,SHORT,3.1422766957689787,0.5091579305777064,7.979113498992593,False,ACE/USDT
1762817400000,SHORT,1.9227272727272746,3.1614287497083504,4.859090909090895,True,DYDX/USDT
1762817400000,SHORT,4.145057034220532,1.0160274118309147,4.495057034220531,True,CRV/USDT
1762830900000,SHORT,-0.10636166756902762,1.6109314516801312,5.784731997834316,True,FET/USDT
1762958700000,SHORT,3.93015873015872,1.1515800748544327,4.28015873015872,False,COMP/USDT
1763109000000,SHORT,7.026380368098137,0.13181275223091451,7.376380368098137,True,DYDX/USDT
1763136000000,SHORT,-0.3910060142154198,0.028422171504471155,6.949193548387095,False,DASH/USDT
1763190000000,SHORT,-0.3976190476190423,0.4968814048078584,5.028428571428548,True,FIL/USDT
1763236800000,SHORT,2.5743587649076995,-0.255314936997602,4.80620813592548,False,API3/USDT
1763252100000,SHORT,-7.388530854340127,0.1313165981108734,7.038530854340127,False,DASH/USDT
1763316000000,LONG,-5.135939257592808,0.18262526249059113,4.785939257592808,True,GALA/USDT
1763316000000,LONG,-1.356634637382761,0.002792321005734524,4.040745824754079,True,AR/USDT
1763316000000,LONG,-0.8230713245996972,0.5359056657309478,4.145778748180486,True,FET/USDT
1763385300000,SHORT,-6.165156766976514,0.19925483156555976,5.815156766976514,False,DUSK/USDT
1763389800000,LONG,-4.484615384615376,0.042769834038433596,4.134615384615376,True,DYDX/USDT
1763491500000,SHORT,4.514977404777264,0.3943047972102173,4.864977404777264,True,FET/USDT
1763561700000,SHORT,8.083734939759033,-0.6349720247141326,10.773092369477908,False,ALICE/USDT
1763578800000,LONG,3.836709982279968,-0.00415363888200501,4.186709982279968,False,BAT/USDT
1763600400000,SHORT,-0.039440993788819545,-0.10516954567428798,8.50258799171841,False,CYBER/USDT
1763613000000,SHORT,3.8464150697431765,0.6573418275704479,4.196415069743177,False,DUSK/USDT
1763622000000,SHORT,-4.760655737704915,-0.36174306885233737,4.410655737704915,False,ALICE/USDT
1763711100000,LONG,-3.0833831217326337,-0.10233758278804855,8.490440627333834,False,DASH/USDT
1763712000000,LONG,-6.907917261055644,-0.18633142828716487,6.557917261055644,True,ALGO/USDT
1763712000000,LONG,-6.687322074788893,-0.024931082470656903,6.337322074788894,True,ADA/USDT
1763712000000,LONG,-4.8999503349747435,0.566684113622889,4.549950334974744,True,BCH/USDT
1763712000000,LONG,-4.600120771230866,-0.5587935844777683,4.250120771230867,True,BTC/USDT
1763712000000,LONG,-4.538481675392655,-0.2503073585313209,9.521815008725994,True,FET/USDT
1763712000000,LONG,-3.7260795603245223,-0.0662307342792961,9.69335252551689,True,AR/USDT
1763712000000,LONG,-3.1955284552845558,0.7060479544034228,6.784552845528448,False,FLOW/USDT
1763712000000,LONG,-2.8739005736137777,-0.3047841092393291,5.637667304015301,True,ATOM/USDT
1763712000000,LONG,-2.8344720496894356,0.2713921838405207,11.240165631469976,True,APE/USDT
1763712000000,LONG,-2.547871801368127,0.43322858546765014,8.433620471243982,True,AAVE/USDT
1763712000000,LONG,-1.9671493042497166,-0.32193144542374313,8.136517487777356,True,AVAX/USDT
1763712000000,LONG,-1.9172782874617709,-0.0020159531171472242,7.884212538226302,False,ARK/USDT
1763712000000,LONG,-1.590694789081886,-0.3733294820098872,5.990074441687331,False,BSV/USDT
1763712900000,LONG,-6.880569212280122,0.3370541008977799,6.530569212280122,True,1000BONK/USDT
1763712900000,LONG,-6.012360059072938,0.13472561311174505,5.662360059072938,True,CAKE/USDT
1763712900000,LONG,-5.716617052944917,0.8607099180020434,5.3666170529449175,True,DOGE/USDT
1763712900000,LONG,-5.377671068427369,-0.2799215863492448,5.027671068427369,False,1INCH/USDT
1763712900000,LONG,-5.178397081026671,0.16338590953040835,4.828397081026671,True,1000SHIB/USDT
1763712900000,LONG,-2.379966167230537,0.2090283477983016,7.094441759304012,False,GAS/USDT
1763712900000,LONG,-2.1171517671517672,0.004386984857857356,11.665661815661823,False,COTI/USDT
1763712900000,LONG,-1.995171957671968,-0.43296536128633517,6.242766203703709,False,ASTR/USDT
1763712900000,LONG,-1.2485879332477503,-0.21962849443219562,8.107060333761241,False,ANKR/USDT
1763712900000,LONG,-0.35,-0.5872778078939579,7.824528301886797,False,CELO/USDT
1763712900000,LONG,-0.1913957176843736,-0.4174000417037798,7.732038065027743,False,CKB/USDT
1763714700000,LONG,-5.170597338285356,0.48121833366989253,4.820597338285356,False,DUSK/USDT
1763728200000,LONG,0.019232235165199008,-0.11420670800795313,4.829119321565558,True,1000PEPE/USDT
1763728200000,LONG,0.4473143096936688,-0.056515011973295004,4.065421737305915,True,DOT/USDT
1763765100000,SHORT,-1.4107814486593009,0.5853317310437381,4.241805036339801,True,BCH/USDT
1763793900000,LONG,0.5278346744696358,-0.23089686899230535,4.019604974396482,False,DASH/USDT
1763846100000,SHORT,0.9833333333333344,-0.6479028259649839,7.878222222222206,False,ALICE/USDT
1763863200000,SHORT,-5.707142857142849,-0.6900699537942662,5.35714285714285,False,CTSI/USDT
1763874900000,SHORT,3.3440686784599487,-0.19715313807978554,5.414151925078029,False,1INCH/USDT
1763885700000,SHORT,9.202767527675244,-0.5039659407596732,9.552767527675243,False,ALICE/USDT
1763892000000,SHORT,-6.384159123392088,-0.3345617230648839,6.034159123392088,False,BICO/USDT
1764135900000,SHORT,3.276684411911495,-0.12041539764315767,5.506055564797852,False,DASH/USDT
1764168300000,SHORT,2.691994361181199,-0.41215310616235895,5.4199287728149494,False,BICO/USDT
1764169200000,SHORT,-2.4189655172413813,0.39369851110422527,4.4964597701149325,False,BAT/USDT
1764170100000,SHORT,-4.354306144900188,-0.23011531724481943,4.004306144900188,False,DASH/USDT
1764186300000,SHORT,-0.182943534914808,-0.3339135366716477,4.053291012362178,False,COTI/USDT
1764190800000,SHORT,-1.8908929276965685,-0.8015107890344642,8.463492690636102,False,ACE/USDT
1764226800000,SHORT,0.49170253467241776,-1.183686161962315,7.111382113821108,False,ACH/USDT
1764297000000,SHORT,1.5447015425888737,0.09808923145775839,4.487575452716282,False,AUCTION/USDT
1764358200000,SHORT,4.476814159292022,-0.21626577724415763,4.826814159292022,False,COMP/USDT
1764368100000,SHORT,2.1922415129437254,0.05387031532447254,4.9332971632305,False,AUCTION/USDT
1764386100000,SHORT,-0.7099476439790542,0.19614993446056198,6.667212041884797,True,CHZ/USDT
1764401400000,SHORT,-2.4091165725672665,-0.04202599328267545,4.2640318830953134,False,ARK/USDT
1764492300000,SHORT,3.7770783847981018,-0.49717541698980794,4.707482185273129,False,COMP/USDT
1764513000000,SHORT,-0.6640265177948352,-0.5564794035632622,4.184612700628035,False,COTI/USDT
1764547200000,SHORT,4.023096446700494,-0.5315745187644396,4.373096446700494,False,COMP/USDT
1764550800000,LONG,-5.106912096168285,0.7844165779753891,4.756912096168286,False,BAT/USDT
1764729900000,SHORT,-0.41816632583503466,-0.638667999798747,5.496182685753221,False,COTI/USDT
1764922500000,SHORT,-7.761354504212567,0.11246533937406979,7.411354504212567,False,EGLD/USDT
1764950400000,SHORT,-0.47062726176117686,0.18690533863503664,4.0022677925211045,False,EGLD/USDT
1765007100000,SHORT,7.6216713881019755,-0.8162484561442748,7.971671388101975,False,ACE/USDT
1765028700000,SHORT,-5.04912280701752,-0.9263736436360899,4.69912280701752,False,ALICE/USDT
1765267200000,SHORT,0.14561570720547773,-0.8625997142859029,6.991765154403358,False,ACE/USDT
1765275300000,SHORT,-4.901909039865245,-0.3300924379352371,4.5519090398652455,False,ENJ/USDT
1765287000000,SHORT,-2.933979328165377,-2.388153447432035,4.187596899224806,False,CTSI/USDT
1765391400000,SHORT,7.280772113943034,-0.8610619675035405,7.630772113943034,False,ACE/USDT
1765395000000,SHORT,4.472335025380708,-2.398024614512753,8.955329949238564,False,CTSI/USDT
1765399500000,SHORT,4.049782289228757,-0.6925296172891964,4.399782289228757,True,APT/USDT
1765490400000,SHORT,1.3242239274503058,-0.49271775679706076,4.463132193930908,False,AGLD/USDT
1765842300000,SHORT,4.857321365716269,-1.0018960619631134,5.207321365716268,False,ACE/USDT
1765907100000,SHORT,-0.28318485523384795,-0.136914432522927,5.169799554565682,False,API3/USDT
1765985400000,SHORT,3.829635949943103,-0.307850069622487,4.179635949943103,True,1000BONK/USDT
1766150100000,SHORT,1.1165081252477354,-1.1982546047742249,6.30289338089575,False,ACE/USDT
1766166300000,SHORT,-3.0017051153460383,-0.8840840257154265,4.4435368605817445,True,APT/USDT
1766241900000,SHORT,-0.6029866479269183,-0.8758175787736799,6.587252283907219,False,CYBER/USDT
1766245500000,SHORT,2.7257097791798084,-0.7854226049995487,4.096845425867488,False,ARPA/USDT
1766358000000,LONG,-3.287628181927859,-0.49567460583865575,6.109518639160324,True,AAVE/USDT
1766592000000,SHORT,-3.487365743357829,-0.4290496316370626,7.727529677784039,True,CFX/USDT
1766601900000,SHORT,-0.8898110661268586,-1.124018036023119,4.811920827710293,False,API3/USDT
1766621700000,SHORT,-3.115471875419528,-0.23468377028125345,5.739817425157733,True,CFX/USDT
1766836800000,SHORT,-5.811405244928248,-0.40172495499080235,5.461405244928248,False,GAS/USDT
1766837700000,LONG,-1.25909090909091,-0.7209788294794317,10.270000000000001,False,FLOW/USDT
1766851200000,SHORT,1.2446843853820573,-0.8941393061503076,4.720753045404205,False,DASH/USDT
1766882700000,SHORT,-4.864285714285703,0.030189256384918563,4.514285714285704,False,CELO/USDT
1766888100000,SHORT,-7.871599999999995,0.7592714367771223,7.521599999999995,False,FLOW/USDT
1766894400000,SHORT,-0.019845928099775534,-0.3609298309591943,4.163352898019058,False,ARK/USDT
1766916900000,SHORT,2.7955399061032886,-0.4254095538974068,4.726384976525818,False,BIGTIME/USDT
1766968200000,LONG,-6.138073394495421,0.03949653320755269,5.788073394495421,False,FLOW/USDT
1767101400000,SHORT,-2.0028925619834723,0.03756393269490067,7.760330578512383,False,CELO/USDT
1767135600000,SHORT,-5.482441113490356,-0.9069715721386727,5.132441113490357,False,AGLD/USDT
1767142800000,SHORT,2.190578687367673,-0.5980051424494836,4.1105034109621155,False,CYBER/USDT
1767153600000,SHORT,5.13702768587845,-0.926022465865177,5.4870276858784495,False,AUCTION/USDT
1767177900000,SHORT,-2.477659574468086,0.24787802807959722,5.095859071150761,True,CHZ/USDT
1767254400000,SHORT,0.22471264367816146,-0.666845567840048,7.7936781609195345,False,ALICE/USDT
1767333600000,SHORT,0.5539548022598817,0.3467850559262797,5.082666666666653,True,CHZ/USDT
1767357000000,LONG,2.1816455696202555,-0.5683070510203159,4.0860759493671,False,FLOW/USDT
1767362400000,SHORT,-5.22503063725488,-0.023579438379975542,4.875030637254881,True,1000PEPE/USDT
1767375900000,SHORT,-8.463575009641342,-0.6625328127586894,8.113575009641343,False,CKB/USDT
1767450600000,SHORT,0.6809278350515472,-0.26524605793982087,5.470103092783481,False,FLOW/USDT
1767469500000,SHORT,0.32039106145250607,-0.6990903417093687,4.311999999999992,False,ACH/USDT
1767486600000,SHORT,0.5853395689304581,-1.095444102376601,4.2157381049206775,True,FET/USDT
1767586500000,SHORT,-4.789025257915329,-0.9791322845294561,4.439025257915329,True,FET/USDT
1767625200000,SHORT,0.2981669029775045,-0.47065585805189475,5.0133076767267495,False,BICO/USDT
1767629700000,SHORT,-0.2241346758967903,-0.900174252029101,6.549024543738183,True,FIL/USDT
1767632400000,SHORT,2.8998165426145426,-1.3309798900759187,5.956924205891573,True,1000SHIB/USDT
1767645000000,SHORT,-1.2772175268728994,-0.11998844929347703,5.386190202674971,True,1000BONK/USDT
1767660300000,SHORT,-0.5798850574712798,-0.7735832983985815,4.773149425287342,False,GAS/USDT
1767681900000,SHORT,-2.6640495867768617,-0.5440173039246107,4.245685950413223,True,FET/USDT
1767746700000,SHORT,4.568426103646837,-0.7236651310775699,6.436396353166983,False,CYBER/USDT
1767759300000,SHORT,2.607965749870254,-0.9819977847233154,4.203736377789314,False,AUCTION/USDT
1767797100000,LONG,-1.8057910511667798,-1.391066528058944,4.099314921858285,False,API3/USDT
1767839400000,SHORT,-0.41906077348065535,-0.5131183389523284,4.282907458563499,False,ARK/USDT
1767852900000,SHORT,1.3054809843400395,-1.4110139908775117,5.146711409395966,False,BIGTIME/USDT
1767929400000,SHORT,1.778565346956153,-1.5060144214655742,7.259940400170269,False,BIGTIME/USDT
1768053600000,SHORT,-1.8063106796116517,0.02197016294169963,4.682038834951451,True,DYDX/USDT
1768058100000,SHORT,-0.35,0.039063355471630964,4.965116279069762,False,CELO/USDT
1768232700000,SHORT,-5.553420614499763,0.174437646977963,5.2034206144997635,False,DUSK/USDT
1768262400000,SHORT,-5.420415155179351,0.5053385176916397,5.070415155179352,False,DUSK/USDT
1768306500000,SHORT,7.032796208530785,0.20232430771757473,7.3827962085307846,False,DASH/USDT
1768311900000,SHORT,-1.4489010989011,-0.8116952487087217,4.157692307692303,False,ALICE/USDT
1768311900000,SHORT,3.7861007462686476,0.012227111587837701,4.136100746268648,True,AXS/USDT
1768323600000,SHORT,-3.0611111111111087,-0.08529440112351677,4.445733333333321,True,DOT/USDT
1768330800000,SHORT,4.5827739998233605,-0.22276732527451115,4.93277399982336,False,ACH/USDT
1768346100000,SHORT,5.075425841296203,-0.3455923418262428,5.425425841296202,True,APE/USDT
1768347000000,SHORT,0.4912934887389262,-0.6933871175176873,4.4927175532381,True,1000BONK/USDT
1768349700000,SHORT,-0.2805072967338488,-0.5755550425411118,4.935128561501034,False,CKB/USDT
1768352400000,SHORT,-6.188567730802413,0.027685790578478274,5.8385677308024135,True,AXS/USDT
1768356000000,SHORT,-6.4011467889908165,-0.4595292682167077,6.051146788990817,False,BLUR/USDT
1768374900000,SHORT,-5.278003182179787,0.2364322190172987,4.928003182179787,True,AXS/USDT
1768377600000,SHORT,-4.528853538123957,-0.25927454124750043,4.178853538123957,False,BLUR/USDT
1768389300000,SHORT,-6.814527119106016,0.6973488461610557,6.464527119106016,False,DASH/USDT
1768543200000,SHORT,-1.1323871906841205,-1.129793015514094,4.059425036390078,False,AUCTION/USDT
1768549500000,SHORT,-4.642039800995013,-0.8222242009976053,4.292039800995013,True,AXS/USDT
1768559400000,SHORT,-4.603591539623672,0.34774826394543,4.253591539623672,False,DUSK/USDT
1768564800000,SHORT,-1.2440397350993495,-0.3018367763781254,7.7726821192052915,False,AGLD/USDT
1768603500000,SHORT,-11.443384818615991,0.5488686463447762,11.093384818615991,False,DUSK/USDT
1768640400000,LONG,3.7038441284886834,1.4501228644726476,4.0538441284886835,False,DASH/USDT
1768642200000,SHORT,-5.495106649937243,-0.03810787039208018,5.145106649937244,True,AXS/USDT
1768662900000,SHORT,0.2813131313131275,-0.24337540645395148,4.605808080808063,True,GALA/USDT
1768663800000,SHORT,2.527334679454826,-0.3718868351330651,6.071933366986344,False,BLUR/USDT
1768665600000,SHORT,7.225900681596869,0.40439282099738205,7.575900681596869,True,AXS/USDT
1768666500000,SHORT,3.9636723634847777,-0.7054710017273769,4.313672363484778,True,APE/USDT
1768671000000,SHORT,4.011642294713132,0.3660797726205795,4.361642294713132,False,ENJ/USDT
1768729500000,SHORT,-5.119495556390036,1.4153085620532861,4.769495556390036,False,DASH/USDT
1768737600000,SHORT,-0.7124009060022628,-1.3633645019217657,4.684575311438264,False,API3/USDT
1768740300000,SHORT,6.020688998857991,-1.0353948315059351,6.3706889988579904,False,BIGTIME/USDT
1768752000000,SHORT,3.0738625812442004,0.8662271102244201,5.8644614670380655,False,DASH/USDT
1768782600000,LONG,-2.234658876743311,-0.3133762271572636,5.072672446287209,False,ARK/USDT
1768782600000,LONG,-0.6064102564102566,0.008193615750401895,8.73615384615385,True,CRV/USDT
1768782600000,LONG,-0.2417280207882056,-0.5999962687242268,7.661996535296642,True,1000BONK/USDT
1768782600000,LONG,4.8812357846853685,0.8054499034808277,8.778405357594144,False,DASH/USDT
1768783500000,LONG,-2.26333708497467,-0.0985734222857804,6.350075032826856,False,ASTR/USDT
1768783500000,LONG,-1.6693925815285104,-1.3651943563390223,9.036470002489416,False,API3/USDT
1768783500000,LONG,-1.5803485987696675,-0.7705774789367162,8.00068352699931,False,1INCH/USDT
1768783500000,LONG,-0.9799734748010469,-0.535057882170752,5.390782493368686,False,AGLD/USDT
1768783500000,LONG,-0.9149717514124299,0.015498278923339222,8.185875706214675,True,DYDX/USDT
1768783500000,LONG,-0.7078399479505497,0.27345257049151633,8.019128171763178,False,ENJ/USDT
1768783500000,LONG,-0.6733629749393772,-0.5558333323058718,7.150848827809216,False,CKB/USDT
1768783500000,LONG,-0.4898245837040878,-0.9564240985170677,5.939570357188265,True,1000SHIB/USDT
1768783500000,LONG,-0.4706757843926031,-0.4112305929268304,6.275583266291224,False,COMP/USDT
1768783500000,LONG,0.10883940620782473,-0.25901614253098476,7.834682860998658,True,AR/USDT
1768783500000,LONG,0.23260507698709298,-0.7382530763144086,11.585226799833546,True,FET/USDT
1768783500000,LONG,0.6374021109976289,-0.18299886340444269,6.647940074906357,True,ETC/USDT
1768783500000,LONG,1.15884495317377,0.1258141794184627,10.622736732570251,False,COTI/USDT
1768807800000,SHORT,-8.021108179419512,2.4250061676321337,7.6711081794195115,False,DUSK/USDT
1768828500000,SHORT,8.26453072891852,-0.7560288910238876,8.61453072891852,False,ARPA/USDT
1768853700000,SHORT,5.166652097902082,0.5097030278670183,5.516652097902082,False,COTI/USDT
1768886100000,SHORT,4.7759424603174425,0.421932999550717,5.125942460317442,True,AXS/USDT
1768898700000,LONG,3.937434406467174,0.8410356681886282,4.287434406467174,False,DASH/USDT
1769018400000,LONG,4.204941599281235,0.8678179217167256,4.554941599281235,True,AXS/USDT
1769085900000,LONG,-5.489193675889322,0.6540835053528579,5.139193675889322,False,DUSK/USDT
1769142600000,SHORT,3.2214285714285746,0.06539546575412085,5.0761904761904475,False,FLOW/USDT
1769162400000,SHORT,-4.788028372900994,1.1108864058186265,4.438028372900995,False,DASH/USDT
1769173200000,LONG,4.895250204056005,0.5084356598861431,5.2452502040560045,False,DUSK/USDT
1769217300000,LONG,4.136099089206134,0.5055860693174967,4.486099089206133,False,DUSK/USDT
1769315400000,SHORT,8.17953772263357,0.5981230750102943,8.52953772263357,False,DUSK/USDT
1769317200000,SHORT,5.787424949966649,-0.8335643371940185,6.857304869913275,False,ARPA/USDT
1769323500000,SHORT,-4.632613723978413,-0.876720806564195,4.282613723978414,False,AUCTION/USDT
1769354100000,SHORT,8.51441008497003,0.18697203237357907,8.86441008497003,False,AUCTION/USDT
1769359500000,LONG,-4.691891891891903,0.04027635538465262,4.341891891891903,False,FLOW/USDT
1769476500000,SHORT,-1.9125000000000068,-0.2945950281773512,8.135937499999985,False,GAS/USDT
1769484600000,SHORT,-4.613026019916474,0.7074818161248558,4.263026019916475,False,DASH/USDT
1769518800000,LONG,0.7601622544833556,-0.17434875093765964,6.174722459436371,False,1INCH/USDT
1769642100000,SHORT,7.259534246575339,0.03927014265220673,7.609534246575339,True,ARKM/USDT
1769682600000,SHORT,-6.863274336283178,-1.182401513987198,6.513274336283178,False,ARPA/USDT
1769701500000,LONG,-4.444383871631345,0.08690385003228915,4.094383871631345,True,CHZ/USDT
1769701500000,LONG,0.7445832163906861,0.14223443899154584,4.077575077182161,False,BICO/USDT
1769701500000,LONG,3.9647651006711526,-0.7927639871748856,4.314765100671153,False,ALICE/USDT
1769728500000,SHORT,3.8508046490835715,0.10855690241964124,4.2008046490835715,True,AXS/USDT
1769843700000,SHORT,4.673704866561995,-2.015353118042905,5.023704866561995,False,ARPA/USDT
1769870700000,LONG,-5.210800541719955,0.277605583756491,4.860800541719955,True,AAVE/USDT
1769870700000,LONG,-4.51984382177308,0.36242622370731015,4.16984382177308,False,ACH/USDT
1769871600000,LONG,-4.922857142857155,-0.7325825444638785,4.572857142857155,False,ALICE/USDT
1769872500000,LONG,-4.719387755102048,0.03728449477280221,4.369387755102048,False,CELO/USDT
1769872500000,LONG,-4.404634994206265,0.4491024424001636,4.054634994206265,False,API3/USDT
1769880600000,LONG,-7.0608279193736445,0.058044406767726285,6.710827919373645,False,FLOW/USDT
1769882400000,LONG,-4.9709987045106585,-0.00417921929631225,4.620998704510659,False,ASTR/USDT
1769885100000,LONG,1.8166666666666709,0.1344317618261135,7.245766666666663,False,BICO/USDT
1769885100000,LONG,1.9650993648842356,-0.3818467095855739,6.652530219217365,False,AUCTION/USDT
1769885100000,LONG,2.3446107784431227,-0.24092264925233192,5.2551497005988015,False,GAS/USDT
1769885100000,LONG,2.6360399482587695,-0.16519861243714917,5.788549733734269,True,ETH/USDT
1769885100000,LONG,2.8587819294912418,-0.13396747194253042,5.235539370909857,True,ETC/USDT
1769885100000,LONG,2.8838863675817805,0.3717298543831153,6.043697145549684,True,1000PEPE/USDT
1769885100000,LONG,2.9386963371406023,0.6686233986269724,7.122715636077192,True,DOGE/USDT
1769885100000,LONG,3.4803130148270083,-0.33210689422368445,5.1248558484349305,False,ANKR/USDT
1769885100000,LONG,3.5048752834467125,-0.474829257249134,6.675374149659871,False,BLUR/USDT
1769885100000,LONG,3.6610650069156168,0.35587087121854866,5.471161825726142,False,DASH/USDT
1769885100000,LONG,3.733069341781063,0.22678847072877095,5.774551214361146,True,ADA/USDT
1769885100000,LONG,3.7358018386108314,0.2373159328815399,6.715832482124613,True,AVAX/USDT
1769885100000,LONG,3.7409924784443187,-0.3593401696480804,6.6284168042561165,False,CYBER/USDT
1769885100000,LONG,3.860526315789459,0.021799478871849624,7.161943319838067,True,AR/USDT
1769885100000,LONG,3.8694092827004254,-0.7169499939281484,4.82225738396624,True,ATOM/USDT
1769885100000,LONG,4.004283399716465,-0.7744495846724531,5.563309255383793,True,CAKE/USDT
1769885100000,LONG,4.149852463853653,-0.16796626640550918,7.345780466214211,True,ENS/USDT
1769885100000,LONG,4.32625899280574,0.021003250254821432,7.472661870503602,True,CRV/USDT
1769885100000,LONG,4.378627999068244,-0.04870501958221991,5.920172373631509,True,CHZ/USDT
1769885100000,LONG,4.384513274336277,-0.6465376778586451,6.034955752212395,False,AGLD/USDT
1769885100000,LONG,4.384693877551021,-0.9805475616113909,6.241306122448981,False,BAT/USDT
1769885100000,LONG,4.500746268656721,0.014775811413222864,6.549850746268677,True,ARB/USDT
1769885100000,LONG,4.547543961633479,-0.26270685806024474,6.907062926900158,True,1000BONK/USDT
1769885100000,LONG,4.608832335329341,0.052531730063087326,5.673053892215572,True,CFX/USDT
1769885100000,LONG,4.620178926441357,-1.3742234311716381,6.345427435387682,True,FIL/USDT
1769885100000,LONG,4.656469586751269,-0.5877641008929084,5.006469586751269,True,1000SHIB/USDT
1769885100000,LONG,4.817645854657123,-0.08507696508764187,5.167645854657122,True,BCH/USDT
1769885100000,LONG,4.852312138728319,-0.36645415700716216,6.063005780346821,True,APT/USDT
1769885100000,LONG,4.859849246231159,-0.3806195335856766,5.209849246231158,True,ALGO/USDT
1769885100000,LONG,4.877159432746024,-0.9397053794969329,5.227159432746023,False,ENJ/USDT
1769885100000,LONG,4.894361413043477,-0.21599065416282962,5.244361413043476,True,DOT/USDT
1769885100000,LONG,4.895540897097607,-0.17170240178707002,5.2455408970976185,False,CKB/USDT
1769885100000,LONG,4.972004241781554,-0.0969819740761648,5.322004241781554,False,COMP/USDT
1769885100000,LONG,5.010134003350082,-0.49742013739576024,6.312060301507541,True,FET/USDT
1769885100000,LONG,5.1484894259818805,-0.9831694095843736,6.26392749244713,False,BIGTIME/USDT
1769885100000,LONG,5.302173913043474,0.010282039295573517,6.3686956521739155,True,GALA/USDT
1769885100000,LONG,5.458713069604407,-0.2654927065822024,10.135202804206314,False,ACE/USDT
1769885100000,LONG,5.488888888888896,0.01401658590462147,5.838888888888896,False,CHR/USDT
1769885100000,LONG,5.561023255813949,-0.4245542770308422,5.911023255813949,False,ARK/USDT
1769885100000,LONG,5.703194782224195,-0.23823911096203915,6.053194782224194,False,EGLD/USDT
1769885100000,LONG,6.004035357417383,0.07410634999178274,6.3540353574173825,False,COTI/USDT
1769885100000,LONG,6.157003891050589,0.03401139333049921,6.507003891050589,False,CTSI/USDT
1769885100000,LONG,6.476104100946381,-0.2702244141719041,6.82610410094637,True,ARKM/USDT
1769885100000,LONG,6.595428773919209,-0.6088144468779975,8.143160878809356,True,APE/USDT
1769886000000,LONG,1.6005851755526588,-0.5415886909071357,4.4487646293888155,False,BSV/USDT
1769886000000,LONG,3.5259689922480653,0.026531292166927723,6.482945736434116,True,DYDX/USDT
1769886000000,LONG,5.844088176352704,-0.1352228935329977,6.194088176352704,False,1INCH/USDT
1769940900000,SHORT,-4.4007699076110764,-0.42750486866772036,4.050769907611077,False,ARK/USDT
1769940900000,SHORT,8.734083448056749,0.007187825699703529,9.084083448056749,False,ASTR/USDT
1769954400000,SHORT,1.4518018018018037,-0.11634616706547911,5.156869369369367,True,AXS/USDT
1770021900000,SHORT,7.520834083948825,-0.4242817861594593,7.870834083948824,False,AUCTION/USDT
1770080400000,SHORT,3.70117270788912,-0.2758746782987131,10.504142552543403,False,CYBER/USDT
1770104700000,SHORT,4.686061166190548,-0.2948328025444952,5.036061166190548,False,ANKR/USDT
1770119100000,SHORT,3.6523489932885833,0.03403057908303353,4.002348993288583,False,CTSI/USDT
1770145200000,LONG,3.669253910950657,0.023843942347201958,4.019253910950657,False,API3/USDT
1770145200000,LONG,3.679075511644325,0.40166394442289954,4.029075511644325,False,COTI/USDT
1770145200000,LONG,3.8143410852713084,0.026420278547796938,4.164341085271319,True,DYDX/USDT
1770145200000,LONG,4.104166666666656,-0.6091921208814891,4.454166666666656,False,1INCH/USDT
1770146100000,LONG,3.858636815920397,0.05768962136829071,4.208636815920397,False,FLOW/USDT
1770146100000,LONG,4.288410041841019,-0.9738125845461274,4.6384100418410075,False,BAT/USDT
1770229800000,LONG,-3.631887528827384,-0.4831222591628624,4.491750931346443,False,CYBER/USDT
1770273900000,LONG,-4.91781447645819,-0.3035751698927521,5.975122979620519,False,EDU/USDT
1770308100000,LONG,-5.851739130434781,-0.3616397078016604,5.501739130434782,True,DYDX/USDT
1770308100000,LONG,-4.917045750499172,-0.3866607244043543,4.567045750499172,True,AAVE/USDT
1770308100000,LONG,-4.8199184189359885,-0.1915424544408358,4.469918418935989,True,ETC/USDT
1770308100000,LONG,-4.7230017761989105,-0.7019503174119173,4.373001776198911,True,APT/USDT
1770308100000,LONG,-4.572468004424081,-0.6687406598224045,4.222468004424082,True,1000BONK/USDT
1770326100000,LONG,-4.503140096618355,-0.7395520712086251,4.153140096618356,False,BSV/USDT
1770332400000,LONG,-6.882435775451948,-0.5029560635939447,6.532435775451948,True,AAVE/USDT
1770337800000,LONG,-0.8438271604938166,-0.5052357676449426,9.777654320987645,False,COMP/USDT
1770337800000,LONG,0.031679389312974815,-0.4034990951149328,10.193893129770995,False,CTSI/USDT
1770337800000,LONG,0.7958207695091141,0.3762837732782131,8.561235074176818,False,DUSK/USDT
1770337800000,LONG,1.4232151189920792,-0.4840314034462353,10.046686887540826,False,AUCTION/USDT
1770337800000,LONG,1.5139798488664837,-0.7900161283963916,10.696926952141059,True,AR/USDT
1770337800000,LONG,1.692553191489373,-0.878423325897826,11.330638297872335,True,APE/USDT
1770337800000,LONG,1.7981481481481505,-1.43852774070668,9.605333333333341,False,BIGTIME/USDT
1770337800000,LONG,2.081002431002431,-0.6255206101316478,8.383783783783784,False,ASTR/USDT
1770337800000,LONG,2.1330037334724583,-1.334138314848357,7.339807946264097,True,BNB/USDT
1770337800000,LONG,2.1903257227460418,-1.170745715529642,8.34094911556145,True,CAKE/USDT
1770337800000,LONG,2.2385889868912567,-0.6686655646348658,6.883192961513802,True,BCH/USDT
1770337800000,LONG,2.2815789473684163,-0.6366466694455221,11.057105263157897,True,GALA/USDT
1770337800000,LONG,2.316666666666669,0.05053149801208593,9.605333333333318,False,CELO/USDT
1770337800000,LONG,2.320900261486735,-0.8357956585749277,10.653604781471802,True,ENS/USDT
1770337800000,LONG,2.3527027027026994,0.022841129948668597,10.308494208494206,False,CHR/USDT
1770337800000,LONG,2.5732643118148406,-0.4758997730969858,8.3148599269184,True,AVAX/USDT
1770337800000,LONG,2.5808617234468936,-0.2848440220968357,9.066207414829659,False,EGLD/USDT
1770337800000,LONG,2.983333333333336,-1.219456842802822,11.186781609195402,True,FIL/USDT
1770337800000,LONG,3.020786516853936,-0.9842321834562228,10.606067415730339,False,1INCH/USDT
1770337800000,LONG,3.3772006344171417,-0.10878294649904112,8.364551942902445,True,AXS/USDT
1770337800000,LONG,3.460669875651823,-0.060431991247714756,9.01825110308865,False,BICO/USDT
1770337800000,LONG,3.496153846153845,-0.6601983382843493,10.644543828264757,True,ARKM/USDT
1770337800000,LONG,3.4961538461538497,-1.0384058846030888,9.886538461538462,True,DYDX/USDT
1770337800000,LONG,3.539789303079427,-0.9415598306077608,9.725985953538617,False,BLUR/USDT
1770337800000,LONG,3.646194100856323,-1.161756321990439,10.450237868696478,True,ARB/USDT
1770337800000,LONG,3.729601990049767,-1.1598885510810515,10.716417910447754,True,APT/USDT
1770337800000,LONG,3.85711974110032,-2.09403002686566,10.194714131607347,False,ARPA/USDT
1770337800000,LONG,3.8931192660550393,-0.755786858352129,8.646444954128436,True,ALGO/USDT
1770337800000,LONG,4.003393085787442,-0.7195127165707755,8.342381562099877,False,GAS/USDT
1770337800000,LONG,4.054276985743383,-0.6662724675135097,9.488238289205707,True,ETC/USDT
1770337800000,LONG,4.1545045045045,-0.3532684967956068,10.098525798525811,True,DOT/USDT
1770337800000,LONG,4.294305197198674,-0.7905476461838523,9.964983413195725,False,API3/USDT
1770337800000,LONG,4.357302353651178,-0.3582481755566802,10.167712733856368,False,ACE/USDT
1770337800000,LONG,4.366981132075477,-1.1988647369893208,8.953207547169807,False,BAT/USDT
1770337800000,LONG,4.483084205281508,-0.8872678848304947,9.837817638266081,False,ENJ/USDT
1770337800000,LONG,4.582432432432434,-0.6668545823561848,10.202635135135136,True,FET/USDT
1770337800000,LONG,4.855552589428725,-0.527571124890845,9.428964228510415,True,CHZ/USDT
1770337800000,LONG,4.8775379229871705,-1.2717354450991976,8.280653442240373,False,ANKR/USDT
1770337800000,LONG,4.908451082096227,-0.946879309594188,9.66192094437488,True,1000SHIB/USDT
1770337800000,LONG,4.920362765229294,-1.005496501702417,8.693634496919922,True,CFX/USDT
1770337800000,LONG,4.976176713459949,-0.39230263450389563,9.232658959537575,True,ADA/USDT
1770337800000,LONG,5.013716038562662,-0.8351657782433364,10.436021034180536,True,1000BONK/USDT
1770337800000,LONG,8.063606770833326,-1.0331989672626674,8.413606770833326,False,CYBER/USDT
1770337800000,LONG,9.167216856892015,-0.9397508816437066,9.517216856892015,True,1000PEPE/USDT
1770384600000,SHORT,-7.145656427313637,-1.0114470024365658,6.795656427313637,False,CYBER/USDT
1770397200000,SHORT,2.4372468417886552,-0.10520595000367836,7.2186284339282,False,AUCTION/USDT
1770400800000,SHORT,-1.1374015748031503,-0.3537929813716503,4.248818897637783,True,CRV/USDT
1770400800000,SHORT,-1.115974601894776,0.06620388299787104,6.567486393872185,False,FLOW/USDT
1770400800000,SHORT,0.6163097414468464,0.31763225063442657,4.04586053799946,False,DASH/USDT
1770401700000,SHORT,-4.841005665722385,-0.5712321659172557,4.491005665722385,False,BSV/USDT
1770401700000,SHORT,-1.194265489024548,-0.9390610183582467,4.044151188466021,True,1000PEPE/USDT
1770401700000,SHORT,-0.30341614906831677,-1.0770760552790917,4.6452950310558805,True,1000BONK/USDT
1770401700000,SHORT,-0.11635514018692539,-0.6208458428068081,4.0495327102803795,True,GALA/USDT
1770401700000,SHORT,0.343298118190819,-0.8488893251135163,4.0417959722680585,True,ENS/USDT
1770401700000,SHORT,1.2373015873015887,0.009803120596131998,4.280158730158715,False,ALICE/USDT
1770420600000,SHORT,-1.2113116382109146,-0.3493976450783524,4.014176311065263,True,BCH/USDT
1770426000000,SHORT,7.342205726405094,-0.6249507883871384,7.692205726405094,False,API3/USDT
1770508800000,SHORT,-1.2325383483925154,-0.6112779809318768,6.411998318974571,False,EGLD/USDT
1770526800000,SHORT,-3.6088061590381733,0.3472578282315019,7.662244252267435,False,DUSK/USDT
1770529500000,SHORT,-4.563350944929876,0.33632584354686745,4.213350944929877,False,AUCTION/USDT
1770547500000,SHORT,3.1707100591716033,-0.5916901781946622,8.401153846153838,False,API3/USDT
1770564600000,SHORT,-8.094008751262177,0.39226806678610904,7.744008751262177,False,DUSK/USDT
1770610500000,SHORT,-5.55264765784111,0.24554177464748467,5.20264765784111,True,AXS/USDT
1770779700000,SHORT,5.694132814620458,0.3932804298218361,6.044132814620458,False,DUSK/USDT
1770820200000,SHORT,-0.43932559178205555,-1.023486490929658,4.734881643590891,False,EGLD/USDT
1770820200000,SHORT,-0.35,-1.0418390496642698,4.352525252525232,True,DYDX/USDT
1770820200000,SHORT,-0.1704022988505785,-0.9982353008276208,4.551221264367816,True,ENS/USDT
1770821100000,SHORT,-1.3416492693110713,-0.35981407000992216,5.168423799582439,True,ATOM/USDT
1770849000000,SHORT,1.4476031957390085,0.02093733210007277,4.173102529960043,True,AXS/USDT
1770885900000,SHORT,0.8748468941382314,-0.6997399503687902,4.643700787401563,False,AGLD/USDT
1770964200000,SHORT,-0.15616398526846698,0.4087467825763436,6.074200426439226,False,AUCTION/USDT
1770984900000,SHORT,-3.248550724637684,-0.3454871345046205,5.448248792270529,False,BSV/USDT
1770985800000,SHORT,-8.184272300469477,-0.5636158936889977,7.834272300469477,False,COMP/USDT
1770990300000,SHORT,-1.2884164222873924,-0.9164231759393953,5.790518084066448,True,CFX/USDT
1770991200000,SHORT,-4.66267157683293,-0.8263464564100484,4.312671576832931,True,ENS/USDT
1771018200000,SHORT,4.265996258185214,-0.16080241392671735,4.615996258185214,False,COMP/USDT
1771030800000,SHORT,-2.7721453287197177,-0.1045674899977752,5.714117647058801,True,AXS/USDT
1771030800000,SHORT,1.3662974915652044,-0.7528130904264021,5.376059850374053,True,ENS/USDT
1771073100000,SHORT,-0.23913525498891033,0.03964919548485639,4.569977827050974,False,FLOW/USDT
1771136100000,SHORT,2.4119465146865364,-0.4395728757193908,6.587987724682141,False,COMP/USDT
1771279200000,SHORT,0.6848071495766764,-2.0522973030266853,4.2629350893697024,False,ARPA/USDT
1771380900000,SHORT,-0.5620141342756106,-1.006674545897527,5.063363957597158,False,CYBER/USDT
1771647300000,SHORT,-0.35,-0.7156632037053534,4.958029513888888,False,AGLD/USDT
1771647300000,SHORT,0.5981668773704224,-0.9213920894622467,5.372060682680136,False,BIGTIME/USDT
1771660800000,SHORT,5.067346938775507,-0.5369548702691217,5.417346938775506,False,CTSI/USDT
1771755300000,SHORT,-4.381465093412002,-1.4121468878700048,6.118780727630279,False,ARPA/USDT
1771758900000,SHORT,-7.303593249927251,-0.8090028788720793,6.953593249927251,False,AGLD/USDT
1771804800000,SHORT,4.106077348066287,-1.2005887980665568,4.4560773480662865,False,ARPA/USDT
1771959600000,SHORT,-4.389999999999978,-0.9262701480372512,4.039999999999979,False,DUSK/USDT
1771985700000,SHORT,6.2069395017793525,-0.8759254441287729,6.556939501779352,False,DUSK/USDT
1772045100000,SHORT,-4.503791708796748,-0.7917756321667145,4.153791708796748,False,AGLD/USDT
1772052300000,SHORT,5.369052132701417,-0.6234855453320319,5.7190521327014165,True,APT/USDT
1772057700000,SHORT,4.18634741225459,0.023871506263805655,4.53634741225459,True,DOT/USDT
1772061300000,SHORT,3.7606810035842178,-1.1780718636021696,4.110681003584218,True,AXS/USDT
1772179200000,SHORT,0.55909090909091,0.03778757040779891,5.770909090909084,False,ALICE/USDT
1772187300000,SHORT,4.791902003379194,-0.6375642531845382,5.141902003379194,False,FLOW/USDT
1772215200000,SHORT,-10.356451612903227,0.0383973465321025,10.006451612903227,False,ALICE/USDT
1772263800000,LONG,-4.604107648725219,-0.5381413656250496,4.25410764872522,True,GALA/USDT
1772263800000,LONG,-4.511663160499952,-0.7620276452366186,4.161663160499953,False,DUSK/USDT
1772263800000,LONG,-4.47743445692885,-0.18480630936322381,4.12743445692885,False,EDU/USDT
1772263800000,LONG,-4.442585428755633,-0.39984195616285617,4.092585428755633,True,AR/USDT
1772263800000,LONG,-3.4717481789802203,-0.38505498110181324,4.346097814776272,True,FIL/USDT
1772263800000,LONG,-2.3908163265306217,-0.6273390550269835,4.1924578527063066,False,COTI/USDT
1772323200000,SHORT,3.1933070866141655,-0.5071201004400037,5.038582677165345,False,CTSI/USDT
1772396100000,SHORT,5.419230769230775,-0.478582232916095,6.729487179487166,False,ALICE/USDT
1772710200000,SHORT,-0.8650554675118731,-1.153781483513649,11.267828843106166,False,AGLD/USDT
1772759700000,SHORT,1.4531088082901609,-0.7857904571450834,4.436725388601019,False,ANKR/USDT
1772766000000,SHORT,-7.810985720865949,-0.25011936256489226,7.460985720865949,False,BICO/USDT
1772772300000,SHORT,-10.903717472118942,-0.7794830480523497,10.553717472118942,False,AGLD/USDT
1772776800000,SHORT,2.1021761458467094,-0.3828471153888378,4.240403132622913,False,ASTR/USDT
1772794800000,SHORT,2.444411177644701,-0.5220555860515229,8.75843313373252,False,FLOW/USDT
1772841600000,SHORT,1.6680436847103435,-0.3896431540081231,5.8245963912630465,False,FLOW/USDT
1772858700000,SHORT,-1.036884396060136,-0.08565061911531387,4.940629860031097,False,ASTR/USDT
1773053100000,SHORT,2.902032520325206,-0.8038596322558679,5.192682926829272,False,ALICE/USDT
1773063900000,SHORT,5.057679671457899,-0.3141068476361212,5.407679671457899,False,FLOW/USDT
1773126000000,SHORT,-0.20387238188018128,-0.318371927958018,4.013005358012651,False,BICO/USDT
1773137700000,SHORT,5.317623011743711,0.27044997816037414,5.667623011743711,False,FLOW/USDT
1773187200000,SHORT,3.946875000000001,0.013090046614605853,7.352343749999989,False,CTSI/USDT
1773225900000,SHORT,2.304867256637174,0.03208165107773277,7.781289506953215,False,ACE/USDT
1773246600000,SHORT,-1.1715426745778166,-0.28374365566568677,5.28982199908716,False,BICO/USDT
1773257400000,SHORT,0.2452380952380917,0.03621334068724233,6.270238095238093,False,CHR/USDT
1773277200000,SHORT,4.758462033462008,-0.24950206866361763,5.108462033462008,False,API3/USDT
1773321300000,SHORT,-2.309686450167975,-0.49243560540494385,4.455767077267617,False,ARK/USDT
1773575100000,SHORT,1.8226010863005446,-0.12499020738711147,7.200543150271561,False,GAS/USDT
1773585900000,SHORT,4.0601334180431925,-0.26274891245823256,4.410133418043192,True,CFX/USDT
1773620100000,SHORT,-3.0745206861755885,-0.47103062797661205,8.09323915237134,False,1INCH/USDT
1773630900000,SHORT,-1.600000000000001,0.04494187735310475,4.061249999999985,False,CELO/USDT
1773632700000,SHORT,-0.7688481675392673,-0.07700432324940887,4.4485340314136135,True,AR/USDT
1773650700000,SHORT,-5.36029178803208,0.07796270534360102,5.01029178803208,True,1000PEPE/USDT
1773666000000,SHORT,-5.134215328467138,0.1378615065587771,4.7842153284671385,True,FET/USDT
1773747900000,SHORT,0.7829029114386569,-0.9675281885882185,4.466439273967592,False,ASTR/USDT
1773752400000,SHORT,-1.3911502231036112,-0.30088260079043644,9.40009915716408,False,ENJ/USDT
1773765900000,SHORT,-0.497182506307823,-0.5672594996750947,4.602186711522275,False,ANKR/USDT
1773767700000,LONG,2.454878048780483,-0.5758192163479162,4.67707317073172,False,EDU/USDT
1773786600000,SHORT,3.3562937062937133,0.2197631678761787,5.279930069930059,False,COTI/USDT
1773804600000,SHORT,1.7711680953072828,-0.3565133868615826,5.03594362923143,True,1000BONK/USDT
1773809100000,SHORT,-6.352675585284271,-0.13862787231614762,6.002675585284272,False,ENJ/USDT
1773811800000,SHORT,-8.583333333333304,0.03067795931675124,8.233333333333304,False,CHR/USDT
1773816300000,SHORT,-6.7287878787878705,0.009089821563304018,6.378787878787871,False,CTSI/USDT
1773817200000,SHORT,3.636201609812192,-0.7524088767968639,8.219432732847817,False,AUCTION/USDT
1773992700000,SHORT,-1.9694331983805684,-0.364412995784027,4.157692307692303,True,APT/USDT
1774012500000,SHORT,-2.8293388429752087,-0.9747795771669847,6.1024793388429766,False,ALICE/USDT
1774039500000,SHORT,-4.361216582719874,-1.9133604536172626,4.011216582719874,False,ANKR/USDT
1774139400000,LONG,-0.35,-0.21277073970534235,5.214788732394378,False,CHR/USDT
1774139400000,LONG,-0.2392580287929247,-0.6066873360260271,4.605980066445184,True,APE/USDT
1774185300000,SHORT,5.001079136690638,0.10987766379261907,5.351079136690638,False,DUSK/USDT
1774267200000,SHORT,-0.9961719208928997,-0.026164009082139714,5.3474055218327745,False,DUSK/USDT
1774347300000,SHORT,-6.025752271401196,0.24558776203087374,5.675752271401197,False,DUSK/USDT
1774385100000,SHORT,3.2830608537693036,0.014625618571441047,4.581653042688444,False,BAT/USDT
1774458900000,SHORT,2.9467032967032996,0.013353952977696452,8.01538461538461,True,DYDX/USDT
1774542600000,SHORT,-4.577137713771356,-0.7543487573644065,4.227137713771357,False,ENJ/USDT
1774772100000,SHORT,3.9177443895017077,-1.1361587569409057,4.267744389501708,False,ANKR/USDT
1774825200000,LONG,2.4319833459500364,-0.2693133894700377,4.017051476154423,True,CFX/USDT
1775010600000,SHORT,-4.620208333333322,-0.26204976771231026,4.270208333333322,True,ALGO/USDT
1775034000000,SHORT,-4.6601771921853645,-0.20434702961655168,4.310177192185365,False,BLUR/USDT
1775116800000,SHORT,3.872493438320198,-0.2736846222653538,4.222493438320198,False,DUSK/USDT
1775150100000,SHORT,3.9313455657492207,-1.05947901787343,8.68389398572886,False,ARPA/USDT
1775151900000,SHORT,-8.816921119592866,1.296988528833786,8.466921119592866,False,CTSI/USDT
1775191500000,SHORT,1.1897775876817906,-0.5075874708891029,4.3325919589392505,False,BICO/USDT
1775217600000,SHORT,1.9488505747126457,-0.18466126636170152,6.503557744937039,False,GAS/USDT
1775261700000,SHORT,-4.304154727793693,-0.5368442163635002,10.473696275071607,False,GAS/USDT
1775563200000,SHORT,-2.4552631578947364,-1.0382396247721422,5.019999999999998,False,BSV/USDT
1775607300000,SHORT,-2.1419075144508595,0.6141654181917566,6.0976878612716545,False,COMP/USDT
1775628000000,SHORT,7.260062893081761,-0.6126246963675148,7.610062893081761,False,EDU/USDT
1775662200000,SHORT,-5.891589548176341,0.752999327424356,5.541589548176342,False,COMP/USDT
1775662200000,SHORT,0.7768079381096485,-0.7456042511578658,4.314698957282198,False,DUSK/USDT
1775667600000,SHORT,-7.95961682945152,-0.747870185245183,7.609616829451521,False,ENJ/USDT
1775685600000,SHORT,-5.79095335725268,-0.8116751334035753,5.44095335725268,False,BLUR/USDT
1775708100000,SHORT,-5.267863720073658,-0.7708344490608975,4.917863720073658,False,BLUR/USDT
1775802600000,SHORT,-4.680747663551385,0.6322842117199182,4.330747663551385,True,CFX/USDT
1775817000000,SHORT,-6.756283618581894,0.42451564316634915,6.406283618581894,False,DASH/USDT
1775819700000,SHORT,-0.15769230769231177,0.7949149277852006,9.847788461538459,False,COMP/USDT
1775867400000,SHORT,4.902271231073069,0.6259366359553497,5.252271231073069,False,DASH/USDT
1775903400000,SHORT,4.353589560243109,-0.7320458470546304,4.703589560243109,False,DUSK/USDT
1775925000000,SHORT,-7.575163612565421,-0.5153846909569869,7.225163612565422,False,ENJ/USDT
1775982600000,SHORT,-6.189825581395332,-0.18486177781538382,5.839825581395332,False,CTSI/USDT
1776002400000,SHORT,7.126049730236911,-0.30079679935925807,7.476049730236911,False,ENJ/USDT
1776022200000,SHORT,-6.3795612510860025,-0.8620907511553023,6.029561251086003,False,EDU/USDT
1776029400000,SHORT,4.580975188909372,-0.36902960167267085,4.930975188909372,False,DUSK/USDT
1776060900000,LONG,-3.1161357921207156,-0.6277587882214236,4.060687342833207,True,DOT/USDT
1776254400000,SHORT,-4.020441233893018,0.31770863156605056,4.921397891448652,False,AGLD/USDT
1776270600000,SHORT,-11.30082339579783,-0.15769419085302422,10.95082339579783,False,ENJ/USDT
1776270600000,SHORT,-7.698108108108109,-0.8318450362999437,7.348108108108109,False,CTSI/USDT
1776275100000,SHORT,-0.6842884431709676,0.3141873453927021,5.544914040114592,True,CHZ/USDT
1776296700000,SHORT,-5.618546113572273,-0.6556973960722102,5.268546113572273,False,BLUR/USDT
1776319200000,SHORT,-4.991991341991322,-0.2434049123551933,4.641991341991322,True,ARKM/USDT
1776346200000,SHORT,3.762307692307678,0.4108187852535157,4.112307692307678,True,AR/USDT
1776347100000,SHORT,-4.6266519823788395,0.01622287405656659,4.27665198237884,True,DYDX/USDT
1776362400000,SHORT,5.3145742884708165,-0.34263847750074483,5.664574288470816,False,DUSK/USDT
1776371400000,SHORT,5.03042977743667,0.018011957081277768,5.38042977743667,True,DYDX/USDT
1776421800000,SHORT,-6.3101626016259855,-0.4325271295467229,5.960162601625986,False,CHR/USDT
1776441600000,SHORT,2.9416914534999044,-0.7777476883131842,10.105254808645626,False,EDU/USDT
1776443400000,SHORT,-6.058757549611725,-0.3787364753982966,5.708757549611725,False,CHR/USDT
1776473100000,SHORT,-11.4135135135135,0.04402103315111308,11.0635135135135,False,ALICE/USDT
1776473100000,SHORT,-5.129712339137027,-0.19454526422787247,4.779712339137028,False,ACE/USDT
1776474000000,LONG,-5.806610676866792,-0.2977638376900866,5.456610676866792,False,ENJ/USDT
1776476700000,SHORT,-5.416177498252968,0.017757472845929975,5.066177498252968,True,DYDX/USDT
1776492900000,SHORT,3.956762372497168,1.0081923072297925,10.985530789573085,False,COMP/USDT
1776497400000,SHORT,-9.086999999999968,0.0408722587596299,8.736999999999968,False,ALICE/USDT
1776510000000,SHORT,1.5315331010452922,-0.16069285617494813,11.413379790940741,False,BIGTIME/USDT
1776523500000,SHORT,-6.49175715695952,0.9882750324978756,6.14175715695952,False,API3/USDT
1776578400000,SHORT,-2.648095863427443,-1.111523458143685,8.76260669730792,False,BLUR/USDT
1776592800000,SHORT,3.557380607814753,0.1937124488656826,9.517149059334292,True,ARKM/USDT
1776593700000,SHORT,-5.212140468227421,0.01581221626118605,4.862140468227421,True,DYDX/USDT
1776595500000,LONG,-3.1147610121836937,-1.2744618816960636,4.574859418931593,False,EDU/USDT
1776663000000,SHORT,6.26539782484258,-1.5812356572552855,6.61539782484258,False,ALICE/USDT
1776663900000,SHORT,1.2044041450777168,-1.8225016029241712,4.998855785837636,False,EDU/USDT
1776694500000,SHORT,-1.7198630136986313,-0.2266011250390711,4.037205479452042,False,FLOW/USDT
1776697200000,SHORT,-5.1985618307789165,-1.832462755249984,4.848561830778917,False,EDU/USDT
1776719700000,SHORT,-7.632911392405025,-1.7174627601290386,7.282911392405025,False,EDU/USDT
1776756600000,SHORT,0.4266990291262157,-0.3774309960445317,4.049077669902908,False,CHR/USDT
1776882600000,SHORT,4.1032676056338175,-0.9250001944048987,4.453267605633817,False,BLUR/USDT
1776992400000,SHORT,3.733772455089809,-0.06129094627898651,4.083772455089809,True,CHZ/USDT
1777012200000,SHORT,-5.274783861671447,-0.5241347472460934,4.924783861671448,False,CTSI/USDT
1777048200000,SHORT,0.9116201859229832,-2.1175378489491568,9.024634794156702,False,ALICE/USDT
1777048200000,SHORT,10.43590909090908,-0.49982850292530523,10.78590909090908,True,APE/USDT
1777050900000,SHORT,-11.013212435233148,-1.1826276238279678,10.663212435233149,False,API3/USDT
1777089600000,SHORT,10.68304768182816,-0.31243292732984673,11.03304768182816,False,API3/USDT
1777090500000,SHORT,3.743557772236056,-0.4069198386298317,4.093557772236056,False,CHR/USDT
1777091400000,SHORT,-5.066733386709355,0.5013595626512678,4.716733386709356,True,AXS/USDT
1777099500000,SHORT,-7.378589341692765,-2.11841525930477,7.028589341692765,False,ALICE/USDT
1777113000000,SHORT,-7.902083333333324,0.99539348303451,7.552083333333324,True,AXS/USDT
1777189500000,SHORT,-7.805319148936152,-0.2391886577793131,7.4553191489361526,False,CKB/USDT
1777202100000,SHORT,0.13522276135863692,0.5540797678255595,4.414644905160997,False,COMP/USDT
1777362300000,SHORT,6.834430803571419,-2.1313201640620045,7.184430803571419,True,APE/USDT
1777417200000,SHORT,-2.292397856664428,-0.3796330290558244,4.196450100468829,True,AXS/USDT
1777435200000,SHORT,4.961260253542127,-1.1391263003009409,5.311260253542127,False,API3/USDT
1777446900000,SHORT,4.9222558340535825,-0.6438228097126517,8.044281186977807,False,CTSI/USDT
1777464000000,SHORT,3.8400419287211665,-0.25318006888912115,4.1900419287211665,True,FIL/USDT
1777533300000,SHORT,1.308163265306117,-1.877065972913132,4.521811224489772,True,APE/USDT
1777620600000,SHORT,3.8289004739336447,-2.105764313581237,4.178900473933645,False,EDU/USDT
1777651200000,SHORT,-3.4135838150289017,-1.7832524722838998,6.503526011560686,True,APE/USDT
1777653000000,SHORT,-5.449519194077684,-0.38224467978091986,5.0995191940776845,False,DUSK/USDT
1777654800000,SHORT,-2.5831566994701,-0.3551991393869988,4.134330052990156,False,CHR/USDT
1777769100000,SHORT,-0.3239583333333362,-0.7318171302780944,4.035130208333313,False,API3/USDT
1777769100000,SHORT,2.636685858222373,-0.5213865107927818,7.049226340410196,False,CYBER/USDT
1777831200000,SHORT,1.1565913370998158,0.6503877566703042,4.077777777777769,False,BAT/USDT
1777835700000,SHORT,-0.942885375494064,-0.9543954760404938,4.066205533596825,False,ARPA/USDT
1777868100000,SHORT,5.229937304075239,-0.03613140636346459,6.902821316614399,False,DASH/USDT
1777923900000,SHORT,1.4386855241264547,0.2302741714939155,4.1801580698835075,False,COMP/USDT
1777959000000,SHORT,-6.66499250374812,-0.0777394547008517,6.314992503748121,False,ACE/USDT
1777989600000,SHORT,2.1801204819277165,-1.6911272366951284,4.408674698795165,True,APE/USDT
1778018400000,SHORT,-4.7938073394495335,0.014767048859202419,5.159719036697238,True,GALA/USDT
1778021100000,SHORT,1.6637371214486407,0.39044338591909794,9.584717452388356,True,CFX/USDT
1778043600000,SHORT,-2.176484018264842,-0.279087787072314,6.253881278538802,True,FIL/USDT
1778052600000,SHORT,5.0374538745387465,-0.07884363848821468,9.330701107011041,True,ARKM/USDT
1778058000000,SHORT,-1.5214391967273992,-0.10954816943880347,8.394124209743378,False,DASH/USDT
1778153400000,SHORT,-4.786082474226799,0.015376160228169393,4.436082474226799,True,DYDX/USDT
1778186700000,SHORT,4.351880877742943,0.033098698579906535,4.701880877742942,True,DYDX/USDT
1778251500000,SHORT,4.5806555863342355,0.006318532617666719,4.930655586334235,True,GALA/USDT
1778268600000,SHORT,-2.9370406189555163,-0.7205492585417445,4.68933752417793,False,FLOW/USDT
1778269500000,SHORT,-2.2486458187910072,-0.03422071014775086,4.136688538321915,True,1000BONK/USDT
1778304600000,SHORT,0.44291044776119803,-0.591734350601636,4.5337453358208695,True,GALA/USDT
1778316300000,SHORT,2.906704980842908,-2.2664293808310383,4.783397190293737,False,ALICE/USDT
1778317200000,SHORT,6.362424607961386,-0.5207104094636998,6.712424607961386,False,ACE/USDT
1778390100000,SHORT,2.208271745309831,-0.0572216733467719,4.747640704945994,False,BSV/USDT
1778439600000,SHORT,4.116616616616602,0.043111764034085946,4.4666166166166015,True,1000BONK/USDT
1778445000000,SHORT,-5.205360065466437,0.46075991333476873,4.855360065466438,True,ENS/USDT
1778445900000,SHORT,4.9914441231502,0.02515715850118197,5.3414441231501995,True,APT/USDT
1778544000000,SHORT,1.421396606377027,-1.5778585793143265,5.648834607495791,False,EDU/USDT
1778770800000,SHORT,-5.473287856274484,0.911964499466765,5.123287856274485,True,CFX/USDT
1778810400000,SHORT,2.6882823577071124,0.2827435796572951,4.850779825805137,False,DUSK/USDT
1778916600000,LONG,-0.8964480874317033,0.4188241316023344,4.70387067395263,False,CHR/USDT
1779010200000,SHORT,-4.500287907869467,0.4045950732555532,4.150287907869467,False,DUSK/USDT
1779031800000,SHORT,3.7453063802905713,0.5823000905607294,4.095306380290571,False,DUSK/USDT
1779035400000,SHORT,4.276666666666647,-1.7474224260445337,4.6266666666666465,True,APE/USDT
1779061500000,LONG,1.2280494739835084,0.22340723090496975,4.7931617856127495,False,ACH/USDT
1779062400000,LONG,-0.17876712328766334,0.03302903612043591,5.677654109589037,False,BICO/USDT
1779063300000,LONG,0.680927835051565,-2.494166604802829,6.3879460745440015,False,ALICE/USDT
1779063300000,LONG,1.8284472769408957,-1.6592985607150224,4.551402085747399,False,EDU/USDT
1779136200000,SHORT,4.219574319609195,-2.615454237703632,4.5695743196091945,False,ALICE/USDT
1779204600000,SHORT,-4.913121167265786,-0.3665607345459566,4.563121167265787,False,ENJ/USDT
1779571800000,SHORT,2.0153088042049885,0.4121645578837409,4.3199080157687035,True,DYDX/USDT
1779660900000,LONG,-0.31812518110693805,0.48668798168611854,4.000831643002029,True,BCH/USDT
1779702300000,SHORT,0.30632458233889615,-0.6529019660733151,4.309606205250599,False,API3/USDT
1779798600000,SHORT,2.4242749054224384,0.01754027066443885,4.600378310214361,True,ARKM/USDT
1779799500000,SHORT,2.110317460317465,0.7056476131189248,4.2005555555555425,True,FET/USDT
1780016400000,SHORT,-3.398780487804881,0.2391358057072727,4.493728222996507,True,ALGO/USDT
1780022700000,SHORT,-0.8916666666666648,0.46426423825332497,4.144833333333323,True,FET/USDT
1780107300000,SHORT,3.7560267857142926,0.43650271436004706,4.106026785714293,True,ALGO/USDT
1780110000000,SHORT,0.04999999999999155,-0.2791186390354795,5.114399999999986,True,AXS/USDT
1780134300000,SHORT,0.07417815482502155,-0.8221402704904414,4.27087310003534,False,CTSI/USDT
1780169400000,SHORT,-2.0583333333333305,-0.2772094608605906,4.14483333333332,True,AR/USDT
1780275600000,SHORT,4.340490566037732,-0.7184786638851034,4.690490566037732,False,ALICE/USDT
1780278300000,SHORT,-6.927667140825024,-0.4130094421372195,6.5776671408250245,True,APE/USDT
1780416000000,LONG,-2.993256801080455,0.802830292409752,5.108990931892735,True,1000BONK/USDT
1780501500000,SHORT,-2.148279906176711,-0.17829994170149935,4.96602814698984,True,AR/USDT
1780539300000,LONG,-6.111896974652498,-0.07387080198010079,5.761896974652498,True,FET/USDT
1780539300000,LONG,-1.864269073966219,-0.8116385624816815,7.3841001747233594,False,CHR/USDT
1780539300000,LONG,-1.7576070679844418,-0.4521886901650556,4.30113806528902,False,ENJ/USDT
1780539300000,LONG,-1.7394455577822323,0.5750627653208881,4.149472277889124,True,ETC/USDT
1780539300000,LONG,-1.7226487036095617,0.7644387161969455,5.267259786476868,True,CRV/USDT
1780539300000,LONG,-1.6256516916250643,0.0158883321820468,4.004880754298394,True,ATOM/USDT
1780539300000,LONG,-1.5621212121212151,0.673760276033791,4.529696969696966,False,BIGTIME/USDT
1780539300000,LONG,-1.366673444489631,-0.915775827845342,4.7193981293208696,False,CTSI/USDT
1780539300000,LONG,-1.2012213175425495,0.0810371296997964,4.432642487046637,False,API3/USDT
1780539300000,LONG,-1.1057003257328881,0.262947256854368,5.366188925081417,True,APT/USDT
1780539300000,LONG,-1.0243737957610848,0.34585082568529063,4.526204238921001,True,ALGO/USDT
1780539300000,LONG,-0.9957046603031917,0.07916273136633523,4.708408197641754,True,AAVE/USDT
1780539300000,LONG,-0.9811992786293889,-0.142675256028254,5.154643823264202,False,ALICE/USDT
1780539300000,LONG,-0.9757822277847236,0.43650890941864545,5.104067584480587,True,1000BONK/USDT
1780539300000,LONG,-0.9406238464377983,0.532267963156301,5.599667774086374,True,GALA/USDT
1780539300000,LONG,-0.9092841163310812,0.5486953709658897,5.095413870246084,True,ARB/USDT
1780539300000,LONG,-0.8266949152542393,0.7168803748273425,4.524576271186442,False,ACH/USDT
1780539300000,LONG,-0.8227387330601897,1.0583310937431132,4.353356445004727,False,ASTR/USDT
1780539300000,LONG,-0.7097122302158305,0.1696571340253181,4.040030832476878,True,ADA/USDT
1780539300000,LONG,-0.5400237529691134,-0.2093903572515026,5.699429928741091,False,BICO/USDT
1780539300000,LONG,-0.5293262456769595,0.6177182739387519,4.1567183297041215,True,AVAX/USDT
1780539300000,LONG,-0.4083544057576369,0.5604160756128844,4.7410231472476205,True,ENS/USDT
1780539300000,LONG,0.05617656931856774,0.28714123136978037,4.871675058744537,True,1000PEPE/USDT
1780539300000,LONG,3.749191685912249,-0.08944622542951085,4.099191685912249,False,COMP/USDT
1780539300000,LONG,4.148380379453961,0.34490770179542535,4.498380379453961,False,AGLD/USDT
1780540200000,LONG,-5.009498207885308,0.26039153852129493,7.161075268817217,True,ARKM/USDT
1780540200000,LONG,-4.63194349398769,-0.17879659602946352,6.976556848176767,False,DUSK/USDT
1780540200000,LONG,-4.579195088676663,0.30592742491448827,5.849467939972718,False,DASH/USDT
1780540200000,LONG,-3.6960803059273557,0.020410995164020434,5.732982791587008,True,AXS/USDT
1780540200000,LONG,-3.1936018957346,0.2473391369125424,4.473854660347542,False,GAS/USDT
1780540200000,LONG,-2.9791079812206456,0.2860622651458675,4.731111111111106,False,EGLD/USDT
1780540200000,LONG,-2.9435374149659843,0.40694251394367265,6.870365646258486,True,AR/USDT
1780540200000,LONG,-2.737332521315463,0.6987114425238076,5.958976857490859,False,CYBER/USDT
1780540200000,LONG,-2.2547619047619185,-0.02886003286581881,5.339780219780228,True,APE/USDT
1780540200000,LONG,-2.2058172733761534,-0.17034189835937458,5.637259100642406,False,ARK/USDT
1780540200000,LONG,-2.0919485517520755,0.33882009804109986,6.5400850719060095,True,CFX/USDT
1780540200000,LONG,-2.0513232514177706,0.6528787020309602,5.200189035916825,True,DOT/USDT
1780540200000,LONG,-1.857808292945606,0.389451129371263,5.454119547657508,False,BLUR/USDT
1780540200000,LONG,-1.8573383577945197,0.34655676247256273,4.254779849266157,True,1000SHIB/USDT
1780540200000,LONG,-1.8205882352941245,0.8995675174894828,5.6315508021390395,False,CELO/USDT
1780540200000,LONG,-1.7692139737991255,0.04180985852734346,4.544868995633183,False,ARPA/USDT
1780540200000,LONG,-1.6546629620681377,0.48163945717049467,4.732181686397678,False,ANKR/USDT
1780540200000,LONG,-1.5673330355148467,0.18438186486828093,4.5423162832253725,True,DOGE/USDT
1780540200000,LONG,-1.557547169811322,-0.2503574210448451,4.062264150943394,False,BSV/USDT
1780540200000,LONG,-1.53577075098814,0.45791073354916306,4.109354413702236,False,1INCH/USDT
1780540200000,LONG,-1.3446714031971667,0.2799602692688194,5.116767317939608,False,FLOW/USDT
1780540200000,LONG,-0.658008213552356,0.018366489854603724,5.725154004106782,False,BAT/USDT
1780540200000,LONG,-0.26212653778557704,0.39997265966501133,5.206151142354989,False,CKB/USDT
1780540200000,LONG,0.6634030728996375,0.09378059360606014,4.0725645635828736,True,CAKE/USDT
1780542000000,LONG,-4.926072234762982,0.613189568957732,4.576072234762982,True,FIL/USDT
1780542000000,LONG,-3.2911764705882245,-0.4817566899000441,4.30754901960783,False,ACE/USDT
1780632000000,LONG,-0.5934570906877732,-0.7417923652594568,4.122945830797323,True,ADA/USDT
1780641900000,LONG,-3.58250296559904,0.6595947516364952,5.326393831553966,True,AAVE/USDT
1780641900000,LONG,1.030846325167028,0.09505839372871525,4.074832962138085,True,CFX/USDT
1780643700000,LONG,-1.3475062344139659,0.35849799461039417,4.40236907730673,True,FIL/USDT
1780644600000,LONG,-4.5667857142857216,0.11585700504634916,4.216785714285722,True,ARB/USDT
1780644600000,LONG,-1.2892611145898611,-0.8193845372409345,4.170632435817166,False,CHR/USDT
1780644600000,LONG,-1.1284120394395296,-0.09934467137465923,4.335599377270357,False,BICO/USDT
1780644600000,LONG,-0.5516129032258066,0.6011306230118124,4.119153225806458,True,DOT/USDT
1780644600000,LONG,-0.1916719442685221,0.24819028327872453,4.846168461051297,False,DASH/USDT
1780644600000,LONG,1.7287746170678324,0.9190386866843607,5.1541028446389525,True,CRV/USDT
1780644600000,LONG,1.9639462163852328,0.39836089886226506,4.103439649781121,False,EDU/USDT
1780645500000,LONG,-3.6796337402885713,-0.4882452445064836,4.172918978912328,False,ACE/USDT
1780677900000,LONG,-4.454489337822671,0.736887760421983,4.104489337822671,False,BIGTIME/USDT
1780688700000,LONG,3.676392067124332,0.22254329341347143,4.026392067124332,True,APT/USDT
1780722900000,LONG,-1.0132277081797967,0.18344543630839527,4.6347826086956525,True,DYDX/USDT
1780722900000,LONG,0.46374321880650815,-0.14686673587903556,4.807233273056067,True,ARKM/USDT
1780722900000,LONG,0.8512480499220031,0.22054050387276736,4.421762870514815,True,APT/USDT
1780722900000,LONG,0.9182010333489873,0.009561466787239518,4.420995772663212,True,CFX/USDT
1780722900000,LONG,3.6692539109506526,0.657512854691082,4.019253910950653,False,BIGTIME/USDT
1780722900000,LONG,3.684506242905788,1.0496473996516669,4.034506242905788,True,CRV/USDT
1780722900000,LONG,4.077707006369429,-0.17471951575045866,4.427707006369428,False,COTI/USDT
1780722900000,LONG,4.079585798816568,-0.4016930404701069,4.429585798816568,True,APE/USDT
1780722900000,LONG,4.643437945791716,0.059663647993238166,4.993437945791715,True,FIL/USDT
1780723800000,LONG,0.8695121951219423,0.1944193335092722,4.378992918961455,False,FLOW/USDT
1780723800000,LONG,1.2380654475457193,0.4123738222952151,4.210274302213657,True,1000BONK/USDT
1780723800000,LONG,2.7555900621117893,0.4953795376994941,4.428364389233953,False,ALICE/USDT
1780723800000,LONG,3.7147135416666734,0.06757536074866012,4.0647135416666735,True,ARB/USDT
1780723800000,LONG,3.794697633654693,0.4034893085704447,4.144697633654693,False,CYBER/USDT
1780723800000,LONG,3.85130434782608,0.537616343863744,4.20130434782609,False,BLUR/USDT
1780830000000,SHORT,4.3567217423957745,0.21604556906191363,4.706721742395774,False,CTSI/USDT
1780834500000,SHORT,-5.185352151274305,0.26894490645717994,4.835352151274305,False,DASH/USDT
1780910100000,LONG,0.8819538017324361,-0.8955798390551835,4.517338787295481,True,BCH/USDT
1780938000000,SHORT,0.13780487804878322,0.14454907368450234,4.132601626016267,True,ARKM/USDT
1781273700000,SHORT,3.1752643948296106,0.526947484647365,7.430611045828431,False,ENJ/USDT
1781277300000,SHORT,0.6237510584250533,0.06475184918954864,5.098433530906014,False,CTSI/USDT
1781279100000,SHORT,0.4510986495765692,0.14812577279795602,4.225680933852138,True,DOGE/USDT
1781541900000,SHORT,2.894516947616463,1.2382099357107759,5.572249410911722,True,ENS/USDT
1781770500000,SHORT,4.384661572052397,1.000699626702046,4.734661572052397,False,ENJ/USDT
1781854200000,SHORT,-5.617151294865963,-0.1334606406572335,5.267151294865964,False,BICO/USDT
1781894700000,SHORT,-10.77445556209533,0.5556967177896077,10.42445556209533,False,BICO/USDT
1781911800000,SHORT,0.6098603839441448,0.7010586561933319,8.877137870855142,False,ALICE/USDT
1781916300000,SHORT,-0.18642311886586074,0.2839570727594874,4.456379498364228,False,DASH/USDT
1781928000000,SHORT,-5.61088129496402,0.007824521604438842,5.260881294964021,True,AXS/USDT
1781956800000,SHORT,6.464846538187001,0.6087564145057599,6.814846538187001,False,ALICE/USDT
1781958600000,SHORT,-4.256441342150377,-0.010861180692848041,5.495554739162363,False,ACE/USDT
1781985600000,SHORT,-1.6756006628003348,3.1286151376658924,7.114084507042233,False,BICO/USDT
1781987400000,SHORT,-8.623915900131399,0.7967443573350373,8.2739159001314,False,ALICE/USDT
1782006300000,SHORT,-6.64368992895945,0.2104199948604821,6.29368992895945,False,ACE/USDT
1782009000000,SHORT,5.031160949868055,1.6025582746397746,5.381160949868055,False,ALICE/USDT
1782027000000,SHORT,-5.3433573298429025,0.009975628724427666,4.993357329842903,False,EDU/USDT
1782144000000,SHORT,4.23515283842795,0.3113828286846795,5.9938864628820845,False,ARPA/USDT
1782243900000,SHORT,-4.456389879987024,-0.27820368219113534,4.106389879987025,False,EDU/USDT
1782281700000,SHORT,-7.959616829451547,0.6462456174986515,7.609616829451547,False,ALICE/USDT
1782324900000,LONG,-2.454340201665942,0.1505902894687537,4.496054362121877,False,BICO/USDT
1782396900000,LONG,0.5042141230068384,-1.2421371830822014,4.217596810933936,True,CHZ/USDT
1782396900000,LONG,0.8127906976744078,0.6885943996814294,4.462949260042301,True,CRV/USDT
1782397800000,LONG,-2.206946354883089,-0.24942742633189147,5.682702888583227,False,EDU/USDT
1782397800000,LONG,-1.8227942179190117,0.0634051571959253,4.283649256784394,True,ARB/USDT
1782397800000,LONG,-1.312695547533087,-0.553118397953795,4.3191937424789275,True,FET/USDT
1782397800000,LONG,-1.2264940239043747,0.5850250207835433,4.311832669322704,False,EGLD/USDT
1782397800000,LONG,-1.137037037037037,0.06371977604093094,4.592638888888896,False,CTSI/USDT
1782397800000,LONG,-1.136275911365266,0.2831503767116949,4.219585418155826,False,BLUR/USDT
1782397800000,LONG,-0.5683406113537119,-0.057353678740088315,4.17480349344979,False,API3/USDT
1782397800000,LONG,-0.2478549540347292,0.18625829085617637,4.068028600612873,False,GAS/USDT
1782397800000,LONG,-0.12954144620812183,0.9441099838093653,4.256349206349212,True,GALA/USDT
1782397800000,LONG,0.20478502080443883,-0.2719363244991064,5.278085991678218,True,FIL/USDT
1782397800000,LONG,0.3040447504302899,0.5283422145146507,4.143855421686746,False,ENJ/USDT
1782397800000,LONG,0.3319288845591931,1.0786122207017526,4.112201656113005,True,ENS/USDT
1782397800000,LONG,0.6086342744583171,0.12272975862044867,4.816940249507542,False,DUSK/USDT
1782397800000,LONG,1.1098540145985485,0.3804278094993857,4.059975669099742,False,BAT/USDT
1782398700000,LONG,-0.7596346059315093,0.08996291068311794,4.2206947402916555,False,CELO/USDT
1782465300000,SHORT,0.11573519627410411,0.44138879457685587,4.17052561543578,True,APE/USDT
1782470700000,SHORT,-6.739904901243594,0.5613129346827177,6.389904901243594,False,AGLD/USDT
1782492300000,SHORT,-9.772569778633295,1.351849093819891,9.422569778633296,False,AGLD/USDT
1782545400000,SHORT,-3.3499999999999956,0.4715868195927701,11.165833333333335,False,BSV/USDT
1782623700000,SHORT,-4.4393346706786945,-0.2203705672426401,4.089334670678695,False,EDU/USDT
1782650700000,SHORT,-2.5096244131455525,0.17788429519339582,11.695586854460089,False,GAS/USDT
1782726300000,SHORT,-4.941759112519779,0.35174660883080194,4.591759112519779,False,ALICE/USDT
1782788400000,SHORT,5.522193436960263,0.09671565857688841,10.087478411053526,False,GAS/USDT
1782878400000,SHORT,-4.581878698224843,0.21933821998758044,4.231878698224843,False,BSV/USDT
1782882900000,SHORT,5.844900605012959,0.1252958071124116,6.1949006050129585,True,DYDX/USDT
1782897300000,SHORT,-5.522936338714566,0.3511347091556888,5.172936338714567,False,CELO/USDT
1782925200000,SHORT,-4.585047951176984,-0.17998164037258568,4.235047951176984,False,CTSI/USDT
1783017900000,SHORT,4.845744680851059,-0.0036365755140614106,5.195744680851059,False,BICO/USDT
1783070100000,SHORT,-10.634200913242006,0.7563238882890437,10.284200913242007,False,ARPA/USDT
1783175400000,SHORT,1.4759281801582569,-0.08263858748113391,5.855264759586128,False,BICO/USDT
1783287000000,SHORT,-6.533118741058624,0.3264101613298946,6.183118741058625,False,ALICE/USDT
1783297800000,SHORT,0.6645846544070938,-0.25773946662225833,4.084305643627145,False,EDU/USDT
1783358100000,SHORT,-7.906590683845369,0.08466998974583152,7.55659068384537,False,BLUR/USDT
1783426500000,SHORT,3.751049868766408,0.44715372399207093,4.347539370078743,False,ENJ/USDT
1783428300000,SHORT,-8.639089692101724,-0.00707744039845001,8.289089692101724,False,AGLD/USDT
1783472400000,SHORT,4.466529379461818,0.023137219302872047,4.816529379461818,False,AGLD/USDT
1783494900000,SHORT,-0.771052631578941,0.38853759351047507,7.298375939849599,False,AUCTION/USDT
1783541700000,SHORT,-0.9175368898978399,-0.6031414850041594,5.6508513053348395,False,ARPA/USDT
1783704600000,SHORT,-2.042637390577892,0.016787300981552438,4.966895499618601,True,1000PEPE/USDT
1783774800000,SHORT,-0.4331600831600942,-0.40028524744647803,4.2202494802494686,False,CTSI/USDT
1783775700000,SHORT,2.3644686299615927,-0.09033863986607879,6.695569782330326,False,ANKR/USDT
1783779300000,SHORT,-4.5126444159178405,0.2803926979332825,4.162644415917841,False,CHR/USDT
1783872900000,SHORT,-1.8893073117097288,-0.1478164822407279,6.916822429906527,False,AGLD/USDT
1783916100000,LONG,0.5032423208191134,-0.2418872728502726,4.638481228668934,False,ALICE/USDT
1784317500000,SHORT,1.2862786348761044,-0.10745708829962469,4.145067788686287,True,GALA/USDT
1784371500000,SHORT,-2.1509478672985907,-0.6545188318297234,4.292985781990518,False,GAS/USDT
1784414700000,LONG,-4.819667288557221,-0.5921377713400132,4.469667288557221,False,ACE/USDT
1784486700000,SHORT,-4.532957357007712,-0.39686808833664927,4.182957357007712,False,ACE/USDT
1784514600000,SHORT,-11.009280875455952,0.4655910182680987,10.659280875455952,False,ACE/USDT
1784538000000,SHORT,-5.8776954522227784,1.4547890820030718,5.527695452222779,False,ACE/USDT
1784548800000,SHORT,-2.022809753331444,-1.4137478286906173,4.73629146583497,False,ANKR/USDT
1784709900000,SHORT,-0.027679290894441932,-0.46237310993054725,5.2301369863013685,False,ALICE/USDT
1784731500000,SHORT,4.058212560386462,-1.358805425485434,5.56938405797101,False,BLUR/USDT
1784815200000,LONG,4.28141970519783,-0.04365295768739744,4.63141970519783,False,CHR/USDT
1784916000000,SHORT,-2.6431303669008632,-0.12619856936906246,7.092369242779063,False,ACE/USDT
1784984400000,SHORT,-1.3479454065159966,-0.19180828962478733,4.7747872028177065,False,EDU/USDT
1784998800000,SHORT,0.9701320132013166,-0.12957804575916917,6.03773377337733,False,CKB/USDT
1785004200000,SHORT,-5.356700819672129,0.20791111177291108,5.00670081967213,True,1000SHIB/USDT
1785194100000,SHORT,-11.868405450845044,1.8823401751342173,11.518405450845044,False,COTI/USDT
1785321000000,SHORT,-5.896206326235267,0.9233253787580148,5.546206326235267,False,COTI/USDT
1785343500000,SHORT,-0.1766276080588403,1.8924825664847085,10.817498654869379,False,COTI/USDT
1785372300000,SHORT,-9.745157398574701,1.8609890437727363,9.395157398574701,False,COTI/USDT
1785395700000,SHORT,-3.2965930018416283,-0.902415526500336,4.40989871086556,False,CTSI/USDT
