ts,side,net,rr,stop_pct,liquid,symbol,t,year,br4,br12,br24,ac,fund_pct
1644307200000,SHORT,-10.365858332232053,-1.4616189539832296,10.015858332232051,True,DYDX/USDT,2022-02-08 08:00:00,2022,1,1,1,0.17732406569805667,31.30434782608696
1644307200000,SHORT,-7.047160148975789,-0.437348965067152,6.697160148975789,True,XRP/USDT,2022-02-08 08:00:00,2022,2,2,2,0.30778717209338297,26.08695652173913
1644307200000,SHORT,-5.862450943157356,-1.0749669034617415,5.512450943157356,True,ETC/USDT,2022-02-08 08:00:00,2022,3,3,3,0.10844180250867805,29.565217391304348
1644307200000,SHORT,5.441522430236661,-0.767538491210099,5.791522430236661,False,DASH/USDT,2022-02-08 08:00:00,2022,4,4,4,0.1007998001647323,30.434782608695656
1644307200000,SHORT,6.237082712575182,-1.1647531173052903,6.587082712575182,True,AAVE/USDT,2022-02-08 08:00:00,2022,5,5,5,0.1349032768223386,10.434782608695652
1644307200000,SHORT,6.9519879796578525,0.0648730643724848,7.301987979657852,True,VET/USDT,2022-02-08 08:00:00,2022,6,6,6,0.08435465345184189,23.47826086956522
1644307200000,SHORT,8.416760669298737,0.850704452376551,8.766760669298737,True,DOGE/USDT,2022-02-08 08:00:00,2022,7,7,7,0.17453204671687292,46.95652173913044
1644307200000,SHORT,5.966178170409505,-0.1750482326414948,6.316178170409505,True,XLM/USDT,2022-02-08 08:00:00,2022,8,8,8,0.12959721791145204,24.347826086956523
1644321600000,SHORT,-7.750352455942985,0.0449173349743484,7.400352455942985,True,LTC/USDT,2022-02-08 12:00:00,2022,9,9,9,0.13932270711045483,25.0
1644321600000,SHORT,-11.448808962264138,-1.2787665352107849,11.09880896226414,False,ARPA/USDT,2022-02-08 12:00:00,2022,10,10,10,0.17404606341576914,12.068965517241379
1644321600000,SHORT,11.465073904179397,-2.683599590868581,11.815073904179394,True,FIL/USDT,2022-02-08 12:00:00,2022,11,11,11,0.1834405969761037,22.413793103448278
1644350400000,SHORT,-4.579015484169149,-1.274526340217438,4.22901548416915,False,ARPA/USDT,2022-02-08 20:00:00,2022,1,11,11,0.17832870598336284,52.991452991452995
1644523200000,SHORT,-8.4805999476028,-1.5396642193702592,8.1305999476028,True,ETC/USDT,2022-02-10 20:00:00,2022,1,1,1,0.0006833036254619041,74.79674796747967
1644566400000,SHORT,9.30698913815856,-1.186337900983095,9.65698913815856,False,ARPA/USDT,2022-02-11 08:00:00,2022,1,2,2,0.13484407067959792,51.61290322580645
1645516800000,LONG,-8.570036607687623,-0.9584258219656964,8.220036607687623,False,RLC/USDT,2022-02-22 08:00:00,2022,1,1,1,0.018334265875384396,1.2738853503184715
1645516800000,LONG,-9.713636363636365,-1.2914997860550503,9.363636363636363,False,ZEN/USDT,2022-02-22 08:00:00,2022,2,2,2,0.03104487361198428,19.10828025477707
1645516800000,LONG,9.244778141055583,-1.360413147610679,9.594778141055585,True,HBAR/USDT,2022-02-22 08:00:00,2022,3,3,3,-0.034927461505550955,15.92356687898089
1645531200000,LONG,-9.396183040555204,-2.3532267758150462,9.046183040555205,False,DASH/USDT,2022-02-22 12:00:00,2022,4,4,4,0.13524034818531935,14.556962025316455
1645531200000,LONG,-8.055036429228261,-2.492975554383066,7.705036429228261,False,1INCH/USDT,2022-02-22 12:00:00,2022,5,5,5,-0.03568032323340407,12.658227848101266
1645531200000,LONG,-8.92132516703785,-0.3988614954602071,8.57132516703785,False,RVN/USDT,2022-02-22 12:00:00,2022,6,6,6,-0.053391674903364314,24.68354430379747
1645531200000,LONG,-7.276488127507332,-0.7256445177098634,6.926488127507333,True,XLM/USDT,2022-02-22 12:00:00,2022,7,7,7,0.008463702144058833,0.6329113924050633
1645531200000,LONG,7.265656738559844,-0.3138678066397752,7.615656738559844,True,ADA/USDT,2022-02-22 12:00:00,2022,8,8,8,0.017073253353142897,8.860759493670885
1645531200000,LONG,7.994287671232875,-0.2450512328802866,8.344287671232875,True,AVAX/USDT,2022-02-22 12:00:00,2022,9,9,9,0.029954949852225583,11.39240506329114
1645560000000,LONG,-6.293396226415081,-0.8146933474518435,5.943396226415081,True,SUSHI/USDT,2022-02-22 20:00:00,2022,1,10,10,0.12102665786238677,8.176100628930817
1645704000000,LONG,9.634465029319276,-0.3236302755569195,9.984465029319274,True,DOGE/USDT,2022-02-24 12:00:00,2022,1,1,1,0.24260397788212876,0.0
1645718400000,LONG,10.198339451891052,1.11040799396594,10.548339451891051,False,KSM/USDT,2022-02-24 16:00:00,2022,2,2,2,0.04418747487994987,1.8292682926829267
1645718400000,LONG,11.12171411265901,0.7564638579418267,11.471714112659,True,ICP/USDT,2022-02-24 16:00:00,2022,3,3,3,0.05129294366225341,
1645718400000,LONG,8.086537615486154,-1.1538375696107026,8.436537615486154,True,FIL/USDT,2022-02-24 16:00:00,2022,4,4,4,0.04513737326803763,0.0
1645718400000,LONG,11.151886032078664,-1.1182201105744742,11.501886032078664,False,RSR/USDT,2022-02-24 16:00:00,2022,5,5,5,0.1336293702396137,15.24390243902439
1646193600000,SHORT,-7.889196292318973,,7.539196292318973,False,WAVES/USDT,2022-03-02 04:00:00,2022,1,1,1,0.01812710296974408,49.171270718232044
1646208000000,SHORT,-11.028432101058886,0.6710965277064245,10.678432101058888,True,RUNE/USDT,2022-03-02 08:00:00,2022,2,2,2,0.24177266347573623,31.491712707182316
1646236800000,SHORT,-11.275712157884923,1.36512782154656,10.925712157884924,True,RUNE/USDT,2022-03-02 16:00:00,2022,1,2,2,0.2555957700078034,41.75824175824176
1646913600000,SHORT,7.635623436196832,,7.985623436196832,False,WAVES/USDT,2022-03-10 12:00:00,2022,1,1,1,0.005944461867110828,33.00970873786408
1647374400000,SHORT,8.214317658219278,4.595274857749804,8.564317658219277,True,RUNE/USDT,2022-03-15 20:00:00,2022,1,1,1,0.13569281345965167,15.315315315315313
1647403200000,SHORT,-0.0520877880018346,2.7244245057927805,10.534103740720262,True,GRT/USDT,2022-03-16 04:00:00,2022,1,2,2,0.17958966933704215,31.390134529147986
1647432000000,SHORT,4.2079973637561725,2.8604330723200246,4.557997363756172,True,GRT/USDT,2022-03-16 12:00:00,2022,1,1,2,0.1525266270397804,31.25
1647475200000,SHORT,4.482066683010544,2.8454136932692915,11.881588624662903,True,GRT/USDT,2022-03-17 00:00:00,2022,1,1,1,0.12038968171834583,31.11111111111111
1647590400000,SHORT,-7.304623380129584,1.9816296919109608,6.9546233801295845,True,AAVE/USDT,2022-03-18 08:00:00,2022,1,1,1,-0.05674726226725064,19.65065502183406
1647720000000,SHORT,-4.435188770571157,2.645595507751913,9.349332042594382,True,SNX/USDT,2022-03-19 20:00:00,2022,1,1,1,0.0209424637428797,39.743589743589745
1647763200000,SHORT,-8.241831797235015,1.2094150808700153,7.891831797235016,False,LPT/USDT,2022-03-20 08:00:00,2022,1,2,2,-0.02968070439681771,23.404255319148938
1647763200000,SHORT,-5.8076733003873295,1.2372315399656382,5.45767330038733,False,IOTA/USDT,2022-03-20 08:00:00,2022,2,3,3,-0.11690063540892104,67.23404255319149
1647777600000,SHORT,-8.626231074525942,1.3696062121700383,8.276231074525942,False,QTUM/USDT,2022-03-20 12:00:00,2022,3,3,4,-0.05135782395216458,10.16949152542373
1647792000000,SHORT,-7.12806373646047,2.3671410837263567,6.778063736460471,True,NEO/USDT,2022-03-20 16:00:00,2022,2,4,5,0.04953024273889024,55.50847457627118
1647806400000,SHORT,4.069155657667987,1.8372240334537848,4.419155657667987,False,QTUM/USDT,2022-03-20 20:00:00,2022,2,4,5,-0.05212838891099167,6.329113924050633
1647835200000,SHORT,-4.429334707094492,1.8271857992717075,4.0793347070944925,False,QTUM/USDT,2022-03-21 04:00:00,2022,1,2,4,-0.06971147284743298,3.7815126050420167
1647993600000,SHORT,-1.84764415526138,0.8957104255080666,8.95275970383665,True,BCH/USDT,2022-03-23 00:00:00,2022,1,1,1,-0.025803692981172903,18.51851851851852
1648022400000,SHORT,0.2743063263041065,0.8765704383076285,6.923584905660367,True,BCH/USDT,2022-03-23 08:00:00,2022,1,1,1,-0.031586153966587295,19.262295081967213
1648051200000,SHORT,-6.00255418937761,2.22722464181638,5.652554189377611,False,QTUM/USDT,2022-03-23 16:00:00,2022,1,2,2,-0.056466828332033245,28.97959183673469
1648080000000,SHORT,-10.717187500000003,2.221054220738478,10.367187500000004,False,QTUM/USDT,2022-03-24 00:00:00,2022,1,1,2,-0.03987072603073801,26.422764227642276
1648152000000,SHORT,-5.848637891385084,3.0740710421401785,5.498637891385084,True,ADA/USDT,2022-03-24 20:00:00,2022,1,1,2,-0.16376924643838447,28.514056224899598
1648180800000,SHORT,4.813780638335366,3.0632335978753344,5.163780638335366,True,ADA/USDT,2022-03-25 04:00:00,2022,1,1,1,-0.16851035615626128,64.0
1648209600000,SHORT,-8.773188405797097,3.325338665483954,8.423188405797097,False,ARPA/USDT,2022-03-25 12:00:00,2022,1,2,2,-0.015878427416854357,38.645418326693225
1648209600000,SHORT,-6.714142194744959,3.0730956818121653,6.364142194744959,True,ADA/USDT,2022-03-25 12:00:00,2022,2,2,2,-0.17508624132249526,63.745019920318725
1648209600000,SHORT,-8.399373093866467,0.3244167065181254,8.049373093866468,False,RSR/USDT,2022-03-25 12:00:00,2022,3,3,3,0.00207066111952522,52.589641434262944
1648209600000,SHORT,-5.2709214200239245,2.4868591701232328,4.920921420023925,True,SOL/USDT,2022-03-25 12:00:00,2022,4,4,4,-0.05109639980204388,45.41832669322709
1648224000000,SHORT,-6.749669211195914,1.9690823766180576,6.399669211195914,False,ANKR/USDT,2022-03-25 16:00:00,2022,5,5,5,-0.07107083359760863,75.2988047808765
1648224000000,SHORT,-3.932052553296972,2.611208032487552,10.543827466534434,False,QTUM/USDT,2022-03-25 16:00:00,2022,6,6,6,-0.04265475361318996,64.9402390438247
1648238400000,SHORT,-7.524037812288992,2.4409500793890664,7.174037812288993,True,ALGO/USDT,2022-03-25 20:00:00,2022,3,7,7,-0.11746944271088572,27.77777777777778
1648252800000,SHORT,6.503281295171998,2.789569402837254,6.853281295171998,True,AXS/USDT,2022-03-26 00:00:00,2022,2,8,8,0.11629535469942417,99.60317460317461
1648252800000,SHORT,-11.21323024054982,0.5763811121485799,10.86323024054982,True,MASK/USDT,2022-03-26 00:00:00,2022,3,9,9,-0.09155244060734279,24.206349206349206
1648368000000,SHORT,-6.686218404639441,5.718396398459952,6.336218404639442,False,MTL/USDT,2022-03-27 08:00:00,2022,1,1,1,-0.02434684087145647,3.515625
1648382400000,SHORT,-8.772800784121525,0.2949615648726444,8.422800784121526,False,SKL/USDT,2022-03-27 12:00:00,2022,2,2,2,0.025108960400583066,26.07003891050584
1648396800000,SHORT,-9.947393364928905,,9.597393364928903,False,ZRX/USDT,2022-03-27 16:00:00,2022,2,3,3,0.06721395313913911,20.622568093385212
1648425600000,SHORT,5.528225154861293,,5.878225154861292,False,ZRX/USDT,2022-03-28 00:00:00,2022,1,2,3,0.07973145874772163,34.10852713178294
1648468800000,SHORT,-9.563771016813428,3.5832853170302816,9.213771016813428,False,COTI/USDT,2022-03-28 12:00:00,2022,1,2,3,-0.06319420652536764,55.00000000000001
1648468800000,SHORT,-11.279434882775435,1.8995209752184112,10.929434882775436,True,VET/USDT,2022-03-28 12:00:00,2022,2,3,4,-0.031607515704053415,30.384615384615383
1648468800000,SHORT,4.331971519424839,,4.681971519424839,False,ZRX/USDT,2022-03-28 12:00:00,2022,3,3,4,0.08401352561683927,33.84615384615385
1648468800000,SHORT,-8.486218006085556,4.1197930811405366,8.136218006085556,False,KAVA/USDT,2022-03-28 12:00:00,2022,4,4,5,0.1455635728001317,0.38461538461538464
1648468800000,SHORT,-7.061872146118717,2.808288783669524,6.711872146118718,True,ICP/USDT,2022-03-28 12:00:00,2022,5,5,6,0.007957984131098696,
1648468800000,SHORT,-6.590621414070069,1.3224080291710822,6.24062141407007,False,YFI/USDT,2022-03-28 12:00:00,2022,6,6,7,0.11157142622610426,46.53846153846154
1648483200000,SHORT,6.371464646464632,2.426825215127221,6.721464646464631,False,EGLD/USDT,2022-03-28 16:00:00,2022,7,7,7,-0.05134944737002514,28.846153846153843
1648483200000,SHORT,-6.296714366409344,1.926844081669228,5.946714366409344,False,CHR/USDT,2022-03-28 16:00:00,2022,8,8,8,0.025170849662650003,46.53846153846154
1648483200000,SHORT,7.062878305653574,2.114765493028451,7.412878305653574,False,IOST/USDT,2022-03-28 16:00:00,2022,9,9,9,0.1270940354287748,50.0
1648497600000,SHORT,-5.964428139352511,0.3828417072974612,5.614428139352511,True,MANA/USDT,2022-03-28 20:00:00,2022,4,10,10,-0.03354997409194635,43.29501915708812
1648497600000,SHORT,-12.026814011676397,2.8060359692359578,11.676814011676395,False,TLM/USDT,2022-03-28 20:00:00,2022,5,11,11,-0.02273859500496223,
1648497600000,SHORT,0.380234517623919,2.14917585573506,8.370762533352046,True,DOGE/USDT,2022-03-28 20:00:00,2022,6,12,12,0.2087790544261247,54.02298850574713
1648497600000,SHORT,-3.6483312273975086,1.680272569812578,5.378149100257062,True,XLM/USDT,2022-03-28 20:00:00,2022,7,13,13,-0.006965790331389461,42.1455938697318
1648497600000,SHORT,-0.7552454239140272,2.2907624648744664,6.511091885984868,True,DOT/USDT,2022-03-28 20:00:00,2022,8,14,14,0.00603927974518065,69.34865900383141
1648497600000,SHORT,0.0910646387832678,0.3548028150385814,11.325372623574127,True,GALA/USDT,2022-03-28 20:00:00,2022,9,15,15,0.0301034284263328,99.61685823754789
1648497600000,SHORT,-0.0335984265435234,1.553844328140847,6.7756712844193405,True,ADA/USDT,2022-03-28 20:00:00,2022,10,16,16,-0.15590929871358752,61.30268199233716
1648497600000,SHORT,-10.109193292894922,2.7431242533722657,9.759193292894922,True,CHZ/USDT,2022-03-28 20:00:00,2022,11,17,17,0.012242089072931693,49.042145593869726
1648497600000,SHORT,-9.809131736526927,0.5759652765907943,9.459131736526928,True,MASK/USDT,2022-03-28 20:00:00,2022,12,18,18,-0.04923450281703169,23.371647509578544
1648497600000,SHORT,-9.427147458840356,1.871944281851336,9.077147458840356,True,DYDX/USDT,2022-03-28 20:00:00,2022,13,19,19,0.06716190799374654,59.38697318007663
1648497600000,SHORT,-9.266625463535204,0.3044135013143411,8.916625463535203,True,CELO/USDT,2022-03-28 20:00:00,2022,14,20,20,-0.04239314649079361,35.63218390804598
1648497600000,SHORT,-9.130740536059664,3.5530203703014616,8.780740536059664,True,THETA/USDT,2022-03-28 20:00:00,2022,15,21,21,-0.0015751471036347317,37.547892720306514
1648497600000,SHORT,-11.58627280625542,3.785023231014662,11.23627280625542,True,TRB/USDT,2022-03-28 20:00:00,2022,16,22,22,0.04990488774677991,17.624521072796934
1648497600000,SHORT,-10.375713586690567,3.0538920408447208,10.025713586690568,True,COMP/USDT,2022-03-28 20:00:00,2022,17,23,23,0.05034039286900887,34.48275862068966
1648497600000,SHORT,-10.27172320217094,1.6594943430465368,9.92172320217094,False,ALICE/USDT,2022-03-28 20:00:00,2022,18,24,24,0.04770232490175585,39.08045977011494
1648497600000,SHORT,-9.062066968037971,4.099547335486739,8.712066968037973,False,KAVA/USDT,2022-03-28 20:00:00,2022,19,24,24,0.11946475074726218,24.137931034482758
1648497600000,SHORT,-9.100914076782448,1.5438044715739914,8.750914076782449,True,AR/USDT,2022-03-28 20:00:00,2022,20,25,25,0.06188257704150081,27.969348659003828
1648497600000,SHORT,7.913240018357031,2.8090306147457578,8.263240018357031,True,ICP/USDT,2022-03-28 20:00:00,2022,21,25,25,0.014400342009880046,
1648497600000,SHORT,-8.818382309984216,3.081460239207076,8.468382309984216,False,ENJ/USDT,2022-03-28 20:00:00,2022,22,26,26,0.06120169702994733,47.12643678160919
1648497600000,SHORT,-8.480889624824187,0.6193980157848059,8.130889624824187,False,RLC/USDT,2022-03-28 20:00:00,2022,23,27,27,-0.10110844127641556,21.839080459770116
1648497600000,SHORT,-8.400411425328658,2.308515737014144,8.050411425328658,True,SOL/USDT,2022-03-28 20:00:00,2022,24,28,28,-0.007404092807262068,44.44444444444444
1648497600000,SHORT,-8.61522744795681,-0.3034686038959576,8.26522744795681,False,KSM/USDT,2022-03-28 20:00:00,2022,25,29,29,-0.14991225500888533,75.86206896551724
1648497600000,SHORT,-7.239773759229259,3.5005552808932268,6.889773759229259,True,NEO/USDT,2022-03-28 20:00:00,2022,26,30,30,-0.12303117192509211,50.57471264367817
1648497600000,SHORT,-6.3258914728681965,5.338555073748367,5.975891472868197,True,CRV/USDT,2022-03-28 20:00:00,2022,27,31,31,-0.08598198812912591,36.39846743295019
1648497600000,SHORT,-6.900366568914947,1.2181500739168336,6.550366568914948,True,FLOW/USDT,2022-03-28 20:00:00,2022,28,32,32,-0.11579655573612105,38.028169014084504
1648497600000,SHORT,-6.721555426581516,1.8295649603983908,6.371555426581517,False,1INCH/USDT,2022-03-28 20:00:00,2022,29,33,33,-0.15562970963556805,85.44061302681992
1648497600000,SHORT,-6.749167630057796,2.49518231981707,6.399167630057796,False,STORJ/USDT,2022-03-28 20:00:00,2022,30,34,34,0.0650656030119284,65.13409961685824
1648497600000,SHORT,-8.228743201330499,1.3129174885669688,7.878743201330499,False,YFI/USDT,2022-03-28 20:00:00,2022,31,34,34,0.05681489342709268,46.36015325670498
1648497600000,SHORT,-8.084042663085581,5.6676862912789865,7.734042663085582,False,MTL/USDT,2022-03-28 20:00:00,2022,32,35,35,0.08049726271906443,61.68582375478927
1648497600000,SHORT,-7.706857844798378,2.591943227583658,7.356857844798379,True,HBAR/USDT,2022-03-28 20:00:00,2022,33,36,36,0.010357728400730888,35.24904214559387
1648497600000,SHORT,-8.351665050113139,4.092133393435163,8.00166505011314,False,ONT/USDT,2022-03-28 20:00:00,2022,34,37,37,0.0001285171190654164,40.99616858237548
1648497600000,SHORT,-4.7844373734451855,1.845123118165212,4.434437373445186,True,TRX/USDT,2022-03-28 20:00:00,2022,35,38,38,-0.10954857806444801,63.601532567049816
1648497600000,SHORT,-4.751106576675547,3.081779924841224,4.401106576675548,True,LTC/USDT,2022-03-28 20:00:00,2022,36,39,39,-0.09145614606330926,64.36781609195403
1648497600000,SHORT,5.568657407407394,-0.1912712287635608,5.918657407407394,True,XRP/USDT,2022-03-28 20:00:00,2022,37,40,40,0.08685753417686784,42.1455938697318
1648512000000,SHORT,-7.496872028902811,1.9314128521298608,7.146872028902811,False,CHR/USDT,2022-03-29 00:00:00,2022,35,40,40,0.01950964343374938,46.36015325670498
1648512000000,SHORT,-7.9176800239907,3.5486292770572425,7.5676800239907,False,COTI/USDT,2022-03-29 00:00:00,2022,36,40,40,-0.05272483862982488,54.78927203065134
1648526400000,SHORT,-5.277371320364933,0.4143167256438015,4.927371320364934,True,DYDX/USDT,2022-03-29 04:00:00,2022,3,38,40,-0.02360324241635822,59.16030534351145
1648526400000,SHORT,-6.606918902622827,-0.804252121387441,6.256918902622828,True,CELO/USDT,2022-03-29 04:00:00,2022,4,38,40,-0.06797711341682822,35.49618320610687
1648526400000,SHORT,-4.437883556254902,3.3552890028669538,4.087883556254902,True,THETA/USDT,2022-03-29 04:00:00,2022,5,38,40,-0.0640382711344429,37.404580152671755
1648526400000,SHORT,4.922886230300232,-0.1890680475294369,5.272886230300232,True,XRP/USDT,2022-03-29 04:00:00,2022,6,38,40,0.032147473845339995,41.98473282442748
1648526400000,SHORT,6.782425068119878,2.301256571709675,7.132425068119877,True,ICP/USDT,2022-03-29 04:00:00,2022,7,38,40,-0.0055537604706522425,
1648526400000,SHORT,-6.392569358543906,0.5513862196608892,6.042569358543906,True,MASK/USDT,2022-03-29 04:00:00,2022,8,38,40,-0.1300837184007785,23.282442748091604
1648555200000,SHORT,-8.888464410427575,2.8278282542173936,8.538464410427576,False,KAVA/USDT,2022-03-29 12:00:00,2022,1,9,40,0.07764160317287529,25.475285171102662
1648555200000,SHORT,8.970618854829365,2.6796365613750126,9.320618854829364,False,KNC/USDT,2022-03-29 12:00:00,2022,2,10,41,-0.020491184191360676,36.50190114068441
1648555200000,SHORT,-5.807510148849764,2.299517119267821,5.457510148849765,True,ICP/USDT,2022-03-29 12:00:00,2022,3,10,41,0.0017941619642965977,
1648569600000,SHORT,-8.527503489824392,2.6035429671943726,8.177503489824392,True,NEO/USDT,2022-03-29 16:00:00,2022,4,9,39,-0.10393399091088834,50.19011406844106
1648569600000,SHORT,-8.905668502047149,0.2731021887182623,8.55566850204715,True,FLOW/USDT,2022-03-29 16:00:00,2022,5,10,39,-0.20319442771087318,37.5
1648569600000,SHORT,4.506618197784018,-0.0391054540943975,4.856618197784018,True,AR/USDT,2022-03-29 16:00:00,2022,6,11,39,-0.06666538647136057,27.756653992395435
1648569600000,SHORT,-1.692673671920602,-0.8076754031700942,11.278546409807344,True,CELO/USDT,2022-03-29 16:00:00,2022,7,11,39,-0.06930749205417099,35.361216730038024
1648584000000,SHORT,-9.25969589756548,3.171516792779869,8.909695897565479,True,RUNE/USDT,2022-03-29 20:00:00,2022,5,8,38,0.08850129619078931,62.5
1648598400000,SHORT,-6.910810566310822,3.5536024440281464,6.560810566310822,True,NEO/USDT,2022-03-30 00:00:00,2022,2,8,14,-0.10122204006664882,50.0
1648641600000,SHORT,8.152378001043825,2.360341124000377,8.502378001043825,True,CHZ/USDT,2022-03-30 12:00:00,2022,1,2,9,0.019438669582288477,48.1203007518797
1648641600000,SHORT,8.441788541526897,1.2264155685785494,8.791788541526897,True,AAVE/USDT,2022-03-30 12:00:00,2022,2,3,10,-0.01265217957010152,34.21052631578947
1648641600000,SHORT,0.7906844106463894,-1.7169157290782535,11.59578127829078,False,DUSK/USDT,2022-03-30 12:00:00,2022,3,4,11,-0.03176163899270998,40.963855421686745
1648670400000,SHORT,8.48559731543624,0.5696996002427758,8.835597315436239,True,AAVE/USDT,2022-03-30 20:00:00,2022,1,3,5,-0.015108424948031957,34.08239700374532
1648670400000,SHORT,9.797986621630546,2.3438946100054845,10.147986621630546,True,CHZ/USDT,2022-03-30 20:00:00,2022,2,3,5,0.0004724801800973696,47.940074906367045
1648684800000,SHORT,-9.132883608538044,-1.700153468141189,8.782883608538045,False,DUSK/USDT,2022-03-31 00:00:00,2022,3,3,4,-0.031569542615652625,40.8
1648699200000,SHORT,3.879998214923226,0.5674401704854661,4.229998214923226,True,AAVE/USDT,2022-03-31 04:00:00,2022,2,3,3,-0.020696317572762975,33.95522388059701
1648713600000,SHORT,5.202049854981579,-1.694108406669629,5.552049854981578,False,DUSK/USDT,2022-03-31 08:00:00,2022,2,3,3,-0.029279647627199458,40.63745019920319
1648728000000,SHORT,-11.824684756584196,3.335045299851496,11.474684756584196,True,DYDX/USDT,2022-03-31 12:00:00,2022,2,3,4,-0.0600218005495574,57.62081784386617
1648728000000,SHORT,-8.638204421701749,4.87750639417211,8.28820442170175,True,COMP/USDT,2022-03-31 12:00:00,2022,3,4,5,0.01456936907895886,33.457249070631974
1648728000000,SHORT,-8.29422953759445,,7.944229537594451,False,ZRX/USDT,2022-03-31 12:00:00,2022,4,5,6,0.032543035422193195,32.71375464684015
1648728000000,SHORT,-10.740444649546635,3.0099439420639142,10.390444649546636,False,RSR/USDT,2022-03-31 12:00:00,2022,5,6,7,0.09095981985730557,49.07063197026022
1648728000000,SHORT,9.55133013519406,5.1493346674966185,9.901330135194058,True,SUSHI/USDT,2022-03-31 12:00:00,2022,6,7,8,-0.1374222357693524,41.2639405204461
1648728000000,SHORT,6.510553772070617,2.0056192706918976,6.860553772070617,True,TRX/USDT,2022-03-31 12:00:00,2022,7,8,9,0.06185023802801185,61.71003717472119
1648742400000,SHORT,-9.096315789473673,4.310094577363778,8.746315789473671,True,TRB/USDT,2022-03-31 16:00:00,2022,7,9,10,-0.05986636020406103,17.100371747211895
1648886400000,SHORT,7.024877916440581,2.6077109168817945,7.374877916440581,True,SNX/USDT,2022-04-02 08:00:00,2022,1,1,1,-0.18603117966950186,34.306569343065696
1649030400000,SHORT,9.577318874019364,2.598710211661952,9.927318874019363,False,ZRX/USDT,2022-04-04 00:00:00,2022,1,1,1,0.007479059361811295,31.54121863799283
1649160000000,SHORT,11.641673783091363,,11.991673783091365,True,CELO/USDT,2022-04-05 12:00:00,2022,1,1,1,-0.16110219453459862,32.74647887323944
1649188800000,SHORT,7.592088091353987,0.4130938000959143,7.942088091353987,False,COTI/USDT,2022-04-05 20:00:00,2022,1,2,2,-0.08013921534927657,50.526315789473685
1649217600000,LONG,11.090364092906466,-1.317884244045272,11.440364092906464,False,KNC/USDT,2022-04-06 04:00:00,2022,1,2,3,-0.14828987807836766,33.56643356643357
1649217600000,SHORT,11.649066874027968,0.9603521369643636,11.999066874027967,True,DOGE/USDT,2022-04-06 04:00:00,2022,2,3,4,-0.09450179037899323,49.3006993006993
1649304000000,LONG,-5.70139106118773,1.616575368600882,5.35139106118773,True,XLM/USDT,2022-04-07 04:00:00,2022,1,1,3,-0.08545640917562426,19.031141868512112
1649304000000,LONG,-6.736641399416912,0.8393389705807616,6.386641399416912,False,EGLD/USDT,2022-04-07 04:00:00,2022,2,2,4,-0.04949711901797156,25.951557093425603
1649318400000,LONG,-7.403788221737527,-0.5494215375699745,8.415831927239815,True,CHZ/USDT,2022-04-07 08:00:00,2022,3,3,3,0.0342266137784337,44.29065743944637
1649318400000,LONG,-11.947009324009317,2.3879554672134446,11.597009324009315,True,ETC/USDT,2022-04-07 08:00:00,2022,4,4,4,-0.10279296313309944,45.674740484429066
1649318400000,LONG,-6.670657584490424,-0.6493251343675623,6.320657584490425,False,IOTA/USDT,2022-04-07 08:00:00,2022,5,5,5,0.038971003170052206,54.67128027681662
1649318400000,LONG,-6.739243391066558,-0.8032611874470869,6.389243391066558,True,HBAR/USDT,2022-04-07 08:00:00,2022,6,6,6,0.09586286033746133,31.833910034602077
1649332800000,LONG,-5.295927935646618,1.591262566853493,4.945927935646618,True,XLM/USDT,2022-04-07 12:00:00,2022,5,6,6,-0.057931869246967735,25.862068965517242
1649347200000,LONG,-4.662551302454134,-0.5499103564060762,4.312551302454135,True,CHZ/USDT,2022-04-07 16:00:00,2022,2,6,6,0.030885142468520813,44.13793103448276
1649736000000,LONG,1.7789143126732403,-0.1865688923427447,8.61960252403138,True,AAVE/USDT,2022-04-12 04:00:00,2022,1,1,1,0.042383517060435284,6.25
1649736000000,LONG,7.810165975103731,0.9816548941652588,8.16016597510373,False,ANKR/USDT,2022-04-12 04:00:00,2022,2,2,2,-0.1608731574892123,15.460526315789474
1649736000000,LONG,3.890585619887489,1.6461341789115027,4.240585619887489,True,BNB/USDT,2022-04-12 04:00:00,2022,3,3,3,-0.048984043646895785,40.46052631578947
1649750400000,LONG,7.471258473839743,-1.2196188689652956,7.821258473839743,True,FLOW/USDT,2022-04-12 08:00:00,2022,4,4,4,-0.06611839443236041,25.945945945945947
1649750400000,LONG,3.091363180755106,-3.0974552982111976,4.030838623454721,True,TRX/USDT,2022-04-12 08:00:00,2022,5,5,5,0.014810069385822,37.5
1649750400000,LONG,9.54983680130559,0.2357520781516416,9.89983680130559,True,SNX/USDT,2022-04-12 08:00:00,2022,6,6,6,0.011113145456805695,27.302631578947366
1649750400000,LONG,3.083819125573965,0.3625648986908168,6.251347574366148,False,ONT/USDT,2022-04-12 08:00:00,2022,7,7,7,-0.05779176179657534,37.5
1649750400000,LONG,-1.4871897393291098,-1.9148342783687813,5.8394641188077605,False,YFI/USDT,2022-04-12 08:00:00,2022,8,8,8,0.07407777936762806,25.32894736842105
1649750400000,LONG,-1.8620132560066336,0.771360169147797,5.514219138359563,True,ADA/USDT,2022-04-12 08:00:00,2022,9,9,9,-0.11740639699247758,22.697368421052634
1649750400000,LONG,-0.4152741514360286,,7.67012075718015,True,VET/USDT,2022-04-12 08:00:00,2022,10,10,10,-0.01330887341219472,26.31578947368421
1649750400000,LONG,-0.7759903050482211,-2.1630224026730227,7.734906722812518,True,GALA/USDT,2022-04-12 08:00:00,2022,11,11,11,0.005820271080661928,31.25
1649750400000,LONG,-1.3163843715903774,0.1017489263979202,6.925255884033871,True,FIL/USDT,2022-04-12 08:00:00,2022,12,12,12,0.3133583921961923,21.052631578947366
1649750400000,LONG,-1.0558823529411705,0.5762478806319867,6.583284890426759,True,MANA/USDT,2022-04-12 08:00:00,2022,13,13,13,-0.053625532306678415,22.697368421052634
1649750400000,LONG,-2.228830233308245,-0.5211376437343195,8.572602408343192,True,GRT/USDT,2022-04-12 08:00:00,2022,14,14,14,-0.05772311324779646,23.355263157894736
1649750400000,LONG,0.1131521591063983,0.9019902763882576,7.593134450347355,True,ALGO/USDT,2022-04-12 08:00:00,2022,15,15,15,-0.12692818695001665,19.736842105263158
1649750400000,LONG,9.22424424725523,0.2487617310392225,9.57424424725523,False,RSR/USDT,2022-04-12 08:00:00,2022,16,16,16,-0.05922082357941161,43.42105263157895
1650297600000,LONG,-0.2407820008737501,-0.8704446951492575,7.443206640454345,True,AXS/USDT,2022-04-18 16:00:00,2022,1,1,1,-0.04276732234963229,13.003095975232199
1650297600000,LONG,6.556014271151885,-0.2401618906074435,6.906014271151885,True,VET/USDT,2022-04-18 16:00:00,2022,2,2,2,-0.04674412040456442,5.263157894736842
1650297600000,LONG,-4.015314043754416,-0.2209134779973381,7.371171489061405,False,ROSE/USDT,2022-04-18 16:00:00,2022,3,3,3,-0.04494958967261136,34.6749226006192
1650297600000,LONG,7.590983142088112,,7.940983142088112,False,ZRX/USDT,2022-04-18 16:00:00,2022,4,4,4,-0.09021243654308463,29.721362229102166
1650297600000,LONG,6.311067708333338,0.4975348067326779,6.661067708333326,True,MANA/USDT,2022-04-18 16:00:00,2022,5,5,5,-0.09093336318684224,16.718266253869967
1650312000000,LONG,6.113748016283733,-0.3303512736309264,6.463748016283732,False,ENJ/USDT,2022-04-18 20:00:00,2022,6,6,6,-0.02108001442880406,38.2716049382716
1650355200000,SHORT,-7.032042156048544,-0.559860864705362,6.682042156048544,True,XMR/USDT,2022-04-19 08:00:00,2022,1,2,7,-0.06749396694713576,62.153846153846146
1650369600000,SHORT,10.613577524667662,,10.96357752466766,False,MTL/USDT,2022-04-19 12:00:00,2022,2,2,8,0.1363179922576179,3.6809815950920246
1650585600000,SHORT,2.87149643705464,0.65005847381751,11.482497030878845,True,TRX/USDT,2022-04-22 00:00:00,2022,1,1,1,0.0996236907080125,51.95195195195195
1650614400000,SHORT,6.489860988526018,0.2887400982975841,6.839860988526017,True,XMR/USDT,2022-04-22 08:00:00,2022,1,2,2,-0.09418218782374006,60.47904191616767
1650614400000,SHORT,8.877608886290556,,9.227608886290556,True,TRX/USDT,2022-04-22 08:00:00,2022,2,2,2,0.05089739325700829,51.796407185628745
1650888000000,LONG,-7.233996906191292,0.1734912730328758,6.8839969061912925,True,AR/USDT,2022-04-25 12:00:00,2022,1,1,1,-0.03037011143945251,21.22093023255814
1650902400000,LONG,-6.449926362297515,0.0713663942863307,6.099926362297516,True,FLOW/USDT,2022-04-25 16:00:00,2022,2,2,2,-0.07834545041211573,15.555555555555555
1650902400000,LONG,-6.370046334150978,0.6749558492103741,6.020046334150979,True,ATOM/USDT,2022-04-25 16:00:00,2022,3,3,3,-0.08858824123473874,38.372093023255815
1650902400000,LONG,-6.203072983354682,-0.4120281152755723,5.853072983354682,False,ONE/USDT,2022-04-25 16:00:00,2022,4,4,4,-0.0011322901032680224,58.139534883720934
1650902400000,LONG,-6.137008519870872,0.0466492218202458,5.787008519870873,True,XLM/USDT,2022-04-25 16:00:00,2022,5,5,5,-0.06637269459404158,6.976744186046512
1650902400000,LONG,7.62786323984616,0.4713453063879893,7.97786323984616,False,COTI/USDT,2022-04-25 16:00:00,2022,6,6,6,0.053911702258899234,46.22093023255814
1650902400000,LONG,-6.9077659574468,0.7293863198749413,6.557765957446801,True,TRB/USDT,2022-04-25 16:00:00,2022,7,7,7,-0.0222802997830929,13.953488372093023
1650902400000,LONG,-7.056306037059183,-0.868765624730736,6.706306037059183,True,ETC/USDT,2022-04-25 16:00:00,2022,8,8,8,-0.022903025292152882,59.59302325581395
1650902400000,LONG,-7.090310465698542,1.2284945957615692,6.740310465698542,True,NEO/USDT,2022-04-25 16:00:00,2022,9,9,9,0.06065680513735742,42.73255813953488
1650902400000,LONG,-6.87343597603454,0.5950648620528954,6.52343597603454,True,AVAX/USDT,2022-04-25 16:00:00,2022,10,10,10,-0.027257542930070416,15.69767441860465
1650902400000,LONG,-6.834071054164229,-0.2067142119092228,6.48407105416423,True,XRP/USDT,2022-04-25 16:00:00,2022,11,11,11,0.010677492101365968,10.755813953488373
1650902400000,LONG,-6.702173036200456,0.3546366232179421,6.3521730362004565,False,DASH/USDT,2022-04-25 16:00:00,2022,12,12,12,-0.057368695731179496,30.813953488372093
1650902400000,LONG,-6.877808461283539,-0.4804245764576277,6.52780846128354,True,GALA/USDT,2022-04-25 16:00:00,2022,13,13,13,-0.004326327923268658,31.1046511627907
1650902400000,LONG,-6.489226792784857,-0.662121841813843,6.139226792784857,True,HBAR/USDT,2022-04-25 16:00:00,2022,14,14,14,-0.036218695681284115,27.03488372093023
1650902400000,LONG,-7.839130044843054,-0.2348486428276409,7.489130044843054,True,VET/USDT,2022-04-25 16:00:00,2022,15,15,15,-0.06219621816258958,21.511627906976745
1650902400000,LONG,-8.646575984990625,-0.4977904763765869,8.296575984990625,True,AXS/USDT,2022-04-25 16:00:00,2022,16,16,16,0.029646153068227144,8.13953488372093
1650902400000,LONG,-8.797526881720424,1.1594097221319295,8.447526881720425,False,TLM/USDT,2022-04-25 16:00:00,2022,17,17,17,-0.06445393560093696,
1650902400000,LONG,-9.098086627417995,-2.058833571245004,8.748086627417996,True,PEOPLE/USDT,2022-04-25 16:00:00,2022,18,18,18,0.038250156318132056,35.46511627906977
1650902400000,LONG,-8.890650755085513,2.099993507270608,8.540650755085514,True,CHZ/USDT,2022-04-25 16:00:00,2022,19,19,19,-0.055298199899656446,17.441860465116278
1650902400000,LONG,-7.474517734909766,0.0025830450792648,7.124517734909766,True,ICP/USDT,2022-04-25 16:00:00,2022,20,20,20,0.04242016396144448,
1650902400000,LONG,-7.712377389018102,0.1697078387519675,7.362377389018103,True,MANA/USDT,2022-04-25 16:00:00,2022,21,21,21,-0.02057491003713763,34.883720930232556
1650902400000,LONG,-7.55176261549395,0.2590335206384975,7.201762615493951,True,ALGO/USDT,2022-04-25 16:00:00,2022,22,22,22,-0.07444083461160207,13.953488372093023
1650902400000,LONG,-7.521599445700542,0.2454629464017368,7.171599445700543,False,ENJ/USDT,2022-04-25 16:00:00,2022,23,23,23,0.0008634203329772674,36.04651162790697
1650902400000,LONG,-7.197478719965533,-0.7740321859779759,6.847478719965533,True,FIL/USDT,2022-04-25 16:00:00,2022,24,24,24,0.1155875425141931,19.767441860465116
1650945600000,SHORT,-10.167927640776131,,9.817927640776134,True,APE/USDT,2022-04-26 04:00:00,2022,1,24,25,-0.0030493189660705604,5.88235294117647
1650974400000,SHORT,-8.294976030496128,-0.8477407423931237,7.944976030496129,False,KAVA/USDT,2022-04-26 12:00:00,2022,1,2,26,-0.028644885607198918,55.61959654178674
1651032000000,LONG,-7.595639056500268,0.7230042551221646,7.245639056500268,True,TRB/USDT,2022-04-27 04:00:00,2022,1,1,3,-0.02875110995427117,13.753581661891118
1651032000000,LONG,-6.000491307634168,-0.1892035344227176,5.6504913076341685,True,XRP/USDT,2022-04-27 04:00:00,2022,2,2,4,0.04358983158360433,5.444126074498568
1651032000000,LONG,-6.5116694471610215,-0.6454563748683427,6.161669447161022,True,HBAR/USDT,2022-04-27 04:00:00,2022,3,3,5,-0.008470762143838545,26.64756446991404
1651032000000,LONG,-6.306134867642191,0.6597061680448761,5.956134867642192,True,ATOM/USDT,2022-04-27 04:00:00,2022,4,4,6,-0.07344063548191283,28.36676217765043
1651377600000,LONG,2.848887343532682,-1.181513301888839,7.9727862772369,False,RAY/USDT,2022-05-01 04:00:00,2022,1,1,1,0.011405405455430598,24.099722991689752
1651377600000,LONG,7.224129768866617,0.5019559962695112,7.574129768866617,True,CHZ/USDT,2022-05-01 04:00:00,2022,2,2,2,-0.09112155615601489,5.540166204986149
1651392000000,LONG,9.664818140996855,0.4195468920143988,10.014818140996857,True,NEAR/USDT,2022-05-01 08:00:00,2022,3,3,3,-0.05250194724145867,4.986149584487535
1651406400000,LONG,9.00916049382715,-0.4522056879353756,9.359160493827147,True,GALA/USDT,2022-05-01 12:00:00,2022,2,4,4,-0.015785403782310727,5.801104972375691
1651406400000,LONG,9.31408839779006,-1.3179556426843897,9.66408839779006,True,SNX/USDT,2022-05-01 12:00:00,2022,3,5,5,0.0025194643812932235,9.116022099447514
1651406400000,LONG,9.939651773981591,-1.4024540497065394,10.289651773981593,True,SAND/USDT,2022-05-01 12:00:00,2022,4,6,6,-0.006914503522991861,7.734806629834254
1651406400000,LONG,9.6125193262267,-1.907899025045108,9.9625193262267,True,ZEC/USDT,2022-05-01 12:00:00,2022,5,7,7,0.05815123544931655,19.060773480662984
1651406400000,LONG,7.67509933774836,0.9973019718228772,8.025099337748347,True,TRB/USDT,2022-05-01 12:00:00,2022,6,8,8,-0.0536856583954706,14.088397790055248
1651406400000,LONG,7.599965745604031,0.1576762481595407,7.949965745604031,False,RVN/USDT,2022-05-01 12:00:00,2022,7,9,9,-0.06570530099301422,12.70718232044199
1651406400000,LONG,-10.069879062736222,-0.1473940988838643,9.719879062736222,False,RSR/USDT,2022-05-01 12:00:00,2022,8,10,10,0.014185272818065635,37.01657458563536
1651406400000,LONG,-11.113258724117912,-0.298071386363486,10.763258724117913,True,FIL/USDT,2022-05-01 12:00:00,2022,9,11,11,-0.050294291863999585,6.629834254143646
1651406400000,LONG,-5.399899111086883,-0.232976535162476,9.059159077275464,True,CHZ/USDT,2022-05-01 12:00:00,2022,10,11,11,-0.10138026863438666,8.011049723756907
1651406400000,LONG,-5.984585463436327,-0.5412488784166173,6.925983551900421,True,SOL/USDT,2022-05-01 12:00:00,2022,11,12,12,-0.13784325736488898,5.524861878453039
1651406400000,LONG,-8.791635782747605,1.2178649251546854,8.441635782747605,False,RLC/USDT,2022-05-01 12:00:00,2022,12,13,13,0.04472241446415147,19.613259668508288
1651406400000,LONG,-8.587124289195778,-0.0523480633765365,8.237124289195778,False,ENJ/USDT,2022-05-01 12:00:00,2022,13,14,14,-0.014601038208616478,21.2707182320442
1651406400000,LONG,-7.944936708860765,-1.1689460303195924,8.998960216998203,False,RAY/USDT,2022-05-01 12:00:00,2022,14,14,14,0.023087374945642686,40.331491712707184
1651406400000,LONG,-6.36764335223692,3.116289209834743,8.3570415879017,False,ANKR/USDT,2022-05-01 12:00:00,2022,15,15,15,-0.047167764124345216,40.607734806629836
1651406400000,LONG,-6.009150043365136,-0.5396067242145065,9.228035559410229,False,ONT/USDT,2022-05-01 12:00:00,2022,16,16,16,-0.024603908808728463,9.392265193370166
1651406400000,LONG,-5.997506150749272,-3.4482216666305905,9.69913889510177,False,STORJ/USDT,2022-05-01 12:00:00,2022,17,17,17,0.13115239155392955,46.408839779005525
1651406400000,LONG,6.585607321131434,-0.6896593803273788,6.9356073211314335,False,BAT/USDT,2022-05-01 12:00:00,2022,18,18,18,-0.07915912570630296,22.92817679558011
1651406400000,LONG,6.40708053691275,0.6540987846956176,6.75708053691275,False,DASH/USDT,2022-05-01 12:00:00,2022,19,19,19,-0.09010355690764867,9.668508287292818
1651406400000,LONG,6.392591931453053,-0.3538215949549917,6.7425919314530525,False,QTUM/USDT,2022-05-01 12:00:00,2022,20,20,20,-0.024563798315115463,12.154696132596685
1651406400000,LONG,5.790220141700402,-0.9668730715276324,6.140220141700402,True,ADA/USDT,2022-05-01 12:00:00,2022,21,21,21,-0.08354322916035943,24.30939226519337
1651406400000,LONG,5.376692368008372,0.1506297719354212,5.72669236800836,True,DOT/USDT,2022-05-01 12:00:00,2022,22,22,22,-0.05055105791861777,0.8287292817679558
1651406400000,LONG,-5.265020670647683,,8.222875516766203,False,SFP/USDT,2022-05-01 12:00:00,2022,23,23,23,-0.060546911312450186,17.12707182320442
1651406400000,LONG,6.835541570056313,-0.1109517279719886,7.185541570056313,True,AVAX/USDT,2022-05-01 12:00:00,2022,24,24,24,-0.01019916465219694,2.7624309392265194
1651406400000,LONG,6.688556067588342,0.6619860885703615,7.038556067588342,True,NEO/USDT,2022-05-01 12:00:00,2022,25,25,25,0.0650707399004405,16.574585635359114
1651406400000,LONG,8.695981112277012,-0.0104723358046368,9.045981112277012,True,FLOW/USDT,2022-05-01 12:00:00,2022,26,26,26,-0.11423425357147893,20.5761316872428
1651406400000,LONG,8.516341735134382,0.0821595461628331,8.866341735134382,True,UNI/USDT,2022-05-01 12:00:00,2022,27,27,27,-0.030026263208465326,0.2762430939226519
1651406400000,LONG,8.832063579644318,-0.0768844744043653,9.182063579644328,False,DUSK/USDT,2022-05-01 12:00:00,2022,28,28,28,0.005293880307144882,31.01449275362319
1651406400000,LONG,8.953218073752987,-0.6771461812697525,9.303218073752998,False,ZEN/USDT,2022-05-01 12:00:00,2022,29,29,29,-0.03375854479833608,15.469613259668508
1651406400000,LONG,7.856093489148574,-0.8537641963218479,8.206093489148573,True,VET/USDT,2022-05-01 12:00:00,2022,30,30,30,-0.08890662678860062,12.154696132596685
1651406400000,LONG,8.06709292412618,-0.8845416500469084,8.41709292412618,True,THETA/USDT,2022-05-01 12:00:00,2022,31,31,31,-0.016206269418428575,14.917127071823206
1651406400000,LONG,8.377471698113208,-0.723388236719875,8.727471698113208,True,ICP/USDT,2022-05-01 12:00:00,2022,32,32,32,-0.00015164710163264228,
1651406400000,LONG,8.112994870445883,-0.8762255853141616,8.462994870445883,True,MANA/USDT,2022-05-01 12:00:00,2022,33,33,33,0.015336277234053907,14.3646408839779
1651420800000,LONG,6.316475430281873,-0.9954784365534296,6.6664754302818725,False,ONE/USDT,2022-05-01 16:00:00,2022,33,34,34,0.008418975680160038,36.187845303867405
1651435200000,LONG,-5.031116389548703,-0.0516534765352682,4.681116389548703,False,ENJ/USDT,2022-05-01 20:00:00,2022,2,34,34,-0.04291639387617849,34.9862258953168
1651435200000,LONG,-4.491487455197129,-0.4111997752961837,4.1414874551971295,False,QTUM/USDT,2022-05-01 20:00:00,2022,3,34,34,-0.04238158935236937,6.887052341597796
1651435200000,LONG,5.181697952218425,-0.879401572979697,5.531697952218424,True,THETA/USDT,2022-05-01 20:00:00,2022,4,34,34,-0.033776504303064524,26.72176308539945
1651435200000,LONG,-6.7681032596806014,-0.1458644529021225,6.418103259680602,False,RSR/USDT,2022-05-01 20:00:00,2022,5,34,34,-0.0294951147008323,36.91460055096419
1651435200000,LONG,-7.266717901208578,-0.0918891382605749,6.916717901208578,False,DUSK/USDT,2022-05-01 20:00:00,2022,6,34,34,0.0009307270636586886,30.924855491329478
1651435200000,LONG,7.527926140342691,-1.3688837347577076,7.877926140342691,True,SAND/USDT,2022-05-01 20:00:00,2022,7,34,34,-0.033956270909392856,8.539944903581267
1651435200000,LONG,-4.691891891891896,0.622433306475748,4.341891891891897,False,RVN/USDT,2022-05-01 20:00:00,2022,8,34,34,-0.09013868697713227,22.03856749311295
1651435200000,LONG,4.933374986417477,-0.650874363592023,5.283374986417477,True,ETC/USDT,2022-05-01 20:00:00,2022,9,35,35,-0.12884723562350583,6.336088154269973
1651435200000,LONG,-4.617810434538028,0.0807018612036678,4.2678104345380286,True,UNI/USDT,2022-05-01 20:00:00,2022,10,35,35,-0.05184266759158824,4.132231404958678
1651435200000,LONG,-4.858365310821175,-0.7105330595493906,4.508365310821175,True,ICP/USDT,2022-05-01 20:00:00,2022,11,35,35,-0.03664538297952077,
1651435200000,LONG,-8.763679882856499,-0.3362805319321076,8.4136798828565,False,ROSE/USDT,2022-05-01 20:00:00,2022,12,36,36,0.07425530826042803,18.181818181818183
1651435200000,LONG,-6.4876973684210455,0.9879612473554338,6.137697368421046,True,TRB/USDT,2022-05-01 20:00:00,2022,13,36,36,-0.07821300020465445,14.049586776859504
1651435200000,LONG,-6.289595959595961,-0.3213328061699511,5.9395959595959615,True,CELO/USDT,2022-05-01 20:00:00,2022,14,37,37,-0.11977089394672946,25.6198347107438
1651435200000,LONG,-5.970596072931283,-0.4704062259750223,5.620596072931283,True,GALA/USDT,2022-05-01 20:00:00,2022,15,37,37,-0.012298702224608814,9.090909090909092
1651435200000,LONG,-6.049790177693269,-1.6195866573954103,5.699790177693269,True,MANA/USDT,2022-05-01 20:00:00,2022,16,37,37,0.007732979968323859,15.702479338842975
1651464000000,LONG,-4.909046834979878,-0.0513826485013767,4.559046834979879,False,ENJ/USDT,2022-05-02 04:00:00,2022,1,16,37,-0.07771045630968272,34.89010989010989
1651737600000,SHORT,7.127080604833902,1.3361155731159289,7.477080604833902,True,TRX/USDT,2022-05-05 08:00:00,2022,1,1,1,-0.06539883641355206,50.67024128686327
1651896000000,LONG,-11.377687186775375,-0.0030458718606551,11.027687186775378,True,GMT/USDT,2022-05-07 04:00:00,2022,1,1,1,0.036976752394725976,27.95031055900621
1652155200000,LONG,-11.614715684232454,-0.4916337133272922,11.264715684232456,False,BAT/USDT,2022-05-10 04:00:00,2022,1,1,1,-0.018589234285084102,23.195876288659793
1652155200000,LONG,-11.180494037478702,-0.6970738517470328,10.830494037478704,True,LINK/USDT,2022-05-10 04:00:00,2022,2,2,2,-0.013301360763497135,1.0309278350515463
1652155200000,LONG,-11.09592411260711,-0.59320682882353,10.74592411260711,True,ETC/USDT,2022-05-10 04:00:00,2022,3,3,3,-0.026943547026906312,7.474226804123711
1652155200000,LONG,-7.997421802546156,-1.018494321164242,7.647421802546156,True,ETH/USDT,2022-05-10 04:00:00,2022,4,4,4,-0.030711351104908035,59.79381443298969
1652155200000,LONG,-12.082174215422066,0.0119957945804377,11.732174215422068,True,MANA/USDT,2022-05-10 04:00:00,2022,5,5,5,0.07944117865611486,8.762886597938143
1652155200000,LONG,-10.01921139314086,-0.7647779945849462,9.66921139314086,True,XRP/USDT,2022-05-10 04:00:00,2022,6,6,6,0.09821542140881942,0.0
1652155200000,LONG,-10.95688902470968,-0.2742884238815934,10.60688902470968,True,HBAR/USDT,2022-05-10 04:00:00,2022,7,7,7,0.004719246570560758,12.886597938144329
1652155200000,LONG,-10.45482438701126,0.3665762969526502,10.10482438701126,False,DASH/USDT,2022-05-10 04:00:00,2022,8,8,8,-0.010531095415766654,1.804123711340206
1652155200000,LONG,-10.475886990801571,-0.5047117762264285,10.125886990801572,False,ONT/USDT,2022-05-10 04:00:00,2022,9,9,9,-0.031165600633167142,10.051546391752577
1652155200000,LONG,-10.96838898215508,0.4335914265593917,10.61838898215508,True,BNB/USDT,2022-05-10 04:00:00,2022,10,10,10,0.10718026545151137,9.02061855670103
1652155200000,LONG,-11.924018305284916,0.7412084188690488,11.574018305284916,True,BCH/USDT,2022-05-10 04:00:00,2022,11,11,11,0.04232563360048467,9.793814432989691
1652155200000,LONG,-11.76680829015544,0.8754711195618678,11.41680829015544,True,NEO/USDT,2022-05-10 04:00:00,2022,12,12,12,0.08071444373000522,13.65979381443299
1652155200000,LONG,-11.74662211421628,-0.6345493967407226,11.396622114216282,True,VET/USDT,2022-05-10 04:00:00,2022,13,13,13,0.041792703919575465,6.443298969072164
1652155200000,LONG,-10.528810975609744,-1.0004558161544257,10.178810975609744,True,XLM/USDT,2022-05-10 04:00:00,2022,14,14,14,0.01326014885166639,3.865979381443299
1652155200000,LONG,-10.996687929342478,-0.269355568467683,10.64668792934248,True,LTC/USDT,2022-05-10 04:00:00,2022,15,15,15,0.12359440099251334,13.402061855670103
1652169600000,LONG,-12.207638353630328,0.0701059310900235,11.857638353630328,True,UNI/USDT,2022-05-10 08:00:00,2022,16,16,16,-0.011445120645452937,2.8350515463917527
1652169600000,LONG,-11.831492066620669,-1.8691225543606795,11.48149206662067,True,ZEC/USDT,2022-05-10 08:00:00,2022,17,17,17,0.05131912240640309,0.25773195876288657
1652169600000,LONG,-11.14143037177064,,10.79143037177064,False,1INCH/USDT,2022-05-10 08:00:00,2022,18,18,18,0.11388878694988566,28.60824742268041
1652169600000,LONG,-11.518118366706736,0.2596650445487014,11.168118366706736,False,LPT/USDT,2022-05-10 08:00:00,2022,19,19,19,-0.02978562861543642,1.5463917525773196
1652169600000,LONG,-10.097733961153615,-0.9273900106869176,9.747733961153616,False,RAY/USDT,2022-05-10 08:00:00,2022,20,20,20,0.09627080503949813,42.2680412371134
1652169600000,LONG,-6.708656172228525,-1.705953137060837,6.3586561722285255,True,BTC/USDT,2022-05-10 08:00:00,2022,21,21,21,0.1448976799747045,56.44329896907217
1652169600000,LONG,-11.253046982504422,-0.318378549687652,10.903046982504424,False,KSM/USDT,2022-05-10 08:00:00,2022,22,22,22,0.022252967096544462,55.412371134020624
1652184000000,LONG,-8.543122216724406,-0.4182036781858122,8.193122216724406,False,IOTA/USDT,2022-05-10 12:00:00,2022,8,23,23,0.04597329126760253,45.24421593830334
1652184000000,LONG,-10.709214915972945,0.4190060608373295,10.359214915972943,True,BNB/USDT,2022-05-10 12:00:00,2022,9,23,23,0.20632003960719872,14.910025706940875
1652184000000,LONG,-9.88727388024831,-0.6156543682075787,9.53727388024831,True,XLM/USDT,2022-05-10 12:00:00,2022,10,23,23,0.09107336025198838,29.82005141388175
1652184000000,LONG,-9.430549597855212,0.1742732381376095,9.080549597855212,False,DASH/USDT,2022-05-10 12:00:00,2022,11,23,23,0.06699422588234748,31.362467866323907
1652184000000,LONG,-11.86872763419482,0.3565257252887029,11.51872763419482,False,API3/USDT,2022-05-10 12:00:00,2022,12,24,24,0.15381912157129157,18.803418803418804
1652184000000,LONG,-9.34891661830142,-0.7546704717635431,8.99891661830142,True,XRP/USDT,2022-05-10 12:00:00,2022,13,24,24,0.15859084660864492,27.249357326478147
1652184000000,LONG,-10.576026634693616,0.6918308280733508,10.226026634693618,True,BCH/USDT,2022-05-10 12:00:00,2022,14,24,24,0.08986798229726407,41.38817480719794
1652184000000,LONG,-10.717176812585487,-1.4297463586333885,10.367176812585488,True,FIL/USDT,2022-05-10 12:00:00,2022,15,25,25,-0.08101810044634336,29.30591259640103
1652184000000,LONG,-10.6445566502463,-0.2646858473027492,10.2945566502463,True,LTC/USDT,2022-05-10 12:00:00,2022,16,25,25,0.16928847048767193,50.128534704370175
1652184000000,LONG,-11.937279792746104,-0.3885472495071191,11.587279792746106,True,HBAR/USDT,2022-05-10 12:00:00,2022,17,25,25,0.08740633012109353,26.99228791773779
1652184000000,LONG,-11.410474595198226,-0.1105536379637634,11.060474595198226,False,DUSK/USDT,2022-05-10 12:00:00,2022,18,26,26,0.14286129076466125,33.87096774193548
1652184000000,LONG,-11.382630597014932,,11.032630597014933,False,ZRX/USDT,2022-05-10 12:00:00,2022,19,27,27,0.07520406810974498,31.10539845758355
1652184000000,LONG,-12.110170498218151,-1.7290535755301817,11.760170498218152,False,KAVA/USDT,2022-05-10 12:00:00,2022,20,28,28,0.09464073460201007,75.57840616966581
1652184000000,LONG,-12.181836047164508,-0.8232149353231979,11.831836047164508,True,LINK/USDT,2022-05-10 12:00:00,2022,21,28,28,0.0742809603717972,12.596401028277635
1652198400000,LONG,-6.802637178902582,-3.29055893258498,6.452637178902583,False,STORJ/USDT,2022-05-10 16:00:00,2022,15,29,29,0.00578829923296575,48.84318766066838
1652198400000,LONG,-6.560655523635424,0.278318265608094,6.210655523635424,False,ALICE/USDT,2022-05-10 16:00:00,2022,16,30,30,0.037679091914272704,16.966580976863753
1652212800000,LONG,-5.073167307443087,0.6907343427911056,4.723167307443087,True,BCH/USDT,2022-05-10 20:00:00,2022,3,23,30,0.09151414265100558,41.28205128205128
1652227200000,LONG,-5.549786324786314,0.3576948999088394,5.199786324786315,False,API3/USDT,2022-05-11 00:00:00,2022,2,16,30,0.15403049542677058,18.72340425531915
1652227200000,LONG,-5.526581535962454,0.0114691706522186,5.176581535962455,True,MANA/USDT,2022-05-11 00:00:00,2022,3,17,30,0.14036804202480013,29.48717948717949
1652227200000,LONG,-4.736192925042873,-3.2822417549242253,4.386192925042874,False,STORJ/USDT,2022-05-11 00:00:00,2022,4,17,30,0.015182364148963576,48.717948717948715
1652227200000,LONG,-5.796112167300391,0.6119449577180471,5.446112167300392,True,AAVE/USDT,2022-05-11 00:00:00,2022,5,18,31,0.145656858125087,32.05128205128205
1652227200000,LONG,-4.412767665952886,0.2771942953707743,4.062767665952887,False,ALICE/USDT,2022-05-11 00:00:00,2022,6,18,31,0.040992620908345156,25.8974358974359
1652241600000,LONG,-5.050232288037157,,4.700232288037157,False,1INCH/USDT,2022-05-11 04:00:00,2022,6,7,31,0.12487720415364219,0.2557544757033248
1652356800000,LONG,1.883319892056205,-2.247239237485647,8.492105834548214,True,BTC/USDT,2022-05-12 12:00:00,2022,1,1,1,0.12204105874682428,0.0
1652385600000,LONG,7.213845324039495,-0.5376075358564864,7.563845324039506,True,XLM/USDT,2022-05-12 20:00:00,2022,1,2,2,0.08455213783371582,23.98989898989899
1652385600000,LONG,8.204131717924815,-5.66359609939144,8.554131717924815,True,LTC/USDT,2022-05-12 20:00:00,2022,2,3,3,0.21293549286468164,3.787878787878788
1652385600000,LONG,7.218631284916201,-3.5606679347908603,7.568631284916201,False,BAT/USDT,2022-05-12 20:00:00,2022,3,4,4,0.04909009556138872,61.86868686868687
1652385600000,LONG,8.992558139534887,-0.9024663514538416,9.342558139534887,True,ADA/USDT,2022-05-12 20:00:00,2022,4,5,5,0.11830172991884548,0.7575757575757576
1652385600000,LONG,11.55851088333527,-2.109299575899883,11.90851088333527,True,HBAR/USDT,2022-05-12 20:00:00,2022,5,6,6,0.07638892569318197,28.030303030303028
1652385600000,LONG,11.64848384970336,-2.1714031377618044,11.99848384970336,False,ARPA/USDT,2022-05-12 20:00:00,2022,6,7,7,0.12652671773782256,35.1010101010101
1652385600000,LONG,9.225412647374055,-0.7650365931570436,9.575412647374057,True,UNI/USDT,2022-05-12 20:00:00,2022,7,8,8,0.06483491101201011,14.14141414141414
1652385600000,LONG,10.456810860561433,-2.948994930965239,10.806810860561445,True,DOT/USDT,2022-05-12 20:00:00,2022,8,9,9,0.10258615302815335,1.2626262626262625
1652385600000,LONG,6.668254625793982,-0.2865049899226584,7.018254625793982,False,QTUM/USDT,2022-05-12 20:00:00,2022,9,10,10,-0.0020049696400902548,77.02020202020202
1652385600000,LONG,10.13726392251816,-5.632806169494305,10.487263922518158,True,DOGE/USDT,2022-05-12 20:00:00,2022,10,11,11,0.047958090009465854,0.25252525252525254
1652385600000,LONG,9.157417889327482,-6.343046115863326,9.50741788932748,True,BNB/USDT,2022-05-12 20:00:00,2022,11,12,12,0.07472149849375374,2.272727272727273
1652385600000,LONG,5.346106572205354,-2.230895593083072,5.696106572205354,True,BTC/USDT,2022-05-12 20:00:00,2022,12,12,12,0.12620399350163225,2.0202020202020203
1652400000000,LONG,-1.4314398189483364,-2.146156784664256,11.182872189569474,True,ETH/USDT,2022-05-13 00:00:00,2022,13,13,13,0.07893878644462231,0.5050505050505051
1652400000000,LONG,-10.155930930930923,-1.3238792687791998,9.805930930930923,False,RAY/USDT,2022-05-13 00:00:00,2022,14,14,14,0.12788044661536593,77.27272727272727
1652400000000,LONG,11.416494542894023,-1.2536252831300785,11.766494542894025,False,EGLD/USDT,2022-05-13 00:00:00,2022,15,15,15,0.06599998509569181,26.01010101010101
1652414400000,LONG,-0.1629092609915807,-1.2432760253665232,11.211973807296536,True,FIL/USDT,2022-05-13 04:00:00,2022,4,16,16,-1.581033860605987e-05,2.770780856423174
1653206400000,SHORT,-10.152420800956367,-0.588327890389544,9.80242080095637,True,PEOPLE/USDT,2022-05-22 08:00:00,2022,1,1,1,0.1548097243015284,38.91509433962264
1653321600000,SHORT,10.020210911626272,-0.9051037647534568,10.370210911626272,True,NEO/USDT,2022-05-23 16:00:00,2022,1,1,1,0.11847710894088093,9.813084112149532
1653336000000,SHORT,-11.300749185667735,0.0137453585426621,10.950749185667735,True,SUSHI/USDT,2022-05-23 20:00:00,2022,2,2,2,-0.016559376360563142,13.053613053613052
1653537600000,SHORT,-2.3426650366748247,1.251888762628811,8.674682151589234,True,TRX/USDT,2022-05-26 04:00:00,2022,1,1,1,-0.314976629269128,53.21100917431193
1653998400000,SHORT,8.768800315706399,-0.4135274920157819,9.118800315706398,True,ADA/USDT,2022-05-31 12:00:00,2022,1,1,1,0.06560151294804492,63.27433628318584
1654012800000,SHORT,10.13142984014209,-0.1592563571937816,10.48142984014209,True,AAVE/USDT,2022-05-31 16:00:00,2022,2,2,2,-0.08318829868174019,35.61946902654867
1654027200000,SHORT,9.461206896551706,-0.3388607318236881,9.811206896551706,True,ADA/USDT,2022-05-31 20:00:00,2022,2,2,2,0.022936660640452102,63.13465783664459
1654027200000,SHORT,11.128241091736172,0.0861982337811248,11.478241091736171,False,CHR/USDT,2022-05-31 20:00:00,2022,3,3,3,-0.17202053337237247,41.05960264900662
1655020800000,LONG,-10.998103792415163,-0.7022831509166709,10.648103792415164,True,CELO/USDT,2022-06-12 08:00:00,2022,1,1,1,0.008314967934459282,4.517453798767967
1655035200000,LONG,-9.00200394218133,-0.3931619487391095,8.65200394218133,True,FIL/USDT,2022-06-12 12:00:00,2022,2,2,2,-0.07887302477187055,1.0245901639344261
1655035200000,LONG,-9.059787713695288,0.4372736913020287,8.709787713695288,False,ENJ/USDT,2022-06-12 12:00:00,2022,3,3,3,0.013509783816721658,3.0737704918032787
1655035200000,LONG,-9.161853943652712,0.181256686152527,8.811853943652713,False,IOST/USDT,2022-06-12 12:00:00,2022,4,4,4,0.028604329075439233,3.278688524590164
1655035200000,LONG,-9.196766843207284,-0.3922105947366913,8.846766843207284,False,ZEN/USDT,2022-06-12 12:00:00,2022,5,5,5,0.07183261915900138,5.942622950819672
1655035200000,LONG,-9.88487273681448,0.198616737775146,9.53487273681448,True,ATOM/USDT,2022-06-12 12:00:00,2022,6,6,6,0.05848999024286004,18.647540983606557
1655035200000,LONG,-5.97533623671066,,5.62533623671066,True,TRX/USDT,2022-06-12 12:00:00,2022,7,7,7,-0.14818209766132956,3.483606557377049
1655035200000,LONG,-6.94843462982189,1.1668387010699175,6.598434629821891,True,XLM/USDT,2022-06-12 12:00:00,2022,8,8,8,0.10684269981904064,13.114754098360656
1655035200000,LONG,-7.341379849812267,-2.0890529790703423,6.991379849812267,False,YFI/USDT,2022-06-12 12:00:00,2022,9,9,9,0.009305230774636068,1.8442622950819672
1655035200000,LONG,-7.644911171333935,-0.423608098662818,7.294911171333935,False,QTUM/USDT,2022-06-12 12:00:00,2022,10,10,10,0.08163954421327843,28.893442622950822
1655035200000,LONG,-7.932587377420177,3.06001854516102,7.582587377420177,True,ZEC/USDT,2022-06-12 12:00:00,2022,11,11,11,-0.04788783306266717,13.114754098360656
1655035200000,LONG,-10.577301927194874,-0.7264024572481834,10.227301927194874,True,CRV/USDT,2022-06-12 12:00:00,2022,12,12,12,0.04239608444407432,29.303278688524593
1655035200000,LONG,-7.462004248595271,-1.208417601127674,7.112004248595271,True,ETH/USDT,2022-06-12 12:00:00,2022,13,13,13,0.06623203966007696,8.19672131147541
1655035200000,LONG,-6.408844765342961,-0.7115270676413654,6.058844765342961,True,XRP/USDT,2022-06-12 12:00:00,2022,14,14,14,0.06936452500333606,7.786885245901639
1655035200000,LONG,-10.372809917355369,-0.1510312128799823,10.022809917355367,True,SUSHI/USDT,2022-06-12 12:00:00,2022,15,15,15,0.02076938230672765,7.377049180327869
1655035200000,LONG,-10.384942170818508,-0.5680533027571144,10.034942170818509,True,COMP/USDT,2022-06-12 12:00:00,2022,16,16,16,0.0900427689184505,2.2540983606557377
1655035200000,LONG,-10.577128523650275,0.3421487767431434,10.227128523650276,True,CHZ/USDT,2022-06-12 12:00:00,2022,17,17,17,-0.004088652364766027,14.754098360655737
1655035200000,LONG,-8.331360144600087,0.4546372919289033,7.981360144600087,True,UNI/USDT,2022-06-12 12:00:00,2022,18,18,18,0.04131822864600853,4.098360655737705
1655035200000,LONG,-8.026905829596423,1.0987287216878006,7.676905829596422,False,DASH/USDT,2022-06-12 12:00:00,2022,19,19,19,0.13067682234047107,2.8688524590163933
1655035200000,LONG,-7.954029304029319,1.5449526913895812,7.60402930402932,False,IOTA/USDT,2022-06-12 12:00:00,2022,20,20,20,0.05114163702978029,33.19672131147541
1655035200000,LONG,-10.660980622431008,-2.788689573555354,10.310980622431009,False,SFP/USDT,2022-06-12 12:00:00,2022,21,21,21,0.1927207489679467,14.139344262295081
1655035200000,LONG,-11.3519746835443,1.8214618227090595,11.0019746835443,False,CHR/USDT,2022-06-12 12:00:00,2022,22,22,22,-0.10492972117727335,9.221311475409836
1655035200000,LONG,-8.460968260345528,-0.6847289298741237,8.110968260345528,False,ONT/USDT,2022-06-12 12:00:00,2022,23,23,23,-0.029338893343727086,2.2540983606557377
1655035200000,LONG,-8.517699680511187,1.18884102154847,8.167699680511188,False,ANKR/USDT,2022-06-12 12:00:00,2022,24,24,24,0.0018063100000468683,17.418032786885245
1655035200000,LONG,-8.873945829486013,0.2249737156002545,8.523945829486014,False,ZRX/USDT,2022-06-12 12:00:00,2022,25,25,25,0.0086298388474255,22.131147540983605
1655035200000,LONG,-11.765372046254395,0.7868078820740212,11.415372046254395,False,RLC/USDT,2022-06-12 12:00:00,2022,26,26,26,0.0010433883849568903,4.098360655737705
1655035200000,LONG,-11.379857621440534,1.1920345402395789,11.029857621440534,False,RVN/USDT,2022-06-12 12:00:00,2022,27,27,27,-0.009260685392298382,2.8688524590163933
1655035200000,LONG,-11.787458405957848,0.7822352590308554,11.437458405957848,True,GALA/USDT,2022-06-12 12:00:00,2022,28,28,28,-0.10838991627588773,1.4344262295081966
1655049600000,LONG,-10.030858204482804,3.531939489166774,9.680858204482805,True,MANA/USDT,2022-06-12 16:00:00,2022,28,29,29,0.025957146386443582,11.475409836065573
1655136000000,LONG,-11.076858145143609,0.3284775129651862,10.72685814514361,False,ENJ/USDT,2022-06-13 16:00:00,2022,1,1,2,0.1086290961205057,6.109979633401222
1655136000000,LONG,-9.431527969237465,0.4149024517012498,9.081527969237465,False,IOST/USDT,2022-06-13 16:00:00,2022,2,2,3,0.11375038339805714,2.8513238289205702
1655136000000,LONG,9.63140596035934,2.2552007053013305,9.98140596035934,True,DOT/USDT,2022-06-13 16:00:00,2022,3,3,4,0.06541529494435008,0.20366598778004072
1655150400000,LONG,10.265975454930183,-0.0158345439165353,10.615975454930185,True,CHZ/USDT,2022-06-13 20:00:00,2022,4,4,4,0.08568927740343361,7.113821138211382
1655150400000,LONG,-10.310964658169173,0.8100952385644099,9.960964658169171,False,RLC/USDT,2022-06-13 20:00:00,2022,5,5,5,0.0767247078784596,4.471544715447155
1655150400000,LONG,11.141024330402784,-0.3339178675210323,11.491024330402784,False,ROSE/USDT,2022-06-13 20:00:00,2022,6,6,6,0.10430257821389734,10.772357723577237
1655164800000,LONG,-8.078592162554425,-1.061656456212866,11.5867924528302,False,ONE/USDT,2022-06-14 00:00:00,2022,4,7,7,0.1834249845016351,22.5609756097561
1655164800000,LONG,7.897636686916567,-0.5709680283126141,8.247636686916566,False,IOST/USDT,2022-06-14 00:00:00,2022,5,7,7,0.12662770053577066,11.991869918699187
1655164800000,LONG,-10.5319646799117,0.2243508666069904,10.1819646799117,False,ENJ/USDT,2022-06-14 00:00:00,2022,6,7,7,0.12943654354864673,18.69918699186992
1655164800000,LONG,-10.090942360475749,0.2022324442639946,9.74094236047575,True,ATOM/USDT,2022-06-14 00:00:00,2022,7,8,8,0.15434847760731213,2.4390243902439024
1655164800000,LONG,9.58418001104362,0.3766187230932705,9.93418001104362,True,DOT/USDT,2022-06-14 00:00:00,2022,8,8,8,0.0719501710059056,0.6097560975609756
1655164800000,LONG,11.116934942991286,-3.274599869760305,11.466934942991283,False,SFP/USDT,2022-06-14 00:00:00,2022,9,9,9,0.2320637353147929,23.983739837398375
1655164800000,LONG,-11.980872876391334,0.9917731132727672,11.630872876391336,False,CHR/USDT,2022-06-14 00:00:00,2022,10,10,10,-0.03817595757862449,25.406504065040654
1655164800000,LONG,-11.629548054919896,-1.832492358390928,11.279548054919896,True,NEAR/USDT,2022-06-14 00:00:00,2022,11,11,11,0.11297268251120059,1.4227642276422763
1655179200000,LONG,-11.17568563845474,-0.8287076445431989,10.82568563845474,True,HBAR/USDT,2022-06-14 04:00:00,2022,9,12,12,0.10242127693494611,19.066937119675455
1655179200000,LONG,-10.8305816634155,-0.6950550673557061,11.792285866288362,True,FIL/USDT,2022-06-14 04:00:00,2022,10,13,13,0.10948366175495539,8.519269776876268
1655179200000,LONG,11.346790503407355,-0.7897650231488511,11.696790503407357,True,LTC/USDT,2022-06-14 04:00:00,2022,11,14,14,0.17847115098229954,1.0141987829614605
1655179200000,LONG,11.128381700238986,-0.9236801911163934,11.478381700238986,False,ZEN/USDT,2022-06-14 04:00:00,2022,12,15,15,0.18100424920524646,14.401622718052739
1655179200000,LONG,-6.531330951317549,0.8795252697985634,10.942384993300566,True,XLM/USDT,2022-06-14 04:00:00,2022,13,16,16,0.12046293096725698,46.45030425963489
1655179200000,LONG,8.214153894275869,-1.7704378713171725,8.564153894275869,True,XRP/USDT,2022-06-14 04:00:00,2022,14,17,17,0.1307643427163671,3.0425963488843815
1655179200000,LONG,-9.54673973896918,-1.4210802523485957,9.19673973896918,True,BTC/USDT,2022-06-14 04:00:00,2022,15,18,18,0.224043592537354,36.91683569979716
1655179200000,LONG,-6.6023540489642185,0.898678458301148,10.626741996233529,False,IOTA/USDT,2022-06-14 04:00:00,2022,16,19,19,0.11488497815815868,16.63286004056795
1655179200000,LONG,-11.914360012186108,-0.8918447553066269,11.564360012186109,True,BNB/USDT,2022-06-14 04:00:00,2022,17,20,20,0.2171369606349872,44.42190669371197
1655179200000,LONG,-11.861701642335774,0.7490665461799465,11.511701642335774,False,DASH/USDT,2022-06-14 04:00:00,2022,18,21,21,0.20727162995786805,38.94523326572008
1655193600000,LONG,-8.122062947958863,0.1072532395609224,7.772062947958863,True,ATOM/USDT,2022-06-14 08:00:00,2022,11,21,21,0.167090090737397,21.703853955375255
1655193600000,LONG,6.643586662661448,-1.193318805756811,6.993586662661447,False,IOST/USDT,2022-06-14 08:00:00,2022,12,21,21,0.11783429348619513,22.718052738336713
1655193600000,LONG,-10.292166344293996,-1.6334978515433114,9.942166344293996,True,FLOW/USDT,2022-06-14 08:00:00,2022,13,22,22,0.11110252325211503,7.4866310160427805
1655193600000,LONG,-9.353416538836989,-0.226163501678209,9.003416538836987,True,ETC/USDT,2022-06-14 08:00:00,2022,14,23,23,0.13770478820567772,1.6227180527383367
1655193600000,LONG,-10.358298052497885,-0.6452354690550061,10.008298052497883,True,AAVE/USDT,2022-06-14 08:00:00,2022,15,24,24,0.10199888646330049,0.2028397565922921
1655193600000,LONG,-10.421351642434033,-1.1717801970494817,10.071351642434031,True,RUNE/USDT,2022-06-14 08:00:00,2022,16,25,25,0.16271125407148657,13.184584178498987
1655193600000,LONG,7.888769906644704,0.3207135050561434,8.238769906644704,True,UNI/USDT,2022-06-14 08:00:00,2022,17,26,26,0.10413767898564669,6.288032454361055
1655193600000,LONG,10.528868672311296,-2.9869967385568907,10.878868672311295,True,DOGE/USDT,2022-06-14 08:00:00,2022,18,27,27,0.10486367960801361,14.198782961460447
1655193600000,LONG,-9.251312259965427,-1.8891720640668568,8.901312259965428,True,ETH/USDT,2022-06-14 08:00:00,2022,19,28,28,0.1311073724091052,18.45841784989858
1655193600000,LONG,-8.854949095022624,-1.5652216130573762,8.504949095022624,True,APE/USDT,2022-06-14 08:00:00,2022,20,29,29,0.1849957126699721,24.43609022556391
1655208000000,LONG,-10.921881876595371,,10.571881876595372,True,BNB/USDT,2022-06-14 12:00:00,2022,11,26,29,0.14646778181112838,51.417004048582996
1655208000000,LONG,-8.783390965306138,-1.3831144291563569,8.433390965306138,True,BTC/USDT,2022-06-14 12:00:00,2022,12,26,29,0.13927239085245502,3.643724696356275
1655222400000,LONG,-5.037008905185959,-0.6334263562512735,4.68700890518596,True,RUNE/USDT,2022-06-14 16:00:00,2022,3,20,29,0.10225529123672437,46.963562753036435
1655222400000,LONG,-6.4627382246301615,-1.4743730813196012,6.112738224630162,True,ETH/USDT,2022-06-14 16:00:00,2022,4,20,29,-0.003237954467580774,17.00404858299595
1655236800000,LONG,-5.443787142085366,-5.590113223701945,5.093787142085366,True,DOGE/USDT,2022-06-14 20:00:00,2022,3,12,29,0.02512126597292259,54.34343434343434
1655236800000,LONG,-5.333708791208793,-0.2241206706097404,4.983708791208794,True,ETC/USDT,2022-06-14 20:00:00,2022,4,12,29,0.04297885493873681,7.474747474747474
1655236800000,LONG,-4.53999013364427,,4.189990133644271,True,BNB/USDT,2022-06-14 20:00:00,2022,5,12,29,0.07422220298229043,51.31313131313131
1655625600000,LONG,4.445940138376658,-2.300321905977032,10.896296747843593,True,BTC/USDT,2022-06-19 08:00:00,2022,1,1,1,-0.03620543930317372,39.0
1655841600000,SHORT,7.322526551145873,2.900203601673359,7.672526551145872,False,STORJ/USDT,2022-06-21 20:00:00,2022,1,1,1,0.08994837817551894,1.7999999999999998
1655884800000,SHORT,1.219713758079414,1.4193151287243628,11.907510003077851,False,WAVES/USDT,2022-06-22 08:00:00,2022,1,2,2,0.0431604710305034,88.6
1656072000000,SHORT,5.214784053156149,-3.125155039422886,7.464285714285703,True,XRP/USDT,2022-06-24 12:00:00,2022,1,1,1,0.08640378995045479,56.00000000000001
1656100800000,SHORT,-12.148411910669966,,11.798411910669966,False,ARPA/USDT,2022-06-24 20:00:00,2022,1,2,2,0.13047995294722267,2.8000000000000003
1656100800000,SHORT,5.47360959651035,-3.106237209235004,5.82360959651035,True,XRP/USDT,2022-06-24 20:00:00,2022,2,2,2,0.08214445296577556,56.00000000000001
1656129600000,SHORT,-5.928947368421043,,5.578947368421043,False,ARPA/USDT,2022-06-25 04:00:00,2022,1,2,2,0.13206092341201361,38.4
1656144000000,SHORT,11.341452991452972,-0.001812352173825,11.691452991452971,False,YFI/USDT,2022-06-25 08:00:00,2022,2,3,3,0.15326590152169844,29.2
1656158400000,SHORT,9.739640539191212,-2.352612303203536,10.089640539191212,True,NEAR/USDT,2022-06-25 12:00:00,2022,2,3,4,0.04501178219968506,28.599999999999998
1656158400000,SHORT,-6.843101367658872,-1.1250280040259333,6.4931013676588725,False,DASH/USDT,2022-06-25 12:00:00,2022,3,4,5,0.041866833596707016,30.0
1656158400000,SHORT,-10.5350388553998,,10.1850388553998,False,DUSK/USDT,2022-06-25 12:00:00,2022,4,5,6,-0.09243234628715288,42.199999999999996
1656172800000,SHORT,-8.926169198689294,-0.0018044948440877,8.576169198689295,False,YFI/USDT,2022-06-25 16:00:00,2022,4,5,6,0.1593196545219719,29.799999999999997
1656187200000,SHORT,5.336526012946498,-2.364083476905608,5.686526012946498,True,NEAR/USDT,2022-06-25 20:00:00,2022,2,4,6,0.051606713052049065,64.4
1656201600000,SHORT,7.498049490538562,1.916403262973351,7.848049490538561,False,YFI/USDT,2022-06-26 00:00:00,2022,2,4,5,0.16077911154449,48.8
1656216000000,SHORT,4.679987908101565,-2.362539167255925,5.029987908101565,True,NEAR/USDT,2022-06-26 04:00:00,2022,2,2,5,0.057110829336269625,20.0
1656259200000,SHORT,9.386171938361702,-1.2263241538790568,9.736171938361702,True,SAND/USDT,2022-06-26 16:00:00,2022,1,2,3,-0.05466682822656573,68.60000000000001
1656273600000,SHORT,9.296811451135234,0.8674278307269885,9.646811451135234,True,COMP/USDT,2022-06-26 20:00:00,2022,2,2,4,0.14701590046086802,2.6
1656273600000,SHORT,-10.4664601207499,-2.024937888226323,10.1164601207499,False,ZRX/USDT,2022-06-26 20:00:00,2022,3,3,5,0.018673079528567147,18.6
1656288000000,SHORT,9.678509451502944,0.8882961320265907,10.028509451502943,True,GMT/USDT,2022-06-27 00:00:00,2022,3,4,6,0.16506356807401587,61.34185303514377
1656331200000,SHORT,9.851338538761834,-1.2874111175618852,10.201338538761831,True,DOGE/USDT,2022-06-27 12:00:00,2022,1,2,5,0.12561670098487732,12.8
1656403200000,SHORT,8.116921119592856,-0.6750044565771082,8.466921119592856,True,CHZ/USDT,2022-06-28 08:00:00,2022,1,1,2,0.004660390509446911,52.6
1656604800000,LONG,-0.9330009205277732,-3.0655185523206985,6.571402270635163,True,XRP/USDT,2022-06-30 16:00:00,2022,1,1,1,0.0693201218306299,12.4
1656619200000,LONG,1.1713190453484503,-1.8166516837494064,7.108133611062306,True,BTC/USDT,2022-06-30 20:00:00,2022,2,2,2,-0.062183115739135826,1.4000000000000001
1656619200000,LONG,2.4781363306744,-1.7734735453474753,9.879586656997828,False,ANKR/USDT,2022-06-30 20:00:00,2022,3,3,3,0.014938981563237788,30.8
1656619200000,LONG,3.367472118959111,1.2204643500378485,7.342007434944244,False,IOTA/USDT,2022-06-30 20:00:00,2022,4,4,4,-0.0655841872161927,19.0
1657008000000,SHORT,-10.4127514953779,-0.9266539832477758,10.0627514953779,True,DYDX/USDT,2022-07-05 08:00:00,2022,1,1,1,0.023733764843961967,0.4
1657036800000,SHORT,-9.345907377490557,-0.9242915617799188,8.995907377490555,True,DYDX/USDT,2022-07-05 16:00:00,2022,1,1,1,0.02547097061079495,2.1999999999999997
1657065600000,SHORT,-8.139935064935043,-0.9253332219304552,7.789935064935043,True,DYDX/USDT,2022-07-06 00:00:00,2022,1,1,1,0.015924728707641143,11.4
1657267200000,SHORT,-7.847670083876961,0.310622885929044,7.497670083876962,True,JASMY/USDT,2022-07-08 08:00:00,2022,1,1,1,-0.10956059570860441,15.833333333333332
1657267200000,SHORT,-9.96109671848014,-2.5411804526777635,9.61109671848014,True,AAVE/USDT,2022-07-08 08:00:00,2022,2,2,2,-0.027097317403509957,46.6
1657267200000,SHORT,-6.160989010988996,-1.6081061685618885,5.810989010988997,False,RAY/USDT,2022-07-08 08:00:00,2022,3,3,3,0.0024596073202572486,68.60000000000001
1657267200000,SHORT,5.368438050499093,-1.872623408398776,5.718438050499093,True,XRP/USDT,2022-07-08 08:00:00,2022,4,4,4,0.004995630237312366,25.0
1657310400000,SHORT,9.976836959949528,-2.023828141736874,10.326836959949528,False,ZRX/USDT,2022-07-08 20:00:00,2022,1,5,5,-0.04815640212950537,50.8
1657310400000,SHORT,-4.389192962859519,-2.526307369630868,4.039192962859519,True,AAVE/USDT,2022-07-08 20:00:00,2022,2,5,5,-0.022341147956248912,46.0
1657411200000,SHORT,5.964650068316367,-0.9044802400949544,6.314650068316366,True,HBAR/USDT,2022-07-10 00:00:00,2022,1,1,1,-0.029395467371760284,36.6
1657411200000,SHORT,6.8320632870519695,0.3508215084105009,7.182063287051969,True,UNI/USDT,2022-07-10 00:00:00,2022,2,2,2,-0.1511158503993985,6.800000000000001
1657440000000,SHORT,5.944088273195857,0.3519604294051675,6.2940882731958565,True,UNI/USDT,2022-07-10 08:00:00,2022,1,2,2,-0.15307855838872544,15.6
1657454400000,SHORT,11.243235425011123,-0.4966296591089746,11.593235425011123,False,ONE/USDT,2022-07-10 12:00:00,2022,2,3,3,-0.08985213665008616,69.39999999999999
1657454400000,SHORT,8.450673267326717,-1.3561873827160276,8.800673267326717,True,AAVE/USDT,2022-07-10 12:00:00,2022,3,4,4,-0.041333180032783655,19.400000000000002
1657483200000,SHORT,7.098229493500666,-0.4964948982739056,7.448229493500666,False,ONE/USDT,2022-07-10 20:00:00,2022,1,3,4,-0.08301096838977148,69.19999999999999
1657627200000,LONG,-6.620059880239528,2.3401854577483845,6.270059880239528,False,BAT/USDT,2022-07-12 12:00:00,2022,1,1,1,0.027484487937639406,38.800000000000004
1658016000000,SHORT,7.03758029978585,1.8378591495351573,7.387580299785849,False,RAY/USDT,2022-07-17 00:00:00,2022,1,1,1,0.11467532575608058,32.6
1658088000000,SHORT,-7.788233766233767,4.438253331121741,7.438233766233767,True,ETC/USDT,2022-07-17 20:00:00,2022,1,1,2,0.24437840856655177,7.3999999999999995
1658160000000,SHORT,8.158059516428999,3.0673137957175745,8.508059516428998,True,AR/USDT,2022-07-18 16:00:00,2022,1,1,2,0.1561928055837922,37.2
1658160000000,SHORT,-6.445111111111106,-0.673934771675547,6.095111111111106,True,ADA/USDT,2022-07-18 16:00:00,2022,2,2,3,0.06703796223861284,70.39999999999999
1658160000000,SHORT,4.41603119584055,-0.5815969827893944,11.370808058925467,False,LPT/USDT,2022-07-18 16:00:00,2022,3,3,4,-0.005253959185908383,45.4
1658160000000,SHORT,-11.547929569987591,-0.4198928081943431,11.197929569987592,True,APE/USDT,2022-07-18 16:00:00,2022,4,4,5,0.07501136142487208,71.00271002710026
1658160000000,SHORT,-8.220165745856338,1.1522511264188338,7.870165745856338,True,GRT/USDT,2022-07-18 16:00:00,2022,5,5,6,-0.03867615836045403,42.199999999999996
1658160000000,SHORT,-9.034348599377497,2.1675237253404056,8.684348599377497,True,AVAX/USDT,2022-07-18 16:00:00,2022,6,6,7,0.12877278783210544,66.0
1658160000000,SHORT,-7.540491355777956,4.971090501526112,7.190491355777956,True,ETC/USDT,2022-07-18 16:00:00,2022,7,7,7,0.2018381106907034,0.0
1658160000000,SHORT,-7.659840055632818,-0.0839511038730738,7.309840055632819,True,FIL/USDT,2022-07-18 16:00:00,2022,8,8,8,-0.11603372533334146,53.0
1658160000000,SHORT,-10.576292466765135,-0.1685181536600697,10.226292466765138,False,RVN/USDT,2022-07-18 16:00:00,2022,9,9,9,-0.024052185969411048,14.799999999999999
1658188800000,SHORT,-7.278942727188316,2.178721580000064,6.928942727188316,True,GRT/USDT,2022-07-19 00:00:00,2022,1,9,9,-0.11369258833717277,42.0
1658188800000,SHORT,-5.911225346202265,0.5429484027801288,5.561225346202265,True,ADA/USDT,2022-07-19 00:00:00,2022,2,9,9,-0.03617761218835639,70.19999999999999
1658188800000,SHORT,-7.608737610850279,1.55925372911061,7.25873761085028,True,APE/USDT,2022-07-19 00:00:00,2022,3,9,9,0.007058528304849808,70.8108108108108
1658188800000,SHORT,-6.286081330868747,0.3050535622036897,5.936081330868747,False,RVN/USDT,2022-07-19 00:00:00,2022,4,9,9,-0.05784352743067633,38.6
1658203200000,SHORT,-9.260576426499988,3.590468423775768,8.910576426499988,True,ETH/USDT,2022-07-19 04:00:00,2022,5,10,10,0.017999908777733657,66.4
1658203200000,SHORT,11.351351351351338,4.860703338148399,11.701351351351338,True,ETC/USDT,2022-07-19 04:00:00,2022,6,10,10,0.02956050817082721,9.2
1658203200000,SHORT,-9.141656441717773,,8.791656441717773,True,ENS/USDT,2022-07-19 04:00:00,2022,7,11,11,0.06487184039348595,38.6
1658203200000,SHORT,-7.21006884681584,2.7548705942063005,6.860068846815841,True,AVAX/USDT,2022-07-19 04:00:00,2022,8,11,11,0.018927703125265323,65.8
1658217600000,SHORT,-5.344601981551064,1.5738431566127435,4.994601981551065,True,APE/USDT,2022-07-19 08:00:00,2022,5,8,11,-0.012293163345329785,70.61994609164421
1658217600000,SHORT,-5.135557184750724,1.0963065595469998,4.785557184750725,False,RVN/USDT,2022-07-19 08:00:00,2022,6,8,11,-0.05584265522265277,38.6
1658232000000,SHORT,-4.5210043588812,,4.1710043588812,True,ENS/USDT,2022-07-19 12:00:00,2022,3,8,11,0.06523598914907756,46.2
1658232000000,SHORT,-7.206006963842569,3.89912103499783,6.856006963842569,True,ETH/USDT,2022-07-19 12:00:00,2022,4,8,11,0.015277033442500131,66.2
1658232000000,SHORT,10.887126459528975,6.001977289502326,11.237126459528977,True,ETC/USDT,2022-07-19 12:00:00,2022,5,8,11,0.025737260340727895,24.8
1658246400000,SHORT,-7.166430161380061,1.6782450908381648,6.816430161380062,True,OP/USDT,2022-07-19 16:00:00,2022,4,7,12,-0.16014306264654077,61.37931034482759
1658260800000,SHORT,6.509897671835934,6.011995708138874,6.859897671835934,True,ETC/USDT,2022-07-19 20:00:00,2022,2,6,9,0.025910744703104685,16.0
1658289600000,SHORT,8.078368248308267,6.265332033697407,8.428368248308267,True,ETC/USDT,2022-07-20 04:00:00,2022,1,2,7,0.01777846981569037,10.0
1658289600000,SHORT,6.388175675675668,,6.738175675675667,True,SOL/USDT,2022-07-20 04:00:00,2022,2,3,8,-0.06780722287790195,67.60000000000001
1658304000000,SHORT,8.11908805031445,2.921247420558899,8.469088050314449,False,ANKR/USDT,2022-07-20 08:00:00,2022,3,3,8,-0.10625713516081836,53.800000000000004
1658318400000,SHORT,8.193134252169472,3.778624178741258,8.543134252169471,True,FLOW/USDT,2022-07-20 12:00:00,2022,2,4,7,-0.09538294628896626,57.7639751552795
1658318400000,SHORT,9.507121588089325,,9.857121588089324,False,WAVES/USDT,2022-07-20 12:00:00,2022,3,5,8,-0.08590887734880727,96.2
1658332800000,SHORT,4.136007593868672,1.896826027329547,8.579580930952025,True,DOGE/USDT,2022-07-20 16:00:00,2022,3,6,7,-0.12246628149214,53.6
1658332800000,SHORT,-2.646120348376892,0.5516007850864549,8.896575613618364,True,ADA/USDT,2022-07-20 16:00:00,2022,4,7,8,-0.05076870581179867,69.39999999999999
1658332800000,SHORT,5.569275738876251,1.430423981148186,5.919275738876251,False,ENJ/USDT,2022-07-20 16:00:00,2022,5,8,9,-0.033976222827737594,44.2
1658332800000,SHORT,4.7074197045670125,1.427741600450469,5.057419704567012,True,HBAR/USDT,2022-07-20 16:00:00,2022,6,9,10,-0.11599993019287577,34.2
1658332800000,SHORT,5.346413151776818,1.7831171126824945,5.6964131517768175,False,IOTA/USDT,2022-07-20 16:00:00,2022,7,10,11,-0.06619100790632795,47.199999999999996
1658332800000,SHORT,7.452547770700637,0.7686324170406711,10.202229299363044,False,ONE/USDT,2022-07-20 16:00:00,2022,8,11,12,-0.10178927394452716,65.8
1658332800000,SHORT,7.473310701584217,2.922823706702579,7.823310701584217,False,ANKR/USDT,2022-07-20 16:00:00,2022,9,11,12,-0.09664094138488051,53.800000000000004
1658332800000,SHORT,4.8248947569843015,0.2977740333169562,5.174894756984301,True,VET/USDT,2022-07-20 16:00:00,2022,10,12,13,-0.11574408938438971,41.0
1658347200000,SHORT,1.4232401934443804,3.850884062145925,8.438259000537343,True,FLOW/USDT,2022-07-20 20:00:00,2022,9,10,12,-0.08756552647021963,57.64462809917356
1658347200000,SHORT,3.519653767820782,1.034074173671686,8.961344195519326,False,ALICE/USDT,2022-07-20 20:00:00,2022,10,11,13,-0.06190743768553026,48.4
1658491200000,SHORT,-8.23160607271273,1.5934824177713562,7.88160607271273,True,ENS/USDT,2022-07-22 12:00:00,2022,1,1,1,0.06379346771812401,46.2
1659096000000,SHORT,9.300177267987468,2.2125473109210545,9.650177267987468,False,QTUM/USDT,2022-07-29 12:00:00,2022,1,1,1,-0.07416442936896754,9.8
1659096000000,SHORT,-9.019783105022825,0.4642223372516743,8.669783105022825,False,CTK/USDT,2022-07-29 12:00:00,2022,2,2,2,-0.012252141055114586,46.0
1659110400000,SHORT,5.835300207039346,,11.5396221532091,False,RVN/USDT,2022-07-29 16:00:00,2022,3,3,3,0.02196180605258869,37.4
1659110400000,SHORT,-7.9918979907264145,2.352796525635404,7.641897990726415,True,OP/USDT,2022-07-29 16:00:00,2022,4,4,4,-0.019931338980046155,60.57142857142858
1659139200000,SHORT,6.697612847222213,2.241457621161259,7.047612847222212,False,QTUM/USDT,2022-07-30 00:00:00,2022,1,4,4,-0.07019712269679869,17.2
1659211200000,SHORT,9.02057931963623,-1.4145873118107006,9.37057931963623,True,IMX/USDT,2022-07-30 20:00:00,2022,1,1,2,-0.07543977480930647,44.0
1659225600000,SHORT,11.012564892212904,,11.362564892212903,False,WOO/USDT,2022-07-31 00:00:00,2022,2,2,3,0.12845960124114614,57.7259475218659
1659254400000,SHORT,6.333710895361365,2.952795841448313,6.683710895361364,False,YFI/USDT,2022-07-31 08:00:00,2022,1,3,3,-0.12435491186298339,61.0
1659268800000,SHORT,-8.389653986041466,1.8552394935861327,8.039653986041467,False,CTK/USDT,2022-07-31 12:00:00,2022,2,3,4,0.20529653738286305,45.4
1659283200000,SHORT,6.668126603934971,2.955221332792398,7.018126603934971,False,YFI/USDT,2022-07-31 16:00:00,2022,2,2,4,-0.13155143643509837,44.4
1659297600000,SHORT,4.473576053918331,-0.9035512122438192,8.0276199286375,True,HBAR/USDT,2022-07-31 20:00:00,2022,2,3,5,-0.015851496145089704,32.4
1659369600000,SHORT,-11.41278538812784,-1.2599152289050402,11.06278538812784,True,PEOPLE/USDT,2022-08-01 16:00:00,2022,1,1,3,0.054248504201458055,47.8
1659513600000,SHORT,4.032025677603411,1.5731654628503773,4.38202567760341,False,CTK/USDT,2022-08-03 08:00:00,2022,1,1,1,0.14581881231897695,37.2
1659974400000,SHORT,-2.344401679496152,2.8960050351124607,8.406822953114068,True,AVAX/USDT,2022-08-08 16:00:00,2022,1,1,1,-0.10258109562966039,27.800000000000004
1659974400000,SHORT,-10.081820559769794,0.480109783540934,9.731820559769794,False,RSR/USDT,2022-08-08 16:00:00,2022,2,2,2,-0.06767868357694347,37.2
1659988800000,SHORT,6.475709451664976,-0.4341268878748228,6.825709451664976,True,XLM/USDT,2022-08-08 20:00:00,2022,3,3,3,-0.008411338551765676,28.4
1660017600000,SHORT,-0.2088013806087123,-1.5035075622852183,8.962558832758052,True,XLM/USDT,2022-08-09 04:00:00,2022,1,3,3,-0.019398811827737877,51.6
1660017600000,SHORT,-0.6066058672584655,1.361943196346724,6.567445731326699,True,GRT/USDT,2022-08-09 04:00:00,2022,2,4,4,0.12830969927093805,36.6
1660032000000,SHORT,-3.625671696724317,0.2361186415301533,7.97846889952151,False,DASH/USDT,2022-08-09 08:00:00,2022,3,3,5,-0.030546134595187614,41.6
1660046400000,SHORT,-8.853121295930436,-0.3170477432245003,8.503121295930436,True,ZEC/USDT,2022-08-09 12:00:00,2022,2,4,6,-0.05231850659193397,40.8
1660089600000,SHORT,-7.8199551569506704,-0.3159768968515447,7.469955156950671,True,ZEC/USDT,2022-08-10 00:00:00,2022,1,1,4,-0.08513493850908571,40.6
1660089600000,SHORT,-10.875196545946624,0.4790173787936044,10.525196545946624,False,RSR/USDT,2022-08-10 00:00:00,2022,2,2,5,-0.09728834682092316,50.4
1660320000000,SHORT,5.774405868981188,,6.124405868981188,False,ANKR/USDT,2022-08-12 16:00:00,2022,1,1,1,-0.0037766038012159997,0.4
1660363200000,SHORT,6.368346253229981,3.3198314504314235,10.893701550387568,False,ONE/USDT,2022-08-13 04:00:00,2022,1,2,2,-0.11660749153835462,61.8
1660392000000,SHORT,7.392756183745551,3.321606874390678,7.742756183745551,False,ONE/USDT,2022-08-13 12:00:00,2022,1,1,2,-0.09345845793324566,61.6
1660478400000,SHORT,-7.860522476008758,,7.5105224760087586,True,CHZ/USDT,2022-08-14 12:00:00,2022,1,1,2,-0.12283813226070199,42.6
1660507200000,SHORT,-6.115472312703571,0.1783132697301188,5.765472312703571,True,CHZ/USDT,2022-08-14 20:00:00,2022,1,1,1,-0.1255407026008817,42.4
1660536000000,SHORT,-12.134732824427475,-0.930590840448426,11.784732824427476,True,DOGE/USDT,2022-08-15 04:00:00,2022,1,2,2,-0.11243520246628876,46.800000000000004
1660536000000,SHORT,-6.891869781087765,0.1786375905723984,6.541869781087765,True,CHZ/USDT,2022-08-15 04:00:00,2022,2,2,2,-0.12744694860592345,42.4
1660694400000,SHORT,-7.775567456028294,0.4425593316462843,7.425567456028294,True,CHZ/USDT,2022-08-17 00:00:00,2022,1,1,1,-0.1451289347007545,42.199999999999996
1660953600000,LONG,8.650108401084012,0.5940175180675902,9.000108401084011,False,RLC/USDT,2022-08-20 00:00:00,2022,1,1,1,0.2287870771078288,36.8
1660968000000,LONG,-3.39367004852228,1.192865589947712,6.398397294515506,True,HBAR/USDT,2022-08-20 04:00:00,2022,2,2,2,0.04449249047059176,12.2
1660968000000,LONG,-5.791068139963175,-0.0413020873649516,5.441068139963176,True,CRV/USDT,2022-08-20 04:00:00,2022,3,3,3,-0.009288734432846335,44.800000000000004
1660968000000,LONG,-2.655159165751923,-0.4107060842195278,6.647530186608126,True,CELO/USDT,2022-08-20 04:00:00,2022,4,4,4,-0.07336208738804557,4.0
1661068800000,LONG,4.768095706728998,1.2754357283784017,6.7487956698240845,True,ETH/USDT,2022-08-21 08:00:00,2022,1,1,1,-0.045769990980014004,26.400000000000002
1661774400000,LONG,2.382527588018915,-0.7952540415879448,8.525380977404097,True,AVAX/USDT,2022-08-29 12:00:00,2022,1,1,1,0.05391514045367437,4.2
1662249600000,SHORT,5.286562073669831,-1.0798953907883126,5.636562073669831,True,AXS/USDT,2022-09-04 00:00:00,2022,1,1,1,0.062967973080812,96.8
1662768000000,SHORT,10.825010557432416,-0.8948163298596697,11.175010557432415,True,JASMY/USDT,2022-09-10 00:00:00,2022,1,1,1,-0.16966053660154692,29.698375870069604
1662811200000,SHORT,-10.484848776728944,-1.2786937923135304,10.134848776728944,False,RVN/USDT,2022-09-10 12:00:00,2022,1,2,2,0.17135134181548034,37.0
1662940800000,SHORT,-8.258325624421825,-1.1222220762020314,7.908325624421825,True,APE/USDT,2022-09-12 00:00:00,2022,1,1,1,0.03296574351795589,74.8
1663041600000,SHORT,10.366470977344136,0.138299612856564,10.716470977344136,True,GRT/USDT,2022-09-13 04:00:00,2022,1,1,1,0.0046914983441958946,41.199999999999996
1663041600000,SHORT,7.317490909090901,-0.2253853614720188,7.667490909090901,True,HBAR/USDT,2022-09-13 04:00:00,2022,2,2,2,0.015425623432877065,0.0
1663070400000,SHORT,6.8573427625639525,-0.2254756039060266,11.060442371351176,True,HBAR/USDT,2022-09-13 12:00:00,2022,1,2,2,0.01523578884440704,0.2
1663603200000,LONG,-6.862850910052457,0.3085767272263877,6.512850910052458,True,ETH/USDT,2022-09-19 16:00:00,2022,1,1,1,-0.09975059472575719,38.2
1663603200000,LONG,5.722105263157877,-0.9162284546905556,6.0721052631578765,False,KSM/USDT,2022-09-19 16:00:00,2022,2,2,2,0.07365783228685241,74.0
1663617600000,LONG,-8.84781152005282,-0.8181768649726077,8.49781152005282,True,ETC/USDT,2022-09-19 20:00:00,2022,3,3,3,-0.09246497743727729,0.2
1663920000000,SHORT,-10.859204114780708,0.5003360505674193,10.509204114780708,True,ALGO/USDT,2022-09-23 08:00:00,2022,1,1,1,-0.02406931194975871,42.6
1663948800000,SHORT,-8.904754849137937,-0.0086327906059429,8.554754849137938,False,RSR/USDT,2022-09-23 16:00:00,2022,1,2,2,0.1380855362152529,0.6
1664164800000,SHORT,2.92210103329506,-1.2153453765570876,11.41245694603903,True,INJ/USDT,2022-09-26 04:00:00,2022,1,1,1,-0.05779486508841803,1.639344262295082
1664740800000,SHORT,4.738244400866967,1.0878513647371535,11.945938693363606,False,RSR/USDT,2022-10-02 20:00:00,2022,1,1,1,0.05565135720953571,4.0
1664856000000,SHORT,-5.00394388565377,0.9186822587379644,4.653943885653771,False,SFP/USDT,2022-10-04 04:00:00,2022,1,1,1,-0.1146474486387243,38.6
1664884800000,SHORT,6.422824928249256,0.9441077594798768,6.772824928249256,False,COTI/USDT,2022-10-04 12:00:00,2022,1,2,2,-0.029867074635900635,50.0
1665460800000,LONG,-11.066203770326664,0.5225147190415074,10.716203770326665,False,RSR/USDT,2022-10-11 04:00:00,2022,1,1,1,0.039866705520763,71.6
1665475200000,LONG,-5.1634848776728814,-1.730367470288099,4.813484877672882,True,FIL/USDT,2022-10-11 08:00:00,2022,2,2,2,-0.057606786657618814,34.0
1665475200000,LONG,-4.748629679144382,-1.1932590342086302,4.398629679144382,True,DOGE/USDT,2022-10-11 08:00:00,2022,3,3,3,0.02740272678784618,55.60000000000001
1665475200000,LONG,-10.17975704912218,-1.6398729764352662,9.82975704912218,True,JASMY/USDT,2022-10-11 08:00:00,2022,4,4,4,-0.02504343796557808,53.0
1665489600000,LONG,-5.743707165109041,0.7016553872809355,5.393707165109041,False,ALICE/USDT,2022-10-11 12:00:00,2022,4,5,5,-0.0466682571683524,30.599999999999998
1665489600000,LONG,-12.132582112896342,0.5168178278977732,11.782582112896344,False,RSR/USDT,2022-10-11 12:00:00,2022,5,5,5,0.03229980012634827,71.6
1665518400000,LONG,-4.796478511207061,0.5637614200204291,4.4464785112070615,True,CHZ/USDT,2022-10-11 20:00:00,2022,1,6,6,-0.04435975715018284,29.4
1665619200000,SHORT,-6.525017642907529,-0.3770803165720113,6.175017642907529,True,DYDX/USDT,2022-10-13 00:00:00,2022,1,1,1,0.003090185661323664,56.2
1665662400000,LONG,2.5740353697749154,0.674796637450899,6.831792604501608,False,COTI/USDT,2022-10-13 12:00:00,2022,1,2,2,-0.0043457771748065385,51.0
1665662400000,LONG,1.416358892011242,0.3861063982365206,6.703853873946213,True,ICP/USDT,2022-10-13 12:00:00,2022,2,3,3,-0.019098485625947747,0.78125
1665662400000,LONG,5.086603984360455,-1.2959266356101606,7.65080990504562,False,RLC/USDT,2022-10-13 12:00:00,2022,3,4,4,-0.10702628180013324,34.0
1665662400000,LONG,4.590119760479036,-0.3405971908508168,6.717814371257477,False,ANKR/USDT,2022-10-13 12:00:00,2022,4,5,5,-0.12660423549888114,53.6
1665662400000,LONG,10.889770004791558,-0.050913552316408,11.239770004791568,True,SNX/USDT,2022-10-13 12:00:00,2022,5,6,6,0.19030861425859616,19.0
1665662400000,LONG,10.246041308089506,-1.339500615577935,10.596041308089506,True,INJ/USDT,2022-10-13 12:00:00,2022,6,7,7,-0.048449241432905805,28.735632183908045
1665662400000,LONG,8.888775971093052,-1.7611574905078822,9.238775971093052,False,STG/USDT,2022-10-13 12:00:00,2022,7,8,8,0.031034277950922718,16.3265306122449
1665662400000,LONG,7.760141005554766,-0.939988801673532,8.110141005554766,True,AAVE/USDT,2022-10-13 12:00:00,2022,8,9,9,0.049102801988220764,4.8
1665662400000,LONG,7.727109974424563,-0.993398907596969,8.077109974424562,True,CRV/USDT,2022-10-13 12:00:00,2022,9,10,10,0.12736660049697116,7.199999999999999
1665662400000,LONG,7.281731325998854,-2.122180708094983,7.631731325998854,True,JASMY/USDT,2022-10-13 12:00:00,2022,10,11,11,0.09293717407001068,28.599999999999998
1665662400000,LONG,7.235633203263573,0.1969906006291395,7.585633203263573,False,BAT/USDT,2022-10-13 12:00:00,2022,11,12,12,0.033155148087921305,2.4
1665662400000,LONG,7.082133698823935,0.1602823117033918,7.432133698823934,True,ATOM/USDT,2022-10-13 12:00:00,2022,12,13,13,-0.04760623467445018,64.4
1665662400000,LONG,-2.679703722461387,0.4572856048464231,9.060673588250191,False,KSM/USDT,2022-10-13 12:00:00,2022,13,14,14,0.09407425279854639,35.4
1665662400000,LONG,-3.3070306483905663,-0.1633148197551394,9.543708609271514,False,RSR/USDT,2022-10-13 12:00:00,2022,14,15,15,-0.022222012265382212,71.8
1665662400000,LONG,0.7095287885124689,-1.8023662467183137,11.23878433012688,True,OP/USDT,2022-10-13 12:00:00,2022,15,16,16,0.03565210271552084,40.198511166253105
1665662400000,LONG,0.3705764611689336,-0.7693757812382451,5.688110488390712,False,IOTA/USDT,2022-10-13 12:00:00,2022,16,17,17,0.07156447655280677,1.4000000000000001
1665662400000,LONG,-0.2508264462809879,-1.4328062834895856,10.780859504132236,True,NEAR/USDT,2022-10-13 12:00:00,2022,17,18,18,0.0996190893019513,76.8
1665662400000,LONG,-0.4765677137268427,-1.7407503648672724,9.374065124841792,True,GRT/USDT,2022-10-13 12:00:00,2022,18,19,19,0.02251311479861124,1.4000000000000001
1665662400000,LONG,-1.2815943571998945,-0.990560750778876,7.889619377162625,True,ADA/USDT,2022-10-13 12:00:00,2022,19,20,20,0.11593481467920293,3.8
1665662400000,LONG,-1.5518489984591723,-0.2756731891685712,8.933497688751924,True,IMX/USDT,2022-10-13 12:00:00,2022,20,21,21,-0.038527267842233454,1.0
1665662400000,LONG,4.410154383385411,0.1633195901812048,8.142602462782575,False,ROSE/USDT,2022-10-13 12:00:00,2022,21,22,22,0.17040643618112863,19.0
1665662400000,LONG,4.388154613466325,-1.976368659195646,7.460498753117224,False,STORJ/USDT,2022-10-13 12:00:00,2022,22,23,23,0.11735287038030942,45.0
1665662400000,LONG,4.373961297666483,-1.6194691947193494,8.017245304496306,False,ONE/USDT,2022-10-13 12:00:00,2022,23,24,24,0.15883348752983037,47.199999999999996
1665662400000,LONG,3.683613445378161,-0.0518739454382368,7.864273709483786,False,ENJ/USDT,2022-10-13 12:00:00,2022,24,25,25,0.02717409965584398,11.600000000000001
1665662400000,LONG,3.3200885579592105,-1.163313756245996,9.779340882054894,True,ETC/USDT,2022-10-13 12:00:00,2022,25,26,26,0.18515592757254726,19.6
1665662400000,LONG,3.076791277258566,-0.1632977685532524,6.156875834445934,True,VET/USDT,2022-10-13 12:00:00,2022,26,27,27,0.10442813990011988,17.0
1665662400000,LONG,2.968903318903309,0.4758498296827819,6.710084976751656,True,MANA/USDT,2022-10-13 12:00:00,2022,27,28,28,0.07912243318286336,9.0
1665662400000,LONG,2.690845251900525,-0.2996321903700445,6.2863677361164845,True,NEO/USDT,2022-10-13 12:00:00,2022,28,29,29,0.1393642946871455,19.400000000000002
1665662400000,LONG,5.987095825984711,-3.0963503072597653,6.337095825984711,False,SKL/USDT,2022-10-13 12:00:00,2022,29,30,30,0.086781505898046,20.200000000000003
1665662400000,LONG,5.908064516129042,0.5615508257964618,8.147354838709667,True,ALGO/USDT,2022-10-13 12:00:00,2022,30,31,31,-0.1821391798534967,27.200000000000003
1665662400000,LONG,5.4499999999999975,0.3978773580250881,7.212533333333345,False,ALICE/USDT,2022-10-13 12:00:00,2022,31,32,32,0.09819215420581993,35.0
1665662400000,LONG,5.435234899328863,0.439434297076621,7.446281879194637,True,SAND/USDT,2022-10-13 12:00:00,2022,32,33,33,0.1277662300018836,26.400000000000002
1665662400000,LONG,5.385640052787878,-0.6690173764163063,5.735640052787877,False,ZEN/USDT,2022-10-13 12:00:00,2022,33,34,34,0.013155312905266902,21.2
1665662400000,LONG,5.295350342022569,0.8372548852016364,5.645350342022569,True,COMP/USDT,2022-10-13 12:00:00,2022,34,35,35,-0.018354235187719902,0.2
1665676800000,LONG,4.551036757775688,-1.4003487311247471,9.320923656927423,True,MASK/USDT,2022-10-13 16:00:00,2022,35,35,36,0.11590421118173037,33.6
1665676800000,LONG,2.707624460995678,-0.5361522260572936,8.683241865934933,True,ZEC/USDT,2022-10-13 16:00:00,2022,36,36,37,-0.049122075207282956,28.999999999999996
1665676800000,LONG,2.908539374017433,-1.0629467254571183,10.402515363727304,True,LINK/USDT,2022-10-13 16:00:00,2022,37,37,38,0.020172938210076683,14.2
1665676800000,LONG,-1.2626246408652966,-2.2351960350873883,9.634764238634448,True,GMT/USDT,2022-10-13 16:00:00,2022,38,38,39,-0.07459031680420905,26.200000000000003
1665676800000,LONG,7.079916567342071,0.4700466915008283,7.429916567342071,False,WAVES/USDT,2022-10-13 16:00:00,2022,39,39,40,0.07527671084890827,51.6
1665676800000,LONG,8.17011242973141,0.3197216407275657,8.52011242973142,False,ARPA/USDT,2022-10-13 16:00:00,2022,40,40,41,0.023565844951877624,43.2
1665676800000,LONG,1.4982490272373663,-1.7263911762715554,8.698852140077824,True,FIL/USDT,2022-10-13 16:00:00,2022,41,41,42,-0.002080741186337379,16.2
1665676800000,LONG,1.6116893607200544,-1.331271607007049,9.584318024463428,False,LPT/USDT,2022-10-13 16:00:00,2022,42,42,43,0.0424946069613095,3.4000000000000004
1665676800000,LONG,2.479581993569134,0.4242802016570439,7.929774919614147,False,API3/USDT,2022-10-13 16:00:00,2022,43,43,44,-0.046835017274903246,48.8
1665676800000,LONG,2.6884875084402378,-1.721034032018156,8.78224172856179,True,RUNE/USDT,2022-10-13 16:00:00,2022,44,44,45,0.1896023222702961,13.600000000000001
1665676800000,LONG,0.3913187670698451,-0.6297430289573255,6.13495903238392,True,LTC/USDT,2022-10-13 16:00:00,2022,45,45,46,-0.012278515921672718,49.6
1665676800000,LONG,0.4026178010471218,-2.921178150789593,11.52277486910994,True,SOL/USDT,2022-10-13 16:00:00,2022,46,46,47,0.04194489470646983,41.8
1665676800000,LONG,2.14679897567223,-0.1821413627781327,8.661523687580019,True,AVAX/USDT,2022-10-13 16:00:00,2022,47,47,48,0.08914693858309507,19.8
1665676800000,LONG,2.109016393442625,3.2023553445227555,9.425546448087422,True,CELO/USDT,2022-10-13 16:00:00,2022,48,48,49,0.010041368446868952,24.2
1665676800000,LONG,1.6846646571213362,-0.6801117726835796,8.339110776186887,False,QTUM/USDT,2022-10-13 16:00:00,2022,49,49,50,0.1087828151537489,54.2
1665676800000,LONG,1.613601532567046,0.4858067056839,7.557854406130274,False,ONT/USDT,2022-10-13 16:00:00,2022,50,50,51,0.07728376805654354,62.8
1665676800000,LONG,-0.35,-1.1786349575975383,8.022059811827964,True,DOGE/USDT,2022-10-13 16:00:00,2022,51,51,52,0.017002442724899546,37.8
1665676800000,LONG,-0.1698198198198236,0.067678819288081,10.180180180180171,True,AXS/USDT,2022-10-13 16:00:00,2022,52,52,53,0.028898893716905582,37.8
1665676800000,LONG,-0.1570119009327725,-2.408195314278719,8.862206497265998,False,RVN/USDT,2022-10-13 16:00:00,2022,53,53,54,0.012352220893196509,35.0
1665676800000,LONG,-0.0502997002996888,0.1468876407061737,9.064835164835156,True,THETA/USDT,2022-10-13 16:00:00,2022,54,54,55,0.04511043546532071,3.2
1665676800000,LONG,0.8175444735000611,0.9954396983059922,6.362564914736107,True,BNB/USDT,2022-10-13 16:00:00,2022,55,55,56,0.17967699109219046,57.199999999999996
1665676800000,LONG,1.3354851906398406,-1.8499771153223885,9.044755359188343,True,DOT/USDT,2022-10-13 16:00:00,2022,56,56,57,-0.05070833438281183,20.599999999999998
1665676800000,LONG,-0.7859577992850265,0.4736525515119684,6.984915860144744,False,IOST/USDT,2022-10-13 16:00:00,2022,57,57,58,-0.0007067322423892907,21.6
1665676800000,LONG,-0.35,-1.4802234808568009,5.366056910569096,False,RAY/USDT,2022-10-13 16:00:00,2022,58,58,59,0.04964331959816345,16.400000000000002
1665676800000,LONG,0.0488319920233637,0.189921409696769,7.25862118082757,False,KAVA/USDT,2022-10-13 16:00:00,2022,59,59,60,0.02446035960855241,36.0
1665676800000,LONG,0.3007791017415289,0.0429590730195712,7.373125572868923,True,BCH/USDT,2022-10-13 16:00:00,2022,60,60,61,0.032044291133339876,34.8
1665676800000,LONG,-1.814435146443516,,10.520292887029283,False,KNC/USDT,2022-10-13 16:00:00,2022,61,61,62,-0.04808718532350073,56.99999999999999
1665676800000,LONG,-1.7294613531859122,0.5791267191707491,9.185022991022556,True,APE/USDT,2022-10-13 16:00:00,2022,62,62,63,-0.12935322388258189,56.99999999999999
1665676800000,LONG,0.6552313057749545,0.271002455297103,7.9393373679351775,False,MTL/USDT,2022-10-13 16:00:00,2022,63,63,64,0.02686646408946891,15.2
1665676800000,LONG,0.6407529722589104,-0.0378779636066189,8.4656538969617,True,FLOW/USDT,2022-10-13 16:00:00,2022,64,64,65,0.04766526439871031,29.4
1665676800000,LONG,0.5643593045717966,-0.9638510141210768,7.554410817772059,False,YFI/USDT,2022-10-13 16:00:00,2022,65,65,66,0.07702886393541818,25.2
1665676800000,LONG,0.4219298245614159,-1.6500555044081977,8.835719298245607,False,CHR/USDT,2022-10-13 16:00:00,2022,66,66,67,0.04815015780086471,51.800000000000004
1665691200000,LONG,-1.4924017003188168,-0.7347145893138426,8.06091923485654,True,ADA/USDT,2022-10-13 20:00:00,2022,33,66,67,0.07590923337959533,0.6
1665691200000,LONG,-0.8121072088724588,-0.2696116599134999,8.961552680221805,True,IMX/USDT,2022-10-13 20:00:00,2022,34,66,67,0.015262842416448787,0.8
1665691200000,LONG,0.4073263088574294,-2.8347460041690944,11.13338821205137,True,NEAR/USDT,2022-10-13 20:00:00,2022,35,66,67,0.09033856501987864,8.200000000000001
1665691200000,LONG,3.58382352941177,-0.6015036060370753,8.36397058823528,False,ANKR/USDT,2022-10-13 20:00:00,2022,36,66,67,-0.10193089393958099,46.0
1665691200000,LONG,1.8081600504095672,0.2095880727842235,8.341335853812236,True,MANA/USDT,2022-10-13 20:00:00,2022,37,66,67,0.12066275021362172,3.8
1665691200000,LONG,3.4669934640522926,-0.8666830438009411,10.7739302832244,True,ETC/USDT,2022-10-13 20:00:00,2022,38,66,67,0.1100757386801496,3.5999999999999996
1665691200000,LONG,3.376545072825086,0.428244812835749,9.523002230678395,True,SAND/USDT,2022-10-13 20:00:00,2022,39,66,67,0.09405121029056492,6.0
1665691200000,LONG,5.4175502475968615,-3.054876161068224,7.182872123507127,False,SKL/USDT,2022-10-13 20:00:00,2022,40,66,67,0.09057971997186935,14.6
1665691200000,LONG,7.253706972639008,0.1592118501541519,7.603706972639007,True,ATOM/USDT,2022-10-13 20:00:00,2022,41,66,67,-0.05844156163348712,18.4
1665691200000,LONG,9.8301801801802,-2.048123973525481,10.1801801801802,True,JASMY/USDT,2022-10-13 20:00:00,2022,42,66,67,0.13686155478810297,11.799999999999999
1665691200000,LONG,9.682916145181489,0.1004052466015484,10.032916145181488,True,CRV/USDT,2022-10-13 20:00:00,2022,43,66,67,0.1343157891372858,37.4
1665705600000,LONG,-2.723581011351912,,11.720743034055724,False,KNC/USDT,2022-10-14 00:00:00,2022,12,66,67,-0.021179068385561002,2.1999999999999997
1666094400000,SHORT,5.887759999999985,-1.2073848856449052,6.237759999999985,False,STORJ/USDT,2022-10-18 12:00:00,2022,1,1,1,0.1506609296012072,4.6
1666137600000,SHORT,10.191329011345225,1.4750548226767837,10.541329011345224,False,ANKR/USDT,2022-10-19 00:00:00,2022,1,2,2,0.28097427813998055,0.8
1666224000000,SHORT,-5.443704926048136,0.5333548721824554,5.093704926048137,True,AAVE/USDT,2022-10-20 00:00:00,2022,1,1,2,0.00930460715383704,27.6
1666353600000,LONG,-6.122008781558737,0.1247640246356015,5.772008781558737,True,AXS/USDT,2022-10-21 12:00:00,2022,1,1,1,0.21023811125988848,38.0
1666353600000,LONG,3.89278137890396,0.5630607934012969,6.233824395992933,True,PEOPLE/USDT,2022-10-21 12:00:00,2022,2,2,2,0.01704385010353546,46.2
1666368000000,LONG,3.621119133574012,-0.7620776441964034,6.328790613718407,True,GALA/USDT,2022-10-21 16:00:00,2022,3,3,3,0.07319144378128656,45.6
1666368000000,LONG,5.198878020713471,-1.046787585672488,5.54887802071347,True,ADA/USDT,2022-10-21 16:00:00,2022,4,4,4,0.06894726337543566,16.0
1666382400000,LONG,-5.392367256637176,0.1219704325198831,5.042367256637176,True,AXS/USDT,2022-10-21 20:00:00,2022,3,4,4,0.13585963829208636,20.200000000000003
1666800000000,SHORT,5.117894362094626,1.870453894939514,5.467894362094626,False,KAVA/USDT,2022-10-26 16:00:00,2022,1,1,1,0.07907291853797044,44.2
1666857600000,SHORT,-8.230813953488358,,7.880813953488358,True,DOGE/USDT,2022-10-27 08:00:00,2022,1,1,2,0.036519036871025964,53.6
1666857600000,SHORT,-5.39145454545452,0.9291925568793896,5.0414545454545205,True,THETA/USDT,2022-10-27 08:00:00,2022,2,2,3,0.1394397819023395,32.6
1666857600000,SHORT,-9.691256304447505,0.5778515029645022,9.341256304447503,True,OP/USDT,2022-10-27 08:00:00,2022,3,3,4,0.09602760696088289,26.576576576576578
1666872000000,SHORT,-5.188988164307254,-1.3087447280095978,4.838988164307255,False,STORJ/USDT,2022-10-27 12:00:00,2022,4,4,5,0.1482327958072378,40.8
1666872000000,SHORT,-4.768513274336256,0.3892705315511756,4.418513274336256,False,QTUM/USDT,2022-10-27 12:00:00,2022,5,5,6,0.18078632307638737,69.39999999999999
1666872000000,SHORT,-5.019375812743806,-0.0192706942269751,4.669375812743806,True,RUNE/USDT,2022-10-27 12:00:00,2022,6,6,7,0.17769310170094058,42.6
1666872000000,SHORT,2.559379968203495,2.4935882228025807,5.705675675675667,False,ROSE/USDT,2022-10-27 12:00:00,2022,7,7,8,0.12215437697865461,34.2
1666900800000,SHORT,-7.890074673304285,-0.0791303579912715,7.540074673304285,True,FLOW/USDT,2022-10-27 20:00:00,2022,1,8,8,0.14821896616941993,41.199999999999996
1666900800000,SHORT,-7.192732802994855,1.3594111215394111,6.842732802994855,True,OP/USDT,2022-10-27 20:00:00,2022,2,8,8,0.09325479820239115,58.96860986547085
1666900800000,SHORT,-5.593430925408257,1.4405561730651335,5.243430925408258,True,UNI/USDT,2022-10-27 20:00:00,2022,3,9,9,0.1499224364365288,55.00000000000001
1666900800000,SHORT,-5.573227852282476,2.128474313811954,5.223227852282476,True,ETH/USDT,2022-10-27 20:00:00,2022,4,10,10,0.12523014620132975,26.400000000000002
1666900800000,SHORT,-11.940929203539804,,11.590929203539805,True,DOGE/USDT,2022-10-27 20:00:00,2022,5,10,10,0.034147335841679,53.2
1666900800000,SHORT,-7.737165332597288,0.2763264920695667,7.387165332597288,False,SKL/USDT,2022-10-27 20:00:00,2022,6,11,11,0.134849426375305,38.4
1666900800000,SHORT,-5.272887184757684,-1.6218543835840686,4.922887184757684,True,ATOM/USDT,2022-10-27 20:00:00,2022,7,12,12,0.060244133333039934,67.80000000000001
1666900800000,SHORT,-9.85964506172838,0.1612416290886888,9.50964506172838,True,MASK/USDT,2022-10-27 20:00:00,2022,8,13,13,0.1613195552534552,31.8
1666915200000,SHORT,-5.961623108665755,0.5010662392590597,5.611623108665755,False,CHR/USDT,2022-10-28 00:00:00,2022,9,13,14,0.10286490679889551,23.799999999999997
1667030400000,SHORT,-6.537631027253652,-1.1541075211587606,6.187631027253652,False,ONE/USDT,2022-10-29 08:00:00,2022,1,1,1,0.14063812325325922,43.8
1667044800000,SHORT,5.54365384615384,1.037341374722426,5.89365384615384,False,SFP/USDT,2022-10-29 12:00:00,2022,2,2,2,0.035255387338072326,40.400000000000006
1667044800000,SHORT,-11.897729379054663,,11.547729379054664,True,MASK/USDT,2022-10-29 12:00:00,2022,3,3,3,0.20134191460583598,0.0
1667059200000,SHORT,-4.83994326972664,-0.5862175917072537,4.48994326972664,False,ONE/USDT,2022-10-29 16:00:00,2022,3,3,3,0.12676545195723976,66.2
1667073600000,SHORT,4.911075268817198,1.039459219627006,5.261075268817198,False,SFP/USDT,2022-10-29 20:00:00,2022,2,3,3,0.06093284716192825,40.400000000000006
1667073600000,SHORT,-11.984137115839228,1.0966144304253025,11.634137115839229,True,PEOPLE/USDT,2022-10-29 20:00:00,2022,3,4,4,0.09123901037154789,49.2
1667088000000,SHORT,5.588671209540029,0.0512536672623586,5.938671209540028,True,FLOW/USDT,2022-10-30 00:00:00,2022,3,5,5,0.09668860622520478,65.4
1667131200000,SHORT,1.6920070011668562,0.64726866985054,10.365110851808614,False,ALICE/USDT,2022-10-30 12:00:00,2022,1,2,6,-0.007301949191260244,39.6
1667131200000,SHORT,-3.79827586206897,1.649766402397447,6.955224660397071,False,ONE/USDT,2022-10-30 12:00:00,2022,2,3,6,0.12695273310491142,69.8
1667131200000,SHORT,-7.017398480079817,1.7616009051838832,6.667398480079817,False,DUSK/USDT,2022-10-30 12:00:00,2022,3,4,7,-0.04105040692298314,43.6
1667131200000,SHORT,5.920238095238077,1.4561016612151854,6.270238095238077,True,TRB/USDT,2022-10-30 12:00:00,2022,4,5,8,0.15623880573606475,30.4
1667131200000,SHORT,7.785937499999996,1.2935954863154242,8.135937499999995,True,MANA/USDT,2022-10-30 12:00:00,2022,5,6,9,0.09058439767499601,63.0
1667145600000,SHORT,8.43692307692307,1.0618520026994958,8.78692307692307,True,SAND/USDT,2022-10-30 16:00:00,2022,6,6,9,0.09273919381870027,78.60000000000001
1667160000000,SHORT,11.495817187143825,,11.845817187143822,True,GALA/USDT,2022-10-30 20:00:00,2022,2,7,10,0.12211959293478701,54.400000000000006
1667174400000,SHORT,-9.013821405121456,16.150183408948916,8.663821405121455,True,DOGE/USDT,2022-10-31 00:00:00,2022,2,8,9,0.1653789631580486,52.800000000000004
1667188800000,SHORT,7.16892278360342,,7.518922783603419,True,GALA/USDT,2022-10-31 04:00:00,2022,2,3,8,0.11646997127796362,54.2
1667217600000,SHORT,6.607720057720049,,6.957720057720048,True,GALA/USDT,2022-10-31 12:00:00,2022,1,2,8,0.11567544098791839,54.0
1667232000000,SHORT,-7.607225433525994,2.3209002513723163,7.257225433525995,True,LINK/USDT,2022-10-31 16:00:00,2022,2,2,4,0.11196998941328529,56.39999999999999
1667246400000,SHORT,-11.620312499999994,1.0839792345950163,11.270312499999994,True,INJ/USDT,2022-10-31 20:00:00,2022,2,3,4,0.011646398593923806,39.737991266375545
1667361600000,SHORT,7.763687659264626,7.155282269404717,8.113687659264626,True,DOGE/USDT,2022-11-02 04:00:00,2022,1,1,1,0.11179716752328954,20.200000000000003
1667433600000,LONG,5.921143375680597,-0.0373484168866764,6.271143375680596,True,APE/USDT,2022-11-03 00:00:00,2022,1,1,2,0.09475561120743235,34.2
1667433600000,LONG,6.092360967541859,0.7783483866095218,6.442360967541859,True,COMP/USDT,2022-11-03 00:00:00,2022,2,2,3,0.02184147678162419,17.0
1667433600000,LONG,5.102369980250178,-1.6173446429949392,5.4523699802501655,False,RVN/USDT,2022-11-03 00:00:00,2022,3,3,4,-0.01753973382669864,47.199999999999996
1667548800000,SHORT,8.272045344910762,0.7867767443621615,8.622045344910761,False,API3/USDT,2022-11-04 08:00:00,2022,1,1,1,-0.04083561059812471,19.0
1667678400000,SHORT,6.886016049091324,1.802496999369389,7.236016049091323,True,ALGO/USDT,2022-11-05 20:00:00,2022,1,1,1,-0.10042811867224129,34.0
1667764800000,SHORT,7.509341223024193,1.4619383106588713,7.859341223024193,True,CHZ/USDT,2022-11-06 20:00:00,2022,1,1,2,-0.09999060846692581,28.000000000000004
1668038400000,LONG,10.99971500949969,1.0481324438128667,11.34971500949969,True,HBAR/USDT,2022-11-10 00:00:00,2022,1,1,1,-0.08552359646143393,1.0
1668052800000,LONG,8.403889278206021,,8.753889278206021,True,TRX/USDT,2022-11-10 04:00:00,2022,2,2,2,-0.17526718807308247,17.4
1668052800000,LONG,10.552258450493571,,10.902258450493571,True,NEO/USDT,2022-11-10 04:00:00,2022,3,3,3,-0.09781922362331961,0.0
1668052800000,LONG,-0.4983447845096907,,10.38053560274829,True,XMR/USDT,2022-11-10 04:00:00,2022,4,4,4,-0.05208130773904079,30.8
1668052800000,LONG,5.717161104243924,,10.662309435517104,True,BCH/USDT,2022-11-10 04:00:00,2022,5,5,5,-0.24617574233340625,8.799999999999999
1668052800000,LONG,-10.418876080691645,,10.068876080691645,False,ONT/USDT,2022-11-10 04:00:00,2022,6,6,6,-0.06298670533777546,0.2
1668052800000,LONG,-1.1539303260384086,-3.137468055136414,9.829164805716834,False,EGLD/USDT,2022-11-10 04:00:00,2022,7,7,7,-0.05502047366318165,46.800000000000004
1668052800000,LONG,7.555181158338053,-1.3639908369507543,7.905181158338063,True,BTC/USDT,2022-11-10 04:00:00,2022,8,8,8,0.10027144762355758,0.0
1668052800000,LONG,-5.494326950557307,-1.5079525450822238,11.84001143183766,True,ADA/USDT,2022-11-10 04:00:00,2022,9,9,9,-0.1337411219250286,1.6
1668052800000,LONG,-6.018202764976951,,10.993629032258063,False,IOST/USDT,2022-11-10 04:00:00,2022,10,10,10,-0.09433295541975813,1.0
1668052800000,LONG,-11.382707283554735,,11.032707283554736,False,QTUM/USDT,2022-11-10 04:00:00,2022,11,11,11,-0.0444541514768312,0.0
1668067200000,LONG,11.071220043572984,,11.421220043572983,False,WAVES/USDT,2022-11-10 08:00:00,2022,11,12,12,-0.05668280794943427,14.2
1668067200000,LONG,10.054729729729734,-0.0954663154368891,10.404729729729734,False,ARPA/USDT,2022-11-10 08:00:00,2022,12,13,13,0.023390185086072778,24.8
1668067200000,LONG,-11.7719123505976,,11.4219123505976,False,API3/USDT,2022-11-10 08:00:00,2022,13,14,14,-0.033452825170968856,34.2
1668067200000,LONG,10.55011813349086,-10.455206322549715,10.900118133490858,False,RLC/USDT,2022-11-10 08:00:00,2022,14,15,15,-0.026183289119328865,28.000000000000004
1668081600000,LONG,-5.816434076709068,-1.3304075661689694,10.596467825055862,True,BTC/USDT,2022-11-10 12:00:00,2022,5,15,15,0.10961058201231733,0.2
1668096000000,LONG,-9.914785164167004,,9.564785164167004,False,DUSK/USDT,2022-11-10 16:00:00,2022,2,15,16,-0.00468547181241405,40.400000000000006
1668096000000,LONG,-11.35260054429996,,11.00260054429996,False,STORJ/USDT,2022-11-10 16:00:00,2022,3,16,17,-0.10213258392032731,49.6
1668801600000,SHORT,9.503043116595016,2.436482189957612,9.853043116595016,False,SFP/USDT,2022-11-18 20:00:00,2022,1,1,1,0.1562742699109996,35.6
1668830400000,SHORT,11.478501925805787,0.8478175571864525,11.828501925805789,True,CHZ/USDT,2022-11-19 04:00:00,2022,1,2,2,-0.1725972196128794,40.0
1669118400000,LONG,6.386924192963368,0.3049958938835798,6.736924192963367,True,GRT/USDT,2022-11-22 12:00:00,2022,1,1,1,-0.04911529981807674,1.6
1669118400000,LONG,1.445162509448219,-0.8103757616848648,6.611318972033263,True,DOT/USDT,2022-11-22 12:00:00,2022,2,2,2,-0.09112605944868991,91.8
1669118400000,LONG,6.58812888032542,0.6266394110016796,6.93812888032542,True,ATOM/USDT,2022-11-22 12:00:00,2022,3,3,3,0.06693684499092324,82.39999999999999
1669118400000,LONG,2.4905905438235867,1.0553961374274896,7.771444589796296,True,UNI/USDT,2022-11-22 12:00:00,2022,4,4,4,0.030191844740479402,51.0
1669579200000,SHORT,-10.167518248175169,2.2958541763796307,9.817518248175167,True,DOGE/USDT,2022-11-27 20:00:00,2022,1,1,1,-0.037882286764875324,51.4
1669752000000,SHORT,7.448422496570632,0.4481309165882109,7.798422496570632,True,TRB/USDT,2022-11-29 20:00:00,2022,1,1,1,-0.007791570422320469,22.6
1669982400000,SHORT,8.123019517795647,0.590887828282284,9.07481056257172,True,JASMY/USDT,2022-12-02 12:00:00,2022,1,1,1,-0.08796840523905397,50.0
1670241600000,SHORT,3.857697878195373,1.0234318505610058,4.207697878195373,True,AVAX/USDT,2022-12-05 12:00:00,2022,1,1,1,-0.03634963503476094,65.4
1670241600000,SHORT,5.749104234527666,-1.6356979053833411,6.099104234527665,True,IMX/USDT,2022-12-05 12:00:00,2022,2,2,2,0.032283547077175234,32.800000000000004
1670256000000,SHORT,4.643143907266034,-0.7892029426901578,4.993143907266034,False,YFI/USDT,2022-12-05 16:00:00,2022,3,3,3,0.05379665257229627,43.2
1670356800000,SHORT,4.960037684138403,-0.675855032392189,10.642685851318936,True,AXS/USDT,2022-12-06 20:00:00,2022,1,1,1,0.2477704877127045,0.2
1671249600000,LONG,-3.7873765310153993,3.3507661451139548,5.814816278150918,False,KSM/USDT,2022-12-17 04:00:00,2022,1,1,1,0.20661459396676743,69.19999999999999
1671249600000,LONG,-3.2150807431845805,-1.0871955518514869,7.294061469005028,False,YFI/USDT,2022-12-17 04:00:00,2022,2,2,2,-0.00598216185647241,9.0
1671249600000,LONG,-6.100378469301924,1.5609783498473,5.750378469301924,False,API3/USDT,2022-12-17 04:00:00,2022,3,3,3,-0.07368306021728695,44.0
1671249600000,LONG,-2.76723922548407,0.3538910000307421,10.46927545284198,False,WAVES/USDT,2022-12-17 04:00:00,2022,4,4,4,-0.09439831768230914,2.4
1671249600000,LONG,-0.35,0.9682025855625764,5.563859208045259,True,SNX/USDT,2022-12-17 04:00:00,2022,5,5,5,0.022622467832421687,47.199999999999996
1671249600000,LONG,7.145672995422955,-0.3454666783598806,7.495672995422955,True,BNB/USDT,2022-12-17 04:00:00,2022,6,6,6,0.15418974467016497,3.5999999999999996
1671249600000,LONG,-5.140358902181553,1.3840049878803886,4.790358902181553,True,HBAR/USDT,2022-12-17 04:00:00,2022,7,7,7,0.07332202934620628,2.6
1671249600000,LONG,-5.978569570871263,0.6720001507234017,5.628569570871263,True,AR/USDT,2022-12-17 04:00:00,2022,8,8,8,-0.03512373263577398,36.6
1671264000000,LONG,-8.23000541125541,0.8401294368868323,7.88000541125541,True,ICP/USDT,2022-12-17 08:00:00,2022,9,9,9,0.027410017217747253,16.77018633540373
1671264000000,LONG,1.9482635342185848,0.4711709729214137,5.188253319713996,False,RVN/USDT,2022-12-17 08:00:00,2022,10,10,10,-0.04132239634968754,13.0
1671264000000,LONG,-5.916159355416289,1.841820803993644,5.566159355416289,False,ALICE/USDT,2022-12-17 08:00:00,2022,11,11,11,0.05147294875895048,27.200000000000003
1671264000000,LONG,-4.64350828729282,2.335209429119632,4.29350828729282,False,DUSK/USDT,2022-12-17 08:00:00,2022,12,12,12,0.01474035528285738,36.6
1671264000000,LONG,-7.179209979209976,-3.167985629835936,6.829209979209977,True,ALGO/USDT,2022-12-17 08:00:00,2022,13,13,13,0.040727390068188804,7.3999999999999995
1671278400000,LONG,-6.47744599745872,0.8872746526102903,6.12744599745872,False,EGLD/USDT,2022-12-17 12:00:00,2022,6,14,14,0.04295221692293961,1.4000000000000001
1671278400000,LONG,4.998906097922216,0.0937081528011396,7.632681646989122,True,BNB/USDT,2022-12-17 12:00:00,2022,7,14,14,0.1409206133369752,0.6
1671278400000,LONG,-3.4391089108910937,3.4342300482720183,5.591009900990093,False,KSM/USDT,2022-12-17 12:00:00,2022,8,14,14,0.2170925345000745,72.2
1671278400000,LONG,-4.907068564390311,1.153493241335793,4.557068564390312,False,IOST/USDT,2022-12-17 12:00:00,2022,9,15,15,0.15028050472760404,45.800000000000004
1671278400000,LONG,-5.702364864864844,1.4122152361545484,5.352364864864844,False,API3/USDT,2022-12-17 12:00:00,2022,10,15,15,-0.06952355019702461,51.2
1671278400000,LONG,-4.641872701914535,0.3503698576951045,9.129776847977686,False,WAVES/USDT,2022-12-17 12:00:00,2022,11,15,15,-0.1346449976036668,2.0
1671278400000,LONG,-4.8545334739061685,-1.1392061326214593,4.504533473906169,False,YFI/USDT,2022-12-17 12:00:00,2022,12,15,15,0.006554837069233351,6.4
1671292800000,LONG,-5.559573590096285,1.2160409540918016,5.209573590096285,True,ICP/USDT,2022-12-17 16:00:00,2022,8,15,15,0.026561105592357658,18.575851393188856
1671307200000,LONG,4.089253941002034,2.8113700809487985,4.4392539410020335,False,MTL/USDT,2022-12-17 20:00:00,2022,2,13,16,0.1505494338863663,71.6
1671307200000,LONG,-5.650450831220061,-0.3032939684417248,5.300450831220061,True,APE/USDT,2022-12-17 20:00:00,2022,3,14,17,-0.08367671602247304,2.6
1671307200000,LONG,-5.319639419992303,0.5324338292926458,4.969639419992303,True,AR/USDT,2022-12-17 20:00:00,2022,4,15,17,-0.05860478023830222,26.0
1671307200000,LONG,-7.898636790974609,,7.5486367909746095,True,FIL/USDT,2022-12-17 20:00:00,2022,5,16,18,-0.01802933228189916,0.4
1671307200000,LONG,-5.8705619412515935,0.1156693667070398,5.520561941251594,True,FLOW/USDT,2022-12-17 20:00:00,2022,6,17,19,0.1458224696186577,35.6
1671307200000,LONG,3.764905768132508,0.3416097346716696,4.114905768132508,False,STG/USDT,2022-12-17 20:00:00,2022,7,18,20,0.09256763926545189,15.451895043731778
1671321600000,LONG,-4.755793808577106,1.766637262308467,4.405793808577107,False,CTK/USDT,2022-12-18 00:00:00,2022,7,15,21,0.0616963552182164,38.800000000000004
1671321600000,LONG,-5.075934579439262,2.4360928214916155,4.725934579439262,False,COTI/USDT,2022-12-18 00:00:00,2022,8,16,22,0.07836327037556753,25.0
1671336000000,LONG,-4.909588821072918,,4.559588821072919,True,FIL/USDT,2022-12-18 04:00:00,2022,3,9,22,-0.02650627119870311,0.2
1671494400000,LONG,-2.923340195573857,-0.1247255739482517,8.612609366958313,True,GALA/USDT,2022-12-20 00:00:00,2022,1,1,1,0.07775618113566762,43.4
1671494400000,LONG,0.3975560667050143,0.7617055031064341,4.56166379145102,True,UNI/USDT,2022-12-20 00:00:00,2022,2,2,2,0.020712262409976236,47.4
1671508800000,LONG,-3.436419753086423,0.05307147613708,7.890329218106988,True,SUSHI/USDT,2022-12-20 04:00:00,2022,3,3,3,-0.024601668812037555,49.4
1671508800000,LONG,-1.032593856655282,0.6533822757106323,6.42491467576791,False,ANKR/USDT,2022-12-20 04:00:00,2022,4,4,4,0.014242544973015352,48.8
1671508800000,LONG,3.875541649845248,1.6537580301940755,6.726631678105234,True,DOGE/USDT,2022-12-20 04:00:00,2022,5,5,5,-0.005808274058059941,1.6
1671508800000,LONG,0.6926940960969462,1.5505650700300482,6.354769620966608,False,IOST/USDT,2022-12-20 04:00:00,2022,6,6,6,0.12192737026544967,29.4
1671508800000,LONG,0.2310055865921768,0.6468409700211544,6.939240223463687,True,SAND/USDT,2022-12-20 04:00:00,2022,7,7,7,-0.00992960546317317,40.0
1671508800000,LONG,-7.344617092119874,-3.515212947281936,6.994617092119874,True,ALGO/USDT,2022-12-20 04:00:00,2022,8,8,8,0.010004290990913206,7.199999999999999
1672142400000,SHORT,6.634729064039389,-0.4850923064597515,6.984729064039389,True,LDO/USDT,2022-12-27 12:00:00,2022,1,1,1,-0.038686897417051634,37.71626297577855
1672272000000,LONG,-2.690597255851501,2.4877958967512503,6.013236481033101,True,TRB/USDT,2022-12-29 00:00:00,2022,1,1,1,0.04374802913559415,9.6
1672300800000,LONG,4.040719647942017,0.1326190907164611,4.390719647942016,True,ETC/USDT,2022-12-29 08:00:00,2022,1,2,2,0.03682289771274116,43.4
1672387200000,LONG,3.6297713280562895,-0.8400848796886848,5.736587510993852,False,LPT/USDT,2022-12-30 08:00:00,2022,1,1,2,-0.010302703605201292,26.200000000000003
1672416000000,LONG,5.4549079754601095,-0.591244325780722,5.804907975460109,True,GALA/USDT,2022-12-30 16:00:00,2022,1,2,2,0.001064017396133789,12.6
1672430400000,LONG,4.444672131147541,0.6349378918771849,4.79467213114754,False,ONE/USDT,2022-12-30 20:00:00,2022,2,3,3,-0.00812275378742499,29.599999999999998
1672646400000,LONG,7.460152838427945,-2.780135672881787,7.810152838427944,False,KAVA/USDT,2023-01-02 08:00:00,2023,1,1,1,-0.006819282220416672,3.4000000000000004
1672747200000,SHORT,5.882462173314977,0.4305654449277389,6.2324621733149765,True,JASMY/USDT,2023-01-03 12:00:00,2023,1,1,1,-0.004014093350358079,0.2
1672761600000,SHORT,-9.441635361883275,-1.6787104324263329,9.091635361883275,True,LDO/USDT,2023-01-03 16:00:00,2023,2,2,2,-0.08189530424511961,0.967741935483871
1672761600000,SHORT,-4.759183780937317,-0.5940846433239028,4.409183780937317,True,OP/USDT,2023-01-03 16:00:00,2023,3,3,3,0.06322168242969818,16.0
1672776000000,SHORT,5.445890410958893,0.90226144189402,5.795890410958893,True,JASMY/USDT,2023-01-03 20:00:00,2023,3,3,3,-0.017799982337317985,1.0
1672848000000,SHORT,-0.2210232158211472,-0.6858304596492635,7.458125537403247,True,MASK/USDT,2023-01-04 16:00:00,2023,1,1,4,0.14134555517338146,46.0
1672848000000,SHORT,-3.0213212415572617,1.5100104309325932,8.086817940350596,True,SOL/USDT,2023-01-04 16:00:00,2023,2,2,5,-0.05753354076034089,2.4
1672876800000,SHORT,-4.552960102960098,1.5068550718761622,4.202960102960098,True,SOL/USDT,2023-01-05 00:00:00,2023,1,2,2,-0.05627043345567339,9.8
1672876800000,SHORT,-5.165726062143296,-0.0483980522396558,4.8157260621432965,True,SNX/USDT,2023-01-05 00:00:00,2023,2,3,3,-0.03256712829471934,87.8
1672876800000,SHORT,-7.430949907235625,2.2014878678944894,7.080949907235626,True,LDO/USDT,2023-01-05 00:00:00,2023,3,4,4,0.011297680719215011,1.910828025477707
1672905600000,SHORT,4.529076232224946,-0.1497458572792341,4.8790762322249455,True,ETC/USDT,2023-01-05 08:00:00,2023,1,4,5,0.09269828155335534,40.8
1672920000000,SHORT,-7.744548994159622,-0.1925874757575865,7.3945489941596225,True,NEAR/USDT,2023-01-05 12:00:00,2023,2,5,6,0.16805875928146885,36.4
1672934400000,SHORT,-5.477646459773798,-0.1490140117989641,5.127646459773798,True,ETC/USDT,2023-01-05 16:00:00,2023,2,2,6,0.07816246213725551,28.799999999999997
1673006400000,LONG,5.323168392788648,2.1129421633506857,5.673168392788647,True,TRX/USDT,2023-01-06 12:00:00,2023,1,1,3,-0.04415508205107747,0.0
1673121600000,SHORT,-8.603493356193741,-0.0673150350585682,8.253493356193742,True,GALA/USDT,2023-01-07 20:00:00,2023,1,1,1,0.2707716649485668,3.2
1673150400000,SHORT,-4.632877882152,0.843282436837438,4.282877882152,True,GALA/USDT,2023-01-08 04:00:00,2023,1,1,1,0.256706140121755,45.4
1673265600000,SHORT,-7.941171028284425,3.767195556355853,7.591171028284426,True,LDO/USDT,2023-01-09 12:00:00,2023,1,1,1,0.0563479532792927,46.95121951219512
1673265600000,SHORT,-3.8111786716557527,,8.431587153102592,True,ADA/USDT,2023-01-09 12:00:00,2023,2,2,2,0.1229776006030083,71.8
1673280000000,SHORT,-8.90156960381033,-2.3006821767690298,8.55156960381033,True,APE/USDT,2023-01-09 16:00:00,2023,3,3,3,0.061110677861798426,28.799999999999997
1673280000000,SHORT,-5.445106082036747,1.0284359097331643,5.095106082036748,True,COMP/USDT,2023-01-09 16:00:00,2023,4,4,4,0.03870957311834584,67.0
1673280000000,SHORT,-4.354774774774762,1.550036798089357,4.004774774774762,True,ATOM/USDT,2023-01-09 16:00:00,2023,5,5,5,0.05705596469652776,51.6
1673280000000,SHORT,-9.903535514764563,-0.9874986025211926,9.553535514764564,True,OP/USDT,2023-01-09 16:00:00,2023,6,6,6,-0.15161060915799776,53.400000000000006
1673280000000,SHORT,-6.9242433434445285,-0.0148035277788845,6.574243343444529,False,WOO/USDT,2023-01-09 16:00:00,2023,7,7,7,0.05144287705044602,35.4
1673294400000,SHORT,-9.099609984399349,-0.2263330888625141,8.74960998439935,True,CRV/USDT,2023-01-09 20:00:00,2023,6,8,8,0.15610094147252065,64.60000000000001
1673294400000,SHORT,-6.0388349514562965,-0.2581382023831076,5.688834951456297,True,ENS/USDT,2023-01-09 20:00:00,2023,7,9,9,0.01501071451079564,51.2
1673294400000,SHORT,-6.164776632302388,0.3286252470230864,5.814776632302388,True,VET/USDT,2023-01-09 20:00:00,2023,8,10,10,0.0662574872038575,33.4
1673294400000,SHORT,-6.652834943301132,-0.9091469211422852,6.302834943301132,True,IMX/USDT,2023-01-09 20:00:00,2023,9,11,11,-0.010270355784781113,68.4
1673294400000,SHORT,-7.758931698774068,3.764854754852125,7.408931698774069,True,LDO/USDT,2023-01-09 20:00:00,2023,10,11,11,0.05537094629894195,46.808510638297875
1673294400000,SHORT,-5.926156489558534,0.2947502195027125,5.576156489558534,True,DOGE/USDT,2023-01-09 20:00:00,2023,11,12,12,0.006769686305211561,55.400000000000006
1673294400000,SHORT,-4.536334106728524,0.2320325414315668,4.186334106728524,True,ZEC/USDT,2023-01-09 20:00:00,2023,12,13,13,0.04958971664848166,42.0
1673294400000,SHORT,-4.544223484848467,,4.194223484848467,True,ADA/USDT,2023-01-09 20:00:00,2023,13,13,13,0.1287520958224949,71.6
1673294400000,SHORT,-4.95866197183098,-0.4571498326330042,4.608661971830981,True,INJ/USDT,2023-01-09 20:00:00,2023,14,14,14,0.1316117755502404,39.17995444191344
1673294400000,SHORT,-4.903560209424065,-1.4098108597259258,4.553560209424066,False,YFI/USDT,2023-01-09 20:00:00,2023,15,15,15,-0.10565151696082123,54.2
1673294400000,SHORT,-4.6513297872340456,-1.379063112016951,4.301329787234046,True,DOT/USDT,2023-01-09 20:00:00,2023,16,16,16,0.03106580568661917,92.60000000000001
1673294400000,SHORT,-4.698295059151001,0.736626543745474,4.348295059151002,True,RUNE/USDT,2023-01-09 20:00:00,2023,17,17,17,0.15774826909831635,33.4
1673294400000,SHORT,-4.592580402482596,-0.7702887814525603,4.242580402482596,False,KNC/USDT,2023-01-09 20:00:00,2023,18,18,18,0.1386286796871788,41.199999999999996
1673294400000,SHORT,-4.699253128784812,0.3474906584047649,4.349253128784812,False,SKL/USDT,2023-01-09 20:00:00,2023,19,19,19,0.13664224826837576,30.8
1673294400000,SHORT,-9.870060944641942,-0.787904596667468,9.520060944641942,True,MANA/USDT,2023-01-09 20:00:00,2023,20,20,20,0.19509304839204306,58.199999999999996
1673294400000,SHORT,-10.23764328735183,-0.5150360696249632,9.88764328735183,True,SAND/USDT,2023-01-09 20:00:00,2023,21,21,21,0.22286160011103404,68.0
1673294400000,SHORT,-5.487100557021386,-0.1406517849917963,5.137100557021387,True,NEO/USDT,2023-01-09 20:00:00,2023,22,22,22,-0.050417921839950176,45.800000000000004
1673294400000,SHORT,-5.845307739183416,-0.0045274874101883,5.495307739183416,True,NEAR/USDT,2023-01-09 20:00:00,2023,23,23,23,0.26238434893102713,55.400000000000006
1673294400000,SHORT,-4.740196006460133,-0.1943962062623841,4.390196006460133,True,BNB/USDT,2023-01-09 20:00:00,2023,24,24,24,-0.00194502398097459,47.0
1673294400000,SHORT,-4.725795053003521,1.0410918836927283,4.375795053003522,True,PEOPLE/USDT,2023-01-09 20:00:00,2023,25,25,25,0.05687447127634306,42.6
1673294400000,SHORT,-4.507192800725092,-0.4757236847069592,4.157192800725093,False,IOST/USDT,2023-01-09 20:00:00,2023,26,26,26,0.16866547401286625,56.2
1673294400000,SHORT,-7.809344827586203,0.8595498573981811,7.459344827586204,False,ENJ/USDT,2023-01-09 20:00:00,2023,27,27,27,0.1901216557067169,47.199999999999996
1673294400000,SHORT,-8.283160267796147,0.1004528857452475,7.933160267796147,True,AXS/USDT,2023-01-09 20:00:00,2023,28,28,28,-0.08885376705807113,94.39999999999999
1673294400000,SHORT,-8.837755102040793,-3.0862272601028287,8.487755102040794,True,FLOW/USDT,2023-01-09 20:00:00,2023,29,29,29,0.029054980341444565,52.6
1673294400000,SHORT,-4.969379068602908,-0.9220717953851294,4.619379068602909,True,ALGO/USDT,2023-01-09 20:00:00,2023,30,30,30,0.11538946939080537,32.4
1673294400000,SHORT,-5.375914786967404,1.568037406864701,5.025914786967404,False,ROSE/USDT,2023-01-09 20:00:00,2023,31,31,31,0.14530997372266413,45.6
1673294400000,SHORT,-5.276450450450425,0.6130343217189818,4.926450450450425,False,STORJ/USDT,2023-01-09 20:00:00,2023,32,32,32,0.07866592087242291,28.799999999999997
1673308800000,SHORT,-10.131333973128593,-0.9628119831549776,9.781333973128593,True,OP/USDT,2023-01-10 00:00:00,2023,28,32,32,-0.18529957591546245,53.2
1673308800000,SHORT,-5.4754757437684205,-2.2490508698195133,5.125475743768421,True,AR/USDT,2023-01-10 00:00:00,2023,29,33,33,0.0857264224634765,39.2
1673308800000,SHORT,-4.824465691788496,1.0201156838305143,4.474465691788496,True,COMP/USDT,2023-01-10 00:00:00,2023,30,33,33,0.01058790081480428,66.8
1673308800000,SHORT,-10.266087419375031,1.7181562301494182,9.916087419375032,True,SOL/USDT,2023-01-10 00:00:00,2023,31,34,34,-0.012826144682646742,82.8
1673308800000,SHORT,-6.839696807083437,-1.0464282391692417,6.489696807083438,True,FIL/USDT,2023-01-10 00:00:00,2023,32,35,35,0.07235621954442956,38.0
1673308800000,SHORT,-7.211682242990641,-0.202472877019793,6.861682242990641,False,KAVA/USDT,2023-01-10 00:00:00,2023,33,36,36,0.11674474453933323,40.0
1673308800000,SHORT,-5.110456730769229,-0.1637250360900693,4.76045673076923,False,RSR/USDT,2023-01-10 00:00:00,2023,34,37,37,-0.07693856428740709,49.4
1673308800000,SHORT,-7.94650214592272,-2.2758469338128764,7.59650214592272,True,APE/USDT,2023-01-10 00:00:00,2023,35,37,37,0.00672949451587949,18.4
1673323200000,SHORT,-4.745150259067339,-0.90838050170794,4.395150259067339,True,IMX/USDT,2023-01-10 04:00:00,2023,9,37,37,-0.0098228419152779,68.4
1673323200000,SHORT,-5.48130958354238,1.568022678478306,5.1313095835423805,False,ROSE/USDT,2023-01-10 04:00:00,2023,10,37,37,0.1350389018980604,45.4
1673323200000,SHORT,-4.843528064146611,-0.4139833720418724,4.493528064146611,True,VET/USDT,2023-01-10 04:00:00,2023,11,37,37,0.08442279950345036,33.4
1673323200000,SHORT,-5.135814116002789,0.7355725866887528,4.785814116002789,True,RUNE/USDT,2023-01-10 04:00:00,2023,12,37,37,0.17968633406642112,33.4
1673323200000,SHORT,-5.352127659574455,0.609989706238397,5.002127659574455,False,STORJ/USDT,2023-01-10 04:00:00,2023,13,37,37,0.07479615727512082,28.599999999999998
1673323200000,SHORT,-7.769676214196743,-0.7773360168332203,7.419676214196744,True,MANA/USDT,2023-01-10 04:00:00,2023,14,37,37,0.14531072792827468,57.99999999999999
1673323200000,SHORT,-8.593012422360221,-0.2254798901522461,8.243012422360222,True,CRV/USDT,2023-01-10 04:00:00,2023,15,37,37,0.15458837733277794,64.4
1673323200000,SHORT,-6.982586558044795,-3.0140639966985354,6.632586558044795,False,MTL/USDT,2023-01-10 04:00:00,2023,16,38,38,0.05547086502939914,70.39999999999999
1673323200000,SHORT,-8.619865067466256,-0.1756112982174375,8.269865067466256,False,ANKR/USDT,2023-01-10 04:00:00,2023,17,39,39,0.06552165045768857,49.0
1673323200000,SHORT,-7.920624784259562,0.8598871679403272,7.570624784259563,False,ENJ/USDT,2023-01-10 04:00:00,2023,18,39,39,0.19765263499098362,40.0
1673323200000,SHORT,-5.910889395667034,1.579624333652253,5.560889395667035,True,GRT/USDT,2023-01-10 04:00:00,2023,19,40,40,-0.09126220525783314,49.2
1673323200000,SHORT,-5.626017375400076,0.1440895929211982,5.276017375400077,True,HBAR/USDT,2023-01-10 04:00:00,2023,20,41,41,0.09559489535048284,33.800000000000004
1673323200000,SHORT,-9.600859571180196,-0.5138961099623617,9.250859571180197,True,SAND/USDT,2023-01-10 04:00:00,2023,21,41,41,0.227539801920504,67.80000000000001
1673323200000,SHORT,-7.434560119289686,0.1015037042445771,7.084560119289686,True,AXS/USDT,2023-01-10 04:00:00,2023,22,41,41,-0.08369152268673125,94.19999999999999
1673337600000,SHORT,4.023763511300345,-1.100005836192565,4.373763511300345,True,GMT/USDT,2023-01-10 08:00:00,2023,15,40,42,0.2157630437898449,93.8
1673337600000,SHORT,9.167743403093722,3.7539581323327695,9.51774340309372,True,LDO/USDT,2023-01-10 08:00:00,2023,16,40,42,0.039630674128274083,46.666666666666664
1673337600000,SHORT,4.100733412396215,1.7152230505811257,4.450733412396215,True,SOL/USDT,2023-01-10 08:00:00,2023,17,40,42,-0.01100386066256514,82.6
1673337600000,SHORT,-6.868276972624788,-1.0456210467379428,6.518276972624788,True,FIL/USDT,2023-01-10 08:00:00,2023,18,40,42,0.09040094202771168,37.8
1673337600000,SHORT,-9.07037368825184,-0.2487515023786856,8.720373688251842,False,WAVES/USDT,2023-01-10 08:00:00,2023,19,41,43,0.09956178714961278,56.99999999999999
1673352000000,SHORT,-6.751436119766968,-3.011201003286089,6.401436119766968,False,MTL/USDT,2023-01-10 12:00:00,2023,6,25,43,0.041189832900704215,70.19999999999999
1673352000000,SHORT,5.549752964426869,-0.1756478213858745,5.8997529644268685,False,ANKR/USDT,2023-01-10 12:00:00,2023,7,25,43,0.06501785001125754,48.8
1673366400000,SHORT,6.214334350786553,,6.564334350786552,True,GALA/USDT,2023-01-10 16:00:00,2023,3,20,44,0.23663283329792859,1.7999999999999998
1673366400000,SHORT,10.688901132694372,4.903468637815907,11.038901132694372,True,LDO/USDT,2023-01-10 16:00:00,2023,4,20,44,0.03484795064671948,46.52567975830816
1673380800000,SHORT,-12.334861028976915,,11.984861028976916,False,WOO/USDT,2023-01-10 20:00:00,2023,3,9,43,0.03518209416770416,34.8
1673395200000,SHORT,-5.7589138576779,-0.5747782565568568,5.4089138576779,True,DYDX/USDT,2023-01-11 00:00:00,2023,2,6,28,0.11189920249479579,65.60000000000001
1673395200000,SHORT,-7.679787234042547,-0.7187424880154082,7.329787234042548,True,IMX/USDT,2023-01-11 00:00:00,2023,3,7,28,-0.01653739772516747,68.0
1673395200000,SHORT,-4.728415300546421,0.101916538064444,4.378415300546421,True,AVAX/USDT,2023-01-11 00:00:00,2023,4,8,29,0.1050014386306472,75.4
1673395200000,SHORT,-6.363726835964302,-1.2195550230537229,6.013726835964302,True,CHZ/USDT,2023-01-11 00:00:00,2023,5,9,30,-0.0841839429981307,51.0
1673395200000,SHORT,-9.51511528608026,1.2161079593004516,9.165115286080262,True,PEOPLE/USDT,2023-01-11 00:00:00,2023,6,10,31,0.1693678057730217,42.4
1673409600000,SHORT,-10.205735464398916,-0.7363286814568168,9.855735464398917,True,APT/USDT,2023-01-11 04:00:00,2023,6,9,26,0.3449773824780103,81.88976377952756
1673424000000,SHORT,-10.891944546231828,,10.541944546231829,False,WOO/USDT,2023-01-11 08:00:00,2023,2,7,15,0.057752464388323974,34.8
1673510400000,SHORT,-9.345083798882651,,8.995083798882654,True,AVAX/USDT,2023-01-12 08:00:00,2023,1,1,2,0.3325536185775132,4.6
1673524800000,SHORT,-4.693693816398803,-1.5981510393049438,4.343693816398804,True,XRP/USDT,2023-01-12 12:00:00,2023,2,2,2,0.017465547027627724,81.8
1673524800000,SHORT,-6.71743838685585,0.2502502158897557,6.36743838685585,False,ONE/USDT,2023-01-12 12:00:00,2023,3,3,3,0.2435874232694359,48.0
1673524800000,SHORT,-10.096306413301658,-1.0692246938844667,9.746306413301658,False,WAVES/USDT,2023-01-12 12:00:00,2023,4,4,4,0.020925611536618847,56.599999999999994
1673539200000,SHORT,-6.098168701442843,,5.748168701442843,True,AVAX/USDT,2023-01-12 16:00:00,2023,4,4,4,0.33913136954755985,75.4
1673683200000,SHORT,1.4369415807560153,-0.3554880349959392,9.84745704467352,True,MASK/USDT,2023-01-14 08:00:00,2023,1,1,1,0.1778263221210263,50.4
1673683200000,SHORT,0.0667000560942465,,5.942327109544012,True,BCH/USDT,2023-01-14 08:00:00,2023,2,2,2,0.07084911760782074,94.19999999999999
1673683200000,SHORT,0.1172897196261686,0.6342026846114893,7.037441588785037,True,RUNE/USDT,2023-01-14 08:00:00,2023,3,3,3,0.3004288278806376,33.2
1673683200000,SHORT,-0.6620356612184235,-0.0972999302004292,6.112332838038622,True,LINK/USDT,2023-01-14 08:00:00,2023,4,4,4,0.2521675306613269,55.400000000000006
1673683200000,SHORT,-8.766298500629503,2.3082215580324363,8.416298500629503,True,AR/USDT,2023-01-14 08:00:00,2023,5,5,5,0.2546578135517325,39.2
1673683200000,SHORT,-7.792252188313201,-1.664853965011987,7.442252188313201,True,FIL/USDT,2023-01-14 08:00:00,2023,6,6,6,0.2124355240309942,37.6
1673683200000,SHORT,-7.645846394984311,0.8714065909704533,7.295846394984311,True,PEOPLE/USDT,2023-01-14 08:00:00,2023,7,7,7,0.1597420316724637,42.4
1673683200000,SHORT,0.516242038216564,-0.5639530463366929,4.618649681528644,True,XRP/USDT,2023-01-14 08:00:00,2023,8,8,8,0.09346810590386077,81.39999999999999
1673683200000,SHORT,-6.485272606382972,1.5202278488818546,6.135272606382972,True,THETA/USDT,2023-01-14 08:00:00,2023,9,9,9,0.2149069844814397,31.4
1673683200000,SHORT,3.020485956308516,-0.1438013029735506,7.16404369148461,True,ETC/USDT,2023-01-14 08:00:00,2023,10,10,10,0.19657525643367307,87.6
1673683200000,SHORT,-7.220454545454523,1.8726249774888184,6.870454545454523,True,TRB/USDT,2023-01-14 08:00:00,2023,11,11,11,0.08597212148095214,21.2
1673683200000,SHORT,-7.278304239401479,-0.1856192427074965,6.92830423940148,True,CRV/USDT,2023-01-14 08:00:00,2023,12,12,12,0.25716420581424954,63.0
1673683200000,SHORT,3.140136570561466,2.601975033834967,7.893994089928895,True,ATOM/USDT,2023-01-14 08:00:00,2023,13,13,13,0.14363049908417183,32.4
1673683200000,SHORT,0.6203196347032005,-0.3149001073109233,6.0821347031963295,True,ADA/USDT,2023-01-14 08:00:00,2023,14,14,14,0.16080627835980116,71.2
1673683200000,SHORT,5.042828084978158,0.6743843653992063,5.392828084978158,True,UNI/USDT,2023-01-14 08:00:00,2023,15,15,15,0.19670083758072357,46.2
1673683200000,SHORT,4.946614190209175,1.3523775102145932,5.296614190209175,True,ZEC/USDT,2023-01-14 08:00:00,2023,16,16,16,0.07833274029156505,41.8
1673683200000,SHORT,-1.211450107681268,2.7110665915197494,5.916223977027982,False,CHR/USDT,2023-01-14 08:00:00,2023,17,17,17,0.18404262302389396,33.800000000000004
1673683200000,SHORT,-0.6777399056109001,0.4291695343995853,6.387952281069722,True,NEO/USDT,2023-01-14 08:00:00,2023,18,18,18,0.12431206797523878,45.800000000000004
1673683200000,SHORT,-6.000630455868081,1.5206800560713782,5.6506304558680815,True,VET/USDT,2023-01-14 08:00:00,2023,19,19,19,0.30194623269429566,33.4
1673683200000,SHORT,-1.941852877199921,1.8839705580423065,8.392228594028072,False,DUSK/USDT,2023-01-14 08:00:00,2023,20,20,20,0.08705237319109915,37.6
1673683200000,SHORT,-6.31464413184967,1.3037296558149114,5.964644131849671,False,1INCH/USDT,2023-01-14 08:00:00,2023,21,21,21,0.28375270046608797,69.6
1673697600000,SHORT,-12.2672068636797,,11.9172068636797,True,SNX/USDT,2023-01-14 12:00:00,2023,22,22,22,-0.028211172355733508,88.0
1673697600000,SHORT,-10.404539579967675,0.8207843934158067,10.054539579967676,False,KSM/USDT,2023-01-14 12:00:00,2023,23,23,23,-0.041183572674288266,66.8
1673697600000,SHORT,-11.70962752383936,1.396245337093546,11.35962752383936,True,SOL/USDT,2023-01-14 12:00:00,2023,24,24,24,0.15435729738988574,99.8
1673697600000,SHORT,-7.038238028823787,-2.9172194552468302,6.688238028823787,False,MTL/USDT,2023-01-14 12:00:00,2023,25,25,25,0.15111276376410315,99.8
1673697600000,SHORT,-1.5241682974559754,,9.67245596868883,False,ZRX/USDT,2023-01-14 12:00:00,2023,26,26,26,0.10588532986373324,59.0
1673697600000,SHORT,2.2302289953233414,0.3735334572423412,6.414078374455712,True,TRX/USDT,2023-01-14 12:00:00,2023,27,27,27,0.2705330656704522,95.19999999999999
1673697600000,SHORT,6.261635664612421,0.8361923893546434,6.611635664612421,True,XMR/USDT,2023-01-14 12:00:00,2023,28,28,28,0.0767162518444668,83.39999999999999
1673697600000,SHORT,-11.804888677653862,0.7095174130039839,11.454888677653862,True,APT/USDT,2023-01-14 12:00:00,2023,29,29,29,0.14808563393621152,83.33333333333334
1673712000000,SHORT,-7.261196388261855,2.270581253549456,6.911196388261855,True,AR/USDT,2023-01-14 16:00:00,2023,9,29,29,0.19637614539760778,99.8
1673712000000,SHORT,-7.349803536345767,1.4914038229361448,6.999803536345768,True,VET/USDT,2023-01-14 16:00:00,2023,10,29,29,0.23972199230077756,99.8
1673712000000,SHORT,-7.363520749665314,1.8471680698534465,7.0135207496653145,True,TRB/USDT,2023-01-14 16:00:00,2023,11,29,29,0.009635820586594623,99.6
1673712000000,SHORT,4.185115154961616,0.9363692634975002,9.397441000852996,False,YFI/USDT,2023-01-14 16:00:00,2023,12,30,30,0.04083000925441532,53.800000000000004
1673712000000,SHORT,3.427335984095429,0.4816746121732126,7.558290258449284,True,NEO/USDT,2023-01-14 16:00:00,2023,13,30,30,0.03155281157303519,45.800000000000004
1673712000000,SHORT,3.784446310382281,0.2030081643675174,4.134446310382281,True,BNB/USDT,2023-01-14 16:00:00,2023,14,31,31,0.11730609177365053,99.8
1673712000000,SHORT,2.8407179115300853,2.664324830433595,6.991515591007971,False,CHR/USDT,2023-01-14 16:00:00,2023,15,31,31,0.11740649037126534,33.800000000000004
1673712000000,SHORT,5.427053561054949,-0.4551301543634257,5.777053561054949,True,XLM/USDT,2023-01-14 16:00:00,2023,16,32,32,0.1327637961501395,59.599999999999994
1673712000000,SHORT,5.250471698113189,-0.0117511494966712,5.600471698113188,True,BCH/USDT,2023-01-14 16:00:00,2023,17,32,32,0.0460399738240264,94.0
1673712000000,SHORT,4.809181269327041,-0.7603090535884088,5.159181269327041,True,LINK/USDT,2023-01-14 16:00:00,2023,18,32,32,0.11127165488646114,99.8
1673712000000,SHORT,4.348674145843945,-0.5534632370884798,4.6986741458439445,True,XRP/USDT,2023-01-14 16:00:00,2023,19,32,32,0.06716794054680421,81.2
1673712000000,SHORT,-10.476166783461798,,10.126166783461798,False,KNC/USDT,2023-01-14 16:00:00,2023,20,33,33,0.4414510899341661,99.8
1673712000000,SHORT,-9.034210526315784,1.0105104516291976,8.684210526315784,False,COTI/USDT,2023-01-14 16:00:00,2023,21,34,34,0.10501616985085219,99.2
1673712000000,SHORT,-8.40801104972374,0.926750953202686,8.05801104972374,True,PEOPLE/USDT,2023-01-14 16:00:00,2023,22,34,34,0.08567759235250409,99.8
1673712000000,SHORT,-7.423311736855209,0.6854965275409984,7.073311736855209,False,EGLD/USDT,2023-01-14 16:00:00,2023,23,35,35,0.09956589317457898,99.8
1673712000000,SHORT,-7.856478209658416,0.4136011848626786,7.506478209658416,True,RUNE/USDT,2023-01-14 16:00:00,2023,24,35,35,0.2673164610688471,99.8
1673712000000,SHORT,-8.072580645161272,-1.6475387315863868,7.722580645161272,True,FIL/USDT,2023-01-14 16:00:00,2023,25,35,35,0.1630826373886591,99.8
1673712000000,SHORT,6.671450428396578,0.4581182583068175,7.0214504283965775,True,UNI/USDT,2023-01-14 16:00:00,2023,26,35,35,0.18476204421003942,46.2
1673712000000,SHORT,6.249311729280159,-0.3098833474940611,6.599311729280159,True,ADA/USDT,2023-01-14 16:00:00,2023,27,35,35,0.12971559807005112,99.8
1673712000000,SHORT,5.830987188556135,2.506419978842497,6.180987188556134,True,ATOM/USDT,2023-01-14 16:00:00,2023,28,35,35,0.04647766641302163,87.0
1673712000000,SHORT,-5.421197072660724,0.2609438209495479,5.071197072660724,False,ONT/USDT,2023-01-14 16:00:00,2023,29,36,36,0.18076240856610898,36.4
1673712000000,SHORT,-6.879813664596255,-0.1827954688388881,6.529813664596255,True,CRV/USDT,2023-01-14 16:00:00,2023,30,36,36,0.21321771878765203,99.8
1673712000000,SHORT,-6.873765301815108,0.524283363694538,6.523765301815108,False,1INCH/USDT,2023-01-14 16:00:00,2023,31,36,36,0.10356166598494544,99.8
1673712000000,SHORT,-6.909241603466947,1.4800349322269004,6.559241603466948,False,ROSE/USDT,2023-01-14 16:00:00,2023,32,37,37,0.14867459677062367,99.8
1673712000000,SHORT,-6.6265978695073136,1.4875634248713512,6.276597869507314,True,THETA/USDT,2023-01-14 16:00:00,2023,33,37,37,0.13690426380066176,99.8
1673726400000,SHORT,3.690895813047713,,9.138510223953244,False,ZRX/USDT,2023-01-14 20:00:00,2023,26,37,37,0.10171795382622412,59.0
1673726400000,SHORT,-9.243478260869546,1.4742484991688396,8.893478260869546,False,KSM/USDT,2023-01-14 20:00:00,2023,27,37,37,-0.022511229332507283,66.60000000000001
1673726400000,SHORT,-6.655222929936291,-2.9164928344821868,6.305222929936291,False,MTL/USDT,2023-01-14 20:00:00,2023,28,37,37,0.15892301401312697,99.6
1673726400000,SHORT,-11.682999999999971,,11.332999999999974,True,SNX/USDT,2023-01-14 20:00:00,2023,29,37,37,0.031582554095636275,87.8
1673726400000,SHORT,5.94941027801179,1.6891630163541358,6.2994102780117895,True,APT/USDT,2023-01-14 20:00:00,2023,30,37,37,0.15671402991647929,99.62264150943396
1673726400000,SHORT,5.384919005247535,1.109383769689075,5.734919005247535,True,XMR/USDT,2023-01-14 20:00:00,2023,31,37,37,0.08740324209531868,83.2
1673726400000,SHORT,4.410362694300527,0.3659097354112726,6.1952234455958495,True,TRX/USDT,2023-01-14 20:00:00,2023,32,37,37,0.32071381838851476,95.0
1673740800000,SHORT,-11.175525578135952,-0.5652252878504057,10.825525578135952,True,MANA/USDT,2023-01-15 00:00:00,2023,8,34,38,0.22284459849234364,57.99999999999999
1673740800000,SHORT,2.2145380434782576,,6.653923233695641,True,DOT/USDT,2023-01-15 00:00:00,2023,9,35,39,0.13010952788811642,90.60000000000001
1673740800000,SHORT,-10.047477477477448,,9.697477477477449,False,ONE/USDT,2023-01-15 00:00:00,2023,10,36,40,0.22591366744942623,99.6
1673740800000,SHORT,-10.502560521415251,-0.1513529409475741,10.152560521415252,True,NEAR/USDT,2023-01-15 00:00:00,2023,11,37,41,0.26556458361910795,52.800000000000004
1673740800000,SHORT,-6.099039156191296,0.928931760772722,5.749039156191296,False,YFI/USDT,2023-01-15 00:00:00,2023,12,37,41,0.02070768647468411,53.6
1673740800000,SHORT,5.525288937809562,1.0698325322942968,5.875288937809562,True,AXS/USDT,2023-01-15 00:00:00,2023,13,38,42,0.16509191625606928,92.2
1673740800000,SHORT,3.819944712386752,0.6136904203498175,4.169944712386752,True,DOGE/USDT,2023-01-15 00:00:00,2023,14,39,43,0.08410051736218506,99.6
1673740800000,SHORT,-6.994358080943433,1.1540078940677048,6.644358080943434,True,AAVE/USDT,2023-01-15 00:00:00,2023,15,40,44,0.19981258283633754,99.6
1673755200000,SHORT,5.612837092289355,1.3723181841539311,11.5575760250695,True,SOL/USDT,2023-01-15 04:00:00,2023,9,40,44,0.13967798728758143,99.6
1673755200000,SHORT,-7.83454288407161,2.4826456031594994,7.48454288407161,True,SAND/USDT,2023-01-15 04:00:00,2023,10,41,45,0.19486295926808644,99.4
1673755200000,SHORT,-5.361685261303572,0.8149218081981315,5.0116852613035725,True,HBAR/USDT,2023-01-15 04:00:00,2023,11,42,46,0.07399676370670906,43.0
1673755200000,SHORT,6.546912751677843,-1.2256141612954852,6.896912751677843,True,DYDX/USDT,2023-01-15 04:00:00,2023,12,43,47,0.05858549539153853,64.2
1673755200000,SHORT,-7.196894103727073,,6.846894103727073,True,COMP/USDT,2023-01-15 04:00:00,2023,13,44,48,0.011919991762687937,65.60000000000001
1673755200000,SHORT,-4.642942773128245,-0.9739850681989076,4.292942773128245,False,STG/USDT,2023-01-15 04:00:00,2023,14,45,49,-0.10469972862080461,54.20560747663551
1673769600000,SHORT,-8.349484801648613,-0.2680646893136912,7.999484801648612,True,MANA/USDT,2023-01-15 08:00:00,2023,7,21,49,0.23170375731926812,57.99999999999999
1673769600000,SHORT,-6.980068337129841,1.1516343748241786,6.630068337129841,True,AAVE/USDT,2023-01-15 08:00:00,2023,8,21,49,0.1890955005069676,99.6
1673769600000,SHORT,-5.225650152549751,0.9255791368142108,4.875650152549752,False,YFI/USDT,2023-01-15 08:00:00,2023,9,21,49,0.008287685715737035,53.6
1673769600000,SHORT,-6.579976905311766,-0.1498322434663309,6.229976905311767,True,NEAR/USDT,2023-01-15 08:00:00,2023,10,21,49,0.23093601328878882,99.6
1673784000000,SHORT,-5.830561555075589,,10.806587473002145,False,KNC/USDT,2023-01-15 12:00:00,2023,5,15,45,0.3433658492719097,40.8
1673784000000,SHORT,6.316103983794715,1.3735958255827,6.666103983794715,True,SOL/USDT,2023-01-15 12:00:00,2023,6,15,45,0.14606288175067517,99.8
1673812800000,SHORT,-5.0468563070340045,1.3712016477898612,4.696856307034005,True,SOL/USDT,2023-01-15 20:00:00,2023,1,6,22,0.14177316449233343,99.2
1673827200000,SHORT,10.877334032668957,,11.227334032668956,True,APT/USDT,2023-01-16 00:00:00,2023,2,3,16,0.15213098410296375,98.88059701492537
1673856000000,SHORT,5.9385992311388645,1.4255928266918731,6.288599231138864,True,GRT/USDT,2023-01-16 08:00:00,2023,1,3,8,-0.16371873099735362,49.0
1673856000000,SHORT,3.908582976699953,1.5483125135269498,4.258582976699953,True,VET/USDT,2023-01-16 08:00:00,2023,2,4,9,0.19077819485573486,33.4
1673856000000,SHORT,4.680722630895703,0.0646200662202432,5.030722630895703,True,ALGO/USDT,2023-01-16 08:00:00,2023,3,5,10,0.04934971494269727,32.4
1673856000000,SHORT,-6.187409154660196,1.0696058222403293,5.837409154660196,True,AAVE/USDT,2023-01-16 08:00:00,2023,4,6,10,0.09107236589518408,98.8
1673856000000,SHORT,-6.659162995594699,3.6711130338469022,6.3091629955947,False,BAT/USDT,2023-01-16 08:00:00,2023,5,7,11,0.05216259338567713,39.6
1673856000000,SHORT,-6.750654022236743,0.4562703957195298,6.400654022236743,True,FIL/USDT,2023-01-16 08:00:00,2023,6,8,12,-0.04720371548131469,37.6
1673856000000,SHORT,-5.623058542413367,1.9575909363603905,5.273058542413367,False,STORJ/USDT,2023-01-16 08:00:00,2023,7,9,13,-0.03215171998556762,28.199999999999996
1673856000000,SHORT,10.818088569103583,0.987472247106879,11.168088569103585,False,WAVES/USDT,2023-01-16 08:00:00,2023,8,10,14,0.10320057797153039,55.60000000000001
1673856000000,SHORT,9.355549110595508,,9.705549110595507,True,COMP/USDT,2023-01-16 08:00:00,2023,9,11,15,0.004480964597598421,65.4
1673856000000,SHORT,7.892017879948899,1.812409969936256,8.242017879948898,True,TRB/USDT,2023-01-16 08:00:00,2023,10,12,16,-0.07532425388831959,98.4
1673870400000,SHORT,8.161088082901545,0.0402687888374209,8.511088082901544,False,WOO/USDT,2023-01-16 12:00:00,2023,11,12,14,-0.040564103663346646,35.0
1673870400000,SHORT,10.629830985915492,4.578218434670334,10.979830985915491,False,ONE/USDT,2023-01-16 12:00:00,2023,12,13,15,0.05077443461416302,99.6
1673870400000,SHORT,-12.018122786304586,1.0208281324270014,11.668122786304586,True,CRV/USDT,2023-01-16 12:00:00,2023,13,14,16,0.17458034738336034,99.4
1673870400000,SHORT,-7.085916666666659,3.397908265947373,6.735916666666659,False,ENJ/USDT,2023-01-16 12:00:00,2023,14,15,17,0.21146845304272724,47.199999999999996
1673913600000,SHORT,8.176043165467624,-0.4940369856246197,8.526043165467623,True,CELO/USDT,2023-01-17 00:00:00,2023,1,5,16,-0.1018160099109266,47.599999999999994
1673942400000,SHORT,4.800924608819345,-0.0561810119259583,5.150924608819345,True,CELO/USDT,2023-01-17 08:00:00,2023,1,1,15,-0.124274538980455,47.599999999999994
1673985600000,SHORT,7.566613325574626,0.8866613856725702,7.916613325574626,False,KSM/USDT,2023-01-17 20:00:00,2023,1,2,2,0.016706537024569718,64.8
1674000000000,SHORT,6.039760420085303,1.0904200175321106,6.389760420085302,True,IMX/USDT,2023-01-18 00:00:00,2023,2,2,3,-0.04388570910955123,67.60000000000001
1674014400000,SHORT,-5.999653193016001,2.1084474791356995,5.649653193016001,True,AAVE/USDT,2023-01-18 04:00:00,2023,2,3,4,0.053490348687648716,98.6
1674043200000,SHORT,-7.974260712130352,1.4644619560215255,7.624260712130352,False,KSM/USDT,2023-01-18 12:00:00,2023,1,3,3,0.03267822803276754,64.4
1674072000000,SHORT,-11.775839361899449,2.134546817267356,11.425839361899447,True,HBAR/USDT,2023-01-18 20:00:00,2023,1,2,4,0.0025305735377742005,3.4000000000000004
1674302400000,SHORT,-4.451704945751716,2.1715487037063603,4.101704945751717,True,HBAR/USDT,2023-01-21 12:00:00,2023,1,1,1,0.07994951608534177,44.6
1674302400000,SHORT,8.125333174678708,3.312582052735525,8.475333174678708,False,KNC/USDT,2023-01-21 12:00:00,2023,2,2,2,0.043062492515267614,40.2
1674345600000,SHORT,-8.933410441767062,0.8574832308583931,8.583410441767063,True,APT/USDT,2023-01-22 00:00:00,2023,1,3,3,0.1354702208249814,41.60839160839161
1674417600000,SHORT,8.166228748068006,2.731974241913733,8.516228748068006,True,INJ/USDT,2023-01-22 20:00:00,2023,1,1,2,0.10971253512616749,35.98326359832636
1674417600000,SHORT,9.000325581395334,4.334023768881751,9.350325581395332,True,CRV/USDT,2023-01-22 20:00:00,2023,2,2,3,0.056677601174404325,59.8
1674446400000,SHORT,9.000325581395334,3.701359905804256,9.350325581395332,True,CRV/USDT,2023-01-23 04:00:00,2023,1,2,2,0.07183661243515799,59.8
1674446400000,SHORT,5.913505894413121,2.984506598921476,6.263505894413121,True,INJ/USDT,2023-01-23 04:00:00,2023,2,2,2,0.09780081638219418,35.908141962421716
1674460800000,SHORT,-6.600663544106167,,6.250663544106168,False,STG/USDT,2023-01-23 08:00:00,2023,3,3,3,0.2217296426268252,99.33628318584071
1674489600000,SHORT,-7.910534218428942,,7.560534218428942,False,STG/USDT,2023-01-23 16:00:00,2023,1,3,3,0.21810425859991844,99.77924944812362
1674489600000,SHORT,6.07181846783073,,6.42181846783073,True,AXS/USDT,2023-01-23 16:00:00,2023,2,4,4,0.16355033732943106,89.4
1674518400000,SHORT,6.371772006246391,,6.721772006246391,True,AXS/USDT,2023-01-24 00:00:00,2023,1,2,4,0.146766320118278,89.2
1674561600000,SHORT,6.644504585258205,0.7066680421707178,6.994504585258205,True,CHZ/USDT,2023-01-24 12:00:00,2023,1,2,3,-0.003812143901155569,50.8
1674633600000,SHORT,-9.818984729673934,3.766956527910889,9.468984729673934,False,COTI/USDT,2023-01-25 08:00:00,2023,1,1,2,0.039752534292200846,45.4
1674734400000,SHORT,-8.12693518386036,2.548227743353212,7.776935183860359,False,DUSK/USDT,2023-01-26 12:00:00,2023,1,1,1,0.04634862189234585,38.2
1674806400000,SHORT,7.530156182212569,6.505369275281339,7.880156182212569,False,COTI/USDT,2023-01-27 08:00:00,2023,1,1,2,0.1029269612428555,45.4
1674864000000,SHORT,-5.957228827242036,2.7327366226195053,5.607228827242036,False,WAVES/USDT,2023-01-28 00:00:00,2023,1,1,2,0.0779603569411257,53.2
1674892800000,SHORT,6.762314423007946,2.724339415493515,7.112314423007946,False,WAVES/USDT,2023-01-28 08:00:00,2023,1,1,2,0.06847977487860984,53.2
1674950400000,SHORT,-4.651132725929559,0.225887074236611,4.301132725929559,True,AVAX/USDT,2023-01-29 00:00:00,2023,1,1,2,0.23332533370644062,72.6
1675065600000,SHORT,-1.115027322404372,,9.946338797814173,False,ALICE/USDT,2023-01-30 08:00:00,2023,1,1,1,-0.07088748200550839,28.4
1675252800000,SHORT,-10.021968190854858,4.073129523421996,9.67196819085486,True,DYDX/USDT,2023-02-01 12:00:00,2023,1,1,1,0.0980225830965954,98.0
1675281600000,SHORT,-5.502960472363446,,5.152960472363446,False,SFP/USDT,2023-02-01 20:00:00,2023,1,2,2,-0.06734099659772955,44.800000000000004
1675353600000,SHORT,-7.763084112149519,1.6205416610441965,7.413084112149519,True,INJ/USDT,2023-02-02 16:00:00,2023,1,1,2,-0.10514861201911391,99.8
1675382400000,SHORT,-11.952409638554204,0.6794452823743791,11.602409638554205,True,OP/USDT,2023-02-03 00:00:00,2023,1,2,2,0.10160629004078124,99.4
1675382400000,SHORT,-7.409645293315126,1.61958361199736,7.059645293315127,True,INJ/USDT,2023-02-03 00:00:00,2023,2,2,2,-0.09861978242942082,99.6
1675540800000,SHORT,1.912931034482749,1.3665718432320555,11.59455818965517,True,TRB/USDT,2023-02-04 20:00:00,2023,1,1,1,0.0006102107277889365,96.8
1675598400000,SHORT,-9.662565812565807,1.2055815300845156,9.312565812565808,False,BAT/USDT,2023-02-05 12:00:00,2023,1,1,2,-0.018437114692879533,18.0
1675656000000,SHORT,-11.827474807350312,1.1613886232056698,11.477474807350314,True,JASMY/USDT,2023-02-06 04:00:00,2023,1,1,2,0.13045092406228556,29.599999999999998
1675684800000,LONG,-9.98810791498833,2.179463629433147,9.63810791498833,True,APT/USDT,2023-02-06 12:00:00,2023,1,2,3,0.04114147509133076,99.3993993993994
1675800000000,SHORT,10.534908757362151,2.085147835485728,10.884908757362153,False,LPT/USDT,2023-02-07 20:00:00,2023,1,1,1,-0.13997155182939988,54.6
1675814400000,SHORT,8.668958554728993,1.7799809631761354,9.018958554728991,False,ARPA/USDT,2023-02-08 00:00:00,2023,2,2,2,-0.09942973736812943,39.0
1675843200000,SHORT,-4.846943317835579,2.086355004580166,4.496943317835579,False,LPT/USDT,2023-02-08 08:00:00,2023,1,2,2,-0.13151149865563738,54.400000000000006
1675886400000,SHORT,9.76158362786454,0.686088384370029,10.11158362786454,True,GRT/USDT,2023-02-08 20:00:00,2023,1,2,3,0.22207079938424953,99.4
1676073600000,LONG,-0.3563387423935033,0.4074407587868336,4.4267811866125735,True,XMR/USDT,2023-02-11 00:00:00,2023,1,1,1,0.04444499938724712,76.2
1676203200000,SHORT,8.816298342541433,1.101439843155256,9.166298342541433,True,HBAR/USDT,2023-02-12 12:00:00,2023,1,1,1,0.012471875337650552,12.0
1676577600000,SHORT,-5.974697151309594,0.0327896580186632,7.817831730891845,True,BTC/USDT,2023-02-16 20:00:00,2023,1,1,1,0.22651606398447974,99.6
1676592000000,SHORT,0.6216710004105569,2.276366884240684,5.598453537703571,False,DASH/USDT,2023-02-17 00:00:00,2023,2,2,2,0.009990878114103197,31.0
1676721600000,SHORT,-8.843521126760551,,8.493521126760552,True,ICP/USDT,2023-02-18 12:00:00,2023,1,1,1,-0.041827063031856834,98.2
1676750400000,SHORT,-5.152279807419969,,4.8022798074199695,True,ICP/USDT,2023-02-18 20:00:00,2023,1,1,1,-0.04324652527892395,98.6
1676822400000,SHORT,-5.78446528129749,0.4239907752262898,5.4344652812974905,True,LINK/USDT,2023-02-19 16:00:00,2023,1,1,2,-0.0021081060056027936,44.0
1676822400000,SHORT,-7.30906432748537,0.1639419221615127,6.95906432748537,True,VET/USDT,2023-02-19 16:00:00,2023,2,2,3,-0.01822012264629053,26.6
1676822400000,SHORT,10.631089055793977,-0.2059195191277352,10.981089055793976,True,ICP/USDT,2023-02-19 16:00:00,2023,3,3,3,-0.004519943097582346,97.39999999999999
1676822400000,SHORT,9.212109196278757,-0.3457300579929195,9.562109196278756,False,WOO/USDT,2023-02-19 16:00:00,2023,4,4,4,-0.10245491598507218,33.4
1676836800000,SHORT,6.011643835616428,2.928303916331111,6.361643835616428,True,DOT/USDT,2023-02-19 20:00:00,2023,5,5,5,0.059181980077125704,78.8
1676851200000,SHORT,10.072125334263436,9.560319211851382,10.422125334263436,True,FIL/USDT,2023-02-20 00:00:00,2023,2,6,6,-0.10084813522462602,97.0
1676880000000,SHORT,11.370444005920058,-0.432629473911602,11.720444005920058,False,WAVES/USDT,2023-02-20 08:00:00,2023,1,3,7,-0.040547439434897165,41.0
1676908800000,SHORT,9.86712218649518,-0.4343644063152134,10.21712218649518,False,WAVES/USDT,2023-02-20 16:00:00,2023,1,1,7,-0.020515845381939027,41.0
1676908800000,SHORT,4.222191930207187,,4.572191930207187,False,MTL/USDT,2023-02-20 16:00:00,2023,2,2,8,0.09107237281256898,3.8
1676923200000,SHORT,10.392823316386917,0.8629349978697076,10.742823316386916,False,IOST/USDT,2023-02-20 20:00:00,2023,3,3,5,0.2519869902117911,4.3999999999999995
1676937600000,SHORT,7.096341945689408,,7.446341945689407,False,MTL/USDT,2023-02-21 00:00:00,2023,2,3,4,0.09287106393060338,3.5999999999999996
1676952000000,SHORT,8.561796037213254,0.8558241240246995,8.911796037213254,False,IOST/USDT,2023-02-21 04:00:00,2023,2,3,3,0.23714770725265383,45.0
1676966400000,SHORT,8.480585541380417,2.366650892230372,8.830585541380417,False,CTK/USDT,2023-02-21 08:00:00,2023,2,3,4,-0.04169952153312486,29.4
1676966400000,SHORT,5.416742819843319,1.4922792262953075,5.766742819843318,True,VET/USDT,2023-02-21 08:00:00,2023,3,4,5,0.024875609391093394,26.200000000000003
1676966400000,SHORT,11.490451993461711,1.2233294615232035,11.840451993461713,True,NEO/USDT,2023-02-21 08:00:00,2023,4,5,6,-0.044051932971569716,0.8
1676966400000,SHORT,-9.772084314145076,1.1629247193552898,9.422084314145076,False,ARPA/USDT,2023-02-21 08:00:00,2023,5,6,7,-0.15048759109768237,35.0
1676966400000,SHORT,7.680248469571476,1.1923070645570573,11.6772056175729,False,ONT/USDT,2023-02-21 08:00:00,2023,6,7,8,-0.033984839425315105,25.0
1676980800000,SHORT,5.380713943459502,0.5146173718470577,5.730713943459501,True,BCH/USDT,2023-02-21 12:00:00,2023,6,8,9,0.01361902728085982,46.800000000000004
1677024000000,SHORT,6.421673819742487,2.737477186695082,6.771673819742487,True,NEO/USDT,2023-02-22 00:00:00,2023,1,2,8,-0.0035605527898521982,36.8
1677024000000,SHORT,6.963121823502221,1.2069576447957189,7.313121823502221,False,1INCH/USDT,2023-02-22 00:00:00,2023,2,3,9,-0.201013445556185,56.2
1677052800000,SHORT,6.650015356265342,1.1806429101871383,7.000015356265342,False,1INCH/USDT,2023-02-22 08:00:00,2023,1,2,7,-0.22351712446121175,52.800000000000004
1677153600000,SHORT,8.887908309455575,-0.9248626597258564,9.237908309455577,False,RVN/USDT,2023-02-23 12:00:00,2023,1,1,1,-0.07235659785930469,29.599999999999998
1677225600000,SHORT,2.1762710964865724,2.0381447066632474,11.15935675618298,False,YFI/USDT,2023-02-24 08:00:00,2023,1,1,2,0.04021960023731897,38.0
1678003200000,LONG,-4.304238329238337,0.5281352569304552,11.828578009828014,False,MAGIC/USDT,2023-03-05 08:00:00,2023,1,1,1,-0.09666827060327832,0.0
1678392000000,LONG,-6.491302376201701,0.9745081777583126,6.141302376201701,True,ATOM/USDT,2023-03-09 20:00:00,2023,1,1,1,-0.012368383095826652,72.6
1678420800000,LONG,-5.03907717811752,-0.439993848359868,4.68907717811752,True,ATOM/USDT,2023-03-10 04:00:00,2023,1,1,1,-0.0034804260032697334,2.1999999999999997
1678449600000,LONG,5.076700734589582,2.232616348769071,5.4267007345895815,True,ADA/USDT,2023-03-10 12:00:00,2023,1,2,2,-0.1684349099943846,37.8
1678449600000,LONG,-10.194535899708749,-1.114744882515052,9.844535899708749,False,YFI/USDT,2023-03-10 12:00:00,2023,2,3,3,0.09550009539426295,5.0
1678449600000,LONG,5.353762271471401,1.089919720884958,5.7037622714714,True,ETC/USDT,2023-03-10 12:00:00,2023,3,4,4,-0.0008255974730926151,39.0
1678449600000,LONG,6.170205600850774,1.7248568457896956,6.520205600850773,False,QNT/USDT,2023-03-10 12:00:00,2023,4,5,5,-0.11795056633455789,24.056603773584907
1678449600000,LONG,7.060846953937581,-1.4913489685169772,7.410846953937581,True,CHZ/USDT,2023-03-10 12:00:00,2023,5,6,6,-0.15521032135237298,31.0
1678449600000,LONG,6.000155364649975,-0.3772711171214116,6.350155364649974,True,DOT/USDT,2023-03-10 12:00:00,2023,6,7,7,0.0019371876451119438,35.0
1678449600000,LONG,9.299699682683585,-1.6309543922364291,9.649699682683584,True,SOL/USDT,2023-03-10 12:00:00,2023,7,8,8,0.027305442674354207,66.4
1678449600000,LONG,7.058003427592112,0.6025884920442367,7.408003427592112,True,HBAR/USDT,2023-03-10 12:00:00,2023,8,9,9,-0.20207809711754168,13.8
1678449600000,LONG,7.5676650366748195,-0.194164220266014,7.917665036674819,True,ICP/USDT,2023-03-10 12:00:00,2023,9,10,10,-0.051777281965806984,23.400000000000002
1678449600000,LONG,9.665855592145382,-1.3049224319800945,10.015855592145382,False,WOO/USDT,2023-03-10 12:00:00,2023,10,11,11,-0.12702227950093825,28.599999999999998
1678449600000,LONG,8.231003289473689,0.6389314046409392,8.581003289473689,True,JASMY/USDT,2023-03-10 12:00:00,2023,11,12,12,-0.05072338996227995,39.0
1678449600000,LONG,5.957815359587873,0.6683029899063635,6.307815359587873,True,AVAX/USDT,2023-03-10 12:00:00,2023,12,13,13,-0.0034094612892264296,8.6
1678449600000,LONG,5.465616246498591,0.8173657016478436,5.815616246498591,False,CTK/USDT,2023-03-10 12:00:00,2023,13,14,14,-0.08805899393897079,2.4
1678464000000,LONG,9.334303630363031,-0.7012422417860464,9.684303630363033,True,AR/USDT,2023-03-10 16:00:00,2023,14,15,15,-0.16167984409292713,22.0
1678464000000,LONG,8.555900541097662,-0.5888981531653826,8.905900541097662,True,COMP/USDT,2023-03-10 16:00:00,2023,15,16,16,-0.1322480156512338,18.6
1678464000000,LONG,4.295963373742573,0.4081191753942459,4.645963373742573,True,XLM/USDT,2023-03-10 16:00:00,2023,16,17,17,-0.05505809632563367,2.8000000000000003
1678464000000,LONG,3.8196267035909934,1.1955672176257723,4.1696267035909935,True,ETH/USDT,2023-03-10 16:00:00,2023,17,18,18,-0.011674844321754193,18.2
1678464000000,LONG,10.171272960273374,2.393806419397896,10.521272960273386,True,GRT/USDT,2023-03-10 16:00:00,2023,18,19,19,-0.08480317338176384,35.199999999999996
1678464000000,LONG,7.514333413790332,-1.3021962542203778,7.864333413790332,True,ENS/USDT,2023-03-10 16:00:00,2023,19,20,20,-0.1110247646429941,21.4
1678464000000,LONG,7.343533800587853,-0.2828754909292569,7.693533800587852,False,1INCH/USDT,2023-03-10 16:00:00,2023,20,21,21,-0.23078749136699733,36.6
1678464000000,LONG,7.4102839600920944,-0.7964316541149156,7.760283960092094,True,MANA/USDT,2023-03-10 16:00:00,2023,21,22,22,-0.10809994054911709,28.799999999999997
1678464000000,LONG,8.212430939226525,-0.3057147936143504,8.562430939226525,True,SUSHI/USDT,2023-03-10 16:00:00,2023,22,23,23,-0.002631720257390677,23.400000000000002
1678464000000,LONG,6.890309142731858,-0.7755352717371045,7.240309142731857,True,THETA/USDT,2023-03-10 16:00:00,2023,23,24,24,0.011843348635096878,18.6
1678464000000,LONG,7.123715124816427,-1.118781323304236,7.473715124816427,False,CHR/USDT,2023-03-10 16:00:00,2023,24,25,25,-0.13260408530062626,21.8
1678464000000,LONG,6.92278395229059,-1.446123470965172,7.27278395229059,True,AXS/USDT,2023-03-10 16:00:00,2023,25,26,26,0.00520275113742216,44.0
1678464000000,LONG,4.830609192276316,1.0423425114680114,5.180609192276315,True,BCH/USDT,2023-03-10 16:00:00,2023,26,27,27,0.0750526358189036,11.0
1678478400000,LONG,11.276828537170251,-0.1165518106646684,11.626828537170253,True,FET/USDT,2023-03-10 20:00:00,2023,14,27,28,-0.12833530650419475,3.7267080745341614
1678478400000,LONG,7.757046395120888,-2.22264246124429,8.107046395120888,False,IOST/USDT,2023-03-10 20:00:00,2023,15,28,29,0.28237524329474706,33.0
1678478400000,LONG,7.792256097560969,-0.1931616141579024,8.142256097560969,True,ICP/USDT,2023-03-10 20:00:00,2023,16,28,29,-0.05006291846585691,23.400000000000002
1678478400000,LONG,7.498951571206989,1.0748842612032092,7.848951571206989,True,ETC/USDT,2023-03-10 20:00:00,2023,17,28,29,0.01482922231972061,33.4
1678478400000,LONG,-6.083401699384697,-1.6762396019209955,5.7334016993846975,True,AAVE/USDT,2023-03-10 20:00:00,2023,18,29,30,-0.0658805249325272,14.399999999999999
1678478400000,LONG,8.36623376623378,0.1182205963836279,8.71623376623378,True,GMT/USDT,2023-03-10 20:00:00,2023,19,30,31,0.014897883903901525,5.6000000000000005
1678478400000,LONG,7.976361483820041,0.1588889699013693,8.32636148382004,False,API3/USDT,2023-03-10 20:00:00,2023,20,31,32,-0.05411542832479045,29.2
1678478400000,LONG,9.674612579762975,-4.308860364860922,10.024612579762987,False,MTL/USDT,2023-03-10 20:00:00,2023,21,32,33,-0.0010095599621227581,30.0
1678478400000,LONG,8.17313865358894,-1.2052032017832028,8.523138653588939,False,RVN/USDT,2023-03-10 20:00:00,2023,22,33,34,0.010010284747985614,22.400000000000002
1678478400000,LONG,-10.045811518324602,-1.5898849761684848,9.695811518324602,True,CELO/USDT,2023-03-10 20:00:00,2023,23,34,35,0.00039118011998969806,41.6
1678492800000,LONG,5.809443696724991,-0.4068672926106759,6.15944369672499,False,1INCH/USDT,2023-03-11 00:00:00,2023,11,34,35,-0.19450992216621424,18.0
1678492800000,LONG,-6.293648558014756,-1.4485024262969717,5.943648558014757,True,AXS/USDT,2023-03-11 00:00:00,2023,12,34,35,0.029262715332064582,55.00000000000001
1678492800000,LONG,-5.919195008563735,0.6444686775223731,5.569195008563735,False,SFP/USDT,2023-03-11 00:00:00,2023,13,35,36,-0.07987103589030103,33.2
1678492800000,LONG,5.049902482269499,1.0398429479902465,5.399902482269499,True,BCH/USDT,2023-03-11 00:00:00,2023,14,35,36,0.08978373551098265,48.8
1678492800000,LONG,5.186208020308051,0.6761329237745747,5.536208020308051,True,ETH/USDT,2023-03-11 00:00:00,2023,15,35,36,0.0025274525158471674,16.6
1678492800000,LONG,-4.817909774436091,0.0480857686310136,4.467909774436091,True,DOGE/USDT,2023-03-11 00:00:00,2023,16,36,37,-0.022000952547230147,16.0
1678507200000,SHORT,-11.14716296213559,1.0121267051313338,10.797162962135593,False,KAVA/USDT,2023-03-11 04:00:00,2023,7,26,38,-0.011953896273565159,1.7999999999999998
1678550400000,LONG,6.08802235597592,0.0933238707316197,6.43802235597592,True,TRX/USDT,2023-03-11 16:00:00,2023,1,2,27,0.08532552957017858,0.8
1678564800000,LONG,7.810598340845255,-0.0243958353143874,8.160598340845254,False,DUSK/USDT,2023-03-11 20:00:00,2023,2,2,19,-0.08011985401283511,27.0
1678824000000,SHORT,9.15406350914961,0.5047713339523269,9.50406350914961,False,KAVA/USDT,2023-03-14 20:00:00,2023,1,1,1,-0.047040505609812266,60.6
1678852800000,SHORT,6.098491454482023,1.8588728957942,6.448491454482022,False,KAVA/USDT,2023-03-15 04:00:00,2023,1,1,1,-0.035267744374073234,60.4
1678867200000,SHORT,6.405655466161839,2.188572621032148,6.755655466161839,True,ATOM/USDT,2023-03-15 08:00:00,2023,2,2,2,-0.044829934950064515,72.2
1678867200000,SHORT,5.311563118695194,4.001217105748694,5.661563118695193,False,WOO/USDT,2023-03-15 08:00:00,2023,3,3,3,-0.04473006334350659,31.6
1679126400000,SHORT,6.544957644211358,-0.8743851763193294,6.894957644211358,False,ONT/USDT,2023-03-18 08:00:00,2023,1,1,1,0.04068159387064732,0.0
1679140800000,SHORT,-9.313660578386582,-0.0280198620166288,8.963660578386582,False,DUSK/USDT,2023-03-18 12:00:00,2023,2,2,2,-0.059458645744419,28.599999999999998
1679140800000,SHORT,1.008024691358039,2.2621117818626053,4.428578741342953,True,BNB/USDT,2023-03-18 12:00:00,2023,3,3,3,-0.22584447191471851,2.6
1679140800000,SHORT,10.117033935654463,2.033384752734024,10.467033935654465,True,INJ/USDT,2023-03-18 12:00:00,2023,4,4,4,0.003620004784722101,31.4
1679140800000,SHORT,9.114291460751623,2.7791895049009563,9.464291460751625,False,MINA/USDT,2023-03-18 12:00:00,2023,5,5,5,-0.03114957942526472,13.846153846153847
1679169600000,SHORT,11.235390318360231,1.5250995871181547,11.585390318360233,True,GALA/USDT,2023-03-18 20:00:00,2023,1,6,6,0.0786268116344691,97.2
1679184000000,SHORT,10.802006084806992,3.0816038501869496,11.152006084806992,False,ARPA/USDT,2023-03-19 00:00:00,2023,2,6,7,-0.10381057727043662,33.4
1679212800000,SHORT,9.89601145879242,0.6932707052491357,10.246011458792418,True,GMT/USDT,2023-03-19 08:00:00,2023,1,3,8,0.055111762454447065,71.6
1679241600000,SHORT,6.707507035259053,4.412762166043317,7.057507035259053,True,MASK/USDT,2023-03-19 16:00:00,2023,1,2,4,0.04029919211660926,7.6
1679284800000,SHORT,11.124580854515951,0.6801711073896074,11.474580854515953,False,API3/USDT,2023-03-20 04:00:00,2023,1,2,3,0.1364251093324465,23.400000000000002
1679472000000,SHORT,-3.669783197831976,-1.2501840264552144,11.60300361336945,True,XRP/USDT,2023-03-22 08:00:00,2023,1,1,1,0.22896401721888615,54.800000000000004
1680091200000,SHORT,-6.391310344827566,0.4208802681239732,6.041310344827567,True,XLM/USDT,2023-03-29 12:00:00,2023,1,1,1,0.07362439385616712,38.0
1680091200000,SHORT,7.58031973539138,0.0987698961495521,7.93031973539138,True,XRP/USDT,2023-03-29 12:00:00,2023,2,2,2,0.13259741965324356,36.0
1680120000000,SHORT,-6.276513138470603,0.6559878029410764,5.926513138470604,True,XLM/USDT,2023-03-29 20:00:00,2023,1,2,2,0.007842479502078548,38.6
1680120000000,SHORT,7.998422800221338,0.319421774558152,8.348422800221337,True,XRP/USDT,2023-03-29 20:00:00,2023,2,2,2,0.08989100200254559,54.400000000000006
1680220800000,SHORT,4.9083195440338425,0.8617740052718926,10.516252987681542,False,1INCH/USDT,2023-03-31 00:00:00,2023,1,1,1,-0.03468711789136637,0.2
1680321600000,SHORT,0.5194060583874863,2.830580107961732,5.109847167566556,True,XLM/USDT,2023-04-01 04:00:00,2023,1,1,1,0.01945619085097022,15.4
1680321600000,SHORT,-8.424975424799891,0.689908240739825,8.074975424799891,True,HBAR/USDT,2023-04-01 04:00:00,2023,2,2,2,-0.15637944131183398,16.0
1680350400000,SHORT,-6.747597378958858,0.0968428260620543,6.397597378958858,False,BAT/USDT,2023-04-01 12:00:00,2023,1,3,3,-0.0060654052432139414,3.2
1680379200000,SHORT,11.33080593849417,1.0698713769259574,11.680805938494167,False,ANKR/USDT,2023-04-01 20:00:00,2023,1,2,4,-0.08783586288229327,1.4000000000000001
1680393600000,SHORT,-8.479663730984761,1.6368090614989173,8.129663730984761,True,INJ/USDT,2023-04-02 00:00:00,2023,2,3,5,-0.053658048303365014,5.4
1680393600000,SHORT,6.26684782608695,-0.0925409085761574,6.61684782608695,False,ZRX/USDT,2023-04-02 00:00:00,2023,3,4,6,0.21607973893426827,2.4
1680436800000,SHORT,-9.30642848077166,0.1916100618292184,8.95642848077166,True,DOGE/USDT,2023-04-02 12:00:00,2023,1,3,5,-0.10324866260663294,42.4
1680580800000,SHORT,-2.07031076581576,1.9055334165669435,11.32075471698112,True,INJ/USDT,2023-04-04 04:00:00,2023,1,1,1,0.012373633549848226,6.4
1680724800000,SHORT,3.76916354556803,2.179915679522683,4.11916354556803,True,RUNE/USDT,2023-04-05 20:00:00,2023,1,1,1,-0.08061932605143182,18.6
1680753600000,SHORT,7.08202180611519,-0.4056757173976171,7.432021806115189,False,STG/USDT,2023-04-06 04:00:00,2023,1,2,2,0.08623398750414003,27.6
1680811200000,SHORT,11.306000000000004,1.2137988597362643,11.656000000000002,False,ONT/USDT,2023-04-06 20:00:00,2023,1,1,3,-0.012592430762856035,0.0
1680840000000,SHORT,11.19256688113782,2.4372756570936005,11.54256688113782,False,ONT/USDT,2023-04-07 04:00:00,2023,1,1,2,-0.02706336371006761,2.1999999999999997
1680868800000,SHORT,8.501392663043474,2.4328866428269165,8.851392663043473,False,ONT/USDT,2023-04-07 12:00:00,2023,1,1,1,-0.04105593929602436,1.4000000000000001
1680883200000,SHORT,-9.32836897066136,0.0959562775583938,8.97836897066136,False,ACH/USDT,2023-04-07 16:00:00,2023,2,2,2,-0.273696935348837,7.518796992481203
1680897600000,SHORT,4.12204227753153,2.4330594096456144,4.472042277531529,False,ONT/USDT,2023-04-07 20:00:00,2023,2,2,2,-0.03920316822005842,7.6
1680897600000,SHORT,5.842492046659595,1.065320528702817,6.192492046659595,False,ENJ/USDT,2023-04-07 20:00:00,2023,3,3,3,-0.13360449428947563,1.0
1680926400000,SHORT,6.770919689119151,1.0658545449762231,7.120919689119151,False,ENJ/USDT,2023-04-08 04:00:00,2023,1,3,3,-0.09921223922101426,3.0
1680984000000,SHORT,2.9928916389978792,0.768754741283757,8.133572290974943,True,CHZ/USDT,2023-04-08 20:00:00,2023,1,1,3,-0.14736042899778473,19.0
1680998400000,SHORT,2.2334505691264863,1.1160037607431006,8.458434582427412,False,KNC/USDT,2023-04-09 00:00:00,2023,2,2,3,-0.16402764107503903,23.200000000000003
1681185600000,SHORT,-7.542964413973205,-1.1007191802141547,7.192964413973205,True,JASMY/USDT,2023-04-11 04:00:00,2023,1,1,1,-0.0725533791223112,33.4
1681214400000,SHORT,-6.249430338541647,-1.0986698660314806,5.899430338541648,True,JASMY/USDT,2023-04-11 12:00:00,2023,1,1,1,-0.058826893162509004,34.599999999999994
1681257600000,SHORT,-8.862608966376076,1.650840105751381,8.512608966376076,True,INJ/USDT,2023-04-12 00:00:00,2023,1,2,2,0.04816864663537786,3.0
1681257600000,SHORT,-5.732364676153737,-0.693312858504416,5.382364676153737,True,SOL/USDT,2023-04-12 00:00:00,2023,2,3,3,-0.03646816857337929,64.0
1681286400000,SHORT,-5.713512696493347,1.6531573584693449,5.363512696493348,True,INJ/USDT,2023-04-12 08:00:00,2023,1,2,3,0.054896642779229524,4.3999999999999995
1681473600000,SHORT,-6.193819687798642,-0.489295936265991,5.843819687798642,True,OP/USDT,2023-04-14 12:00:00,2023,1,1,1,-0.0015611392337476833,50.0
1681473600000,SHORT,-5.3325600813185146,2.7617619908554194,4.982560081318515,True,ENS/USDT,2023-04-14 12:00:00,2023,2,2,2,-0.19486772964464333,24.6
1681473600000,SHORT,-11.359775344534643,2.659202313929747,11.009775344534646,False,WOO/USDT,2023-04-14 12:00:00,2023,3,3,3,-0.023927794259258256,24.8
1681473600000,SHORT,-6.0468907093650905,1.0459058649338164,5.696890709365091,True,ICP/USDT,2023-04-14 12:00:00,2023,4,4,4,-0.09735017287564704,21.4
1681473600000,SHORT,-6.079475449832243,0.623505837440859,5.729475449832243,False,ROSE/USDT,2023-04-14 12:00:00,2023,5,5,5,-0.005987461575362844,21.6
1681473600000,SHORT,-9.157896542623378,0.0302653010619032,8.807896542623379,False,DUSK/USDT,2023-04-14 12:00:00,2023,6,6,6,0.048655176505510225,25.2
1681473600000,SHORT,-4.642273472254733,-0.0307963508779011,4.292273472254734,True,ADA/USDT,2023-04-14 12:00:00,2023,7,7,7,0.0031719202500571047,45.4
1681473600000,SHORT,-4.430238834951438,1.2301351355290049,4.080238834951438,True,ETH/USDT,2023-04-14 12:00:00,2023,8,8,8,-0.07679346276969644,59.0
1681473600000,SHORT,-5.0527434842249646,-0.379322164330052,4.702743484224965,True,DOT/USDT,2023-04-14 12:00:00,2023,9,9,9,-0.10274083428549294,64.0
1681516800000,SHORT,-5.851492537313425,2.081915141269615,5.501492537313426,True,FET/USDT,2023-04-15 00:00:00,2023,1,10,10,0.0791951825791177,19.548872180451127
1681560000000,SHORT,-6.586799898167,0.3038680356183874,6.236799898167,True,INJ/USDT,2023-04-15 12:00:00,2023,1,2,11,0.05904204525836576,37.2
1681617600000,SHORT,7.668764602803728,-1.3983127495819878,8.018764602803728,True,JASMY/USDT,2023-04-16 04:00:00,2023,1,1,2,-0.09225453310977876,33.6
1681617600000,SHORT,7.887320987654306,3.546401673874068,8.237320987654305,False,WOO/USDT,2023-04-16 04:00:00,2023,2,2,3,-0.023683416893508485,24.6
1681632000000,SHORT,6.674758983347933,,7.024758983347932,False,TLM/USDT,2023-04-16 08:00:00,2023,3,3,4,-0.03378805810595536,97.84172661870504
1681646400000,SHORT,5.944670984837307,-1.395916673778954,6.294670984837307,True,JASMY/USDT,2023-04-16 12:00:00,2023,2,3,4,-0.07813867542082516,94.39999999999999
1681660800000,SHORT,3.806044425459192,,4.156044425459192,False,TLM/USDT,2023-04-16 16:00:00,2023,2,3,3,-0.04878646848708303,99.28571428571429
1681675200000,SHORT,5.533234519104076,-0.0479072983624268,5.883234519104076,False,ONT/USDT,2023-04-16 20:00:00,2023,2,3,4,0.1238970913433438,0.8
1681675200000,SHORT,-7.19340653454739,0.928035552180186,6.84340653454739,False,COTI/USDT,2023-04-16 20:00:00,2023,3,4,5,-0.16257779044304116,19.6
1681675200000,SHORT,7.885392787251867,5.203467472001137,8.235392787251866,False,WOO/USDT,2023-04-16 20:00:00,2023,4,5,5,-0.0656139379818128,24.6
1681689600000,SHORT,-5.553027740189434,-0.2964187774483423,5.203027740189435,True,ICP/USDT,2023-04-17 00:00:00,2023,4,6,6,-0.06488645276459125,21.4
1681689600000,SHORT,4.321646820939108,2.972368017844053,4.671646820939108,True,NEO/USDT,2023-04-17 00:00:00,2023,5,7,7,-0.11159874112247714,98.6
1681689600000,SHORT,9.876472374013344,0.5301344517439841,10.226472374013342,False,SKL/USDT,2023-04-17 00:00:00,2023,6,8,8,-0.05571871309196843,18.0
1681704000000,SHORT,5.043571042679637,0.051306969226147,5.393571042679636,False,CHR/USDT,2023-04-17 04:00:00,2023,4,8,9,-0.10495042793315161,17.599999999999998
1681704000000,SHORT,-4.624249869315204,0.9269764655000836,4.274249869315204,False,COTI/USDT,2023-04-17 04:00:00,2023,5,8,9,-0.14694663159965912,99.6
1681704000000,SHORT,-6.6247782002534805,0.4152064667189327,6.274778200253481,False,ONE/USDT,2023-04-17 04:00:00,2023,6,9,10,-0.05251640515962204,20.200000000000003
1681704000000,SHORT,8.726676881171251,-0.0478148391369286,9.07667688117125,False,ONT/USDT,2023-04-17 04:00:00,2023,7,9,10,0.13308470782584525,16.6
1681718400000,SHORT,9.575799750727022,-0.102837420182672,9.92579975072702,False,HIGH/USDT,2023-04-17 08:00:00,2023,5,9,11,-0.14730267870418387,5.93607305936073
1681732800000,SHORT,-6.06751640585563,-0.3760480299745529,5.717516405855631,True,ICP/USDT,2023-04-17 12:00:00,2023,2,8,11,-0.1574553977963387,21.4
1681732800000,SHORT,6.838736263736264,0.0511097958152303,7.188736263736264,False,CHR/USDT,2023-04-17 12:00:00,2023,3,8,11,-0.11414044577893002,17.599999999999998
1681732800000,SHORT,-6.269297465540236,1.8664590622082715,5.919297465540236,True,DOGE/USDT,2023-04-17 12:00:00,2023,4,9,12,-0.0933507417128582,40.400000000000006
1681747200000,SHORT,-5.450041614648359,-0.2490666447793493,5.100041614648359,False,ONE/USDT,2023-04-17 16:00:00,2023,4,7,11,-0.08097513191180258,96.2
1681761600000,SHORT,10.333114446529066,2.0149543993193904,10.683114446529066,True,INJ/USDT,2023-04-17 20:00:00,2023,2,6,11,0.06620937114846132,1.2
1681819200000,SHORT,8.475253320216407,1.2361878982089087,8.825253320216406,False,COTI/USDT,2023-04-18 12:00:00,2023,1,1,6,-0.11916149644495466,18.8
1681833600000,SHORT,-5.578339594289998,-0.3626830884787478,5.228339594289999,True,ICP/USDT,2023-04-18 16:00:00,2023,2,2,4,-0.054557545782441555,21.0
1681876800000,SHORT,7.325656041512208,-0.3576645708274585,7.675656041512208,True,ICP/USDT,2023-04-19 04:00:00,2023,1,1,2,-0.04768445019559329,20.8
1681876800000,SHORT,3.961044989288263,2.538005356940688,4.311044989288263,True,LINK/USDT,2023-04-19 04:00:00,2023,2,2,3,0.0014669721364011824,97.2
1682812800000,SHORT,7.672658705216834,-0.7773809927526857,8.022658705216834,True,ICP/USDT,2023-04-30 00:00:00,2023,1,1,1,-0.04334519947252322,22.0
1682884800000,SHORT,-7.109199828840387,0.8363498074596334,6.759199828840387,False,RLC/USDT,2023-04-30 20:00:00,2023,1,1,2,-0.07048208715299391,10.0
1682913600000,SHORT,-7.706389845094655,0.8279389245111153,7.356389845094656,False,RLC/USDT,2023-05-01 04:00:00,2023,1,1,1,-0.06197299623792529,24.0
1682956800000,SHORT,-0.5376172607880011,0.9204292645492538,9.285600375234518,True,PEOPLE/USDT,2023-05-01 16:00:00,2023,1,2,2,-0.11728720341285277,4.2
1683057600000,SHORT,7.047343300166677,0.8189068426896928,7.397343300166677,False,RLC/USDT,2023-05-02 20:00:00,2023,1,1,1,-0.0363903478783936,14.399999999999999
1683144000000,LONG,7.737794955248157,0.215109059773963,8.087794955248157,False,SSV/USDT,2023-05-03 20:00:00,2023,1,1,2,-0.09585773221510006,10.047846889952153
1683532800000,LONG,-6.321185972663266,1.4662030474459655,5.971185972663267,False,CTK/USDT,2023-05-08 08:00:00,2023,1,1,1,-0.0674925786349285,14.000000000000002
1683532800000,LONG,-6.836634844868735,-0.1311361921530024,6.486634844868735,False,ONE/USDT,2023-05-08 08:00:00,2023,2,2,2,-0.09705491757415537,17.599999999999998
1683590400000,LONG,1.289799888827131,1.2723963089044994,5.786548082267927,False,CTK/USDT,2023-05-09 00:00:00,2023,1,1,2,-0.07555558119584262,13.8
1683604800000,LONG,1.278664495114008,0.0409672145339725,7.985884907709012,False,MINA/USDT,2023-05-09 04:00:00,2023,2,2,3,-0.13937365136452598,0.7017543859649122
1683604800000,LONG,-3.1637561411344355,0.7306579561437903,10.942384993300566,False,ZRX/USDT,2023-05-09 04:00:00,2023,3,3,4,-0.11713016173616043,18.6
1683619200000,LONG,-5.397619047619036,-1.8893112295074808,5.047619047619036,True,NEO/USDT,2023-05-09 08:00:00,2023,3,4,5,-0.1719810319542237,4.8
1683619200000,LONG,-4.738227513227514,0.122346142833154,4.388227513227514,False,KNC/USDT,2023-05-09 08:00:00,2023,4,5,6,-0.16055224167935084,20.0
1683633600000,LONG,6.782927200731033,1.390557081482976,7.132927200731032,False,CKB/USDT,2023-05-09 12:00:00,2023,3,6,6,-0.10644858656541593,3.3175355450236967
1683720000000,LONG,-5.189896289094148,-1.246529227988724,4.839896289094148,False,GMX/USDT,2023-05-10 12:00:00,2023,1,1,2,-0.08103551579911475,4.048582995951417
1683878400000,LONG,0.8992192379762659,-0.0937028243455272,7.835103060587133,True,OP/USDT,2023-05-12 08:00:00,2023,1,1,1,-0.18040641013109446,20.4
1683921600000,LONG,0.5449005230519981,0.6844810756012463,4.149146353756376,True,BTC/USDT,2023-05-12 20:00:00,2023,1,2,2,-0.185823059807319,26.200000000000003
1684195200000,SHORT,0.7831213825711277,-0.6162218933834,7.773237140295087,True,GRT/USDT,2023-05-16 00:00:00,2023,1,1,1,-0.13011848121519132,21.0
1684310400000,SHORT,-9.64004937333839,0.9394929338898892,9.290049373338393,False,ACH/USDT,2023-05-17 08:00:00,2023,1,1,1,-0.11935721610945069,7.142857142857142
1684324800000,SHORT,6.85100187852224,-0.0051350337616139,10.72567313713209,True,GALA/USDT,2023-05-17 12:00:00,2023,2,2,2,-0.052794736958374514,34.0
1684324800000,SHORT,2.7542128603104152,-0.9776203266078246,6.769663374319696,True,MANA/USDT,2023-05-17 12:00:00,2023,3,3,3,0.060712201659844374,4.6
1684368000000,SHORT,10.27309840996991,1.253414482452491,10.62309840996991,True,LDO/USDT,2023-05-18 00:00:00,2023,1,3,4,-0.03675150424299047,32.6
1684411200000,SHORT,-5.102069995731964,-1.3254939457799195,4.752069995731964,True,SNX/USDT,2023-05-18 12:00:00,2023,1,2,4,-0.14172935213564564,22.8
1684425600000,SHORT,8.199526627218924,-0.1054949548021215,8.549526627218924,False,HIGH/USDT,2023-05-18 16:00:00,2023,2,2,3,-0.0652964562305949,8.626198083067091
1684483200000,SHORT,3.7143144260830616,-0.6437918045974889,9.08016971862438,True,MASK/USDT,2023-05-19 08:00:00,2023,1,1,3,-0.10192817451417555,4.6
1684512000000,SHORT,5.187888888888887,-0.6412443786232632,5.537888888888887,True,MASK/USDT,2023-05-19 16:00:00,2023,1,1,2,-0.10923790514968877,20.0
1684944000000,SHORT,7.853399213576157,0.0757716627877671,8.203399213576157,False,WAVES/USDT,2023-05-24 16:00:00,2023,1,1,1,0.10361628162904883,11.4
1684944000000,LONG,4.536682808716691,-0.848795004342585,4.886682808716702,True,SAND/USDT,2023-05-24 16:00:00,2023,2,2,2,-0.15973040543128325,31.0
1685361600000,SHORT,7.002722700454576,-0.9841631004574908,7.352722700454575,False,MAGIC/USDT,2023-05-29 12:00:00,2023,1,1,1,-0.1002391385224677,19.31216931216931
1685361600000,SHORT,1.9148752399232256,-0.3382588219034237,6.113934740882914,False,ANKR/USDT,2023-05-29 12:00:00,2023,2,2,2,-0.05651249733126794,21.8
1685390400000,SHORT,4.893816838421133,-1.033401842391805,5.243816838421132,False,MAGIC/USDT,2023-05-29 20:00:00,2023,1,2,2,-0.0897388445714785,19.261213720316622
1685448000000,SHORT,3.083476394849778,0.0907958831874276,7.857176919408667,False,IOTA/USDT,2023-05-30 12:00:00,2023,1,1,3,-0.09020276889894817,2.4
1685505600000,SHORT,-4.526029929577456,0.0128352341439552,4.176029929577457,False,QNT/USDT,2023-05-31 04:00:00,2023,1,1,2,-0.14580551912894202,9.8
1685505600000,SHORT,-5.17697220716884,-1.0106833240213904,4.82697220716884,True,GRT/USDT,2023-05-31 04:00:00,2023,2,2,3,-0.004039621309280489,20.4
1685505600000,SHORT,-4.955269868253278,-2.833568233799362,4.605269868253278,True,FIL/USDT,2023-05-31 04:00:00,2023,3,3,4,-0.2378500663232383,28.799999999999997
1685505600000,SHORT,-4.650962861072881,1.9219358469747856,4.300962861072882,True,XRP/USDT,2023-05-31 04:00:00,2023,4,4,5,0.0059282334234806245,44.6
1685534400000,SHORT,-5.240707350901507,1.8813058096839983,4.890707350901508,True,XRP/USDT,2023-05-31 12:00:00,2023,1,4,5,-0.03761375282391337,44.6
1685923200000,SHORT,4.309303160919529,-0.6194221889619305,4.659303160919529,False,ROSE/USDT,2023-06-05 00:00:00,2023,1,1,1,-0.22653683117074408,15.2
1685995200000,LONG,-3.5063845050215217,0.0847435758201689,10.455954088952645,False,SSV/USDT,2023-06-05 20:00:00,2023,1,1,2,-0.05025624725588007,11.03896103896104
1686009600000,LONG,-3.7604142405589696,-2.19485745232746,6.752054566627855,True,AAVE/USDT,2023-06-06 00:00:00,2023,2,2,3,-0.059984494182165865,16.400000000000002
1686009600000,LONG,-4.632478896438141,-1.1882838091375327,6.088634959851763,True,HBAR/USDT,2023-06-06 00:00:00,2023,3,3,4,-0.11909590793194032,30.4
1686024000000,LONG,-10.38076300889728,-1.4421508466893027,10.03076300889728,False,ID/USDT,2023-06-06 04:00:00,2023,3,4,4,0.08603780788444032,16.444444444444446
1686024000000,LONG,6.590059642147111,-0.560426348559647,6.94005964214711,False,SSV/USDT,2023-06-06 04:00:00,2023,4,4,4,-0.07930164653404279,11.003236245954692
1686024000000,LONG,-6.532681992337175,-1.595092423107907,6.182681992337176,False,ONE/USDT,2023-06-06 04:00:00,2023,5,5,5,-0.07095144036062094,12.0
1686024000000,LONG,-6.358361102696145,-2.6010991188651547,6.008361102696146,True,COMP/USDT,2023-06-06 04:00:00,2023,6,6,6,-0.008751380888758287,15.8
1686024000000,LONG,-7.746557458839184,-0.3155194944044998,7.396557458839184,False,YFI/USDT,2023-06-06 04:00:00,2023,7,7,7,-0.07131318756915966,16.8
1686052800000,LONG,-7.2880903225806435,-1.4414122327837593,6.938090322580644,False,ID/USDT,2023-06-06 12:00:00,2023,1,7,7,0.06782023884500554,8.4070796460177
1686052800000,LONG,5.060636480136703,0.3293464659013916,5.410636480136702,True,CFX/USDT,2023-06-06 12:00:00,2023,2,8,8,0.08240980730583129,6.583072100313479
1686052800000,LONG,-5.5258394160584,-1.5109106039124287,5.1758394160584,True,GALA/USDT,2023-06-06 12:00:00,2023,3,9,9,-0.1563974502001251,11.799999999999999
1686052800000,LONG,-4.623403822692147,-0.6498723549659049,4.273403822692147,False,ZEN/USDT,2023-06-06 12:00:00,2023,4,10,10,0.11546609522748749,12.0
1686052800000,LONG,-7.04102564102563,-0.5618810756208628,6.691025641025631,False,SSV/USDT,2023-06-06 12:00:00,2023,5,10,10,-0.07419676735919227,10.967741935483872
1686067200000,LONG,-9.916510338946924,-0.8146342526177969,9.566510338946925,False,ASTR/USDT,2023-06-06 16:00:00,2023,6,9,11,0.022216428359413495,0.0
1686067200000,LONG,-4.917614373356696,,4.5676143733566965,True,BNB/USDT,2023-06-06 16:00:00,2023,7,10,12,-0.03494350577072601,43.0
1686067200000,LONG,-5.64507070707072,-2.195971188381789,5.29507070707072,False,RSR/USDT,2023-06-06 16:00:00,2023,8,11,13,-0.016986430233889474,0.8
1686067200000,LONG,-7.157988077496288,-0.8062905267817859,6.807988077496288,False,1INCH/USDT,2023-06-06 16:00:00,2023,9,12,14,-0.1443672066827597,8.799999999999999
1686067200000,LONG,-8.016582703610418,-2.341280845416441,7.666582703610418,False,ALICE/USDT,2023-06-06 16:00:00,2023,10,13,15,0.01766794136439318,0.6
1686067200000,LONG,-6.956024999999994,-0.8371603242226829,6.6060249999999945,True,GRT/USDT,2023-06-06 16:00:00,2023,11,14,16,-0.03817302543940663,18.6
1686067200000,LONG,-5.668349792927693,-2.376445386301786,5.318349792927694,False,COTI/USDT,2023-06-06 16:00:00,2023,12,15,17,-0.18351489249118927,19.6
1686081600000,LONG,-6.756722034778085,-1.4394827032062725,6.4067220347780856,False,ID/USDT,2023-06-06 20:00:00,2023,8,12,17,0.0925110028810798,3.0837004405286343
1686096000000,LONG,-5.34568520206625,-0.7962104797566704,4.995685202066251,False,1INCH/USDT,2023-06-07 00:00:00,2023,2,12,17,-0.12136772539677082,24.2
1686412800000,LONG,3.623509933774853,0.0481930874573176,7.562913907284768,True,TRX/USDT,2023-06-10 16:00:00,2023,1,1,1,0.048545402790401045,19.8
1686412800000,LONG,-2.552898550724639,0.8927821316309968,9.210386473429958,False,QNT/USDT,2023-06-10 16:00:00,2023,2,2,2,-0.2327095651453969,1.7999999999999998
1686412800000,LONG,-3.054662461025299,-1.375972015795976,10.030708433036036,True,XMR/USDT,2023-06-10 16:00:00,2023,3,3,3,-0.0619346496451164,11.200000000000001
1686412800000,LONG,-8.307957957957965,,10.18018018018019,True,CRV/USDT,2023-06-10 16:00:00,2023,4,4,4,0.11463401084954003,0.4
1686412800000,LONG,2.938129295931637,-0.624853694886026,11.727624001486156,False,YFI/USDT,2023-06-10 16:00:00,2023,5,5,5,-0.12054663483374786,15.8
1686412800000,LONG,0.0346153846153849,,11.899711538461538,False,QTUM/USDT,2023-06-10 16:00:00,2023,6,6,6,0.06281669028764482,16.8
1686427200000,LONG,6.519904891304346,,6.869904891304346,False,RLC/USDT,2023-06-10 20:00:00,2023,7,7,7,-0.041972627337650545,17.4
1686427200000,LONG,4.324163527586966,,4.674163527586965,True,DOT/USDT,2023-06-10 20:00:00,2023,8,8,8,-0.1203731296632763,0.4
1686427200000,LONG,-2.5917153996101296,,8.365399610136464,False,TLM/USDT,2023-06-10 20:00:00,2023,9,9,9,0.19096276860125452,3.594771241830065
1686427200000,LONG,4.073445631333876,,4.423445631333876,False,ASTR/USDT,2023-06-10 20:00:00,2023,10,10,10,-0.052263789089083294,10.198300283286118
1686427200000,LONG,-5.890922836796414,-0.6790992297050071,10.512174422007616,True,GRT/USDT,2023-06-10 20:00:00,2023,11,11,11,0.032835969878862996,1.7999999999999998
1686427200000,LONG,-7.331791976939696,,6.9817919769396966,False,MINA/USDT,2023-06-10 20:00:00,2023,12,12,12,-0.0407555621562116,2.8720626631853787
1686427200000,LONG,-9.549846203140024,,9.199846203140025,True,SOL/USDT,2023-06-10 20:00:00,2023,13,13,13,0.07204756683403259,5.0
1686427200000,LONG,1.948190175237003,-0.7817862974083558,9.49382361390404,True,FIL/USDT,2023-06-10 20:00:00,2023,14,14,14,-0.03745472789958134,0.4
1686427200000,LONG,5.056525486333423,,5.406525486333411,True,UNI/USDT,2023-06-10 20:00:00,2023,15,15,15,-0.042967182960384355,0.0
1686427200000,LONG,6.250923675255234,,6.600923675255223,True,ATOM/USDT,2023-06-10 20:00:00,2023,16,16,16,0.1735964016479342,0.0
1686427200000,LONG,-0.0057659208261657,,6.55389175750622,True,LINK/USDT,2023-06-10 20:00:00,2023,17,17,17,0.19790024744764884,0.4
1686427200000,LONG,-0.2027486910994708,,6.270255235602086,False,ZEN/USDT,2023-06-10 20:00:00,2023,18,18,18,0.0374514695734863,10.8
1686427200000,LONG,-0.4602292768959314,,6.146604938271594,True,HBAR/USDT,2023-06-10 20:00:00,2023,19,19,19,-0.1789091398998524,3.5999999999999996
1686427200000,LONG,-1.3158725048293678,,5.756857694784292,True,VET/USDT,2023-06-10 20:00:00,2023,20,20,20,0.03835331456868116,1.0
1686427200000,LONG,-1.9460533952408507,,4.890559102340875,True,BCH/USDT,2023-06-10 20:00:00,2023,21,21,21,-0.001411470185006717,3.5999999999999996
1686427200000,LONG,-2.5149621463673832,,6.695948997210775,True,ETC/USDT,2023-06-10 20:00:00,2023,22,22,22,0.0034770605698067505,2.8000000000000003
1686427200000,LONG,-2.7749422632794354,,4.905080831408772,False,ZRX/USDT,2023-06-10 20:00:00,2023,23,23,23,0.01428702539385801,13.200000000000001
1686427200000,LONG,-3.4650667514303803,,7.652320406865859,False,IOTA/USDT,2023-06-10 20:00:00,2023,24,24,24,-0.023617795888331086,10.0
1686427200000,LONG,-5.344132220628504,,8.295240578954227,True,ENS/USDT,2023-06-10 20:00:00,2023,25,25,25,0.12254017368379642,0.2
1686427200000,LONG,-5.347012764837481,-1.577414839052344,4.997012764837481,False,IOST/USDT,2023-06-10 20:00:00,2023,26,26,26,0.013651918306583369,20.0
1686427200000,LONG,1.5470189701896937,,7.775248419150854,True,ALGO/USDT,2023-06-10 20:00:00,2023,27,27,27,-0.05594522006580787,0.8
1686441600000,LONG,4.249472927647348,,4.599472927647348,False,QTUM/USDT,2023-06-11 00:00:00,2023,22,27,27,0.06263334353722576,15.6
1686441600000,LONG,-5.6177849037987215,-1.2519490768623731,5.267784903798722,False,ANKR/USDT,2023-06-11 00:00:00,2023,23,28,28,0.11097861741747797,2.1999999999999997
1686441600000,LONG,6.652202810482331,,7.002202810482331,True,ADA/USDT,2023-06-11 00:00:00,2023,24,29,29,0.22341185326053656,0.0
1686441600000,LONG,-5.991071428571436,,5.641071428571436,True,CRV/USDT,2023-06-11 00:00:00,2023,25,29,29,0.1297368331500167,5.800000000000001
1686456000000,LONG,-3.5963768115942,,4.28799999999999,False,ZRX/USDT,2023-06-11 04:00:00,2023,5,29,29,0.01962367439800831,26.6
1686456000000,LONG,4.899234050804735,,5.249234050804734,True,LINK/USDT,2023-06-11 04:00:00,2023,6,29,29,0.20707505640803303,0.2
1686456000000,LONG,-6.37262766385203,-0.677920307480551,6.02262766385203,True,GRT/USDT,2023-06-11 04:00:00,2023,7,29,29,0.05887338777435624,1.2
1686456000000,LONG,-6.360662505688837,,6.010662505688837,True,SOL/USDT,2023-06-11 04:00:00,2023,8,29,29,0.08735243196107012,7.6
1686456000000,LONG,-4.558384754990918,0.4394123594687822,4.208384754990918,False,YFI/USDT,2023-06-11 04:00:00,2023,9,29,29,-0.11577350934867661,16.0
1686456000000,LONG,-4.325822699798525,,5.5360913364674325,True,ENS/USDT,2023-06-11 04:00:00,2023,10,29,29,0.1543676951575918,0.0
1686456000000,LONG,3.937018580041844,,4.287018580041844,True,ATOM/USDT,2023-06-11 04:00:00,2023,11,29,29,0.1871229495266728,0.4
1686456000000,LONG,3.896593121349769,,4.246593121349769,True,VET/USDT,2023-06-11 04:00:00,2023,12,29,29,0.04633460164577279,1.2
1686456000000,LONG,-0.0866688610928196,,7.235461926706168,False,COTI/USDT,2023-06-11 04:00:00,2023,13,30,30,-0.05589870361943343,19.0
1686456000000,LONG,3.651553021111384,,4.001553021111384,False,MINA/USDT,2023-06-11 04:00:00,2023,14,30,30,-0.03482700575916572,0.26041666666666663
1686456000000,LONG,-4.52197209057399,-1.5829954169156963,4.17197209057399,False,IOST/USDT,2023-06-11 04:00:00,2023,15,30,30,0.021281019521061133,19.2
1686470400000,LONG,3.7689289698772654,,4.118928969877267,True,ADA/USDT,2023-06-11 08:00:00,2023,12,27,30,0.17822794634131403,0.4
1686484800000,LONG,-5.377338744126444,-0.7395593303867258,5.027338744126444,True,APE/USDT,2023-06-11 12:00:00,2023,2,16,31,0.05115646650915336,31.6
1686499200000,LONG,-4.79036544850498,-0.6229902214759979,4.440365448504981,True,SNX/USDT,2023-06-11 16:00:00,2023,2,14,32,-0.15385444115005853,2.1999999999999997
1686499200000,LONG,-1.9063435776201685,-1.9608311326384151,6.192434988179664,True,AR/USDT,2023-06-11 16:00:00,2023,3,15,33,0.10966182811795004,0.0
1686499200000,LONG,-1.5418951132300385,,6.954588796185949,True,ZEC/USDT,2023-06-11 16:00:00,2023,4,16,34,0.10190543449380597,13.600000000000001
1686499200000,LONG,-4.641894531250006,,4.291894531250007,False,TLM/USDT,2023-06-11 16:00:00,2023,5,17,34,0.18429928734228543,0.0
1686499200000,LONG,4.402532228360951,-1.0733924263866232,4.75253222836095,True,GALA/USDT,2023-06-11 16:00:00,2023,6,18,35,0.12022800738073595,5.6000000000000005
1686499200000,LONG,4.706330275229361,-0.2619298651349187,5.056330275229361,False,ONE/USDT,2023-06-11 16:00:00,2023,7,19,36,0.10710124771466693,8.799999999999999
1686499200000,LONG,-5.050658398407586,,10.695911805236564,True,APT/USDT,2023-06-11 16:00:00,2023,8,20,37,0.12072202884616386,10.6
1686556800000,LONG,5.653856867366613,-5.562330592638232,6.003856867366613,True,BNB/USDT,2023-06-12 08:00:00,2023,1,1,10,0.021330285219119893,41.199999999999996
1686571200000,LONG,5.273120989917507,-1.8838165781227985,5.623120989917506,False,GMX/USDT,2023-06-12 12:00:00,2023,2,2,10,-0.0020867043065636273,3.4682080924855487
1686816000000,LONG,6.3173949579831765,,6.667394957983176,True,CRV/USDT,2023-06-15 08:00:00,2023,1,1,1,0.0953763233490485,0.0
1686844800000,LONG,0.9403225806451626,,9.305161290322593,True,CRV/USDT,2023-06-15 16:00:00,2023,1,1,1,0.06303062443063968,0.2
1687406400000,SHORT,-10.784301939671057,,10.434301939671055,True,BCH/USDT,2023-06-22 04:00:00,2023,1,1,1,-0.0006233221559039652,53.800000000000004
1687420800000,SHORT,-5.587783630470019,0.2208375772255356,5.23778363047002,False,WAVES/USDT,2023-06-22 08:00:00,2023,2,2,2,-0.119354146896407,10.4
1687420800000,SHORT,-5.466326530612227,-4.444936136460156,5.116326530612227,False,STORJ/USDT,2023-06-22 08:00:00,2023,3,3,3,0.047507691948814254,10.6
1687420800000,SHORT,-5.241831238779163,-0.8556965390446992,4.891831238779163,False,ANKR/USDT,2023-06-22 08:00:00,2023,4,4,4,0.06767841120420122,20.4
1687420800000,SHORT,-7.840320449289708,-2.464564506754458,7.490320449289708,False,KAVA/USDT,2023-06-22 08:00:00,2023,5,5,5,0.0327529463409237,31.6
1687420800000,SHORT,-0.7893255758727027,-1.4482113173849798,5.617495844217493,True,SOL/USDT,2023-06-22 08:00:00,2023,6,6,6,0.015427206049001064,37.4
1687420800000,SHORT,-5.956418039895908,,5.6064180398959085,False,TLM/USDT,2023-06-22 08:00:00,2023,7,7,7,0.1466926376549549,8.529411764705882
1687420800000,SHORT,-6.512283105022827,-2.994675145532069,6.162283105022827,True,GMT/USDT,2023-06-22 08:00:00,2023,8,8,8,0.03191320395606054,39.0
1687420800000,SHORT,-8.14274023736598,-0.6500738181366907,7.792740237365979,False,WOO/USDT,2023-06-22 08:00:00,2023,9,9,9,0.06732363020289961,23.599999999999998
1687420800000,SHORT,-5.237034417727479,0.1499904775899149,4.887034417727479,False,YFI/USDT,2023-06-22 08:00:00,2023,10,10,10,-0.05154944769705746,15.0
1687420800000,SHORT,4.213155463155462,-1.91410118556121,4.563155463155462,False,LPT/USDT,2023-06-22 08:00:00,2023,11,11,11,0.11708118320736303,13.0
1687420800000,SHORT,-4.925883069427503,-1.608082277215196,4.575883069427503,True,VET/USDT,2023-06-22 08:00:00,2023,12,12,12,0.02603184753059506,13.200000000000001
1687420800000,SHORT,-3.1465111051164376,-0.628023541375998,5.981953061775011,True,ARB/USDT,2023-06-22 08:00:00,2023,13,13,13,0.01297075044690968,35.8974358974359
1687420800000,SHORT,-4.842922975641863,-0.511134557481728,4.492922975641863,False,1INCH/USDT,2023-06-22 08:00:00,2023,14,14,14,0.002825577521929381,18.2
1687420800000,SHORT,-4.598818897637784,,4.2488188976377845,False,ENJ/USDT,2023-06-22 08:00:00,2023,15,15,15,-0.01981712300909884,18.0
1687420800000,SHORT,0.9616940862605476,0.2203269777452461,10.95139321179782,True,OP/USDT,2023-06-22 08:00:00,2023,16,16,16,0.09471845487082782,53.0
1687420800000,SHORT,-1.4423902980929522,1.0286973832573822,5.666913534530638,False,GMX/USDT,2023-06-22 08:00:00,2023,17,17,17,0.05020657142290839,19.466666666666665
1687420800000,SHORT,-2.711665715915561,0.0427743110837643,7.028625213918974,True,NEO/USDT,2023-06-22 08:00:00,2023,18,18,18,0.033120274388014785,2.4
1687420800000,SHORT,-6.077390180878524,,5.727390180878524,True,DOGE/USDT,2023-06-22 08:00:00,2023,19,19,19,0.1605556680936916,31.4
1687420800000,SHORT,-0.8644440047487066,0.9684207705650764,5.698021369212488,False,ROSE/USDT,2023-06-22 08:00:00,2023,20,20,20,-0.09345954783035912,11.799999999999999
1687420800000,SHORT,-5.184216679657048,0.2221715131845794,4.8342166796570485,False,CHR/USDT,2023-06-22 08:00:00,2023,21,21,21,0.11030328452621416,12.4
1687420800000,SHORT,-8.374479371316289,-0.123783362189685,8.02447937131629,True,GALA/USDT,2023-06-22 08:00:00,2023,22,22,22,0.08366867117249015,8.799999999999999
1687420800000,SHORT,-5.649514777238637,-1.7112749561934242,5.299514777238637,False,RSR/USDT,2023-06-22 08:00:00,2023,23,23,23,-0.0661602772187857,15.2
1687420800000,SHORT,-5.948312545854704,0.3590500511759673,5.5983125458547045,True,ENS/USDT,2023-06-22 08:00:00,2023,24,24,24,0.09705274258036979,13.4
1687420800000,SHORT,-6.217860798362303,2.412971155973264,5.867860798362304,True,ETC/USDT,2023-06-22 08:00:00,2023,25,25,25,-0.01872444726775252,7.199999999999999
1687435200000,SHORT,-5.391071428571399,-0.4666696512092472,5.041071428571399,False,ZRX/USDT,2023-06-22 12:00:00,2023,25,26,26,-0.005295531903416333,22.2
1687449600000,SHORT,3.735951021911233,1.0228071755682877,4.085951021911233,False,GMX/USDT,2023-06-22 16:00:00,2023,2,26,26,0.05828175097675277,16.48936170212766
1687449600000,SHORT,-5.053853046594979,-0.85176094867893,4.703853046594979,False,ANKR/USDT,2023-06-22 16:00:00,2023,3,26,26,0.07379901925741299,20.4
1687449600000,SHORT,-4.908389472035086,0.1480379714951512,4.558389472035087,False,YFI/USDT,2023-06-22 16:00:00,2023,4,26,26,-0.04884520900702024,15.0
1687449600000,SHORT,-7.529069767441845,-0.1224027937340486,7.179069767441845,True,GALA/USDT,2023-06-22 16:00:00,2023,5,26,26,0.09165123214572674,39.4
1687464000000,SHORT,3.49783559247922,0.5967332290414878,11.527284652383033,True,FET/USDT,2023-06-22 20:00:00,2023,5,26,27,-0.002844960405033289,18.181818181818183
1687464000000,SHORT,-7.196386946386935,-0.9182268406787278,6.846386946386936,False,MINA/USDT,2023-06-22 20:00:00,2023,6,27,28,-0.041512569994028525,18.138424821002385
1687579200000,SHORT,-9.93438563742176,,9.58438563742176,True,BCH/USDT,2023-06-24 04:00:00,2023,1,1,1,0.15205194788620938,78.60000000000001
1687579200000,SHORT,-4.248956617243266,1.14127955860832,9.002580999450839,True,VET/USDT,2023-06-24 04:00:00,2023,2,2,2,0.09422791616257999,13.8
1687579200000,SHORT,-5.264102564102541,0.9346912360384402,4.914102564102541,True,ALGO/USDT,2023-06-24 04:00:00,2023,3,3,3,-0.009899769664578973,16.0
1687608000000,SHORT,-5.4056034482758575,-1.2752271206267771,5.055603448275858,True,NEAR/USDT,2023-06-24 12:00:00,2023,1,4,4,-0.009609307461733815,3.2
1687608000000,SHORT,-7.164107526881718,-1.2265592876442344,6.814107526881719,False,RSR/USDT,2023-06-24 12:00:00,2023,2,5,5,-0.06167053398628807,15.2
1687608000000,SHORT,-4.9572823696804855,-1.495042666031036,4.607282369680486,True,CHZ/USDT,2023-06-24 12:00:00,2023,3,6,6,0.038833293918144836,12.4
1687608000000,SHORT,0.3272009029345475,-0.755734849359325,9.89633616947384,True,AXS/USDT,2023-06-24 12:00:00,2023,4,7,7,0.004716470770431295,0.4
1687608000000,SHORT,4.125647213690209,-2.029948972189133,8.83804300131635,True,GMT/USDT,2023-06-24 12:00:00,2023,5,8,8,0.03496486720487155,37.2
1687608000000,SHORT,-8.25807745800791,,7.90807745800791,True,BCH/USDT,2023-06-24 12:00:00,2023,6,8,8,0.10152869111468923,0.8
1687608000000,SHORT,1.6786851720564968,2.0859425536384903,7.941331733653276,True,ETC/USDT,2023-06-24 12:00:00,2023,7,9,9,0.0340595294525649,21.4
1687622400000,SHORT,-7.102046783625723,-0.3770900318567095,6.752046783625723,False,ZRX/USDT,2023-06-24 16:00:00,2023,8,10,10,0.012032065284090912,21.6
1687665600000,SHORT,4.423788840628127,-0.6411241013674069,4.773788840628127,True,AXS/USDT,2023-06-25 04:00:00,2023,1,2,10,0.011433568627935336,31.0
1687680000000,SHORT,-9.830619734962298,,9.480619734962298,True,BCH/USDT,2023-06-25 08:00:00,2023,2,2,8,0.07682995808808953,10.8
1687680000000,SHORT,11.111102806842718,,11.461102806842716,False,KNC/USDT,2023-06-25 08:00:00,2023,3,3,9,0.074428682830287,0.2
1687694400000,SHORT,6.418999087313656,-0.4667145017337121,6.768999087313656,False,1INCH/USDT,2023-06-25 12:00:00,2023,3,4,10,0.02643263284833891,17.2
1687694400000,SHORT,6.020297951582868,0.5940293933795336,6.370297951582868,True,TRB/USDT,2023-06-25 12:00:00,2023,4,5,11,0.03393458134980184,8.200000000000001
1687694400000,SHORT,5.041858237547878,-0.3728412723374285,5.391858237547877,False,ZRX/USDT,2023-06-25 12:00:00,2023,5,6,11,0.015186690778238933,21.6
1687694400000,SHORT,-5.398146788990804,-2.102956858746452,5.048146788990804,False,STORJ/USDT,2023-06-25 12:00:00,2023,6,7,12,0.03975793649092908,10.6
1687694400000,SHORT,-4.664230127848788,-0.6538007405336095,4.314230127848789,False,IOTA/USDT,2023-06-25 12:00:00,2023,7,8,13,-0.00684305765436256,21.4
1687694400000,SHORT,4.650187946372616,-1.4647819747915354,5.000187946372615,True,CHZ/USDT,2023-06-25 12:00:00,2023,8,9,13,0.0481646656069247,10.6
1687694400000,SHORT,8.514203612479475,0.8458006791120494,8.864203612479475,False,ENJ/USDT,2023-06-25 12:00:00,2023,9,10,14,-0.002024633960380883,17.2
1687694400000,SHORT,-5.478105590062103,0.3735341731126201,5.128105590062104,False,ONT/USDT,2023-06-25 12:00:00,2023,10,11,15,0.004337848489179445,17.8
1687694400000,SHORT,10.339641434262946,,10.689641434262946,True,CELO/USDT,2023-06-25 12:00:00,2023,11,12,16,0.04463980210453682,1.2
1687708800000,SHORT,5.984052586453261,,6.334052586453261,True,SUSHI/USDT,2023-06-25 16:00:00,2023,10,13,13,0.052208777486099596,14.000000000000002
1687708800000,SHORT,3.847715689843457,-2.303405406161347,4.197715689843457,False,KAVA/USDT,2023-06-25 16:00:00,2023,11,14,14,0.04112391001983322,33.2
1687708800000,SHORT,10.03519259629812,-0.9327573071243648,10.38519259629812,False,RVN/USDT,2023-06-25 16:00:00,2023,12,15,15,-0.012681602007062075,8.6
1687723200000,SHORT,4.042530437643961,0.8428874698602822,4.392530437643961,False,ENJ/USDT,2023-06-25 20:00:00,2023,4,14,15,-0.029436580068485027,17.0
1687723200000,SHORT,5.9202380952381,1.9685924779376016,6.270238095238099,True,CELO/USDT,2023-06-25 20:00:00,2023,5,14,15,0.00927666085926282,5.0
1687723200000,SHORT,4.941889400921664,0.5894916329520403,5.291889400921663,True,TRB/USDT,2023-06-25 20:00:00,2023,6,14,15,0.018492780509487106,2.6
1687737600000,SHORT,9.086484419804997,-2.300354606108055,9.436484419804996,False,KAVA/USDT,2023-06-26 00:00:00,2023,4,12,15,0.04283854031083678,9.2
1687737600000,SHORT,-5.293401685746627,0.2438579954687541,4.943401685746627,True,XMR/USDT,2023-06-26 00:00:00,2023,5,13,16,-0.18604925037641337,42.199999999999996
1687737600000,SHORT,4.581687898089156,0.982911802709669,4.931687898089156,False,KSM/USDT,2023-06-26 00:00:00,2023,6,14,17,0.014795183940471097,3.5999999999999996
1687752000000,SHORT,-8.021345995045415,,7.671345995045415,True,COMP/USDT,2023-06-26 04:00:00,2023,4,9,18,-0.004556776666478691,0.2
1687809600000,SHORT,10.155727762803217,-0.0721227722625365,10.505727762803216,True,NEAR/USDT,2023-06-26 20:00:00,2023,1,1,8,-0.0712933376203129,2.4
1687939200000,SHORT,-6.445377565252034,0.1240034687279229,6.095377565252035,True,XLM/USDT,2023-06-28 08:00:00,2023,1,1,1,-0.029052174529831425,22.8
1688126400000,SHORT,2.192136139305332,-0.8342339659801223,10.3869727162678,True,XLM/USDT,2023-06-30 12:00:00,2023,1,1,1,-0.0953402256269099,50.0
1688126400000,SHORT,-9.733008817046285,-0.1095589218834853,9.383008817046283,True,COMP/USDT,2023-06-30 12:00:00,2023,2,2,2,-0.042587643454919555,0.2
1688155200000,SHORT,6.347921519440946,-0.1084285351133278,6.697921519440945,True,COMP/USDT,2023-06-30 20:00:00,2023,1,2,2,-0.04583603064018554,2.4
1688169600000,SHORT,3.03307535452776,0.1013300833378414,6.08242654555565,True,XLM/USDT,2023-07-01 00:00:00,2023,2,2,2,-0.2914111845938669,50.0
1688184000000,SHORT,-8.14598979219832,-0.1080618826490958,7.79598979219832,True,COMP/USDT,2023-07-01 04:00:00,2023,2,2,2,-0.04905270064704258,1.7999999999999998
1688212800000,SHORT,6.492728929541604,1.9288552784859487,6.842728929541604,True,BCH/USDT,2023-07-01 12:00:00,2023,1,3,3,0.012755794885627612,1.4000000000000001
1688270400000,SHORT,0.8227078891258018,1.0531369876796075,6.893994314143551,True,INJ/USDT,2023-07-02 04:00:00,2023,1,1,3,-0.1635261557392586,58.8
1688371200000,SHORT,4.872090227690553,1.150530744781976,5.222090227690552,False,YFI/USDT,2023-07-03 08:00:00,2023,1,1,1,-0.06538888302059517,8.200000000000001
1688400000000,SHORT,4.39421007927519,1.150005740505795,4.74421007927519,False,YFI/USDT,2023-07-03 16:00:00,2023,1,1,1,-0.04769753215134762,15.8
1688414400000,SHORT,8.064886731391576,-0.3579235190602463,8.414886731391576,True,CELO/USDT,2023-07-03 20:00:00,2023,2,2,2,0.11428747361773911,0.4
1688428800000,SHORT,8.890565305171616,1.7937556134517407,11.959349277838156,True,GRT/USDT,2023-07-04 00:00:00,2023,2,3,3,-0.043749137592780804,23.799999999999997
1688443200000,SHORT,10.081313131313124,-0.3547018023096294,10.431313131313123,True,CELO/USDT,2023-07-04 04:00:00,2023,2,3,3,0.11805465385749388,12.8
1688443200000,SHORT,3.692179261862902,1.1167190156330975,8.07809753954307,True,FIL/USDT,2023-07-04 04:00:00,2023,3,4,4,-0.11611234401560844,26.400000000000002
1688457600000,SHORT,9.973092815058523,1.7679674484617136,10.323092815058525,True,GRT/USDT,2023-07-04 08:00:00,2023,3,3,4,-0.017004894321763168,23.799999999999997
1688486400000,SHORT,8.354007285974488,-1.572870217729644,8.704007285974487,True,APT/USDT,2023-07-04 16:00:00,2023,1,4,5,-0.1824175822054603,55.2
1688544000000,SHORT,3.7452890792291256,0.1290894428426637,8.233257494646674,True,AAVE/USDT,2023-07-05 08:00:00,2023,1,1,3,0.11906136392238545,19.2
1688774400000,LONG,-2.8919420437214054,0.0048974805907915,6.6357905439755935,True,APE/USDT,2023-07-08 00:00:00,2023,1,1,1,-0.1543567870410826,24.8
1689004800000,LONG,4.474726134585287,-0.829623866539126,4.824726134585286,False,RVN/USDT,2023-07-10 16:00:00,2023,1,1,1,-0.18241517574124305,9.0
1689163200000,SHORT,6.810587709719038,-1.7581929914900818,7.160587709719038,False,KAVA/USDT,2023-07-12 12:00:00,2023,1,1,1,-0.11702123940717024,45.6
1689278400000,SHORT,-6.908456486042693,0.3094100065705333,6.558456486042694,False,KNC/USDT,2023-07-13 20:00:00,2023,1,1,1,-0.008523560531117167,0.6
1689321600000,SHORT,4.5808780357619385,1.3353330083476118,4.930878035761938,True,MASK/USDT,2023-07-14 08:00:00,2023,1,2,2,-0.0751499339156788,54.2
1689321600000,SHORT,8.063130162346884,-0.0652200099098812,8.413130162346883,True,ADA/USDT,2023-07-14 08:00:00,2023,2,3,3,0.1805301431380296,43.4
1689336000000,SHORT,6.197014254526771,,6.54701425452677,True,XRP/USDT,2023-07-14 12:00:00,2023,3,3,4,0.4027135940163421,47.8
1689350400000,SHORT,1.750673801030516,1.5253324565788149,9.006183115338876,False,ROSE/USDT,2023-07-14 16:00:00,2023,2,4,5,0.02506714217427325,21.0
1689350400000,SHORT,2.413385146804843,1.6806656679618217,8.788255613126065,False,TLM/USDT,2023-07-14 16:00:00,2023,3,5,6,-0.12029332855906633,8.5995085995086
1689350400000,SHORT,2.5911764705882434,1.705669187474195,7.016666666666657,False,CTK/USDT,2023-07-14 16:00:00,2023,4,6,7,-0.0461307138036374,16.2
1689350400000,SHORT,3.701565377532232,-0.4135733758691891,8.550583179864935,False,UMA/USDT,2023-07-14 16:00:00,2023,5,7,8,-0.05085988422801621,26.633165829145728
1689350400000,SHORT,3.7948794796582033,2.826848143263659,7.092411682183393,True,THETA/USDT,2023-07-14 16:00:00,2023,6,8,9,-0.028526384067375246,17.2
1689350400000,SHORT,5.0918004058291855,2.1546385030900232,9.0700055340343,False,COTI/USDT,2023-07-14 16:00:00,2023,7,9,10,0.03704595186044413,15.0
1689350400000,SHORT,6.628613925068338,0.3062613090492089,10.412252773757816,False,KNC/USDT,2023-07-14 16:00:00,2023,8,10,10,-0.04417122413062392,13.0
1689350400000,SHORT,9.348657888072944,-0.2088050004497738,11.919967080273466,True,AAVE/USDT,2023-07-14 16:00:00,2023,9,11,11,0.12982820311146412,20.8
1689350400000,SHORT,-7.451002358490553,3.650146737801772,7.101002358490553,True,LINK/USDT,2023-07-14 16:00:00,2023,10,12,12,0.0473529219128636,33.4
1689350400000,SHORT,-7.515101368913527,2.0463039179426694,7.165101368913527,True,UNI/USDT,2023-07-14 16:00:00,2023,11,13,13,-0.02559437975426256,28.199999999999996
1689350400000,SHORT,-8.273397913561828,2.0392965443725752,7.9233979135618275,False,BAT/USDT,2023-07-14 16:00:00,2023,12,14,14,-0.10931489396387037,16.6
1689350400000,SHORT,-9.465821014782245,-0.6654454576666164,9.115821014782243,True,HBAR/USDT,2023-07-14 16:00:00,2023,13,15,15,0.05211347522553524,27.6
1689350400000,SHORT,-0.398239266763147,1.6158272392833388,9.186525164817471,True,AXS/USDT,2023-07-14 16:00:00,2023,14,16,16,-0.09539745655217523,83.2
1689350400000,SHORT,-0.0764021887824894,1.7386495482865862,9.424418604651152,True,NEAR/USDT,2023-07-14 16:00:00,2023,15,17,17,-0.0654384297356325,39.4
1689350400000,SHORT,0.2055555555555605,1.766226302310091,7.953276643990925,False,IOST/USDT,2023-07-14 16:00:00,2023,16,18,18,-0.08857968948552163,25.4
1689350400000,SHORT,1.1399428855227227,1.88109413881463,10.412192699279853,True,MANA/USDT,2023-07-14 16:00:00,2023,17,19,19,-0.1161809144335964,41.8
1689350400000,SHORT,-1.693283582089549,1.0951562862646955,9.431791044776096,True,PEOPLE/USDT,2023-07-14 16:00:00,2023,18,20,20,-0.26427189019234765,17.2
1689379200000,SHORT,-5.134043454244138,0.6853896848804948,4.784043454244139,True,SOL/USDT,2023-07-15 00:00:00,2023,1,19,21,-0.06177628306024063,98.0
1689379200000,SHORT,4.674646346798871,2.4950944151760663,5.02464634679887,True,LINK/USDT,2023-07-15 00:00:00,2023,2,19,21,-0.030575873384669994,33.4
1689854400000,SHORT,7.258695652173918,0.0126878185711501,10.29068068424802,True,HBAR/USDT,2023-07-20 12:00:00,2023,1,1,1,-0.20989150856735506,1.4000000000000001
1689868800000,SHORT,8.125391699557456,,8.475391699557456,True,XLM/USDT,2023-07-20 16:00:00,2023,2,2,2,0.10461582967142966,0.0
1689897600000,SHORT,3.779209436340712,,4.129209436340712,True,XLM/USDT,2023-07-21 00:00:00,2023,1,2,2,0.09937940634516537,3.0
1689969600000,SHORT,7.727272727272723,1.802538152668428,8.077272727272723,True,SNX/USDT,2023-07-21 20:00:00,2023,1,1,2,0.05981231078679931,29.4
1690027200000,SHORT,3.711986381779765,,10.79158253111056,True,TRX/USDT,2023-07-22 12:00:00,2023,1,1,2,-0.24747222294985144,3.2
1690056000000,SHORT,4.101252385496177,,4.4512523854961765,True,TRX/USDT,2023-07-22 20:00:00,2023,1,1,2,-0.23798844724195142,14.799999999999999
1690185600000,SHORT,5.073925088652477,-0.5997666718785061,5.423925088652477,False,ZEN/USDT,2023-07-24 08:00:00,2023,1,1,1,-0.13946048235010697,16.8
1690300800000,SHORT,-10.700662154208356,-0.222535448204282,10.350662154208356,False,KNC/USDT,2023-07-25 16:00:00,2023,1,1,1,-0.18074481042859986,0.0
1690329600000,SHORT,-6.450058411214946,-1.65657923551086,6.100058411214946,False,KNC/USDT,2023-07-26 00:00:00,2023,1,1,1,-0.13678280358077846,0.0
1690372800000,LONG,6.430576421891757,-2.258076018447549,6.780576421891757,True,1000PEPE/USDT,2023-07-26 12:00:00,2023,1,2,2,-0.12937999155351887,22.35772357723577
1690372800000,LONG,4.657523992322458,1.4501386659325584,5.007523992322458,False,SKL/USDT,2023-07-26 12:00:00,2023,2,3,3,-0.06530442796836201,10.6
1690416000000,SHORT,-9.026448490102569,-1.6241621289938537,8.676448490102567,False,KNC/USDT,2023-07-27 00:00:00,2023,1,3,3,-0.18598414807808938,1.4000000000000001
1690488000000,SHORT,6.125583864118877,1.6035049460338202,6.475583864118876,False,NMR/USDT,2023-07-27 20:00:00,2023,1,1,2,-0.17231714195044492,42.72727272727273
1690516800000,SHORT,6.203717026378882,-0.035545969660188,6.553717026378882,True,TRB/USDT,2023-07-28 04:00:00,2023,1,2,2,-0.22969698888607873,11.600000000000001
1690804800000,SHORT,-5.616674766128052,0.8161191954073752,8.945711335196197,True,OP/USDT,2023-07-31 12:00:00,2023,1,1,1,-0.2776379358861782,53.0
1690891200000,LONG,5.377793696275074,0.6019976289915868,5.727793696275073,False,CHR/USDT,2023-08-01 12:00:00,2023,1,1,2,0.04733489921570112,16.400000000000002
1690920000000,LONG,-0.458283703302653,-0.2556309114580505,5.320086626962646,True,APE/USDT,2023-08-01 20:00:00,2023,1,2,2,-0.2070661546560048,54.6
1690948800000,SHORT,-6.804394693200655,-0.6381529379891029,6.454394693200656,False,HIGH/USDT,2023-08-02 04:00:00,2023,1,2,3,-0.16095679480334363,18.0
1691064000000,LONG,4.178391910465338,-1.3132115748373063,4.528391910465338,False,GMX/USDT,2023-08-03 12:00:00,2023,1,1,1,-0.20451674143197135,8.0
1691280000000,LONG,4.568870056497177,-1.1023652767615482,4.918870056497177,False,API3/USDT,2023-08-06 00:00:00,2023,1,1,1,-0.08800914626976697,0.6
1691280000000,LONG,3.918429661941118,-1.3131444273502135,4.268429661941118,False,EDU/USDT,2023-08-06 00:00:00,2023,2,2,2,-0.011760538667358395,2.684563758389262
1691294400000,LONG,5.584593232541401,-1.128570692558729,5.934593232541401,False,MAV/USDT,2023-08-06 04:00:00,2023,3,3,3,-0.010719939773187423,29.310344827586203
1691438400000,LONG,3.829437169127895,-1.8814875893787075,5.244719977709665,True,THETA/USDT,2023-08-07 20:00:00,2023,1,1,1,-0.14889605840355408,4.2
1691452800000,SHORT,7.868421052631575,,8.218421052631575,False,HIGH/USDT,2023-08-08 00:00:00,2023,2,2,2,-0.3182972677233547,3.5999999999999996
1691467200000,LONG,4.616689953891293,-1.8835981357898048,4.966689953891293,True,THETA/USDT,2023-08-08 04:00:00,2023,2,2,2,-0.15375451932279435,6.4
1691524800000,SHORT,1.7952766277756806,-0.2651143928256639,6.830636055701908,False,ID/USDT,2023-08-08 20:00:00,2023,1,1,3,-0.11694764601519922,1.9230769230769231
1691582400000,SHORT,5.113960396039594,0.0647325665971381,5.463960396039593,True,HBAR/USDT,2023-08-09 12:00:00,2023,1,1,2,-0.13885921110994118,14.6
1691683200000,SHORT,-2.53605393330141,-1.234817309281394,5.189364927397463,False,RLC/USDT,2023-08-10 16:00:00,2023,1,1,1,0.032072462950731684,18.4
1691812800000,SHORT,-4.608026905829595,0.5068318122225071,4.258026905829595,True,RUNE/USDT,2023-08-12 04:00:00,2023,1,1,1,0.11487215582061024,2.0
1691841600000,SHORT,-7.137237731923009,0.5737044266448207,6.7872377319230095,False,ASTR/USDT,2023-08-12 12:00:00,2023,1,2,2,0.10293998345564705,0.0
1691856000000,SHORT,-8.760728582866287,0.6381683701267408,8.410728582866287,False,TLM/USDT,2023-08-12 16:00:00,2023,2,3,3,-0.1557513030332723,11.336032388663968
1691928000000,SHORT,4.71209102091018,-1.21317655636149,5.06209102091018,True,JASMY/USDT,2023-08-13 12:00:00,2023,1,1,3,-0.08413967938290091,31.2
1691985600000,SHORT,-6.9739002932551095,,6.62390029325511,True,RUNE/USDT,2023-08-14 04:00:00,2023,1,1,2,0.14221542380150654,1.7999999999999998
1692028800000,SHORT,7.5805224564619476,0.5291817764315169,7.930522456461947,True,FET/USDT,2023-08-14 16:00:00,2023,1,2,2,0.13159684982300301,20.599999999999998
1692057600000,SHORT,3.845745992601728,-1.0245134859236318,4.195745992601728,False,CKB/USDT,2023-08-15 00:00:00,2023,1,2,3,-0.29419024747478206,14.799999999999999
1692057600000,SHORT,8.127383694150156,0.0110973105806166,8.477383694150156,True,FET/USDT,2023-08-15 00:00:00,2023,2,2,3,-0.048381620393017084,5.2
1692072000000,SHORT,4.429106858054219,-3.021750316022672,4.779106858054218,True,CFX/USDT,2023-08-15 04:00:00,2023,3,3,4,-0.17562849298842254,31.0
1692086400000,SHORT,4.542299687825175,-1.7873043228979657,4.892299687825174,False,ALICE/USDT,2023-08-15 08:00:00,2023,2,4,4,-0.10133073578626071,17.8
1692100800000,SHORT,-11.450480109739354,11.364074026202337,11.100480109739356,True,RUNE/USDT,2023-08-15 12:00:00,2023,2,5,5,0.16273411968105259,0.0
1692129600000,SHORT,-9.24143426294819,10.621588619287625,8.89143426294819,True,RUNE/USDT,2023-08-15 20:00:00,2023,1,2,5,0.05587029863073161,0.0
1692144000000,LONG,-9.796148459383756,-0.7098675930949949,9.446148459383757,True,SUI/USDT,2023-08-16 00:00:00,2023,2,2,6,-0.15456034684021533,54.9520766773163
1692144000000,LONG,-7.749756542909309,-1.133215510043732,7.399756542909309,False,IOTA/USDT,2023-08-16 00:00:00,2023,3,3,7,-0.21061482994791952,29.2
1692144000000,LONG,-10.627336276674017,-1.563363393763252,10.277336276674015,False,BLUR/USDT,2023-08-16 00:00:00,2023,4,4,8,-0.2167769546216027,15.407854984894259
1692230400000,LONG,-8.891068164011498,0.903173343166484,8.541068164011499,False,KAVA/USDT,2023-08-17 00:00:00,2023,1,1,4,-0.14760580475045473,29.599999999999998
1692230400000,LONG,-5.083514099783086,-1.845166620234864,4.733514099783086,True,ADA/USDT,2023-08-17 00:00:00,2023,2,2,5,-0.18282527221572603,29.4
1692230400000,LONG,-4.904713375796167,-0.8429841553142268,4.554713375796167,True,DOT/USDT,2023-08-17 00:00:00,2023,3,3,6,-0.2154417830305244,11.600000000000001
1692230400000,LONG,-5.513272578572256,-2.4943713012958573,5.163272578572256,True,LDO/USDT,2023-08-17 00:00:00,2023,4,4,7,-0.2093555190966687,28.599999999999998
1692244800000,LONG,-4.7076998288926895,-0.6246143099801562,4.35769982889269,True,ETC/USDT,2023-08-17 04:00:00,2023,5,5,5,-0.29266092565300916,10.4
1692244800000,LONG,-5.692563510392599,-1.6810068091384212,5.3425635103926,False,ROSE/USDT,2023-08-17 04:00:00,2023,6,6,6,-0.10924785836821144,16.6
1692244800000,LONG,-4.558101045296173,-1.0002521417352537,4.208101045296173,True,AVAX/USDT,2023-08-17 04:00:00,2023,7,7,7,-0.1766787551832902,3.0
1692244800000,LONG,-6.598532115532891,-1.797921095387805,6.248532115532892,False,WAVES/USDT,2023-08-17 04:00:00,2023,8,8,8,-0.10876445488367092,14.6
1692259200000,LONG,-5.887444841353221,-0.4380812826216053,5.537444841353222,True,DOT/USDT,2023-08-17 08:00:00,2023,5,8,8,-0.1959047612991047,2.8000000000000003
1692259200000,LONG,-7.5213055003313425,0.6849399059489335,7.171305500331343,False,KAVA/USDT,2023-08-17 08:00:00,2023,6,8,8,-0.21873692771959533,26.6
1692259200000,LONG,-4.703139745916525,-1.6622915740104052,4.3531397459165255,True,ADA/USDT,2023-08-17 08:00:00,2023,7,8,8,-0.1780547969525019,1.0
1692288000000,LONG,-8.481625683060122,-0.35547736619703,8.131625683060122,False,MTL/USDT,2023-08-17 16:00:00,2023,1,8,9,-0.04084143523122062,46.2
1692316800000,LONG,-0.6904084901882328,-2.5933951599015552,10.90086103323989,True,ARB/USDT,2023-08-18 00:00:00,2023,1,2,10,-0.25514641116383313,11.060948081264108
1692316800000,LONG,-1.1284584732669714,-0.1839436680554539,11.226980595207566,True,ETH/USDT,2023-08-18 00:00:00,2023,2,3,11,-0.0310087623648026,56.2
1692316800000,LONG,1.4577826575426518,-0.7679669752753066,11.776039219691544,False,QNT/USDT,2023-08-18 00:00:00,2023,3,4,12,-0.11597577030543013,32.0
1692331200000,LONG,-4.665890323463665,-2.241838559241444,7.013682193530725,True,BNB/USDT,2023-08-18 04:00:00,2023,4,5,12,-0.07703015292513563,7.8
1692345600000,LONG,-0.9239795918367334,,10.918558673469386,False,RVN/USDT,2023-08-18 08:00:00,2023,2,5,9,-0.34769743763662064,1.7999999999999998
1692345600000,LONG,-1.7487383463197772,-0.1828741085285763,11.685309390002905,True,ETH/USDT,2023-08-18 08:00:00,2023,3,5,9,-0.013531369657703449,0.0
1692345600000,LONG,-0.7097122302158196,,11.345899280575535,False,UMA/USDT,2023-08-18 08:00:00,2023,4,6,10,-0.25894126311608306,5.6105610561056105
1692360000000,LONG,4.783939393939404,-0.8761382851178944,5.133939393939404,True,SNX/USDT,2023-08-18 12:00:00,2023,4,7,8,-0.12511548168455147,5.800000000000001
1692360000000,LONG,4.027127912505941,,4.377127912505941,False,BLUR/USDT,2023-08-18 12:00:00,2023,5,8,9,-0.07382689730068281,6.489675516224189
1692360000000,LONG,5.101829374024624,,5.451829374024624,True,APT/USDT,2023-08-18 12:00:00,2023,6,9,10,0.04450933784110165,1.4000000000000001
1692360000000,LONG,-0.5150165016501698,-10.116999605697876,4.783209570957087,False,1INCH/USDT,2023-08-18 12:00:00,2023,7,10,11,-0.12168990640887,10.2
1692360000000,LONG,-0.765800415800421,-0.901676554178462,4.620917959379503,True,DOGE/USDT,2023-08-18 12:00:00,2023,8,11,12,-0.10007537363221594,2.8000000000000003
1692360000000,LONG,-1.2136246455272,-0.498276137124112,4.418825728280485,True,ETC/USDT,2023-08-18 12:00:00,2023,9,12,13,-0.2808626212750368,2.4
1692360000000,LONG,4.136227489893436,,4.486227489893436,False,MTL/USDT,2023-08-18 12:00:00,2023,10,13,13,-0.29473834303163504,17.2
1692360000000,LONG,-4.4071726004580505,-5.373515693586283,4.057172600458051,True,STX/USDT,2023-08-18 12:00:00,2023,11,14,14,-0.16692806350366957,35.6
1692360000000,LONG,-1.9316174276335325,,4.971113100567001,True,JASMY/USDT,2023-08-18 12:00:00,2023,12,15,15,-0.16121127175035851,4.0
1692360000000,LONG,-1.2005467800728946,-5.029186437644799,4.115978128797084,True,GMT/USDT,2023-08-18 12:00:00,2023,13,16,16,-0.2595939731843356,34.2
1692388800000,LONG,5.06282051282052,,5.412820512820519,False,BLUR/USDT,2023-08-18 20:00:00,2023,1,13,16,-0.07469499615643688,5.294117647058823
1692403200000,LONG,6.571174808235763,-1.2083389567432314,6.9211748082357625,True,SUI/USDT,2023-08-19 00:00:00,2023,2,11,17,-0.07507496695933581,6.521739130434782
1692403200000,LONG,4.179900025203729,-0.6619605618577011,4.5299000252037285,True,XLM/USDT,2023-08-19 00:00:00,2023,3,12,18,-0.06149301724413373,23.400000000000002
1692417600000,LONG,4.144498381877021,,4.494498381877021,False,BLUR/USDT,2023-08-19 04:00:00,2023,3,3,16,-0.06891110895419773,6.451612903225806
1692446400000,LONG,3.966305390370237,,4.316305390370237,True,XRP/USDT,2023-08-19 12:00:00,2023,1,4,13,0.033783921705954144,15.0
1692734400000,LONG,-0.8334254143646358,-0.6551751424560853,4.686957379636944,True,AVAX/USDT,2023-08-22 20:00:00,2023,1,1,1,-0.13182322169575608,2.4
1692734400000,LONG,3.8275374691709465,-1.8625204461460432,4.177537469170947,True,BNB/USDT,2023-08-22 20:00:00,2023,2,2,2,-0.09915967775172047,5.800000000000001
1692734400000,LONG,6.2556921995783545,0.216919504410065,6.605692199578354,False,SSV/USDT,2023-08-22 20:00:00,2023,3,3,3,-0.1937937555550243,14.799999999999999
1692734400000,LONG,-5.192105263157887,0.6897857136586699,7.856210526315788,True,CRV/USDT,2023-08-22 20:00:00,2023,4,4,4,-0.25290989549577075,3.0
1692748800000,LONG,2.4720300409649445,-0.3976570804945405,4.474965862539824,True,DOT/USDT,2023-08-23 00:00:00,2023,5,5,5,-0.1859117663289833,15.2
1692763200000,LONG,-2.1482836756339845,-0.5666053753085392,7.711888921029805,True,SOL/USDT,2023-08-23 04:00:00,2023,2,6,6,-0.1489396800206391,4.2
1692763200000,LONG,-1.164364207221352,-0.6426088356067677,5.210655416012573,True,AVAX/USDT,2023-08-23 04:00:00,2023,3,6,6,-0.1546537709952311,1.7999999999999998
1693224000000,SHORT,-10.152886750555131,0.206025747048706,9.802886750555132,True,TRB/USDT,2023-08-28 12:00:00,2023,1,1,1,0.17187524455755998,0.4
1693238400000,LONG,4.293101132220299,-0.7395596737456439,4.643101132220298,False,KNC/USDT,2023-08-28 16:00:00,2023,2,2,2,-0.1388131716421021,5.800000000000001
1693310400000,LONG,-6.061249241964814,0.976437000617896,5.711249241964814,False,HFT/USDT,2023-08-29 12:00:00,2023,1,1,3,-0.10498267421870068,11.415525114155251
1693324800000,LONG,-11.659926139434342,,11.309926139434342,False,MAGIC/USDT,2023-08-29 16:00:00,2023,2,2,3,-0.2959404457266148,21.0
1693353600000,SHORT,-11.936973880092,1.3768976366387002,11.586973880092,True,TRB/USDT,2023-08-30 00:00:00,2023,1,3,3,0.13950263712488717,0.4
1693382400000,SHORT,-9.62256643032269,1.833636524876341,9.27256643032269,True,TRB/USDT,2023-08-30 08:00:00,2023,1,1,3,0.13026373695203994,0.0
1693454400000,SHORT,-7.909172861659386,-0.7643809797593688,7.559172861659387,False,API3/USDT,2023-08-31 04:00:00,2023,1,1,2,0.012465951797822795,4.0
1693972800000,SHORT,1.561186059584034,-2.959933733716942,4.772812441446508,False,KNC/USDT,2023-09-06 04:00:00,2023,1,1,1,-0.0772972276612506,14.6
1693972800000,SHORT,-8.453225806451597,0.1138950833029936,8.103225806451597,False,TLM/USDT,2023-09-06 04:00:00,2023,2,2,2,0.05057134483208618,13.200000000000001
1693972800000,SHORT,8.088377192982449,0.6545770881045362,8.438377192982449,False,CTK/USDT,2023-09-06 04:00:00,2023,3,3,3,0.05070297838777895,0.6
1694001600000,SHORT,10.148100558659207,0.646159134867521,10.498100558659209,False,CTK/USDT,2023-09-06 12:00:00,2023,1,3,3,0.03260131081184127,1.4000000000000001
1694001600000,SHORT,9.858843830888684,-0.0991961035125865,10.208843830888682,True,SNX/USDT,2023-09-06 12:00:00,2023,2,4,4,0.013214839887805786,0.6
1694030400000,SHORT,7.110114126004413,-0.7493030620065251,7.460114126004413,False,LQTY/USDT,2023-09-06 20:00:00,2023,1,3,5,-0.13519243391398153,8.4
1694059200000,SHORT,3.711102621370625,-0.749543756691544,4.061102621370625,False,LQTY/USDT,2023-09-07 04:00:00,2023,1,1,5,-0.048933735317537634,27.400000000000002
1694131200000,SHORT,0.3930110522893982,-1.1048206718301368,11.18050524751554,False,DUSK/USDT,2023-09-08 00:00:00,2023,1,1,2,0.17048947982246768,11.600000000000001
1694160000000,SHORT,-12.052727706247012,-0.5774326603820661,11.702727706247012,False,DUSK/USDT,2023-09-08 08:00:00,2023,1,1,1,0.04822166005315961,12.6
1694203200000,SHORT,5.067069199457249,1.703721425732003,5.417069199457249,True,TRB/USDT,2023-09-08 20:00:00,2023,1,2,2,0.20733062321533113,0.0
1694217600000,SHORT,4.46587677725117,,4.8158767772511695,False,COTI/USDT,2023-09-09 00:00:00,2023,2,2,3,-0.19121143706777244,16.2
1694260800000,SHORT,0.8454992967651197,,9.89268635724332,False,ACH/USDT,2023-09-09 12:00:00,2023,1,2,3,-0.05100249437079459,9.6
1694275200000,SHORT,4.258294930875567,-2.339038961136137,7.988958774442652,False,WAVES/USDT,2023-09-09 16:00:00,2023,2,2,4,0.061854543881957755,10.0
1694289600000,SHORT,1.4809859154929683,,10.047464788732388,False,ACH/USDT,2023-09-09 20:00:00,2023,2,2,4,-0.004657131052384215,25.8
1694304000000,SHORT,2.7319088771684696,-2.308989360982579,7.55943318294464,False,WAVES/USDT,2023-09-10 00:00:00,2023,2,2,3,0.05964953844322697,25.4
1694318400000,SHORT,5.13793103448274,-1.2314254413867678,5.48793103448274,False,UMA/USDT,2023-09-10 04:00:00,2023,2,3,3,-0.04383194213487315,23.9247311827957
1694318400000,SHORT,-10.979900332225911,,10.629900332225914,False,STORJ/USDT,2023-09-10 04:00:00,2023,3,4,4,0.06362522783934836,20.200000000000003
1694419200000,SHORT,-6.228816568047335,-0.2880861899583907,5.878816568047335,False,MTL/USDT,2023-09-11 08:00:00,2023,1,1,1,-0.19517318393403335,41.4
1694448000000,SHORT,-5.663819351800992,-1.3753770416174724,5.313819351800992,False,MTL/USDT,2023-09-11 16:00:00,2023,1,1,1,-0.25441226055473337,30.599999999999998
1694476800000,LONG,5.614049534022723,0.0938265413433661,5.964049534022723,True,ARB/USDT,2023-09-12 00:00:00,2023,1,2,2,0.15264105897120886,11.200000000000001
1694476800000,LONG,5.286739659367382,-3.808711229820223,5.6367396593673815,True,FLOW/USDT,2023-09-12 00:00:00,2023,2,3,3,-0.05548190339497881,4.2
1694476800000,LONG,5.093460135487232,0.0249514214553716,5.443460135487232,True,DYDX/USDT,2023-09-12 00:00:00,2023,3,4,4,-0.017347152519530992,1.6
1694476800000,LONG,5.084763948497846,-0.8350391943134113,5.434763948497846,False,ZRX/USDT,2023-09-12 00:00:00,2023,4,5,5,-0.011720171257194854,26.8
1694476800000,LONG,4.098274231678491,-2.921510481075972,4.44827423167849,True,AXS/USDT,2023-09-12 00:00:00,2023,5,6,6,0.04257981705294908,17.599999999999998
1694476800000,LONG,3.721844307020724,-2.9826785032900176,4.071844307020724,True,MANA/USDT,2023-09-12 00:00:00,2023,6,7,7,0.05685134755007274,7.6
1694476800000,LONG,3.0633021259996065,0.0895761108294395,5.103179247123071,True,APT/USDT,2023-09-12 00:00:00,2023,7,8,8,-0.009762858087130365,6.800000000000001
1694476800000,LONG,2.421728370619682,0.4457156950523653,5.135973074638677,True,IMX/USDT,2023-09-12 00:00:00,2023,8,9,9,-0.04107473617071492,22.8
1694476800000,LONG,5.055856714791613,-0.9514112415410924,5.405856714791613,True,COMP/USDT,2023-09-12 00:00:00,2023,9,10,10,-0.03881275775583844,37.6
1694476800000,LONG,-4.889057350032961,-1.158452520527959,4.539057350032961,True,ICP/USDT,2023-09-12 00:00:00,2023,10,11,11,0.04716808660528354,6.6000000000000005
1694476800000,LONG,1.392301458670988,-1.1093289103731685,4.46089951377634,True,ADA/USDT,2023-09-12 00:00:00,2023,11,12,12,0.04705439500809938,25.2
1694476800000,LONG,1.7666403963071424,-2.0700054539635646,6.339022742625534,True,SUI/USDT,2023-09-12 00:00:00,2023,12,13,13,0.031171277795898202,26.649746192893403
1694476800000,LONG,-5.420334928229663,-1.1428714635946688,5.070334928229663,True,CRV/USDT,2023-09-12 00:00:00,2023,13,14,14,-0.18792229945954528,14.399999999999999
1694476800000,LONG,4.4076033272679975,0.4937662243100733,4.757603327267997,False,ROSE/USDT,2023-09-12 00:00:00,2023,14,15,15,0.029619128569339476,32.4
1694476800000,LONG,4.382650225772822,-2.479745206682796,4.732650225772821,True,SAND/USDT,2023-09-12 00:00:00,2023,15,16,16,0.014564504618236489,30.599999999999998
1694476800000,LONG,4.574070202464782,-3.020641144575025,4.924070202464781,True,SOL/USDT,2023-09-12 00:00:00,2023,16,17,17,0.14752814524108995,12.8
1694476800000,LONG,4.130514446793516,-1.532475494636086,4.480514446793515,True,CHZ/USDT,2023-09-12 00:00:00,2023,17,18,18,0.10107104979372519,26.6
1694476800000,LONG,6.029268292682911,-1.7743172251572037,6.379268292682911,False,BLUR/USDT,2023-09-12 00:00:00,2023,18,19,19,-0.05546530509293146,12.37864077669903
1694476800000,LONG,7.642833589799966,-1.852220427344964,7.992833589799965,False,MAGIC/USDT,2023-09-12 00:00:00,2023,19,20,20,-0.06695667548062191,30.0
1694476800000,LONG,6.811736004108904,-3.341578727688852,7.161736004108904,False,YGG/USDT,2023-09-12 00:00:00,2023,20,21,21,-0.06299886570293456,14.516129032258066
1694476800000,LONG,4.284782608695655,-0.3810656444858881,4.634782608695654,False,EGLD/USDT,2023-09-12 00:00:00,2023,21,22,22,0.027892184794567846,18.6
1694476800000,LONG,4.202370231394617,-0.9524170328833668,4.552370231394617,True,GRT/USDT,2023-09-12 00:00:00,2023,22,23,23,0.10547999207597102,33.800000000000004
1694476800000,LONG,4.36530933819871,-1.4319423736268202,4.7153093381987095,True,LTC/USDT,2023-09-12 00:00:00,2023,23,24,24,0.11061545397167798,24.2
1694505600000,LONG,3.950531242094616,0.0916934996870369,6.151353402479133,True,ARB/USDT,2023-09-12 08:00:00,2023,1,23,24,0.1553167620019253,10.4
1694505600000,LONG,4.984733341544524,-0.9476809913580042,5.334733341544523,True,GRT/USDT,2023-09-12 08:00:00,2023,2,23,24,0.11538284381601749,18.6
1694851200000,SHORT,8.923969021632562,-0.2648253015476912,9.273969021632562,False,MTL/USDT,2023-09-16 08:00:00,2023,1,1,1,-0.1786758486455059,38.6
1694865600000,SHORT,-2.3831201836366565,-4.165379451415255,9.887620921462524,False,KNC/USDT,2023-09-16 12:00:00,2023,2,2,2,0.06893466616469372,1.2
1694865600000,SHORT,-11.472767736714324,1.1593943688947188,11.122767736714325,True,ARKM/USDT,2023-09-16 12:00:00,2023,3,3,3,0.11136470555543374,32.02614379084967
1694865600000,SHORT,0.727708451503115,-1.552050372511682,5.022007941009631,True,VET/USDT,2023-09-16 12:00:00,2023,4,4,4,0.22388166183155866,26.0
1694865600000,SHORT,3.694566288812217,-0.7370507873673526,4.044566288812217,False,LQTY/USDT,2023-09-16 12:00:00,2023,5,5,5,0.040067777480270204,28.199999999999996
1694894400000,SHORT,-6.098605748605746,1.4780610021165046,11.874731874731856,False,MAV/USDT,2023-09-16 20:00:00,2023,1,6,6,0.06507521885494548,25.311203319502074
1694894400000,SHORT,7.849999999999989,-1.5017359843559213,8.199999999999989,True,WLD/USDT,2023-09-16 20:00:00,2023,2,7,7,0.16221519227613726,14.723926380368098
1694894400000,SHORT,-5.308949096880132,-4.167168435173075,7.612512315270931,False,KNC/USDT,2023-09-16 20:00:00,2023,3,7,7,0.07456619658684946,3.0
1694908800000,SHORT,-1.2310572687224677,-0.902529998754796,5.602202643171784,True,FLOW/USDT,2023-09-17 00:00:00,2023,4,7,8,0.038463710987902563,0.6
1694908800000,SHORT,5.325957120980073,-0.3841600497476509,5.6759571209800725,False,KAVA/USDT,2023-09-17 00:00:00,2023,5,8,9,-0.04491275741824681,6.6000000000000005
1694952000000,SHORT,-4.350388349514552,1.1102761476107177,4.0003883495145525,False,EGLD/USDT,2023-09-17 12:00:00,2023,1,3,9,0.022844859742905243,12.0
1695297600000,SHORT,5.502480070859148,,5.852480070859148,True,IMX/USDT,2023-09-21 12:00:00,2023,1,1,1,0.010594788137946233,0.0
1695326400000,SHORT,3.821490312965696,,4.171490312965695,True,IMX/USDT,2023-09-21 20:00:00,2023,1,1,1,-0.00798110636612848,0.4
1695384000000,SHORT,7.6724564619615006,,8.0224564619615,True,IMX/USDT,2023-09-22 12:00:00,2023,1,1,1,-0.014434693427439027,0.8
1695470400000,SHORT,-7.0932548179871375,0.1924277364945917,6.743254817987138,True,CRV/USDT,2023-09-23 12:00:00,2023,1,1,2,-0.05544970145413048,40.6
1695556800000,SHORT,-3.4134573304157576,-0.8458160024778013,8.918045222465338,False,KNC/USDT,2023-09-24 12:00:00,2023,1,1,2,0.13489773307167016,0.2
1695600000000,SHORT,-1.1312500000000003,2.443120610899036,6.56875,True,CRV/USDT,2023-09-25 00:00:00,2023,1,2,2,0.016534237026835107,0.2
1695628800000,SHORT,-4.771917808219168,2.444274260647784,4.421917808219169,True,CRV/USDT,2023-09-25 08:00:00,2023,1,1,2,0.01885102447740803,9.8
1695672000000,SHORT,4.584501977705845,-1.1322339118574611,4.934501977705844,True,APT/USDT,2023-09-25 20:00:00,2023,1,2,2,-0.06593239083583004,0.6
1695916800000,SHORT,-5.351562499999976,0.7845597483891524,5.001562499999976,True,PEOPLE/USDT,2023-09-28 16:00:00,2023,1,1,1,-0.031649363608525695,2.6
1695945600000,SHORT,-9.392262801204804,0.4131016448779862,9.042262801204805,False,MAGIC/USDT,2023-09-29 00:00:00,2023,1,2,2,-0.0893342009541511,4.3999999999999995
1695974400000,SHORT,-5.985555088309488,,5.635555088309489,True,COMP/USDT,2023-09-29 08:00:00,2023,1,2,3,0.08451708788027015,51.6
1696003200000,SHORT,-4.464493978449183,,4.114493978449183,True,COMP/USDT,2023-09-29 16:00:00,2023,1,1,3,0.09028777291200639,52.2
1696032000000,SHORT,-7.037193841847426,-0.1040405755836833,6.687193841847426,False,STORJ/USDT,2023-09-30 00:00:00,2023,1,2,3,0.01818973404516517,25.4
1696032000000,SHORT,-6.251072485207096,1.942238112608998,5.901072485207096,False,MAV/USDT,2023-09-30 00:00:00,2023,2,3,4,0.05831628570403973,26.42857142857143
1696046400000,SHORT,-6.707949722494268,1.9085307232904096,6.3579497224942685,True,MANA/USDT,2023-09-30 04:00:00,2023,3,4,4,-0.04767182349391251,27.200000000000003
1696046400000,SHORT,-5.357220216606481,0.3371612606087494,5.007220216606481,True,RUNE/USDT,2023-09-30 04:00:00,2023,4,5,5,0.08841880700673382,42.6
1696075200000,SHORT,-7.307760423929724,-2.487329308647264,6.957760423929725,True,PENDLE/USDT,2023-09-30 12:00:00,2023,1,5,6,0.10614806741805322,23.383084577114428
1696089600000,SHORT,-5.810338651904907,0.6645628679481476,5.460338651904907,True,CHZ/USDT,2023-09-30 16:00:00,2023,2,4,7,-0.037240193879669606,12.2
1696104000000,SHORT,-8.85943668753009,-2.4156133165146985,8.50943668753009,True,ARKM/USDT,2023-09-30 20:00:00,2023,2,3,7,-0.06390696787674748,14.285714285714285
1696147200000,SHORT,-8.670726234190102,-0.9341641280590316,8.320726234190102,False,YGG/USDT,2023-10-01 08:00:00,2023,1,2,4,0.0695797572796053,3.8461538461538463
1696176000000,SHORT,-9.56188811188809,-1.2156214960796077,9.21188811188809,False,YGG/USDT,2023-10-01 16:00:00,2023,1,1,3,0.08008442262923617,4.371584699453552
1696204800000,SHORT,-5.293518518518519,-1.2106298924741423,4.94351851851852,False,YGG/USDT,2023-10-02 00:00:00,2023,1,1,1,0.06407367692473959,38.04347826086957
1696233600000,SHORT,6.436941495926928,1.7397686002620902,6.786941495926928,False,GMX/USDT,2023-10-02 08:00:00,2023,1,2,2,0.038606774234538906,34.4
1696233600000,SHORT,8.399873631002512,0.935214027035488,8.749873631002512,False,STORJ/USDT,2023-10-02 08:00:00,2023,2,3,3,0.08029120300677296,25.4
1696233600000,SHORT,4.160494752623659,0.8452176816232222,4.510494752623659,False,HIGH/USDT,2023-10-02 08:00:00,2023,3,4,4,-0.007039320397455664,28.000000000000004
1696233600000,SHORT,5.081177606177591,,5.431177606177591,False,CHR/USDT,2023-10-02 08:00:00,2023,4,5,5,0.05804963431697319,21.4
1696248000000,SHORT,5.140255376344065,-0.8157550160643875,5.490255376344065,True,GALA/USDT,2023-10-02 12:00:00,2023,5,6,6,0.0564693083109613,38.6
1696248000000,SHORT,5.81290172333488,-0.8652862242798801,6.16290172333488,True,ARKM/USDT,2023-10-02 12:00:00,2023,6,7,7,0.006335909936741474,31.343283582089555
1696248000000,SHORT,-2.914971751412439,3.0788606657129027,5.734333333333335,False,WOO/USDT,2023-10-02 12:00:00,2023,7,8,8,0.008020174771274676,41.6
1696248000000,SHORT,3.69995495495493,1.039529020019637,4.049954954954931,False,ARPA/USDT,2023-10-02 12:00:00,2023,8,9,9,-0.057075896389568885,36.199999999999996
1696248000000,SHORT,6.080938337801593,-0.6256162687242677,6.430938337801592,False,BLUR/USDT,2023-10-02 12:00:00,2023,9,10,10,-0.10604613804520763,23.839662447257385
1696248000000,SHORT,6.655964405964383,0.5865223776134691,7.005964405964383,True,RUNE/USDT,2023-10-02 12:00:00,2023,10,11,11,0.1380877859528413,43.2
1696248000000,SHORT,4.285548387096765,-0.1565798866016796,4.635548387096764,False,RVN/USDT,2023-10-02 12:00:00,2023,11,12,12,0.09672898150661748,19.6
1696248000000,SHORT,4.288105891126022,-0.2169449300673094,4.638105891126021,True,CFX/USDT,2023-10-02 12:00:00,2023,12,13,13,-0.16327544858520565,32.6
1696248000000,SHORT,4.364787339268058,-3.571338180760298,4.7147873392680575,True,DYDX/USDT,2023-10-02 12:00:00,2023,13,14,14,0.03640749594580291,38.800000000000004
1696248000000,SHORT,4.462597480503881,1.051769176167048,4.8125974805038805,False,SSV/USDT,2023-10-02 12:00:00,2023,14,15,15,0.012492236731514781,18.8
1696248000000,SHORT,4.125167464114835,1.879041034154232,4.4751674641148345,False,ID/USDT,2023-10-02 12:00:00,2023,15,16,16,-0.0005262703870149556,25.4
1696248000000,SHORT,3.922413320542691,0.5273484477987335,4.272413320542691,True,ATOM/USDT,2023-10-02 12:00:00,2023,16,17,17,0.14132833490355176,47.0
1696248000000,SHORT,3.710606060606049,0.9523505525099308,4.060606060606049,False,KSM/USDT,2023-10-02 12:00:00,2023,17,18,18,-0.04725225585860593,38.2
1696248000000,SHORT,3.704307862679956,1.2840404777969168,4.054307862679956,True,UNI/USDT,2023-10-02 12:00:00,2023,18,19,19,-0.15312823253183147,9.6
1696262400000,SHORT,5.103583765112258,1.9492127103344432,5.453583765112258,False,QTUM/USDT,2023-10-02 16:00:00,2023,15,19,20,-0.14171683776689478,5.800000000000001
1696262400000,SHORT,4.410637160573012,0.7572491909361494,4.760637160573012,True,OP/USDT,2023-10-02 16:00:00,2023,16,20,21,-0.08966276377337769,26.8
1696276800000,SHORT,-1.946573208722744,-0.2083220909084575,4.444489329490195,True,BTC/USDT,2023-10-02 20:00:00,2023,3,21,22,-0.02541090846254362,7.3999999999999995
1696276800000,SHORT,-5.569275870923556,1.1693054999052512,5.219275870923556,True,SOL/USDT,2023-10-02 20:00:00,2023,4,22,23,-0.11129407866632206,60.0
1696276800000,SHORT,5.446424407306642,0.0448198043338985,5.796424407306642,True,STX/USDT,2023-10-02 20:00:00,2023,5,23,24,-0.060527179034558495,40.0
1696305600000,SHORT,6.627042101475349,-0.2913153860109699,6.977042101475349,True,MASK/USDT,2023-10-03 04:00:00,2023,1,6,24,0.0016924095699701986,29.799999999999997
1696363200000,SHORT,6.675846354166639,-0.7739298524763338,7.025846354166639,True,GALA/USDT,2023-10-03 20:00:00,2023,1,1,5,0.09842671797948432,26.0
1696881600000,LONG,0.0374300473525605,0.8966558190288044,4.784997847610849,True,HBAR/USDT,2023-10-09 20:00:00,2023,1,1,1,-0.04420893171956982,6.0
1696896000000,LONG,-4.563602798289936,1.4973208618287124,4.213602798289936,True,ZEC/USDT,2023-10-10 00:00:00,2023,2,2,2,-0.04096097546916086,35.0
1696910400000,LONG,-1.5192176870748342,0.8980173316340474,5.95899234693877,True,HBAR/USDT,2023-10-10 04:00:00,2023,2,2,2,-0.0375360994120382,25.4
1697140800000,LONG,-0.8974452554744463,-1.6357399616965405,11.09476885644768,True,RUNE/USDT,2023-10-12 20:00:00,2023,1,1,1,0.04015172952434087,29.599999999999998
1697356800000,SHORT,-11.784386281588445,,11.434386281588443,False,ZRX/USDT,2023-10-15 08:00:00,2023,1,1,1,-0.09206225277277687,5.4
1697385600000,SHORT,-3.515949954288419,0.6607560524007224,10.801053059289586,True,TRB/USDT,2023-10-15 16:00:00,2023,1,2,2,-0.009364307645737336,36.8
1697472000000,SHORT,1.2211868503746626,-0.7235415622865513,4.615542663766014,False,ROSE/USDT,2023-10-16 16:00:00,2023,1,1,2,-0.056172288493888285,1.7999999999999998
1697472000000,SHORT,3.972477149785471,0.6917834831237981,4.322477149785471,True,XLM/USDT,2023-10-16 16:00:00,2023,2,2,3,-0.030516278993383238,77.8
1697472000000,SHORT,0.4898320335932886,0.6211577238896585,4.692261547690443,True,VET/USDT,2023-10-16 16:00:00,2023,3,3,4,-0.03212081684177395,20.8
1697486400000,SHORT,-10.787490761271236,-0.2344882734938789,10.437490761271237,True,STX/USDT,2023-10-16 20:00:00,2023,4,4,4,-0.09948615376171717,36.8
1697486400000,SHORT,8.811770853125571,0.9139012169627224,9.16177085312557,False,RLC/USDT,2023-10-16 20:00:00,2023,5,5,5,0.13370476513225252,20.200000000000003
1697515200000,SHORT,3.3208985336088968,0.886265964507246,8.581832496801491,False,RLC/USDT,2023-10-17 04:00:00,2023,1,5,5,0.04524796423420765,24.6
1697515200000,SHORT,5.13965174129352,0.5230870933921841,5.489651741293519,False,TLM/USDT,2023-10-17 04:00:00,2023,2,6,6,0.03238234247328659,16.8
1697529600000,SHORT,8.370080591000658,,8.720080591000658,False,UMA/USDT,2023-10-17 08:00:00,2023,3,4,7,-0.23672992428471,2.2774327122153206
1697544000000,SHORT,4.509090909090896,1.3053445877086487,4.859090909090895,False,ALICE/USDT,2023-10-17 12:00:00,2023,2,4,8,-0.015100065730078398,14.799999999999999
1697558400000,SHORT,9.253385240352053,,9.60338524035205,False,UMA/USDT,2023-10-17 16:00:00,2023,2,4,8,-0.2314256221710188,1.0330578512396695
1697572800000,SHORT,-4.978833792470136,0.4008923039814708,4.628833792470136,True,APE/USDT,2023-10-17 20:00:00,2023,2,3,6,0.012159099349308543,57.199999999999996
1697587200000,SHORT,10.91061855670102,,11.26061855670102,False,ZRX/USDT,2023-10-18 00:00:00,2023,2,4,6,-0.09023465687403333,5.800000000000001
1697630400000,SHORT,3.870818181818166,0.2670223927360454,4.220818181818166,True,APE/USDT,2023-10-18 12:00:00,2023,1,2,4,0.02532756896105564,20.200000000000003
1697774400000,LONG,5.365015974440893,-6.558708753490506,5.715015974440893,False,HFT/USDT,2023-10-20 04:00:00,2023,1,1,1,0.15583360072178912,23.400000000000002
1697803200000,LONG,6.607625721352028,-0.6710487183074105,6.957625721352027,False,SSV/USDT,2023-10-20 12:00:00,2023,1,2,2,-0.12031004397471529,3.5999999999999996
1697817600000,SHORT,-10.870721599219904,0.3678169746126473,10.520721599219906,True,STX/USDT,2023-10-20 16:00:00,2023,2,3,3,0.09626971426761938,18.2
1697832000000,SHORT,-5.626308605341216,2.3913077194333474,5.2763086053412165,True,INJ/USDT,2023-10-20 20:00:00,2023,2,3,4,0.03502211127716787,21.4
1697846400000,SHORT,-5.722162465885361,0.3665119100010663,5.372162465885362,True,STX/USDT,2023-10-21 00:00:00,2023,2,3,4,0.09992759522471109,35.4
1697918400000,SHORT,-5.173355674201955,2.421273030786361,4.823355674201955,True,INJ/USDT,2023-10-21 20:00:00,2023,1,1,2,0.077400572304786,46.2
1697932800000,SHORT,-6.321564919863121,,5.9715649198631215,True,APT/USDT,2023-10-22 00:00:00,2023,2,2,3,-0.0045786426987756215,0.8
1697947200000,SHORT,-6.129142212189597,2.88028482316638,5.779142212189598,True,SOL/USDT,2023-10-22 04:00:00,2023,2,3,3,0.05640317615977605,15.0
1697961600000,SHORT,-7.849725184126633,,7.499725184126634,True,LINK/USDT,2023-10-22 08:00:00,2023,2,4,4,0.17089743201143884,56.8
1697990400000,SHORT,-4.49454855195911,,4.144548551959111,True,LINK/USDT,2023-10-22 16:00:00,2023,1,2,4,0.1260236784029365,43.6
1698033600000,SHORT,-4.452503576537905,-1.5060601580220367,4.102503576537905,True,GALA/USDT,2023-10-23 04:00:00,2023,1,2,3,0.06164985813836475,38.2
1698033600000,SHORT,-4.516439909297042,-1.2810081955939596,4.1664399092970426,False,ONT/USDT,2023-10-23 04:00:00,2023,2,3,4,0.08223296836122021,19.6
1698048000000,SHORT,-8.152689527651694,,7.802689527651693,True,APT/USDT,2023-10-23 08:00:00,2023,3,3,4,-0.011747368221803976,3.8
1698048000000,SHORT,-8.602873563218383,,8.252873563218383,True,LINK/USDT,2023-10-23 08:00:00,2023,4,4,4,0.2104134538021897,22.0
1698062400000,SHORT,-4.453253258644819,2.660892717993291,4.103253258644819,False,QNT/USDT,2023-10-23 12:00:00,2023,3,5,5,-0.008469669012581511,60.0
1698062400000,SHORT,-5.305901234567913,-3.942470215239056,4.955901234567913,True,DYDX/USDT,2023-10-23 12:00:00,2023,4,6,6,0.06781356789807971,32.800000000000004
1698076800000,SHORT,-8.508053527980525,,8.158053527980526,True,LINK/USDT,2023-10-23 16:00:00,2023,3,6,6,0.23013332118864047,56.599999999999994
1698105600000,SHORT,-1.0895234182415758,,10.766803615447811,True,PEOPLE/USDT,2023-10-24 00:00:00,2023,1,4,7,0.3857042062027144,0.6
1698105600000,SHORT,-11.565859672719109,0.8071644394150758,11.215859672719109,False,AGLD/USDT,2023-10-24 00:00:00,2023,2,5,8,0.4553701457852901,22.137404580152673
1698120000000,SHORT,-5.440155945419085,-1.854063462521888,5.090155945419085,True,IMX/USDT,2023-10-24 04:00:00,2023,3,4,9,-0.0020107515877412566,34.4
1698120000000,SHORT,-4.962195121951211,-1.152369407876512,4.612195121951212,False,QTUM/USDT,2023-10-24 04:00:00,2023,4,5,10,-0.012635178589456045,25.2
1698120000000,SHORT,-5.113138905592295,,4.763138905592295,True,DOGE/USDT,2023-10-24 04:00:00,2023,5,6,11,-0.00694614310954936,51.2
1698120000000,SHORT,-0.1612462139502186,0.051959931760415,4.988973267196342,True,BNB/USDT,2023-10-24 04:00:00,2023,6,7,12,0.1008617535778524,99.0
1698120000000,SHORT,-0.6994757863205223,-4.166099189012085,4.906889665501728,False,BAT/USDT,2023-10-24 04:00:00,2023,7,8,13,0.16383176179333417,25.2
1698120000000,SHORT,-4.588419938866673,-2.257591378093704,4.238419938866674,True,DOT/USDT,2023-10-24 04:00:00,2023,8,9,14,0.21465509515917353,57.599999999999994
1698120000000,SHORT,-4.758410704533021,-2.321804679048919,4.408410704533021,False,ONT/USDT,2023-10-24 04:00:00,2023,9,10,14,0.051715543822890814,28.599999999999998
1698120000000,SHORT,8.274493927125494,4.898948276679695,8.624493927125494,True,AAVE/USDT,2023-10-24 04:00:00,2023,10,11,15,0.032500302064244826,37.4
1698120000000,SHORT,6.632866884500638,0.6560113897397576,6.982866884500638,True,STX/USDT,2023-10-24 04:00:00,2023,11,12,16,0.012713182814678897,33.6
1698120000000,SHORT,5.445568235110187,-0.8859523305732375,5.795568235110187,True,BCH/USDT,2023-10-24 04:00:00,2023,12,13,17,0.021121214256233336,92.60000000000001
1698120000000,SHORT,4.420194986072419,1.3433365292970203,4.770194986072418,True,UNI/USDT,2023-10-24 04:00:00,2023,13,14,18,0.13198667496874722,51.4
1698120000000,SHORT,-4.942379045008948,2.221914268094674,4.592379045008949,False,QNT/USDT,2023-10-24 04:00:00,2023,14,15,18,-0.007647298010238832,67.60000000000001
1698120000000,SHORT,-11.125843975843964,,10.775843975843964,True,LINK/USDT,2023-10-24 04:00:00,2023,15,15,18,0.1897466630975803,56.39999999999999
1698120000000,SHORT,-9.516934557979312,,9.166934557979314,True,APT/USDT,2023-10-24 04:00:00,2023,16,16,18,0.0066176221474205515,9.2
1698120000000,SHORT,-6.89106334209201,3.668556402042567,6.54106334209201,True,LDO/USDT,2023-10-24 04:00:00,2023,17,17,19,0.10343605547968063,39.800000000000004
1698134400000,SHORT,0.3030612244897976,,10.043428571428556,True,PEOPLE/USDT,2023-10-24 08:00:00,2023,16,17,18,0.4168821393410415,37.6
1698148800000,SHORT,-10.075609756097544,-2.071666830077424,9.725609756097546,True,MASK/USDT,2023-10-24 12:00:00,2023,2,18,19,0.07917507038733607,55.400000000000006
1698148800000,SHORT,-11.088461538461535,-3.778542295972262,10.738461538461536,False,ACH/USDT,2023-10-24 12:00:00,2023,3,19,20,0.3133557612292855,35.199999999999996
1698148800000,SHORT,-10.187962264150942,2.2234336416167126,9.837962264150942,False,GMX/USDT,2023-10-24 12:00:00,2023,4,20,21,0.040848126356341816,40.2
1698148800000,SHORT,-5.005791569863907,0.3304652148096499,4.655791569863907,True,ETH/USDT,2023-10-24 12:00:00,2023,5,21,22,0.2891370064732955,83.0
1698148800000,SHORT,-4.280712858094596,-4.15030721092469,7.784077281812104,False,IOTA/USDT,2023-10-24 12:00:00,2023,6,22,23,-0.016724789415009836,37.2
1698148800000,SHORT,-3.1843023255814,-1.1536185633481784,4.965116279069763,False,DASH/USDT,2023-10-24 12:00:00,2023,7,23,24,0.14249831587643813,34.8
1698148800000,SHORT,5.498623610375848,,5.848623610375848,True,FIL/USDT,2023-10-24 12:00:00,2023,8,24,25,0.04392408783943182,41.4
1698148800000,SHORT,-8.539304556354915,-0.9485597272661088,8.189304556354916,True,RUNE/USDT,2023-10-24 12:00:00,2023,9,25,26,0.1119737441487954,53.2
1698148800000,SHORT,-8.117892878163623,-1.1163011691762543,7.767892878163623,True,JASMY/USDT,2023-10-24 12:00:00,2023,10,26,27,-0.017676685668941358,46.400000000000006
1698148800000,SHORT,-8.029019073569456,-1.4309723309814817,7.679019073569456,True,GALA/USDT,2023-10-24 12:00:00,2023,11,27,28,0.04122968700925154,99.4
1698148800000,SHORT,-7.830516538287268,-1.558176403557192,7.480516538287269,True,SNX/USDT,2023-10-24 12:00:00,2023,12,28,29,0.034811324981757596,29.4
1698148800000,SHORT,-0.3867556971330352,-0.7644901120044553,6.825275667728474,True,ETC/USDT,2023-10-24 12:00:00,2023,13,29,30,0.10449832236218913,51.800000000000004
1698148800000,SHORT,-0.379364263691082,-1.2141092263145374,7.339113199236515,True,LTC/USDT,2023-10-24 12:00:00,2023,14,30,31,0.1601631960783719,67.2
1698148800000,SHORT,-0.0881284916201117,0.5221854147739825,6.008414804469262,False,YFI/USDT,2023-10-24 12:00:00,2023,15,31,32,-0.030671129092672802,39.0
1698148800000,SHORT,0.2015671511118942,0.381296912617316,5.849781124146372,True,XLM/USDT,2023-10-24 12:00:00,2023,16,32,33,0.03603483524474984,74.6
1698148800000,SHORT,-1.643103448275851,-0.5722010295596743,7.001077586206882,True,CELO/USDT,2023-10-24 12:00:00,2023,17,33,34,0.07543694143420007,26.6
1698148800000,SHORT,-1.6042962996027326,-0.0882148082697323,6.760424943087974,True,BNB/USDT,2023-10-24 12:00:00,2023,18,33,34,0.022554104217585424,96.2
1698148800000,SHORT,-1.911739027142607,1.1940132494400122,5.1431371384450735,True,BTC/USDT,2023-10-24 12:00:00,2023,19,34,35,0.24122641553616264,77.4
1698148800000,SHORT,-8.928184931506845,0.858622524551277,8.578184931506845,True,ARB/USDT,2023-10-24 12:00:00,2023,20,35,36,0.12224023192700706,69.39999999999999
1698148800000,SHORT,-7.16431483908546,-2.547114301137144,6.81431483908546,True,ATOM/USDT,2023-10-24 12:00:00,2023,21,36,37,0.0502368417692685,85.2
1698148800000,SHORT,-7.174937447873208,-1.004752895924699,6.824937447873208,True,APE/USDT,2023-10-24 12:00:00,2023,22,37,38,0.09892967945504332,73.2
1698148800000,SHORT,-7.283066132264534,,6.933066132264535,True,AR/USDT,2023-10-24 12:00:00,2023,23,38,39,0.11469016401845415,38.2
1698148800000,SHORT,-7.310158572844382,-0.3355443639880068,6.960158572844382,False,CHR/USDT,2023-10-24 12:00:00,2023,24,39,40,0.14701419531242166,26.400000000000002
1698148800000,SHORT,-7.3394892359645265,1.2085221736272431,6.989489235964527,False,MAV/USDT,2023-10-24 12:00:00,2023,25,40,41,0.10004893145795234,27.401129943502823
1698148800000,SHORT,-7.381740914419669,-0.8642868661554228,7.031740914419669,True,ARKM/USDT,2023-10-24 12:00:00,2023,26,41,42,0.053634924855540375,35.2059925093633
1698148800000,SHORT,-7.409204470742928,0.5172468952380038,7.0592044707429285,False,DUSK/USDT,2023-10-24 12:00:00,2023,27,42,43,0.17820761354874204,38.2
1698148800000,SHORT,-7.461908024973325,,7.111908024973325,True,DOGE/USDT,2023-10-24 12:00:00,2023,28,42,43,-0.05203985793498675,51.0
1698148800000,SHORT,-7.694659422210432,-2.322407728191431,7.344659422210433,True,NEO/USDT,2023-10-24 12:00:00,2023,29,43,44,-0.006876757418348056,41.6
1698148800000,SHORT,-8.83309024612579,-2.7463453702511385,8.48309024612579,False,EDU/USDT,2023-10-24 12:00:00,2023,30,44,45,0.1648149216938374,30.8
1698148800000,SHORT,-8.764581373471295,-0.4230792302568633,8.414581373471295,True,SUI/USDT,2023-10-24 12:00:00,2023,31,45,46,0.10475040331143637,66.60000000000001
1698148800000,SHORT,-8.547637795275566,-0.3168639609864475,8.197637795275567,True,PENDLE/USDT,2023-10-24 12:00:00,2023,32,46,47,-0.059671580850198414,10.622710622710622
1698148800000,SHORT,-7.124084778420029,-2.266870035914816,6.774084778420029,True,DOT/USDT,2023-10-24 12:00:00,2023,33,46,47,0.21427344682446975,78.0
1698148800000,SHORT,-7.087695035460984,2.572149352037222,6.737695035460985,False,EGLD/USDT,2023-10-24 12:00:00,2023,34,47,48,-0.11301388908225365,28.799999999999997
1698148800000,SHORT,-6.961339372371391,-0.8296867040285778,6.611339372371392,True,IMX/USDT,2023-10-24 12:00:00,2023,35,47,48,-0.04269135714735591,34.4
1698148800000,SHORT,-6.901362375591442,-1.406421473244965,6.5513623755914425,False,KAVA/USDT,2023-10-24 12:00:00,2023,36,48,49,-0.10699434830160684,68.2
1698148800000,SHORT,-7.567241379310322,-1.9382434720572304,7.217241379310322,True,SEI/USDT,2023-10-24 12:00:00,2023,37,49,50,0.046159279142800796,48.309178743961354
1698148800000,SHORT,-7.687984226397585,-0.5508690522251032,7.337984226397586,False,ZEN/USDT,2023-10-24 12:00:00,2023,38,50,51,0.19481970219204245,39.800000000000004
1698148800000,SHORT,-7.471410579345076,-1.9846824387842144,7.121410579345076,True,GMT/USDT,2023-10-24 12:00:00,2023,39,51,52,-0.006465896233621987,41.4
1698148800000,SHORT,-2.7197742007601216,-0.2723994104079359,8.574245472837019,True,COMP/USDT,2023-10-24 12:00:00,2023,40,52,53,-0.03512597950925333,57.199999999999996
1698148800000,SHORT,-5.859359346163982,-0.5520687320502013,5.509359346163983,True,ENS/USDT,2023-10-24 12:00:00,2023,41,53,54,0.15183614503825252,38.0
1698148800000,SHORT,-5.885721596724661,0.8305772044689707,5.535721596724661,True,ALGO/USDT,2023-10-24 12:00:00,2023,42,54,55,0.0681567309381119,44.4
1698148800000,SHORT,-5.936102514288278,0.1961011342105736,5.586102514288278,True,TRB/USDT,2023-10-24 12:00:00,2023,43,55,56,0.08018757709771689,13.8
1698148800000,SHORT,-6.224660831509827,-1.7609893857008436,5.874660831509828,True,AXS/USDT,2023-10-24 12:00:00,2023,44,56,57,0.03333677383809212,92.0
1698148800000,SHORT,-1.4489010989011026,3.4094348081491,6.804519424237726,True,CHZ/USDT,2023-10-24 12:00:00,2023,45,57,58,0.0329821910623724,0.6
1698148800000,SHORT,1.788084632516699,0.6584721334838954,11.66286562731997,True,STX/USDT,2023-10-24 12:00:00,2023,46,57,58,0.024820803355843146,33.4
1698148800000,SHORT,1.4948855450616234,-0.8816628587658956,8.335881222987013,True,BCH/USDT,2023-10-24 12:00:00,2023,47,57,58,0.019871555809358607,90.0
1698148800000,SHORT,1.2477558238809463,5.642363994461431,11.260946456884986,True,AAVE/USDT,2023-10-24 12:00:00,2023,48,57,58,0.022420672050431082,37.2
1698148800000,SHORT,-6.886269430051793,1.7074677707993846,6.536269430051793,False,ALICE/USDT,2023-10-24 12:00:00,2023,49,58,59,0.03272722077283332,29.599999999999998
1698148800000,SHORT,-6.65519894894892,-1.083792955608109,6.30519894894892,False,RLC/USDT,2023-10-24 12:00:00,2023,50,59,60,0.008902467569605619,31.8
1698148800000,SHORT,-6.505555555555556,1.4727508914797616,6.155555555555556,False,TLM/USDT,2023-10-24 12:00:00,2023,51,60,61,0.05998646952795592,17.2
1698148800000,SHORT,-6.498857368006286,-1.2094515143219529,6.148857368006286,True,HBAR/USDT,2023-10-24 12:00:00,2023,52,61,62,0.09362164887453635,49.4
1698148800000,SHORT,-5.853200883002193,-2.328056939454938,5.503200883002194,False,ONT/USDT,2023-10-24 12:00:00,2023,53,61,62,0.03459609461423206,28.599999999999998
1698148800000,SHORT,-5.655772769089228,-0.6934974566611755,5.305772769089228,False,STG/USDT,2023-10-24 12:00:00,2023,54,62,63,0.08983112236289807,42.199999999999996
1698148800000,SHORT,-5.625341480948945,1.0980910959664871,5.275341480948946,False,1INCH/USDT,2023-10-24 12:00:00,2023,55,63,64,0.10603866633368932,33.800000000000004
1698148800000,SHORT,-5.431365113759467,0.6392342937905905,5.081365113759468,True,VET/USDT,2023-10-24 12:00:00,2023,56,64,65,0.031893910361905996,41.6
1698148800000,SHORT,-6.388646995322059,1.316501777279036,6.038646995322059,True,ADA/USDT,2023-10-24 12:00:00,2023,57,65,66,0.1515065691982063,54.2
1698148800000,SHORT,-6.389557859728043,1.0376189157924889,6.039557859728044,True,AVAX/USDT,2023-10-24 12:00:00,2023,58,66,67,0.04098480126421147,64.0
1698148800000,SHORT,-6.429368029739753,-1.6052181646496018,6.079368029739753,False,ANKR/USDT,2023-10-24 12:00:00,2023,59,67,68,-0.039032219852792475,27.0
1698148800000,SHORT,-6.442592592592597,-0.4099647597303053,6.092592592592597,True,SAND/USDT,2023-10-24 12:00:00,2023,60,68,69,0.16869883482144216,51.2
1698177600000,SHORT,-10.640215954164807,-2.338773454559962,10.290215954164807,True,DYDX/USDT,2023-10-24 20:00:00,2023,1,61,69,0.15396495228961593,44.0
1698177600000,SHORT,-8.365384615384615,,8.015384615384615,False,ACH/USDT,2023-10-24 20:00:00,2023,2,61,69,0.001211328632027102,35.199999999999996
1698177600000,SHORT,-6.468508287292807,-0.3995872042754884,6.118508287292808,True,SUI/USDT,2023-10-24 20:00:00,2023,3,61,69,-0.11769601699715525,66.4
1698177600000,SHORT,-5.950345293499453,,5.600345293499453,True,DOGE/USDT,2023-10-24 20:00:00,2023,4,61,69,-0.1692486923257924,51.0
1698177600000,SHORT,-5.085709570957091,-3.98320860190884,4.735709570957091,False,EDU/USDT,2023-10-24 20:00:00,2023,5,61,69,-0.05306526181598033,30.8
1698177600000,SHORT,-4.8087261004891,2.277678483001813,4.4587261004891,True,ARB/USDT,2023-10-24 20:00:00,2023,6,61,69,0.019507624858044425,69.19999999999999
1698177600000,SHORT,-4.798700475435801,,4.4487004754358015,True,IMX/USDT,2023-10-24 20:00:00,2023,7,61,69,-0.2562160125979851,34.4
1698177600000,SHORT,-4.736296296296283,,4.386296296296283,False,TLM/USDT,2023-10-24 20:00:00,2023,8,61,69,-0.05923762860192906,17.2
1698177600000,SHORT,-5.608781258982467,-0.4421553701073696,5.258781258982467,True,JASMY/USDT,2023-10-24 20:00:00,2023,9,61,69,-0.2443023908053369,46.2
1698177600000,SHORT,-5.64190966893225,,5.2919096689322505,True,AR/USDT,2023-10-24 20:00:00,2023,10,61,69,-0.10012007664379886,38.2
1698177600000,SHORT,-5.932730204227863,-0.4948152298183672,5.582730204227864,True,ADA/USDT,2023-10-24 20:00:00,2023,11,61,69,0.04405020153686074,54.0
1698177600000,SHORT,-5.947169485674821,-3.0054212013222963,5.597169485674821,True,MASK/USDT,2023-10-24 20:00:00,2023,12,61,69,-0.15590723415795993,55.2
1698177600000,SHORT,-4.719036061026341,1.8343475557833544,4.369036061026342,False,EGLD/USDT,2023-10-24 20:00:00,2023,13,61,69,-0.18931518460116933,28.799999999999997
1698177600000,SHORT,-4.616333204431957,0.3112582799793744,4.266333204431957,True,ETH/USDT,2023-10-24 20:00:00,2023,14,61,69,0.14795828999514243,82.8
1698177600000,SHORT,-4.519503980404149,-1.8775075924617888,4.16950398040415,True,GMT/USDT,2023-10-24 20:00:00,2023,15,61,69,-0.17684942390149877,41.199999999999996
1698177600000,SHORT,-4.458860759493648,1.7250666873238276,4.108860759493648,False,ALICE/USDT,2023-10-24 20:00:00,2023,16,61,69,-0.08065789134683528,29.599999999999998
1698177600000,SHORT,-5.381760797342175,-1.4794475882277458,5.031760797342176,True,GALA/USDT,2023-10-24 20:00:00,2023,17,61,69,-0.10575785037576332,37.2
1698177600000,SHORT,-5.317640692640684,0.6615507503452217,4.967640692640685,True,VET/USDT,2023-10-24 20:00:00,2023,18,61,69,-0.06735549177162833,36.0
1698177600000,SHORT,-5.226516961299555,,4.876516961299555,True,DOT/USDT,2023-10-24 20:00:00,2023,19,61,69,0.14755060254934696,67.80000000000001
1698177600000,SHORT,-5.10204245738179,0.1946967380942228,4.752042457381791,False,DUSK/USDT,2023-10-24 20:00:00,2023,20,61,69,0.12079286003904531,38.2
1698177600000,SHORT,3.953571428571424,,4.303571428571424,True,CELO/USDT,2023-10-24 20:00:00,2023,21,61,69,-0.23719990795774407,26.6
1698177600000,SHORT,3.952582159624399,,4.302582159624399,True,FIL/USDT,2023-10-24 20:00:00,2023,22,61,69,-0.0038690695938882387,41.4
1698177600000,SHORT,1.0589639256650027,-0.728847506363132,5.020788291023914,True,ETC/USDT,2023-10-24 20:00:00,2023,23,61,69,-0.03468265478114103,51.800000000000004
1698177600000,SHORT,0.5394893880538219,,10.074210437426098,False,WAVES/USDT,2023-10-24 20:00:00,2023,24,62,70,0.0537924298042387,46.800000000000004
1698192000000,SHORT,-4.71165953545231,3.979891440034052,4.36165953545231,True,CHZ/USDT,2023-10-25 00:00:00,2023,25,61,70,-0.07634555745949384,0.2
1698206400000,SHORT,-4.79973591549295,1.5879797411098644,4.44973591549295,True,OP/USDT,2023-10-25 04:00:00,2023,2,26,70,-0.021611200709913597,53.2
1698206400000,SHORT,-4.485705092847922,-1.0081171352520808,4.135705092847922,True,XRP/USDT,2023-10-25 04:00:00,2023,3,27,71,0.05093574533885173,56.2
1698206400000,SHORT,-4.697982062780256,-1.1714611731123026,4.347982062780257,True,NEAR/USDT,2023-10-25 04:00:00,2023,4,28,72,-0.0932190973158453,53.0
1698206400000,SHORT,-4.606607495069025,-0.9632989125402802,4.256607495069026,True,FLOW/USDT,2023-10-25 04:00:00,2023,5,29,73,0.12088648988413213,24.2
1698206400000,SHORT,-4.636143931256698,0.1604554638820262,4.2861439312566985,False,1INCH/USDT,2023-10-25 04:00:00,2023,6,30,73,-0.038976214687053,33.800000000000004
1698206400000,SHORT,0.0374415497662009,1.6602037064493598,9.184288577154282,False,KNC/USDT,2023-10-25 04:00:00,2023,7,31,74,-0.10281794471543292,34.2
1698206400000,SHORT,-0.3900045719510757,,8.1300262887187,False,WAVES/USDT,2023-10-25 04:00:00,2023,8,31,74,0.05792649650257132,46.800000000000004
1698206400000,SHORT,-5.440909090909083,-3.028745444574758,5.090909090909084,False,RSR/USDT,2023-10-25 04:00:00,2023,9,32,75,-0.06961077391790665,29.2
1698206400000,SHORT,-5.385016420361227,1.183311796880584,5.035016420361227,False,MAV/USDT,2023-10-25 04:00:00,2023,10,33,75,0.03176681089707839,27.247191011235955
1698206400000,SHORT,-5.265725578769057,-0.3807357031063672,4.915725578769058,True,ICP/USDT,2023-10-25 04:00:00,2023,11,34,76,-0.024303465541967002,47.4
1698206400000,SHORT,-4.532580645161264,-1.315262679399271,4.182580645161265,True,CELO/USDT,2023-10-25 04:00:00,2023,12,34,76,-0.22714973401152552,26.6
1698206400000,SHORT,-0.912851782363975,-3.1740886493454963,7.047601179308494,True,FIL/USDT,2023-10-25 04:00:00,2023,13,34,76,-0.00041278245195882084,41.199999999999996
1698206400000,SHORT,-4.414959319526635,,4.064959319526635,False,RLC/USDT,2023-10-25 04:00:00,2023,14,35,76,-0.10241096478298672,31.4
1698206400000,SHORT,-5.208017424064028,-0.399600673653109,4.858017424064029,True,SUI/USDT,2023-10-25 04:00:00,2023,15,35,76,-0.11443932184264743,66.2
1698206400000,SHORT,-4.996333333333322,-1.3886018521988317,4.646333333333322,True,GALA/USDT,2023-10-25 04:00:00,2023,16,35,76,-0.09440278163553402,37.0
1698206400000,SHORT,-10.981520778072484,-2.27917908563444,10.631520778072485,True,DYDX/USDT,2023-10-25 04:00:00,2023,17,35,76,0.09562265023690254,43.8
1698206400000,SHORT,-4.890872483221471,,4.540872483221471,True,AR/USDT,2023-10-25 04:00:00,2023,18,35,76,-0.09837826316340562,38.2
1698220800000,SHORT,-9.907436918990689,,9.557436918990687,True,CFX/USDT,2023-10-25 08:00:00,2023,18,36,70,0.2669604187080915,35.8
1698235200000,SHORT,-0.9446088794925936,1.6577422425784507,7.98683932346721,False,KNC/USDT,2023-10-25 12:00:00,2023,2,19,69,-0.10283518714167483,45.2
1698307200000,SHORT,-4.010270078180537,-2.465079691509109,10.030597014925366,False,YGG/USDT,2023-10-26 08:00:00,2023,1,1,3,0.013758486575437654,22.073578595317723
1698307200000,SHORT,4.223698053655955,0.5728005830624471,4.573698053655955,True,ARKM/USDT,2023-10-26 08:00:00,2023,2,2,4,-0.18835435732528938,15.441176470588236
1698307200000,SHORT,-7.782256431885273,,7.432256431885273,True,INJ/USDT,2023-10-26 08:00:00,2023,3,3,5,-0.27473166096132123,96.6
1698307200000,SHORT,-8.346716211545091,11.449108158934424,7.996716211545091,True,FET/USDT,2023-10-26 08:00:00,2023,4,4,6,-0.0715847919438035,32.4
1698307200000,SHORT,-4.901682143400827,1.5878809505838862,7.140371441619721,True,APT/USDT,2023-10-26 08:00:00,2023,5,5,7,-0.0721477142043062,15.4
1698307200000,SHORT,-6.763768115942006,-3.181938532990632,6.413768115942006,True,DYDX/USDT,2023-10-26 08:00:00,2023,6,6,8,-0.020430416256137052,43.2
1698321600000,SHORT,-6.373641304347816,2.393244212016045,6.023641304347816,False,TLM/USDT,2023-10-26 12:00:00,2023,7,7,8,-0.11572218915196471,16.8
1698321600000,SHORT,-5.64700232214481,0.28254845277047,5.29700232214481,True,AXS/USDT,2023-10-26 12:00:00,2023,8,8,9,-0.06139356357379368,90.8
1698321600000,SHORT,-6.896276759192866,,6.546276759192867,True,GRT/USDT,2023-10-26 12:00:00,2023,9,9,10,-0.11804382221108098,47.4
1698321600000,SHORT,-6.802919438285278,0.1814178289086541,6.452919438285278,False,NMR/USDT,2023-10-26 12:00:00,2023,10,10,11,-0.020403107835120168,34.375
1698321600000,SHORT,-4.818925379339018,,10.911660777385144,False,STG/USDT,2023-10-26 12:00:00,2023,11,11,12,-0.1305980923265687,41.0
1698321600000,SHORT,-4.792597129856471,0.6941427512169713,4.442597129856472,True,ADA/USDT,2023-10-26 12:00:00,2023,12,12,13,-0.001602099470688558,53.6
1698321600000,SHORT,-4.0739494362828825,-0.9508732187469756,8.83252476938844,True,MASK/USDT,2023-10-26 12:00:00,2023,13,13,14,-0.1254666656874208,54.2
1698321600000,SHORT,-4.752743022136655,5.096674823587703,4.402743022136655,False,QNT/USDT,2023-10-26 12:00:00,2023,14,14,15,0.013400478781092124,99.8
1698321600000,SHORT,0.7966591166477793,1.433433417633214,6.817228199320495,True,DOGE/USDT,2023-10-26 12:00:00,2023,15,15,16,-0.01061099066209752,50.4
1698321600000,SHORT,-0.35,0.4517634392173233,6.855956017104457,False,ACH/USDT,2023-10-26 12:00:00,2023,16,16,17,0.019005814124347403,96.8
1698321600000,SHORT,-2.84371737869708,-0.5228058851065304,5.418731877053929,True,HBAR/USDT,2023-10-26 12:00:00,2023,17,17,18,-0.04465051199958877,49.2
1698321600000,SHORT,-2.7095023595023617,2.07642994111418,7.464285714285693,True,ARB/USDT,2023-10-26 12:00:00,2023,18,18,19,0.06981627384979645,68.2
1698321600000,SHORT,-7.23760493827161,-2.175510665365542,6.88760493827161,False,RSR/USDT,2023-10-26 12:00:00,2023,19,19,20,-0.0725514282195602,28.599999999999998
1698321600000,SHORT,-6.924603174603164,0.3153010806819252,6.574603174603165,False,CHR/USDT,2023-10-26 12:00:00,2023,20,20,21,-0.029528986716241514,26.200000000000003
1698321600000,SHORT,-2.492857142857148,4.933593135047046,5.622040816326515,False,CKB/USDT,2023-10-26 12:00:00,2023,21,21,22,-0.058088403999362125,16.400000000000002
1698321600000,SHORT,-0.7387688984881164,-0.3572502546579916,7.015550755939523,True,SNX/USDT,2023-10-26 12:00:00,2023,22,22,23,-0.14416136954979522,67.60000000000001
1698321600000,SHORT,-8.88416731821735,2.7680128900854,8.534167318217351,True,APE/USDT,2023-10-26 12:00:00,2023,23,23,24,-0.07556343504568168,72.39999999999999
1698321600000,SHORT,-9.12150225660863,-1.0065826526900532,8.771502256608631,False,EDU/USDT,2023-10-26 12:00:00,2023,24,24,25,-0.05307613192599991,30.4
1698321600000,SHORT,-9.563016234690952,0.5351708437037552,9.213016234690953,True,AVAX/USDT,2023-10-26 12:00:00,2023,25,25,26,0.021356479985307982,63.0
1698321600000,SHORT,-10.338068181818173,,9.988068181818171,False,GMX/USDT,2023-10-26 12:00:00,2023,26,26,27,-0.01304477832438744,39.800000000000004
1698321600000,SHORT,-7.42324701195218,1.8825357993910672,7.07324701195218,False,ROSE/USDT,2023-10-26 12:00:00,2023,27,27,28,-0.016608500918140742,39.6
1698321600000,SHORT,-7.949121706398979,1.914339295870525,7.5991217063989795,False,ALICE/USDT,2023-10-26 12:00:00,2023,28,28,29,-0.11474231186032537,28.999999999999996
1698321600000,SHORT,-8.237825651302597,4.457548135550197,7.887825651302596,False,ID/USDT,2023-10-26 12:00:00,2023,29,29,30,-0.04821694517651756,26.8
1698321600000,SHORT,-8.751592718998847,1.5475839925149604,8.401592718998847,True,JASMY/USDT,2023-10-26 12:00:00,2023,30,30,31,-0.23321166220192732,45.2
1698336000000,SHORT,-11.160943542150022,-1.2767010950814883,10.810943542150024,False,ENJ/USDT,2023-10-26 16:00:00,2023,25,31,31,-0.16747341648066114,14.799999999999999
1698336000000,SHORT,-8.789796264855696,-0.3472906136983906,8.439796264855696,False,MAGIC/USDT,2023-10-26 16:00:00,2023,26,32,32,0.1527457437711005,53.0
1698336000000,SHORT,-1.529702650290892,,11.224725274725262,False,CYBER/USDT,2023-10-26 16:00:00,2023,27,33,33,-0.070502308913207,26.071428571428573
1698350400000,SHORT,3.77095238095238,2.862269082678476,4.12095238095238,False,ACH/USDT,2023-10-26 20:00:00,2023,4,33,33,-0.009762996417995468,21.2
1698350400000,SHORT,-3.347013651877135,3.362795981683944,6.868280716723529,True,ARB/USDT,2023-10-26 20:00:00,2023,5,33,33,0.0892502541474476,68.0
1698350400000,SHORT,-1.8510141987829536,,4.9793103448275895,False,STG/USDT,2023-10-26 20:00:00,2023,6,33,33,-0.12453277177509807,99.8
1698350400000,SHORT,4.609924885241337,1.4769443735588974,4.959924885241336,True,DOGE/USDT,2023-10-26 20:00:00,2023,7,33,33,-0.0980204217716529,50.2
1698350400000,SHORT,4.609736408566707,0.8711971936206616,4.959736408566707,True,MASK/USDT,2023-10-26 20:00:00,2023,8,33,33,-0.1315673384542286,54.0
1698350400000,SHORT,-5.6610697492162885,1.9379052634190188,5.311069749216289,False,ROSE/USDT,2023-10-26 20:00:00,2023,9,33,33,0.015979960301009982,39.4
1698350400000,SHORT,-4.755020161290326,,4.405020161290326,True,GRT/USDT,2023-10-26 20:00:00,2023,10,33,33,-0.10718070515405548,47.199999999999996
1698350400000,SHORT,-10.523534158149538,,10.173534158149538,True,GALA/USDT,2023-10-26 20:00:00,2023,11,34,34,-0.04817203062081372,99.6
1698350400000,SHORT,-5.259374999999997,0.3108554843640733,4.909374999999997,False,CHR/USDT,2023-10-26 20:00:00,2023,12,34,34,-0.01784203798089732,26.200000000000003
1698364800000,SHORT,-4.354651162790693,-0.3449325199838556,4.004651162790694,False,MAGIC/USDT,2023-10-27 00:00:00,2023,10,28,34,0.12146648836621116,53.0
1698364800000,SHORT,-7.881661442006262,-1.2641452015649914,7.531661442006262,False,ENJ/USDT,2023-10-27 00:00:00,2023,11,28,34,-0.17484188747426213,5.2
1698379200000,SHORT,-7.646340766152089,,7.296340766152089,True,GALA/USDT,2023-10-27 04:00:00,2023,3,12,34,-0.05522238541173241,36.199999999999996
1698408000000,SHORT,3.923939732142868,,4.273939732142868,True,GALA/USDT,2023-10-27 12:00:00,2023,1,3,28,-0.047046840962098914,99.6
1698523200000,SHORT,7.498417312661493,-0.4250830886706443,7.848417312661493,False,QTUM/USDT,2023-10-28 20:00:00,2023,1,1,1,0.12387813633787637,24.8
1698537600000,SHORT,-5.844327990135637,0.0244821636441107,5.494327990135638,True,RUNE/USDT,2023-10-29 00:00:00,2023,2,2,2,0.11938618028853203,52.400000000000006
1698537600000,SHORT,7.391789416257509,1.020247090385994,7.741789416257509,True,NEO/USDT,2023-10-29 00:00:00,2023,3,3,3,0.05172361335322765,40.2
1698566400000,SHORT,-7.090979808010573,-0.4076535385944865,6.740979808010573,False,QTUM/USDT,2023-10-29 08:00:00,2023,1,3,3,0.11309074201117358,99.6
1698566400000,SHORT,8.012392344497597,-0.0833623414279883,8.362392344497596,False,ONT/USDT,2023-10-29 08:00:00,2023,2,4,4,-0.11118847820702334,27.800000000000004
1698624000000,SHORT,7.771686414990336,5.112260760324451,8.121686414990336,True,FET/USDT,2023-10-30 00:00:00,2023,1,1,5,-0.09584195322916324,99.6
1698638400000,SHORT,4.917752355316277,-0.1312723737232808,5.267752355316277,True,MANA/USDT,2023-10-30 04:00:00,2023,2,2,4,-0.015021965962721026,49.4
1698638400000,SHORT,0.2293742757821517,-0.5586690330861289,9.714020857473908,False,RVN/USDT,2023-10-30 04:00:00,2023,3,3,5,0.013573951863076694,18.8
1698638400000,SHORT,-3.4072708560358294,,6.481462646809533,True,XMR/USDT,2023-10-30 04:00:00,2023,4,4,6,-0.18759514482652911,70.0
1698638400000,SHORT,-5.819219817767637,0.5286973570648583,5.469219817767637,True,SAND/USDT,2023-10-30 04:00:00,2023,5,5,7,0.0009599004089111942,49.8
1698667200000,SHORT,3.851891819877416,-0.1310119499021256,4.201891819877416,True,MANA/USDT,2023-10-30 12:00:00,2023,1,5,5,-0.023793829393045838,49.2
1698681600000,SHORT,4.271991084695371,0.1376874968746218,4.62199108469537,True,GALA/USDT,2023-10-30 16:00:00,2023,2,5,6,-0.027308899311110343,99.0
1698681600000,SHORT,9.393098274568631,,9.743098274568633,False,ID/USDT,2023-10-30 16:00:00,2023,3,6,7,-0.14331908156254125,24.8
1698710400000,SHORT,5.220455764075066,0.6610831541515572,5.570455764075065,True,AXS/USDT,2023-10-31 00:00:00,2023,1,4,8,-0.019305643991215243,88.6
1698710400000,SHORT,6.4226652675760745,1.6853169450365288,6.772665267576074,True,GMT/USDT,2023-10-31 00:00:00,2023,2,5,9,-0.19242336489168002,99.8
1698710400000,SHORT,8.227380952380946,0.2026191233299454,8.577380952380945,False,ARPA/USDT,2023-10-31 00:00:00,2023,3,6,10,-0.13833590247103428,99.4
1698724800000,SHORT,-5.933826247689447,-0.1053284464541525,5.583826247689448,True,ALGO/USDT,2023-10-31 04:00:00,2023,4,6,10,-0.04885125182765658,44.4
1698724800000,SHORT,-5.411000238530628,0.1971028285343043,5.061000238530628,False,API3/USDT,2023-10-31 04:00:00,2023,5,7,11,-0.11502959768483358,25.6
1698724800000,SHORT,4.6415126367408455,,4.991512636740845,True,GRT/USDT,2023-10-31 04:00:00,2023,6,8,12,-0.13681896888562697,45.4
1698724800000,SHORT,7.775646967941283,,8.125646967941282,False,ID/USDT,2023-10-31 04:00:00,2023,7,8,12,-0.1455460264739789,99.8
1698739200000,SHORT,5.146463815789457,-0.0980582527578476,5.496463815789457,False,ARPA/USDT,2023-10-31 08:00:00,2023,5,7,9,-0.11230954310081072,99.8
1698739200000,SHORT,10.220218674071484,2.5478300652538315,10.570218674071484,False,ZRX/USDT,2023-10-31 08:00:00,2023,6,8,10,-0.007574595075294089,30.0
1698753600000,SHORT,-8.861461661341842,0.2508002841659279,8.511461661341842,False,SKL/USDT,2023-10-31 12:00:00,2023,3,9,11,-0.0045678578159483955,28.799999999999997
1698753600000,SHORT,-6.522583643122664,-0.1025877927912413,6.172583643122664,True,ALGO/USDT,2023-10-31 12:00:00,2023,4,9,11,-0.058826402146770526,44.4
1698753600000,SHORT,-5.509705159705153,0.0969397816178948,9.171744471744466,False,KAVA/USDT,2023-10-31 12:00:00,2023,5,10,12,-0.29258036860539643,6.0
1698753600000,SHORT,-1.591807519834436,-0.6983975671630899,7.1158330458778885,False,DASH/USDT,2023-10-31 12:00:00,2023,6,11,13,-0.09580429731451587,32.800000000000004
1698840000000,SHORT,-5.279410395203979,-0.6655260215821778,4.92941039520398,True,ETC/USDT,2023-11-01 12:00:00,2023,1,1,5,-0.07063187014570735,50.4
1698840000000,SHORT,-9.779133858267704,0.1940139538093135,9.429133858267704,False,MTL/USDT,2023-11-01 12:00:00,2023,2,2,6,-0.11794278501364024,30.4
1698868800000,SHORT,4.062644849102237,0.1852007677989919,4.412644849102237,False,MTL/USDT,2023-11-01 20:00:00,2023,1,2,2,-0.20853699734960277,33.2
1698883200000,SHORT,9.887899532655377,1.0193592595467196,10.237899532655376,True,SOL/USDT,2023-11-02 00:00:00,2023,2,3,3,0.025168576709032074,0.6
1698897600000,SHORT,-7.83873720136517,1.3421016667438228,7.48873720136517,True,NEAR/USDT,2023-11-02 04:00:00,2023,2,3,4,0.007980818760266078,99.8
1698897600000,SHORT,3.748132028718446,0.1853651270505101,4.098132028718446,False,MTL/USDT,2023-11-02 04:00:00,2023,3,3,4,-0.20461644512514304,99.8
1698897600000,SHORT,5.277235172617284,1.1629805148099668,5.627235172617284,False,QTUM/USDT,2023-11-02 04:00:00,2023,4,4,5,0.10585310916128517,99.8
1698926400000,SHORT,-1.6468607483865094,2.0175734673595227,4.221940413101953,True,BTC/USDT,2023-11-02 12:00:00,2023,1,5,6,0.14784164564767927,72.39999999999999
1698926400000,SHORT,-5.461689189189173,1.332834680756852,5.111689189189173,True,NEAR/USDT,2023-11-02 12:00:00,2023,2,5,6,0.033404268403155336,99.8
1698926400000,SHORT,-0.8669701056417191,1.0806131409463202,11.617284783097324,True,SOL/USDT,2023-11-02 12:00:00,2023,3,5,6,0.017258122827926433,69.0
1698969600000,SHORT,-7.696998635743504,2.70117767337623,7.346998635743504,True,NEAR/USDT,2023-11-03 00:00:00,2023,1,3,5,0.027802133637335105,50.8
1698998400000,SHORT,-4.845816733067712,2.5879123297446016,4.495816733067712,True,NEAR/USDT,2023-11-03 08:00:00,2023,1,1,3,-0.010019245913749928,50.8
1699185600000,SHORT,-7.399786845310576,0.8577921972559924,7.049786845310576,False,1INCH/USDT,2023-11-05 12:00:00,2023,1,1,1,-0.10360049915524842,29.799999999999997
1699185600000,SHORT,11.033340362716132,,11.383340362716131,False,EGLD/USDT,2023-11-05 12:00:00,2023,2,2,2,0.14071348587874138,0.0
1699200000000,SHORT,-7.829115372044874,0.9289239729189328,7.479115372044874,True,IMX/USDT,2023-11-05 16:00:00,2023,3,3,3,-0.0753580366820351,33.2
1699214400000,SHORT,-8.8501514004542,1.5051205978712483,8.5001514004542,True,PEOPLE/USDT,2023-11-05 20:00:00,2023,2,4,4,0.03177876388590803,36.0
1699228800000,SHORT,7.805353982300867,,8.155353982300866,False,EGLD/USDT,2023-11-06 00:00:00,2023,2,4,4,0.10918193465295575,0.2
1699257600000,SHORT,3.924095503149256,4.93841998707532,4.274095503149256,True,NEO/USDT,2023-11-06 08:00:00,2023,1,3,5,0.016227134768630837,98.2
1699257600000,SHORT,9.211228148812186,,9.561228148812186,False,EGLD/USDT,2023-11-06 08:00:00,2023,2,3,5,0.10122448244344182,0.6
1699257600000,SHORT,-8.096867749419946,1.0200377990111489,7.746867749419946,False,KSM/USDT,2023-11-06 08:00:00,2023,3,4,6,0.0006261941007446102,1.0
1699286400000,SHORT,4.32087155963302,1.0212345735886732,4.67087155963302,False,KSM/USDT,2023-11-06 16:00:00,2023,1,3,5,0.010495057887431776,0.8
1699286400000,SHORT,5.576530764080043,5.272159764561036,5.926530764080042,True,NEO/USDT,2023-11-06 16:00:00,2023,2,3,5,0.014500584464858695,38.2
1699315200000,SHORT,7.340526315789452,0.9111080030388508,7.690526315789452,True,GMT/USDT,2023-11-07 00:00:00,2023,1,3,4,-0.11067955587564195,99.4
1699315200000,SHORT,6.136158969161706,1.2871942226207216,6.486158969161705,True,XRP/USDT,2023-11-07 00:00:00,2023,2,4,5,-0.10536616672923191,97.6
1699315200000,SHORT,5.317694031941712,2.313642696550676,5.667694031941712,True,ADA/USDT,2023-11-07 00:00:00,2023,3,5,6,-0.19449446274572868,51.0
1699315200000,SHORT,4.984513618677018,0.8476206204611954,5.3345136186770175,True,XLM/USDT,2023-11-07 00:00:00,2023,4,6,7,-0.2471819439957544,67.2
1699315200000,SHORT,-8.336813717597794,1.607084339151586,7.986813717597794,False,ASTR/USDT,2023-11-07 00:00:00,2023,5,7,8,-0.14691647632653942,99.8
1699344000000,SHORT,-10.01417593198167,1.5821634272526317,9.66417593198167,False,ASTR/USDT,2023-11-07 08:00:00,2023,1,5,8,-0.13342233395143996,99.8
1699344000000,SHORT,8.899151074151051,0.6935617894414726,9.249151074151053,True,HBAR/USDT,2023-11-07 08:00:00,2023,2,6,9,-0.1691463312488582,49.0
1699344000000,SHORT,-6.181549067315465,1.43362466676448,5.831549067315465,True,ALGO/USDT,2023-11-07 08:00:00,2023,3,7,10,-0.14907291192880906,44.0
1699344000000,SHORT,-4.725241201250149,0.7295232974000648,4.375241201250149,True,DOGE/USDT,2023-11-07 08:00:00,2023,4,8,11,-0.151223898927986,47.8
1699344000000,SHORT,6.039904901243586,1.2596915305263752,6.389904901243586,True,XRP/USDT,2023-11-07 08:00:00,2023,5,8,11,-0.09803688146525222,52.0
1699344000000,SHORT,-6.779661346827554,-0.311963502994971,6.4296613468275545,True,COMP/USDT,2023-11-07 08:00:00,2023,6,9,12,-0.15910067124074842,55.00000000000001
1699358400000,SHORT,-8.325065322881663,1.1371183874430268,7.975065322881663,False,ZEN/USDT,2023-11-07 12:00:00,2023,7,10,12,-0.1147395259785015,98.4
1699358400000,SHORT,-12.08399503722083,1.7254341375272428,11.733995037220833,True,AR/USDT,2023-11-07 12:00:00,2023,8,11,13,-0.1619551554012569,37.2
1699358400000,SHORT,-11.98589511754068,0.1459880557015138,11.63589511754068,False,YGG/USDT,2023-11-07 12:00:00,2023,9,12,14,-0.11334940629536212,56.18279569892473
1699401600000,SHORT,5.747877204441528,4.111296737766749,6.097877204441527,False,ENJ/USDT,2023-11-08 00:00:00,2023,1,4,13,-0.28073392554965126,24.8
1699502400000,SHORT,8.73510431041478,1.681467388480969,9.08510431041478,False,ZEN/USDT,2023-11-09 04:00:00,2023,1,1,1,-0.14185296499964217,35.4
1699531200000,SHORT,8.041009239516693,0.217749009422357,8.391009239516693,True,SUI/USDT,2023-11-09 12:00:00,2023,1,2,2,-0.20143352573539247,95.6
1699531200000,SHORT,2.671841029221104,0.1011048223151443,10.0329111399222,True,AAVE/USDT,2023-11-09 12:00:00,2023,2,3,3,-0.15365680052971092,34.0
1699531200000,SHORT,10.932555962933709,2.2168410019102023,11.282555962933708,True,TRB/USDT,2023-11-09 12:00:00,2023,3,4,4,-0.028637540050857824,20.599999999999998
1699531200000,SHORT,10.856980161645822,,11.206980161645822,False,MINA/USDT,2023-11-09 12:00:00,2023,4,5,5,0.248178321797124,1.2
1699545600000,SHORT,-9.602815013404818,-0.2687793985815157,9.25281501340482,False,YFI/USDT,2023-11-09 16:00:00,2023,5,6,6,-0.18279479529070247,98.8
1699545600000,SHORT,-12.30839670690014,2.506912838113377,11.95839670690014,True,LINK/USDT,2023-11-09 16:00:00,2023,6,7,7,-0.0030600984887634492,99.2
1699545600000,SHORT,-1.663479580763468,1.9705946714391984,6.087720160991207,True,BTC/USDT,2023-11-09 16:00:00,2023,7,8,8,0.13415868596433406,69.6
1699545600000,SHORT,-8.942883463841536,-0.8526320772253722,8.592883463841536,True,FIL/USDT,2023-11-09 16:00:00,2023,8,9,9,-0.10091926800711948,97.8
1699574400000,SHORT,0.4169725669230536,2.5171745606607705,5.06190929644753,True,BTC/USDT,2023-11-10 00:00:00,2023,1,8,9,0.1021794920490965,99.8
1699574400000,SHORT,-12.284967912946408,2.462676530564271,11.934967912946409,True,LINK/USDT,2023-11-10 00:00:00,2023,2,8,9,-0.023612060499010375,99.8
1699617600000,SHORT,-8.132140523846271,0.6553651620232863,7.78214052384627,True,OP/USDT,2023-11-10 12:00:00,2023,1,3,9,-0.2191285679755764,99.8
1699617600000,SHORT,3.045092145461713,-0.4183053090433856,8.03477382477579,True,ETC/USDT,2023-11-10 12:00:00,2023,2,4,10,-0.2256233495195038,99.6
1699646400000,SHORT,-8.342894880670434,,7.992894880670433,True,JASMY/USDT,2023-11-10 20:00:00,2023,1,3,5,-0.024826879917884844,39.6
1699660800000,SHORT,7.027325610677391,-0.408922042375163,7.37732561067739,True,ETC/USDT,2023-11-11 00:00:00,2023,2,3,5,-0.20116443306330276,49.6
1699675200000,SHORT,-9.098554356206613,0.2827342887236467,8.748554356206613,True,IMX/USDT,2023-11-11 04:00:00,2023,2,3,4,-0.17307671874448127,27.800000000000004
1699675200000,SHORT,-5.931853211009166,,5.581853211009166,True,JASMY/USDT,2023-11-11 04:00:00,2023,3,3,4,-0.03366500394625106,39.6
1699704000000,SHORT,6.312643171806155,,6.662643171806154,True,JASMY/USDT,2023-11-11 12:00:00,2023,1,3,4,-0.03915953076512866,39.6
1699732800000,SHORT,7.279889758179232,,7.629889758179232,True,JASMY/USDT,2023-11-11 20:00:00,2023,1,1,3,-0.03668365567157383,39.6
1699747200000,SHORT,-12.202788129985016,1.123666449658533,11.852788129985017,True,SOL/USDT,2023-11-12 00:00:00,2023,2,2,4,-0.09715935771927377,99.8
1699776000000,SHORT,-9.593495742667926,,9.243495742667928,False,DUSK/USDT,2023-11-12 08:00:00,2023,1,3,3,-0.1431263090720479,97.39999999999999
1699790400000,SHORT,9.286988001654931,0.3997297162613265,9.636988001654933,False,BAT/USDT,2023-11-12 12:00:00,2023,2,3,4,-0.31750561829274726,23.599999999999998
1699804800000,SHORT,-11.10644709867188,1.3754904582274012,10.75644709867188,True,SOL/USDT,2023-11-12 16:00:00,2023,2,3,4,-0.0939672667393352,98.6
1699833600000,SHORT,8.55658248696127,,8.90658248696127,True,AVAX/USDT,2023-11-13 00:00:00,2023,1,3,4,-0.006368903936761503,96.39999999999999
1699833600000,SHORT,-11.761858349577643,2.622438701533497,11.411858349577646,True,DYDX/USDT,2023-11-13 00:00:00,2023,2,4,5,-0.20576789210471685,99.0
1699862400000,SHORT,10.182869003175997,,10.532869003175994,True,AVAX/USDT,2023-11-13 08:00:00,2023,1,2,5,-0.014288411816222275,97.2
1699891200000,SHORT,7.049205147615443,-0.0102861290939873,7.399205147615443,True,FIL/USDT,2023-11-13 16:00:00,2023,1,2,4,-0.042747982670230944,98.8
1699891200000,SHORT,8.057437762524337,1.721331860789562,8.407437762524337,True,ATOM/USDT,2023-11-13 16:00:00,2023,2,3,5,-0.15185884698207527,66.0
1699920000000,SHORT,-9.110214529497794,8.942343121020654,8.760214529497794,False,YFI/USDT,2023-11-14 00:00:00,2023,1,3,5,-0.12892708062759578,98.2
1699920000000,SHORT,8.144131688880059,0.8814476536667872,11.074219216232336,True,FIL/USDT,2023-11-14 00:00:00,2023,2,3,5,0.008778990873572532,98.8
1699963200000,SHORT,-11.070779220779215,0.3860805768218092,10.720779220779216,True,SEI/USDT,2023-11-14 12:00:00,2023,1,3,4,-0.1767856178844542,37.03703703703704
1699992000000,SHORT,-7.989024390243882,0.1793125164311733,7.639024390243883,True,SEI/USDT,2023-11-14 20:00:00,2023,1,1,3,-0.21212380623571997,36.90036900369004
1700107200000,SHORT,8.135798929663585,0.0400928628886869,8.485798929663584,True,ARKM/USDT,2023-11-16 04:00:00,2023,1,1,1,-0.14936220335860922,96.41791044776119
1700121600000,SHORT,10.374511591560312,2.148893427348806,10.724511591560312,True,DYDX/USDT,2023-11-16 08:00:00,2023,2,2,2,-0.23686302016925564,97.6
1700150400000,SHORT,-10.235356104651158,6.643982858749345,9.88535610465116,True,AVAX/USDT,2023-11-16 16:00:00,2023,1,3,3,0.05143110228621222,56.8
1700150400000,SHORT,-9.534988880652325,7.454080653304435,9.184988880652323,False,YFI/USDT,2023-11-16 16:00:00,2023,2,4,4,-0.15093838633663914,95.8
1700179200000,SHORT,-5.768372459204111,7.7651262282998355,5.418372459204111,False,YFI/USDT,2023-11-17 00:00:00,2023,1,2,4,-0.20052223514592762,94.8
1700251200000,SHORT,9.68157424585995,9.983851044453786,10.03157424585995,False,YFI/USDT,2023-11-17 20:00:00,2023,1,1,1,-0.2239540164818103,34.599999999999994
1700496000000,SHORT,10.14192782526115,1.9489439590431807,10.49192782526115,True,FET/USDT,2023-11-20 16:00:00,2023,1,1,1,-0.13726016240406835,30.2
1700496000000,SHORT,9.38291645822908,0.9774937639352254,9.73291645822908,True,NEAR/USDT,2023-11-20 16:00:00,2023,2,2,2,-0.07624252184042384,46.2
1700524800000,SHORT,10.305011303692512,1.4761636395174065,10.655011303692511,False,CHR/USDT,2023-11-21 00:00:00,2023,1,3,3,-0.07976795108243474,23.200000000000003
1700740800000,SHORT,-10.055642570281112,0.2157837562451197,9.705642570281112,False,BLUR/USDT,2023-11-23 12:00:00,2023,1,1,1,0.07252471608837337,25.6
1700884800000,SHORT,10.713274903805038,3.5687027052242115,11.063274903805038,True,SEI/USDT,2023-11-25 04:00:00,2023,1,1,1,-0.006035353595371195,33.443708609271525
1700899200000,SHORT,10.734125776594398,-1.4045849918040805,11.084125776594398,False,MINA/USDT,2023-11-25 08:00:00,2023,2,2,2,-0.11633069828496845,36.6
1700928000000,SHORT,8.013698206555347,-1.4059085499012487,8.363698206555346,False,MINA/USDT,2023-11-25 16:00:00,2023,1,2,2,-0.09917748486844943,1.4000000000000001
1701000000000,SHORT,6.448140371925596,1.0524877312108172,6.798140371925595,True,APE/USDT,2023-11-26 12:00:00,2023,1,1,2,-0.05453736185417463,14.000000000000002
1701000000000,SHORT,5.240647163120562,2.101068973128793,5.590647163120561,True,VET/USDT,2023-11-26 12:00:00,2023,2,2,3,-0.07834045230799612,38.800000000000004
1701100800000,SHORT,1.7025203742831287,0.6314795276050291,9.17047992755808,True,AXS/USDT,2023-11-27 16:00:00,2023,1,1,1,-0.10351489347884855,3.2
1701230400000,SHORT,1.525547765118325,2.1562527378515943,7.912602979842223,False,CTK/USDT,2023-11-29 04:00:00,2023,1,1,1,-0.00910264153228748,33.4
1701590400000,SHORT,-6.598094558793541,1.3101956446593754,6.248094558793541,False,BSV/USDT,2023-12-03 08:00:00,2023,1,1,1,-0.10477680091660799,2.6615969581749046
1701604800000,SHORT,6.600410534469399,-0.6692527525417521,6.950410534469398,False,CYBER/USDT,2023-12-03 12:00:00,2023,2,2,2,-0.12784620583702297,63.0
1701619200000,SHORT,-4.5489310009718125,2.114825622877285,4.198931000971813,True,ZEC/USDT,2023-12-03 16:00:00,2023,2,3,3,-0.19857471759005157,97.2
1701619200000,SHORT,-8.003035509736536,1.2342129419265524,7.653035509736536,False,BIGTIME/USDT,2023-12-03 16:00:00,2023,3,4,4,0.0062802547684926244,5.128205128205128
1701676800000,SHORT,-6.753013219284598,1.0605267485968424,6.403013219284598,False,BSV/USDT,2023-12-04 08:00:00,2023,1,1,4,-0.023536504712813978,91.44981412639405
1701676800000,SHORT,-11.17141959798994,2.227404687200862,10.82141959798994,False,MAV/USDT,2023-12-04 08:00:00,2023,2,2,5,-0.013368588871662307,97.89915966386555
1701676800000,SHORT,-4.685442404006654,1.866144260557692,4.335442404006654,True,NEO/USDT,2023-12-04 08:00:00,2023,3,3,6,-0.23014591385455296,0.2
1701676800000,SHORT,11.336058416139716,,11.686058416139716,False,IOTA/USDT,2023-12-04 08:00:00,2023,4,4,7,0.13063189209907072,25.0
1701676800000,SHORT,-6.269973632168739,1.1224248584624508,5.919973632168739,True,ALGO/USDT,2023-12-04 08:00:00,2023,5,5,8,0.03051211140625998,37.4
1701691200000,SHORT,-1.765650806134491,-0.1977849500157497,11.021542797221114,False,LQTY/USDT,2023-12-04 12:00:00,2023,6,6,9,0.06704182296180879,99.0
1701691200000,SHORT,-11.467304573467388,0.622178402344137,11.117304573467388,True,PENDLE/USDT,2023-12-04 12:00:00,2023,7,7,10,0.06369650574426862,99.74747474747475
1701705600000,SHORT,-4.821890114142003,1.053635825506424,4.471890114142004,False,BSV/USDT,2023-12-04 16:00:00,2023,3,7,9,-0.002376490400908033,98.5239852398524
1701720000000,SHORT,-10.25524542829644,0.2339256002969082,9.90524542829644,True,PENDLE/USDT,2023-12-04 20:00:00,2023,2,7,7,0.017347746693615912,97.73299748110831
1701734400000,SHORT,-4.837491361437446,1.878656737457077,4.487491361437447,True,BCH/USDT,2023-12-05 00:00:00,2023,2,4,8,0.023557601533392755,80.0
1701748800000,SHORT,-6.975225225225207,0.2329863554679875,6.625225225225208,True,PENDLE/USDT,2023-12-05 04:00:00,2023,2,3,8,0.013183367568712568,98.99497487437185
1701748800000,SHORT,-6.395615275813292,1.3438919068498647,6.045615275813292,True,JASMY/USDT,2023-12-05 04:00:00,2023,3,4,9,0.1763727790577908,33.800000000000004
1701748800000,SHORT,-6.389237057220701,1.881916585009824,6.039237057220701,False,RSR/USDT,2023-12-05 04:00:00,2023,4,5,10,-0.008557686559777223,22.0
1701748800000,SHORT,-6.065068493150665,,5.715068493150666,False,EGLD/USDT,2023-12-05 04:00:00,2023,5,6,11,-0.0814753303303343,96.2
1701748800000,SHORT,-0.0721206581352814,-1.6348971106938586,10.377674588665435,True,SUSHI/USDT,2023-12-05 04:00:00,2023,6,7,12,-0.03321882926859646,41.4
1701748800000,SHORT,-1.7678912090745076,0.922428479390888,11.909873678783184,True,MASK/USDT,2023-12-05 04:00:00,2023,7,8,13,-0.05777898942419035,96.39999999999999
1701763200000,SHORT,-7.788790035587193,1.682848597125699,7.438790035587194,False,ZEN/USDT,2023-12-05 08:00:00,2023,7,8,14,-0.014856031681974299,97.0
1701763200000,SHORT,-8.197968605724835,-0.1726090541430105,7.8479686057248355,False,ACH/USDT,2023-12-05 08:00:00,2023,8,9,15,0.09934029291052934,27.200000000000003
1701777600000,SHORT,0.4732570105479812,0.750115876008414,11.679547208644191,True,MASK/USDT,2023-12-05 12:00:00,2023,3,9,11,-0.053822405538109366,97.8
1701777600000,SHORT,-5.910366068285796,1.3399566481928986,5.560366068285796,True,JASMY/USDT,2023-12-05 12:00:00,2023,4,9,11,0.16453349107624074,33.6
1701777600000,SHORT,-5.267231726283035,0.2328450658335552,4.917231726283036,True,PENDLE/USDT,2023-12-05 12:00:00,2023,5,9,11,-0.0009909481642152208,98.24561403508771
1701820800000,SHORT,4.630490377010268,0.7530943102761869,4.980490377010268,True,MASK/USDT,2023-12-06 00:00:00,2023,1,3,9,-0.05294160268759716,93.4
1701820800000,SHORT,4.739807555238753,2.440386450371701,5.089807555238752,False,ANKR/USDT,2023-12-06 00:00:00,2023,2,4,10,0.10234708081288536,97.0
1701820800000,SHORT,8.081116504854368,-0.0599801383053394,8.431116504854367,True,CFX/USDT,2023-12-06 00:00:00,2023,3,5,11,0.22607034428915995,94.39999999999999
1701835200000,SHORT,2.250743069448413,3.0303208094542344,11.794798513861096,False,MAV/USDT,2023-12-06 04:00:00,2023,4,4,11,-0.026916699309303457,89.83402489626556
1701835200000,SHORT,-5.0330284552845415,0.8490445525835816,4.683028455284542,True,GALA/USDT,2023-12-06 04:00:00,2023,5,5,12,-0.02573308399073993,99.2
1701835200000,SHORT,-6.236658031088062,1.431288348642182,5.886658031088063,True,FLOW/USDT,2023-12-06 04:00:00,2023,6,6,13,0.03882351563414554,94.8
1701835200000,SHORT,3.904002629747076,0.5993214318882073,8.60855441256089,True,PENDLE/USDT,2023-12-06 04:00:00,2023,7,7,13,0.0033448254301186187,98.75311720698254
1701849600000,SHORT,-7.860520786432533,0.5901535928619098,7.510520786432533,True,HBAR/USDT,2023-12-06 08:00:00,2023,5,8,11,-0.03583723903844383,98.0
1701849600000,SHORT,-7.515962145110397,2.246157122834611,7.165962145110398,False,ENJ/USDT,2023-12-06 08:00:00,2023,6,9,12,0.011916090516920112,97.8
1701849600000,SHORT,-5.296560598970512,0.9720487723390282,4.946560598970512,False,RVN/USDT,2023-12-06 08:00:00,2023,7,10,13,-0.12332852287196336,99.2
1701849600000,SHORT,-9.314844851904072,-2.2326641471589643,8.964844851904072,False,SLP/USDT,2023-12-06 08:00:00,2023,8,11,14,0.027697344913786986,88.83720930232558
1701892800000,SHORT,-12.307126475548047,1.6911358993056684,11.957126475548048,True,1000PEPE/USDT,2023-12-06 20:00:00,2023,1,5,12,-0.08800878617896134,94.39999999999999
1701892800000,SHORT,-4.380309350017376,-1.2390396910585295,4.030309350017376,False,SLP/USDT,2023-12-06 20:00:00,2023,2,5,12,0.02186518348864036,0.9174311926605505
1701892800000,SHORT,-7.686842105263162,1.4963932364165222,10.604505263157884,True,DOGE/USDT,2023-12-06 20:00:00,2023,3,6,13,-0.18223448128048808,93.8
1701921600000,SHORT,3.748464687819856,-0.3036469147096257,4.098464687819856,True,DOGE/USDT,2023-12-07 04:00:00,2023,1,3,10,-0.18457815550024623,97.2
1701921600000,SHORT,9.008507853403124,0.6368111025654226,9.358507853403124,False,ACH/USDT,2023-12-07 04:00:00,2023,2,4,11,0.10288496638901692,11.200000000000001
1701936000000,SHORT,-5.870686055182704,0.3538799968205543,5.520686055182704,True,HBAR/USDT,2023-12-07 08:00:00,2023,3,5,7,-0.014726049333656076,41.6
1701936000000,SHORT,-5.325292766934546,1.9973557246209064,4.975292766934547,True,ADA/USDT,2023-12-07 08:00:00,2023,4,6,8,0.031670579478347706,41.199999999999996
1701936000000,SHORT,7.097853866317156,1.3256381858806705,7.447853866317155,True,JASMY/USDT,2023-12-07 08:00:00,2023,5,7,9,0.17137103987058122,22.400000000000002
1701993600000,SHORT,-8.925577557755764,-0.2078420552569681,8.575577557755764,False,SLP/USDT,2023-12-08 00:00:00,2023,1,1,6,-0.11643197735206097,89.77777777777777
1701993600000,SHORT,-5.2128520919269095,1.6797536307867853,4.86285209192691,False,KAVA/USDT,2023-12-08 00:00:00,2023,2,2,7,-0.002913628463428594,46.2
1702022400000,SHORT,-6.436538461538455,-0.2075312530846447,6.086538461538456,False,SLP/USDT,2023-12-08 08:00:00,2023,1,2,5,-0.11676136769600301,1.3215859030837005
1702123200000,SHORT,9.61925117924527,2.7292112100111487,9.96925117924527,False,SLP/USDT,2023-12-09 12:00:00,2023,1,1,1,-0.10888097650700991,98.29059829059828
1702137600000,SHORT,4.446619005064041,1.7983298646359205,4.7966190050640405,True,XRP/USDT,2023-12-09 16:00:00,2023,2,2,2,-0.09726211480412875,99.4
1702137600000,SHORT,5.549739368998616,2.5067991743596734,5.899739368998616,True,DOT/USDT,2023-12-09 16:00:00,2023,3,3,3,0.14011438464699116,99.8
1702137600000,SHORT,9.578257562954182,2.9931135499051984,9.92825756295418,True,ADA/USDT,2023-12-09 16:00:00,2023,4,4,4,0.29398861908019863,97.39999999999999
1702137600000,SHORT,4.711620591039059,2.781432773071874,5.061620591039059,True,FIL/USDT,2023-12-09 16:00:00,2023,5,5,5,0.04771975809199979,99.8
1702152000000,SHORT,-8.136386975579182,2.5664036659783784,7.786386975579182,True,AVAX/USDT,2023-12-09 20:00:00,2023,5,6,6,0.11515823262620281,97.6
1702152000000,SHORT,-4.867083425536602,1.7764950967703768,4.517083425536603,True,CHZ/USDT,2023-12-09 20:00:00,2023,6,7,7,-0.010706316611552934,98.6
1702152000000,SHORT,8.278375149342873,2.762399209754923,8.628375149342872,False,ONE/USDT,2023-12-09 20:00:00,2023,7,8,8,0.07019758537255155,94.8
1702152000000,SHORT,6.35877922077921,2.7132032292942725,6.70877922077921,True,ENS/USDT,2023-12-09 20:00:00,2023,8,9,9,-0.03485273825261128,99.4
1702152000000,SHORT,5.483479443772668,1.991531772497999,5.833479443772668,False,CTK/USDT,2023-12-09 20:00:00,2023,9,10,10,0.14006834525328424,98.6
1702152000000,SHORT,4.140531520395528,2.109528977903917,4.490531520395527,False,1INCH/USDT,2023-12-09 20:00:00,2023,10,11,11,-0.07956768828486256,99.4
1702152000000,SHORT,4.950042607584131,1.2040358843240824,5.300042607584131,False,RVN/USDT,2023-12-09 20:00:00,2023,11,12,12,-0.12679589739330313,98.6
1702152000000,SHORT,4.961085089773598,2.6812444775227693,5.311085089773598,False,QNT/USDT,2023-12-09 20:00:00,2023,12,13,13,-0.17452530922094986,95.8
1702152000000,SHORT,8.356204658266485,-0.8127513705323945,8.706204658266484,True,ATOM/USDT,2023-12-09 20:00:00,2023,13,14,14,0.011900576388310173,99.0
1702166400000,SHORT,5.168637302133513,2.4930968849142205,5.518637302133513,True,DOT/USDT,2023-12-10 00:00:00,2023,10,14,14,0.1657107182279971,99.4
1702166400000,SHORT,7.615918677239748,3.204370278663736,7.965918677239747,True,ADA/USDT,2023-12-10 00:00:00,2023,11,14,14,0.32435702469756506,99.0
1702180800000,SHORT,4.303759934787029,2.8318616092774485,4.653759934787028,True,ENS/USDT,2023-12-10 04:00:00,2023,3,13,14,-0.07413949762810895,96.39999999999999
1702180800000,SHORT,-5.6817417536981845,2.5625901466939265,5.331741753698185,True,AVAX/USDT,2023-12-10 04:00:00,2023,4,13,14,0.11679709184356918,48.8
1702180800000,SHORT,3.876334519572939,2.7470438763833114,4.226334519572939,False,ONE/USDT,2023-12-10 04:00:00,2023,5,13,14,0.07028993351432632,98.6
1702180800000,SHORT,7.117916877850976,2.476715632216766,7.467916877850976,True,ALGO/USDT,2023-12-10 04:00:00,2023,6,14,15,0.08967230435738492,99.2
1702195200000,SHORT,3.7314671814671656,4.123302135760735,4.081467181467166,True,XLM/USDT,2023-12-10 08:00:00,2023,5,13,16,-0.12352591411288376,55.800000000000004
1702195200000,SHORT,-4.8861923326835335,3.127244002398222,4.536192332683534,False,KSM/USDT,2023-12-10 08:00:00,2023,6,14,17,0.03223003930574624,30.599999999999998
1702195200000,SHORT,4.52609756097559,1.460085738663318,4.876097560975589,False,DASH/USDT,2023-12-10 08:00:00,2023,7,15,18,0.07722781576676895,99.6
1702195200000,SHORT,8.705791911249928,0.4813742188405573,9.055791911249928,True,IMX/USDT,2023-12-10 08:00:00,2023,8,16,19,0.03933901846365035,90.0
1702209600000,SHORT,7.187758717135919,1.8781344617587468,7.537758717135919,True,MANA/USDT,2023-12-10 12:00:00,2023,5,11,20,0.07671521168662833,97.39999999999999
1702224000000,SHORT,8.437625113739744,1.941636949318157,8.787625113739743,True,SAND/USDT,2023-12-10 16:00:00,2023,2,10,20,0.034945926852892946,40.6
1702224000000,SHORT,-5.2058860109230425,0.4801095091920457,4.855886010923043,True,IMX/USDT,2023-12-10 16:00:00,2023,3,10,20,0.03999003947417203,99.2
1702252800000,SHORT,-0.1969192499043413,1.945581364190984,10.35686949866054,True,SAND/USDT,2023-12-11 00:00:00,2023,1,3,12,0.029356425313393806,94.6
1702368000000,SHORT,-12.322930250938516,0.5214196761544199,11.972930250938518,True,IMX/USDT,2023-12-12 08:00:00,2023,1,1,1,0.007610344967730717,23.599999999999998
1702483200000,LONG,5.575284036202596,-2.698940424944898,5.9252840362025845,False,STG/USDT,2023-12-13 16:00:00,2023,1,1,1,-0.06484048618590033,23.599999999999998
1702584000000,SHORT,-11.788223608602856,2.558174289749219,11.438223608602858,True,INJ/USDT,2023-12-14 20:00:00,2023,1,1,1,0.07485971184281119,95.8
1702598400000,SHORT,-7.882737427108711,2.6771490555435595,7.532737427108711,False,WOO/USDT,2023-12-15 00:00:00,2023,2,2,2,0.19349177205578585,0.0
1702612800000,SHORT,-11.967808985068736,2.731588204730117,11.617808985068736,True,INJ/USDT,2023-12-15 04:00:00,2023,2,2,2,0.0778634723134194,99.0
1702627200000,SHORT,-11.13716928978393,2.760779168374284,10.78716928978393,False,WOO/USDT,2023-12-15 08:00:00,2023,2,2,2,0.18249564028135445,30.4
1702656000000,SHORT,6.8309326171874885,1.5413286591627124,7.180932617187488,True,HBAR/USDT,2023-12-15 16:00:00,2023,1,3,3,-0.10615163527113942,97.8
1702684800000,SHORT,-12.05250303230784,0.7113792524296578,11.702503032307842,False,STORJ/USDT,2023-12-16 00:00:00,2023,1,2,4,0.09640648088139613,98.2
1702713600000,SHORT,10.496226712977569,2.827989669528523,10.846226712977568,False,WOO/USDT,2023-12-16 08:00:00,2023,1,2,3,0.09063098229364329,3.2
1702742400000,SHORT,7.184574402026755,3.1177964553041693,7.534574402026754,False,WOO/USDT,2023-12-16 16:00:00,2023,1,1,3,0.0800313741898213,30.4
1702756800000,SHORT,8.507766224120303,0.5646416708160301,8.857766224120303,True,AR/USDT,2023-12-16 20:00:00,2023,2,2,3,0.09153158755470069,96.0
1702771200000,SHORT,-9.389330375151255,-1.241014586900375,9.039330375151255,False,LPT/USDT,2023-12-17 00:00:00,2023,2,3,4,-0.07132647160690041,10.6
1702814400000,SHORT,4.111900485000886,1.9958346572673864,4.461900485000886,True,FIL/USDT,2023-12-17 12:00:00,2023,1,2,4,0.027982808224793758,90.4
1702843200000,SHORT,11.437643760098837,,11.787643760098836,True,ICP/USDT,2023-12-17 20:00:00,2023,1,2,4,0.0821772385818578,35.4
1702857600000,SHORT,-11.654460394770568,,11.304460394770569,False,LPT/USDT,2023-12-18 00:00:00,2023,2,3,3,-0.09289548695214825,87.2
1702929600000,LONG,7.57276399307559,0.927255377472074,7.922763993075589,True,AXS/USDT,2023-12-18 20:00:00,2023,1,1,3,0.028452770468397136,45.800000000000004
1702929600000,LONG,7.798462484624848,1.4078941796194977,8.148462484624847,False,MINA/USDT,2023-12-18 20:00:00,2023,2,2,4,0.01189385530725936,88.8
1702929600000,LONG,5.351990317374932,0.6091173581769435,7.057504034427106,False,POLYX/USDT,2023-12-18 20:00:00,2023,3,3,5,-0.10505241173047547,58.18181818181818
1702929600000,LONG,5.884691605433099,2.327185466929342,6.604787352482737,False,GMX/USDT,2023-12-18 20:00:00,2023,4,4,6,-0.005091368411398972,28.199999999999996
1702929600000,LONG,5.92308494783905,0.132982281091212,6.27308494783905,False,KNC/USDT,2023-12-18 20:00:00,2023,5,5,7,-0.03494753203001139,38.0
1702929600000,LONG,-7.688921071687175,-2.0142317390960685,7.338921071687175,True,RUNE/USDT,2023-12-18 20:00:00,2023,6,6,8,-0.0563807398787074,44.800000000000004
1702929600000,LONG,4.884771573604068,0.9714313167008546,6.246573604060916,False,DASH/USDT,2023-12-18 20:00:00,2023,7,7,9,-0.0039045980531372264,25.4
1702929600000,LONG,7.821052631578947,0.554155555360549,8.171052631578947,True,GALA/USDT,2023-12-18 20:00:00,2023,8,8,10,0.07086116331607044,24.4
1702944000000,LONG,6.149517555615111,-0.3071505771363008,6.49951755561511,True,SNX/USDT,2023-12-19 00:00:00,2023,9,9,10,-0.15650834243804215,52.2
1702972800000,SHORT,-10.101199050927876,-0.8610966271119469,9.751199050927877,True,STX/USDT,2023-12-19 08:00:00,2023,1,10,10,0.07786740670684278,16.400000000000002
1703016000000,SHORT,-10.461088538091966,4.033012535747552,10.111088538091966,True,INJ/USDT,2023-12-19 20:00:00,2023,1,2,11,-0.007291678485017128,92.80000000000001
1703116800000,SHORT,-11.32396657871591,0.7726745903648544,10.97396657871591,True,ARKM/USDT,2023-12-21 00:00:00,2023,1,1,1,0.0619867908279314,21.867881548974943
1703116800000,SHORT,8.604234346799931,-0.8910287833059658,8.95423434679993,True,STX/USDT,2023-12-21 00:00:00,2023,2,2,2,0.08528522776207521,97.0
1703131200000,SHORT,6.69518654997696,-0.1223188559603868,7.045186549976959,False,CTK/USDT,2023-12-21 04:00:00,2023,3,3,3,-0.028563140653087064,5.6000000000000005
1703145600000,SHORT,3.992061563385962,-0.8913360798298156,4.342061563385962,True,STX/USDT,2023-12-21 08:00:00,2023,2,3,3,0.08646323732990528,99.8
1703174400000,SHORT,8.175121112125241,-0.8898512840870811,8.525121112125241,True,STX/USDT,2023-12-21 16:00:00,2023,1,2,3,0.07894887927058891,98.6
1703217600000,SHORT,-9.615363128491598,-2.365447735843812,9.265363128491598,True,FLOW/USDT,2023-12-22 04:00:00,2023,1,2,3,-0.004135740752219623,94.8
1703217600000,SHORT,-8.568089252042732,0.2866538111292901,8.218089252042732,True,DOT/USDT,2023-12-22 04:00:00,2023,2,3,4,0.1089598900093517,99.8
1703232000000,SHORT,-5.840473390179369,2.317001689679121,5.490473390179369,False,KSM/USDT,2023-12-22 08:00:00,2023,3,3,4,0.039129935929245664,28.799999999999997
1703232000000,SHORT,-2.16818181818181,0.4065070688886374,10.069480519480514,True,ALGO/USDT,2023-12-22 08:00:00,2023,4,4,5,0.08107277413065822,99.8
1703232000000,SHORT,-10.400186942766746,-0.7630179562534775,10.050186942766748,True,NEAR/USDT,2023-12-22 08:00:00,2023,5,5,6,0.16684462496892674,98.6
1703289600000,SHORT,-8.751889408909687,2.5018629875324185,8.401889408909687,False,ROSE/USDT,2023-12-23 00:00:00,2023,1,1,6,0.15619814178899757,99.4
1703289600000,SHORT,4.982500235782311,3.497430166910728,5.332500235782311,True,ETC/USDT,2023-12-23 00:00:00,2023,2,2,7,-0.007283343447648804,98.6
1703289600000,SHORT,-9.173216995447632,2.2998643449557794,8.823216995447632,True,CELO/USDT,2023-12-23 00:00:00,2023,3,3,8,0.009091383952380282,97.6
1703289600000,SHORT,-10.642933102043877,1.240098381378358,10.292933102043875,True,ARB/USDT,2023-12-23 00:00:00,2023,4,4,9,-0.14402521385045616,99.2
1703289600000,SHORT,-9.26887581553559,1.2101057492067422,8.918875815535591,True,GRT/USDT,2023-12-23 00:00:00,2023,5,5,10,0.13909118088984385,92.0
1703289600000,SHORT,-8.756990997893103,-0.1403729280273468,8.406990997893104,False,MAGIC/USDT,2023-12-23 00:00:00,2023,6,6,11,0.12593190061918824,99.8
1703318400000,SHORT,-10.668812740116485,-1.14789774534795,10.318812740116485,True,OP/USDT,2023-12-23 08:00:00,2023,1,7,10,0.2205294935196478,99.6
1703318400000,SHORT,-7.000254381006211,-0.1391702931342706,6.650254381006211,False,MAGIC/USDT,2023-12-23 08:00:00,2023,2,7,10,0.0825339739886197,99.4
1703318400000,SHORT,-9.082348234289968,0.8624950330218464,8.732348234289969,True,APT/USDT,2023-12-23 08:00:00,2023,3,8,11,-0.1009052782550458,99.2
1703318400000,SHORT,-6.75312687258264,1.1853554959014392,6.40312687258264,True,GRT/USDT,2023-12-23 08:00:00,2023,4,8,11,0.11417514596413784,98.2
1703318400000,SHORT,-9.784558108209218,1.6039467823659013,9.434558108209218,True,ARB/USDT,2023-12-23 08:00:00,2023,5,8,11,-0.17267472344681106,99.0
1703347200000,SHORT,-4.944795783926188,1.0554910441107228,4.594795783926188,True,APT/USDT,2023-12-23 16:00:00,2023,1,5,8,-0.11361419929140028,97.6
1703404800000,SHORT,-8.985992920609672,0.546410837855798,8.635992920609672,False,CAKE/USDT,2023-12-24 08:00:00,2023,1,1,6,0.0751386765130817,97.09677419354838
1703419200000,SHORT,-6.378675136116125,1.0534891562356123,6.028675136116125,True,APT/USDT,2023-12-24 12:00:00,2023,2,2,2,-0.11737770066453,97.8
1703433600000,SHORT,11.621177545161936,0.2545436063256455,11.971177545161936,True,OP/USDT,2023-12-24 16:00:00,2023,2,3,3,0.1929445370989754,94.8
1703448000000,SHORT,-7.51326530612244,-0.7782268639743557,7.16326530612244,False,STG/USDT,2023-12-24 20:00:00,2023,2,4,4,-0.061751191185736395,89.4
1703448000000,SHORT,-7.992998027613407,0.2682425045558755,7.642998027613407,True,DOT/USDT,2023-12-24 20:00:00,2023,3,5,5,0.07544267710359913,59.0
1703448000000,SHORT,-7.293413877900117,-0.9795866181836308,6.9434138779001175,False,API3/USDT,2023-12-24 20:00:00,2023,4,6,6,-0.017785296290319788,3.8
1703448000000,SHORT,-11.651199657240772,0.0507760265339151,11.301199657240772,False,MINA/USDT,2023-12-24 20:00:00,2023,5,7,7,0.029175684846904054,91.0
1703448000000,SHORT,-5.914465983906353,1.5894803743740646,5.564465983906353,False,ARPA/USDT,2023-12-24 20:00:00,2023,6,8,8,-0.08136965368020506,84.8
1703462400000,SHORT,-5.0605863192182285,1.354966191708953,4.710586319218229,False,CKB/USDT,2023-12-25 00:00:00,2023,6,8,9,-0.013391392074531586,98.0
1703462400000,SHORT,9.150265327395038,0.4916029795733803,9.500265327395038,True,AR/USDT,2023-12-25 00:00:00,2023,7,9,10,0.19484070636250755,94.8
1703462400000,SHORT,-9.235241867261385,2.084444052232639,8.885241867261383,False,ROSE/USDT,2023-12-25 00:00:00,2023,8,10,11,0.1933468314871169,92.4
1703462400000,SHORT,5.938525889646951,1.483890372153975,6.288525889646951,True,OP/USDT,2023-12-25 00:00:00,2023,9,10,11,0.201752538315596,97.6
1703462400000,SHORT,-7.147346575748572,-1.5385579040986777,6.7973465757485725,True,UNI/USDT,2023-12-25 00:00:00,2023,10,11,12,-0.0928412713759674,94.19999999999999
1703491200000,SHORT,-6.41299493896992,-1.6410171139359866,6.06299493896992,True,UNI/USDT,2023-12-25 08:00:00,2023,1,10,12,-0.0805235111866534,89.2
1703491200000,SHORT,-8.45188664656304,2.0831655045193065,8.10188664656304,False,ROSE/USDT,2023-12-25 08:00:00,2023,2,10,12,0.19681270888209124,98.0
1703491200000,SHORT,-10.87935153583616,,10.52935153583616,False,KSM/USDT,2023-12-25 08:00:00,2023,3,11,13,0.12452996614321565,28.4
1703505600000,SHORT,9.222833333333329,,9.572833333333328,True,AXS/USDT,2023-12-25 12:00:00,2023,4,7,13,0.15929991080294148,66.60000000000001
1703505600000,SHORT,9.362683670640395,0.9299006201667424,9.712683670640397,False,CYBER/USDT,2023-12-25 12:00:00,2023,5,8,14,-0.09671822302297334,2.0
1703520000000,SHORT,6.481547338671667,0.4953075451969751,6.831547338671666,True,LDO/USDT,2023-12-25 16:00:00,2023,3,6,14,0.04700723119862255,99.6
1703520000000,SHORT,8.2997430626927,,8.6497430626927,False,HIGH/USDT,2023-12-25 16:00:00,2023,4,7,15,-0.20070218686976488,89.60000000000001
1703520000000,SHORT,-11.700856567013762,-1.3969524650886609,11.350856567013762,False,MINA/USDT,2023-12-25 16:00:00,2023,5,8,15,-0.020871871498281513,87.6
1703520000000,SHORT,-6.565261251939986,0.8533428897017542,6.215261251939986,True,ENS/USDT,2023-12-25 16:00:00,2023,6,9,16,-0.06504335833147297,90.8
1703534400000,SHORT,8.912185941929804,,9.262185941929804,True,AXS/USDT,2023-12-25 20:00:00,2023,5,9,16,0.1049869749560901,99.8
1703548800000,SHORT,8.172077317186766,-3.3706826390084665,8.522077317186765,False,ONE/USDT,2023-12-26 00:00:00,2023,2,7,13,0.10897527027152973,99.2
1703563200000,SHORT,-9.24176880316119,0.12930587378474,8.89176880316119,False,AGLD/USDT,2023-12-26 04:00:00,2023,2,7,11,0.25732501062303925,99.77876106194691
1703563200000,SHORT,8.049009600808493,,8.399009600808492,True,AXS/USDT,2023-12-26 04:00:00,2023,3,7,11,0.1059290632704119,98.4
1703563200000,SHORT,9.422587794067518,,9.772587794067515,False,KSM/USDT,2023-12-26 04:00:00,2023,4,8,11,0.12119636342212269,28.599999999999998
1703563200000,SHORT,6.351570680628268,-1.4986593397946006,8.807120418848163,True,FLOW/USDT,2023-12-26 04:00:00,2023,5,9,12,-0.08544778224560494,99.6
1703563200000,SHORT,6.382156862745082,1.588528288960195,6.732156862745081,False,1INCH/USDT,2023-12-26 04:00:00,2023,6,10,13,-0.06766274020775628,96.8
1703577600000,SHORT,4.008651162790705,-3.342280538022478,4.3586511627907045,False,ONE/USDT,2023-12-26 08:00:00,2023,6,6,13,0.12046853565602028,99.6
1703592000000,SHORT,4.124199869366442,-3.2265044054575385,11.33889614630957,True,SAND/USDT,2023-12-26 12:00:00,2023,2,7,12,-0.04579273890015969,95.6
1703592000000,SHORT,9.033773584905644,-2.5538711576029907,9.383773584905644,True,MANA/USDT,2023-12-26 12:00:00,2023,3,8,13,-0.037596487903446336,34.8
1703592000000,SHORT,10.576193996747003,2.0670905607981167,10.926193996747005,False,ROSE/USDT,2023-12-26 12:00:00,2023,4,9,14,0.19214378133880983,94.19999999999999
1703592000000,SHORT,-8.610953522439726,0.1290265083004751,8.260953522439726,False,AGLD/USDT,2023-12-26 12:00:00,2023,5,9,14,0.22619666652442977,99.33774834437085
1703592000000,SHORT,5.459731299927366,,11.277954144620818,True,AXS/USDT,2023-12-26 12:00:00,2023,6,9,14,0.07978615982206454,66.0
1703592000000,SHORT,4.61716417910448,3.055610051702589,4.967164179104479,False,SLP/USDT,2023-12-26 12:00:00,2023,7,10,15,-0.08983644595956619,89.28571428571429
1703606400000,SHORT,10.261483390607092,,10.611483390607091,False,RSR/USDT,2023-12-26 16:00:00,2023,7,11,15,0.01659572645350337,95.0
1703606400000,SHORT,1.2974302061753953,0.813113030004806,7.364634507250653,True,ENS/USDT,2023-12-26 16:00:00,2023,8,12,15,-0.08453899069055042,98.8
1703606400000,SHORT,-6.567625093353236,1.381622025811236,6.217625093353236,False,ENJ/USDT,2023-12-26 16:00:00,2023,9,13,16,-0.1960955293112767,96.8
1703606400000,SHORT,-8.971493388644014,0.65942704047654,8.621493388644014,False,CKB/USDT,2023-12-26 16:00:00,2023,10,14,17,-0.0331216542077726,97.0
1703620800000,SHORT,6.675069194575137,3.6393151624842224,7.025069194575137,False,QNT/USDT,2023-12-26 20:00:00,2023,5,12,15,-0.0393057574654059,99.8
1703635200000,SHORT,0.9211527766743478,-0.2888189466611739,11.559545562882318,False,TWT/USDT,2023-12-27 00:00:00,2023,2,12,16,-0.18709912953737734,68.22429906542055
1703635200000,SHORT,9.062749478701214,-0.3491688424855412,9.412749478701214,False,ID/USDT,2023-12-27 00:00:00,2023,3,13,17,-0.18074145359986513,99.0
1703635200000,SHORT,-11.780193236714952,-2.490074738767011,11.430193236714953,True,UNI/USDT,2023-12-27 00:00:00,2023,4,14,18,-0.14515160542007452,99.8
1703635200000,SHORT,-0.3090079934412834,,11.53466898954704,True,ENS/USDT,2023-12-27 00:00:00,2023,5,14,18,-0.0772679138328914,97.8
1703635200000,SHORT,7.647246011754805,0.1816422208587585,7.997246011754805,False,ARPA/USDT,2023-12-27 00:00:00,2023,6,15,19,-0.04017915657469321,96.0
1703635200000,SHORT,-8.703101550775381,1.4306467527547857,8.353101550775381,False,HFT/USDT,2023-12-27 00:00:00,2023,7,16,20,-0.16449784402013032,93.60000000000001
1703635200000,SHORT,9.25728845698032,,9.60728845698032,True,SUI/USDT,2023-12-27 00:00:00,2023,8,17,21,-0.1954466556887508,91.0
1703649600000,SHORT,-6.206436890147923,-1.1262997097880818,5.856436890147924,False,STG/USDT,2023-12-27 04:00:00,2023,8,12,22,-0.018208559048073062,98.4
1703649600000,SHORT,-8.22517605633801,0.6689896556297105,7.875176056338009,False,CAKE/USDT,2023-12-27 04:00:00,2023,9,13,23,0.0028845218560718017,77.06422018348624
1703664000000,SHORT,8.836822181297308,1.5518674525801757,9.186822181297307,True,SEI/USDT,2023-12-27 08:00:00,2023,3,11,21,-0.026753593714543028,96.4824120603015
1703664000000,SHORT,-11.248548826487829,1.1600703879724146,10.898548826487827,False,DUSK/USDT,2023-12-27 08:00:00,2023,4,12,22,-0.11954668061765912,92.60000000000001
1703664000000,SHORT,8.972257683215124,,9.322257683215124,True,SUI/USDT,2023-12-27 08:00:00,2023,5,12,22,-0.17903186417414804,92.60000000000001
1703664000000,SHORT,3.9346765039727294,1.4298909453932915,4.28467650397273,False,ARPA/USDT,2023-12-27 08:00:00,2023,6,12,22,-0.09808827012020624,85.0
1703692800000,SHORT,4.400341951626348,1.4314137670242093,4.750341951626347,False,ARPA/USDT,2023-12-27 16:00:00,2023,1,6,15,-0.0754971846693275,82.39999999999999
1703692800000,SHORT,7.187687034716577,1.3701163776754175,7.537687034716576,False,MINA/USDT,2023-12-27 16:00:00,2023,2,7,16,-0.039707294531783115,97.0
1703707200000,SHORT,7.063254877671088,-1.679841278004578,7.413254877671087,True,GMT/USDT,2023-12-27 20:00:00,2023,3,6,14,-0.13367201134902407,99.2
1703721600000,SHORT,-9.246466236423718,,8.896466236423718,False,ASTR/USDT,2023-12-28 00:00:00,2023,2,4,14,-0.14769794468948808,96.8
1703736000000,SHORT,10.147725752508354,-0.3159379816276197,10.497725752508352,False,MAGIC/USDT,2023-12-28 04:00:00,2023,2,5,10,0.02841157020207603,99.2
1703750400000,SHORT,5.332690854119416,-0.7504071416115368,5.682690854119415,False,STG/USDT,2023-12-28 08:00:00,2023,2,4,9,0.026099517561097473,99.6
1703764800000,SHORT,1.6149236765183512,1.3613876220512569,11.571126989282217,True,COMP/USDT,2023-12-28 12:00:00,2023,2,4,7,-0.12780620212790883,99.0
1703779200000,SHORT,9.425170497600396,,9.775170497600396,True,AAVE/USDT,2023-12-28 16:00:00,2023,2,4,8,0.014984637645704076,99.8
1703779200000,SHORT,11.135191956124304,1.4845388053817934,11.485191956124304,False,SKL/USDT,2023-12-28 16:00:00,2023,3,5,9,0.14113460484111537,23.0
1703793600000,SHORT,2.1190671486167103,0.7491795349378754,11.976799666342274,False,CAKE/USDT,2023-12-28 20:00:00,2023,3,5,8,-0.16396188096220213,88.4272997032641
1703793600000,SHORT,2.3438952856832524,2.123885000281888,5.131184631141179,True,BNB/USDT,2023-12-28 20:00:00,2023,4,6,9,0.016319199200481516,0.4
1703808000000,SHORT,0.2608656095658918,0.2194039433829763,7.900064985703123,True,UNI/USDT,2023-12-29 00:00:00,2023,3,6,9,-0.20748732807178555,99.6
1703822400000,SHORT,-11.791799192974114,,11.441799192974116,False,BSV/USDT,2023-12-29 04:00:00,2023,2,6,9,0.3879154745471033,1.9138755980861244
1703894400000,SHORT,-11.091734467455614,0.8837902383411304,10.741734467455617,True,SEI/USDT,2023-12-30 00:00:00,2023,1,1,3,-0.021672589444545465,99.75369458128078
1704052800000,SHORT,-8.138928939237887,1.4568063453212885,7.788928939237887,False,CHR/USDT,2023-12-31 20:00:00,2023,1,1,1,0.06257926302771766,88.0
1704240000000,SHORT,6.652975609756091,-0.0278294826225283,7.00297560975609,True,CFX/USDT,2024-01-03 00:00:00,2024,1,1,1,-0.019525434598673654,99.6
1704268800000,SHORT,10.393811394891936,,10.743811394891935,False,ASTR/USDT,2024-01-03 08:00:00,2024,1,2,2,-0.15457216542952787,96.2
1704268800000,SHORT,7.997845468053473,-0.0274951419045334,8.347845468053473,True,CFX/USDT,2024-01-03 08:00:00,2024,2,2,2,-0.058294150762975804,92.80000000000001
1704268800000,SHORT,7.032347090999489,1.070231016898208,7.382347090999489,False,GMX/USDT,2024-01-03 08:00:00,2024,3,3,3,-0.07823991449491828,95.39999999999999
1704369600000,SHORT,9.136636636636624,2.7983976050287045,9.486636636636623,False,CHR/USDT,2024-01-04 12:00:00,2024,1,1,1,0.09299510166505476,16.400000000000002
1704398400000,SHORT,9.160034870205346,2.768971673696096,9.510034870205343,False,CHR/USDT,2024-01-04 20:00:00,2024,1,1,1,-0.0037042731183610255,16.400000000000002
1704412800000,SHORT,9.69822893037863,-0.3600817784754648,10.04822893037863,False,YGG/USDT,2024-01-05 00:00:00,2024,2,2,2,0.16188322410580153,0.8
1704427200000,SHORT,6.548684210526278,2.7461570406673377,6.898684210526278,False,CHR/USDT,2024-01-05 04:00:00,2024,2,2,2,0.00020942877346108132,16.400000000000002
1704700800000,LONG,7.930413131685723,-1.957892458397044,8.280413131685723,False,ILV/USDT,2024-01-08 08:00:00,2024,1,1,1,-0.02490277235455199,1.1363636363636365
1704700800000,LONG,8.814920828258208,-1.181939376260427,9.164920828258207,True,COMP/USDT,2024-01-08 08:00:00,2024,2,2,2,0.011203192017968749,32.0
1704700800000,LONG,8.13945416004241,-1.4402549948992105,8.48945416004241,False,RVN/USDT,2024-01-08 08:00:00,2024,3,3,3,-0.03866144299567637,12.2
1704700800000,LONG,9.734191320213752,-1.11541675928382,10.084191320213751,True,HBAR/USDT,2024-01-08 08:00:00,2024,4,4,4,0.06617162306197573,30.599999999999998
1704715200000,LONG,8.786469306211409,-1.935128204022411,9.136469306211408,False,DASH/USDT,2024-01-08 12:00:00,2024,5,5,5,0.2585430338835773,22.2
1704715200000,LONG,8.226981132075473,0.735220322241253,8.576981132075481,True,CRV/USDT,2024-01-08 12:00:00,2024,6,6,6,0.040401640146847446,27.0
1704715200000,LONG,5.66069209651784,0.7031019148437727,11.003236526513517,False,RLC/USDT,2024-01-08 12:00:00,2024,7,7,7,-0.13555876707415507,16.400000000000002
1704715200000,LONG,10.29692364714603,-0.400883133635475,10.64692364714603,False,CTK/USDT,2024-01-08 12:00:00,2024,8,8,8,0.15965957376763265,28.599999999999998
1704715200000,LONG,8.49521754294184,-0.4694269538346783,8.845217542941839,True,NEO/USDT,2024-01-08 12:00:00,2024,9,9,9,-0.04758930516987047,12.0
1704715200000,LONG,6.620729418074539,1.4175085184980971,6.970729418074539,True,CHZ/USDT,2024-01-08 12:00:00,2024,10,10,10,0.044127238345920014,17.599999999999998
1704715200000,LONG,11.166678117485398,1.0001911571971414,11.516678117485398,False,STORJ/USDT,2024-01-08 12:00:00,2024,11,11,11,0.009237872249097065,20.200000000000003
1704729600000,LONG,8.600098796479267,0.0262421332035039,8.950098796479267,False,GAS/USDT,2024-01-08 16:00:00,2024,8,12,12,0.12397362317527667,9.89010989010989
1704729600000,LONG,10.749341711549976,0.314902611185945,11.099341711549975,False,HFT/USDT,2024-01-08 16:00:00,2024,9,13,13,-0.1190877655353731,15.0
1704729600000,LONG,7.838807912545555,0.1036352751687133,8.188807912545554,False,UMA/USDT,2024-01-08 16:00:00,2024,10,14,14,-0.2467942925093735,3.5999999999999996
1704729600000,LONG,2.1678346621905065,-2.523738216450278,9.420688208141,False,ONT/USDT,2024-01-08 16:00:00,2024,11,15,15,-0.1678727202830378,16.6
1704729600000,LONG,11.159201269140574,-1.7954057882191905,11.509201269140574,False,ARK/USDT,2024-01-08 16:00:00,2024,12,16,16,0.06743482655660374,9.60960960960961
1704988800000,SHORT,-11.948145019480746,,11.598145019480746,True,ETC/USDT,2024-01-11 16:00:00,2024,1,1,1,0.18942347062002293,34.0
1705017600000,SHORT,-6.681418060200662,,6.3314180602006624,True,ETC/USDT,2024-01-12 00:00:00,2024,1,1,1,0.18709332300067438,33.800000000000004
1705060800000,SHORT,8.835490339044828,-1.948884877736745,9.185490339044827,True,BCH/USDT,2024-01-12 12:00:00,2024,1,2,2,0.028602097003517627,61.4
1705075200000,SHORT,5.558024606971955,-0.3494181267380303,5.908024606971955,True,LTC/USDT,2024-01-12 16:00:00,2024,2,2,3,0.04897958623359073,41.199999999999996
1705075200000,SHORT,7.044969501747645,,11.704132684531556,True,ETC/USDT,2024-01-12 16:00:00,2024,3,3,3,0.17525537996536258,33.6
1705248000000,SHORT,4.595756358768395,0.0905532624899075,4.945756358768395,True,TRX/USDT,2024-01-14 16:00:00,2024,1,1,1,0.12794929152274787,53.6
1705262400000,SHORT,-10.747725598373677,-0.1523806370591086,10.397725598373675,True,TIA/USDT,2024-01-14 20:00:00,2024,2,2,2,0.07216592277610404,2.888888888888889
1705435200000,SHORT,-7.004373728567267,1.924345677212732,6.654373728567268,True,CHZ/USDT,2024-01-16 20:00:00,2024,1,1,1,0.25806977546355836,27.6
1705464000000,SHORT,-5.2760157211857095,,4.92601572118571,True,CHZ/USDT,2024-01-17 04:00:00,2024,1,1,1,0.18631622334386017,27.400000000000002
1705492800000,SHORT,7.239999041135287,,7.589999041135287,True,CHZ/USDT,2024-01-17 12:00:00,2024,1,1,1,0.17406101069875046,27.400000000000002
1705521600000,SHORT,7.940220207253875,,8.290220207253874,True,APE/USDT,2024-01-17 20:00:00,2024,1,2,2,0.06808793837887962,30.0
1705564800000,SHORT,10.754896626768211,-0.9869617338548612,11.104896626768213,True,TRB/USDT,2024-01-18 08:00:00,2024,1,2,3,-0.26120600206760597,57.8
1705593600000,SHORT,-10.538312267657986,0.2438899556875801,10.188312267657986,False,GAS/USDT,2024-01-18 16:00:00,2024,1,2,3,0.13321903450763503,9.0
1705694400000,LONG,-7.81962339205455,-0.5082412236815035,7.46962339205455,True,IMX/USDT,2024-01-19 20:00:00,2024,1,1,1,0.10498951826911769,2.4
1705694400000,LONG,6.743620877129392,-1.3230697540060234,7.093620877129392,False,DASH/USDT,2024-01-19 20:00:00,2024,2,2,2,0.13400882133537168,20.200000000000003
1705694400000,LONG,-10.791847979655278,1.8338393754415256,10.44184797965528,False,KAS/USDT,2024-01-19 20:00:00,2024,3,3,3,0.012034089667394027,1.8229166666666667
1705694400000,LONG,-5.226766435530584,-1.3163073893228472,4.876766435530584,True,XLM/USDT,2024-01-19 20:00:00,2024,4,4,4,0.0383031689355981,37.8
1705694400000,LONG,-7.177976190476195,-1.3434345015172404,6.827976190476195,True,ADA/USDT,2024-01-19 20:00:00,2024,5,5,5,0.12759080192965466,31.2
1705694400000,LONG,-7.009356879283071,0.2265042450055242,6.659356879283071,False,RVN/USDT,2024-01-19 20:00:00,2024,6,6,6,0.10448441039125578,8.4
1705708800000,LONG,-6.2313867576015936,,5.881386757601594,False,SFP/USDT,2024-01-20 00:00:00,2024,7,7,7,0.0017677400837514284,36.199999999999996
1705723200000,LONG,-5.695803750227565,-1.0337632625444737,5.3458037502275655,True,XRP/USDT,2024-01-20 04:00:00,2024,2,8,8,-0.03642794293429534,31.6
1705723200000,LONG,-5.301850552534631,-1.3308805136395825,4.951850552534632,True,XLM/USDT,2024-01-20 04:00:00,2024,3,8,8,0.041771555787257275,37.6
1705780800000,SHORT,-12.162327506899702,-0.0883023048659894,11.812327506899702,False,RLC/USDT,2024-01-20 20:00:00,2024,1,1,9,0.12362237738538646,0.2
1705881600000,SHORT,-11.26454209065678,8.757920061074282,10.91454209065678,False,UMA/USDT,2024-01-22 00:00:00,2024,1,1,1,0.15436018022929554,2.8000000000000003
1706040000000,LONG,4.57525570416994,0.733297739983463,6.465554681353273,True,DOT/USDT,2024-01-23 20:00:00,2024,1,1,1,0.08457599252273348,43.0
1706040000000,LONG,5.674393248737226,-0.8016781227582898,8.947135641246776,False,STRAX/USDT,2024-01-23 20:00:00,2024,2,2,2,-0.2046402484118822,10.0
1706040000000,LONG,7.001473477406684,-7.064201673302708,7.351473477406683,False,POLYX/USDT,2024-01-23 20:00:00,2024,3,3,3,-0.05353045304222693,5.0
1706040000000,LONG,7.361507128309577,-1.5999947691567873,7.711507128309576,False,ARK/USDT,2024-01-23 20:00:00,2024,4,4,4,-0.022257361783044428,8.70712401055409
1706040000000,LONG,7.770680197476684,-0.3037278796575424,8.120680197476684,False,KSM/USDT,2024-01-23 20:00:00,2024,5,5,5,-0.0007175839163231209,22.2
1706040000000,LONG,8.142188619750613,-0.0416093827572515,11.374602264583633,True,STX/USDT,2024-01-23 20:00:00,2024,6,6,6,-0.01428469544679676,12.2
1706040000000,LONG,6.066334211516746,0.0117621312155477,6.416334211516745,True,VET/USDT,2024-01-23 20:00:00,2024,7,7,7,-0.09079572734152008,2.4
1706040000000,LONG,8.599556160492364,1.4462136826435137,8.949556160492364,True,ARB/USDT,2024-01-23 20:00:00,2024,8,8,8,0.004840752793216645,34.8
1706040000000,LONG,8.301332984840563,-0.9875499361163506,11.384654338734975,True,AVAX/USDT,2024-01-23 20:00:00,2024,9,9,9,-0.0364503663391528,36.4
1706040000000,LONG,4.528048780487807,-1.4337049468612972,7.47041901188242,True,ALGO/USDT,2024-01-23 20:00:00,2024,10,10,10,0.041875925146253636,25.4
1706040000000,LONG,4.0273296377712,1.7857535978910068,10.25761253942464,False,MINA/USDT,2024-01-23 20:00:00,2024,11,11,11,-0.01607965467293414,26.400000000000002
1706040000000,LONG,1.985907335907336,-0.1136961824653828,4.572857142857147,True,XRP/USDT,2024-01-23 20:00:00,2024,12,12,12,-0.1423525879421263,30.4
1706040000000,LONG,1.838232667187684,-0.4879367251233317,6.255063079155968,True,AAVE/USDT,2024-01-23 20:00:00,2024,13,13,13,-0.07804793746401452,12.2
1706040000000,LONG,-7.034919302776001,-0.9767921997479024,6.684919302776001,False,ILV/USDT,2024-01-23 20:00:00,2024,14,14,14,-0.07828607386182365,0.8988764044943821
1706040000000,LONG,8.725171055359738,-1.741317104388574,9.075171055359736,False,ROSE/USDT,2024-01-23 20:00:00,2024,15,15,15,-0.025250762848757678,21.2
1706068800000,LONG,3.993054357204481,-0.708452943747125,4.343054357204481,False,YFI/USDT,2024-01-24 04:00:00,2024,1,16,16,0.009753444953185643,20.200000000000003
1706083200000,LONG,3.8654060381013777,0.0410126157387718,4.215406038101378,False,CAKE/USDT,2024-01-24 08:00:00,2024,2,17,17,-0.04613823116159967,0.0
1706299200000,SHORT,-9.330634104541543,-0.4206748259303091,8.980634104541544,False,ZRX/USDT,2024-01-26 20:00:00,2024,1,1,1,-0.13457545483453495,17.4
1706385600000,SHORT,6.020926021727866,-0.4087410430528073,6.370926021727866,False,ZRX/USDT,2024-01-27 20:00:00,2024,1,1,1,-0.04501650210204676,17.4
1706414400000,SHORT,10.269821766135552,0.2156509191400236,10.619821766135551,False,ZRX/USDT,2024-01-28 04:00:00,2024,1,1,1,-0.0854621767956191,17.4
1706414400000,SHORT,6.867802661473533,0.6284081936334085,7.217802661473533,False,EDU/USDT,2024-01-28 04:00:00,2024,2,2,2,0.12292108962229095,16.6
1706457600000,SHORT,-6.683757869808826,-0.7279725568897703,6.333757869808826,True,AVAX/USDT,2024-01-28 16:00:00,2024,1,3,3,-0.14350967308683882,22.2
1706572800000,SHORT,6.060466823253064,0.6391945390778004,6.410466823253064,False,STORJ/USDT,2024-01-30 00:00:00,2024,1,1,1,0.01950264855639939,20.4
1706601600000,SHORT,4.619514140681651,0.640950871242513,4.9695141406816505,False,STORJ/USDT,2024-01-30 08:00:00,2024,1,1,1,0.027012875254485137,20.4
1706644800000,SHORT,8.363559322033888,1.8578795142409017,8.713559322033888,True,SEI/USDT,2024-01-30 20:00:00,2024,1,2,2,-0.029823456521442485,23.599999999999998
1706659200000,SHORT,4.822730496453889,-0.3516859734800452,5.172730496453888,False,EGLD/USDT,2024-01-31 00:00:00,2024,2,2,3,-0.22026732565561116,19.400000000000002
1706688000000,SHORT,-8.461300930381782,1.379402180811473,8.111300930381782,False,MAGIC/USDT,2024-01-31 08:00:00,2024,1,3,4,-0.0979263480200746,31.8
1706688000000,SHORT,-6.733970767356871,,6.383970767356871,False,CKB/USDT,2024-01-31 08:00:00,2024,2,4,5,0.32138735871957796,9.2
1706745600000,SHORT,0.3244604316546683,,11.59727967625899,False,CKB/USDT,2024-02-01 00:00:00,2024,1,1,3,0.25495632827983655,9.4
1706904000000,SHORT,-6.643687577151832,-0.1598729854266904,6.293687577151832,True,LINK/USDT,2024-02-02 20:00:00,2024,1,1,1,-0.12670000506299126,32.0
1706932800000,SHORT,-7.234381350191909,-0.1595930414399068,6.8843813501919096,True,LINK/USDT,2024-02-03 04:00:00,2024,1,1,1,-0.10096064180157249,31.8
1707091200000,SHORT,8.094767238361912,0.5148925079488691,8.444767238361912,False,NMR/USDT,2024-02-05 00:00:00,2024,1,1,1,-0.07083878329069229,14.2
1707177600000,SHORT,8.674848484848468,0.524008447028438,9.024848484848468,False,NMR/USDT,2024-02-06 00:00:00,2024,1,1,1,-0.06562290335557643,14.2
1707220800000,SHORT,-2.3886266094420603,0.6911516651292575,5.987198745460528,True,TRX/USDT,2024-02-06 12:00:00,2024,1,2,2,-0.012354364692006405,25.2
1707249600000,SHORT,-3.160614201868232,0.6892240789726911,6.153666198230956,True,TRX/USDT,2024-02-06 20:00:00,2024,1,1,2,-0.04219068833558228,49.6
1707278400000,SHORT,-8.889731142643758,1.1712557679648663,8.539731142643758,False,COTI/USDT,2024-02-07 04:00:00,2024,1,2,2,0.04528724340620047,4.0
1707278400000,SHORT,-5.835243098731652,1.7451022565296277,5.485243098731653,True,OP/USDT,2024-02-07 04:00:00,2024,2,3,3,-0.11705506668926827,27.200000000000003
1707292800000,SHORT,-11.387325285895784,-0.128853762959315,11.037325285895784,False,CHR/USDT,2024-02-07 08:00:00,2024,3,4,4,0.10754509020913562,13.600000000000001
1707292800000,LONG,4.48861930965483,1.6522655330806235,4.838619309654829,True,ZEC/USDT,2024-02-07 08:00:00,2024,4,5,5,-0.0881020845500239,17.2
1707321600000,LONG,-6.140164440670114,,11.22982320697908,True,XMR/USDT,2024-02-07 16:00:00,2024,1,5,6,0.4846988178198397,0.0
1707321600000,LONG,4.259305742622739,-0.54765888843945,4.60930574262275,True,AR/USDT,2024-02-07 16:00:00,2024,2,6,7,0.0027045841089388695,20.4
1707321600000,SHORT,-11.52859414758268,0.1099699882148374,11.17859414758268,False,CHR/USDT,2024-02-07 16:00:00,2024,3,6,7,0.09052507869288351,13.4
1707321600000,LONG,0.5289062499999987,1.652778127719597,5.460253906249997,True,ZEC/USDT,2024-02-07 16:00:00,2024,4,6,7,-0.05842714752082449,17.0
1707364800000,SHORT,-2.749934248376762,0.6791456343676682,4.537215418755645,True,TRX/USDT,2024-02-08 04:00:00,2024,1,5,7,-0.020149480344179037,37.0
1707480000000,SHORT,-5.420591190755312,0.0162562483124422,5.070591190755312,True,STX/USDT,2024-02-09 12:00:00,2024,1,1,1,0.032832390273388246,12.0
1707494400000,SHORT,7.891788520839553,2.316023046170636,8.241788520839552,False,COTI/USDT,2024-02-09 16:00:00,2024,2,2,2,0.026906239860804964,11.799999999999999
1707508800000,SHORT,0.3348012174243787,-1.115327894005722,5.031672056305866,True,RUNE/USDT,2024-02-09 20:00:00,2024,2,3,3,0.048167240788443894,31.0
1707508800000,SHORT,1.812162162162159,1.334064808060497,10.157493857493844,False,RVN/USDT,2024-02-09 20:00:00,2024,3,4,4,0.1078783765297424,5.6000000000000005
1707523200000,SHORT,7.837979717637696,2.313435669761389,8.187979717637695,False,COTI/USDT,2024-02-10 00:00:00,2024,3,4,4,0.029558400559534178,0.4
1707537600000,SHORT,-5.101756078734056,-1.1400272241234215,4.751756078734056,True,RUNE/USDT,2024-02-10 04:00:00,2024,2,3,4,0.04912011824928862,30.8
1707552000000,SHORT,-6.319766593727192,-1.2796027836939436,5.969766593727193,True,WLD/USDT,2024-02-10 08:00:00,2024,2,4,5,-0.2473472405907662,33.6
1707552000000,SHORT,-6.579611905456652,1.3169552374428266,6.229611905456652,True,SUI/USDT,2024-02-10 08:00:00,2024,3,5,6,0.018477817133053978,29.799999999999997
1707624000000,SHORT,-6.194557243423474,0.5426469553200751,5.844557243423474,True,IMX/USDT,2024-02-11 04:00:00,2024,1,1,4,0.05376025269352325,74.4
1707652800000,SHORT,-10.503325056258245,0.0561433075872872,10.153325056258245,True,1000BONK/USDT,2024-02-11 12:00:00,2024,1,2,2,-0.06328897043551669,5.567010309278351
1707696000000,SHORT,-7.90430671133686,-0.9223934198523712,9.481249324543375,False,STRAX/USDT,2024-02-12 00:00:00,2024,1,2,3,-0.07141211579970076,69.39999999999999
1707696000000,SHORT,-5.030283296541566,-4.265196000701178,4.680283296541567,True,BCH/USDT,2024-02-12 00:00:00,2024,2,3,4,0.03083600230428785,21.4
1707724800000,SHORT,-4.999164976738618,1.870991423285262,4.649164976738619,False,POLYX/USDT,2024-02-12 08:00:00,2024,1,3,4,-0.11247504152036958,5.0
1707782400000,SHORT,-5.1156352004178,0.6853255781755695,4.7656352004178,True,AXS/USDT,2024-02-13 00:00:00,2024,1,1,4,-0.05904187846453241,14.6
1707782400000,SHORT,-8.64323565657948,1.0260556993265006,8.29323565657948,True,IMX/USDT,2024-02-13 00:00:00,2024,2,2,5,-0.01648892424063867,64.8
1707782400000,SHORT,-5.825038884419406,0.0934200163890486,5.475038884419407,True,OP/USDT,2024-02-13 00:00:00,2024,3,3,6,-0.09211710977724641,77.0
1707796800000,SHORT,-8.827164033002372,-0.6388596400993225,8.477164033002373,False,API3/USDT,2024-02-13 04:00:00,2024,4,4,5,0.17081334608136084,94.6
1707825600000,SHORT,-4.605777460770312,1.4177551066711018,4.255777460770313,False,TWT/USDT,2024-02-13 12:00:00,2024,1,5,5,-0.09169160193101525,86.4
1707825600000,SHORT,-10.342417595152543,-3.2000083024162174,9.992417595152544,True,TRB/USDT,2024-02-13 12:00:00,2024,2,6,6,0.020147178375787795,83.0
1707825600000,SHORT,-7.849906774394012,-0.6760691600271411,7.499906774394012,True,NEAR/USDT,2024-02-13 12:00:00,2024,3,7,7,-0.15332843442357483,17.8
1707840000000,SHORT,-8.54044076622651,-0.8611929680789431,8.19044076622651,True,WLD/USDT,2024-02-13 16:00:00,2024,4,5,8,-0.2779844392298488,87.8
1707868800000,SHORT,-5.186907550910052,-0.8522614326034104,4.836907550910053,True,WLD/USDT,2024-02-14 00:00:00,2024,1,4,8,-0.2735249927383608,87.2
1707969600000,SHORT,6.286888586956513,-2.3358643807134105,6.636888586956513,False,BLUR/USDT,2024-02-15 04:00:00,2024,1,1,1,0.041145972820606565,93.0
1707969600000,SHORT,8.668706536856723,-0.1603150815098194,9.018706536856724,False,BIGTIME/USDT,2024-02-15 04:00:00,2024,2,2,2,0.08911862707385913,85.2
1707969600000,SHORT,5.189905586152622,1.4925545305829593,5.539905586152622,True,PYTH/USDT,2024-02-15 04:00:00,2024,3,3,3,0.05985203390271832,51.0
1707998400000,SHORT,-6.323464801215486,2.3995088764089947,5.973464801215487,True,IMX/USDT,2024-02-15 12:00:00,2024,1,4,4,0.04459909273399865,87.4
1707998400000,SHORT,-11.998637715645438,1.01926201919083,11.64863771564544,True,STX/USDT,2024-02-15 12:00:00,2024,2,5,5,0.11731743394347484,94.19999999999999
1707998400000,SHORT,7.084995911692554,-0.5247844027047185,7.434995911692553,True,1000PEPE/USDT,2024-02-15 12:00:00,2024,3,6,6,0.019822703414520335,93.8
1708027200000,SHORT,-12.013879922530643,0.5819953723482051,11.663879922530644,False,ARPA/USDT,2024-02-15 20:00:00,2024,1,4,7,-0.0647186736925773,90.0
1708027200000,SHORT,6.12139768036171,-2.4347224022977785,6.47139768036171,True,APT/USDT,2024-02-15 20:00:00,2024,2,5,8,-0.007925945905980792,95.19999999999999
1708027200000,SHORT,-8.192870100165624,1.0119936903086186,7.842870100165624,True,STX/USDT,2024-02-15 20:00:00,2024,3,5,8,0.11479806271591274,90.4
1708027200000,SHORT,-6.436968144352851,10.685372377743708,6.086968144352851,False,CKB/USDT,2024-02-15 20:00:00,2024,4,6,9,0.19771355657303896,1.7999999999999998
1708027200000,SHORT,-3.378471662637652,2.01930867744716,5.869977168949755,False,LQTY/USDT,2024-02-15 20:00:00,2024,5,7,10,-0.18003398573239912,9.6
1708027200000,SHORT,8.825480345496201,-0.5121215401032675,9.1754803454962,False,API3/USDT,2024-02-15 20:00:00,2024,6,8,11,0.19830123903830263,97.8
1708041600000,SHORT,-9.558295331161755,3.4557318948243485,9.208295331161755,False,SKL/USDT,2024-02-16 00:00:00,2024,7,9,12,-0.19912513253903044,17.8
1708056000000,SHORT,-9.52134587554268,-0.726299250062823,9.17134587554268,True,AR/USDT,2024-02-16 04:00:00,2024,2,8,13,0.16944968506288152,90.60000000000001
1708056000000,SHORT,-10.397622077302358,0.5030120875813707,10.04762207730236,False,ARPA/USDT,2024-02-16 04:00:00,2024,3,8,13,-0.008862561865344587,97.0
1708056000000,SHORT,-4.994953982862572,1.0114584734994814,4.644953982862572,True,STX/USDT,2024-02-16 04:00:00,2024,4,8,13,0.10889256751885298,96.39999999999999
1708056000000,SHORT,6.878289079656607,-2.4404512504918774,7.228289079656607,True,APT/USDT,2024-02-16 04:00:00,2024,5,8,13,0.02361480314718076,98.8
1708056000000,SHORT,-8.309033662624646,-2.062924677558837,7.959033662624646,True,TRB/USDT,2024-02-16 04:00:00,2024,6,9,14,-0.08823279368104842,76.4
1708056000000,SHORT,0.2835797254487862,2.922779935449133,6.125237592397032,True,FLOW/USDT,2024-02-16 04:00:00,2024,7,10,15,-0.061873103988065795,90.0
1708070400000,SHORT,5.590208040043795,2.2071202635246747,5.940208040043794,True,SUSHI/USDT,2024-02-16 08:00:00,2024,7,11,13,-0.06968250214486882,85.8
1708084800000,SHORT,6.640806376721855,-2.7649184196398786,6.990806376721855,False,GAS/USDT,2024-02-16 12:00:00,2024,2,9,14,-0.1254952568238566,85.8
1708084800000,SHORT,-4.374345125573856,2.4748988716941884,4.0243451255738565,True,UNI/USDT,2024-02-16 12:00:00,2024,3,10,15,0.016047004229722765,90.60000000000001
1708084800000,SHORT,3.828619032858025,0.6467864210815458,4.178619032858025,True,NEO/USDT,2024-02-16 12:00:00,2024,4,11,16,-0.3631299573696277,24.4
1708084800000,SHORT,-5.562093023255804,1.0127001549334531,5.212093023255804,False,HFT/USDT,2024-02-16 12:00:00,2024,5,12,17,-0.07980079204804977,99.8
1708084800000,SHORT,8.443911944385928,,8.793911944385927,True,VET/USDT,2024-02-16 12:00:00,2024,6,13,18,-0.14479815342878363,81.6
1708084800000,SHORT,6.452061855670099,2.203266797316561,6.8020618556700985,True,RUNE/USDT,2024-02-16 12:00:00,2024,7,14,19,0.006969426248723703,97.0
1708084800000,SHORT,-8.11771428571427,-0.7334034349701182,7.76771428571427,True,AR/USDT,2024-02-16 12:00:00,2024,8,14,19,0.1843538343486822,91.8
1708084800000,SHORT,-5.174943389653357,-0.9243915981592548,4.824943389653358,True,FIL/USDT,2024-02-16 12:00:00,2024,9,15,20,-0.10784500882438267,86.0
1708084800000,SHORT,-4.986278195488709,-0.5746638175461892,4.63627819548871,True,CRV/USDT,2024-02-16 12:00:00,2024,10,16,21,0.15408833744806377,98.8
1708099200000,SHORT,-7.785651478816951,-1.3710933591322867,7.435651478816951,False,YGG/USDT,2024-02-16 16:00:00,2024,10,16,20,-0.03987687527005409,86.2
1708099200000,SHORT,3.857792207792214,2.209285710402192,4.207792207792214,True,SUSHI/USDT,2024-02-16 16:00:00,2024,11,16,20,-0.07347671736289442,88.4
1708099200000,SHORT,4.613707729468594,,4.963707729468593,False,QTUM/USDT,2024-02-16 16:00:00,2024,12,17,21,-0.3965084333623262,10.4
1708099200000,SHORT,-9.03697738176833,-0.6676986516038083,8.68697738176833,False,NMR/USDT,2024-02-16 16:00:00,2024,13,18,22,0.02067495241112989,83.6
1708099200000,SHORT,1.629833664532268,0.4016051078055446,8.38335173327443,False,AGLD/USDT,2024-02-16 16:00:00,2024,14,19,23,-0.10643589977391339,13.8
1708099200000,SHORT,-12.242913033758104,0.0931129899015719,11.892913033758104,False,CHR/USDT,2024-02-16 16:00:00,2024,15,20,24,-0.17666601390422418,99.2
1708099200000,SHORT,-6.371544176174036,1.9028391633832016,6.021544176174037,False,SLP/USDT,2024-02-16 16:00:00,2024,16,21,25,-0.11949767138237868,93.2
1708099200000,SHORT,-7.599786142001696,3.0117946220564016,7.249786142001696,False,STEEM/USDT,2024-02-16 16:00:00,2024,17,22,26,-0.08499802771093366,93.0
1708113600000,SHORT,-12.075591677503247,2.538733509416252,11.725591677503248,True,ARKM/USDT,2024-02-16 20:00:00,2024,9,18,27,0.09899570469336444,78.2
1708113600000,SHORT,-4.811180926149064,-2.2532488575540066,4.461180926149064,True,AR/USDT,2024-02-16 20:00:00,2024,10,18,27,0.15421794864480165,88.8
1708113600000,SHORT,11.193131749460036,,11.543131749460036,True,VET/USDT,2024-02-16 20:00:00,2024,11,18,27,-0.1315846713801858,33.800000000000004
1708128000000,SHORT,-10.426909782232965,1.2221743386573607,10.076909782232963,False,RLC/USDT,2024-02-17 00:00:00,2024,4,19,25,-0.0003776080470946868,84.0
1708128000000,SHORT,-9.159457579972155,-0.669637240791663,8.809457579972158,False,NMR/USDT,2024-02-17 00:00:00,2024,5,19,25,0.027351869693205997,89.0
1708156800000,SHORT,-6.097190230341533,0.167842547736975,5.747190230341533,False,STRAX/USDT,2024-02-17 08:00:00,2024,1,6,20,0.007478497320739552,85.6
1708156800000,SHORT,-7.495267397628081,,7.145267397628081,True,VET/USDT,2024-02-17 08:00:00,2024,2,6,20,-0.13367180265217093,81.8
1708156800000,SHORT,-10.859832272990143,1.2217436950952103,10.509832272990144,False,RLC/USDT,2024-02-17 08:00:00,2024,3,6,20,0.0009662914862459869,12.0
1708156800000,SHORT,-7.268123869411645,-0.303348070046225,6.918123869411645,True,AR/USDT,2024-02-17 08:00:00,2024,4,6,20,0.14983883595205932,83.8
1708171200000,SHORT,-5.536387434554957,-0.3164934339915313,5.186387434554957,True,CHZ/USDT,2024-02-17 12:00:00,2024,5,6,21,-0.10241539201985206,19.0
1708171200000,SHORT,-7.860649971862687,1.5641304976578665,7.510649971862687,False,STORJ/USDT,2024-02-17 12:00:00,2024,6,7,22,0.17467594541256307,19.400000000000002
1708171200000,SHORT,-7.17425553152553,-0.4112196796283768,6.82425553152553,True,FIL/USDT,2024-02-17 12:00:00,2024,7,8,22,-0.1502726320891071,91.4
1708214400000,SHORT,-10.1254391645754,2.438250784639307,9.7754391645754,True,AR/USDT,2024-02-18 00:00:00,2024,1,4,8,0.01168568580848593,84.39999999999999
1708228800000,SHORT,-8.535118084762201,-0.3667428569766082,8.185118084762202,False,NMR/USDT,2024-02-18 04:00:00,2024,2,2,8,0.06296875337032884,93.8
1708243200000,SHORT,-6.215534115040153,2.780209206463072,5.865534115040154,True,GRT/USDT,2024-02-18 08:00:00,2024,2,3,9,0.18222071100514223,21.6
1708286400000,SHORT,-6.902783505154627,1.0747965845094571,6.552783505154627,True,FET/USDT,2024-02-18 20:00:00,2024,1,2,4,-0.014963308202767827,97.8
1708286400000,SHORT,-5.0346016593808445,,4.684601659380845,False,ZEN/USDT,2024-02-18 20:00:00,2024,2,3,5,0.21771410827560955,91.60000000000001
1708300800000,SHORT,-8.300122694073137,2.792900508524335,7.950122694073136,False,RLC/USDT,2024-02-19 00:00:00,2024,3,3,6,-0.029396526669729275,93.60000000000001
1708315200000,SHORT,9.742253201344107,,10.092253201344109,False,ZEN/USDT,2024-02-19 04:00:00,2024,2,3,5,0.19552364245664908,99.4
1708344000000,SHORT,7.621893838565711,,7.971893838565711,True,GRT/USDT,2024-02-19 12:00:00,2024,1,3,4,0.005508336071739414,21.2
1708344000000,SHORT,-7.149687954435272,2.778047665322885,6.799687954435273,False,RLC/USDT,2024-02-19 12:00:00,2024,2,3,4,-0.09015339071460739,98.8
1708358400000,SHORT,-6.855157879697091,0.5193192678615076,6.505157879697092,False,ARPA/USDT,2024-02-19 16:00:00,2024,3,4,5,-0.051391488455613143,9.0
1708358400000,SHORT,10.397916666666651,0.0195507670824824,10.74791666666665,False,CYBER/USDT,2024-02-19 16:00:00,2024,4,5,6,-0.14029557994619615,81.39999999999999
1708358400000,SHORT,3.3855469908093627,2.032497346098236,9.964245478802251,False,NMR/USDT,2024-02-19 16:00:00,2024,5,6,7,0.05516012356374369,72.0
1708372800000,SHORT,-10.542591535513322,,10.192591535513325,True,GRT/USDT,2024-02-19 20:00:00,2024,4,5,7,0.02793849204710561,83.6
1708387200000,SHORT,-9.243708807669256,2.026619069868056,8.893708807669256,False,NMR/USDT,2024-02-20 00:00:00,2024,2,5,6,0.06647403272326795,98.0
1708387200000,SHORT,5.846727676095375,-1.3615235182482597,6.1967276760953744,False,YGG/USDT,2024-02-20 00:00:00,2024,3,6,7,-0.014931048286229978,81.0
1708387200000,SHORT,0.7363350485991887,2.935017095492666,9.614800294045583,True,THETA/USDT,2024-02-20 00:00:00,2024,4,7,8,-0.060352524997764376,77.60000000000001
1708387200000,SHORT,3.8743288241415166,2.0276576481304045,4.224328824141517,False,GMX/USDT,2024-02-20 00:00:00,2024,5,8,9,0.0704034240801314,96.0
1708387200000,SHORT,-5.863879957127551,0.5861449540833537,5.513879957127552,False,ONE/USDT,2024-02-20 00:00:00,2024,6,9,10,0.0021560702139264264,82.8
1708387200000,SHORT,-6.208057956278579,1.875265800342776,5.85805795627858,True,MASK/USDT,2024-02-20 00:00:00,2024,7,10,11,-0.14580408048674304,94.19999999999999
1708387200000,SHORT,0.2150396729983189,0.2056605241547229,8.324723491223835,False,TLM/USDT,2024-02-20 00:00:00,2024,8,11,12,-0.01706326349589059,94.19999999999999
1708401600000,SHORT,-10.368486144690335,,10.018486144690335,True,HBAR/USDT,2024-02-20 04:00:00,2024,8,11,13,-0.1572461045310444,22.0
1708401600000,SHORT,9.306541932059432,1.4399347775015152,9.656541932059431,False,STORJ/USDT,2024-02-20 04:00:00,2024,9,12,14,-0.024609380886995144,93.8
1708416000000,SHORT,4.337096774193543,-1.340468427276678,4.687096774193543,False,YGG/USDT,2024-02-20 08:00:00,2024,3,10,13,-0.08860710297233802,80.2
1708416000000,SHORT,8.632783823290563,2.873638070269437,8.982783823290562,True,THETA/USDT,2024-02-20 08:00:00,2024,4,10,13,-0.015396403736686557,95.19999999999999
1708430400000,SHORT,-0.2295318953648467,0.9308239820129928,10.17349701698025,True,APE/USDT,2024-02-20 12:00:00,2024,3,10,14,-0.13696278894332675,93.8
1708430400000,SHORT,-11.52602145294976,,11.176021452949762,True,HBAR/USDT,2024-02-20 12:00:00,2024,4,10,14,-0.2091984084420517,21.8
1708430400000,SHORT,3.9863764044943815,1.1213298909718683,11.675316011235957,False,KAS/USDT,2024-02-20 12:00:00,2024,5,11,15,0.05183552742014065,96.8
1708430400000,SHORT,3.729566434399381,1.4237139719664322,9.140688464058108,False,MTL/USDT,2024-02-20 12:00:00,2024,6,12,16,-0.11695091055992952,92.4
1708430400000,SHORT,-8.512319333446694,-0.3612094830417868,8.162319333446694,True,CHZ/USDT,2024-02-20 12:00:00,2024,7,13,17,-0.1411278023021945,81.6
1708430400000,SHORT,-9.44156037991857,2.4443562754048864,9.09156037991857,True,FIL/USDT,2024-02-20 12:00:00,2024,8,14,18,-0.021197351382410832,92.80000000000001
1708444800000,SHORT,-6.095959811885422,7.031892112037605,5.745959811885422,True,FET/USDT,2024-02-20 16:00:00,2024,7,10,18,-0.0948297858086689,93.0
1708444800000,SHORT,-5.880564703992287,,11.781042654028417,False,ACH/USDT,2024-02-20 16:00:00,2024,8,11,19,-0.02009080208891788,78.60000000000001
1708459200000,SHORT,3.836186341842674,,4.1861863418426735,True,FIL/USDT,2024-02-20 20:00:00,2024,3,10,17,-0.10323595525159887,91.60000000000001
1708473600000,SHORT,-10.52477234676792,,10.17477234676792,False,ACH/USDT,2024-02-21 00:00:00,2024,2,8,16,-0.06343663280045644,75.8
1708488000000,SHORT,-8.324318030605454,2.1916183309827257,7.974318030605454,False,ANKR/USDT,2024-02-21 04:00:00,2024,2,4,12,-0.24716941817818627,9.4
1708488000000,SHORT,-9.534451702296124,8.973970456821377,9.184451702296125,True,FET/USDT,2024-02-21 04:00:00,2024,3,4,12,-0.08809119137035186,87.2
1708488000000,SHORT,3.686793935471928,,4.036793935471928,True,HBAR/USDT,2024-02-21 04:00:00,2024,4,5,12,-0.22949081667205187,21.4
1708488000000,SHORT,-9.634390721073215,,9.284390721073216,True,FIL/USDT,2024-02-21 04:00:00,2024,5,5,12,-0.11677022211447147,75.8
1708502400000,SHORT,-11.840495867768588,,11.490495867768589,True,MASK/USDT,2024-02-21 08:00:00,2024,5,6,12,-0.1163807849313289,90.4
1708502400000,SHORT,-8.133566932438077,-0.3508457984266193,7.7835669324380765,True,CHZ/USDT,2024-02-21 08:00:00,2024,6,7,12,-0.2293302488864961,79.4
1708516800000,SHORT,-10.913209059931848,7.675243700954922,10.563209059931848,True,FET/USDT,2024-02-21 12:00:00,2024,3,7,10,-0.062150347471510936,88.0
1708516800000,SHORT,-11.073774993912158,2.5347590222819387,10.723774993912158,False,RLC/USDT,2024-02-21 12:00:00,2024,4,8,11,-0.09854543488422082,81.2
1708776000000,SHORT,0.0523956578701145,2.680838990350199,7.092416869424155,False,CAKE/USDT,2024-02-24 12:00:00,2024,1,1,1,0.07016453985718414,77.60000000000001
1708776000000,SHORT,-3.034563758389264,1.081812745737603,9.724161073825504,True,CRV/USDT,2024-02-24 12:00:00,2024,2,2,2,-0.03936268574609907,12.2
1708790400000,SHORT,8.978632031613186,,9.328632031613186,True,SUSHI/USDT,2024-02-24 16:00:00,2024,3,3,3,0.005688941078763483,15.6
1708804800000,SHORT,6.052054794520536,3.472532889086257,6.402054794520535,False,CAKE/USDT,2024-02-24 20:00:00,2024,2,3,3,0.056017228403726055,71.0
1708819200000,SHORT,9.32493642622339,,9.67493642622339,True,SUSHI/USDT,2024-02-25 00:00:00,2024,2,3,3,-0.07882585781149952,91.2
1708977600000,SHORT,-11.494731064763984,,11.144731064763985,False,ALICE/USDT,2024-02-26 20:00:00,2024,1,1,1,0.10139432189936333,89.2
1708992000000,SHORT,11.069021891383493,4.509657830651859,11.419021891383492,False,COTI/USDT,2024-02-27 00:00:00,2024,2,2,2,0.18240121603132023,0.4
1708992000000,SHORT,6.751921446736352,1.944788293502749,7.101921446736352,False,RSR/USDT,2024-02-27 00:00:00,2024,3,3,3,0.10460644021543901,90.8
1709020800000,SHORT,7.268881317433264,1.909209817888763,7.618881317433264,False,RSR/USDT,2024-02-27 08:00:00,2024,1,3,3,0.0906160279402522,99.2
1709035200000,SHORT,-6.215578281206988,-0.3010399591269185,5.8655782812069885,True,ATOM/USDT,2024-02-27 12:00:00,2024,2,3,4,-0.060845089945707795,94.6
1709035200000,SHORT,7.42626520204001,1.3184626862095528,7.77626520204001,False,RVN/USDT,2024-02-27 12:00:00,2024,3,4,5,-0.03913719132595728,99.8
1709035200000,SHORT,-5.081637801718249,0.6935371404836678,4.731637801718249,True,LTC/USDT,2024-02-27 12:00:00,2024,4,5,6,-0.010161025124870288,99.8
1709035200000,SHORT,-6.463713255009008,2.125363168505218,6.113713255009008,False,TLM/USDT,2024-02-27 12:00:00,2024,5,6,7,-0.12407223126983745,99.4
1709035200000,SHORT,5.325096322241666,2.105257986649863,5.675096322241665,True,ZEC/USDT,2024-02-27 12:00:00,2024,6,7,8,-0.09078289629294939,99.4
1709049600000,SHORT,-5.867598229109014,,5.517598229109014,False,ALICE/USDT,2024-02-27 16:00:00,2024,6,7,8,0.11744075445618739,99.8
1709064000000,SHORT,9.013417963417949,2.093993876826844,9.363417963417948,True,PYTH/USDT,2024-02-27 20:00:00,2024,2,8,9,0.10505970320449415,58.4
1709064000000,SHORT,-7.928927974342349,0.1602773413054969,7.578927974342349,True,BCH/USDT,2024-02-27 20:00:00,2024,3,9,10,-0.04677282110977501,98.6
1709078400000,SHORT,5.71899411449973,2.027329728143392,6.06899411449973,False,WAVES/USDT,2024-02-28 00:00:00,2024,3,9,11,-0.19948166549902038,86.6
1709078400000,SHORT,-5.967639872953806,2.0765885182865214,5.617639872953807,False,ENJ/USDT,2024-02-28 00:00:00,2024,4,10,12,-0.05606362233040175,43.8
1709078400000,SHORT,-7.128150105708218,-0.9352650155921304,6.778150105708218,True,DOGE/USDT,2024-02-28 00:00:00,2024,5,11,13,0.018651037199466845,97.0
1709078400000,SHORT,-7.79197845949668,,7.44197845949668,True,THETA/USDT,2024-02-28 00:00:00,2024,6,12,14,-0.0046549945674450545,96.6
1709078400000,SHORT,-8.085315985130089,-0.4622917048151481,7.735315985130089,False,SKL/USDT,2024-02-28 00:00:00,2024,7,13,15,-0.18849553819609313,94.6
1709092800000,SHORT,10.589046887009967,,10.939046887009969,True,GALA/USDT,2024-02-28 04:00:00,2024,6,9,15,-0.24627930187176408,96.8
1709107200000,SHORT,-6.747489539748938,2.143816839788382,6.397489539748938,False,ENJ/USDT,2024-02-28 08:00:00,2024,2,8,15,-0.06576083328421424,43.6
1709107200000,SHORT,-7.135250584263812,,6.785250584263812,True,THETA/USDT,2024-02-28 08:00:00,2024,3,8,15,-0.03067046816730446,99.0
1709107200000,SHORT,3.8825947346678142,1.991334985103384,4.232594734667814,False,WAVES/USDT,2024-02-28 08:00:00,2024,4,8,15,-0.21419962936249662,79.2
1709121600000,SHORT,5.101436562420531,,5.451436562420531,True,GALA/USDT,2024-02-28 12:00:00,2024,4,6,14,-0.22822720313752382,95.19999999999999
1709121600000,SHORT,11.372620904836175,6.133019204601713,11.722620904836177,False,ALICE/USDT,2024-02-28 12:00:00,2024,5,7,14,0.07338615092368961,88.2
1709121600000,SHORT,7.433091775134356,-0.391780529239871,7.783091775134356,True,INJ/USDT,2024-02-28 12:00:00,2024,6,8,15,-0.11340536539597319,92.2
1709136000000,SHORT,9.034348119413036,2.440791593788461,9.384348119413035,True,RUNE/USDT,2024-02-28 16:00:00,2024,4,7,11,-0.012957814966504135,98.0
1709136000000,SHORT,-9.448113913629202,2.2500743460752863,9.098113913629202,False,ROSE/USDT,2024-02-28 16:00:00,2024,5,8,12,-0.32261754531742576,91.4
1709150400000,SHORT,-6.103978779840842,,5.753978779840843,True,GALA/USDT,2024-02-28 20:00:00,2024,3,8,12,-0.25282374773046035,97.2
1709164800000,SHORT,4.552079995069633,2.148112133172578,4.9020799950696325,True,1000PEPE/USDT,2024-02-29 00:00:00,2024,2,6,11,-0.08773286207492342,99.0
1709193600000,SHORT,-4.100735850643341,,11.155781683626262,True,APT/USDT,2024-02-29 08:00:00,2024,1,3,10,-0.17865820034762322,98.6
1709208000000,SHORT,9.174934078683672,4.3586738677372034,9.524934078683671,True,COMP/USDT,2024-02-29 12:00:00,2024,2,3,8,-0.21282293062951818,99.4
1709208000000,SHORT,10.418082777833048,7.867958311648697,10.768082777833047,True,1000PEPE/USDT,2024-02-29 12:00:00,2024,3,3,8,-0.06888913986146881,99.0
1709222400000,SHORT,-6.551780325890151,1.925895857786091,6.201780325890152,True,ETC/USDT,2024-02-29 16:00:00,2024,3,4,7,-0.14153997554339834,99.8
1709222400000,SHORT,5.798929384965821,0.136675359119949,6.148929384965821,True,ALGO/USDT,2024-02-29 16:00:00,2024,4,5,8,-0.15118546789231266,98.4
1709236800000,SHORT,-7.070002500312529,0.8103206191256308,6.720002500312529,True,LTC/USDT,2024-02-29 20:00:00,2024,3,6,7,0.08522882092716767,99.6
1709236800000,SHORT,-4.577549331490286,7.021968422968216,4.227549331490287,True,BTC/USDT,2024-02-29 20:00:00,2024,4,7,8,-0.07314188470181607,99.0
1709236800000,SHORT,7.4955987717502355,,7.845598771750235,True,APT/USDT,2024-02-29 20:00:00,2024,5,7,8,-0.16667091667652148,97.39999999999999
1709236800000,SHORT,-6.285809042370198,2.745716496885791,5.935809042370199,True,ETH/USDT,2024-02-29 20:00:00,2024,6,8,9,-0.055022811708978964,99.8
1709236800000,SHORT,-11.551276245368454,-0.3610286414259839,11.201276245368454,False,SKL/USDT,2024-02-29 20:00:00,2024,7,9,10,-0.1682437469986852,99.4
1709236800000,SHORT,-11.192337917485249,0.3914603656965438,10.842337917485247,True,NEO/USDT,2024-02-29 20:00:00,2024,8,10,11,-0.2999927526875536,98.0
1709236800000,SHORT,-10.58348979112883,3.691559375195879,10.23348979112883,False,ENJ/USDT,2024-02-29 20:00:00,2024,9,11,12,-0.09169914973715163,99.6
1709236800000,SHORT,-9.836684391540835,-0.1960299797622604,9.486684391540836,True,AVAX/USDT,2024-02-29 20:00:00,2024,10,12,13,-0.09002052935824281,99.8
1709236800000,SHORT,-9.112908147696062,2.367087485618955,8.762908147696063,True,ADA/USDT,2024-02-29 20:00:00,2024,11,13,14,0.010794431991619181,99.6
1709236800000,SHORT,-6.408064516129024,,6.058064516129024,False,QTUM/USDT,2024-02-29 20:00:00,2024,12,14,15,-0.37051216156633543,99.8
1709236800000,SHORT,-8.099323176694623,0.9911285205114628,7.749323176694624,False,HIGH/USDT,2024-02-29 20:00:00,2024,13,15,16,-0.1879801371249605,99.6
1709236800000,SHORT,-7.880078954273289,2.264835860895356,7.530078954273289,True,SOL/USDT,2024-02-29 20:00:00,2024,14,16,17,0.019997613928404594,98.8
1709265600000,SHORT,-8.205517679299499,2.04029061969244,7.855517679299499,False,ROSE/USDT,2024-03-01 04:00:00,2024,1,15,17,-0.35377357931063474,97.0
1709265600000,SHORT,8.150516565728514,0.946845038305141,8.500516565728514,True,AR/USDT,2024-03-01 04:00:00,2024,2,16,18,0.1000649534090467,99.0
1709280000000,SHORT,-12.213292598570444,,11.863292598570444,True,PEOPLE/USDT,2024-03-01 08:00:00,2024,3,15,19,0.24904249778874993,97.6
1709280000000,SHORT,7.476876090750435,0.6664730368286264,7.826876090750434,False,RSR/USDT,2024-03-01 08:00:00,2024,4,16,20,0.09407586371559246,98.6
1709280000000,SHORT,-6.087007485399351,,5.737007485399351,True,DOGE/USDT,2024-03-01 08:00:00,2024,5,17,21,0.21800709304818355,99.4
1709280000000,SHORT,-8.93230151020046,,8.58230151020046,True,1000BONK/USDT,2024-03-01 08:00:00,2024,6,18,22,-0.030689183459682003,90.8
1709323200000,SHORT,-5.479982387838327,2.164754036207827,5.129982387838328,True,SOL/USDT,2024-03-01 20:00:00,2024,1,5,18,-0.08638872735539371,98.0
1709352000000,SHORT,-10.487329146656805,0.6755125470266498,10.137329146656803,True,FET/USDT,2024-03-02 04:00:00,2024,1,2,8,-0.2554679021777992,99.6
1709366400000,SHORT,-6.453843937772668,,6.103843937772668,False,QNT/USDT,2024-03-02 08:00:00,2024,2,3,7,-0.17976793320213666,99.4
1709366400000,SHORT,8.400117549028359,1.015278282992688,8.750117549028358,True,PENDLE/USDT,2024-03-02 08:00:00,2024,3,4,8,-0.06984404229513425,99.8
1709380800000,SHORT,-10.393707427830009,,10.04370742783001,True,UNI/USDT,2024-03-02 12:00:00,2024,3,4,5,-0.06127862072620624,99.4
1709380800000,SHORT,9.996027019174887,,10.346027019174889,True,DOGE/USDT,2024-03-02 12:00:00,2024,4,5,6,0.22465491750842662,99.8
1709395200000,SHORT,11.624743777452418,,11.974743777452415,True,MEME/USDT,2024-03-02 16:00:00,2024,3,6,7,-0.08817656049112732,99.8
1709409600000,SHORT,6.496058091286287,,6.846058091286286,True,DOGE/USDT,2024-03-02 20:00:00,2024,2,5,7,0.2239406426415133,99.2
1709424000000,SHORT,9.547982770997825,1.7479503715573743,9.897982770997825,True,1000PEPE/USDT,2024-03-03 00:00:00,2024,2,4,7,-0.0017148633303460598,96.6
1709438400000,SHORT,-9.999999999999991,2.94775302422213,9.649999999999991,False,ONT/USDT,2024-03-03 04:00:00,2024,2,4,8,-0.22503244782180806,99.6
1709438400000,SHORT,-10.099963552423771,,9.749963552423772,True,ETC/USDT,2024-03-03 04:00:00,2024,3,5,9,-0.18159049544672712,97.2
1709438400000,SHORT,7.038259200722501,7.718337458452306,7.3882592007225,True,LTC/USDT,2024-03-03 04:00:00,2024,4,6,10,-0.021987338007189126,99.0
1709438400000,SHORT,-6.26602239689889,3.272075460458688,5.9160223968988905,False,KAVA/USDT,2024-03-03 04:00:00,2024,5,7,11,-0.08090484070803253,99.4
1709438400000,SHORT,-8.174830699774251,3.959636473189714,7.824830699774251,False,KNC/USDT,2024-03-03 04:00:00,2024,6,8,12,-0.16454088836981087,99.8
1709438400000,SHORT,-7.096661101836395,2.071846073756669,6.746661101836396,True,XLM/USDT,2024-03-03 04:00:00,2024,7,9,13,-0.05872793852433869,99.0
1709438400000,SHORT,-9.267449069973411,2.7664336146806114,8.917449069973413,True,FLOW/USDT,2024-03-03 04:00:00,2024,8,10,14,-0.276705418281738,98.8
1709438400000,SHORT,-9.364696382428932,-0.2605632316369877,9.014696382428934,False,IOTA/USDT,2024-03-03 04:00:00,2024,9,11,15,-0.23980090334067192,99.2
1709438400000,SHORT,9.782388274867852,0.987961575646438,10.132388274867852,False,HIGH/USDT,2024-03-03 04:00:00,2024,10,12,16,-0.17433110967767887,99.0
1709438400000,SHORT,10.826419524690468,0.7434902570569674,11.176419524690466,False,GAS/USDT,2024-03-03 04:00:00,2024,11,13,17,-0.14628598801515036,95.39999999999999
1709438400000,SHORT,11.035778402298606,,11.385778402298603,True,BCH/USDT,2024-03-03 04:00:00,2024,12,14,18,-0.08633788596732436,99.4
1709438400000,SHORT,-8.472236909303923,2.484517996496295,8.122236909303924,False,DUSK/USDT,2024-03-03 04:00:00,2024,13,15,19,-0.13234344559263173,99.8
1709438400000,SHORT,-10.30290151205556,4.160193000111555,9.95290151205556,False,ENJ/USDT,2024-03-03 04:00:00,2024,14,16,20,-0.08656275645362127,99.6
1709438400000,SHORT,-10.29007967397775,-0.8529426177909595,9.94007967397775,True,APE/USDT,2024-03-03 04:00:00,2024,15,17,21,-0.17701185425295896,99.2
1709438400000,SHORT,-10.705687425822966,0.4904733410735277,10.355687425822966,True,NEO/USDT,2024-03-03 04:00:00,2024,16,18,22,-0.288818764108812,99.8
1709438400000,SHORT,-10.712993421052635,,10.362993421052638,False,BAT/USDT,2024-03-03 04:00:00,2024,17,19,23,-0.1772793060006209,9.2
1709438400000,SHORT,-11.466135135135127,2.2854530148160324,11.116135135135128,False,DASH/USDT,2024-03-03 04:00:00,2024,18,20,24,-0.11324610492221132,99.2
1709438400000,SHORT,-10.732670667666904,1.3351679973500246,10.382670667666904,False,QTUM/USDT,2024-03-03 04:00:00,2024,19,21,25,-0.3689538542397824,99.8
1709438400000,SHORT,-8.31704260651627,2.056897256138317,7.967042606516271,True,ALGO/USDT,2024-03-03 04:00:00,2024,20,22,26,-0.05568480121414639,99.8
1709452800000,SHORT,-10.084383499546682,,9.734383499546682,True,GALA/USDT,2024-03-03 08:00:00,2024,20,22,26,-0.26716433924868715,99.4
1709452800000,SHORT,11.363114754098357,,11.713114754098356,False,BSV/USDT,2024-03-03 08:00:00,2024,21,23,27,-0.17153362644585826,9.2
1709467200000,SHORT,-4.829166666666668,3.1639303987234566,4.479166666666668,True,XLM/USDT,2024-03-03 12:00:00,2024,3,22,25,-0.12149313267394267,98.8
1709467200000,SHORT,5.680765671987036,0.8942497862763543,6.030765671987036,False,HIGH/USDT,2024-03-03 12:00:00,2024,4,22,25,-0.24907061521431387,99.0
1709467200000,SHORT,-8.181914893617005,1.4359866380326227,7.831914893617005,True,ALGO/USDT,2024-03-03 12:00:00,2024,5,22,25,-0.07821475477010352,96.6
1709467200000,SHORT,11.191677852348992,,11.541677852348991,True,AXS/USDT,2024-03-03 12:00:00,2024,6,23,26,-0.18726628999330638,98.8
1709481600000,SHORT,10.07094559585492,,10.42094559585492,True,BCH/USDT,2024-03-03 16:00:00,2024,5,22,25,-0.07991397405152656,91.60000000000001
1709496000000,SHORT,-7.695373681797331,,7.345373681797331,False,BSV/USDT,2024-03-03 20:00:00,2024,2,7,24,-0.17219315948885705,97.6
1709496000000,SHORT,-8.167172107398095,4.6039331213663335,7.817172107398094,False,ENJ/USDT,2024-03-03 20:00:00,2024,3,8,24,-0.10055868363660961,92.0
1709510400000,SHORT,8.060553747360995,,8.410553747360995,True,BCH/USDT,2024-03-04 00:00:00,2024,3,7,23,-0.07504797289796497,98.4
1709510400000,SHORT,7.905272799287044,3.0510194722775417,8.255272799287043,True,FIL/USDT,2024-03-04 00:00:00,2024,4,8,24,-0.11792445221687457,98.4
1709524800000,SHORT,-6.688254905696313,4.56385603315696,6.338254905696314,False,ENJ/USDT,2024-03-04 04:00:00,2024,3,4,23,-0.08465107463202687,99.0
1709539200000,SHORT,9.493263337687123,3.022351656657389,9.843263337687125,True,FIL/USDT,2024-03-04 08:00:00,2024,2,4,9,-0.10553313702532302,99.4
1709539200000,SHORT,6.515709849797805,2.283628268636671,6.865709849797804,False,TLM/USDT,2024-03-04 08:00:00,2024,3,5,10,-0.15026244659617705,97.8
1709539200000,SHORT,10.225271306612642,,10.575271306612642,False,SLP/USDT,2024-03-04 08:00:00,2024,4,6,11,0.17996815125381888,99.0
1709553600000,SHORT,10.373405072282898,,10.723405072282898,True,MEME/USDT,2024-03-04 12:00:00,2024,4,6,11,-0.030677654772814998,95.19999999999999
1709568000000,SHORT,8.937564766839365,1.7409350766381393,9.287564766839363,False,ONT/USDT,2024-03-04 16:00:00,2024,2,6,8,-0.14064623603668094,98.6
1709568000000,SHORT,6.975985915492941,1.2736005817005258,7.32598591549294,True,JASMY/USDT,2024-03-04 16:00:00,2024,3,7,9,-0.033725633249592483,99.8
1709568000000,SHORT,7.286868390129253,,7.636868390129252,False,SLP/USDT,2024-03-04 16:00:00,2024,4,7,9,0.18563228401885884,90.0
1709582400000,SHORT,9.033229516051724,2.899133286431188,9.383229516051724,True,XLM/USDT,2024-03-04 20:00:00,2024,4,7,10,-0.04208524350571569,91.60000000000001
1709582400000,SHORT,9.367178021978004,0.1244519407272788,9.717178021978004,False,SKL/USDT,2024-03-04 20:00:00,2024,5,8,11,-0.1569539607082167,97.8
1709596800000,SHORT,7.297102972080443,2.2551376408031025,7.647102972080442,False,ONT/USDT,2024-03-05 00:00:00,2024,3,6,10,-0.132494818102491,94.0
1709596800000,SHORT,11.40949979625101,7.541932142663408,11.75949979625101,True,1000PEPE/USDT,2024-03-05 00:00:00,2024,4,7,11,-0.021587778531724843,93.8
1709596800000,SHORT,-9.283276813515409,3.955939270999877,8.933276813515409,False,WAVES/USDT,2024-03-05 00:00:00,2024,5,8,12,-0.23157766817319309,94.39999999999999
1709611200000,SHORT,10.494248168892712,1.8778528121570228,10.844248168892712,False,POLYX/USDT,2024-03-05 04:00:00,2024,4,8,12,-0.21636858302444975,80.2
1709611200000,SHORT,-4.589222303763883,4.854092740396915,4.239222303763883,True,BTC/USDT,2024-03-05 04:00:00,2024,5,9,13,0.08950090473498022,96.6
1709611200000,SHORT,8.501299763679317,5.098742977195763,8.851299763679316,False,ENJ/USDT,2024-03-05 04:00:00,2024,6,10,13,-0.044319967816241215,98.6
1709640000000,SHORT,6.778163719894174,4.0126723768220485,7.128163719894173,True,XLM/USDT,2024-03-05 12:00:00,2024,1,7,11,-0.08668735805186692,99.8
1709640000000,SHORT,3.714478099618028,4.71568125099467,4.064478099618028,True,BTC/USDT,2024-03-05 12:00:00,2024,2,7,11,0.07965728253148155,99.8
1709640000000,SHORT,9.080570652173906,1.6857317755701706,9.430570652173904,True,CRV/USDT,2024-03-05 12:00:00,2024,3,8,12,-0.06917459179520302,99.4
1709697600000,LONG,-1.6340975043528685,-0.2917284140158503,4.712144515380149,True,TRX/USDT,2024-03-06 04:00:00,2024,1,1,6,-0.13078091621604837,0.2
1709712000000,LONG,8.840929878048776,-1.2359372281715424,9.190929878048776,False,BLUR/USDT,2024-03-06 08:00:00,2024,2,2,5,-0.05426653200074695,20.0
1709712000000,LONG,8.056025588113913,1.1400492853901087,8.406025588113913,True,SEI/USDT,2024-03-06 08:00:00,2024,3,3,6,-0.1741724339687558,11.799999999999999
1709712000000,LONG,10.740055928084086,2.6660036170372177,11.090055928084086,False,RLC/USDT,2024-03-06 08:00:00,2024,4,4,7,-0.20045561623415684,8.6
1709712000000,LONG,10.61064459676244,-0.818017691984013,10.96064459676244,False,API3/USDT,2024-03-06 08:00:00,2024,5,5,8,-0.28990749175459396,8.6
1709726400000,LONG,4.015462648839222,0.9005187974407953,4.365462648839221,False,KAS/USDT,2024-03-06 12:00:00,2024,5,6,9,-0.24545582358507664,61.199999999999996
1709740800000,LONG,5.981001890359171,1.136878925685106,6.331001890359171,True,SEI/USDT,2024-03-06 16:00:00,2024,2,6,6,-0.17028161199955805,71.0
1709784000000,SHORT,7.562292891501862,,7.912292891501861,True,UNI/USDT,2024-03-07 04:00:00,2024,1,2,7,-0.06376777726076058,79.0
1709784000000,SHORT,11.632169675667036,,11.982169675667034,False,RSR/USDT,2024-03-07 04:00:00,2024,2,3,8,-0.08617953154148324,96.39999999999999
1709841600000,SHORT,4.912368815592205,1.6037317277642162,5.262368815592205,False,RSR/USDT,2024-03-07 20:00:00,2024,1,1,2,-0.05409748687879306,96.6
1710028800000,SHORT,6.032021276595743,4.02232013167501,6.382021276595743,False,LPT/USDT,2024-03-10 00:00:00,2024,1,1,1,-0.016758138548048942,97.2
1710072000000,SHORT,-8.34305354558611,5.90093186566806,7.993053545586111,True,RUNE/USDT,2024-03-10 12:00:00,2024,1,2,2,0.019621799131179424,99.6
1710086400000,SHORT,3.5247725126125924,4.142270080704593,11.238289294846693,True,GRT/USDT,2024-03-10 16:00:00,2024,2,2,3,-0.13151834833137654,98.2
1710086400000,SHORT,5.724374388368515,1.140334711810506,11.47560464140918,False,ILV/USDT,2024-03-10 16:00:00,2024,3,3,4,-0.20008907127516232,81.0
1710100800000,SHORT,3.8173931265716576,4.314763032613015,4.167393126571658,False,NMR/USDT,2024-03-10 20:00:00,2024,3,4,5,-0.1245835126704598,87.8
1710100800000,SHORT,10.73444854637747,1.1512819657551934,11.08444854637747,False,YGG/USDT,2024-03-10 20:00:00,2024,4,5,6,0.01042381274874399,94.0
1710144000000,SHORT,8.709274661508688,1.1505421328490666,9.059274661508688,False,YGG/USDT,2024-03-11 08:00:00,2024,1,2,5,0.006225829568383896,80.0
1710144000000,SHORT,9.581019494204414,1.5646163573511518,9.931019494204412,True,GALA/USDT,2024-03-11 08:00:00,2024,2,3,6,-0.0965166276074396,96.0
1710172800000,SHORT,9.90113525929853,1.9245039916487616,10.251135259298527,False,EDU/USDT,2024-03-11 16:00:00,2024,1,3,6,-0.12909496211807747,90.60000000000001
1710187200000,SHORT,-10.11169831065928,2.982757720813692,9.76169831065928,True,NEAR/USDT,2024-03-11 20:00:00,2024,2,4,5,-0.08592090699693795,98.2
1710187200000,SHORT,-9.074504259971333,3.760726934289757,8.724504259971333,False,ID/USDT,2024-03-11 20:00:00,2024,3,5,6,0.017744257611384467,98.8
1710230400000,SHORT,11.152522035643049,2.0887293639347653,11.502522035643048,False,MINA/USDT,2024-03-12 08:00:00,2024,1,3,6,-0.20919980100129174,98.0
1710302400000,SHORT,-7.137101677634613,2.597728096387237,6.787101677634613,True,AVAX/USDT,2024-03-13 04:00:00,2024,1,1,2,-0.110140389286664,97.6
1710331200000,SHORT,6.874251818290189,1.564826964609363,7.224251818290188,False,STG/USDT,2024-03-13 12:00:00,2024,1,2,2,-0.06581222557162517,10.4
1710331200000,SHORT,8.597633947913145,2.820666002028311,8.947633947913145,False,DUSK/USDT,2024-03-13 12:00:00,2024,2,3,3,-0.23919623923557068,95.19999999999999
1710345600000,SHORT,-5.687094761504545,0.9961760557793824,5.337094761504545,False,ACH/USDT,2024-03-13 16:00:00,2024,3,4,4,-0.15173722431111872,91.4
1710345600000,SHORT,6.260939002243351,,6.610939002243351,False,ARPA/USDT,2024-03-13 16:00:00,2024,4,5,5,-0.25210897398604276,97.0
1710345600000,SHORT,8.63874598070739,6.917860788278719,8.988745980707389,True,RUNE/USDT,2024-03-13 16:00:00,2024,5,6,6,-0.04139051875464161,98.6
1710360000000,SHORT,6.663225524268848,2.827690067017023,7.013225524268847,False,DUSK/USDT,2024-03-13 20:00:00,2024,4,5,6,-0.22905428168621925,85.2
1710360000000,SHORT,-4.470460687170248,2.9780117317588783,4.120460687170248,True,NEAR/USDT,2024-03-13 20:00:00,2024,5,6,7,-0.07841972126913459,95.19999999999999
1710374400000,SHORT,4.278182888960268,,4.628182888960268,False,ARPA/USDT,2024-03-14 00:00:00,2024,3,6,7,-0.2543318092480298,94.39999999999999
1710388800000,SHORT,9.157116564417167,1.0305094863941984,9.507116564417167,False,CAKE/USDT,2024-03-14 04:00:00,2024,2,6,8,-0.16257081430878834,93.8
1710417600000,SHORT,-6.578762949421065,0.4664838896506382,6.228762949421065,False,ZEN/USDT,2024-03-14 12:00:00,2024,1,3,8,-0.21577175112218644,95.0
1710417600000,SHORT,10.997975243523731,2.3297334277159734,11.34797524352373,False,CAKE/USDT,2024-03-14 12:00:00,2024,2,3,8,-0.1471198321616019,93.4
1710417600000,SHORT,6.487004702273595,5.735913764968563,6.837004702273594,True,BNB/USDT,2024-03-14 12:00:00,2024,3,4,9,-0.08137528585358778,95.39999999999999
1710432000000,SHORT,-8.011207665021095,2.9821552155791187,7.661207665021094,True,SOL/USDT,2024-03-14 16:00:00,2024,4,4,9,-0.3257659334871434,90.2
1710489600000,SHORT,11.200761655639315,6.040995890645613,11.550761655639317,False,ZRX/USDT,2024-03-15 08:00:00,2024,1,1,5,-0.00045149418900430975,97.0
1710489600000,SHORT,-10.649519770524345,3.2674281425465908,10.299519770524345,True,SOL/USDT,2024-03-15 08:00:00,2024,2,2,5,-0.3191813552340182,94.0
1710532800000,SHORT,9.096808510638276,0.3891687612405733,9.446808510638276,False,ACH/USDT,2024-03-15 20:00:00,2024,1,3,3,-0.13739685618126193,81.6
1710561600000,SHORT,-6.632761166482106,0.388732529870418,6.282761166482106,False,ACH/USDT,2024-03-16 04:00:00,2024,1,1,3,-0.13465765327962992,14.2
1710604800000,SHORT,-10.687067573640771,3.203633260181021,10.337067573640772,True,SOL/USDT,2024-03-16 16:00:00,2024,1,2,2,-0.32259931609840414,73.4
1710676800000,LONG,-10.127095772629556,,9.777095772629558,True,UNI/USDT,2024-03-17 12:00:00,2024,1,1,2,-0.17423775592124707,64.4
1710676800000,LONG,-11.05918808032822,1.482431752543421,10.709188080328222,True,FIL/USDT,2024-03-17 12:00:00,2024,2,2,3,-0.12792285167076017,63.0
1710676800000,LONG,-10.251964032181728,0.4894466890673909,9.901964032181729,True,VET/USDT,2024-03-17 12:00:00,2024,3,3,4,-0.20269205547396493,21.4
1710849600000,LONG,-0.7457963695919246,1.3422518757994804,10.76167371821118,False,WOO/USDT,2024-03-19 12:00:00,2024,1,1,1,0.04321944894548091,15.2
1710849600000,LONG,-1.1078072480596584,-0.8363125480964778,11.968123204791302,True,ARB/USDT,2024-03-19 12:00:00,2024,2,2,2,-0.15700563707196522,66.2
1710849600000,LONG,-2.6557216054654256,-0.3671371073377512,11.9472758326217,False,BLUR/USDT,2024-03-19 12:00:00,2024,3,3,3,-0.25023717754698765,0.8
1710864000000,LONG,-1.5107142857142963,0.5744091631123619,10.804107142857148,True,CELO/USDT,2024-03-19 16:00:00,2024,4,4,4,0.002337345130432741,65.0
1710864000000,LONG,10.649478369731534,-1.0769495498181405,10.999478369731534,True,TRB/USDT,2024-03-19 16:00:00,2024,5,5,5,-0.1774816901660847,47.199999999999996
1710864000000,LONG,7.009307359307361,1.7638971354246595,9.645837495837506,True,MANA/USDT,2024-03-19 16:00:00,2024,6,6,6,-0.14371114422820652,69.39999999999999
1710864000000,LONG,1.9947475333720253,0.2649310872201142,8.551433546140453,False,YFI/USDT,2024-03-19 16:00:00,2024,7,7,7,-0.2643190076270636,3.2
1710907200000,LONG,6.1385304445453,-1.0736513870639497,6.4885304445453,True,TRB/USDT,2024-03-20 04:00:00,2024,1,4,7,-0.15207378758359738,57.8
1710907200000,LONG,7.4659241063866,1.7448360591879903,7.8159241063866,True,MANA/USDT,2024-03-20 04:00:00,2024,2,4,7,-0.14419856541546358,68.0
1710907200000,LONG,2.4842154686699707,-0.7058024466985625,6.274850606112345,True,TRX/USDT,2024-03-20 04:00:00,2024,3,5,8,-0.014655058916698957,0.8
1710907200000,LONG,6.891882657869921,0.262551662150659,7.241882657869931,False,YFI/USDT,2024-03-20 04:00:00,2024,4,5,8,-0.24796891921242534,3.0
1710921600000,LONG,7.1990053239602485,2.092989830736896,7.549005323960248,True,ETH/USDT,2024-03-20 08:00:00,2024,5,5,9,-0.2105553825438637,74.0
1710936000000,LONG,2.546052404757802,,5.37007412515084,True,TRX/USDT,2024-03-20 12:00:00,2024,2,5,9,0.04412905791796984,29.799999999999997
1711324800000,SHORT,8.282876147059397,1.38343644698291,8.632876147059397,True,CFX/USDT,2024-03-25 00:00:00,2024,1,1,1,-0.14396238986410564,73.8
1711353600000,SHORT,-5.181691986364792,1.3881737531157576,4.831691986364793,True,CFX/USDT,2024-03-25 08:00:00,2024,1,1,1,-0.14444788343084725,80.2
1711382400000,SHORT,6.781160693370811,1.3841506131850174,7.131160693370811,True,CFX/USDT,2024-03-25 16:00:00,2024,1,1,1,-0.17856969112235432,67.4
1711396800000,SHORT,5.973708824725502,2.563830970672284,7.988714924766155,False,CHR/USDT,2024-03-25 20:00:00,2024,2,2,2,-0.03813167298701935,87.0
1711411200000,SHORT,-9.61952380952379,0.7926857181091935,9.26952380952379,False,YGG/USDT,2024-03-26 00:00:00,2024,2,3,3,0.08120455693719093,80.60000000000001
1711440000000,SHORT,-11.576536312849148,0.7908714540779895,11.226536312849149,False,YGG/USDT,2024-03-26 08:00:00,2024,1,2,3,0.1099226619172867,76.8
1711468800000,SHORT,2.5963759575721883,1.5802899833596316,10.53348766731204,True,HBAR/USDT,2024-03-26 16:00:00,2024,1,2,4,0.04740618079351,6.6000000000000005
1711512000000,SHORT,0.3924173834314237,-0.3546658541354849,8.31855138071526,True,AXS/USDT,2024-03-27 04:00:00,2024,1,2,3,-0.018509520824087498,29.799999999999997
1711512000000,SHORT,-8.91724408699376,0.4231259414517108,8.56724408699376,False,HIGH/USDT,2024-03-27 04:00:00,2024,2,3,4,-0.011940993281983073,76.0
1711526400000,SHORT,1.1513648771610518,0.3104084126192419,11.639649681528642,False,UMA/USDT,2024-03-27 08:00:00,2024,3,3,5,0.06210670144190358,14.399999999999999
1711540800000,SHORT,4.822315903026162,-0.7680773938081876,7.6062453869301025,True,APT/USDT,2024-03-27 12:00:00,2024,2,4,5,0.10264325639888595,79.0
1711540800000,SHORT,-6.824447882214858,0.2407561938069347,6.474447882214858,True,LTC/USDT,2024-03-27 12:00:00,2024,3,5,6,0.027070616767476498,86.2
1711555200000,SHORT,-5.291356228172274,0.2843092234792425,4.941356228172275,False,RVN/USDT,2024-03-27 16:00:00,2024,3,6,7,-0.09417721933316182,80.80000000000001
1711555200000,SHORT,-11.223636204174705,4.115101357773741,10.873636204174703,False,ANKR/USDT,2024-03-27 16:00:00,2024,4,7,8,0.009716828327943745,72.0
1711584000000,SHORT,4.4432983047486765,2.401434220455485,8.632645979974217,True,SUI/USDT,2024-03-28 00:00:00,2024,1,5,8,0.08410712033837162,84.0
1711641600000,SHORT,11.10276119402983,0.3832568398203498,11.45276119402983,True,GMT/USDT,2024-03-28 16:00:00,2024,1,1,4,0.008357723269112088,76.6
1711670400000,SHORT,8.227742985583612,4.543648549695728,8.577742985583612,True,FET/USDT,2024-03-29 00:00:00,2024,1,2,3,0.01904704829268692,91.0
1711670400000,SHORT,9.897982062780269,0.3829150337599547,10.247982062780268,True,GMT/USDT,2024-03-29 00:00:00,2024,2,2,3,0.01033445179137239,92.0
1711684800000,SHORT,9.303809478401812,1.0488612957044825,9.653809478401811,True,DOGE/USDT,2024-03-29 04:00:00,2024,3,3,3,-0.030572380803902326,91.0
1711713600000,SHORT,7.760844250363881,0.2851308113731283,8.110844250363881,False,MAV/USDT,2024-03-29 12:00:00,2024,1,4,4,0.01075562904483343,57.99999999999999
1711713600000,SHORT,7.698621481906944,1.044978351018062,8.048621481906943,True,DOGE/USDT,2024-03-29 12:00:00,2024,2,4,4,-0.03129052442330275,92.0
1711728000000,SHORT,9.919759759759742,-1.9615389232933933,10.269759759759742,False,ARPA/USDT,2024-03-29 16:00:00,2024,3,3,5,-0.20862585160437583,75.2
1711742400000,SHORT,-11.802806122448969,0.6079676568811838,11.452806122448967,False,MAV/USDT,2024-03-29 20:00:00,2024,2,3,5,0.01573327035027135,92.80000000000001
1711771200000,SHORT,-10.367255539009973,0.4084091881819039,10.017255539009971,False,HIGH/USDT,2024-03-30 04:00:00,2024,1,3,4,-0.03851829144931237,91.4
1711785600000,SHORT,-7.520792270531395,0.2238098634497978,7.170792270531397,True,LTC/USDT,2024-03-30 08:00:00,2024,2,3,5,0.023672708624675458,97.2
1711944000000,SHORT,9.294118245649726,0.2953819827332957,9.644118245649723,False,LQTY/USDT,2024-04-01 04:00:00,2024,1,1,1,0.028380335990123445,99.8
1711972800000,SHORT,-11.644408322496732,1.3624217051472904,11.294408322496732,True,PENDLE/USDT,2024-04-01 12:00:00,2024,1,2,2,-0.1587232291122493,81.39999999999999
1711972800000,SHORT,10.8034525685471,1.1824124781080303,11.1534525685471,True,BCH/USDT,2024-04-01 12:00:00,2024,2,3,3,-0.12898076688907686,98.2
1711972800000,SHORT,9.359056501757223,0.292628222123496,9.709056501757225,False,LQTY/USDT,2024-04-01 12:00:00,2024,3,3,3,0.02203513150684175,86.4
1712001600000,SHORT,8.291882696957758,1.3575116065754766,8.641882696957758,True,PENDLE/USDT,2024-04-01 20:00:00,2024,1,3,3,-0.14102835959269283,84.39999999999999
1712102400000,LONG,-8.555649134192757,0.0424214155701601,8.205649134192758,True,INJ/USDT,2024-04-03 00:00:00,2024,1,1,1,0.03761257137461848,6.0
1712116800000,SHORT,11.121675829769895,0.4359011653942971,11.471675829769897,False,HIGH/USDT,2024-04-03 04:00:00,2024,2,2,2,0.001434526387862245,1.7999999999999998
1712116800000,LONG,7.916343825665864,0.7014607951783866,8.266343825665864,False,NMR/USDT,2024-04-03 04:00:00,2024,3,3,3,-0.03598290463620709,6.6000000000000005
1712620800000,SHORT,6.422956361401327,-1.167487866572763,6.772956361401326,False,QTUM/USDT,2024-04-09 00:00:00,2024,1,1,1,0.09437388896946458,1.0
1712620800000,SHORT,-5.905135322692569,,5.5551353226925695,False,SFP/USDT,2024-04-09 00:00:00,2024,2,2,2,0.21713234085363042,67.2
1712635200000,SHORT,5.750932835820883,-3.029962919689738,6.100932835820883,False,1INCH/USDT,2024-04-09 04:00:00,2024,3,3,3,0.03866950115866674,0.4
1712635200000,SHORT,-5.176500732064406,-1.2393049571752388,4.826500732064407,False,IOST/USDT,2024-04-09 04:00:00,2024,4,4,4,-0.06011935376094017,51.800000000000004
1712635200000,SHORT,6.848444527736124,-1.1449324374566927,7.198444527736124,True,ENS/USDT,2024-04-09 04:00:00,2024,5,5,5,-0.03481294367520596,63.0
1712635200000,SHORT,9.256779661016935,1.7677756853605011,9.606779661016937,False,ZRX/USDT,2024-04-09 04:00:00,2024,6,6,6,0.03943400950470966,3.0
1712635200000,SHORT,9.302846818261926,-0.5961089143932043,9.652846818261926,False,SLP/USDT,2024-04-09 04:00:00,2024,7,7,7,-0.06484944035180852,61.4
1712635200000,SHORT,-8.67016565785282,-0.4616378822152547,8.32016565785282,False,BAT/USDT,2024-04-09 04:00:00,2024,8,8,8,-0.009142648432184389,2.4
1712635200000,SHORT,-6.672033898305068,-1.4427118338388707,6.322033898305069,False,ONT/USDT,2024-04-09 04:00:00,2024,9,9,9,0.013629498689081806,71.2
1712635200000,SHORT,5.681428571428566,-3.187378191628953,6.031428571428566,False,GAS/USDT,2024-04-09 04:00:00,2024,10,10,10,-0.0990531545902953,58.599999999999994
1712635200000,SHORT,9.91184004181912,-0.4783835180876684,10.261840041819118,True,PEOPLE/USDT,2024-04-09 04:00:00,2024,11,11,11,0.06425923828074986,0.6
1712649600000,SHORT,-7.344983416252067,-1.596991426222374,6.994983416252067,False,QTUM/USDT,2024-04-09 08:00:00,2024,10,11,11,0.07765061074263528,65.2
1712664000000,SHORT,-5.97579075425791,-1.5097672465114031,5.625790754257911,False,ASTR/USDT,2024-04-09 12:00:00,2024,2,12,12,-0.024462391615185413,5.0
1712664000000,SHORT,5.569108071073456,-1.9437339366090127,5.919108071073455,True,ETH/USDT,2024-04-09 12:00:00,2024,3,13,13,0.0640269858528916,60.199999999999996
1712664000000,SHORT,9.131612648221337,-0.3243729732503844,9.481612648221336,True,GALA/USDT,2024-04-09 12:00:00,2024,4,14,14,-0.1819162888921315,55.60000000000001
1712692800000,SHORT,5.384767025089587,-1.4962598530385764,5.734767025089587,False,ASTR/USDT,2024-04-09 20:00:00,2024,1,4,14,-0.03702747649621539,5.0
1712995200000,LONG,-6.770777656491143,1.931533545210636,6.420777656491143,True,STX/USDT,2024-04-13 08:00:00,2024,1,1,1,0.001058308220983286,1.2
1712995200000,LONG,-9.937858008789217,-0.4651019868743443,9.587858008789215,False,API3/USDT,2024-04-13 08:00:00,2024,2,2,2,-0.012894857007152339,7.3999999999999995
1712995200000,LONG,-10.153144592476488,-0.8393848980436837,9.803144592476489,True,APT/USDT,2024-04-13 08:00:00,2024,3,3,3,0.057556036320523266,3.5999999999999996
1713024000000,LONG,-6.330677126341867,,5.980677126341868,True,GMT/USDT,2024-04-13 16:00:00,2024,1,4,4,-0.03202257321230982,0.6
1713067200000,LONG,11.023100508675649,-0.0355557605146101,11.373100508675636,True,BCH/USDT,2024-04-14 04:00:00,2024,1,2,5,0.006033785274268407,0.6
1713067200000,LONG,-0.8776381909547583,-0.847547758034308,11.66028894472361,True,LTC/USDT,2024-04-14 04:00:00,2024,2,3,6,0.04813398283647928,0.0
1713067200000,LONG,-3.906868710128338,-2.0037371043161576,9.732815819260344,True,ETH/USDT,2024-04-14 04:00:00,2024,3,4,7,0.09702346128939815,5.0
1713081600000,LONG,9.955496217178458,-1.9873401384266025,10.305496217178458,False,CAKE/USDT,2024-04-14 08:00:00,2024,4,4,8,0.1193102906309113,0.4
1713096000000,LONG,5.708634772462072,-2.2298645620670747,6.058634772462072,True,ALGO/USDT,2024-04-14 12:00:00,2024,2,5,6,-0.07838166598962008,1.4000000000000001
1713096000000,LONG,5.673428848955819,-1.6891296529960311,6.023428848955808,True,IMX/USDT,2024-04-14 12:00:00,2024,3,6,7,-0.17105620727047463,1.4000000000000001
1713096000000,LONG,5.8132160548710665,,6.163216054871066,True,HBAR/USDT,2024-04-14 12:00:00,2024,4,7,8,-0.18467608080771625,4.0
1713096000000,LONG,5.881798749109328,,6.231798749109328,True,TRB/USDT,2024-04-14 12:00:00,2024,5,8,9,0.06216844449044639,0.2
1713096000000,LONG,4.135754697918771,-1.6567629178563978,10.342523742170137,False,LQTY/USDT,2024-04-14 12:00:00,2024,6,9,10,0.07846568065809746,0.8
1713096000000,LONG,5.806303724928368,1.4556785816190991,6.156303724928367,True,ZEC/USDT,2024-04-14 12:00:00,2024,7,10,11,-0.12006350122688735,0.2
1713096000000,LONG,8.717955467334079,,9.06795546733408,False,NMR/USDT,2024-04-14 12:00:00,2024,8,11,12,-0.0026679212510489388,4.0
1713096000000,LONG,8.736505586997545,-1.2096924325857583,9.086505586997545,False,ID/USDT,2024-04-14 12:00:00,2024,9,12,13,-0.06988136200446107,8.6
1713096000000,LONG,8.791296077659718,-0.7740667436726562,9.141296077659716,False,MINA/USDT,2024-04-14 12:00:00,2024,10,13,14,-0.12542419658271245,3.8
1713096000000,LONG,8.812222222222228,,9.162222222222228,False,BIGTIME/USDT,2024-04-14 12:00:00,2024,11,14,15,-0.02234256348447813,1.0
1713096000000,LONG,8.925344306348688,,9.275344306348687,False,HFT/USDT,2024-04-14 12:00:00,2024,12,15,16,-0.09171534880355059,0.2
1713096000000,LONG,9.038573740643338,-1.024707725178175,9.388573740643338,False,ACH/USDT,2024-04-14 12:00:00,2024,13,16,17,0.03529979306846675,7.6
1713096000000,LONG,7.885290505794757,,8.235290505794756,True,ENS/USDT,2024-04-14 12:00:00,2024,14,17,18,0.02770844016619067,0.4
1713096000000,LONG,8.064342895263511,-1.1212287523268132,8.41434289526351,False,RSR/USDT,2024-04-14 12:00:00,2024,15,18,19,-0.04837031375509955,0.0
1713096000000,LONG,8.06796506608222,-1.5543016069649396,8.41796506608222,False,TLM/USDT,2024-04-14 12:00:00,2024,16,19,20,0.0382282861635388,0.4
1713096000000,LONG,4.642970195272354,,4.9929701952723535,True,XRP/USDT,2024-04-14 12:00:00,2024,17,20,21,-0.028835813482710113,0.4
1713096000000,LONG,4.801100836635852,-1.3768880333842033,5.151100836635852,True,ADA/USDT,2024-04-14 12:00:00,2024,18,21,22,-0.06013254613716655,0.2
1713096000000,LONG,4.890309698451498,,5.240309698451497,True,ICP/USDT,2024-04-14 12:00:00,2024,19,22,23,-0.10978271699830486,4.0
1713096000000,LONG,4.916415509346388,-1.8469732118514977,5.266415509346388,True,ETH/USDT,2024-04-14 12:00:00,2024,20,22,23,0.05446464747409008,5.0
1713096000000,LONG,5.0209377674532405,,5.37093776745324,True,ATOM/USDT,2024-04-14 12:00:00,2024,21,23,24,-0.045250802525206815,1.0
1713096000000,LONG,8.578071889040816,-2.685916679544309,8.928071889040826,True,SEI/USDT,2024-04-14 12:00:00,2024,22,24,25,-0.22889429304028927,0.4
1713096000000,LONG,8.713814883796259,,9.063814883796258,True,INJ/USDT,2024-04-14 12:00:00,2024,23,25,26,-0.06567331973407536,0.2
1713096000000,LONG,1.430640272778931,-1.932979791883343,7.608941087327141,True,COMP/USDT,2024-04-14 12:00:00,2024,24,26,27,-0.0638483504543431,0.2
1713096000000,LONG,0.4367543447628014,-0.9246112142944412,8.530284170972289,False,CYBER/USDT,2024-04-14 12:00:00,2024,25,27,28,0.013994199540078394,0.0
1713096000000,LONG,-0.1220160929816671,,9.14687080911936,True,OP/USDT,2024-04-14 12:00:00,2024,26,28,29,-0.09957293510072011,0.2
1713096000000,LONG,6.865524854009401,-1.5395134205444587,7.2155248540094,True,AXS/USDT,2024-04-14 12:00:00,2024,27,29,30,-0.14364881511190783,3.5999999999999996
1713096000000,LONG,6.905813953488368,,7.255813953488367,True,SNX/USDT,2024-04-14 12:00:00,2024,28,30,31,-0.005405355577551863,0.4
1713096000000,LONG,7.011902481497603,-3.091796255396613,7.361902481497602,False,API3/USDT,2024-04-14 12:00:00,2024,29,31,32,-0.07518369201921611,6.0
1713096000000,LONG,6.064710434670452,-2.1803757255568383,6.414710434670452,True,1000BONK/USDT,2024-04-14 12:00:00,2024,30,32,33,-0.09394132398141805,0.0
1713096000000,LONG,6.113651810220885,-1.0566866129892396,6.463651810220885,False,MTL/USDT,2024-04-14 12:00:00,2024,31,33,34,-0.2464395362365063,0.2
1713096000000,LONG,6.25361290322581,-2.306239700297236,6.60361290322581,False,EGLD/USDT,2024-04-14 12:00:00,2024,32,34,35,-0.06506830011221779,1.6
1713096000000,LONG,7.093421865348983,-2.235377356802836,7.4434218653489825,False,KAVA/USDT,2024-04-14 12:00:00,2024,33,35,36,-0.0025078356638329976,6.4
1713096000000,LONG,7.142925519495685,-0.1007709527492121,7.492925519495684,True,MANA/USDT,2024-04-14 12:00:00,2024,34,36,37,0.031561846827482934,0.4
1713096000000,LONG,7.017855562439159,-6.860370057495571,7.367855562439159,False,LPT/USDT,2024-04-14 12:00:00,2024,35,37,38,-0.10257963795135959,1.7999999999999998
1713096000000,LONG,7.147853658536587,-0.1184651684516948,7.497853658536586,True,RUNE/USDT,2024-04-14 12:00:00,2024,36,38,39,0.06757206359971354,1.4000000000000001
1713096000000,LONG,7.2553035589672,-1.8019173250329368,7.6053035589672,False,ARK/USDT,2024-04-14 12:00:00,2024,37,39,40,-0.11128959273948848,3.5999999999999996
1713096000000,LONG,-9.748799187142083,-3.160658523861089,9.398799187142084,True,NEAR/USDT,2024-04-14 12:00:00,2024,38,40,41,-0.11257887867481697,0.4
1713096000000,LONG,-8.506492785793569,-0.1325247701740786,8.156492785793569,True,FLOW/USDT,2024-04-14 12:00:00,2024,39,41,42,-0.04994052437698538,0.2
1713096000000,LONG,-7.038100686498856,,6.688100686498856,True,CRV/USDT,2024-04-14 12:00:00,2024,40,42,43,-0.1022467348267809,0.8
1713096000000,LONG,5.55983531564501,-3.4750037074290248,5.90983531564501,True,DOT/USDT,2024-04-14 12:00:00,2024,41,43,44,-0.06742756206220106,0.2
1713096000000,LONG,5.374055817325114,1.5464626547201532,5.724055817325113,True,SOL/USDT,2024-04-14 12:00:00,2024,42,44,45,-0.21511774023354763,3.2
1713096000000,LONG,5.154191308819748,-0.8329300020412327,5.504191308819747,True,LTC/USDT,2024-04-14 12:00:00,2024,43,44,45,0.014072714062722834,0.0
1713096000000,LONG,6.580650602409652,-0.927142961268604,6.930650602409652,True,GALA/USDT,2024-04-14 12:00:00,2024,44,45,46,-0.04422986667446876,2.0
1713096000000,LONG,6.545538461538455,-1.5386796090535522,6.895538461538455,True,APE/USDT,2024-04-14 12:00:00,2024,45,46,47,-0.07199452143017386,9.6
1713096000000,LONG,6.534969653695119,-1.3901417274925978,6.884969653695118,False,ZEN/USDT,2024-04-14 12:00:00,2024,46,47,48,-0.13910392190621165,0.0
1713096000000,LONG,6.501432806324123,-0.7354744724898585,6.851432806324123,False,ONE/USDT,2024-04-14 12:00:00,2024,47,48,49,-0.11341841129780131,0.0
1713096000000,LONG,6.3077349208317655,-0.0348665656620338,6.657734920831776,True,BCH/USDT,2024-04-14 12:00:00,2024,48,48,49,-0.022979837063166756,7.8
1713096000000,LONG,4.6141182100980975,-2.6601473706222443,4.964118210098097,True,AAVE/USDT,2024-04-14 12:00:00,2024,49,49,50,0.06017735221591168,7.8
1713096000000,LONG,4.423869287236572,-0.4814500553394247,4.773869287236572,False,YGG/USDT,2024-04-14 12:00:00,2024,50,50,51,-0.016650025535232153,0.0
1713096000000,LONG,2.118916518650093,-2.370980375354776,11.9523268206039,False,KNC/USDT,2024-04-14 12:00:00,2024,51,51,52,-0.026607629078354154,1.0
1713096000000,LONG,7.780229686342304,-2.5161251044356745,8.130229686342304,False,1INCH/USDT,2024-04-14 12:00:00,2024,52,52,53,0.04245891895923085,0.4
1713096000000,LONG,8.518635507618551,1.864174828959721,8.868635507618551,True,PYTH/USDT,2024-04-14 12:00:00,2024,53,53,54,-0.12281324919626278,5.800000000000001
1713096000000,LONG,7.725398046144262,-1.277048623230912,8.075398046144262,True,GRT/USDT,2024-04-14 12:00:00,2024,54,54,55,-0.11324552965372928,1.4000000000000001
1713096000000,LONG,7.707542358940611,1.1362221128896808,8.05754235894061,False,WAVES/USDT,2024-04-14 12:00:00,2024,55,55,56,0.023740616552267984,0.2
1713096000000,LONG,8.56842970411912,,8.91842970411913,False,STORJ/USDT,2024-04-14 12:00:00,2024,56,56,57,-0.08112145452476086,2.4
1713096000000,LONG,7.786240251190115,-0.6327329135133046,8.136240251190115,False,QNT/USDT,2024-04-14 12:00:00,2024,57,57,58,-0.20114235103804987,0.4
1713096000000,LONG,7.795579969340846,-2.1981639947710137,8.145579969340845,False,MAV/USDT,2024-04-14 12:00:00,2024,58,58,59,0.0006854321599951019,0.2
1713096000000,LONG,7.841709230465328,0.533792819605767,8.191709230465328,True,AVAX/USDT,2024-04-14 12:00:00,2024,59,59,60,-0.06664899871378781,1.6
1713096000000,LONG,7.865716606625703,-1.1230244677481849,8.215716606625703,False,WOO/USDT,2024-04-14 12:00:00,2024,60,60,61,-0.07047081842585316,1.7999999999999998
1713096000000,LONG,7.885107421875011,,8.235107421875,True,DYDX/USDT,2024-04-14 12:00:00,2024,61,61,62,-0.0005058697208979156,0.2
1713096000000,LONG,7.280882352941184,-1.0623189789949326,7.630882352941183,False,KSM/USDT,2024-04-14 12:00:00,2024,62,62,63,-0.05501634556687469,2.6
1713096000000,LONG,7.321409191114129,-0.4994484964403122,7.671409191114129,True,FIL/USDT,2024-04-14 12:00:00,2024,63,63,64,-0.08470341099580078,0.2
1713096000000,LONG,7.405947651320412,-1.0675107273616196,7.755947651320412,True,SAND/USDT,2024-04-14 12:00:00,2024,64,64,65,0.013569953225292263,0.6
1713096000000,LONG,8.122616572616566,1.3107117512461153,8.472616572616566,True,CHZ/USDT,2024-04-14 12:00:00,2024,65,65,66,-0.012075032553014443,2.0
1713096000000,LONG,8.183189146677151,-1.7268350435197473,8.53318914667715,False,UMA/USDT,2024-04-14 12:00:00,2024,66,66,67,-0.03936143053355981,8.6
1713096000000,LONG,8.206664593698186,,8.556664593698175,True,SUSHI/USDT,2024-04-14 12:00:00,2024,67,67,68,0.06449713063481341,0.0
1713096000000,LONG,7.410114140773617,-2.6040630415949413,7.760114140773616,False,ILV/USDT,2024-04-14 12:00:00,2024,68,68,69,0.07657719585935473,0.2
1713096000000,LONG,7.698704663212446,-2.206532164046999,8.048704663212446,True,CELO/USDT,2024-04-14 12:00:00,2024,69,69,70,-0.036074852659305864,0.8
1713096000000,LONG,7.577873272666003,-1.2433556303874669,7.927873272666003,False,SKL/USDT,2024-04-14 12:00:00,2024,70,70,71,0.03260457738169819,6.0
1713096000000,LONG,7.657793840351971,-1.6294345142443762,8.00779384035197,False,ENJ/USDT,2024-04-14 12:00:00,2024,71,71,72,-0.007296008767188345,17.2
1713096000000,LONG,7.660262645914388,-3.1426562819761825,8.010262645914388,False,ANKR/USDT,2024-04-14 12:00:00,2024,72,72,73,0.006769927208430207,0.4
1713096000000,LONG,9.066375727348309,-0.5684188241042454,9.416375727348306,False,ALICE/USDT,2024-04-14 12:00:00,2024,73,73,74,0.025117387014496218,0.2
1713096000000,LONG,2.2003907856848963,-2.141383406658979,9.0765528589058,False,ZRX/USDT,2024-04-14 12:00:00,2024,74,74,75,-0.08247314757688098,3.0
1713096000000,LONG,2.8901870175057094,-0.781402590204807,8.918190714363387,True,APT/USDT,2024-04-14 12:00:00,2024,75,75,76,0.047952200717286265,3.2
1713096000000,LONG,3.2298418307252112,-1.8578023713371288,11.191843345111906,True,WLD/USDT,2024-04-14 12:00:00,2024,76,76,77,-0.17034656346929083,0.0
1713096000000,LONG,2.53242835283901,0.2647449374513434,10.607679583143792,False,RLC/USDT,2024-04-14 12:00:00,2024,77,77,78,-0.0002149371878649451,3.5999999999999996
1713096000000,LONG,10.880744751038153,-2.183664313401924,11.230744751038152,False,GMX/USDT,2024-04-14 12:00:00,2024,78,78,79,0.04431774163633156,0.2
1713096000000,LONG,9.443192589401123,-0.9806176609983996,9.793192589401125,True,PEOPLE/USDT,2024-04-14 12:00:00,2024,79,79,80,0.07256871730886146,0.6
1713096000000,LONG,9.298480164863474,-0.0641478248457499,9.648480164863471,False,SLP/USDT,2024-04-14 12:00:00,2024,80,80,81,-0.07751408693944252,8.799999999999999
1713096000000,LONG,9.436617032867256,1.1823842331610168,9.786617032867255,False,EDU/USDT,2024-04-14 12:00:00,2024,81,81,82,-0.04649443526741912,1.6
1713096000000,LONG,10.086312554872675,0.0863666732449436,10.436312554872677,True,SUI/USDT,2024-04-14 12:00:00,2024,82,82,83,-0.031276583267890644,0.4
1713110400000,LONG,5.88535570352198,3.1107964495737948,6.23535570352198,True,ORDI/USDT,2024-04-14 16:00:00,2024,82,83,84,0.09550784680187621,0.4
1713110400000,LONG,8.618761586948464,,8.968761586948464,False,COTI/USDT,2024-04-14 16:00:00,2024,83,84,85,0.0685120514559371,2.6
1713124800000,LONG,7.792742777584417,0.7858301396028914,8.142742777584417,False,EDU/USDT,2024-04-14 20:00:00,2024,3,84,84,-0.04854924217277864,1.6
1713124800000,LONG,0.0595262096774136,-1.570802028194758,10.011202116935491,False,TLM/USDT,2024-04-14 20:00:00,2024,4,84,84,0.031798141432975956,0.4
1713124800000,LONG,4.201692589204023,-3.2576827056968787,9.490096065873736,False,ANKR/USDT,2024-04-14 20:00:00,2024,5,84,84,-0.014677985937117322,0.4
1713124800000,LONG,-8.018231635071105,-2.9468482650894248,7.668231635071105,False,KAVA/USDT,2024-04-14 20:00:00,2024,6,84,84,-0.010300544584236605,5.2
1713124800000,LONG,-7.990615570307779,-2.17451024833665,7.640615570307779,False,CAKE/USDT,2024-04-14 20:00:00,2024,7,84,84,0.07460871200472179,0.4
1713124800000,LONG,-7.96043634727846,-1.3048948577560444,7.61043634727846,True,SAND/USDT,2024-04-14 20:00:00,2024,8,84,84,0.002247216925803022,0.6
1713124800000,LONG,-8.392841046613528,-2.773797497915939,8.042841046613528,False,API3/USDT,2024-04-14 20:00:00,2024,9,84,84,-0.08793180813931273,5.800000000000001
1713124800000,LONG,-5.533851602833474,-0.6256099734865409,5.1838516028334745,True,ATOM/USDT,2024-04-14 20:00:00,2024,10,84,84,-0.05667698278859239,7.199999999999999
1713124800000,LONG,-0.4462463907603359,-0.18006612643324,6.460481231953799,False,STG/USDT,2024-04-14 20:00:00,2024,11,85,85,0.09441849942902578,0.4
1713124800000,LONG,2.0045706371191208,,9.091643582640804,True,DYDX/USDT,2024-04-14 20:00:00,2024,12,85,85,-0.013730819945457292,0.2
1713124800000,LONG,-8.241808479953862,-1.4503375215656469,7.891808479953863,True,MASK/USDT,2024-04-14 20:00:00,2024,13,86,86,0.044868449883319485,1.0
1713124800000,LONG,-7.175429184549358,-0.6695669347116576,6.825429184549359,True,FLOW/USDT,2024-04-14 20:00:00,2024,14,86,86,-0.058914209155712174,0.2
1713124800000,LONG,-8.630496054114984,-1.2573505770544586,8.280496054114984,False,MTL/USDT,2024-04-14 20:00:00,2024,15,86,86,-0.2498518222846956,0.4
1713124800000,LONG,-9.032493521451196,-2.0555626329789067,8.682493521451196,False,LQTY/USDT,2024-04-14 20:00:00,2024,16,86,86,0.07110816900701855,0.4
1713124800000,LONG,-9.002822400713985,-1.5098385414035482,8.652822400713985,False,CYBER/USDT,2024-04-14 20:00:00,2024,17,86,86,0.007438955858917805,0.4
1713124800000,LONG,-8.829580674567007,-0.3490043328650143,8.479580674567007,True,ZEC/USDT,2024-04-14 20:00:00,2024,18,86,86,-0.12566923977440372,0.2
1713124800000,LONG,-9.801441026883015,-2.7614901047485647,9.451441026883018,False,MAV/USDT,2024-04-14 20:00:00,2024,19,86,86,-0.012996739595922862,0.2
1713124800000,LONG,-10.265380289610563,-1.4322574495768825,9.915380289610564,False,BSV/USDT,2024-04-14 20:00:00,2024,20,87,87,-0.19643418944757243,9.4
1713124800000,LONG,-10.003138262229172,-0.5344579488427721,9.653138262229174,False,YGG/USDT,2024-04-14 20:00:00,2024,21,87,87,-0.027956484683423908,0.0
1713124800000,LONG,-7.4921568627451025,-2.521229138306392,7.142156862745103,False,1INCH/USDT,2024-04-14 20:00:00,2024,22,87,87,0.03278114582471186,0.4
1713124800000,LONG,-7.740262582056895,-1.5463408684878452,7.390262582056895,True,AXS/USDT,2024-04-14 20:00:00,2024,23,87,87,-0.15149026872366556,5.4
1713124800000,LONG,-9.16358254870886,0.1243264673161083,8.813582548708862,True,CHZ/USDT,2024-04-14 20:00:00,2024,24,87,87,-0.01678675406402857,2.0
1713816000000,SHORT,8.9163904370783,0.2140379297384847,9.2663904370783,False,COTI/USDT,2024-04-22 20:00:00,2024,1,1,1,0.03426511378412598,3.2
1713960000000,SHORT,-10.464882388759817,-0.7659724024799168,10.114882388759815,False,SSV/USDT,2024-04-24 12:00:00,2024,1,1,1,-0.056764767857920215,1.6
1713960000000,SHORT,8.474973767051418,-1.5747962807882967,8.824973767051418,True,FLOW/USDT,2024-04-24 12:00:00,2024,2,2,2,-0.03312562363686955,0.2
1713960000000,SHORT,9.134055779569874,-2.3485367350675053,9.484055779569871,True,MEME/USDT,2024-04-24 12:00:00,2024,3,3,3,0.026793086839519056,0.0
1713960000000,SHORT,-9.95162557136418,0.0681589026614313,9.60162557136418,False,HIGH/USDT,2024-04-24 12:00:00,2024,4,4,4,-0.009533954465437923,0.4
1713960000000,SHORT,7.888596202843738,0.2239214342132639,8.238596202843738,True,CHZ/USDT,2024-04-24 12:00:00,2024,5,5,5,-0.028596038634070547,0.2
1713960000000,SHORT,9.683468742947404,-0.7133914693209411,10.033468742947404,False,MINA/USDT,2024-04-24 12:00:00,2024,6,6,6,-0.1246133271664972,0.6
1713960000000,SHORT,6.395434047350603,-0.6306171571162417,6.745434047350603,False,BAT/USDT,2024-04-24 12:00:00,2024,7,7,7,0.0062897128220993186,3.8
1713974400000,SHORT,8.670234144787463,-2.070924178388313,9.020234144787462,True,1000PEPE/USDT,2024-04-24 16:00:00,2024,8,8,8,-0.04402489829218229,3.2
1713974400000,SHORT,9.60919118756603,-1.27144168017248,9.959191187566027,False,WOO/USDT,2024-04-24 16:00:00,2024,9,9,9,-0.1186724613373296,4.3999999999999995
1713988800000,SHORT,-4.7430616875153095,-0.3660742826907739,4.39306168751531,False,HIGH/USDT,2024-04-24 20:00:00,2024,3,9,9,-0.04065526242679239,2.0
1714348800000,SHORT,8.008895801236399,-0.241673284979822,8.358895801236399,False,SSV/USDT,2024-04-29 00:00:00,2024,1,1,1,-0.10533671967391274,2.4
1714507200000,LONG,-6.671924360400429,0.1566332016118603,6.32192436040043,False,ROSE/USDT,2024-04-30 20:00:00,2024,1,1,1,0.09150621597469144,0.4
1714507200000,LONG,5.977360548457462,-1.5302956150214744,6.327360548457461,True,DOT/USDT,2024-04-30 20:00:00,2024,2,2,2,-0.06423118449070712,0.2
1714507200000,LONG,8.096832253419736,-2.180455619686103,8.446832253419736,False,HFT/USDT,2024-04-30 20:00:00,2024,3,3,3,-0.06629020938016157,0.4
1714507200000,LONG,-7.57538966223486,-2.524187580126618,7.225389662234861,False,WOO/USDT,2024-04-30 20:00:00,2024,4,4,4,-0.08854464217939759,13.8
1714521600000,LONG,6.073848323409583,-1.5578568115854232,6.423848323409582,False,MTL/USDT,2024-05-01 00:00:00,2024,5,5,5,-0.19296120872343642,8.0
1714579200000,LONG,5.139272079409532,-1.737938794020844,5.489272079409531,True,LTC/USDT,2024-05-01 16:00:00,2024,1,1,6,-0.05290980418030746,6.2
1714593600000,LONG,7.397877758913418,-0.6228500771612444,7.747877758913417,False,KAVA/USDT,2024-05-01 20:00:00,2024,2,2,7,-0.022520533322081496,7.8
1714593600000,LONG,7.091302325581399,0.0028970670872688,7.441302325581399,True,GMT/USDT,2024-05-01 20:00:00,2024,3,3,8,-0.20282415725310438,7.199999999999999
1714593600000,LONG,7.027653673163414,-0.6175562173606751,7.377653673163413,True,LINK/USDT,2024-05-01 20:00:00,2024,4,4,9,-0.08912854736747237,9.0
1714593600000,LONG,5.887488600769194,-1.5181776645787126,6.237488600769193,False,CAKE/USDT,2024-05-01 20:00:00,2024,5,5,10,0.02120435721198371,6.6000000000000005
1714593600000,LONG,8.407471333373362,-1.6539158010635633,8.757471333373362,True,JASMY/USDT,2024-05-01 20:00:00,2024,6,6,11,-0.0638461309390618,13.0
1714593600000,LONG,9.966588785046737,1.0892144685772935,10.316588785046736,True,STX/USDT,2024-05-01 20:00:00,2024,7,7,12,-0.13845611567440197,4.8
1714593600000,LONG,7.702912248347921,-0.6328699911980491,8.052912248347932,True,DOGE/USDT,2024-05-01 20:00:00,2024,8,8,13,-0.20308753298698812,1.7999999999999998
1714622400000,LONG,5.130752247279595,-0.6289914697311423,5.480752247279595,True,DOGE/USDT,2024-05-02 04:00:00,2024,1,8,8,-0.19227730571314772,0.0
1714622400000,LONG,3.75830616515012,1.6923853507425513,4.10830616515012,True,STX/USDT,2024-05-02 04:00:00,2024,2,8,8,-0.13206150827695107,0.0
1714996800000,SHORT,4.4146844217438925,,9.35663991244071,False,NMR/USDT,2024-05-06 12:00:00,2024,1,1,1,-0.0235024033944801,4.6
1715011200000,SHORT,-8.912279737517066,-0.3461891950618883,8.562279737517066,False,RLC/USDT,2024-05-06 16:00:00,2024,2,2,2,0.12840064572553048,3.5999999999999996
1715011200000,SHORT,8.461292738521653,1.088213980080934,8.811292738521653,False,LPT/USDT,2024-05-06 16:00:00,2024,3,3,3,-0.013452021681166677,3.2
1715025600000,SHORT,5.561448684698036,0.689528179180972,5.911448684698035,True,XRP/USDT,2024-05-06 20:00:00,2024,3,4,4,-0.16024557864898922,9.8
1715025600000,SHORT,8.924905437155278,0.8932171637589458,9.274905437155278,True,WLD/USDT,2024-05-06 20:00:00,2024,4,5,5,-0.027342013754637014,6.0
1715040000000,SHORT,-5.915912930474318,1.0885321440320523,5.565912930474318,False,LPT/USDT,2024-05-07 00:00:00,2024,3,5,5,-0.0032814485655603656,5.800000000000001
1715040000000,SHORT,6.297519633507847,-0.3461749548583027,6.647519633507846,False,RLC/USDT,2024-05-07 00:00:00,2024,4,5,5,0.12703797902515443,4.3999999999999995
1715054400000,SHORT,3.762935077758568,0.8924581398075997,4.112935077758568,True,WLD/USDT,2024-05-07 04:00:00,2024,3,4,5,0.0027060238189528306,6.0
1715342400000,SHORT,5.849531038868114,-1.0788119697158822,6.1995310388681135,False,KAS/USDT,2024-05-10 12:00:00,2024,1,1,1,-0.060784506899507144,37.6
1715342400000,SHORT,9.161903183023869,1.1989162431650997,9.511903183023868,True,RUNE/USDT,2024-05-10 12:00:00,2024,2,2,2,-0.025212102347302468,4.6
1715774400000,LONG,5.809221341733508,-3.2627819105921136,6.159221341733508,True,CFX/USDT,2024-05-15 12:00:00,2024,1,1,1,0.08108806403066578,6.2
1715774400000,LONG,7.688623972705381,-1.3302866652093963,8.03862397270538,True,TIA/USDT,2024-05-15 12:00:00,2024,2,2,2,-0.042635594680199604,9.0
1715774400000,LONG,0.3152604251176364,-0.4208526480798756,8.052916599058896,True,OP/USDT,2024-05-15 12:00:00,2024,3,3,3,-0.020574941028750553,12.0
1715774400000,LONG,5.596493249917702,-0.2169414588286514,5.946493249917702,False,ONT/USDT,2024-05-15 12:00:00,2024,4,4,4,-0.24308999579864482,17.4
1715774400000,LONG,5.756680946552442,-0.5649129754807428,6.106680946552431,True,ARB/USDT,2024-05-15 12:00:00,2024,5,5,5,-0.004700485622424731,3.2
1715774400000,LONG,-0.322027972027975,-0.4255241564881332,9.698293706293711,False,MAV/USDT,2024-05-15 12:00:00,2024,6,6,6,-0.03785720964152802,0.8
1716105600000,SHORT,-12.161943602889776,1.7769607581749602,11.811943602889777,False,RSR/USDT,2024-05-19 08:00:00,2024,1,1,1,0.06918388284672358,10.2
1716350400000,SHORT,-8.153436725176915,3.4427601554923024,7.8034367251769154,True,PENDLE/USDT,2024-05-22 04:00:00,2024,1,1,1,0.16282321623372703,7.199999999999999
1716364800000,SHORT,-6.088411387590996,0.2945970648060985,5.738411387590996,True,UNI/USDT,2024-05-22 08:00:00,2024,2,2,2,0.2349828978169682,12.6
1716379200000,SHORT,7.178828828828818,0.1380572383593582,7.528828828828818,False,SKL/USDT,2024-05-22 12:00:00,2024,2,3,3,-0.020003703062182167,13.600000000000001
1716422400000,SHORT,4.309240120293115,1.900560441764431,10.292189419289224,False,LPT/USDT,2024-05-23 00:00:00,2024,1,2,4,-0.07082762361202095,14.399999999999999
1716451200000,SHORT,6.554251127358705,1.8984684640852816,8.69163346613544,False,LPT/USDT,2024-05-23 08:00:00,2024,1,1,3,-0.06781569727610712,14.399999999999999
1716465600000,SHORT,-7.656302461232032,0.3740558744748969,7.306302461232033,False,API3/USDT,2024-05-23 12:00:00,2024,2,2,3,0.037654836026660365,12.0
1716465600000,SHORT,4.738098555400746,-0.1596061664037923,5.088098555400745,False,KAS/USDT,2024-05-23 12:00:00,2024,3,3,4,-0.12717902096005634,57.99999999999999
1716494400000,SHORT,6.197508471197914,0.8981462702211341,6.547508471197913,False,EDU/USDT,2024-05-23 20:00:00,2024,1,4,4,0.06145432443421114,0.2
1716537600000,SHORT,-6.5315084420179685,1.763841114911188,6.181508442017969,False,EDU/USDT,2024-05-24 08:00:00,2024,1,1,4,-0.012082706571195789,2.6
1716638400000,SHORT,-4.978142589118197,0.7734801950907935,4.628142589118197,True,ZEC/USDT,2024-05-25 12:00:00,2024,1,1,1,-0.02591223261620175,3.0
1716652800000,SHORT,-7.541151885830759,-0.9132684524085304,7.19115188583076,True,LDO/USDT,2024-05-25 16:00:00,2024,2,2,2,0.2027643147069928,8.6
1716652800000,SHORT,6.320947701681549,3.3325897835244307,8.785402168393999,True,PENDLE/USDT,2024-05-25 16:00:00,2024,3,3,3,0.11940628208702629,58.8
1716811200000,SHORT,-0.942795257637941,0.8246507869499848,9.493023255813924,False,AGLD/USDT,2024-05-27 12:00:00,2024,1,1,1,-0.050939461471523895,14.000000000000002
1716825600000,SHORT,-9.93873523809524,2.233425757546004,9.58873523809524,True,JASMY/USDT,2024-05-27 16:00:00,2024,2,2,2,0.0895564725939306,63.6
1716840000000,SHORT,-4.573921300516546,2.204878881963068,4.223921300516547,False,AGLD/USDT,2024-05-27 20:00:00,2024,2,2,2,-0.05219856533701336,14.000000000000002
1716854400000,SHORT,4.800032894736826,0.5922249749977396,5.1500328947368255,True,SNX/USDT,2024-05-28 00:00:00,2024,2,3,3,-0.06602252561001562,12.8
1716854400000,SHORT,4.477959028831551,2.2284193193241,4.82795902883155,True,JASMY/USDT,2024-05-28 00:00:00,2024,3,3,3,0.08415675142815349,59.4
1716883200000,SHORT,-5.500184252086914,2.209831156526734,5.150184252086914,False,AGLD/USDT,2024-05-28 08:00:00,2024,1,3,3,-0.04300799039690945,14.000000000000002
1716969600000,SHORT,2.9274041914213007,1.8975864278377843,10.014372918978893,True,MEME/USDT,2024-05-29 08:00:00,2024,1,1,2,0.015923689043719675,11.200000000000001
1716969600000,SHORT,11.260733163045929,2.0901637595294567,11.610733163045929,True,1000BONK/USDT,2024-05-29 08:00:00,2024,2,2,3,-0.042423383901109606,68.4
1716984000000,SHORT,1.231492615344385,0.8556308727356476,10.853064958828904,False,ARPA/USDT,2024-05-29 12:00:00,2024,3,3,3,0.018196257201344955,66.8
1716984000000,SHORT,-2.169125872214833,-0.3938067964887594,9.361700887245144,True,TIA/USDT,2024-05-29 12:00:00,2024,4,4,4,0.015876574308851636,77.2
1717027200000,SHORT,6.714679558894032,-0.4048898890787405,7.064679558894031,False,STEEM/USDT,2024-05-30 00:00:00,2024,1,3,5,0.1691485375594706,72.8
1717056000000,SHORT,11.501950176985238,-0.4011384249938544,11.851950176985238,False,STEEM/USDT,2024-05-30 08:00:00,2024,1,1,5,0.16035673791306093,77.8
1717156800000,SHORT,-4.789259320767242,1.288135144448262,4.439259320767242,False,TWT/USDT,2024-05-31 12:00:00,2024,1,1,1,-0.2757178404241542,6.4
1717171200000,SHORT,-8.98194429924518,-0.2112585196303809,8.63194429924518,True,ORDI/USDT,2024-05-31 16:00:00,2024,2,2,2,-0.049371226036552515,10.0
1717315200000,SHORT,-4.730864589955506,1.717433936984886,4.3808645899555065,False,TWT/USDT,2024-06-02 08:00:00,2024,1,1,1,-0.1433639858138265,6.4
1717387200000,LONG,4.924162231051811,2.822458311067502,5.274162231051811,False,CAKE/USDT,2024-06-03 04:00:00,2024,1,1,2,-0.06912512537814618,8.0
1717459200000,SHORT,-10.75655506381886,0.6320812899680069,10.40655506381886,False,AGLD/USDT,2024-06-04 00:00:00,2024,1,1,2,-0.22531445940503034,11.600000000000001
1717488000000,SHORT,-4.798402994385518,0.6261707835511283,4.448402994385519,False,AGLD/USDT,2024-06-04 08:00:00,2024,1,1,1,-0.20572816174220457,14.2
1717545600000,SHORT,-11.229717643388256,0.8796816228706837,10.879717643388256,True,JASMY/USDT,2024-06-05 00:00:00,2024,1,1,2,0.028376800229813304,23.200000000000003
1717560000000,LONG,-5.787138327388021,0.4242124763422644,5.437138327388022,False,SKL/USDT,2024-06-05 04:00:00,2024,2,2,3,-0.1331507060266807,13.4
1717603200000,SHORT,7.970665004156258,-0.1159124756602173,8.320665004156258,False,KAS/USDT,2024-06-05 16:00:00,2024,1,2,3,-0.09774957850377802,98.8
1717632000000,SHORT,6.009529141858292,-0.1141858656942751,6.359529141858292,False,KAS/USDT,2024-06-06 00:00:00,2024,1,1,3,-0.04858809412395204,65.4
1717675200000,SHORT,-6.429648835908225,0.1936938128540572,6.079648835908225,True,STX/USDT,2024-06-06 12:00:00,2024,1,2,2,0.09538439406762804,75.4
1717675200000,SHORT,7.331012658227832,-0.5689549251587753,7.681012658227831,True,PYTH/USDT,2024-06-06 12:00:00,2024,2,3,3,0.05036017986919767,92.60000000000001
1717761600000,SHORT,-7.568933463796468,3.3747046690726594,7.218933463796469,True,XMR/USDT,2024-06-07 12:00:00,2024,1,1,3,-0.008030853345389024,7.199999999999999
1717776000000,SHORT,3.8579296414143207,-1.7277813993201925,11.34802473990918,True,INJ/USDT,2024-06-07 16:00:00,2024,2,2,2,0.021263574389952272,17.8
1717776000000,SHORT,10.837254819144778,0.9200753285693302,11.187254819144778,True,ORDI/USDT,2024-06-07 16:00:00,2024,3,3,3,0.12234701623315418,10.0
1717833600000,SHORT,-9.230152456239402,1.5395188416169137,8.880152456239403,False,KNC/USDT,2024-06-08 08:00:00,2024,1,1,4,-0.008908006198102966,10.2
1717905600000,LONG,-4.62057222955145,-2.0874017594899383,4.27057222955145,False,STEEM/USDT,2024-06-09 04:00:00,2024,1,1,2,0.1399722430771356,12.0
1718164800000,LONG,4.314687510295506,0.4555831161909064,4.664687510295505,True,SOL/USDT,2024-06-12 04:00:00,2024,1,1,1,-0.11331261716119857,19.400000000000002
1718179200000,LONG,-10.265486534787708,-0.4828579649308156,9.915486534787709,True,FET/USDT,2024-06-12 08:00:00,2024,2,2,2,-0.2295572704823269,12.2
1718308800000,LONG,-6.576223776223763,,6.226223776223764,True,CRV/USDT,2024-06-13 20:00:00,2024,1,1,1,-0.12639965349690918,4.3999999999999995
1718337600000,LONG,-11.042213063176437,-0.0506114608937298,10.692213063176435,True,AR/USDT,2024-06-14 04:00:00,2024,1,2,2,-0.12897275651179688,0.2
1718337600000,LONG,-4.457986111111104,,4.107986111111105,True,CRV/USDT,2024-06-14 04:00:00,2024,2,2,2,-0.13639189672600166,4.3999999999999995
1718640000000,LONG,-8.432027340412557,-1.0125815993072271,8.082027340412557,True,IMX/USDT,2024-06-17 16:00:00,2024,1,1,1,-0.18922936014669994,19.6
1718640000000,LONG,-10.374317544636265,-0.8255126713379537,10.024317544636263,True,FET/USDT,2024-06-17 16:00:00,2024,2,2,2,-0.12356392016456356,12.8
1718740800000,LONG,-3.9285857429144,1.559258996072989,6.379616375608364,True,LINK/USDT,2024-06-18 20:00:00,2024,1,1,1,-0.1692399999963058,6.0
1718740800000,LONG,4.229999999999989,-3.463595050011006,4.58,False,TWT/USDT,2024-06-18 20:00:00,2024,2,2,2,-0.1044217414709846,7.6
1718740800000,LONG,5.527830964846662,-1.069229647437706,5.877830964846662,True,ATOM/USDT,2024-06-18 20:00:00,2024,3,3,3,-0.14960725572248648,1.2
1718740800000,LONG,0.7403426791277258,0.6022509335121699,5.631827622014541,False,YFI/USDT,2024-06-18 20:00:00,2024,4,4,4,-0.18026493688487888,8.6
1718740800000,LONG,6.741159420289841,-0.9443761517352636,7.0911594202898405,True,DYDX/USDT,2024-06-18 20:00:00,2024,5,5,5,-0.0241771604964744,4.2
1718740800000,LONG,5.472478423289967,-0.7446713984481207,5.822478423289967,True,HBAR/USDT,2024-06-18 20:00:00,2024,6,6,6,-0.14448765157420798,16.2
1718740800000,LONG,-0.0369292981998344,-1.432662759101195,4.877928515523081,True,ADA/USDT,2024-06-18 20:00:00,2024,7,7,7,-0.06998000017961879,0.2
1718755200000,LONG,8.189669421487599,-0.111698121483554,8.539669421487599,False,RSR/USDT,2024-06-19 00:00:00,2024,8,8,8,-0.1186758713731575,11.600000000000001
1718755200000,LONG,8.223858921161835,-0.1310538844979173,8.573858921161834,False,GAS/USDT,2024-06-19 00:00:00,2024,9,9,9,-0.05269353402058435,10.2
1718755200000,LONG,-10.693773434648437,-0.8777705398965232,10.343773434648435,False,GMX/USDT,2024-06-19 00:00:00,2024,10,10,10,0.02260117789947703,5.4
1718755200000,LONG,-1.970118486277351,0.4344469753650696,7.5204449280619,True,ARB/USDT,2024-06-19 00:00:00,2024,11,11,11,-0.16609835681508403,13.200000000000001
1718755200000,LONG,-1.8711502396332456,-1.1999880140600128,8.339987497395283,False,COTI/USDT,2024-06-19 00:00:00,2024,12,12,12,-0.14285623528040375,11.200000000000001
1718755200000,LONG,0.4873806732540621,-0.5767864266869377,9.4668564729526,False,MAGIC/USDT,2024-06-19 00:00:00,2024,13,13,13,-0.07798279839324133,13.0
1718755200000,LONG,1.7253917831427446,-0.0453413839195899,6.8030919102075424,False,DASH/USDT,2024-06-19 00:00:00,2024,14,14,14,-0.07011442144605354,6.4
1718755200000,LONG,-1.192514581983149,0.1197301873878743,8.506027219701865,False,ONE/USDT,2024-06-19 00:00:00,2024,15,15,15,-0.07093022170449133,3.2
1718755200000,LONG,-2.547995428169502,0.3977759733060927,8.171513979250914,False,MINA/USDT,2024-06-19 00:00:00,2024,16,16,16,-0.12068987826749633,12.4
1718755200000,LONG,-0.6129848783695013,0.8537566720289519,7.490723208415517,True,CFX/USDT,2024-06-19 00:00:00,2024,17,17,17,0.012278965677212495,1.4000000000000001
1718755200000,LONG,-0.776595315024232,-0.0400225582366728,6.430583602584823,True,BCH/USDT,2024-06-19 00:00:00,2024,18,18,18,-0.02870605594676721,30.599999999999998
1718755200000,LONG,-3.797701532311793,-0.8718538958185276,8.03820786142571,False,EGLD/USDT,2024-06-19 00:00:00,2024,19,19,19,-0.07690401161517124,7.6
1718755200000,LONG,-0.1903193612774449,0.1500961756897395,7.941676646706577,True,MASK/USDT,2024-06-19 00:00:00,2024,20,20,20,-0.13731357221917537,4.8
1718755200000,LONG,-3.202028639618129,0.6626935102083444,8.94939140811456,True,SUSHI/USDT,2024-06-19 00:00:00,2024,21,21,21,-0.128929729435109,2.4
1718755200000,LONG,-0.4122148486105397,-1.721783627152346,7.867440895893807,False,ARPA/USDT,2024-06-19 00:00:00,2024,22,22,22,-0.0989086573722584,8.0
1718755200000,LONG,-5.261516586675693,-1.5536108264729864,7.77902826817769,False,ID/USDT,2024-06-19 00:00:00,2024,23,23,23,-0.07262076402647834,13.200000000000001
1718755200000,LONG,-5.5893516773463885,-0.7182897328945591,9.018582736524683,False,BLUR/USDT,2024-06-19 00:00:00,2024,24,24,24,-0.07347597759815308,2.1999999999999997
1718755200000,LONG,-1.3314404643702753,-1.4813641613685424,7.446448483922709,True,VET/USDT,2024-06-19 00:00:00,2024,25,25,25,-0.09879429449854985,6.0
1718755200000,LONG,-4.911970125151394,0.4968180926305928,8.229309648768664,False,CHR/USDT,2024-06-19 00:00:00,2024,26,26,26,-0.041273399163204036,7.199999999999999
1718755200000,LONG,8.275352452102654,0.0182059614366627,8.625352452102653,True,SUI/USDT,2024-06-19 00:00:00,2024,27,27,27,-0.1403834469093847,9.4
1718755200000,LONG,-2.534904297580346,-0.3451131910771988,8.023239436619704,False,SKL/USDT,2024-06-19 00:00:00,2024,28,28,28,-0.18336754826021634,2.0
1718755200000,LONG,-9.267703992472113,-0.7535516120290301,8.917703992472113,False,ILV/USDT,2024-06-19 00:00:00,2024,29,29,29,-0.026975917282216152,8.6
1718755200000,LONG,-0.9210601455282263,-0.0350590647626771,7.862213318596309,False,WOO/USDT,2024-06-19 00:00:00,2024,30,30,30,-0.12023869003297467,19.8
1718755200000,LONG,6.812672083051247,-1.4778018800254888,7.162672083051247,False,BSV/USDT,2024-06-19 00:00:00,2024,31,31,31,-0.10305335993329257,9.2
1718755200000,LONG,-8.031388174807203,1.183718760424314,7.6813881748072035,False,CYBER/USDT,2024-06-19 00:00:00,2024,32,32,32,-0.013811177762299613,1.4000000000000001
1718755200000,LONG,0.2943694384780579,-0.5566337430947335,8.024532065050627,False,ZEN/USDT,2024-06-19 00:00:00,2024,33,33,33,-0.11215971985416504,3.2
1718755200000,LONG,0.7366284334440062,0.5598665856346869,8.425264111077563,True,MANA/USDT,2024-06-19 00:00:00,2024,34,34,34,-0.04250781988592523,9.2
1718755200000,LONG,1.16384083044982,-0.0655751962759506,8.7664504036909,False,ASTR/USDT,2024-06-19 00:00:00,2024,35,35,35,-0.05180652532235062,12.8
1718755200000,LONG,0.984275868162939,-0.7873071247947593,7.471140761685957,True,NEO/USDT,2024-06-19 00:00:00,2024,36,36,36,-0.04298967942634649,13.200000000000001
1718755200000,LONG,3.59207562349155,0.8110061507683505,8.10702601233575,False,STORJ/USDT,2024-06-19 00:00:00,2024,37,37,37,-0.054809764785403656,13.8
1718755200000,LONG,2.607164601000218,0.1923272800750187,6.716873233311578,False,KAVA/USDT,2024-06-19 00:00:00,2024,38,38,38,0.02232774945779631,6.2
1718755200000,LONG,7.650000000000013,-1.837997249674588,10.88122613065325,True,NEAR/USDT,2024-06-19 00:00:00,2024,39,39,39,-0.1176137630215784,12.2
1718755200000,LONG,6.898298217179909,-0.9619432880929184,7.248298217179909,True,FLOW/USDT,2024-06-19 00:00:00,2024,40,40,40,-0.0380733614487414,0.4
1718755200000,LONG,7.768455188679246,-0.1091285135544146,8.118455188679246,False,IOTA/USDT,2024-06-19 00:00:00,2024,41,41,41,0.03500426351758241,4.6
1718755200000,LONG,3.588356164383572,-0.446211651513568,8.551426940639269,False,ZRX/USDT,2024-06-19 00:00:00,2024,42,42,42,-0.07639224783786143,3.8
1718755200000,LONG,3.170114942528729,0.8596738636298176,7.713038793103447,True,GALA/USDT,2024-06-19 00:00:00,2024,43,43,43,0.013678683057869496,15.0
1718755200000,LONG,1.9529850049049329,-0.8065015215185508,11.114378474330836,True,GRT/USDT,2024-06-19 00:00:00,2024,44,44,44,-0.17691956360705363,12.8
1718755200000,LONG,2.5085154936343925,-2.1335306246584547,7.36497717991834,True,RUNE/USDT,2024-06-19 00:00:00,2024,45,45,45,-0.14599255648711443,3.8
1718755200000,LONG,2.588692788380332,-0.5041651335299805,7.119540618138835,True,AXS/USDT,2024-06-19 00:00:00,2024,46,46,46,-0.01890984565676248,6.800000000000001
1718755200000,LONG,1.4212550607287522,-0.6397448781804667,8.473785425101207,True,SNX/USDT,2024-06-19 00:00:00,2024,47,47,47,-0.1477669289923256,12.8
1718755200000,LONG,1.351602959309485,0.6402196114955228,7.061405672009869,True,GMT/USDT,2024-06-19 00:00:00,2024,48,48,48,-0.12591053164117266,1.0
1718755200000,LONG,1.2170530337369685,-1.5126394621799424,9.04142329858188,True,IMX/USDT,2024-06-19 00:00:00,2024,49,49,49,-0.14452011186580788,12.2
1718755200000,LONG,6.817930125247186,0.7228312794866051,7.167930125247198,False,ANKR/USDT,2024-06-19 00:00:00,2024,50,50,50,-0.05196127073919917,10.6
1718755200000,LONG,5.306057467718467,-0.7104237989164789,5.656057467718466,False,CAKE/USDT,2024-06-19 00:00:00,2024,51,51,51,0.0195576255238879,8.799999999999999
1718755200000,LONG,4.148594189315847,0.2263794333971286,7.214526710402998,True,SAND/USDT,2024-06-19 00:00:00,2024,52,52,52,-0.03351660702255789,10.4
1718755200000,LONG,4.292651748836723,-0.6767942981210787,6.815658493229464,False,STEEM/USDT,2024-06-19 00:00:00,2024,53,53,53,0.028845924951355933,12.6
1718755200000,LONG,5.261718721055161,-0.4127926800175714,5.61171872105516,True,AVAX/USDT,2024-06-19 00:00:00,2024,54,54,54,-0.1693561063375314,10.6
1718755200000,LONG,7.675142536685668,-3.03529430466476,8.025142536685678,False,MTL/USDT,2024-06-19 00:00:00,2024,55,55,55,-0.0777243979145237,13.8
1718755200000,LONG,2.7128694250403065,-0.0559444557871259,6.246641590542717,False,BAT/USDT,2024-06-19 00:00:00,2024,56,56,56,0.058371327227355885,4.3999999999999995
1718755200000,LONG,-4.477134724857673,0.1947741210851586,8.198434535104365,True,ZEC/USDT,2024-06-19 00:00:00,2024,57,57,57,0.013796829441896022,3.0
1718755200000,LONG,6.175859734633093,1.090904069076021,9.823199295965338,True,THETA/USDT,2024-06-19 00:00:00,2024,58,58,58,-0.08932452072499712,10.0
1718755200000,LONG,0.3031049250535326,-0.9617799720647008,7.526648822269813,True,APE/USDT,2024-06-19 00:00:00,2024,59,59,59,-0.0672322168064669,1.7999999999999998
1718755200000,LONG,6.487782526115853,-0.6978279707608038,6.837782526115853,False,RLC/USDT,2024-06-19 00:00:00,2024,60,60,60,-0.04689736450197127,10.6
1718755200000,LONG,11.15404559319314,-1.0956972452829528,11.50404559319314,True,FET/USDT,2024-06-19 00:00:00,2024,61,61,61,-0.08480560007582386,3.5999999999999996
1718755200000,LONG,10.240401555191056,-0.3693348731438795,10.590401555191056,True,ARKM/USDT,2024-06-19 00:00:00,2024,62,62,62,-0.09120129283913984,9.6
1718755200000,LONG,-1.126204301712383,-1.0017132170631795,8.741743200805836,True,STX/USDT,2024-06-19 00:00:00,2024,63,63,63,-0.028662626099312773,13.4
1718755200000,LONG,-1.1142095207769482,0.3288581941888416,6.696927240885213,True,DOGE/USDT,2024-06-19 00:00:00,2024,64,64,64,-0.19337531757189633,5.6000000000000005
1718755200000,LONG,0.8200468018720674,-0.3073083798476953,6.093798751950085,False,QTUM/USDT,2024-06-19 00:00:00,2024,65,65,65,-0.08515280777221236,9.6
1718755200000,LONG,0.5032423208191134,-0.1095637259891612,7.445733788395886,True,CELO/USDT,2024-06-19 00:00:00,2024,66,66,66,-0.11394614694071109,8.799999999999999
1718755200000,LONG,-1.1041263517359126,0.6556876003981045,7.974686966420023,True,APT/USDT,2024-06-19 00:00:00,2024,67,67,67,-0.20423990760628866,0.4
1718769600000,LONG,-0.8830599692465327,0.6504887571003183,7.556483854433623,False,ENJ/USDT,2024-06-19 04:00:00,2024,61,68,68,-0.0697765799799151,21.6
1718769600000,LONG,6.8325473991249375,-1.0664747368219611,7.182547399124937,False,ONT/USDT,2024-06-19 04:00:00,2024,62,69,69,0.010082627316020925,16.0
1718769600000,LONG,-0.3949034575662276,-1.1114145219754208,7.037696452626852,True,FIL/USDT,2024-06-19 04:00:00,2024,63,70,70,-0.10778920370297519,1.6
1718769600000,LONG,7.502615688642473,-0.5441956763733672,7.852615688642473,False,NMR/USDT,2024-06-19 04:00:00,2024,64,71,71,-0.07814096513615235,8.4
1718769600000,LONG,-2.355870841487283,-0.3222301311564947,6.592221135029354,False,RVN/USDT,2024-06-19 04:00:00,2024,65,72,72,-0.06934134026632831,5.4
1718769600000,LONG,-2.082851985559576,0.3968280654091553,6.994657039711185,True,ALGO/USDT,2024-06-19 04:00:00,2024,66,73,73,-0.053757489688439825,2.1999999999999997
1718784000000,LONG,-1.9471790085044591,-1.7141435311582025,5.552810620203278,False,ARPA/USDT,2024-06-19 08:00:00,2024,7,73,73,-0.075256240058814,3.2
1718784000000,LONG,5.2997560975609845,-0.9539985687762984,5.649756097560984,True,FLOW/USDT,2024-06-19 08:00:00,2024,8,73,73,0.012680314412965746,10.2
1718784000000,LONG,5.337640126473128,-0.4413652313524162,5.687640126473127,False,ZRX/USDT,2024-06-19 08:00:00,2024,9,73,73,-0.031086379365533653,1.6
1718784000000,LONG,3.70260906757912,-0.0450152655708982,4.05260906757912,False,DASH/USDT,2024-06-19 08:00:00,2024,10,73,73,-0.035928057557400125,6.4
1718784000000,LONG,0.3576663858466692,-0.5742815284236054,7.170648694187041,False,MAGIC/USDT,2024-06-19 08:00:00,2024,11,73,73,-0.012692611495717907,13.0
1718784000000,LONG,4.123170173833481,-2.4752646545369683,4.473170173833481,False,BSV/USDT,2024-06-19 08:00:00,2024,12,73,73,-0.06394434746609895,9.0
1718784000000,LONG,3.725215146299474,-0.2713626038724421,4.075215146299475,True,CELO/USDT,2024-06-19 08:00:00,2024,13,73,73,-0.06611728610855631,8.799999999999999
1718784000000,LONG,4.691404886561958,0.0692010448440848,5.041404886561958,False,KAVA/USDT,2024-06-19 08:00:00,2024,14,73,73,0.050746650805180225,9.4
1718784000000,LONG,5.475246305418704,0.6383771405521469,5.825246305418704,True,GMT/USDT,2024-06-19 08:00:00,2024,15,73,73,-0.060838880132786,5.0
1718784000000,LONG,4.92911253585286,-0.5033540180500259,5.2791125358528594,True,AXS/USDT,2024-06-19 08:00:00,2024,16,73,73,0.016719634334800393,19.6
1718784000000,LONG,5.2936330935251785,0.8568543439147344,5.643633093525178,True,GALA/USDT,2024-06-19 08:00:00,2024,17,73,73,0.056386245486450035,15.0
1718784000000,LONG,4.43562900407689,-0.0950157285244909,4.78562900407689,False,ASTR/USDT,2024-06-19 08:00:00,2024,18,73,73,-0.028812475909856316,20.599999999999998
1718784000000,LONG,5.521745238838579,0.2260498137530068,5.871745238838579,True,SAND/USDT,2024-06-19 08:00:00,2024,19,73,73,0.02712359765526668,3.4000000000000004
1718784000000,LONG,-2.7470127680077123,0.6590183519710101,5.33183570224043,True,SUSHI/USDT,2024-06-19 08:00:00,2024,20,73,73,-0.08555924713459036,8.200000000000001
1719216000000,LONG,6.175175507926911,-1.552295220748022,7.639948393695669,False,ID/USDT,2024-06-24 08:00:00,2024,1,1,1,-0.017498533055458856,9.8
1719259200000,LONG,5.595983112846881,-0.923554854213246,5.94598311284688,True,BCH/USDT,2024-06-24 20:00:00,2024,1,2,2,0.04892708581204522,3.0
1719259200000,LONG,0.8458146487294577,-1.5583309568348966,9.220414264360445,False,ARPA/USDT,2024-06-24 20:00:00,2024,2,3,3,-0.0922048000373744,14.799999999999999
1719259200000,LONG,1.531088343970441,1.8591656764097275,6.439849960810662,True,XLM/USDT,2024-06-24 20:00:00,2024,3,4,4,-0.060562534103375525,21.2
1719259200000,LONG,6.643973902728364,-1.7144627641878416,6.993973902728364,True,VET/USDT,2024-06-24 20:00:00,2024,4,5,5,-0.030832239897420052,14.000000000000002
1719259200000,LONG,0.4707040572792429,-1.7399401374073244,4.434337708830553,True,ETH/USDT,2024-06-24 20:00:00,2024,5,6,6,-0.06031421582796753,17.599999999999998
1719259200000,LONG,-5.351859427296379,-0.3777662703607957,10.014168835998507,False,MINA/USDT,2024-06-24 20:00:00,2024,6,7,7,-0.07563311571754382,3.5999999999999996
1719259200000,LONG,-5.465961800818558,0.3504214184805164,10.671248294679412,False,YGG/USDT,2024-06-24 20:00:00,2024,7,8,8,-0.03606671478599735,9.6
1719259200000,LONG,-0.2986125385405981,-0.437268018490659,8.189928057553972,False,RVN/USDT,2024-06-24 20:00:00,2024,8,9,9,-0.04649422591785601,5.4
1719259200000,LONG,-3.561805555555545,-1.340345448144558,9.608410493827163,False,AGLD/USDT,2024-06-24 20:00:00,2024,9,10,10,-0.06701576181240165,17.0
1719259200000,LONG,-0.0482758620689642,1.1037668461783632,6.746120689655177,False,KSM/USDT,2024-06-24 20:00:00,2024,10,11,11,0.00916847178886144,1.7999999999999998
1719273600000,LONG,-1.1839984103435388,-0.9370174975308724,5.2679876809784725,True,BTC/USDT,2024-06-25 00:00:00,2024,11,11,12,-0.16250656956320256,20.0
1719273600000,LONG,6.663650939074662,0.5035596155169961,7.013650939074662,False,CHR/USDT,2024-06-25 00:00:00,2024,12,12,13,-0.05396356933689906,7.3999999999999995
1719302400000,LONG,-0.4475957443678053,-0.925661522849086,5.112503208235315,True,BTC/USDT,2024-06-25 08:00:00,2024,1,12,13,-0.13796091344052702,19.6
1719561600000,SHORT,-9.0263253210405,0.0426940658962314,10.141751728679608,False,YFI/USDT,2024-06-28 08:00:00,2024,1,1,1,0.10620173642622366,11.0
1719748800000,SHORT,9.134335495218195,0.3921765099490642,9.484335495218197,False,KAS/USDT,2024-06-30 12:00:00,2024,1,1,1,-0.063735826809378,4.2
1719777600000,LONG,-5.962811791383232,0.4931948916002456,5.6128117913832325,False,MTL/USDT,2024-06-30 20:00:00,2024,1,2,2,0.06468941283048504,3.8
1719907200000,LONG,-8.14190751445086,-0.3343110994362433,7.791907514450861,True,ARKM/USDT,2024-07-02 08:00:00,2024,1,1,1,0.0391332234931218,0.4
1719993600000,SHORT,4.44443270971635,0.6750993292932684,4.794432709716349,False,YFI/USDT,2024-07-03 08:00:00,2024,1,1,2,0.08557122021013387,12.0
1720152000000,LONG,6.544840805717998,-1.789189398106668,6.8948408057179975,False,SFP/USDT,2024-07-05 04:00:00,2024,1,1,1,-0.009120006715511018,8.799999999999999
1720166400000,LONG,8.751172344689374,-0.4139852957006659,9.101172344689374,True,DOGE/USDT,2024-07-05 08:00:00,2024,2,2,2,0.0299652818740034,0.8
1720166400000,LONG,8.585433070866141,-0.0937839221100412,8.935433070866141,False,ONT/USDT,2024-07-05 08:00:00,2024,3,3,3,-0.002040832847419274,17.8
1720166400000,LONG,8.38723554301835,0.145061631240242,8.73723554301835,False,ZRX/USDT,2024-07-05 08:00:00,2024,4,4,4,0.12555093925626548,10.8
1720166400000,LONG,8.254989939637822,-0.8735632546579383,8.604989939637822,False,ANKR/USDT,2024-07-05 08:00:00,2024,5,5,5,0.09199962464195784,1.6
1720166400000,LONG,8.148233095480808,-0.9311151348347444,8.498233095480808,False,GAS/USDT,2024-07-05 08:00:00,2024,6,6,6,0.05663867778924162,13.8
1720166400000,LONG,8.01010544815464,0.2684955418273705,8.36010544815464,False,KAVA/USDT,2024-07-05 08:00:00,2024,7,7,7,0.09349493791204376,12.0
1720166400000,LONG,8.003128555176326,-1.1411590083856114,8.353128555176335,True,SAND/USDT,2024-07-05 08:00:00,2024,8,8,8,0.11256904927580648,3.8
1720166400000,LONG,4.987579617834392,-0.6124693497371783,10.155694267515932,True,AAVE/USDT,2024-07-05 08:00:00,2024,9,9,9,-0.002469221508511004,23.200000000000003
1720166400000,LONG,5.054301660767783,2.075310639927053,9.406820038115969,True,XMR/USDT,2024-07-05 08:00:00,2024,10,10,10,0.21642023691687365,12.8
1720166400000,LONG,5.422189506074599,0.0386887606315571,11.153859621200066,True,INJ/USDT,2024-07-05 08:00:00,2024,11,11,11,0.03457333566947104,6.800000000000001
1720166400000,LONG,5.616891031471714,-0.4949127943285119,9.948972166636349,False,ILV/USDT,2024-07-05 08:00:00,2024,12,12,12,0.05923351726680288,3.0
1720166400000,LONG,5.671073758153534,0.6388912235349479,10.955343702960356,False,KSM/USDT,2024-07-05 08:00:00,2024,13,13,13,0.0099048585469908,3.2
1720166400000,LONG,5.82816091954023,-0.8900236275340573,10.184051724137936,False,QTUM/USDT,2024-07-05 08:00:00,2024,14,14,14,0.00558230965528861,10.2
1720166400000,LONG,8.848174442190652,,9.198174442190664,True,MASK/USDT,2024-07-05 08:00:00,2024,15,15,15,0.1262963063607064,0.0
1720166400000,LONG,8.997370939761936,-0.0402666217846287,9.347370939761936,True,GRT/USDT,2024-07-05 08:00:00,2024,16,16,16,0.047227788341362785,1.2
1720166400000,LONG,6.833896324622903,-0.8898201955531649,7.183896324622903,True,AXS/USDT,2024-07-05 08:00:00,2024,17,17,17,0.1188078958436086,0.6
1720166400000,LONG,7.027085927770851,-0.1926246690604267,7.37708592777085,False,BAT/USDT,2024-07-05 08:00:00,2024,18,18,18,0.09166389711163407,8.4
1720166400000,LONG,7.031288199341802,0.7307202430264271,11.03403855195111,True,SUI/USDT,2024-07-05 08:00:00,2024,19,19,19,0.09335796132674938,12.4
1720166400000,LONG,7.678241664291811,-1.0911385790248918,8.02824166429181,True,FIL/USDT,2024-07-05 08:00:00,2024,20,20,20,0.023996511418623318,0.8
1720166400000,LONG,7.765974196370008,-2.4103422672593737,8.115974196370008,True,NEO/USDT,2024-07-05 08:00:00,2024,21,21,21,0.12046111423211293,14.000000000000002
1720166400000,LONG,7.814175775150577,,10.886036136515722,True,COMP/USDT,2024-07-05 08:00:00,2024,22,22,22,-0.0032671508709526498,8.4
1720166400000,LONG,9.321027131782932,-0.4902776227779387,9.671027131782932,True,ARB/USDT,2024-07-05 08:00:00,2024,23,23,23,0.10997908231378593,9.2
1720166400000,LONG,9.337947269303198,-0.1581127361733293,9.687947269303198,False,RVN/USDT,2024-07-05 08:00:00,2024,24,24,24,0.059341452120645524,5.4
1720166400000,LONG,9.492244224422445,,9.842244224422444,False,DASH/USDT,2024-07-05 08:00:00,2024,25,25,25,0.012118238096941082,8.0
1720166400000,LONG,9.288768430182138,-1.4568348898265109,9.638768430182138,False,ONE/USDT,2024-07-05 08:00:00,2024,26,26,26,0.06305064511784202,2.0
1720166400000,LONG,9.304867017685988,-0.2597967618120004,9.654867017685977,True,UNI/USDT,2024-07-05 08:00:00,2024,27,27,27,0.013279932572949555,11.0
1720166400000,LONG,9.25996515679443,-0.7944718641442371,9.609965156794429,False,IOTA/USDT,2024-07-05 08:00:00,2024,28,28,28,0.057644607348589796,7.199999999999999
1720166400000,LONG,9.191006938267208,0.5137242754436235,9.541006938267207,False,WOO/USDT,2024-07-05 08:00:00,2024,29,29,29,0.08449832665098908,15.2
1720166400000,LONG,9.0827315972434,-0.4191164056401518,9.4327315972434,False,STEEM/USDT,2024-07-05 08:00:00,2024,30,30,30,0.12890757002954475,15.0
1720166400000,LONG,9.168305926155758,-1.3374003417563192,9.518305926155758,True,HBAR/USDT,2024-07-05 08:00:00,2024,31,31,31,0.04038669978810632,15.6
1720166400000,LONG,9.85700746697302,,10.207007466973012,True,ZEC/USDT,2024-07-05 08:00:00,2024,32,32,32,-0.030605025102334562,3.2
1720166400000,LONG,9.99273288439955,0.7932442505038646,10.342732884399547,False,ARPA/USDT,2024-07-05 08:00:00,2024,33,33,33,0.05561429023381332,15.6
1720166400000,LONG,9.56165602955996,,9.91165602955996,False,ENJ/USDT,2024-07-05 08:00:00,2024,34,34,34,0.07990468849572893,3.0
1720166400000,LONG,9.650338091660387,-1.1524615062849457,10.000338091660396,True,SEI/USDT,2024-07-05 08:00:00,2024,35,35,35,0.059033165146260384,0.6
1720166400000,LONG,10.126098191214458,-1.7877458486661286,10.476098191214458,False,STORJ/USDT,2024-07-05 08:00:00,2024,36,36,36,0.06838064623726453,14.799999999999999
1720166400000,LONG,9.554669030732857,0.5751225162336562,9.904669030732856,False,1INCH/USDT,2024-07-05 08:00:00,2024,37,37,37,0.09313669028048734,7.3999999999999995
1720166400000,LONG,9.345137693631685,-2.3042677703529435,9.695137693631684,False,LQTY/USDT,2024-07-05 08:00:00,2024,38,38,38,0.035056463219394284,2.4
1720166400000,LONG,7.859778597785981,1.2836882431184904,8.20977859778598,False,KNC/USDT,2024-07-05 08:00:00,2024,39,39,39,0.14979960885271146,14.399999999999999
1720166400000,LONG,-0.0301395754579848,-0.640203421690989,10.859966560046525,True,STX/USDT,2024-07-05 08:00:00,2024,40,40,40,0.047821054223958645,1.0
1720166400000,LONG,6.663638705157529,-0.6217846614265694,7.013638705157529,True,BNB/USDT,2024-07-05 08:00:00,2024,41,41,41,0.0969513003732774,32.4
1720166400000,LONG,4.152874175005321,-1.4895468593295984,10.870704705130931,False,CKB/USDT,2024-07-05 08:00:00,2024,42,42,42,0.10178714636126603,15.8
1720166400000,LONG,6.100833534670212,-1.7579655259180065,10.67588185552065,False,API3/USDT,2024-07-05 08:00:00,2024,43,43,43,0.19347025693531927,1.2
1720166400000,LONG,11.170947765212707,-0.8452049380208656,11.520947765212709,False,CAKE/USDT,2024-07-05 08:00:00,2024,44,44,44,-0.0008474064573484717,8.6
1720166400000,LONG,10.177220763170082,-3.25853384883522,10.527220763170082,True,ICP/USDT,2024-07-05 08:00:00,2024,45,45,45,-0.02308708528487335,0.4
1720166400000,LONG,10.04241473397,-1.1982523480715732,10.392414733969998,False,COTI/USDT,2024-07-05 08:00:00,2024,46,46,46,0.0802811246651357,13.8
1720166400000,LONG,11.513667194212072,-1.3895484192364989,11.863667194212072,False,MINA/USDT,2024-07-05 08:00:00,2024,47,47,47,0.06827822493837699,1.7999999999999998
1720166400000,LONG,10.455951011014308,-0.7972511024685774,10.805951011014308,True,AVAX/USDT,2024-07-05 08:00:00,2024,48,48,48,0.049534442343201576,15.0
1720166400000,LONG,4.026445472335875,0.576590048137228,9.239476961394775,True,APT/USDT,2024-07-05 08:00:00,2024,49,49,49,0.00695861195738319,1.2
1720166400000,LONG,9.436714542190307,-0.3873181301150778,9.786714542190309,False,SKL/USDT,2024-07-05 08:00:00,2024,50,50,50,0.07513155914005408,16.6
1720166400000,LONG,11.54664324746293,-1.5956433898768652,11.89664324746292,False,CYBER/USDT,2024-07-05 08:00:00,2024,51,51,51,0.09520642346281269,69.39999999999999
1720180800000,LONG,11.547954842931924,-2.5043261632011955,11.897954842931934,True,CHZ/USDT,2024-07-05 12:00:00,2024,51,52,52,0.13025411545933377,2.1999999999999997
1720180800000,LONG,7.601660939289792,,7.951660939289804,True,LTC/USDT,2024-07-05 12:00:00,2024,52,53,53,0.21125955476118374,0.0
1720180800000,LONG,3.905319148936176,-1.324680920558441,11.092771298851604,False,DUSK/USDT,2024-07-05 12:00:00,2024,53,54,54,0.02779914663393008,12.4
1720180800000,LONG,11.5335356321839,2.198323150648992,11.883535632183898,False,POLYX/USDT,2024-07-05 12:00:00,2024,54,55,55,-0.04332616411827666,23.400000000000002
1720180800000,LONG,10.484339622641508,-0.870300272953421,10.834339622641508,False,UMA/USDT,2024-07-05 12:00:00,2024,55,56,56,0.19448546040135364,4.8
1720180800000,LONG,4.358723211590703,0.2701537373631861,8.966948385149415,True,ETC/USDT,2024-07-05 12:00:00,2024,56,57,57,0.05228050875736618,0.0
1720180800000,LONG,9.345242091130311,-1.6846779007892263,9.69524209113031,False,ID/USDT,2024-07-05 12:00:00,2024,57,58,58,0.12495178497814075,14.000000000000002
1720180800000,LONG,9.52177144904174,,9.87177144904174,True,ATOM/USDT,2024-07-05 12:00:00,2024,58,59,59,0.042672224786483436,0.6
1720180800000,LONG,8.658052859797648,-1.9985882396599404,9.008052859797647,False,GMX/USDT,2024-07-05 12:00:00,2024,59,60,60,-0.019482061960519784,11.600000000000001
1720180800000,LONG,6.1588757396449765,-1.414863503557349,8.559171597633128,True,FLOW/USDT,2024-07-05 12:00:00,2024,60,61,61,0.07517190459373059,13.200000000000001
1720180800000,LONG,5.899999999999992,,9.97141927083334,True,SNX/USDT,2024-07-05 12:00:00,2024,61,62,62,0.040694058909150344,1.0
1720180800000,LONG,5.576338397899912,0.7033077670843391,10.063002147800502,True,THETA/USDT,2024-07-05 12:00:00,2024,62,63,63,0.14971386785805652,1.4000000000000001
1720180800000,LONG,4.887071539472107,-1.206289804669174,9.343610414427332,False,RLC/USDT,2024-07-05 12:00:00,2024,63,64,64,0.1566394166049744,10.8
1720180800000,LONG,4.439053591790193,,10.61673318129988,False,BSV/USDT,2024-07-05 12:00:00,2024,64,65,65,0.14008365010813384,3.4000000000000004
1720180800000,LONG,4.183268340238863,1.2181063234487106,10.845893248842303,True,LINK/USDT,2024-07-05 12:00:00,2024,65,66,66,0.14946607268791037,0.0
1720180800000,LONG,-1.3759254124497535,0.090629987536979,10.45936503535284,True,APE/USDT,2024-07-05 12:00:00,2024,66,67,67,0.12385754072338409,1.4000000000000001
1720180800000,LONG,7.293312101910835,0.3626285329581069,11.942250530785566,True,CELO/USDT,2024-07-05 12:00:00,2024,67,68,68,0.16302789836581458,8.799999999999999
1720180800000,LONG,2.184130663081358,-0.0861734830457127,6.634826988809293,True,ETH/USDT,2024-07-05 12:00:00,2024,68,69,69,0.13922733818324645,25.4
1720180800000,LONG,1.0762635179872042,-0.9047686041313708,6.123131317589936,True,BTC/USDT,2024-07-05 12:00:00,2024,69,70,70,0.09832233267962817,27.0
1720180800000,LONG,2.9020325203252013,,10.097313538352775,True,XLM/USDT,2024-07-05 12:00:00,2024,70,71,71,0.08999317290420102,0.0
1720180800000,LONG,3.163770180436852,-0.176227634486178,10.525641025641018,True,GALA/USDT,2024-07-05 12:00:00,2024,71,72,72,0.07858115340949509,10.0
1720180800000,LONG,3.522507035360334,0.3286137773522998,10.937269056649928,False,KAS/USDT,2024-07-05 12:00:00,2024,72,73,73,0.01996230480663277,4.3999999999999995
1720180800000,LONG,2.8044665012407,-0.2417957090435147,10.975074441687331,True,BCH/USDT,2024-07-05 12:00:00,2024,73,74,74,0.17578929281460828,10.4
1720195200000,LONG,4.171118381915524,-0.1862616610530302,11.450267697798935,False,BAT/USDT,2024-07-05 16:00:00,2024,24,74,74,0.1513273087855532,5.4
1720195200000,LONG,3.844042484582209,-0.2479037376340629,9.050725543149666,True,BNB/USDT,2024-07-05 16:00:00,2024,25,74,74,0.15001460020694232,32.2
1720195200000,LONG,2.6439545149217905,-0.4035594327806716,11.924172344304765,True,DOGE/USDT,2024-07-05 16:00:00,2024,26,74,74,0.09733820434280477,1.2
1720195200000,LONG,7.090627866680254,-0.9169043227807204,9.557639384364483,False,TLM/USDT,2024-07-05 16:00:00,2024,27,75,75,0.13743653024270475,2.8000000000000003
1720195200000,LONG,2.193507362784469,-0.9980225155386512,11.978380187416342,False,IOTA/USDT,2024-07-05 16:00:00,2024,28,75,75,0.11957171304631674,4.3999999999999995
1720195200000,LONG,6.687210969707831,0.5697654595285525,7.03721096970783,True,APT/USDT,2024-07-05 16:00:00,2024,29,75,75,0.03639373751157432,0.0
1720195200000,LONG,5.653262642740626,-0.3218411615133932,11.977748776508976,False,GAS/USDT,2024-07-05 16:00:00,2024,30,75,75,0.09246478924632968,13.8
1720195200000,LONG,4.888375515008824,-0.0925189664351231,10.921365509123014,False,ONT/USDT,2024-07-05 16:00:00,2024,31,75,75,0.04702814929956104,16.6
1720195200000,LONG,10.211258426966298,1.2714606372391362,10.561258426966296,False,KNC/USDT,2024-07-05 16:00:00,2024,32,75,75,0.19123910000906572,14.399999999999999
1720195200000,LONG,11.527339346110486,,11.877339346110483,False,ALICE/USDT,2024-07-05 16:00:00,2024,33,76,76,0.1610197209997617,6.6000000000000005
1720195200000,LONG,4.654222972972972,0.4747344500437286,11.32047086148649,False,MTL/USDT,2024-07-05 16:00:00,2024,34,77,77,0.11118805062161641,20.0
1720195200000,LONG,8.34017731494511,-1.083052116810857,8.69017731494511,True,FIL/USDT,2024-07-05 16:00:00,2024,35,77,77,0.05152693371695406,0.4
1720195200000,LONG,9.2585995085995,-1.3221117856263995,9.6085995085995,False,IOST/USDT,2024-07-05 16:00:00,2024,36,78,78,0.09915149078419559,5.0
1720195200000,LONG,9.006725146198827,-1.0792110533520385,11.794235588972429,False,ONE/USDT,2024-07-05 16:00:00,2024,37,78,78,0.12379089738169324,3.4000000000000004
1720195200000,LONG,8.636924337115468,-2.980575735670909,8.986924337115468,False,API3/USDT,2024-07-05 16:00:00,2024,38,78,78,0.19699244542864852,0.8
1720195200000,LONG,7.804808444096947,-1.4301137136747473,11.127466770914792,True,GMT/USDT,2024-07-05 16:00:00,2024,39,79,79,0.10654808060021902,6.0
1720195200000,LONG,7.839059345983049,-1.1807855900380082,8.189059345983049,False,ANKR/USDT,2024-07-05 16:00:00,2024,40,79,79,0.11193526754111074,10.6
1720195200000,LONG,4.171868050407713,0.4089563134289863,10.995340463835651,False,CKB/USDT,2024-07-05 16:00:00,2024,41,79,79,0.14337933240171866,3.8
1720195200000,LONG,4.89945867441246,-0.3815950632788173,5.24945867441246,False,SKL/USDT,2024-07-05 16:00:00,2024,42,79,79,0.05415056489088954,16.6
1720195200000,LONG,5.508788182273399,,10.334902353530296,True,MASK/USDT,2024-07-05 16:00:00,2024,43,79,79,0.17052326972459497,0.0
1720195200000,LONG,8.191653290529686,-0.4857736877315151,8.541653290529686,True,ARB/USDT,2024-07-05 16:00:00,2024,44,79,79,0.13659249571610224,0.2
1720195200000,LONG,8.242187006423089,0.0382703717218972,11.433184163420028,True,INJ/USDT,2024-07-05 16:00:00,2024,45,79,79,0.087522788885802,4.6
1720195200000,LONG,3.1472445951674444,-2.354980047601331,10.739126748622295,True,NEO/USDT,2024-07-05 16:00:00,2024,46,79,79,0.1752487190355254,14.000000000000002
1720195200000,LONG,9.391976227761663,-0.8608681396460125,9.741976227761665,True,TRB/USDT,2024-07-05 16:00:00,2024,47,80,80,-0.04037456860241419,8.4
1720195200000,LONG,7.325378266850071,0.779548708285605,10.55799174690509,False,ARPA/USDT,2024-07-05 16:00:00,2024,48,80,80,0.10391098159050922,15.6
1720195200000,LONG,11.601819184123473,-1.1376385577571642,11.95181918412348,True,SEI/USDT,2024-07-05 16:00:00,2024,49,80,80,0.12029509253569325,1.4000000000000001
1720195200000,LONG,10.066958882854935,0.7218470036799278,10.416958882854937,True,SUI/USDT,2024-07-05 16:00:00,2024,50,80,80,0.12839724003220657,3.8
1720209600000,LONG,5.374657916783027,-3.721948906647561,9.61294331192404,False,LQTY/USDT,2024-07-05 20:00:00,2024,28,79,80,0.09256392422832281,10.4
1720209600000,LONG,9.69969440526562,-0.1616745437751495,10.049694405265631,False,RSR/USDT,2024-07-05 20:00:00,2024,29,80,81,0.14213238756966023,0.0
1720209600000,LONG,4.127272727272727,0.4939619007877925,11.21035227272727,False,WOO/USDT,2024-07-05 20:00:00,2024,30,80,81,0.1462381362885382,17.2
1720209600000,LONG,5.628103458263336,-0.6035368113471095,11.04216532468285,True,GRT/USDT,2024-07-05 20:00:00,2024,31,80,81,0.09680470067815895,0.0
1720209600000,LONG,10.99019123997532,-0.5580873013915022,11.34019123997532,False,STORJ/USDT,2024-07-05 20:00:00,2024,32,80,81,0.13956442636908295,7.3999999999999995
1720209600000,LONG,4.902387448840371,0.1427750582209028,9.68512960436562,False,ZRX/USDT,2024-07-05 20:00:00,2024,33,80,81,0.1772850507779505,2.1999999999999997
1720209600000,LONG,5.074538737224026,-2.507034340115622,9.744613070218126,False,DUSK/USDT,2024-07-05 20:00:00,2024,34,80,81,0.0553814281246742,12.4
1720209600000,LONG,5.138022881658926,-1.2004857637834985,9.538082469312355,False,RLC/USDT,2024-07-05 20:00:00,2024,35,80,81,0.17716093670141073,3.4000000000000004
1720209600000,LONG,4.040722363258703,-1.0658092711435343,10.648505654281111,False,CAKE/USDT,2024-07-05 20:00:00,2024,36,80,81,0.06599408330547345,11.0
1720209600000,LONG,6.656885378695831,-0.8674437353690411,10.55670311867152,True,AXS/USDT,2024-07-05 20:00:00,2024,37,80,81,0.18113293157636534,2.6
1720209600000,LONG,7.139621184465463,-1.6806624191376522,7.489621184465463,False,ID/USDT,2024-07-05 20:00:00,2024,38,80,81,0.1418728701717192,10.0
1720209600000,LONG,5.739891087590115,0.16309233298656,10.363291915938037,True,SUSHI/USDT,2024-07-05 20:00:00,2024,39,81,82,0.192742437676586,6.2
1720209600000,LONG,4.786702568351286,0.2620185711541539,11.671471969069312,False,KAVA/USDT,2024-07-05 20:00:00,2024,40,81,82,0.15843571121819267,12.0
1720209600000,LONG,7.335526680847131,2.197040997512628,7.685526680847131,False,POLYX/USDT,2024-07-05 20:00:00,2024,41,81,82,-0.03122500179257432,23.400000000000002
1720209600000,LONG,7.2424672489083,-0.8701883215995818,7.592467248908299,False,UMA/USDT,2024-07-05 20:00:00,2024,42,81,82,0.21008662697839225,3.8
1720209600000,LONG,9.06800328677074,-1.9918982665319376,9.41800328677074,False,GMX/USDT,2024-07-05 20:00:00,2024,43,81,82,0.006801298408260701,11.600000000000001
1720209600000,LONG,7.895730550284639,-0.1761697399293356,8.24573055028464,True,GALA/USDT,2024-07-05 20:00:00,2024,44,81,82,0.09989071900856879,5.6000000000000005
1720209600000,LONG,10.31269146608317,,10.662691466083167,True,ZEC/USDT,2024-07-05 20:00:00,2024,45,81,82,0.031903381988827056,3.2
1720209600000,LONG,9.938728866624924,-1.2534306170207032,10.288728866624924,False,ARK/USDT,2024-07-05 20:00:00,2024,46,82,83,0.18619208055559797,10.0
1720209600000,LONG,10.940448035737736,-2.3101319850717,11.290448035737734,False,COTI/USDT,2024-07-05 20:00:00,2024,47,82,83,0.1425493526306096,9.4
1720209600000,LONG,1.424893106524359,-0.238745206517642,11.628918145744247,True,BCH/USDT,2024-07-05 20:00:00,2024,48,82,83,0.21962630726201124,4.2
1720209600000,LONG,1.673450254786518,0.2653328705416676,10.475683965764617,True,ETC/USDT,2024-07-05 20:00:00,2024,49,82,83,0.09997951887309246,0.2
1720209600000,LONG,2.489523156054667,-0.0856006819865128,5.605081146009129,True,ETH/USDT,2024-07-05 20:00:00,2024,50,82,83,0.16788281114448178,9.8
1720209600000,LONG,3.577911275415895,,10.297643253234751,False,QTUM/USDT,2024-07-05 20:00:00,2024,51,82,83,0.08557170577998428,10.4
1720209600000,LONG,4.266652926628203,-0.4021462376390714,10.938110940996356,False,STEEM/USDT,2024-07-05 20:00:00,2024,52,82,83,0.1935350802241852,14.799999999999999
1720209600000,LONG,6.512745098039222,-1.412508091096584,7.92411764705883,True,FLOW/USDT,2024-07-05 20:00:00,2024,53,82,83,0.09919367714862792,8.200000000000001
1720209600000,LONG,6.127017036322735,-2.425513238542984,11.580745740919312,True,CHZ/USDT,2024-07-05 20:00:00,2024,54,82,83,0.17721213256325333,8.6
1720209600000,LONG,6.363615156227911,0.090224790355688,6.713615156227911,True,APE/USDT,2024-07-05 20:00:00,2024,55,82,83,0.1292941769754717,3.0
1720209600000,LONG,6.026081258191352,,6.376081258191352,True,SNX/USDT,2024-07-05 20:00:00,2024,56,82,83,0.0560280253193291,2.0
1720209600000,LONG,5.990895869691678,-1.5271144146468885,11.725770796974984,False,HFT/USDT,2024-07-05 20:00:00,2024,57,83,84,0.17940053179371396,0.8
1720209600000,LONG,5.907110352673502,,7.842718998862325,False,BSV/USDT,2024-07-05 20:00:00,2024,58,83,84,0.1528866519306582,9.4
1720209600000,LONG,9.24406779661017,0.0466592770899124,9.594067796610169,True,CELO/USDT,2024-07-05 20:00:00,2024,59,83,84,0.19555115265891213,5.2
1720209600000,LONG,4.460583283223104,-0.1535692685179377,10.61172579675285,False,RVN/USDT,2024-07-05 20:00:00,2024,60,83,84,0.1363041153919766,5.4
1720209600000,LONG,7.1935760517799325,,7.543576051779932,True,LTC/USDT,2024-07-05 20:00:00,2024,61,83,84,0.2383391220178856,2.6
1720224000000,LONG,5.212923992976927,-0.8663573125868081,5.562923992976927,True,TRB/USDT,2024-07-06 00:00:00,2024,35,67,84,-0.037172818076359665,9.8
1720224000000,LONG,7.424825643776812,-2.3319845012060885,7.774825643776811,True,JASMY/USDT,2024-07-06 00:00:00,2024,36,68,85,0.13773045288703667,9.8
1720224000000,LONG,7.921748400852874,-1.109022768980076,8.271748400852873,True,SAND/USDT,2024-07-06 00:00:00,2024,37,69,85,0.19214512648486123,0.8
1720224000000,LONG,5.133784974664021,1.2712847007726529,5.483784974664021,False,KNC/USDT,2024-07-06 00:00:00,2024,38,69,85,0.19459669637970925,1.7999999999999998
1720224000000,LONG,6.569087136929459,1.0415013903343742,6.919087136929458,True,CRV/USDT,2024-07-06 00:00:00,2024,39,70,86,-0.15422225707747295,1.2
1720224000000,LONG,4.884466308884923,-0.1863167320880211,5.234466308884922,False,BAT/USDT,2024-07-06 00:00:00,2024,40,70,86,0.1448952880599154,8.6
1720224000000,LONG,4.887895079830575,-0.3216521148984461,5.237895079830574,False,GAS/USDT,2024-07-06 00:00:00,2024,41,70,86,0.09761526657673672,13.8
1720224000000,LONG,5.498736183040889,-1.4319751864360029,5.8487361830409,True,GMT/USDT,2024-07-06 00:00:00,2024,42,70,86,0.11343566690653678,3.5999999999999996
1720224000000,LONG,5.321043771043776,,5.671043771043776,False,ALICE/USDT,2024-07-06 00:00:00,2024,43,70,86,0.157425017869554,1.2
1720224000000,LONG,3.8048330404217903,-0.0926436945659261,4.15483304042179,False,ONT/USDT,2024-07-06 00:00:00,2024,44,70,86,0.04930834264949203,18.0
1720224000000,LONG,4.469300093400367,-0.6096973485586489,4.819300093400367,True,BNB/USDT,2024-07-06 00:00:00,2024,45,70,86,0.15443764336805701,32.0
1720224000000,LONG,4.02160359379254,0.781168945770027,4.37160359379254,False,ARPA/USDT,2024-07-06 00:00:00,2024,46,70,86,0.10068924154642629,15.6
1720224000000,LONG,4.869442398737514,0.4749032349757449,5.219442398737514,False,MTL/USDT,2024-07-06 00:00:00,2024,47,70,86,0.11245765750048285,20.0
1720224000000,LONG,5.503297110397639,-0.3564266320304642,10.17396888120524,False,SKL/USDT,2024-07-06 00:00:00,2024,48,70,86,0.04131122052757631,16.6
1720224000000,LONG,4.732122093023255,-1.1422134790238947,5.082122093023255,True,SEI/USDT,2024-07-06 00:00:00,2024,49,70,86,0.1088613126022472,1.6
1720224000000,LONG,4.105733685401746,-1.322393685118899,4.4557336854017455,False,IOST/USDT,2024-07-06 00:00:00,2024,50,70,86,0.09487995045775365,19.0
1720238400000,LONG,-6.045972309628708,,5.695972309628708,True,SNX/USDT,2024-07-06 04:00:00,2024,17,64,86,0.05233363604933121,2.4
1720238400000,LONG,3.749396847155588,0.0906577847647124,4.099396847155588,True,APE/USDT,2024-07-06 04:00:00,2024,18,64,86,0.13342661592906555,3.2
1720238400000,LONG,7.045719443011865,-5.720368080920578,7.395719443011864,False,HIGH/USDT,2024-07-06 04:00:00,2024,19,65,87,0.1289705702308248,4.6
1720238400000,LONG,4.097604002106372,-0.8703205667331709,4.447604002106371,False,UMA/USDT,2024-07-06 04:00:00,2024,20,65,87,0.20771425051195475,3.4000000000000004
1720238400000,LONG,3.6828520936919698,-3.7371233579261953,4.03285209369197,False,API3/USDT,2024-07-06 04:00:00,2024,21,65,87,0.20503120488820775,2.4
1720238400000,LONG,4.89635658914728,-0.0312045767810449,5.24635658914728,False,MAV/USDT,2024-07-06 04:00:00,2024,22,66,88,0.0227638127098579,10.0
1720238400000,LONG,4.971812735126097,0.1970945412139265,5.321812735126096,True,ARKM/USDT,2024-07-06 04:00:00,2024,23,67,89,0.13089514226366689,11.4
1720238400000,LONG,4.243195002231138,1.8701318376434013,4.593195002231138,False,MAGIC/USDT,2024-07-06 04:00:00,2024,24,68,90,0.23061012098802694,7.000000000000001
1720238400000,LONG,4.740984908657672,-1.2625980848716591,5.090984908657672,False,TLM/USDT,2024-07-06 04:00:00,2024,25,68,90,0.13453494710327146,0.2
1720238400000,LONG,3.8932669276158216,-1.200413078040219,4.243266927615822,False,RLC/USDT,2024-07-06 04:00:00,2024,26,68,90,0.17599393537944888,1.2
1720238400000,LONG,3.9710411130217342,-0.2158427377004117,4.321041113021734,False,NMR/USDT,2024-07-06 04:00:00,2024,27,69,91,0.1424001046788065,1.6
1720252800000,LONG,3.7478170097428856,-0.7841782024072188,4.097817009742886,True,OP/USDT,2024-07-06 08:00:00,2024,12,58,91,0.15285496187694778,2.1999999999999997
1720900800000,SHORT,-8.341893434823971,1.0432761762681724,7.991893434823972,True,XRP/USDT,2024-07-13 20:00:00,2024,1,1,1,0.14121903309016604,21.0
1720915200000,SHORT,-6.657969999999982,2.78213296554925,6.307969999999982,True,XLM/USDT,2024-07-14 00:00:00,2024,2,2,2,0.17747936524121308,27.400000000000002
1720929600000,SHORT,-8.218732180193863,1.4626602831314246,7.868732180193863,True,XRP/USDT,2024-07-14 04:00:00,2024,2,2,2,0.05494326480129383,21.0
1720929600000,SHORT,-6.903844121532351,0.8744182763466919,6.553844121532351,False,STORJ/USDT,2024-07-14 04:00:00,2024,3,3,3,0.07034618430336215,0.6
1720944000000,SHORT,-7.147387044093622,0.8052492768642492,6.797387044093623,False,ASTR/USDT,2024-07-14 08:00:00,2024,3,4,4,0.14086855199664242,25.2
1720972800000,SHORT,-5.023781965006704,0.8073582718645921,4.673781965006705,False,ASTR/USDT,2024-07-14 16:00:00,2024,1,3,4,0.15015781408914194,25.0
1720987200000,SHORT,-4.3905228758169725,1.4646142979642216,4.040522875816973,True,XRP/USDT,2024-07-14 20:00:00,2024,2,2,4,0.05493379083176085,21.2
1721044800000,SHORT,-5.422611464968139,1.2138197217480895,5.07261146496814,False,DASH/USDT,2024-07-15 12:00:00,2024,1,1,3,0.04737254787257223,9.6
1721044800000,SHORT,-7.922560496199863,1.4581360518416109,7.572560496199864,False,TLM/USDT,2024-07-15 12:00:00,2024,2,2,4,0.0609024693875135,5.0
1721102400000,SHORT,-7.422488839285708,0.903577655934408,7.072488839285708,False,BLUR/USDT,2024-07-16 04:00:00,2024,1,1,3,0.05691790740129649,49.6
1721102400000,SHORT,-7.122280844155838,2.151516562201081,6.772280844155838,True,THETA/USDT,2024-07-16 04:00:00,2024,2,2,4,0.07296137869124646,16.0
1721102400000,SHORT,-9.486438314869236,1.3733349742577143,9.136438314869237,True,FET/USDT,2024-07-16 04:00:00,2024,3,3,5,0.014514867195063572,19.400000000000002
1721102400000,SHORT,-8.66017851550265,2.351231096739539,8.31017851550265,True,PYTH/USDT,2024-07-16 04:00:00,2024,4,4,6,0.014649211881762134,36.4
1721102400000,SHORT,-5.68496624545611,1.8752734839865208,5.33496624545611,True,AXS/USDT,2024-07-16 04:00:00,2024,5,5,7,0.12229496910320134,34.599999999999994
1721102400000,SHORT,-6.391077441077426,1.9273026125385229,6.041077441077427,True,FLOW/USDT,2024-07-16 04:00:00,2024,6,6,8,0.10925207860557862,19.400000000000002
1721102400000,SHORT,-6.46086724150216,1.3430408751086944,6.11086724150216,False,NMR/USDT,2024-07-16 04:00:00,2024,7,7,9,0.10812876201763134,18.6
1721102400000,SHORT,-8.63963477581539,0.842284491859231,8.28963477581539,True,ORDI/USDT,2024-07-16 04:00:00,2024,8,8,10,0.22190955016868713,7.199999999999999
1721102400000,SHORT,-5.573730842911873,1.7569551775389514,5.223730842911873,False,ARPA/USDT,2024-07-16 04:00:00,2024,9,9,11,0.061707600518592205,16.2
1721102400000,SHORT,-5.5852385685884665,1.302043005360313,5.235238568588467,False,KAVA/USDT,2024-07-16 04:00:00,2024,10,10,12,0.09807634650329636,12.8
1721102400000,SHORT,-7.448302734483327,0.8983391970574643,7.098302734483328,True,STX/USDT,2024-07-16 04:00:00,2024,11,11,13,0.07428986404753532,8.4
1721102400000,SHORT,-5.405410531012927,-0.5627809016851574,5.055410531012927,False,AGLD/USDT,2024-07-16 04:00:00,2024,12,12,14,0.03177583294119398,20.0
1721102400000,SHORT,-6.186606624055761,1.3704782958469872,5.8366066240557615,False,MAGIC/USDT,2024-07-16 04:00:00,2024,13,13,15,0.09369465001525172,18.2
1721102400000,SHORT,-6.172650819633228,1.3331365382518117,5.822650819633228,False,ID/USDT,2024-07-16 04:00:00,2024,14,14,16,0.05229400570716631,27.200000000000003
1721102400000,SHORT,-6.501583536350802,0.7990116032719888,6.1515835363508025,True,APE/USDT,2024-07-16 04:00:00,2024,15,15,17,0.057359205035816554,34.0
1721102400000,SHORT,-6.5261616161616125,1.6924617101864372,6.176161616161613,False,ZRX/USDT,2024-07-16 04:00:00,2024,16,16,18,0.11732728830276896,13.600000000000001
1721102400000,SHORT,-5.131071195297186,1.1354748575426148,4.781071195297186,False,QNT/USDT,2024-07-16 04:00:00,2024,17,17,19,0.14108826110889533,23.200000000000003
1721102400000,SHORT,-6.0769827586206775,0.5870702363755442,5.726982758620678,False,CAKE/USDT,2024-07-16 04:00:00,2024,18,18,20,0.08739132009339075,10.4
1721102400000,SHORT,-5.133299255018415,3.7158171346270814,4.783299255018416,True,BNB/USDT,2024-07-16 04:00:00,2024,19,19,21,0.15152348548652375,30.0
1721102400000,SHORT,-5.768852551770959,0.246003804548343,5.418852551770959,False,ROSE/USDT,2024-07-16 04:00:00,2024,20,20,22,0.048110788670423905,17.4
1721102400000,SHORT,-5.512507171543295,-2.6793555026118585,5.162507171543296,True,CHZ/USDT,2024-07-16 04:00:00,2024,21,21,23,0.14564597490735176,2.8000000000000003
1721102400000,SHORT,-5.524107820804834,-2.256164442399844,5.174107820804834,False,KNC/USDT,2024-07-16 04:00:00,2024,22,22,24,0.08553489501536053,15.2
1721102400000,SHORT,-5.781930051813461,0.2591682913405566,5.431930051813461,False,SKL/USDT,2024-07-16 04:00:00,2024,23,23,25,-0.002366862971246674,16.6
1721102400000,SHORT,-5.828270082835679,2.7007985775134924,5.478270082835679,False,MINA/USDT,2024-07-16 04:00:00,2024,24,24,26,0.01339968782321276,18.4
1721102400000,SHORT,-8.543808280492344,-0.1107526710663597,8.193808280492345,False,HIGH/USDT,2024-07-16 04:00:00,2024,25,25,27,0.10385333972343307,12.8
1721102400000,SHORT,-5.548656898656885,1.559135405500513,5.1986568986568855,True,SAND/USDT,2024-07-16 04:00:00,2024,26,26,28,0.09108172023226188,18.2
1721102400000,SHORT,-8.551230228470999,0.4789324921204386,8.201230228471,False,API3/USDT,2024-07-16 04:00:00,2024,27,27,29,0.05633882010841224,19.8
1721102400000,SHORT,-9.858537308376368,1.2961803096680926,9.508537308376368,False,CKB/USDT,2024-07-16 04:00:00,2024,28,28,30,0.10405216848019008,20.0
1721102400000,SHORT,-11.8619802349431,0.9835552569345272,11.5119802349431,True,WLD/USDT,2024-07-16 04:00:00,2024,29,29,31,0.053175189833707205,16.400000000000002
1721102400000,SHORT,-10.386056225964722,0.9442748448016138,10.036056225964725,True,ARKM/USDT,2024-07-16 04:00:00,2024,30,30,32,0.05432232977527441,14.399999999999999
1721102400000,SHORT,-6.776572164948435,1.3256542566602385,6.426572164948436,False,STORJ/USDT,2024-07-16 04:00:00,2024,31,31,33,0.08437253744025909,18.2
1721102400000,SHORT,-6.769351763584357,0.6504129707464126,6.419351763584357,True,ARB/USDT,2024-07-16 04:00:00,2024,32,32,34,0.13057870570765504,21.2
1721102400000,SHORT,-5.749109014675048,2.4139080102540387,5.399109014675048,False,HFT/USDT,2024-07-16 04:00:00,2024,33,33,35,0.2009724845675952,6.0
1721102400000,SHORT,-5.8512613875262725,1.817198908099215,5.501261387526273,False,ONE/USDT,2024-07-16 04:00:00,2024,34,34,36,0.08080814385887447,5.6000000000000005
1721102400000,SHORT,-6.479657228017864,1.2621395131078146,6.129657228017864,True,DOGE/USDT,2024-07-16 04:00:00,2024,35,35,37,0.14190868757185954,26.200000000000003
1721102400000,SHORT,-5.366735822959884,1.8674917490392275,5.016735822959884,False,ANKR/USDT,2024-07-16 04:00:00,2024,36,36,38,0.05777616866320585,13.8
1721102400000,SHORT,-5.907762728868793,1.2938428839958598,5.557762728868793,True,RUNE/USDT,2024-07-16 04:00:00,2024,37,37,39,0.17378938566785798,11.799999999999999
1721102400000,SHORT,-5.887936987483797,2.2517838608656007,5.537936987483797,True,MASK/USDT,2024-07-16 04:00:00,2024,38,38,40,0.13572661249270135,19.6
1721102400000,SHORT,-5.33953505700022,0.8720668659241985,4.989535057000221,True,AVAX/USDT,2024-07-16 04:00:00,2024,39,39,41,0.17666138109007254,26.8
1721102400000,SHORT,-4.64209110678723,-0.1020350158923198,5.43726107359504,False,KAS/USDT,2024-07-16 04:00:00,2024,40,40,42,0.01884751524997898,3.4000000000000004
1721102400000,SHORT,-5.109334264432014,1.3867289329436938,4.759334264432014,True,FIL/USDT,2024-07-16 04:00:00,2024,41,41,43,0.09921486317576106,16.8
1721102400000,SHORT,-4.915757906215907,3.028319596623532,4.565757906215907,True,NEO/USDT,2024-07-16 04:00:00,2024,42,42,44,0.09988298573486509,19.8
1721102400000,SHORT,-4.861638287320204,1.2578120731674292,4.5116382873202046,False,IOST/USDT,2024-07-16 04:00:00,2024,43,43,45,0.027396814737136403,11.0
1721102400000,SHORT,-4.743757503001209,2.5115679351200173,6.777959183673465,True,GRT/USDT,2024-07-16 04:00:00,2024,44,44,46,0.1175377760925889,13.4
1721102400000,SHORT,-5.233678682940669,2.1920179713215533,4.883678682940669,True,MANA/USDT,2024-07-16 04:00:00,2024,45,45,47,0.07068414541928753,19.400000000000002
1721102400000,SHORT,-3.2742318435754267,0.9326866962621844,5.045338687150826,True,ETC/USDT,2024-07-16 04:00:00,2024,46,46,48,0.15386219304056042,22.0
1721102400000,SHORT,-4.6263352211628055,1.901149827910778,4.276335221162806,True,LINK/USDT,2024-07-16 04:00:00,2024,47,47,49,0.10467848015026904,22.6
1721102400000,SHORT,-5.184081836327332,1.961347447319637,9.283957085828334,True,MEME/USDT,2024-07-16 04:00:00,2024,48,48,50,0.1550596116262713,13.600000000000001
1721102400000,SHORT,-4.83804717382065,1.2345797514771943,4.48804717382065,False,STEEM/USDT,2024-07-16 04:00:00,2024,49,49,51,0.19765394830686084,16.6
1721102400000,SHORT,-4.745204147764081,2.065487600194066,4.3952041477640815,True,ALGO/USDT,2024-07-16 04:00:00,2024,50,50,52,0.12879015482187456,14.000000000000002
1721102400000,SHORT,-4.854805725971369,1.422099732604499,4.504805725971369,False,ONT/USDT,2024-07-16 04:00:00,2024,51,51,53,0.08105935235326513,21.2
1721102400000,SHORT,-5.157865168539327,1.3722774208483846,4.807865168539327,False,QTUM/USDT,2024-07-16 04:00:00,2024,52,52,54,0.09873584299553079,5.6000000000000005
1721102400000,SHORT,-5.184358047016261,0.539159642025139,4.834358047016261,False,IOTA/USDT,2024-07-16 04:00:00,2024,53,53,55,0.09750079701981766,6.800000000000001
1721102400000,SHORT,-1.451694915254237,1.4426277641323173,5.14499999999999,False,YFI/USDT,2024-07-16 04:00:00,2024,54,54,56,0.27807849192428696,9.2
1721102400000,SHORT,-6.527959374270371,1.8461476719173933,6.177959374270372,False,BSV/USDT,2024-07-16 04:00:00,2024,55,55,57,0.18215834668999925,11.600000000000001
1721102400000,SHORT,4.9167696325074655,3.1105390650118343,5.266769632507465,True,VET/USDT,2024-07-16 04:00:00,2024,56,56,58,0.18840875045912855,10.2
1721102400000,SHORT,-5.9233404142326,1.0587009606793525,5.5733404142326,False,RVN/USDT,2024-07-16 04:00:00,2024,57,57,59,0.09169962066272129,5.800000000000001
1721102400000,SHORT,-6.751901140684407,4.438705265726633,6.401901140684407,True,SNX/USDT,2024-07-16 04:00:00,2024,58,58,60,0.06198014107399464,18.6
1721102400000,SHORT,-6.6506588217373,-0.1799107986771328,6.3006588217373,False,DUSK/USDT,2024-07-16 04:00:00,2024,59,59,61,0.04912116301965344,13.4
1721102400000,SHORT,-6.060206536996173,1.0289617294196662,5.710206536996173,True,GMT/USDT,2024-07-16 04:00:00,2024,60,60,62,0.05939644379639752,16.0
1721102400000,SHORT,-6.235497319833221,1.976705625149494,5.885497319833221,True,APT/USDT,2024-07-16 04:00:00,2024,61,61,63,0.054525943638036686,17.4
1721102400000,SHORT,-6.279503600681653,1.3759893967841197,5.929503600681653,False,ENJ/USDT,2024-07-16 04:00:00,2024,62,62,64,0.15517996517026306,19.400000000000002
1721102400000,SHORT,-6.360539795114264,0.3468264212628732,6.010539795114264,False,RSR/USDT,2024-07-16 04:00:00,2024,63,63,65,0.10150289661361629,18.6
1721102400000,SHORT,-5.713329505168014,1.8542717390097028,5.363329505168014,False,WOO/USDT,2024-07-16 04:00:00,2024,64,64,66,0.12890693634100425,18.8
1721102400000,SHORT,-5.250917431192643,2.9644051415988524,4.900917431192643,True,ATOM/USDT,2024-07-16 04:00:00,2024,65,65,67,0.06471480996552359,33.2
1721102400000,SHORT,-8.095238095238082,-0.7944176688206812,7.745238095238083,False,MAV/USDT,2024-07-16 04:00:00,2024,66,66,68,0.10634428966494823,11.0
1721102400000,SHORT,-8.014170337738593,5.683045428538174,7.664170337738593,True,DYDX/USDT,2024-07-16 04:00:00,2024,67,67,69,0.10953120795714012,11.200000000000001
1721102400000,SHORT,-8.030646533390033,1.346156698819134,7.680646533390033,True,GALA/USDT,2024-07-16 04:00:00,2024,68,68,70,0.03566129743890482,19.2
1721116800000,SHORT,4.584935304990758,0.3235893954548005,4.934935304990757,True,HBAR/USDT,2024-07-16 08:00:00,2024,69,69,71,0.11190283112208307,7.8
1721116800000,SHORT,7.634069000507333,3.265533149841528,7.984069000507333,True,JASMY/USDT,2024-07-16 08:00:00,2024,70,70,72,0.148152435995194,10.8
1721203200000,SHORT,-0.6441657133518515,1.323225403540112,6.348488315084164,True,NEAR/USDT,2024-07-17 08:00:00,2024,1,1,3,0.10520573170381571,19.400000000000002
1721217600000,SHORT,-1.6977088948787138,0.920014557724485,7.959928122192259,False,RSR/USDT,2024-07-17 12:00:00,2024,2,2,2,0.14250614015447433,18.6
1721217600000,SHORT,2.9027315063586,-0.0432437761957583,6.839351603080771,False,DUSK/USDT,2024-07-17 12:00:00,2024,3,3,3,0.05809148769475216,13.4
1721246400000,SHORT,3.788554216867465,1.5090077724977422,4.138554216867465,False,RSR/USDT,2024-07-17 20:00:00,2024,1,3,3,0.12925923212372858,18.6
1721246400000,SHORT,-5.091457461645739,3.054428656683923,4.741457461645739,True,NEO/USDT,2024-07-17 20:00:00,2024,2,4,4,0.0957799986838702,20.8
1721260800000,SHORT,9.67986436411941,1.0697398465403425,10.02986436411941,True,WLD/USDT,2024-07-18 00:00:00,2024,3,4,5,0.15016612199129956,0.2
1721275200000,SHORT,5.041816192560144,1.6878041440916975,5.391816192560143,False,UMA/USDT,2024-07-18 04:00:00,2024,2,4,6,0.12824361126682826,12.2
1721275200000,SHORT,-5.290706857970238,0.3077504947437253,4.940706857970239,True,AR/USDT,2024-07-18 04:00:00,2024,3,5,7,0.1056780279095603,13.4
1721275200000,SHORT,-3.489554942211488,1.3447591406071402,10.317888563049834,True,XRP/USDT,2024-07-18 04:00:00,2024,4,6,8,-0.03867277420220461,21.8
1721275200000,SHORT,6.148272652818084,1.4537615430406707,6.498272652818084,False,TLM/USDT,2024-07-18 04:00:00,2024,5,7,9,0.08452121216511954,5.0
1721289600000,SHORT,6.908670590271756,1.9847289600378109,7.258670590271755,True,WLD/USDT,2024-07-18 08:00:00,2024,5,7,9,0.15883431892004846,6.800000000000001
1721304000000,SHORT,2.434419591207097,1.8527963358469288,10.326131893559554,False,TLM/USDT,2024-07-18 12:00:00,2024,2,5,8,0.06929659551695898,5.0
1721304000000,SHORT,-6.725567137388898,1.294661976753218,6.375567137388899,False,ID/USDT,2024-07-18 12:00:00,2024,3,6,9,0.029604395212154716,27.200000000000003
1721304000000,SHORT,-5.880165016501652,2.56983222797106,5.530165016501652,True,AXS/USDT,2024-07-18 12:00:00,2024,4,7,10,0.05879643169485338,17.8
1721304000000,SHORT,2.3770797962648618,0.680811552146199,8.378066638370111,True,LDO/USDT,2024-07-18 12:00:00,2024,5,8,11,0.04471336661957387,4.6
1721304000000,SHORT,0.96926121372032,1.1670417399314996,4.997427440633214,False,ONE/USDT,2024-07-18 12:00:00,2024,6,9,12,0.03700725113837484,6.4
1721304000000,SHORT,-0.9855063550635488,-0.4722838857172851,8.555524805248044,False,AGLD/USDT,2024-07-18 12:00:00,2024,7,10,13,0.017735354161537854,20.0
1721318400000,SHORT,-8.633520179372185,-3.719381768855244,8.283520179372186,False,ARK/USDT,2024-07-18 16:00:00,2024,7,11,13,0.0029811723482702146,10.2
1721332800000,SHORT,9.673340790454876,,10.023340790454876,False,ALICE/USDT,2024-07-18 20:00:00,2024,2,9,14,0.3031561442719408,10.4
1721664000000,SHORT,3.92227722772276,2.267077176395232,4.2722772277227605,False,HFT/USDT,2024-07-22 16:00:00,2024,1,1,1,0.0868393198900618,1.2
1721908800000,LONG,7.064808582246527,3.319958529199896,10.230153554901127,True,AAVE/USDT,2024-07-25 12:00:00,2024,1,1,1,-0.16463913870674768,16.400000000000002
1721937600000,LONG,5.320154525386319,2.78849983525025,5.670154525386319,True,MASK/USDT,2024-07-25 20:00:00,2024,1,2,2,-0.09439798299350242,0.8
1721952000000,LONG,5.990647058823527,3.26440555900592,6.340647058823527,True,SNX/USDT,2024-07-26 00:00:00,2024,2,3,3,-0.10755210871777532,19.2
1721952000000,LONG,8.242914899257677,0.5202573408392506,8.592914899257677,True,CFX/USDT,2024-07-26 00:00:00,2024,3,4,4,-0.1328766464439411,11.799999999999999
1721952000000,LONG,6.290570175438597,1.960445215931115,6.640570175438596,False,ONE/USDT,2024-07-26 00:00:00,2024,4,5,5,-0.15913513486230993,4.2
1721952000000,LONG,0.848583492236452,1.9380688687718943,5.107109779351673,False,1INCH/USDT,2024-07-26 00:00:00,2024,5,6,6,-0.0004548592282760181,12.4
1721952000000,LONG,-1.724975446867015,0.3378576780169472,8.03551365154194,False,RSR/USDT,2024-07-26 00:00:00,2024,6,7,7,-0.10458114643361463,20.8
1721952000000,LONG,-4.7964285714285655,2.574893872532653,8.685482142857136,True,NEAR/USDT,2024-07-26 00:00:00,2024,7,8,8,0.0020743849215233505,21.2
1721952000000,LONG,-4.725701234172141,-0.5670328555059613,7.507036384035903,False,EDU/USDT,2024-07-26 00:00:00,2024,8,9,9,-0.02954116335789157,7.199999999999999
1721952000000,LONG,4.559717014667018,1.8082226211957588,4.9097170146670175,True,ETH/USDT,2024-07-26 00:00:00,2024,9,10,10,-0.05428112166800628,7.199999999999999
1721952000000,LONG,5.382328803982247,0.7082731132254485,5.732328803982247,True,UNI/USDT,2024-07-26 00:00:00,2024,10,11,11,-0.17093162574024343,11.4
1721952000000,LONG,-2.668840579710153,3.360151918301995,6.802173913043474,True,SUI/USDT,2024-07-26 00:00:00,2024,11,12,12,-0.08876151828999002,35.8
1721952000000,LONG,-2.2267527144603374,3.646796236123238,5.576421945782689,True,VET/USDT,2024-07-26 00:00:00,2024,12,13,13,0.032877797840780425,7.6
1721952000000,LONG,1.3140253565768547,2.31869652729998,6.699128367670368,True,DYDX/USDT,2024-07-26 00:00:00,2024,13,14,14,-0.1621281762255035,12.2
1721952000000,LONG,5.241340782122884,1.533586720925239,5.591340782122884,False,QTUM/USDT,2024-07-26 00:00:00,2024,14,15,15,-0.18482681700396605,13.4
1721952000000,LONG,3.743582402777404,0.4510580708594188,7.840075653548208,True,PENDLE/USDT,2024-07-26 00:00:00,2024,15,16,16,-0.08311371785292361,6.800000000000001
1721952000000,LONG,4.944989979959939,2.011681831382813,5.294989979959938,True,ATOM/USDT,2024-07-26 00:00:00,2024,16,17,17,-0.05843719285989392,8.6
1721966400000,LONG,2.7544699214221264,0.1893817353682254,9.171283653226835,False,SSV/USDT,2024-07-26 04:00:00,2024,16,17,18,-0.2560341874470386,0.4
1721966400000,LONG,2.3341840583354263,0.7438264454161204,7.5512509429218,True,LDO/USDT,2024-07-26 04:00:00,2024,17,18,19,-0.19538544415988693,13.0
1722168000000,LONG,-5.499589387239417,2.593325205815851,5.149589387239417,False,ILV/USDT,2024-07-28 12:00:00,2024,1,1,1,-0.0005727758296512997,9.6
1722283200000,SHORT,4.549092960185956,0.5198335180831228,4.899092960185956,True,BCH/USDT,2024-07-29 20:00:00,2024,1,1,1,0.057197346669053226,36.199999999999996
1722340800000,SHORT,8.47321699544764,2.528676831702784,8.82321699544764,False,BSV/USDT,2024-07-30 12:00:00,2024,1,1,2,0.01001695855838503,5.6000000000000005
1722470400000,LONG,-8.30300695074041,1.5671496532037636,7.95300695074041,False,ZEN/USDT,2024-08-01 00:00:00,2024,1,1,1,0.22905660579825124,7.199999999999999
1722513600000,SHORT,4.147388863829989,-0.0444314001990885,4.497388863829989,False,KAS/USDT,2024-08-01 12:00:00,2024,1,2,2,-0.1730950916105057,3.4000000000000004
1722542400000,LONG,-7.798736428736432,1.4642270225043104,7.448736428736432,True,INJ/USDT,2024-08-01 20:00:00,2024,1,2,3,0.01572569026141758,20.0
1722542400000,LONG,-8.178832951945095,-0.1742436030044156,7.8288329519450945,False,ACH/USDT,2024-08-01 20:00:00,2024,2,3,4,-0.02932629238796565,14.2
1722542400000,LONG,-7.987794656888408,2.4103474884332035,7.637794656888408,False,KAVA/USDT,2024-08-01 20:00:00,2024,3,4,5,0.051522921837959576,14.6
1722542400000,LONG,-7.986415094339629,2.4848979125624835,7.63641509433963,True,CELO/USDT,2024-08-01 20:00:00,2024,4,5,6,-0.0688344077982841,4.8
1722542400000,LONG,-7.98669474727453,0.2463035225895862,7.636694747274531,False,RLC/USDT,2024-08-01 20:00:00,2024,5,6,7,0.056234938210696105,13.600000000000001
1722542400000,LONG,-9.048841395864104,0.0968605159450622,8.698841395864104,False,DUSK/USDT,2024-08-01 20:00:00,2024,6,7,8,-0.0976895460579196,7.8
1722542400000,LONG,-9.047933931206716,0.5334769540460974,8.697933931206716,False,HFT/USDT,2024-08-01 20:00:00,2024,7,8,9,-0.0828672140481093,6.6000000000000005
1722542400000,LONG,-6.47526271542665,2.0806225460050616,6.125262715426651,True,DOGE/USDT,2024-08-01 20:00:00,2024,8,9,10,0.08123130517691964,15.2
1722542400000,LONG,-6.424972677595632,1.051251521814579,6.074972677595633,True,APT/USDT,2024-08-01 20:00:00,2024,9,10,11,-0.05775015805575231,21.0
1722542400000,LONG,-6.373091382301912,-0.3520245522782347,6.023091382301912,False,QNT/USDT,2024-08-01 20:00:00,2024,10,11,12,-0.06531080305182518,24.2
1722542400000,LONG,-8.689983111674037,1.0282938693850583,8.339983111674037,False,RSR/USDT,2024-08-01 20:00:00,2024,11,12,13,0.011318332098207215,13.200000000000001
1722542400000,LONG,-8.610424185494642,0.8893426834146265,8.260424185494642,False,KSM/USDT,2024-08-01 20:00:00,2024,12,13,14,-0.025011852001520788,7.3999999999999995
1722542400000,LONG,-8.499020293911837,2.474811141310325,8.149020293911837,False,ANKR/USDT,2024-08-01 20:00:00,2024,13,14,15,-0.005751889811020208,16.0
1722542400000,LONG,-7.337386113729178,3.322463228873874,6.987386113729179,True,CHZ/USDT,2024-08-01 20:00:00,2024,14,15,16,0.04807493678606304,12.0
1722542400000,LONG,-7.540529010238912,2.866389894363106,7.1905290102389126,True,DYDX/USDT,2024-08-01 20:00:00,2024,15,16,17,-0.09073199063012856,1.0
1722542400000,LONG,-7.563869346733663,2.209503219901213,7.213869346733663,True,NEAR/USDT,2024-08-01 20:00:00,2024,16,17,18,0.08869884952768864,18.2
1722542400000,LONG,-7.612007122869502,-0.5224601441528337,7.262007122869503,True,OP/USDT,2024-08-01 20:00:00,2024,17,18,19,-0.2002434444719606,10.0
1722542400000,LONG,-7.004875474883903,2.854364417225212,6.654875474883903,True,GMT/USDT,2024-08-01 20:00:00,2024,18,19,20,0.0008721030441861392,19.0
1722542400000,LONG,-6.14893703563101,2.0980095257036293,5.798937035631011,False,CAKE/USDT,2024-08-01 20:00:00,2024,19,20,21,-0.049648388805262976,1.7999999999999998
1722542400000,LONG,-6.021882247992857,2.727049112601517,5.6718822479928575,False,YFI/USDT,2024-08-01 20:00:00,2024,20,21,22,-0.00015275301422068024,4.0
1722542400000,LONG,-8.991030849308128,0.4022982695463372,8.641030849308128,False,ROSE/USDT,2024-08-01 20:00:00,2024,21,22,23,0.036247404080592904,20.200000000000003
1722542400000,LONG,-8.780944744799786,1.434414896812821,8.430944744799787,False,TLM/USDT,2024-08-01 20:00:00,2024,22,23,24,0.06050236375698211,5.800000000000001
1722542400000,LONG,-8.456071904127832,3.14640054028436,8.106071904127832,False,CYBER/USDT,2024-08-01 20:00:00,2024,23,24,25,-0.04234054616815559,37.8
1722542400000,LONG,-5.985975958786488,2.1911230290557087,5.635975958786489,False,STG/USDT,2024-08-01 20:00:00,2024,24,25,26,-0.05320646618509938,15.0
1722542400000,LONG,-8.34129652940119,0.0799683715328766,7.99129652940119,False,EDU/USDT,2024-08-01 20:00:00,2024,25,26,27,-0.06353894724361998,20.0
1722542400000,LONG,-11.50153772224893,1.2934241380014888,11.15153772224893,True,1000BONK/USDT,2024-08-01 20:00:00,2024,26,27,28,0.09505236922828941,7.3999999999999995
1722542400000,LONG,-6.872885906040273,2.8570310115252857,6.5228859060402735,False,IOTA/USDT,2024-08-01 20:00:00,2024,27,28,29,-0.01173286518041209,7.3999999999999995
1722542400000,LONG,-6.8602693602693465,1.4077126981912176,6.510269360269347,True,ARB/USDT,2024-08-01 20:00:00,2024,28,29,30,-0.13163012899407883,5.0
1722542400000,LONG,-6.782341269841273,3.781463849543271,6.432341269841273,True,SAND/USDT,2024-08-01 20:00:00,2024,29,30,31,0.0653415858467813,19.6
1722542400000,LONG,-5.910285170219688,0.8086029834625782,5.5602851702196885,True,ETC/USDT,2024-08-01 20:00:00,2024,30,31,32,-0.0170634793517122,26.6
1722542400000,LONG,-7.394411764705901,1.8424183258176303,7.0444117647059015,True,SUSHI/USDT,2024-08-01 20:00:00,2024,31,32,33,-0.12315612002543669,0.6
1722542400000,LONG,-7.460734787600462,2.2699729359531142,7.110734787600462,False,ASTR/USDT,2024-08-01 20:00:00,2024,32,33,34,0.05623280816900548,25.8
1722542400000,LONG,-6.728408658291183,2.878838299665482,6.378408658291184,False,STEEM/USDT,2024-08-01 20:00:00,2024,33,34,35,-0.11880060000281571,10.2
1722542400000,LONG,-7.244690923191265,4.229963502099686,6.894690923191265,False,EGLD/USDT,2024-08-01 20:00:00,2024,34,35,36,-0.07699293269055617,3.8
1722542400000,LONG,-7.658925750394934,0.0303755669359355,7.308925750394934,True,HBAR/USDT,2024-08-01 20:00:00,2024,35,36,37,-0.05414128494616884,27.400000000000002
1722542400000,LONG,-8.240898889227035,1.192019372817856,7.890898889227034,True,1000PEPE/USDT,2024-08-01 20:00:00,2024,36,37,38,0.12213902371163567,16.2
1722542400000,LONG,-8.272258250468369,0.5177401964969646,7.922258250468368,False,LPT/USDT,2024-08-01 20:00:00,2024,37,38,39,0.05379135690599202,5.0
1722542400000,LONG,-7.62644140290847,2.044135269973779,7.27644140290847,False,IOST/USDT,2024-08-01 20:00:00,2024,38,39,40,0.0052490977912880285,28.999999999999996
1722542400000,LONG,-9.614850136239795,3.0754943008462936,9.264850136239795,False,RVN/USDT,2024-08-01 20:00:00,2024,39,40,41,-0.06480831870709569,8.200000000000001
1722542400000,LONG,-9.56204291593181,0.4509026751446727,9.21204291593181,True,PENDLE/USDT,2024-08-01 20:00:00,2024,40,41,42,0.07441562142144309,12.2
1722542400000,LONG,-9.216544789762336,2.374621181869516,8.866544789762337,True,WLD/USDT,2024-08-01 20:00:00,2024,41,42,43,0.22699800843415896,11.200000000000001
1722542400000,LONG,-8.202041039074444,1.692101195105465,7.852041039074444,True,IMX/USDT,2024-08-01 20:00:00,2024,42,43,44,0.1078871889171309,28.599999999999998
1722542400000,LONG,-8.025836849507751,3.0430548990584594,7.675836849507752,False,GAS/USDT,2024-08-01 20:00:00,2024,43,44,45,-0.06195019794398424,9.6
1722542400000,LONG,-8.16449443413728,2.225390560942437,7.81449443413728,False,WOO/USDT,2024-08-01 20:00:00,2024,44,45,46,0.0030141064555009142,10.4
1722542400000,LONG,-7.8884931506849245,2.66761173299471,7.538493150684925,True,GALA/USDT,2024-08-01 20:00:00,2024,45,46,47,-0.024518645643097577,18.4
1722542400000,LONG,-7.838175919250163,-0.1397233925267273,7.488175919250163,True,FIL/USDT,2024-08-01 20:00:00,2024,46,47,48,0.04816138816135268,19.0
1722542400000,LONG,-7.510963771884215,2.577871540233053,7.160963771884216,False,ENJ/USDT,2024-08-01 20:00:00,2024,47,48,49,-0.0046623805489620085,6.4
1722542400000,LONG,-7.129909126827332,3.205143577150709,6.779909126827333,False,KNC/USDT,2024-08-01 20:00:00,2024,48,49,50,-0.10702987548679506,19.0
1722542400000,LONG,-7.143008175923318,3.3318446152575523,6.793008175923318,True,NEO/USDT,2024-08-01 20:00:00,2024,49,50,51,-0.09931695755707981,20.200000000000003
1722542400000,LONG,-9.03726421588874,0.1252732613709611,8.68726421588874,False,HIGH/USDT,2024-08-01 20:00:00,2024,50,51,52,0.08822638094382423,13.8
1722542400000,LONG,-6.925713557594296,1.2366427912478175,6.575713557594296,True,ADA/USDT,2024-08-01 20:00:00,2024,51,52,53,-0.05834975120210792,14.000000000000002
1722542400000,LONG,-6.943784396244739,2.3937915586838834,6.59378439624474,True,MANA/USDT,2024-08-01 20:00:00,2024,52,53,54,0.09394686845646484,11.0
1722542400000,LONG,-6.951972131700202,3.5227632456069395,6.601972131700203,True,GRT/USDT,2024-08-01 20:00:00,2024,53,54,55,0.07912745610641751,12.2
1722542400000,LONG,-5.742900432900435,2.305971747978433,5.392900432900436,True,ATOM/USDT,2024-08-01 20:00:00,2024,54,55,56,-0.024217971361495547,3.8
1722542400000,LONG,-7.27130956088446,0.9087604317523736,6.921309560884461,True,AVAX/USDT,2024-08-01 20:00:00,2024,55,56,57,0.08351945908075997,9.2
1722542400000,LONG,-7.288524805319813,0.7741836646102568,6.938524805319814,True,FET/USDT,2024-08-01 20:00:00,2024,56,57,58,0.08733017022873124,23.200000000000003
1722542400000,LONG,-7.327527568195013,1.4290356875676316,6.977527568195013,False,AGLD/USDT,2024-08-01 20:00:00,2024,57,58,59,0.052327808173112556,0.0
1722542400000,LONG,-7.102532044547169,4.218838517348592,6.752532044547169,False,MINA/USDT,2024-08-01 20:00:00,2024,58,59,60,0.04363314443337745,21.6
1722542400000,LONG,-6.589415511427512,1.8709165537272925,6.239415511427512,True,DOT/USDT,2024-08-01 20:00:00,2024,59,60,61,-0.03443954117551511,36.6
1722542400000,LONG,-7.997257678500188,1.8669850601578328,7.647257678500188,False,COTI/USDT,2024-08-01 20:00:00,2024,60,61,62,0.02391063314166193,14.000000000000002
1722542400000,LONG,-8.12926397735316,3.015122730008024,7.779263977353159,True,AXS/USDT,2024-08-01 20:00:00,2024,61,62,63,0.057714515498449484,8.200000000000001
1722542400000,LONG,-7.383958724202636,2.945952685130698,7.033958724202637,True,MASK/USDT,2024-08-01 20:00:00,2024,62,63,64,0.01608886918931667,14.799999999999999
1722556800000,LONG,-8.72444518757219,0.441517517419197,8.37444518757219,True,ORDI/USDT,2024-08-02 00:00:00,2024,63,64,65,-0.01470412891998336,1.2
1722556800000,LONG,-6.4542108237954015,1.8822697874065648,6.104210823795402,True,APE/USDT,2024-08-02 00:00:00,2024,64,65,66,-0.04391647689649586,4.2
1722556800000,LONG,-7.731855520657152,1.404459172331619,7.381855520657153,False,YGG/USDT,2024-08-02 00:00:00,2024,65,66,67,-0.03725445863217316,0.8
1722556800000,LONG,-7.293227549729798,1.5566398126054155,6.943227549729798,False,API3/USDT,2024-08-02 00:00:00,2024,66,67,68,0.1075026551191113,8.6
1722571200000,LONG,-4.597512690355327,3.726887790362119,4.247512690355327,True,SAND/USDT,2024-08-02 04:00:00,2024,5,66,67,0.02604615677904806,11.0
1722571200000,LONG,-6.174502164502176,,5.824502164502176,True,DYDX/USDT,2024-08-02 04:00:00,2024,6,66,67,-0.11432433116910687,5.0
1722571200000,LONG,-4.781162879511181,1.855654631363234,4.431162879511182,True,DOT/USDT,2024-08-02 04:00:00,2024,7,66,67,-0.04860325417222374,17.4
1722571200000,LONG,-4.964772071552221,3.282602300639148,4.614772071552221,True,NEO/USDT,2024-08-02 04:00:00,2024,8,66,67,-0.1322209424257844,20.200000000000003
1722571200000,LONG,-5.444316939890695,1.0100137199390264,5.094316939890695,False,RSR/USDT,2024-08-02 04:00:00,2024,9,66,67,-0.013936491811581145,22.400000000000002
1722571200000,LONG,-7.17714245574599,0.4716246016116787,6.827142455745991,False,HIGH/USDT,2024-08-02 04:00:00,2024,10,66,67,0.04428197969214739,13.8
1722571200000,LONG,-5.080525062822384,4.205619657435315,4.730525062822384,False,EGLD/USDT,2024-08-02 04:00:00,2024,11,66,67,-0.07449496605147474,13.0
1722571200000,LONG,-6.566374683544303,1.840766689252604,6.216374683544303,False,COTI/USDT,2024-08-02 04:00:00,2024,12,66,67,-0.009804123157409573,14.000000000000002
1722571200000,LONG,-5.042013071895429,-0.5137510996071503,4.692013071895429,True,OP/USDT,2024-08-02 04:00:00,2024,13,66,67,-0.21300026797589292,21.4
1722571200000,LONG,-5.019608489717597,2.1838849213875235,4.669608489717597,False,WOO/USDT,2024-08-02 04:00:00,2024,14,66,67,-0.04620919515687996,18.2
1722571200000,LONG,-6.55774667029084,3.099518368689124,6.20774667029084,False,CYBER/USDT,2024-08-02 04:00:00,2024,15,66,67,-0.0845094293080231,50.8
1722571200000,LONG,-6.537611310732715,1.8051953266654488,6.187611310732716,True,SUSHI/USDT,2024-08-02 04:00:00,2024,16,66,67,-0.17458329517302376,3.0
1722571200000,LONG,-5.978641830448801,-0.4301306523949639,5.628641830448801,False,HFT/USDT,2024-08-02 04:00:00,2024,17,66,67,-0.12773171439596862,6.800000000000001
1722571200000,LONG,-4.928827283985906,1.4530289790315545,4.578827283985906,True,INJ/USDT,2024-08-02 04:00:00,2024,18,66,67,-0.0015381843925237305,2.8000000000000003
1722571200000,LONG,-5.82783388419635,0.442095273464985,5.47783388419635,True,PENDLE/USDT,2024-08-02 04:00:00,2024,19,66,67,0.0011478885696115377,2.6
1722571200000,LONG,-5.4602525442894905,-0.1734258665922486,5.110252544289491,False,ACH/USDT,2024-08-02 04:00:00,2024,20,66,67,-0.02342829515820285,6.800000000000001
1722571200000,LONG,-5.598074074074077,0.0794178440583522,5.248074074074077,False,EDU/USDT,2024-08-02 04:00:00,2024,21,66,67,-0.07696795047639748,25.8
1722571200000,LONG,-5.935861953984663,3.0692889516376947,5.585861953984663,True,MASK/USDT,2024-08-02 04:00:00,2024,22,66,67,-0.028290597052956806,25.6
1722571200000,LONG,-5.955861201006843,2.4369006339711987,5.605861201006843,False,ANKR/USDT,2024-08-02 04:00:00,2024,23,66,67,-0.01787476546727146,6.800000000000001
1722585600000,LONG,-6.639215922798553,1.411391616093732,6.289215922798554,False,YGG/USDT,2024-08-02 08:00:00,2024,20,66,67,-0.05190133780609687,10.0
1722585600000,LONG,-4.626594501506857,0.4407300596406773,4.276594501506858,True,ORDI/USDT,2024-08-02 08:00:00,2024,21,66,67,-0.03106774058897029,22.0
1722585600000,LONG,-4.939169234346847,1.5584431705333677,4.589169234346848,False,API3/USDT,2024-08-02 08:00:00,2024,22,66,67,0.09660784652487797,12.8
1722585600000,LONG,-5.725231717377604,2.356475177742937,5.375231717377604,True,WLD/USDT,2024-08-02 08:00:00,2024,23,66,67,0.2050526950154467,5.2
1722600000000,SHORT,6.660849909584079,2.4936665202306214,7.010849909584079,True,AAVE/USDT,2024-08-02 12:00:00,2024,5,25,68,-0.14779648061344708,0.4
1722600000000,LONG,-4.638000000000014,1.9283990841539544,4.288000000000015,False,COTI/USDT,2024-08-02 12:00:00,2024,6,25,68,-0.01048294511102135,14.000000000000002
1722600000000,LONG,-4.6101605584642416,0.4714652145094302,4.260160558464242,False,HIGH/USDT,2024-08-02 12:00:00,2024,7,25,68,0.04329598204278053,13.8
1722657600000,LONG,-5.898886317616428,0.8178300547734906,5.548886317616428,False,HIGH/USDT,2024-08-03 04:00:00,2024,1,1,24,0.04729320923765844,13.8
1722672000000,LONG,-6.355824585167627,2.012153411689685,6.005824585167628,True,MANA/USDT,2024-08-03 08:00:00,2024,2,2,8,0.07049686516990518,24.2
1722729600000,LONG,-8.996925458969256,1.0371458272808611,8.646925458969257,False,ZEN/USDT,2024-08-04 00:00:00,2024,1,1,3,-0.027447216185788277,12.6
1722758400000,LONG,-8.170459614734702,-0.2534217489643464,7.820459614734701,True,ORDI/USDT,2024-08-04 08:00:00,2024,1,2,3,-0.01097832214695186,15.8
1722758400000,LONG,-4.646779052253511,0.4850089563752114,4.296779052253512,False,ZEN/USDT,2024-08-04 08:00:00,2024,2,2,3,-0.09818782569548384,12.0
1722801600000,LONG,-5.677193807422412,-0.2511320397634683,5.327193807422413,True,ORDI/USDT,2024-08-04 20:00:00,2024,1,2,2,-0.04137862610858493,23.799999999999997
1722859200000,LONG,11.592294202599568,1.3572335014227697,11.942294202599555,True,ARB/USDT,2024-08-05 12:00:00,2024,1,1,2,-0.015504641837603427,4.8
1722859200000,LONG,11.507291784702543,0.5966303732196496,11.857291784702545,True,ETC/USDT,2024-08-05 12:00:00,2024,2,2,3,-0.1301442508496884,13.200000000000001
1722859200000,LONG,11.38926315789474,2.307382217602703,11.73926315789474,True,GMT/USDT,2024-08-05 12:00:00,2024,3,3,4,0.0235531696967642,0.4
1722859200000,LONG,9.87008554093034,2.307119416392752,10.22008554093034,True,BTC/USDT,2024-08-05 12:00:00,2024,4,4,5,0.19645852639669087,17.599999999999998
1722859200000,LONG,11.281446066096285,-0.8867775269868168,11.631446066096284,True,OP/USDT,2024-08-05 12:00:00,2024,5,5,6,-0.20270535912705706,0.2
1722859200000,LONG,11.565335790335787,1.0836431601067742,11.915335790335789,True,XRP/USDT,2024-08-05 12:00:00,2024,6,6,7,0.03846345233555011,1.7999999999999998
1722873600000,LONG,10.46645590156161,,10.816455901561609,True,ETH/USDT,2024-08-05 16:00:00,2024,7,7,8,-0.038052940451218625,0.6
1722873600000,LONG,10.28827325322653,,10.63827325322653,True,SEI/USDT,2024-08-05 16:00:00,2024,8,8,9,-0.13325864477927163,8.0
1722873600000,LONG,10.75585793904898,,11.10585793904897,True,NEO/USDT,2024-08-05 16:00:00,2024,9,9,10,-0.17423782844547467,21.2
1722873600000,LONG,10.729988052568682,-1.2811478555081517,11.079988052568682,False,UMA/USDT,2024-08-05 16:00:00,2024,10,10,11,0.023589601581318734,10.2
1722873600000,LONG,10.758562749193102,0.5537908909813697,11.1085627491931,True,UNI/USDT,2024-08-05 16:00:00,2024,11,11,12,-0.0314290965017211,6.2
1722873600000,LONG,10.765085771947543,-0.6073174080521802,11.115085771947532,False,QTUM/USDT,2024-08-05 16:00:00,2024,12,12,13,-0.26350141281642075,8.0
1722873600000,LONG,10.237106535539231,1.4112768049364106,10.587106535539233,True,BCH/USDT,2024-08-05 16:00:00,2024,13,13,14,0.00019590785841846884,2.8000000000000003
1722873600000,LONG,9.50369379014989,1.5537910257184404,9.85369379014989,True,COMP/USDT,2024-08-05 16:00:00,2024,14,14,15,-0.1224781261504767,0.2
1722873600000,LONG,11.278841974542068,,11.628841974542068,True,FIL/USDT,2024-08-05 16:00:00,2024,15,15,16,-0.12371971217304314,1.0
1722873600000,LONG,10.888290845288484,-0.4738691060829422,11.238290845288484,True,AVAX/USDT,2024-08-05 16:00:00,2024,16,16,17,-0.031674245033275934,0.2
1722873600000,LONG,10.624593639575965,3.002756846290136,10.974593639575964,False,STG/USDT,2024-08-05 16:00:00,2024,17,17,18,-0.05951396478729971,1.0
1722873600000,LONG,10.815341440598692,0.12462199122253,11.16534144059868,True,AXS/USDT,2024-08-05 16:00:00,2024,18,18,19,-0.13046054521346687,6.4
1722873600000,LONG,9.092186189544318,0.82846839052875,9.442186189544318,False,BSV/USDT,2024-08-05 16:00:00,2024,19,19,20,-0.07335158483121548,0.6
1722873600000,LONG,10.950279832100732,1.2757719286488989,11.300279832100731,True,SUSHI/USDT,2024-08-05 16:00:00,2024,20,20,21,-0.12768339076121316,5.800000000000001
1722873600000,LONG,10.905217500628622,1.851081562257722,11.25521750062862,False,KNC/USDT,2024-08-05 16:00:00,2024,21,21,22,-0.18712670681820792,19.6
1722873600000,LONG,11.06976177585273,0.2264511031527856,11.419761775852727,True,LTC/USDT,2024-08-05 16:00:00,2024,22,22,23,0.031782228513888774,13.0
1722873600000,LONG,10.455354085603105,-0.6789077184156381,10.805354085603112,False,MAV/USDT,2024-08-05 16:00:00,2024,23,23,24,-0.23303690248902406,0.8
1722873600000,LONG,10.41992836676219,3.7151943083927583,10.769928366762189,True,ICP/USDT,2024-08-05 16:00:00,2024,24,24,25,-0.2113263543332425,1.7999999999999998
1722873600000,LONG,11.233751010509303,2.272715304182973,11.583751010509294,True,PYTH/USDT,2024-08-05 16:00:00,2024,25,25,26,-0.1650251003074499,19.8
1722873600000,LONG,11.206451612903225,1.3029840192189956,11.556451612903224,True,ADA/USDT,2024-08-05 16:00:00,2024,26,26,27,-0.09024919489125792,1.6
1722873600000,LONG,11.13827930174565,,11.48827930174565,True,CELO/USDT,2024-08-05 16:00:00,2024,27,27,28,-0.1297612091980231,13.0
1722888000000,LONG,10.20720164609054,1.2497537378363477,10.55720164609053,False,RVN/USDT,2024-08-05 20:00:00,2024,22,28,29,-0.2361120143238129,8.799999999999999
1722888000000,LONG,4.556590022582633,,10.06327242865941,False,YFI/USDT,2024-08-05 20:00:00,2024,23,29,30,-0.2818635858515724,15.4
1722888000000,LONG,7.142725509214365,,11.698775460717744,False,TWT/USDT,2024-08-05 20:00:00,2024,24,30,31,-0.12033291755490169,7.8
1722888000000,LONG,8.261733400489964,1.8814462316800336,8.611733400489964,True,BTC/USDT,2024-08-05 20:00:00,2024,25,30,31,0.05133314582700062,23.599999999999998
1722888000000,LONG,8.263814487399388,0.4732551762308443,8.613814487399388,False,ZEN/USDT,2024-08-05 20:00:00,2024,26,31,32,-0.20305615092897197,12.8
1722888000000,LONG,9.111235216819972,0.6596206497845355,11.698028909329828,False,BAT/USDT,2024-08-05 20:00:00,2024,27,32,33,-0.12784682342080594,5.800000000000001
1722888000000,LONG,9.119775194461058,-1.2986159103832091,9.469775194461056,True,OP/USDT,2024-08-05 20:00:00,2024,28,32,33,-0.26740215246532467,6.800000000000001
1722888000000,LONG,10.572672297945862,,10.922672297945862,True,HBAR/USDT,2024-08-05 20:00:00,2024,29,33,34,-0.34085275522289127,14.399999999999999
1722888000000,LONG,9.702013808975844,-0.9713780523829134,10.052013808975843,False,CYBER/USDT,2024-08-05 20:00:00,2024,30,34,35,-0.12558069364612287,33.4
1722888000000,LONG,9.696737298338544,0.0234634780501758,10.046737298338543,False,TLM/USDT,2024-08-05 20:00:00,2024,31,35,36,-0.10242037220554244,6.6000000000000005
1722888000000,LONG,2.200345435837132,,11.650529178303684,False,ENJ/USDT,2024-08-05 20:00:00,2024,32,36,37,-0.10659456011886548,17.4
1722888000000,LONG,10.180705229793992,3.439397105753387,10.53070522979398,False,1INCH/USDT,2024-08-05 20:00:00,2024,33,37,38,-0.15602013328056644,11.4
1722888000000,LONG,9.761088011088033,3.0273197687519184,10.11108801108803,False,ONT/USDT,2024-08-05 20:00:00,2024,34,38,39,-0.1529070664032075,19.0
1722888000000,LONG,9.75859277708593,-1.70682316901202,10.10859277708593,False,ALICE/USDT,2024-08-05 20:00:00,2024,35,39,40,0.0738959747571667,5.4
1722888000000,LONG,9.734880636604768,1.2837069346598782,10.084880636604767,False,ASTR/USDT,2024-08-05 20:00:00,2024,36,40,41,-0.23817119814203566,25.2
1722888000000,LONG,9.715362118472822,0.858363854638523,10.06536211847282,True,GMT/USDT,2024-08-05 20:00:00,2024,37,40,41,-0.07423434571353191,2.4
1722888000000,LONG,10.214196721311485,-1.288602227212017,10.564196721311482,False,ARPA/USDT,2024-08-05 20:00:00,2024,38,41,42,-0.12979201713860647,13.8
1722888000000,LONG,10.453259591150948,,10.803259591150947,True,MASK/USDT,2024-08-05 20:00:00,2024,39,42,43,-0.25441482213647165,17.599999999999998
1722888000000,LONG,10.482901873767252,,10.832901873767252,False,ID/USDT,2024-08-05 20:00:00,2024,40,43,44,-0.0676237124081972,4.2
1722888000000,LONG,10.523916792412155,1.3413270807871611,10.873916792412157,True,ATOM/USDT,2024-08-05 20:00:00,2024,41,44,45,-0.19482191896599316,8.6
1722888000000,LONG,10.528394722374948,4.6310857175431925,10.878394722374948,False,STEEM/USDT,2024-08-05 20:00:00,2024,42,45,46,-0.09951427910113035,11.4
1722888000000,LONG,10.53879677347076,-0.7126352271681415,10.88879677347076,False,EDU/USDT,2024-08-05 20:00:00,2024,43,46,47,-0.15919163017794852,24.2
1722888000000,LONG,11.320815264527315,1.9865445239018835,11.670815264527317,False,ANKR/USDT,2024-08-05 20:00:00,2024,44,47,48,-0.1774544980929956,17.599999999999998
1722888000000,LONG,10.652089326267976,0.9955072231302184,11.002089326267976,False,AGLD/USDT,2024-08-05 20:00:00,2024,45,48,49,-0.07264461537070094,25.4
1722888000000,LONG,11.153395862235364,0.7003673897327861,11.503395862235363,False,ACH/USDT,2024-08-05 20:00:00,2024,46,49,50,-0.18355389562799795,4.0
1722888000000,LONG,11.433482878593663,0.717415908596636,11.783482878593665,True,APE/USDT,2024-08-05 20:00:00,2024,47,50,51,-0.14064835522716315,4.6
1722888000000,LONG,11.310333730631696,1.4625510209804222,11.660333730631706,True,DOT/USDT,2024-08-05 20:00:00,2024,48,51,52,-0.10958882183177633,1.2
1722888000000,LONG,11.280896085833508,,11.630896085833507,True,CHZ/USDT,2024-08-05 20:00:00,2024,49,52,53,-0.20344094006250646,2.8000000000000003
1722888000000,LONG,11.234811792576998,3.162881800524441,11.584811792576998,False,MINA/USDT,2024-08-05 20:00:00,2024,50,53,54,-0.24029252476549848,11.4
1722888000000,LONG,11.219833564493737,-4.129392061130777,11.569833564493736,False,LQTY/USDT,2024-08-05 20:00:00,2024,51,54,55,-0.16139139448093193,7.199999999999999
1722888000000,LONG,11.19781273983116,,11.54781273983116,False,ZRX/USDT,2024-08-05 20:00:00,2024,52,55,56,-0.09202797544949468,15.8
1722888000000,LONG,11.187301008628024,2.107972472970216,11.537301008628011,True,ENS/USDT,2024-08-05 20:00:00,2024,53,56,57,-0.09738169970485629,1.7999999999999998
1722888000000,LONG,11.64536490969405,0.7277707304382754,11.99536490969406,False,HIGH/USDT,2024-08-05 20:00:00,2024,54,57,58,-0.00393998484204966,6.4
1722888000000,LONG,11.08833276392213,1.3441944680935096,11.438332763922118,True,CFX/USDT,2024-08-05 20:00:00,2024,55,58,59,-0.1656968015272266,13.4
1722888000000,LONG,10.032999128160426,0.4827084040847325,10.382999128160426,False,RSR/USDT,2024-08-05 20:00:00,2024,56,59,60,-0.18737817820990246,23.799999999999997
1722888000000,LONG,9.981326889279416,,10.331326889279415,False,IOST/USDT,2024-08-05 20:00:00,2024,57,60,61,-0.1081886096941505,30.2
1722888000000,LONG,11.62140353073747,,11.97140353073746,False,KSM/USDT,2024-08-05 20:00:00,2024,58,61,62,-0.2124345972440222,16.0
1722888000000,LONG,11.552660016625088,,11.9026600166251,False,IOTA/USDT,2024-08-05 20:00:00,2024,59,62,63,-0.13294042136251716,8.4
1722888000000,LONG,11.619408635154493,1.1804327352924548,11.969408635154492,True,XRP/USDT,2024-08-05 20:00:00,2024,60,62,63,-0.057651380020181366,5.0
1722888000000,LONG,11.521606425702824,,11.871606425702822,True,APT/USDT,2024-08-05 20:00:00,2024,61,63,64,-0.2664626195562739,7.199999999999999
1722888000000,LONG,10.830021732381246,3.629506854527366,11.180021732381244,False,EGLD/USDT,2024-08-05 20:00:00,2024,62,64,65,-0.2968422299915078,14.6
1722888000000,LONG,10.983261205564144,0.019859555773583,11.333261205564144,False,API3/USDT,2024-08-05 20:00:00,2024,63,65,66,-0.026986093240997572,14.399999999999999
1722888000000,LONG,11.025477574750822,,11.375477574750834,True,ARB/USDT,2024-08-05 20:00:00,2024,64,65,66,-0.09019343479982665,0.0
1722888000000,LONG,11.069739057239056,2.0549699784985083,11.419739057239056,True,SAND/USDT,2024-08-05 20:00:00,2024,65,66,67,-0.10701772042913041,11.200000000000001
1722888000000,LONG,10.772957507082149,0.5625886583397139,11.122957507082148,True,ETC/USDT,2024-08-05 20:00:00,2024,66,66,67,-0.20497650928413436,26.200000000000003
1722888000000,LONG,10.775762420068869,1.0379701921239552,11.125762420068869,False,MTL/USDT,2024-08-05 20:00:00,2024,67,67,68,-0.14401929300702498,26.6
1722902400000,LONG,11.606523033415185,-0.6778792633049393,11.956523033415191,False,MAV/USDT,2024-08-06 00:00:00,2024,47,67,67,-0.2515457658730731,15.2
1722902400000,LONG,6.653758114109997,3.0222685929672664,11.472394943628284,False,STG/USDT,2024-08-06 00:00:00,2024,48,67,67,-0.0807075807724205,9.0
1722902400000,LONG,11.39842077087794,0.8244182043719067,11.74842077087794,False,BSV/USDT,2024-08-06 00:00:00,2024,49,67,67,-0.10865223578472506,13.8
1722916800000,LONG,8.712586303414817,1.2564346863193547,9.062586303414816,True,SUSHI/USDT,2024-08-06 04:00:00,2024,4,67,67,-0.1482713737414998,4.2
1722916800000,LONG,8.576273113813894,0.8529589510395253,8.926273113813894,True,GMT/USDT,2024-08-06 04:00:00,2024,5,67,67,-0.07037672404560558,9.2
1722916800000,LONG,3.639202159568097,1.2864201709108107,8.523605278944208,True,ADA/USDT,2024-08-06 04:00:00,2024,6,67,67,-0.12955843165431524,14.2
1722916800000,LONG,9.16372863247863,,9.51372863247863,True,NEAR/USDT,2024-08-06 04:00:00,2024,7,68,68,-0.06325071858867734,0.0
1722916800000,LONG,2.220204664445496,2.6973200764388543,7.560399809614479,False,KNC/USDT,2024-08-06 04:00:00,2024,8,68,68,-0.178048723327771,13.600000000000001
1722916800000,LONG,4.826167854315138,,9.565469121140143,True,LINK/USDT,2024-08-06 04:00:00,2024,9,69,69,-0.010884198021094759,0.0
1722916800000,LONG,-6.942643694567022,,6.592643694567022,True,ETH/USDT,2024-08-06 04:00:00,2024,10,69,69,-0.05807500397296259,0.2
1722916800000,LONG,-8.101420029895369,3.4274963199170942,7.751420029895368,False,1INCH/USDT,2024-08-06 04:00:00,2024,11,69,69,-0.151711661592344,4.3999999999999995
1722916800000,LONG,6.110020257560413,1.8637092688619248,6.460020257560413,True,BTC/USDT,2024-08-06 04:00:00,2024,12,69,69,0.06254800970534785,14.399999999999999
1722916800000,LONG,8.147683844817598,,8.497683844817608,True,ARB/USDT,2024-08-06 04:00:00,2024,13,69,69,-0.09041017647179424,0.2
1722916800000,LONG,5.545196506550227,-0.0885613709459295,8.851933873986274,False,MAGIC/USDT,2024-08-06 04:00:00,2024,14,70,70,-0.04830083483777758,3.4000000000000004
1722916800000,LONG,9.629148732663811,,9.97914873266381,False,ILV/USDT,2024-08-06 04:00:00,2024,15,71,71,0.00775418446904979,8.0
1722916800000,LONG,6.116632177961717,0.1702642797305822,10.8046904638731,True,UNI/USDT,2024-08-06 04:00:00,2024,16,71,71,-0.04616487246600578,1.4000000000000001
1722916800000,LONG,7.197648012976466,-1.1289770618179291,11.0695002027575,False,SSV/USDT,2024-08-06 04:00:00,2024,17,72,72,0.05866664603479904,9.6
1722916800000,LONG,8.074537246049658,,8.424537246049658,True,DOT/USDT,2024-08-06 04:00:00,2024,18,72,72,-0.10336406886968562,1.2
1722916800000,LONG,3.354335950836466,0.3706680869517377,6.852492318197336,True,LTC/USDT,2024-08-06 04:00:00,2024,19,72,72,-0.00834307486809784,5.0
1723320000000,SHORT,7.839922879177354,-0.3569300713975629,8.189922879177354,False,YGG/USDT,2024-08-10 20:00:00,2024,1,1,1,-0.02622167076749188,13.4
1723363200000,SHORT,7.794044321329636,-0.1151224333837629,10.635623268698048,False,STG/USDT,2024-08-11 08:00:00,2024,1,2,2,0.02336790852854025,1.6
1723377600000,SHORT,0.950407550407556,1.1521228903613832,8.545382882882869,False,ID/USDT,2024-08-11 12:00:00,2024,2,2,3,-0.04318805107409617,1.0
1723377600000,SHORT,-9.971042873696389,-0.2099065678134303,9.621042873696387,False,MAV/USDT,2024-08-11 12:00:00,2024,3,3,4,-0.16953033700784734,16.400000000000002
1723377600000,SHORT,2.8020342612419724,0.4070763434318343,9.947700214132745,False,LPT/USDT,2024-08-11 12:00:00,2024,4,4,5,-0.014551443242461262,0.0
1723492800000,SHORT,10.069023668639058,5.77126292570618,10.419023668639058,True,SUI/USDT,2024-08-12 20:00:00,2024,1,1,1,0.044193476650403726,0.2
1724040000000,SHORT,-11.681087094723448,,11.331087094723449,False,TLM/USDT,2024-08-19 04:00:00,2024,1,1,1,-0.18079546424708806,0.2
1724155200000,SHORT,-12.22454372623572,-0.0777680704976411,11.87454372623572,False,RSR/USDT,2024-08-20 12:00:00,2024,1,1,1,-0.03777418698529252,0.2
1724155200000,SHORT,-5.007909029192131,1.2466540275292604,4.657909029192132,True,XRP/USDT,2024-08-20 12:00:00,2024,2,2,2,0.11888541178229202,21.2
1724184000000,SHORT,-7.815643357968549,-0.0780404887048866,7.465643357968549,False,RSR/USDT,2024-08-20 20:00:00,2024,1,2,2,-0.029341691539238185,23.200000000000003
1724241600000,SHORT,4.24597323829176,2.6249534439832405,4.59597323829176,True,TRX/USDT,2024-08-21 12:00:00,2024,1,1,3,0.35583889497674986,47.8
1724270400000,SHORT,-8.737131803108115,2.5846464492252874,8.387131803108115,True,TRX/USDT,2024-08-21 20:00:00,2024,1,1,2,0.3189023712983869,19.6
1724313600000,SHORT,-6.65111020043215,1.273072684014189,6.30111020043215,True,AAVE/USDT,2024-08-22 08:00:00,2024,1,2,2,-0.007027052957735154,2.4
1724400000000,SHORT,-4.372260689990286,-0.2298306643307046,4.022260689990286,True,XMR/USDT,2024-08-23 08:00:00,2024,1,1,2,-0.16064330988281242,10.0
1724457600000,SHORT,4.817078972407226,5.621760629028935,5.167078972407226,False,STORJ/USDT,2024-08-24 00:00:00,2024,1,1,2,-0.038944375109239315,8.0
1724500800000,SHORT,5.524632352941172,1.9187872265132924,5.874632352941172,False,AGLD/USDT,2024-08-24 12:00:00,2024,1,2,2,-0.11636101228210308,12.8
1724529600000,SHORT,4.498687963491142,,4.848687963491142,False,STG/USDT,2024-08-24 20:00:00,2024,1,2,3,-0.004773486581221056,23.0
1724529600000,SHORT,5.7655955348433885,1.9046489300104288,6.115595534843388,False,AGLD/USDT,2024-08-24 20:00:00,2024,2,2,3,-0.114091633338087,26.8
1724529600000,SHORT,5.672086389568044,1.3439298137112927,6.022086389568043,False,ILV/USDT,2024-08-24 20:00:00,2024,3,3,4,0.0427412297060242,13.0
1724529600000,SHORT,3.7401491481459455,-0.2258500111233752,4.090149148145946,True,XMR/USDT,2024-08-24 20:00:00,2024,4,4,5,-0.18173367956927286,17.0
1724544000000,SHORT,4.393150123051672,2.6204675130118256,4.743150123051672,False,KAVA/USDT,2024-08-25 00:00:00,2024,5,5,6,-0.1421540171014946,19.6
1724544000000,SHORT,4.179620812786925,1.2786984591953927,4.529620812786924,False,RLC/USDT,2024-08-25 00:00:00,2024,6,6,7,-0.20735116831258138,20.4
1724544000000,SHORT,4.130376266280749,1.8377657077285785,4.480376266280748,False,ZRX/USDT,2024-08-25 00:00:00,2024,7,7,8,-0.14326794171578083,21.4
1724544000000,SHORT,8.336790140269638,1.8420765193239024,8.686790140269638,True,PEOPLE/USDT,2024-08-25 00:00:00,2024,8,8,9,0.02006193873387324,31.4
1724544000000,SHORT,7.371086439333864,2.3414290213970226,7.721086439333864,True,LDO/USDT,2024-08-25 00:00:00,2024,9,9,10,0.049001281258620896,24.4
1724544000000,SHORT,8.370683575206831,0.0800536158755243,8.72068357520683,True,APE/USDT,2024-08-25 00:00:00,2024,10,10,11,-0.13681419680084242,45.2
1724544000000,SHORT,8.845912244515272,1.0196882059154366,9.195912244515272,True,1000BONK/USDT,2024-08-25 00:00:00,2024,11,11,12,-0.2114000256844554,40.0
1724544000000,SHORT,3.999798115746947,0.6017145799153262,4.349798115746947,True,SAND/USDT,2024-08-25 00:00:00,2024,12,12,13,-0.16247081724967655,30.599999999999998
1724544000000,SHORT,4.18520112067241,1.1938266976543968,4.53520112067241,False,MINA/USDT,2024-08-25 00:00:00,2024,13,13,14,-0.2614782167259059,30.4
1724544000000,SHORT,4.108680555555551,1.382327372164745,4.45868055555555,True,DOT/USDT,2024-08-25 00:00:00,2024,14,14,15,-0.19949553464455866,33.2
1724544000000,SHORT,4.121998284734121,2.378739368890272,4.471998284734121,False,BSV/USDT,2024-08-25 00:00:00,2024,15,15,16,-0.2335187578175951,23.400000000000002
1724544000000,SHORT,4.81572932083536,0.7202867866292968,5.16572932083536,True,CHZ/USDT,2024-08-25 00:00:00,2024,16,16,17,-0.3163397047766203,34.4
1724544000000,SHORT,4.795520526196402,-1.1922530004511351,5.145520526196401,False,ZEN/USDT,2024-08-25 00:00:00,2024,17,17,18,-0.1581340370691697,20.0
1724544000000,SHORT,4.8223295759527565,0.9889017428237936,5.172329575952756,False,GAS/USDT,2024-08-25 00:00:00,2024,18,18,19,-0.08907848699815087,15.2
1724544000000,SHORT,4.817423851316473,-0.2179162177645469,5.167423851316473,False,ASTR/USDT,2024-08-25 00:00:00,2024,19,19,20,-0.24720634286040047,32.6
1724544000000,SHORT,4.781610407876213,2.1246216079278533,5.131610407876213,False,IOST/USDT,2024-08-25 00:00:00,2024,20,20,21,-0.20886706070708633,35.8
1724544000000,SHORT,4.64889267461669,-0.6625272633832032,4.998892674616689,True,DYDX/USDT,2024-08-25 00:00:00,2024,21,21,22,-0.10101065710968611,19.2
1724544000000,SHORT,5.189682724155951,0.3387202041207033,5.53968272415595,False,API3/USDT,2024-08-25 00:00:00,2024,22,22,23,-0.07761042873241607,3.0
1724544000000,SHORT,4.5979796552698495,0.241619562272838,4.947979655269849,False,ARK/USDT,2024-08-25 00:00:00,2024,23,23,24,-0.20930946588492974,18.0
1724544000000,SHORT,5.9446816171175625,2.342715383469212,6.294681617117562,False,COTI/USDT,2024-08-25 00:00:00,2024,24,24,25,-0.03919882082167088,19.0
1724544000000,SHORT,4.611300875589329,3.475521989796628,4.961300875589329,False,CKB/USDT,2024-08-25 00:00:00,2024,25,25,26,0.02725797035662927,24.6
1724544000000,SHORT,4.830474111041789,1.7990887432460705,5.1804741110417885,True,PYTH/USDT,2024-08-25 00:00:00,2024,26,26,27,-0.16286725669630284,25.8
1724544000000,SHORT,4.065126050420136,0.6632825874783725,4.415126050420136,False,ENJ/USDT,2024-08-25 00:00:00,2024,27,27,28,-0.1220257069679553,23.799999999999997
1724544000000,SHORT,-5.502078308979974,0.7413806708037524,5.152078308979974,True,APT/USDT,2024-08-25 00:00:00,2024,28,28,29,-0.11704715990045741,34.4
1724544000000,SHORT,3.884361924686176,2.048895175545862,4.234361924686176,False,ONT/USDT,2024-08-25 00:00:00,2024,29,29,30,-0.20692140348313032,36.4
1724544000000,SHORT,6.725631583115551,2.942363154173897,7.075631583115551,True,MEME/USDT,2024-08-25 00:00:00,2024,30,30,31,0.031104055984758124,20.200000000000003
1724544000000,SHORT,4.947624154429944,0.7094307308910739,5.297624154429943,True,ARB/USDT,2024-08-25 00:00:00,2024,31,31,32,-0.08407855681061782,36.8
1724544000000,SHORT,6.081992161985596,0.6648278654145856,6.431992161985596,False,LPT/USDT,2024-08-25 00:00:00,2024,32,32,33,-0.02450861223673061,35.0
1724544000000,SHORT,6.91441413515188,1.022968138090102,7.264414135151879,True,SNX/USDT,2024-08-25 00:00:00,2024,33,33,34,-0.0321762409176396,15.4
1724544000000,SHORT,5.407845433255259,0.3030819151832501,5.757845433255259,True,INJ/USDT,2024-08-25 00:00:00,2024,34,34,35,-0.10681634768694612,16.8
1724544000000,SHORT,6.2432583198245535,1.6285358445897915,6.593258319824553,False,EGLD/USDT,2024-08-25 00:00:00,2024,35,35,36,-0.26273668606279144,9.6
1724544000000,SHORT,5.360985777341825,0.1872921783926903,5.710985777341825,False,MAGIC/USDT,2024-08-25 00:00:00,2024,36,36,37,0.020775136786360636,23.0
1724544000000,SHORT,5.201617837392624,1.7355868057378503,5.551617837392624,True,ICP/USDT,2024-08-25 00:00:00,2024,37,37,38,-0.2707979275050138,41.199999999999996
1724544000000,SHORT,6.589409797151481,-0.9743587835325532,6.93940979715148,True,WLD/USDT,2024-08-25 00:00:00,2024,38,38,39,-0.19520906919722972,40.400000000000006
1724544000000,SHORT,5.758017817371926,0.8991859667962043,6.108017817371926,False,BIGTIME/USDT,2024-08-25 00:00:00,2024,39,39,40,-0.11531114929455605,2.1999999999999997
1724544000000,SHORT,5.004987212276195,0.4551527978497814,5.354987212276194,False,ROSE/USDT,2024-08-25 00:00:00,2024,40,40,41,-0.11400905840954943,26.8
1724544000000,SHORT,6.302677651905224,0.4559813887763072,6.652677651905224,False,BLUR/USDT,2024-08-25 00:00:00,2024,41,41,42,-0.19779350708510637,55.60000000000001
1724544000000,SHORT,6.315109489051093,1.3408115675820722,6.665109489051092,True,TIA/USDT,2024-08-25 00:00:00,2024,42,42,43,0.014956380103361446,62.2
1724544000000,SHORT,6.502105263157893,1.5854645263332725,6.852105263157893,True,ARKM/USDT,2024-08-25 00:00:00,2024,43,43,44,-0.08880007597664512,24.4
1724544000000,SHORT,6.555102123520824,0.0657800730259974,6.905102123520823,False,POLYX/USDT,2024-08-25 00:00:00,2024,44,44,45,-0.10331509281710408,31.6
1724558400000,SHORT,8.196403946924885,-1.5796164978909637,8.546403946924885,True,PENDLE/USDT,2024-08-25 04:00:00,2024,41,45,45,0.004243151267129265,30.599999999999998
1724558400000,SHORT,8.801833436917327,0.6717015820528455,9.151833436917329,True,NEAR/USDT,2024-08-25 04:00:00,2024,42,46,46,-0.10042550407205042,37.0
1724558400000,SHORT,7.584844878700569,-0.1589959326514579,7.934844878700568,False,MAV/USDT,2024-08-25 04:00:00,2024,43,47,47,-0.20374914357094362,20.200000000000003
1724558400000,SHORT,-7.551149101163174,1.5894350032987106,7.201149101163175,True,IMX/USDT,2024-08-25 04:00:00,2024,44,48,48,-0.046819993639852536,47.599999999999994
1724558400000,SHORT,-7.230769230769223,0.7432869791881134,6.880769230769223,False,ONE/USDT,2024-08-25 04:00:00,2024,45,49,49,-0.18339807948938971,12.4
1724558400000,SHORT,6.960798528457034,0.5901457003677568,7.310798528457034,False,YGG/USDT,2024-08-25 04:00:00,2024,46,50,50,-0.04079260392502621,18.8
1724558400000,SHORT,6.91555183946487,1.6486613083466548,7.265551839464869,True,ATOM/USDT,2024-08-25 04:00:00,2024,47,51,51,-0.17296767090676474,2.6
1724558400000,SHORT,5.881433137986128,0.3397043824253006,6.231433137986127,False,RVN/USDT,2024-08-25 04:00:00,2024,48,52,52,-0.18649802118191028,12.2
1724558400000,SHORT,3.975856556090217,4.22990420001918,4.325856556090217,True,SOL/USDT,2024-08-25 04:00:00,2024,49,53,53,-0.17552682325428473,46.6
1724558400000,SHORT,5.820897731009536,-1.3600745445728408,6.170897731009536,True,MANA/USDT,2024-08-25 04:00:00,2024,50,54,54,-0.2339850773007355,36.6
1724558400000,SHORT,5.254852780806959,-1.251112848682471,5.604852780806959,False,BAT/USDT,2024-08-25 04:00:00,2024,51,55,55,-0.11928365735840096,17.8
1724558400000,SHORT,-7.623397169025802,0.8525505912081276,7.273397169025802,False,CHR/USDT,2024-08-25 04:00:00,2024,52,56,56,-0.08907330464332447,16.8
1724558400000,SHORT,-9.561390469718836,0.63881146367648,9.211390469718838,True,FET/USDT,2024-08-25 04:00:00,2024,53,57,57,-0.061886190217738765,30.2
1724558400000,SHORT,7.755648484253887,0.5785855605607375,8.105648484253887,False,ID/USDT,2024-08-25 04:00:00,2024,54,58,58,-0.19222624565968852,32.0
1724558400000,SHORT,7.691601941747571,1.0187429366728078,8.04160194174757,True,GALA/USDT,2024-08-25 04:00:00,2024,55,59,59,-0.2103098091256974,28.799999999999997
1724558400000,SHORT,9.133922134102365,0.0456324447568181,9.483922134102365,False,ARPA/USDT,2024-08-25 04:00:00,2024,56,60,60,-0.14846247775573623,24.4
1724558400000,SHORT,7.2776629949389555,0.5473992261814925,7.627662994938955,True,GRT/USDT,2024-08-25 04:00:00,2024,57,61,61,-0.18151762189407003,37.8
1724558400000,SHORT,10.220364466538776,2.2055508640823445,10.570364466538775,True,TRB/USDT,2024-08-25 04:00:00,2024,58,62,62,-0.03900797112564807,18.8
1724558400000,SHORT,6.989768843056591,0.3990602283999259,7.33976884305659,True,ORDI/USDT,2024-08-25 04:00:00,2024,59,63,63,-0.0881476974698902,39.0
1724558400000,SHORT,7.517821762160836,0.718788179287338,7.867821762160836,False,SSV/USDT,2024-08-25 04:00:00,2024,60,64,64,0.0414040853157204,19.400000000000002
1724572800000,SHORT,6.423245716967827,1.2993893632632896,6.773245716967827,False,CYBER/USDT,2024-08-25 08:00:00,2024,21,65,65,-0.0014337837981623087,42.0
1724572800000,SHORT,7.831719183150545,0.6280399804332304,8.181719183150545,True,1000PEPE/USDT,2024-08-25 08:00:00,2024,22,66,66,-0.14830438831519824,29.4
1724572800000,SHORT,6.475302054289625,1.625475420756087,6.825302054289625,False,EGLD/USDT,2024-08-25 08:00:00,2024,23,66,66,-0.13039471230060315,20.4
1724572800000,SHORT,7.000411071526439,0.0797114604120332,7.350411071526438,True,APE/USDT,2024-08-25 08:00:00,2024,24,66,66,-0.13129882686289046,51.4
1724572800000,SHORT,7.645548037889037,1.8461196152691863,7.995548037889037,True,PEOPLE/USDT,2024-08-25 08:00:00,2024,25,66,66,-0.004133839637857567,42.6
1724587200000,SHORT,5.764372886946473,-0.1588613931537378,6.114372886946473,False,MAV/USDT,2024-08-25 12:00:00,2024,6,62,66,-0.16114385346925392,20.200000000000003
1724644800000,SHORT,6.683714453239501,0.8057952005829662,7.033714453239501,False,LQTY/USDT,2024-08-26 04:00:00,2024,1,1,26,0.1955675666913758,18.4
1724832000000,LONG,-2.1370315288518715,1.4639048958652965,5.5785841760856725,True,ETH/USDT,2024-08-28 08:00:00,2024,1,1,1,0.049995215598861886,0.2
1724832000000,LONG,-5.263871351995233,1.2780336225118656,4.913871351995233,False,STEEM/USDT,2024-08-28 08:00:00,2024,2,2,2,-0.025679250997411987,14.799999999999999
1725264000000,LONG,-4.885620915032671,0.648320269062916,4.535620915032672,True,ALGO/USDT,2024-09-02 08:00:00,2024,1,1,1,-0.10833617285454525,3.0
1725264000000,LONG,-7.013996541152421,0.3245619904128226,6.663996541152422,True,CFX/USDT,2024-09-02 08:00:00,2024,2,2,2,-0.1635584617230522,3.4000000000000004
1725264000000,LONG,-4.776926229508195,-0.4105848756617858,4.426926229508196,True,SAND/USDT,2024-09-02 08:00:00,2024,3,3,3,-0.06095169905474322,1.4000000000000001
1725278400000,LONG,-5.653584743332389,1.3494276906517086,5.303584743332389,True,FIL/USDT,2024-09-02 12:00:00,2024,4,4,4,-0.12425099673716412,0.2
1725321600000,LONG,-6.477488309953237,3.444486881265016,6.127488309953238,True,ZEC/USDT,2024-09-03 00:00:00,2024,1,2,5,-0.0279674762494226,4.2
1725451200000,LONG,-7.139530242554501,1.4801028557805451,6.789530242554501,True,ADA/USDT,2024-09-04 12:00:00,2024,1,1,1,-0.23027249179754106,18.4
1725465600000,LONG,-5.801943395018251,-0.4582723604110185,5.451943395018251,False,KAS/USDT,2024-09-04 16:00:00,2024,2,2,2,-0.21952719506233673,2.4
1725681600000,LONG,4.389458811440315,-0.5603899496595381,4.739458811440315,False,QNT/USDT,2024-09-07 04:00:00,2024,1,1,1,-0.05230644707145704,18.6
1725681600000,LONG,5.727753929467686,1.0820130210648424,6.077753929467685,True,BCH/USDT,2024-09-07 04:00:00,2024,2,2,2,-0.08803737834539195,29.4
1725681600000,LONG,1.9844687214422136,0.732592405466194,6.273638736702186,True,ETH/USDT,2024-09-07 04:00:00,2024,3,3,3,-0.1318704384773598,8.0
1725681600000,LONG,0.913463131731566,0.150416702520851,5.049585749792873,False,YFI/USDT,2024-09-07 04:00:00,2024,4,4,4,-0.15232048126645842,18.6
1725681600000,LONG,6.610040241448686,0.2920052686218282,6.960040241448685,True,LINK/USDT,2024-09-07 04:00:00,2024,5,5,5,-0.09950921141702457,2.6
1725681600000,LONG,6.9167270094134725,-0.0459681317864412,7.266727009413472,False,EGLD/USDT,2024-09-07 04:00:00,2024,6,6,6,-0.07874534925270307,2.0
1725681600000,LONG,4.805016057037835,0.977087104937546,5.155016057037835,True,BNB/USDT,2024-09-07 04:00:00,2024,7,7,7,-0.14684571842506103,22.0
1725681600000,LONG,0.367929340638584,1.45626714345909,5.423446060835058,True,XRP/USDT,2024-09-07 04:00:00,2024,8,8,8,-0.21831906437882942,0.6
1725969600000,SHORT,5.617152837357507,0.9438392104435828,5.9671528373575065,True,APE/USDT,2024-09-10 12:00:00,2024,1,1,1,0.048206531512955085,45.800000000000004
1725998400000,SHORT,4.030779910660367,0.0884814876749696,4.380779910660366,True,APE/USDT,2024-09-10 20:00:00,2024,1,1,1,0.04563294923504354,50.4
1726012800000,SHORT,-6.172632690953309,-0.7775619865119919,5.822632690953309,True,STX/USDT,2024-09-11 00:00:00,2024,2,2,2,-0.2729998203555972,29.2
1726012800000,SHORT,0.2881213706847048,2.1957495910231493,4.62024120987812,True,OP/USDT,2024-09-11 00:00:00,2024,3,3,3,-0.13812185264986554,47.0
1726056000000,SHORT,-3.368489641345513,-1.671380566249172,6.355090220539069,False,MTL/USDT,2024-09-11 12:00:00,2024,1,3,4,-0.13233254054753749,3.5999999999999996
1726142400000,SHORT,6.033770491803272,-0.0086463732016589,6.383770491803271,True,PENDLE/USDT,2024-09-12 12:00:00,2024,1,1,2,-0.17618967091249912,38.800000000000004
1726171200000,SHORT,5.751124054772113,-0.0086276609139197,6.101124054772113,True,PENDLE/USDT,2024-09-12 20:00:00,2024,1,1,1,-0.1960269344879296,38.800000000000004
1726214400000,SHORT,-12.03489681050655,-1.8222350377589989,11.684896810506553,False,BIGTIME/USDT,2024-09-13 08:00:00,2024,1,2,2,-0.10076866970900974,2.8000000000000003
1726228800000,SHORT,-5.217926356589136,-0.5968095229592711,4.867926356589137,False,TWT/USDT,2024-09-13 12:00:00,2024,2,2,3,-0.05055616888667974,20.4
1726300800000,SHORT,3.4195457930007427,1.606137497467536,11.493196202531632,False,COTI/USDT,2024-09-14 08:00:00,2024,1,1,3,-0.11041036338332773,5.0
1726300800000,SHORT,5.72841899167889,-0.686400394930935,6.078418991678889,True,JASMY/USDT,2024-09-14 08:00:00,2024,2,2,4,-0.23117964453916218,42.8
1726430400000,SHORT,6.158459725032833,-2.0112864295154136,6.508459725032832,True,TIA/USDT,2024-09-15 20:00:00,2024,1,1,1,-0.18832265059144745,0.0
1726430400000,SHORT,-4.847235948116119,-0.8916564166955792,4.497235948116119,True,THETA/USDT,2024-09-15 20:00:00,2024,2,2,2,-0.34193134694035887,2.0
1726430400000,SHORT,-6.883333333333326,-1.6636930654405244,6.533333333333326,False,STG/USDT,2024-09-15 20:00:00,2024,3,3,3,-0.09077631716960334,8.799999999999999
1726459200000,SHORT,-11.52535895950036,-0.6169959838118383,11.17535895950036,False,CKB/USDT,2024-09-16 04:00:00,2024,1,4,4,0.20309639452518008,1.6
1726761600000,SHORT,7.788130539081759,-0.656202898713569,8.138130539081759,True,TIA/USDT,2024-09-19 16:00:00,2024,1,1,1,0.07102995622037649,46.6
1726790400000,SHORT,4.585930793324602,-0.6530407658673907,4.9359307933246015,True,TIA/USDT,2024-09-20 00:00:00,2024,1,1,1,0.06656176580522813,16.6
1726804800000,SHORT,-3.214689150751716,-0.5023200317071591,5.557496952458337,False,KNC/USDT,2024-09-20 04:00:00,2024,2,2,2,-0.1584712560622441,31.2
1726819200000,SHORT,-6.069921104536494,-0.7663292367957695,9.20236686390533,True,CELO/USDT,2024-09-20 08:00:00,2024,2,3,3,-0.007366464052590099,23.599999999999998
1726819200000,SHORT,-0.2974651956921518,,7.650591016548458,False,KAVA/USDT,2024-09-20 08:00:00,2024,3,4,4,-0.0014669768400826096,11.0
1726848000000,SHORT,-5.803754940711453,-0.7183988645541545,5.453754940711454,True,CELO/USDT,2024-09-20 16:00:00,2024,1,3,4,0.009059646412782856,23.599999999999998
1726905600000,SHORT,7.68616552399609,-0.3529648517427365,8.03616552399609,False,GAS/USDT,2024-09-21 08:00:00,2024,1,1,3,-0.02408608505909016,0.2
1726934400000,SHORT,-1.104527162977868,-0.7480881937498132,9.684205231388312,False,ONT/USDT,2024-09-21 16:00:00,2024,1,2,3,0.07661591105887938,0.2
1726934400000,SHORT,6.872284325637903,-0.3533922584159317,7.222284325637903,False,GAS/USDT,2024-09-21 16:00:00,2024,2,2,3,-0.02238215924356616,1.4000000000000001
1726963200000,SHORT,-4.803305486798668,-1.3173554901508857,4.453305486798668,False,CAKE/USDT,2024-09-22 00:00:00,2024,1,3,3,-0.07782076514885443,25.0
1726963200000,SHORT,-6.648470097357432,-0.5510567487480543,6.298470097357432,True,APT/USDT,2024-09-22 00:00:00,2024,2,4,4,0.20106785521313209,44.0
1726963200000,SHORT,-0.968716163959784,-0.3529749643158424,9.169012632121676,False,GAS/USDT,2024-09-22 00:00:00,2024,3,4,4,-0.010693391660337444,1.0
1726963200000,SHORT,-2.706557377049177,-0.7432546146720538,11.707069672131128,False,ONT/USDT,2024-09-22 00:00:00,2024,4,4,4,0.06298164117996555,1.2
1726977600000,SHORT,10.541679999999982,,10.89167999999998,False,ARK/USDT,2024-09-22 04:00:00,2024,5,5,5,-0.051407825654119305,0.4
1726977600000,SHORT,-1.6191302724897194,-0.5673525637261907,7.357316162747267,False,MTL/USDT,2024-09-22 04:00:00,2024,6,6,6,-0.09155922217905448,38.6
1726992000000,SHORT,-4.836048850394079,-0.2119826511884339,4.486048850394079,True,APT/USDT,2024-09-22 08:00:00,2024,3,6,6,0.22195149835506917,44.0
1727006400000,SHORT,-5.526869027543559,0.1194110733766402,5.176869027543559,False,ROSE/USDT,2024-09-22 12:00:00,2024,2,7,7,-0.005227048169571242,34.599999999999994
1727006400000,SHORT,-8.823858133592898,0.4589452663015285,8.473858133592898,True,PENDLE/USDT,2024-09-22 12:00:00,2024,3,8,8,0.09651328495983301,0.4
1727035200000,SHORT,5.116560626452942,0.4599356328867558,5.466560626452941,True,PENDLE/USDT,2024-09-22 20:00:00,2024,1,3,8,0.09981526861043304,0.8
1727136000000,SHORT,-0.4867582352241584,-0.8854588437164285,6.508366036389572,True,AAVE/USDT,2024-09-24 00:00:00,2024,1,1,1,0.054640833276897116,55.400000000000006
1727136000000,SHORT,-3.352230228169497,0.6057756445448823,7.085320523817683,True,IMX/USDT,2024-09-24 00:00:00,2024,2,2,2,0.16299900794814093,64.60000000000001
1727179200000,SHORT,0.7075554199715338,-0.8353491940077954,4.563310961968668,True,COMP/USDT,2024-09-24 12:00:00,2024,1,3,3,-0.011450334115309156,66.0
1727179200000,SHORT,-8.53821693598722,-1.6025491689438325,8.18821693598722,True,ARKM/USDT,2024-09-24 12:00:00,2024,2,4,4,0.04856425202743597,32.800000000000004
1727236800000,SHORT,-5.543204090328073,-0.250796751922573,5.193204090328074,False,AGLD/USDT,2024-09-25 04:00:00,2024,1,1,3,0.11233515087012688,39.800000000000004
1727236800000,SHORT,-5.4858632836149415,-0.6293605897040313,5.135863283614942,True,GRT/USDT,2024-09-25 04:00:00,2024,2,2,4,0.06330925750154137,51.0
1727236800000,SHORT,-10.43903903903902,0.1701236148944452,10.08903903903902,True,CFX/USDT,2024-09-25 04:00:00,2024,3,3,5,0.024699181472376767,37.6
1727265600000,SHORT,-6.862049670397042,-0.2736036584328608,6.512049670397042,True,CHZ/USDT,2024-09-25 12:00:00,2024,1,4,6,-0.03343131684144961,0.8
1727294400000,SHORT,-5.3890377412849055,-0.604478410980172,5.039037741284906,False,ZRX/USDT,2024-09-25 20:00:00,2024,1,2,5,-0.06993322194051284,7.3999999999999995
1727294400000,SHORT,-6.534839400428252,0.4345959437015442,6.1848394004282525,False,BLUR/USDT,2024-09-25 20:00:00,2024,2,3,6,0.005318210820302987,59.599999999999994
1727294400000,SHORT,-5.835015920584366,-0.4836383288177825,5.485015920584367,False,MINA/USDT,2024-09-25 20:00:00,2024,3,4,7,0.015957755269709096,43.0
1727308800000,SHORT,-7.045489891135299,-0.6614183139420936,6.695489891135299,True,CELO/USDT,2024-09-26 00:00:00,2024,4,5,8,0.17821836284851836,0.2
1727337600000,SHORT,5.0499999999999865,-0.6532344300393605,5.399999999999986,True,CELO/USDT,2024-09-26 08:00:00,2024,1,4,5,0.16953593142851997,0.8
1727366400000,SHORT,-7.0654446177846975,-0.6484564183841841,6.715444617784698,True,CELO/USDT,2024-09-26 16:00:00,2024,1,1,4,0.15382931793788254,24.2
1727380800000,SHORT,-8.734904853538577,0.8413728463606188,8.384904853538577,True,SEI/USDT,2024-09-26 20:00:00,2024,2,2,5,0.23956891031181074,82.0
1727380800000,SHORT,7.138939140694139,-0.1551255940474195,7.488939140694138,True,WLD/USDT,2024-09-26 20:00:00,2024,3,3,6,-0.0015075583688145154,52.6
1727380800000,SHORT,5.523605947955388,0.6489813002391104,7.608104089219323,True,RUNE/USDT,2024-09-26 20:00:00,2024,4,4,7,0.04542757863686191,41.0
1727395200000,SHORT,1.951141511143319,-1.4054352202676963,6.715274506251117,True,NEAR/USDT,2024-09-27 00:00:00,2024,4,5,5,0.038977738510745936,46.800000000000004
1727452800000,SHORT,3.653692614770452,0.8436834851936607,4.003692614770452,True,ADA/USDT,2024-09-27 16:00:00,2024,1,1,6,-0.04096176977293796,50.4
1727496000000,SHORT,-8.43304544246611,-1.1316788961603148,8.08304544246611,True,1000BONK/USDT,2024-09-28 04:00:00,2024,1,2,2,-0.08786977665570646,50.6
1727496000000,SHORT,5.785887207702869,-0.4586612194770846,6.1358872077028686,False,RSR/USDT,2024-09-28 04:00:00,2024,2,3,3,-0.073733122795187,48.6
1727496000000,SHORT,4.508292249555774,1.3269455496632707,4.858292249555774,True,ORDI/USDT,2024-09-28 04:00:00,2024,3,4,4,-0.12301039355441677,46.6
1727496000000,SHORT,-5.449043062200936,-0.6115166392315093,5.099043062200936,False,HIGH/USDT,2024-09-28 04:00:00,2024,4,5,5,-0.07704147948119194,26.8
1727496000000,SHORT,11.163450292397638,1.0989581770907528,11.513450292397636,False,BIGTIME/USDT,2024-09-28 04:00:00,2024,5,6,6,0.20959696783168272,99.8
1727496000000,SHORT,7.906708975521301,-0.832737831380336,8.2567089755213,False,SKL/USDT,2024-09-28 04:00:00,2024,6,7,7,0.10271081604339902,32.2
1727496000000,SHORT,7.875721058870006,-0.9487874259931528,8.225721058870006,False,YGG/USDT,2024-09-28 04:00:00,2024,7,8,8,-0.02912268824543701,32.800000000000004
1727496000000,SHORT,7.549967479674791,-1.105971122330213,7.899967479674791,True,MEME/USDT,2024-09-28 04:00:00,2024,8,9,9,0.08557566699836987,31.6
1727496000000,SHORT,-5.515974388441955,0.4601598015920574,5.165974388441955,True,DOGE/USDT,2024-09-28 04:00:00,2024,9,10,10,-0.10897676914487711,47.0
1727496000000,SHORT,6.605401910067627,-0.1509968822568369,6.955401910067627,True,ENS/USDT,2024-09-28 04:00:00,2024,10,11,11,-0.008687346044120177,44.6
1727496000000,SHORT,4.439454110771665,0.5592437892765902,4.789454110771665,True,UNI/USDT,2024-09-28 04:00:00,2024,11,12,12,-0.06517211711774669,52.800000000000004
1727496000000,SHORT,6.451113580745824,-0.9693956047613776,6.801113580745824,False,ILV/USDT,2024-09-28 04:00:00,2024,12,13,13,-0.030605255749394766,16.8
1727496000000,SHORT,5.639841688654331,1.3678977348899624,5.989841688654331,False,1INCH/USDT,2024-09-28 04:00:00,2024,13,14,14,0.025315388640424135,26.200000000000003
1727496000000,SHORT,4.9542276899042985,,5.304227689904298,False,TWT/USDT,2024-09-28 04:00:00,2024,14,15,15,0.1029082549486056,20.0
1727496000000,SHORT,4.915499691548417,0.6746684025401012,5.265499691548417,True,ARB/USDT,2024-09-28 04:00:00,2024,15,16,16,-0.007877159921583074,49.8
1727496000000,SHORT,4.875860951675602,0.5884339804301137,5.225860951675601,False,CAKE/USDT,2024-09-28 04:00:00,2024,16,17,17,-0.03919203833530026,24.0
1727510400000,SHORT,-5.630478908042579,0.3775817542259159,5.280478908042579,False,ENJ/USDT,2024-09-28 08:00:00,2024,17,17,18,0.053442395212810974,30.4
1727524800000,SHORT,7.402703013572565,-0.8212665707844232,7.752703013572565,False,SKL/USDT,2024-09-28 12:00:00,2024,2,17,18,0.1020874639014828,32.2
1727524800000,SHORT,8.197414113853405,-0.1147831173078988,8.547414113853405,True,PEOPLE/USDT,2024-09-28 12:00:00,2024,3,18,19,-0.05434948081251094,57.599999999999994
1727524800000,SHORT,11.401792608935446,1.09689475101713,11.751792608935446,False,BIGTIME/USDT,2024-09-28 12:00:00,2024,4,18,19,0.21166577317775517,99.2
1727582400000,SHORT,7.731896551724134,0.131459766920402,8.081896551724133,False,NMR/USDT,2024-09-29 04:00:00,2024,1,1,19,-0.009204381064019353,14.000000000000002
1727582400000,SHORT,-7.319466237942109,-0.067291029094282,6.969466237942109,True,1000BONK/USDT,2024-09-29 04:00:00,2024,2,2,19,-0.1484034794091403,50.4
1727582400000,SHORT,4.609744282083844,0.5795531904890439,4.959744282083844,True,DOGE/USDT,2024-09-29 04:00:00,2024,3,3,19,-0.12616930570350302,57.4
1727611200000,SHORT,7.450473878871923,0.339457385549312,7.800473878871923,True,SUSHI/USDT,2024-09-29 12:00:00,2024,1,4,7,0.0468274817798662,38.2
1727625600000,SHORT,11.27550771730301,-3.296289401980925,11.625507717303009,False,ARK/USDT,2024-09-29 16:00:00,2024,2,5,5,0.03195739588110396,1.4000000000000001
1727640000000,SHORT,3.844993761696807,-0.377941100498663,4.194993761696807,True,XRP/USDT,2024-09-29 20:00:00,2024,2,3,6,-0.09930964436883606,53.2
1727654400000,SHORT,5.72365422396856,-3.3212315057678303,6.07365422396856,False,ARK/USDT,2024-09-30 00:00:00,2024,2,3,6,0.03610033857200104,2.0
1727683200000,SHORT,3.946713764089521,0.5305192319015163,4.296713764089521,True,XRP/USDT,2024-09-30 08:00:00,2024,1,2,3,-0.07637309918959005,53.0
1727827200000,LONG,-7.137559002022936,1.1307850117174705,6.787559002022936,True,XMR/USDT,2024-10-02 00:00:00,2024,1,1,1,-0.04138303352859054,24.4
1727841600000,LONG,-6.744222884830412,0.0940931460833323,6.394222884830413,False,ANKR/USDT,2024-10-02 04:00:00,2024,2,2,2,0.11177133794184246,27.400000000000002
1727841600000,LONG,-6.835343156262126,1.1088353361964622,6.485343156262126,False,ZEN/USDT,2024-10-02 04:00:00,2024,3,3,3,0.09814396917868437,27.6
1727841600000,LONG,-6.640682148040641,,6.290682148040641,False,KAVA/USDT,2024-10-02 04:00:00,2024,4,4,4,0.053102224639133916,25.8
1727841600000,LONG,-5.343398328690794,0.9410888829243488,4.993398328690795,True,ADA/USDT,2024-10-02 04:00:00,2024,5,5,5,0.04160792555580428,35.0
1727841600000,LONG,-4.547853284048911,,4.197853284048912,False,SFP/USDT,2024-10-02 04:00:00,2024,6,6,6,0.14929889808455332,28.599999999999998
1727841600000,LONG,-3.259283258397259,-0.3252458532664694,8.480884686590844,False,KAS/USDT,2024-10-02 04:00:00,2024,7,7,7,0.0920439932123192,8.4
1727841600000,LONG,-7.929027921406407,-1.6572041904443524,7.579027921406407,True,RUNE/USDT,2024-10-02 04:00:00,2024,8,8,8,0.08454558745059394,12.2
1727841600000,LONG,-6.390617412417626,0.5495948394819197,6.040617412417626,True,MANA/USDT,2024-10-02 04:00:00,2024,9,9,9,0.16313979865037917,28.199999999999996
1727971200000,LONG,4.897213644020205,-0.5205537421156028,5.247213644020205,True,XMR/USDT,2024-10-03 16:00:00,2024,1,1,1,0.043850840919033476,24.2
1728360000000,SHORT,9.208306041215282,1.3080852926890956,9.558306041215282,True,SUI/USDT,2024-10-08 04:00:00,2024,1,1,1,0.043979962401361636,67.0
1728475200000,SHORT,-7.950316455696205,-1.930612614343601,7.600316455696205,False,GAS/USDT,2024-10-09 12:00:00,2024,1,1,1,-0.11877366764617911,18.8
1728504000000,SHORT,-10.03868087557601,-1.3104603959985752,9.68868087557601,True,CHZ/USDT,2024-10-09 20:00:00,2024,1,2,2,-0.03224154831521081,0.0
1728662400000,SHORT,-4.902689532970503,0.206057777500146,4.552689532970503,True,UNI/USDT,2024-10-11 16:00:00,2024,1,1,1,0.036354454687622745,7.6
1728734400000,SHORT,-5.479578675838327,-0.7821248445424263,5.129578675838327,True,ZEC/USDT,2024-10-12 12:00:00,2024,1,1,2,0.11681598075571749,20.599999999999998
1728979200000,SHORT,-7.4859576968272465,-0.791348209272093,7.135957696827247,True,PEOPLE/USDT,2024-10-15 08:00:00,2024,1,1,1,-0.02309607987601552,55.800000000000004
1728993600000,SHORT,-3.1600195134845164,1.1903620907262369,4.829637173576715,True,ETH/USDT,2024-10-15 12:00:00,2024,2,2,2,0.057290262885837356,65.0
1728993600000,SHORT,1.569658727337368,,11.540517241379296,False,TWT/USDT,2024-10-15 12:00:00,2024,3,3,3,-0.013894752808025488,19.400000000000002
1729036800000,SHORT,-3.751001845504893,0.4780648678088878,6.725757975217511,False,AGLD/USDT,2024-10-16 00:00:00,2024,1,3,4,-0.0010604270912318373,48.0
1729065600000,SHORT,-6.041900972590615,1.172450065236998,5.691900972590616,False,AGLD/USDT,2024-10-16 08:00:00,2024,1,1,4,-0.009097662182527257,27.6
1729080000000,SHORT,-5.184306151645194,-0.5260223693347195,4.834306151645194,True,LTC/USDT,2024-10-16 12:00:00,2024,2,2,4,0.1979556361625274,56.599999999999994
1729137600000,SHORT,-11.999363507779345,,11.649363507779343,False,STORJ/USDT,2024-10-17 04:00:00,2024,1,1,3,0.20613224044749018,11.200000000000001
1729137600000,SHORT,-7.267613310384399,-2.309314897400081,6.917613310384399,True,DOGE/USDT,2024-10-17 04:00:00,2024,2,2,4,0.026803532515287047,53.400000000000006
1729152000000,SHORT,-9.771328731665209,-0.7583846701597474,9.42132873166521,False,ARK/USDT,2024-10-17 08:00:00,2024,3,3,5,0.027361221004595458,5.800000000000001
1729353600000,SHORT,-5.520670570592007,0.2583382602749046,5.170670570592008,True,DOGE/USDT,2024-10-19 16:00:00,2024,1,1,1,0.14162226898877234,52.0
1729382400000,SHORT,-4.553276020660839,0.7200678529915023,4.203276020660839,True,DOGE/USDT,2024-10-20 00:00:00,2024,1,1,1,0.10983252670783793,51.800000000000004
1729425600000,SHORT,9.416295264623963,-0.3981881899252729,9.766295264623963,False,ARK/USDT,2024-10-20 12:00:00,2024,1,2,2,-0.019981913877332863,6.800000000000001
1729454400000,SHORT,9.710187134502917,0.6827363792315241,10.060187134502916,False,MAGIC/USDT,2024-10-20 20:00:00,2024,1,2,3,0.10742263193541315,10.0
1729483200000,SHORT,4.805563583815023,-0.0631116936017826,5.155563583815023,False,AGLD/USDT,2024-10-21 04:00:00,2024,1,2,3,0.06183303603985011,46.400000000000006
1729483200000,SHORT,9.608518518518508,-5.882154793033931,9.958518518518508,True,DYDX/USDT,2024-10-21 04:00:00,2024,2,3,4,0.13467769973294486,21.4
1729483200000,SHORT,4.364180929095326,0.58050741573615,4.714180929095326,False,ALICE/USDT,2024-10-21 04:00:00,2024,3,4,5,0.15434226467789866,24.2
1729483200000,SHORT,4.2145368171021325,0.975585495138732,4.564536817102132,False,MAGIC/USDT,2024-10-21 04:00:00,2024,4,4,5,0.10896597443006692,31.4
1729497600000,SHORT,9.894759206798856,-0.3559208197408774,10.244759206798856,False,WOO/USDT,2024-10-21 08:00:00,2024,5,5,6,0.06597431009644039,34.2
1729497600000,SHORT,4.059032576505424,-3.599824264441732,4.409032576505424,False,ONT/USDT,2024-10-21 08:00:00,2024,6,6,7,-0.06018876320751813,29.2
1729512000000,SHORT,2.739019938219604,0.7271391230489546,9.313198539736009,False,ZRX/USDT,2024-10-21 12:00:00,2024,3,7,8,0.013716174020272542,33.4
1729512000000,SHORT,-4.635068940493452,0.9240382913766744,4.285068940493453,True,SOL/USDT,2024-10-21 12:00:00,2024,4,8,9,0.057744742718649926,63.2
1729512000000,SHORT,6.0727309236947615,-5.865873812499851,6.422730923694761,True,DYDX/USDT,2024-10-21 12:00:00,2024,5,8,9,0.14923601790796281,21.4
1729512000000,SHORT,4.663023183444838,1.1291115413239177,5.0130231834448375,False,CAKE/USDT,2024-10-21 12:00:00,2024,6,9,10,0.0639456690478976,25.0
1729526400000,SHORT,9.304037529981636,-0.354108323786295,9.654037529981636,False,WOO/USDT,2024-10-21 16:00:00,2024,5,9,9,0.022751896962090765,34.2
1729540800000,SHORT,7.436554621848736,0.3084033401464151,7.786554621848736,False,MINA/USDT,2024-10-21 20:00:00,2024,2,7,10,-0.08170554040680682,36.6
1729555200000,SHORT,6.909671556536404,,7.259671556536404,True,APE/USDT,2024-10-22 00:00:00,2024,2,7,11,0.5245695759841308,65.2
1729771200000,LONG,-6.196592489568829,-0.1126297631733959,5.846592489568829,True,CELO/USDT,2024-10-24 12:00:00,2024,1,1,1,0.0760104620491442,19.0
1729915200000,LONG,1.5955252918287957,-0.8159813690247211,5.769922178988327,True,XRP/USDT,2024-10-26 04:00:00,2024,1,1,1,-0.20425050411790033,19.0
1729929600000,LONG,-1.9202853691680624,-3.2497295910701034,10.02462630227994,False,CKB/USDT,2024-10-26 08:00:00,2024,2,2,2,-0.031911512706338116,12.4
1729972800000,LONG,5.520775482560114,,5.870775482560114,False,KAS/USDT,2024-10-26 20:00:00,2024,1,2,3,-0.08581401239791306,11.0
1730044800000,LONG,7.219209197980907,1.3158146691801689,7.569209197980907,True,ZEC/USDT,2024-10-27 16:00:00,2024,1,1,2,-0.12268995680491374,19.400000000000002
1730275200000,SHORT,5.793181547972879,0.0569032514203422,6.143181547972879,True,DOGE/USDT,2024-10-30 08:00:00,2024,1,1,1,0.022886764319205437,49.6
1730678400000,LONG,-6.222817764165378,-1.8822846301078164,5.8728177641653785,True,SNX/USDT,2024-11-04 00:00:00,2024,1,1,1,0.10246454838756847,14.799999999999999
1730764800000,LONG,4.887040181097898,1.853046852010269,5.237040181097898,False,GAS/USDT,2024-11-05 00:00:00,2024,1,1,2,-0.09283191578883114,21.0
1730764800000,LONG,7.112422288740508,0.1163095457008564,7.462422288740508,False,ARK/USDT,2024-11-05 00:00:00,2024,2,2,3,0.08093637127331932,32.6
1730808000000,LONG,9.632710779082164,1.6000984063126238,9.982710779082163,True,RUNE/USDT,2024-11-05 12:00:00,2024,1,3,3,0.05547105731906508,15.6
1730966400000,SHORT,7.634966153388364,,7.984966153388363,True,LDO/USDT,2024-11-07 08:00:00,2024,1,1,1,0.31538512048065576,31.6
1731024000000,SHORT,-7.175313461083499,1.1696821742006898,6.8253134610835,True,ZEC/USDT,2024-11-08 00:00:00,2024,1,1,2,-0.05463388987096768,21.0
1731038400000,SHORT,-8.59052604030357,-0.3753205817715042,8.240526040303571,False,ROSE/USDT,2024-11-08 04:00:00,2024,2,2,3,0.015001233076409758,27.400000000000002
1731067200000,SHORT,-7.523303888534714,1.460254673940331,7.173303888534714,True,ARKM/USDT,2024-11-08 12:00:00,2024,1,3,3,0.10935425803008395,27.6
1731110400000,SHORT,-7.439323098394969,,7.08932309839497,True,ADA/USDT,2024-11-09 00:00:00,2024,1,2,4,0.15932607211726219,46.0
1731139200000,SHORT,-6.273047830923234,1.1730183727597712,5.923047830923235,True,ZEC/USDT,2024-11-09 08:00:00,2024,1,2,3,-0.06463976081648556,21.0
1731182400000,SHORT,5.989510585647493,,6.339510585647493,False,STG/USDT,2024-11-09 20:00:00,2024,1,2,3,-0.22501213937362083,1.2
1731211200000,SHORT,8.683017241379307,,9.033017241379309,False,STG/USDT,2024-11-10 04:00:00,2024,1,1,2,-0.224277583231596,1.6
1731254400000,SHORT,5.486518486090647,2.2054737059207463,5.836518486090647,True,INJ/USDT,2024-11-10 16:00:00,2024,1,2,2,0.18437783684768905,49.6
1731268800000,SHORT,-6.839512896927332,,6.489512896927333,False,KSM/USDT,2024-11-10 20:00:00,2024,2,2,3,0.028398624836119893,54.0
1731268800000,SHORT,-5.294889298892981,,4.944889298892981,True,XLM/USDT,2024-11-10 20:00:00,2024,3,3,4,0.1501628849915392,99.2
1731268800000,SHORT,-4.552272727272703,1.741165266883111,4.202272727272703,False,DASH/USDT,2024-11-10 20:00:00,2024,4,4,5,0.044199739681007384,14.399999999999999
1731268800000,SHORT,-5.845567255434772,-0.2628967788613823,5.495567255434772,True,XRP/USDT,2024-11-10 20:00:00,2024,5,5,6,0.005564911068061151,99.8
1731268800000,SHORT,-5.843835356600886,1.5031710073784372,5.493835356600886,True,ATOM/USDT,2024-11-10 20:00:00,2024,6,6,7,0.09163491404103874,59.8
1731268800000,SHORT,-5.713400148478096,1.7196098354728673,5.363400148478096,False,IOTA/USDT,2024-11-10 20:00:00,2024,7,7,8,0.16074118091027012,99.6
1731268800000,SHORT,-10.292866126876808,0.6947510143313803,9.942866126876808,True,1000BONK/USDT,2024-11-10 20:00:00,2024,8,8,9,-0.005236405596957619,99.8
1731268800000,SHORT,-6.635341644979726,,6.285341644979726,False,ENJ/USDT,2024-11-10 20:00:00,2024,9,9,10,0.005201879432192016,99.2
1731283200000,SHORT,10.274999999999997,,10.624999999999996,True,ADA/USDT,2024-11-11 00:00:00,2024,9,10,11,0.3226495858101158,99.8
1731297600000,SHORT,-9.188418079096028,0.7670391561729577,8.838418079096028,False,LQTY/USDT,2024-11-11 04:00:00,2024,2,11,12,0.05121360813139724,99.8
1731297600000,SHORT,-8.544529712711524,1.384293986071028,8.194529712711525,True,DOT/USDT,2024-11-11 04:00:00,2024,3,12,13,0.11039809706815733,97.6
1731297600000,SHORT,-8.860999999999988,0.3847040881353668,8.510999999999989,False,LPT/USDT,2024-11-11 04:00:00,2024,4,13,14,0.006094488424929554,67.60000000000001
1731297600000,SHORT,8.206295779560499,-0.9799107304204636,8.556295779560498,False,API3/USDT,2024-11-11 04:00:00,2024,5,14,15,-0.03504849105980924,99.8
1731297600000,SHORT,8.266139962658178,2.4620703742995977,8.616139962658178,False,CKB/USDT,2024-11-11 04:00:00,2024,6,15,16,-0.06618642052340293,98.8
1731297600000,SHORT,-5.135020122223869,0.1595070086518066,4.7850201222238695,False,QNT/USDT,2024-11-11 04:00:00,2024,7,16,17,0.05580675489931628,31.6
1731297600000,SHORT,-7.1723584547181565,0.2326756324590742,6.822358454718157,False,ILV/USDT,2024-11-11 04:00:00,2024,8,17,18,0.09938948525337053,99.6
1731297600000,SHORT,-7.862214788888371,-0.3941095567655311,7.512214788888372,True,ETC/USDT,2024-11-11 04:00:00,2024,9,18,19,0.11125923915737973,98.2
1731297600000,SHORT,-7.897625564527157,-0.6011168917908822,7.547625564527157,False,HFT/USDT,2024-11-11 04:00:00,2024,10,19,20,0.11704590522835308,99.8
1731297600000,SHORT,-6.382028469750871,-0.0177972686307006,6.032028469750872,True,BCH/USDT,2024-11-11 04:00:00,2024,11,20,21,0.12744419468874196,86.8
1731297600000,SHORT,-6.996227633277981,2.43565532432286,6.646227633277982,True,AXS/USDT,2024-11-11 04:00:00,2024,12,21,22,-0.00108077230331566,84.8
1731297600000,SHORT,-7.527714285714261,-0.2609300563754292,7.177714285714261,True,XRP/USDT,2024-11-11 04:00:00,2024,13,21,22,0.012104330621803184,96.6
1731297600000,SHORT,-6.972342733188698,,6.622342733188698,True,AVAX/USDT,2024-11-11 04:00:00,2024,14,22,23,-0.013903737798834625,97.6
1731297600000,SHORT,8.482196384776067,-1.7391779896122643,8.832196384776067,False,SSV/USDT,2024-11-11 04:00:00,2024,15,23,24,0.13207969311116877,28.199999999999996
1731297600000,SHORT,-9.85681064225052,-0.3285008289982274,9.50681064225052,True,1000PEPE/USDT,2024-11-11 04:00:00,2024,16,24,25,0.017372251750013626,97.8
1731297600000,SHORT,-6.904416961130722,1.5935065186509725,6.554416961130722,True,SAND/USDT,2024-11-11 04:00:00,2024,17,25,26,0.00036596069556096606,99.6
1731297600000,SHORT,-6.483312401883818,1.6351597616212925,6.133312401883819,True,APT/USDT,2024-11-11 04:00:00,2024,18,26,27,0.018448466646763296,95.19999999999999
1731297600000,SHORT,-6.704035928143689,2.8376858087738954,6.35403592814369,True,FIL/USDT,2024-11-11 04:00:00,2024,19,27,28,0.03248748263031869,99.6
1731297600000,SHORT,-6.383528765115427,0.6334652572053476,6.033528765115428,True,HBAR/USDT,2024-11-11 04:00:00,2024,20,28,29,0.06803568938037642,36.199999999999996
1731297600000,SHORT,-6.568006103763977,-0.1137704805751042,6.218006103763978,False,BSV/USDT,2024-11-11 04:00:00,2024,21,29,30,0.026231133998766754,99.4
1731297600000,SHORT,10.97219918400105,,11.32219918400105,False,HIGH/USDT,2024-11-11 04:00:00,2024,22,30,31,-0.056208409173806054,98.6
1731297600000,SHORT,4.58189806678383,0.1365671125238307,8.419628734622139,False,ZEN/USDT,2024-11-11 04:00:00,2024,23,31,32,0.08776838786794185,98.4
1731297600000,SHORT,-6.918047933699161,1.2833230285019377,6.5680479336991615,True,ICP/USDT,2024-11-11 04:00:00,2024,24,32,33,0.04288810896788787,99.8
1731312000000,SHORT,5.571836228287827,,5.921836228287827,False,YFI/USDT,2024-11-11 08:00:00,2024,24,32,33,-0.11728699258525106,28.199999999999996
1731326400000,SHORT,-5.599103476594571,1.5429840959009855,5.249103476594572,True,SAND/USDT,2024-11-11 12:00:00,2024,2,25,33,-0.11128215991905514,33.800000000000004
1731326400000,SHORT,-6.412182308903368,0.406220467340134,6.062182308903369,True,1000PEPE/USDT,2024-11-11 12:00:00,2024,3,25,33,-0.053358126330189604,98.0
1731326400000,SHORT,-6.983741753063132,,6.633741753063132,False,HIGH/USDT,2024-11-11 12:00:00,2024,4,25,33,-0.05803646820620945,98.8
1731326400000,SHORT,8.782416842914799,1.2532246899190342,9.132416842914798,False,KNC/USDT,2024-11-11 12:00:00,2024,5,26,34,-0.06617499676770797,25.0
1731340800000,SHORT,6.183676092544975,,6.533676092544975,False,YFI/USDT,2024-11-11 16:00:00,2024,5,25,34,-0.1237674775990533,28.199999999999996
1731398400000,SHORT,-9.580365448504969,,9.230365448504967,True,ALGO/USDT,2024-11-12 08:00:00,2024,1,1,6,0.07893871202337302,35.8
1731398400000,SHORT,-6.856463086666089,,10.724169341545933,True,NEO/USDT,2024-11-12 08:00:00,2024,2,2,7,0.0018594744149732958,21.2
1731398400000,SHORT,-8.844268172447773,,8.494268172447773,False,ACH/USDT,2024-11-12 08:00:00,2024,3,3,8,0.011818270810925166,99.6
1731398400000,SHORT,8.67092720163841,1.5141518888166312,9.02092720163841,True,ATOM/USDT,2024-11-12 08:00:00,2024,4,4,9,0.01603238846667651,59.8
1731398400000,SHORT,9.258919475873848,0.7616782964405145,9.608919475873847,False,BLUR/USDT,2024-11-12 08:00:00,2024,5,5,10,-0.08311531486824171,99.6
1731398400000,SHORT,-7.833377748167853,1.688210821185968,7.483377748167854,False,ANKR/USDT,2024-11-12 08:00:00,2024,6,6,11,-0.013560989743595021,20.4
1731398400000,SHORT,-6.184201518083058,0.6511301615516133,10.704688197648462,True,CHZ/USDT,2024-11-12 08:00:00,2024,7,7,12,-0.04658149254153626,98.6
1731398400000,SHORT,9.421484918793483,3.2386030464109985,9.771484918793483,True,AVAX/USDT,2024-11-12 08:00:00,2024,8,8,13,0.03156595420781242,99.8
1731398400000,SHORT,10.3101157165892,,10.6601157165892,False,COTI/USDT,2024-11-12 08:00:00,2024,9,9,14,-0.085484341779854,98.4
1731398400000,SHORT,10.535614969306993,1.3173073307228826,10.88561496930699,True,VET/USDT,2024-11-12 08:00:00,2024,10,10,15,0.016639963921550757,16.2
1731398400000,SHORT,9.870224106889015,0.2202033089870956,10.220224106889017,False,ILV/USDT,2024-11-12 08:00:00,2024,11,11,16,0.022676085119895457,99.8
1731398400000,SHORT,10.758929182346897,1.6684605253542018,11.108929182346897,True,THETA/USDT,2024-11-12 08:00:00,2024,12,12,17,-0.12129855073258322,99.2
1731398400000,SHORT,10.5778145695364,0.8607120571951118,10.9278145695364,False,ONE/USDT,2024-11-12 08:00:00,2024,13,13,18,0.02427089668412326,17.0
1731398400000,SHORT,10.659223099293715,1.2836961117266998,11.009223099293717,True,OP/USDT,2024-11-12 08:00:00,2024,14,14,19,-0.0015455653936575703,99.6
1731398400000,SHORT,-8.760066006600649,3.7524060144881854,8.41006600660065,True,FLOW/USDT,2024-11-12 08:00:00,2024,15,15,20,-0.0921032162563644,41.199999999999996
1731398400000,SHORT,-9.32647058823529,1.053669683625899,8.97647058823529,True,GMT/USDT,2024-11-12 08:00:00,2024,16,16,21,-0.0326914691790303,99.6
1731398400000,SHORT,8.650175131348492,4.033699530507633,9.000175131348492,True,GRT/USDT,2024-11-12 08:00:00,2024,17,17,22,-0.022750824507522634,99.8
1731398400000,SHORT,-6.26367157441132,4.399144905658204,5.91367157441132,False,STEEM/USDT,2024-11-12 08:00:00,2024,18,18,23,-0.0010516906647238145,13.0
1731398400000,SHORT,8.37427070395111,1.5111875317867671,8.72427070395111,True,SAND/USDT,2024-11-12 08:00:00,2024,19,19,23,-0.09735502623160013,99.8
1731398400000,SHORT,7.260802307288918,,7.610802307288917,False,BAT/USDT,2024-11-12 08:00:00,2024,20,20,24,0.019394933729949694,23.0
1731398400000,SHORT,7.833395712827469,0.1163477259010131,8.183395712827469,False,RLC/USDT,2024-11-12 08:00:00,2024,21,21,25,-0.16265580733784737,99.8
1731398400000,SHORT,-3.168905952298976,2.0908188662969427,11.51965658930743,True,BCH/USDT,2024-11-12 08:00:00,2024,22,22,26,0.006078315147050115,72.6
1731398400000,SHORT,-9.730360685302069,4.602983350176999,9.380360685302067,True,HBAR/USDT,2024-11-12 08:00:00,2024,23,23,27,-0.036830452115829734,36.199999999999996
1731398400000,SHORT,-10.74965277777778,,10.39965277777778,False,IOTA/USDT,2024-11-12 08:00:00,2024,24,24,28,-0.006643115355667683,17.2
1731398400000,SHORT,-11.49428626394765,,11.14428626394765,True,NEAR/USDT,2024-11-12 08:00:00,2024,25,25,29,-0.02833544229079241,99.8
1731398400000,SHORT,9.704172613949943,3.241996285032233,10.054172613949945,False,EGLD/USDT,2024-11-12 08:00:00,2024,26,26,30,-0.02067611888311079,99.0
1731398400000,SHORT,8.775964149918511,0.228266750659237,9.125964149918511,False,ZRX/USDT,2024-11-12 08:00:00,2024,27,27,31,-0.03234459712762494,35.8
1731398400000,SHORT,-3.943380614657208,0.8303303849320227,7.029347517730489,True,SOL/USDT,2024-11-12 08:00:00,2024,28,28,32,-0.02888490980188496,99.6
1731398400000,SHORT,10.968497590161189,2.363753370373967,11.318497590161186,True,RUNE/USDT,2024-11-12 08:00:00,2024,29,29,33,0.06709964010533387,35.6
1731398400000,SHORT,-8.495945083014053,-0.1032650017915932,8.145945083014054,False,MINA/USDT,2024-11-12 08:00:00,2024,30,30,34,-0.05989488934992292,99.8
1731398400000,SHORT,9.04162722970512,2.50350007704776,9.39162722970512,True,AXS/USDT,2024-11-12 08:00:00,2024,31,31,35,-0.03525905803886195,84.6
1731398400000,SHORT,8.957296538821318,4.696422985621512,9.307296538821316,True,FIL/USDT,2024-11-12 08:00:00,2024,32,32,36,-0.005182838632053051,97.2
1731398400000,SHORT,8.776399999999981,6.160618812504659,9.12639999999998,True,DOT/USDT,2024-11-12 08:00:00,2024,33,33,37,0.008680928711239972,97.8
1731398400000,SHORT,9.087706832781777,,9.437706832781776,True,COMP/USDT,2024-11-12 08:00:00,2024,34,34,38,-0.020360305916569066,50.8
1731398400000,SHORT,-8.656098165592452,,8.306098165592452,False,ONT/USDT,2024-11-12 08:00:00,2024,35,35,39,-0.0001291545030321914,28.799999999999997
1731398400000,SHORT,7.790161725067371,,8.14016172506737,False,1INCH/USDT,2024-11-12 08:00:00,2024,36,36,40,-0.005320552811070653,20.8
1731398400000,SHORT,10.826085863663758,2.371963266798598,11.176085863663758,False,DUSK/USDT,2024-11-12 08:00:00,2024,37,37,41,-0.12635938083891432,99.2
1731412800000,SHORT,10.35396403759706,1.4462496323289598,10.70396403759706,True,APT/USDT,2024-11-12 12:00:00,2024,38,38,42,-0.08323377774526955,99.6
1731412800000,SHORT,-4.596958858710895,2.2480549290915386,4.246958858710896,True,BTC/USDT,2024-11-12 12:00:00,2024,39,39,43,0.02258255565609208,99.6
1731412800000,SHORT,10.031445154323771,-1.3503579461930724,10.381445154323773,False,MTL/USDT,2024-11-12 12:00:00,2024,40,40,44,-0.1812773777412923,99.6
1731427200000,SHORT,-11.71282734132266,2.175826173274728,11.36282734132266,False,GAS/USDT,2024-11-12 16:00:00,2024,4,41,42,0.060318526034557216,98.8
1731427200000,SHORT,10.097366424465235,,10.447366424465235,True,AVAX/USDT,2024-11-12 16:00:00,2024,5,41,42,0.038830753212241775,99.8
1731441600000,SHORT,6.90856588520614,1.4503601980785772,7.258565885206139,True,APT/USDT,2024-11-12 20:00:00,2024,3,41,41,-0.0927665896430447,99.8
1731441600000,SHORT,6.896867351933414,,7.246867351933414,False,KAVA/USDT,2024-11-12 20:00:00,2024,4,42,42,-0.0982346446718669,21.8
1731456000000,SHORT,7.876137401790594,-1.3439622752318092,8.226137401790593,False,MTL/USDT,2024-11-13 00:00:00,2024,3,6,42,-0.1540849830125728,98.2
1731456000000,SHORT,-11.603381869422256,,11.253381869422256,True,XLM/USDT,2024-11-13 00:00:00,2024,4,7,43,0.08793266286396842,99.4
1731456000000,SHORT,-11.811135240377412,2.666873443516717,11.461135240377413,True,XRP/USDT,2024-11-13 00:00:00,2024,5,8,44,0.1376298615970703,99.8
1731456000000,SHORT,-8.634163581285755,,8.284163581285755,True,TRX/USDT,2024-11-13 00:00:00,2024,6,9,45,0.16724548378140683,99.8
1731470400000,SHORT,-10.965235926494715,,10.615235926494716,True,DOGE/USDT,2024-11-13 04:00:00,2024,5,9,46,-0.036153859989031825,98.6
1731484800000,SHORT,-10.312470449172574,2.524085008877038,9.962470449172574,True,XRP/USDT,2024-11-13 08:00:00,2024,2,7,46,0.11283475651485818,99.0
1731484800000,SHORT,-10.11818311060562,,9.76818311060562,True,TRX/USDT,2024-11-13 08:00:00,2024,3,7,46,0.1488212521352722,99.2
1731513600000,SHORT,-9.78902677988243,,9.43902677988243,True,XLM/USDT,2024-11-13 16:00:00,2024,1,4,9,-0.038316294736647195,98.0
1731542400000,SHORT,-12.06760546782937,,11.71760546782937,True,1000BONK/USDT,2024-11-14 00:00:00,2024,1,2,6,-0.12856375511159976,98.0
1731600000000,SHORT,9.546448545117736,,9.896448545117735,True,1000PEPE/USDT,2024-11-14 16:00:00,2024,1,1,3,-0.08004252074925634,96.0
1731628800000,SHORT,-11.764998224305698,,11.414998224305698,True,1000PEPE/USDT,2024-11-15 00:00:00,2024,1,1,2,-0.10886240913905038,40.2
1731657600000,SHORT,-5.638388110928689,,5.28838811092869,True,1000PEPE/USDT,2024-11-15 08:00:00,2024,1,1,1,-0.112670021947569,94.8
1731758400000,SHORT,1.9464867180805543,1.1715272305673925,9.857292202227926,True,NEAR/USDT,2024-11-16 12:00:00,2024,1,1,1,-0.022350338811589845,98.0
1731787200000,SHORT,7.402109598251801,1.4982061702127685,7.752109598251801,True,NEAR/USDT,2024-11-16 20:00:00,2024,1,1,1,-0.025251743907630624,98.0
1731787200000,SHORT,-12.072064056939473,5.958303045611278,11.722064056939471,True,ALGO/USDT,2024-11-16 20:00:00,2024,2,2,2,-0.02873501295638738,35.8
1731801600000,SHORT,-5.589773716275002,1.6319529447978285,5.239773716275002,True,TRX/USDT,2024-11-17 00:00:00,2024,3,3,3,-0.005622168026853865,99.0
1731801600000,SHORT,8.454486967997347,3.1711092683312487,8.804486967997347,True,LTC/USDT,2024-11-17 00:00:00,2024,4,4,4,-0.06284668291410767,52.800000000000004
1731801600000,SHORT,-7.242642249836487,1.791985300276464,6.892642249836488,False,QTUM/USDT,2024-11-17 00:00:00,2024,5,5,5,-0.08007081247170524,21.6
1731830400000,SHORT,-5.349464524765709,1.603683776398943,4.99946452476571,True,TRX/USDT,2024-11-17 08:00:00,2024,1,5,5,0.010959894224683565,98.6
1731844800000,SHORT,-7.713901179940987,11.942276193048654,7.363901179940988,True,XRP/USDT,2024-11-17 12:00:00,2024,2,4,6,0.07545150689944395,97.8
1731844800000,SHORT,-11.579802331474896,,11.229802331474897,False,QNT/USDT,2024-11-17 12:00:00,2024,3,5,7,0.110679013433687,5.6000000000000005
1731844800000,SHORT,-7.857527616444587,3.6823204207803744,7.507527616444587,True,HBAR/USDT,2024-11-17 12:00:00,2024,4,6,8,-0.13661174600339349,14.2
1731859200000,SHORT,-9.270429211376165,4.140269333683836,8.920429211376165,True,XLM/USDT,2024-11-17 16:00:00,2024,4,5,9,0.11205287960521237,47.8
1731873600000,SHORT,-11.496265328874014,0.5315823218038626,11.146265328874014,False,KAVA/USDT,2024-11-17 20:00:00,2024,2,6,10,-0.15345251702384435,0.4
1731873600000,SHORT,-9.529639810426538,11.59829383074244,9.179639810426538,True,XRP/USDT,2024-11-17 20:00:00,2024,3,6,10,0.029367664770207275,98.0
1731945600000,SHORT,-9.451313342631318,,9.101313342631318,False,QNT/USDT,2024-11-18 16:00:00,2024,1,1,4,0.09227154400061488,32.0
1731960000000,SHORT,-11.071959109730845,5.883404128387677,10.721959109730845,True,XLM/USDT,2024-11-18 20:00:00,2024,2,2,4,0.17364850351578714,47.8
1731988800000,SHORT,-9.876999295402491,5.860819291407183,9.526999295402492,True,XLM/USDT,2024-11-19 04:00:00,2024,1,2,2,0.159454827964115,47.8
1732060800000,SHORT,-12.193478260869554,2.153127370010403,11.843478260869556,True,CRV/USDT,2024-11-20 00:00:00,2024,1,1,2,-0.06306272323885515,16.0
1732060800000,SHORT,-11.70902917843216,-0.807721492599194,11.35902917843216,True,GRT/USDT,2024-11-20 00:00:00,2024,2,2,3,-0.06801917388383391,49.2
1732147200000,SHORT,-9.462754444730733,4.651130199267024,9.112754444730731,True,ADA/USDT,2024-11-21 00:00:00,2024,1,1,3,0.09093097175518011,96.0
1732377600000,SHORT,11.03420137256744,0.8814683196497436,11.38420137256744,True,VET/USDT,2024-11-23 16:00:00,2024,1,1,1,0.0889654670138095,98.8
1732377600000,SHORT,8.108503217067378,3.6972196679295606,8.458503217067378,True,XRP/USDT,2024-11-23 16:00:00,2024,2,2,2,-0.02614514015385321,96.8
1732377600000,SHORT,5.889684854186254,1.403330921166713,6.239684854186254,True,TRX/USDT,2024-11-23 16:00:00,2024,3,3,3,-0.01142540688615239,99.6
1732392000000,SHORT,-11.535544995893458,0.776637277114521,11.18554499589346,True,DOT/USDT,2024-11-23 20:00:00,2024,4,4,4,0.02977231839911184,99.0
1732392000000,SHORT,8.74727033393375,-1.842590576974208,9.09727033393375,False,COTI/USDT,2024-11-23 20:00:00,2024,5,5,5,-0.08882379942216673,13.8
1732406400000,SHORT,7.731756959339455,0.8681377109027649,8.081756959339454,True,VET/USDT,2024-11-24 00:00:00,2024,3,5,5,0.07261656550619927,99.8
1732406400000,SHORT,7.592099192618208,0.2466124457925573,7.942099192618207,True,DOGE/USDT,2024-11-24 00:00:00,2024,4,6,6,-0.12450134884639662,99.6
1732406400000,SHORT,4.464873079957308,1.3812402399585249,4.814873079957308,True,TRX/USDT,2024-11-24 00:00:00,2024,5,6,6,-0.017110441652593265,99.6
1732420800000,SHORT,7.311784975878681,-1.8387916287633057,7.661784975878681,False,COTI/USDT,2024-11-24 04:00:00,2024,4,6,6,-0.10255583883546654,13.8
1732435200000,SHORT,9.457054653555897,0.6014244251164462,9.807054653555896,True,ATOM/USDT,2024-11-24 08:00:00,2024,2,6,7,-0.05902922732471403,14.000000000000002
1732435200000,SHORT,6.916946107784425,-0.2055426428014244,7.266946107784425,False,RVN/USDT,2024-11-24 08:00:00,2024,3,7,8,-0.18664936730334591,14.000000000000002
1732435200000,SHORT,-9.707153829273617,1.1373090521296008,9.357153829273615,False,EGLD/USDT,2024-11-24 08:00:00,2024,4,8,9,-0.18961285423358015,99.0
1732435200000,SHORT,-10.260992167101808,-0.2487257123377213,9.910992167101808,False,ANKR/USDT,2024-11-24 08:00:00,2024,5,9,10,-0.2990887819498444,20.200000000000003
1732435200000,SHORT,9.28858549686659,4.3302152623494665,9.63858549686659,True,ADA/USDT,2024-11-24 08:00:00,2024,6,10,11,0.08020321243506387,46.0
1732435200000,SHORT,-9.95546841655994,-0.7568616656973652,9.60546841655994,True,THETA/USDT,2024-11-24 08:00:00,2024,7,11,12,-0.09861911396050349,99.2
1732435200000,SHORT,-10.07675784674731,1.292637437549938,9.72675784674731,False,STEEM/USDT,2024-11-24 08:00:00,2024,8,12,13,-0.2848607351820603,99.8
1732435200000,SHORT,-10.521574727773126,-0.0745389704030856,10.171574727773129,True,LINK/USDT,2024-11-24 08:00:00,2024,9,13,14,-0.2066913285158948,99.4
1732435200000,SHORT,-8.657809780028474,1.1659854897084072,8.307809780028474,False,LQTY/USDT,2024-11-24 08:00:00,2024,10,14,15,-0.20363048260688715,35.6
1732435200000,SHORT,-7.869537275064243,1.8161117267326004,7.519537275064243,False,IOST/USDT,2024-11-24 08:00:00,2024,11,15,16,-0.15636389069378037,98.4
1732435200000,SHORT,-8.091393349920802,1.311285556247509,7.741393349920801,False,NMR/USDT,2024-11-24 08:00:00,2024,12,16,17,-0.23707546958530062,97.8
1732435200000,SHORT,-1.8601136048766969,0.9050576133904156,11.847423108894413,True,NEO/USDT,2024-11-24 08:00:00,2024,13,17,18,-0.046371680763462444,99.8
1732435200000,SHORT,-9.308139534883717,1.3989369081710952,8.958139534883717,False,BAT/USDT,2024-11-24 08:00:00,2024,14,18,19,-0.12042141404601485,99.6
1732435200000,SHORT,-11.49942948425376,,11.14942948425376,True,COMP/USDT,2024-11-24 08:00:00,2024,15,19,20,-0.2951485665782998,50.2
1732435200000,SHORT,-10.535831622176596,1.1226441427204368,10.185831622176597,True,CRV/USDT,2024-11-24 08:00:00,2024,16,20,21,-0.10467655632866339,16.0
1732435200000,SHORT,-8.240128305839212,0.676783997555051,7.8901283058392115,False,1INCH/USDT,2024-11-24 08:00:00,2024,17,21,22,-0.15775966146091067,20.599999999999998
1732435200000,SHORT,-1.6041102699395862,1.7037910855732783,10.777158369656624,True,APE/USDT,2024-11-24 08:00:00,2024,18,22,23,-0.257081448809282,98.2
1732435200000,SHORT,0.2566285263365599,1.5628476640047269,8.630301834681388,True,GMT/USDT,2024-11-24 08:00:00,2024,19,23,24,-0.19170468699254042,40.8
1732435200000,SHORT,-10.890622737146977,0.8609871817022141,10.540622737146975,False,STORJ/USDT,2024-11-24 08:00:00,2024,20,24,25,-0.19739652389586262,99.4
1732435200000,SHORT,-10.964075572623766,-0.4361014218343212,10.614075572623769,False,BLUR/USDT,2024-11-24 08:00:00,2024,21,25,26,-0.17352922792063125,99.4
1732435200000,SHORT,-11.230168776371295,1.6991595739400944,10.880168776371296,False,SKL/USDT,2024-11-24 08:00:00,2024,22,26,27,-0.13051069319256095,98.4
1732435200000,SHORT,-10.57680058794706,0.3474914763142043,10.22680058794706,True,SNX/USDT,2024-11-24 08:00:00,2024,23,27,28,-0.10069536249188904,30.0
1732435200000,SHORT,-2.926664852113944,1.7277083248424134,11.765977136635806,True,FIL/USDT,2024-11-24 08:00:00,2024,24,28,29,-0.1254761663095043,99.0
1732435200000,SHORT,-10.421432853717011,1.1936296609302977,10.071432853717011,False,DASH/USDT,2024-11-24 08:00:00,2024,25,29,30,-0.06701808895108036,98.2
1732435200000,SHORT,-9.081999999999972,-0.8052384684445024,8.731999999999973,True,DYDX/USDT,2024-11-24 08:00:00,2024,26,30,31,-0.13204313041830942,18.8
1732435200000,SHORT,-10.728758230262736,-1.1295578253710592,10.378758230262736,True,IMX/USDT,2024-11-24 08:00:00,2024,27,31,32,-0.1509068907521335,98.0
1732435200000,SHORT,-10.705349620893,0.7324495874816991,10.355349620893,False,CHR/USDT,2024-11-24 08:00:00,2024,28,32,33,-0.22927289061861503,99.4
1732435200000,SHORT,-9.093712574850288,-1.1180470087010417,8.743712574850287,False,UMA/USDT,2024-11-24 08:00:00,2024,29,33,34,-0.02509275176218418,99.2
1732449600000,SHORT,-11.840730985858416,-1.2641629966299472,11.490730985858416,False,ILV/USDT,2024-11-24 12:00:00,2024,29,33,35,-0.15151987934824615,7.6
1732449600000,SHORT,-11.00011144306918,0.2062854763731675,10.65011144306918,False,HFT/USDT,2024-11-24 12:00:00,2024,30,34,36,-0.17804491187814186,99.4
1732464000000,SHORT,-1.39853911404336,0.0368389919473269,11.963065504241268,True,DOT/USDT,2024-11-24 16:00:00,2024,3,32,36,0.029421175229427384,50.2
1732464000000,SHORT,6.144569622305056,1.019853928614325,6.494569622305056,False,SKL/USDT,2024-11-24 16:00:00,2024,4,32,36,-0.11614293111702363,24.0
1732464000000,SHORT,-12.024268863127904,-0.9770743218659992,11.674268863127905,False,CAKE/USDT,2024-11-24 16:00:00,2024,5,33,37,-0.1043876864782709,16.0
1732478400000,SHORT,6.5357667210440376,,6.885766721044037,False,ONE/USDT,2024-11-24 20:00:00,2024,4,33,37,-0.14636419725541508,17.0
1732492800000,SHORT,-9.462234152384871,,9.112234152384874,False,KSM/USDT,2024-11-25 00:00:00,2024,2,7,38,0.38125475354646177,5.6000000000000005
1732492800000,SHORT,3.862702835600704,1.0020657584706514,4.212702835600704,False,SKL/USDT,2024-11-25 00:00:00,2024,3,7,38,-0.1332183644741428,24.0
1732507200000,SHORT,-6.74396587598834,,6.39396587598834,False,ONE/USDT,2024-11-25 04:00:00,2024,3,5,35,-0.14963368850088227,17.0
1732521600000,SHORT,10.16539741219961,0.1962406722665135,10.51539741219961,False,MAGIC/USDT,2024-11-25 08:00:00,2024,2,4,35,-0.1034767860730054,28.999999999999996
1732550400000,SHORT,-9.41121294410498,1.1195916707855167,9.06121294410498,False,LQTY/USDT,2024-11-25 16:00:00,2024,1,3,7,-0.16407897164042937,35.6
1732564800000,SHORT,-10.76541909457641,0.4625671882640453,10.41541909457641,True,SNX/USDT,2024-11-25 20:00:00,2024,2,3,6,-0.042378205023242674,30.0
1732579200000,SHORT,-11.862233612658963,-1.0541456668542653,11.512233612658964,True,ENS/USDT,2024-11-26 00:00:00,2024,2,3,7,-0.05064721245390109,45.6
1732579200000,SHORT,-11.46129992557677,0.0379258035332055,11.11129992557677,True,LDO/USDT,2024-11-26 00:00:00,2024,3,4,8,0.03446914304434703,95.8
1732579200000,SHORT,5.228947368421046,-1.127295009685444,5.578947368421046,False,CAKE/USDT,2024-11-26 00:00:00,2024,4,5,9,-0.09114290982529569,15.4
1732608000000,SHORT,-11.98409177820266,0.0378432164182044,11.63409177820266,True,LDO/USDT,2024-11-26 08:00:00,2024,1,4,6,-0.014668162698620282,95.6
1732795200000,SHORT,-2.489771623748446,1.4259518262403967,10.221514918126095,False,CAKE/USDT,2024-11-28 12:00:00,2024,1,1,1,-0.031288652490730276,14.000000000000002
1732795200000,SHORT,-12.156133262683785,,11.806133262683783,False,ZEN/USDT,2024-11-28 12:00:00,2024,2,2,2,-0.016824342474128305,99.4
1732924800000,SHORT,-7.7422734026745985,1.0522753649498142,7.392273402674599,True,THETA/USDT,2024-11-30 00:00:00,2024,1,1,1,-0.09760586150337622,98.2
1732939200000,SHORT,-11.464160393574762,1.224280793813166,11.114160393574762,True,HBAR/USDT,2024-11-30 04:00:00,2024,2,2,2,-0.1322963080184274,99.4
1732939200000,SHORT,-10.637994416007436,-0.8418295556799629,10.287994416007438,True,ALGO/USDT,2024-11-30 04:00:00,2024,3,3,3,0.07507495500502342,99.2
1732968000000,SHORT,-11.3659902549171,1.223835563741588,11.0159902549171,True,HBAR/USDT,2024-11-30 12:00:00,2024,1,3,3,-0.13481419373033368,99.2
1733011200000,SHORT,-6.341923207036544,0.2587107187319528,5.991923207036544,False,TWT/USDT,2024-12-01 00:00:00,2024,1,2,4,-0.1668740196585921,96.8
1733011200000,SHORT,-8.356317026590252,-1.1550994055603043,8.006317026590253,True,FIL/USDT,2024-12-01 00:00:00,2024,2,3,5,-0.05400693373826488,95.6
1733011200000,SHORT,-8.79756097560974,0.6912221787385852,8.44756097560974,True,APE/USDT,2024-12-01 00:00:00,2024,3,4,6,-0.17177814757798482,94.6
1733011200000,SHORT,-7.757009089913464,0.527980625558673,7.407009089913465,True,FET/USDT,2024-12-01 00:00:00,2024,4,5,7,-0.0746792067090589,94.8
1733011200000,SHORT,-8.249082079496967,-1.738694592319776,7.899082079496966,False,BLUR/USDT,2024-12-01 00:00:00,2024,5,6,8,-0.16416423133240793,99.2
1733011200000,SHORT,-2.106924348904512,0.9356956795918124,9.636178861788604,True,THETA/USDT,2024-12-01 00:00:00,2024,6,7,8,0.06279641379794614,37.0
1733025600000,SHORT,10.235586621836838,-0.607669261102897,10.585586621836836,True,WLD/USDT,2024-12-01 04:00:00,2024,7,7,9,0.02832173921337174,99.2
1733025600000,SHORT,4.319442287156587,,4.669442287156587,True,ENS/USDT,2024-12-01 04:00:00,2024,8,8,10,-0.018694506373682026,45.6
1733025600000,SHORT,-10.252202132591544,0.3722484637422154,9.902202132591546,True,ALGO/USDT,2024-12-01 04:00:00,2024,9,9,10,0.04075083691962913,98.0
1733040000000,SHORT,-10.844917787742885,1.181362123742287,10.494917787742883,True,CRV/USDT,2024-12-01 08:00:00,2024,4,10,11,-0.045152838725578154,15.8
1733040000000,SHORT,-11.438018204897968,2.5456398311422395,11.088018204897969,False,ENJ/USDT,2024-12-01 08:00:00,2024,5,11,12,-0.13305481419528284,99.2
1733040000000,SHORT,-7.788111939207933,-1.1469076161195153,7.438111939207934,True,FIL/USDT,2024-12-01 08:00:00,2024,6,11,12,-0.04464785211177066,99.2
1733040000000,SHORT,-6.609463179628345,0.9270111167819112,9.515450791465916,True,THETA/USDT,2024-12-01 08:00:00,2024,7,11,12,0.11649440464841049,99.4
1733040000000,SHORT,-7.727626616755589,-1.7286773667548732,7.377626616755589,False,BLUR/USDT,2024-12-01 08:00:00,2024,8,11,12,-0.13570968117121013,99.2
1733054400000,SHORT,7.433889133303988,-0.6072973780473626,7.783889133303988,True,WLD/USDT,2024-12-01 12:00:00,2024,6,11,12,0.03499183931644849,92.4
1733068800000,SHORT,4.371175453759717,0.927041801267566,4.721175453759717,True,THETA/USDT,2024-12-01 16:00:00,2024,2,8,11,0.11801237756697416,98.6
1733083200000,SHORT,-7.168418913665756,1.5611335652085483,6.818418913665757,False,DUSK/USDT,2024-12-01 20:00:00,2024,2,7,12,-0.11091237446321538,98.8
1733097600000,SHORT,-3.1450119203916835,3.024605174712988,10.952623197129627,True,1000PEPE/USDT,2024-12-02 00:00:00,2024,2,4,13,-0.16344434923225398,93.2
1733097600000,SHORT,-5.785864978902934,0.927302716201986,5.435864978902934,True,THETA/USDT,2024-12-02 00:00:00,2024,3,4,13,0.12009060681309926,99.6
1733097600000,SHORT,-11.302047020672878,1.5165945117260395,10.95204702067288,True,APE/USDT,2024-12-02 00:00:00,2024,4,5,13,-0.1674730812402679,93.2
1733112000000,SHORT,-12.313792548051088,-1.8897759064321376,11.963792548051089,False,BLUR/USDT,2024-12-02 04:00:00,2024,4,5,11,-0.1404306076568649,99.6
1733126400000,SHORT,-10.15719018991665,0.8215177829388213,9.80719018991665,False,WOO/USDT,2024-12-02 08:00:00,2024,2,6,10,-0.1198012710315397,36.0
1733126400000,SHORT,-11.090532979976434,-1.1404310091119534,10.740532979976434,True,FIL/USDT,2024-12-02 08:00:00,2024,3,7,10,-0.05377841269859933,99.4
1733126400000,SHORT,-11.614695340501774,-0.4073562424265683,11.264695340501774,True,LTC/USDT,2024-12-02 08:00:00,2024,4,8,11,-0.02414620769099147,99.8
1733126400000,SHORT,-11.504409286650445,-0.2726965277748646,11.154409286650443,True,NEO/USDT,2024-12-02 08:00:00,2024,5,9,12,-0.02777532688954773,98.2
1733126400000,SHORT,-9.873475566821556,2.0352958992982275,9.523475566821556,True,CFX/USDT,2024-12-02 08:00:00,2024,6,10,13,-0.05285441874149018,94.8
1733140800000,SHORT,-9.812560838637197,-0.3066991999808195,9.462560838637197,False,DASH/USDT,2024-12-02 12:00:00,2024,6,10,12,0.16653936306797582,14.399999999999999
1733169600000,SHORT,-9.1824985662397,-0.3004189009826796,8.8324985662397,False,DASH/USDT,2024-12-02 20:00:00,2024,1,6,11,0.06928230099295284,99.2
1733198400000,SHORT,7.069248826291057,0.6156582837384804,7.419248826291056,True,LINK/USDT,2024-12-03 04:00:00,2024,1,2,8,-0.039314297191148005,99.8
1733198400000,SHORT,-8.800247409927305,-0.6422138184483942,8.450247409927305,True,LTC/USDT,2024-12-03 04:00:00,2024,2,3,8,-0.043958746453049605,98.6
1733212800000,SHORT,6.67349543256314,-1.5369729896945183,7.02349543256314,True,ZEC/USDT,2024-12-03 08:00:00,2024,3,4,8,0.13104677353353428,92.80000000000001
1733227200000,SHORT,-11.6712819703189,1.1196249910167653,11.3212819703189,False,ONT/USDT,2024-12-03 12:00:00,2024,2,4,5,-0.10609925346389494,28.799999999999997
1733227200000,SHORT,-11.814500079394458,-0.7193917345317443,11.464500079394458,True,NEO/USDT,2024-12-03 12:00:00,2024,3,5,6,-0.04995226854224071,99.8
1733227200000,SHORT,-2.6831364441819145,1.0105827933606308,11.526727702303583,False,CHR/USDT,2024-12-03 12:00:00,2024,4,6,7,-0.055767323522298726,94.0
1733227200000,SHORT,-7.015237982476883,-0.6393879354294798,6.665237982476883,True,LTC/USDT,2024-12-03 12:00:00,2024,5,6,7,-0.04301206995649986,99.2
1733227200000,SHORT,-8.815711824251554,0.3396337481341285,8.465711824251555,True,ATOM/USDT,2024-12-03 12:00:00,2024,6,7,8,-0.07471529894050015,99.8
1733227200000,SHORT,-2.2446665553793643,3.0489075475123264,11.258409147817376,True,ADA/USDT,2024-12-03 12:00:00,2024,7,8,9,-0.06976019288938387,99.4
1733227200000,SHORT,-10.188845592831829,0.6126608879588571,9.838845592831827,True,LINK/USDT,2024-12-03 12:00:00,2024,8,8,9,-0.063734653863119,99.6
1733227200000,SHORT,-11.365927220578994,-0.8278160838309945,11.015927220578996,True,CHZ/USDT,2024-12-03 12:00:00,2024,9,9,10,-0.06035536956397675,99.8
1733227200000,SHORT,-9.67494887525561,1.0989203732045802,9.324948875255611,True,CELO/USDT,2024-12-03 12:00:00,2024,10,10,11,-0.12761790331117184,99.8
1733227200000,SHORT,-10.955021473406012,1.366272069405312,10.605021473406014,False,RVN/USDT,2024-12-03 12:00:00,2024,11,11,12,-0.06575638649602088,99.6
1733227200000,SHORT,-9.633667017913597,0.5770716835746967,9.283667017913595,False,1INCH/USDT,2024-12-03 12:00:00,2024,12,12,13,-0.1765062586964111,99.8
1733241600000,SHORT,-7.942908438061033,0.7125065160543023,7.592908438061033,False,QTUM/USDT,2024-12-03 16:00:00,2024,12,13,14,-0.020753592767406348,99.4
1733241600000,SHORT,-5.400979302680931,-1.5205142265892886,5.050979302680932,True,ZEC/USDT,2024-12-03 16:00:00,2024,13,13,14,0.10204086966411073,99.8
1733256000000,SHORT,-11.95945330296126,1.580360868364913,11.609453302961262,True,CRV/USDT,2024-12-03 20:00:00,2024,3,14,15,-0.16270314633433716,99.6
1733256000000,SHORT,7.484816527015293,1.011692996392193,7.834816527015293,False,CHR/USDT,2024-12-03 20:00:00,2024,4,14,15,-0.007077557971300052,99.6
1733256000000,SHORT,-9.587911882952708,0.6162648245463592,9.237911882952709,True,LINK/USDT,2024-12-03 20:00:00,2024,5,14,15,-0.016076878399871413,96.39999999999999
1733270400000,SHORT,4.553832779537896,0.8391746628899359,4.903832779537896,True,LTC/USDT,2024-12-04 00:00:00,2024,4,14,14,-0.0630910587878254,98.0
1733270400000,SHORT,-5.356566708315954,-1.5194094027371183,5.006566708315955,True,ZEC/USDT,2024-12-04 00:00:00,2024,5,14,14,0.09975633022795191,97.6
1733270400000,SHORT,10.386433359502384,1.0412175413201388,10.736433359502383,True,HBAR/USDT,2024-12-04 00:00:00,2024,6,15,15,-0.10798302630998234,99.4
1733299200000,SHORT,6.551602301983946,2.3752103486567324,6.901602301983946,True,HBAR/USDT,2024-12-04 08:00:00,2024,1,6,15,-0.11305101356213164,98.0
1733313600000,SHORT,7.273587740384595,1.011377252106862,7.623587740384595,False,CHR/USDT,2024-12-04 12:00:00,2024,2,4,15,-0.02103029257059751,99.8
1733328000000,SHORT,-10.294097053726162,0.8116218204005191,9.944097053726162,False,TWT/USDT,2024-12-04 16:00:00,2024,2,3,8,-0.21271703777523263,99.8
1733328000000,SHORT,5.768982702364457,,11.489773387565348,True,NEO/USDT,2024-12-04 16:00:00,2024,3,4,9,-0.15102812091856035,99.8
1733328000000,SHORT,4.494281558060044,1.4473733701312246,4.844281558060044,True,VET/USDT,2024-12-04 16:00:00,2024,4,5,10,-0.07980352351687157,97.39999999999999
1733342400000,SHORT,6.373707865168546,1.046803775319351,6.723707865168546,False,ONT/USDT,2024-12-04 20:00:00,2024,4,6,10,-0.12157663414869517,99.8
1733342400000,SHORT,-2.322029379213198,0.6924172982371809,7.858577321662127,True,ATOM/USDT,2024-12-04 20:00:00,2024,5,7,11,-0.05063830724158071,99.2
1733342400000,SHORT,0.8280353410602371,-0.0038342407623633,11.162815884476522,True,DOT/USDT,2024-12-04 20:00:00,2024,6,8,12,-0.017952940415633438,99.8
1733342400000,SHORT,0.7679605056942777,1.0013085200311111,8.673179396092339,True,AXS/USDT,2024-12-04 20:00:00,2024,7,9,13,0.015167949628349182,78.4
1733342400000,SHORT,-9.651743197941816,-1.4911872290184895,9.301743197941818,True,PENDLE/USDT,2024-12-04 20:00:00,2024,8,10,14,-0.10980915529647121,99.8
1733342400000,SHORT,5.334967190296288,,5.684967190296288,False,QTUM/USDT,2024-12-04 20:00:00,2024,9,11,15,-0.12374993444456903,99.6
1733356800000,SHORT,1.0366534604432325,1.9447100076249333,10.92978828773059,False,KNC/USDT,2024-12-05 00:00:00,2024,7,11,14,-0.12002319835364855,99.0
1733356800000,SHORT,3.694750430292593,0.4466945355203044,9.881153184165214,True,FLOW/USDT,2024-12-05 00:00:00,2024,8,12,15,-0.009037934729299724,99.8
1733356800000,SHORT,4.129065238558904,0.3746889804576253,10.35929892891916,True,CELO/USDT,2024-12-05 00:00:00,2024,9,13,16,-0.12411919756265193,99.0
1733356800000,SHORT,-9.084206664130006,1.2322353615752253,8.734206664130006,False,GMX/USDT,2024-12-05 00:00:00,2024,10,14,17,-0.028109737151931914,99.8
1733356800000,SHORT,-8.81434577867472,1.3582868414563842,8.464345778674721,True,SNX/USDT,2024-12-05 00:00:00,2024,11,15,18,-0.052297407909129304,99.8
1733356800000,SHORT,-9.24544917257682,0.5595874201931811,8.895449172576821,False,1INCH/USDT,2024-12-05 00:00:00,2024,12,16,19,-0.09042502551060748,99.8
1733356800000,SHORT,-12.31279069767442,-0.1231169684583134,11.96279069767442,False,ONE/USDT,2024-12-05 00:00:00,2024,13,17,20,-0.20567134162990072,99.8
1733356800000,SHORT,-10.690727272727257,-0.7346549537515149,10.340727272727255,True,ICP/USDT,2024-12-05 00:00:00,2024,14,18,21,-0.12704914319213645,99.2
1733356800000,SHORT,-10.76208882865036,2.2007569921284658,10.41208882865036,False,CAKE/USDT,2024-12-05 00:00:00,2024,15,19,22,-0.0036618679872287138,11.600000000000001
1733356800000,SHORT,3.6718328066647534,0.8465262867537601,10.932203389830493,False,WOO/USDT,2024-12-05 00:00:00,2024,16,20,23,-0.06474700604597156,99.6
1733356800000,SHORT,-11.701792521696792,0.524359908476201,11.351792521696792,True,AAVE/USDT,2024-12-05 00:00:00,2024,17,21,24,-0.1423609316159575,99.8
1733356800000,SHORT,-10.351300252089676,2.7080324871264576,10.001300252089676,True,UNI/USDT,2024-12-05 00:00:00,2024,18,22,25,-0.14427383075906025,99.4
1733356800000,SHORT,-6.068642450183639,1.9758790415369103,5.718642450183639,True,VET/USDT,2024-12-05 00:00:00,2024,19,22,25,-0.08973344184264813,99.8
1733371200000,SHORT,7.685972699748532,1.9468873801688915,8.035972699748532,True,APE/USDT,2024-12-05 04:00:00,2024,14,22,24,-0.16795785881083652,97.6
1733371200000,SHORT,8.27757382640695,,8.62757382640695,True,TRX/USDT,2024-12-05 04:00:00,2024,15,23,25,0.2102822412593194,98.4
1733371200000,SHORT,-7.016412154866568,0.564231226677199,6.666412154866569,True,CHZ/USDT,2024-12-05 04:00:00,2024,16,24,26,-0.03985506306648251,96.0
1733371200000,SHORT,5.656304793881735,-0.0037911845044116,6.006304793881735,True,DOT/USDT,2024-12-05 04:00:00,2024,17,24,26,-0.0020347069603417665,98.0
1733385600000,SHORT,4.489880005581124,0.8455979102747119,4.839880005581124,False,WOO/USDT,2024-12-05 08:00:00,2024,5,22,26,-0.05076678027453714,99.0
1733385600000,SHORT,10.719620785335913,2.118069741569536,11.06962078533591,True,SAND/USDT,2024-12-05 08:00:00,2024,6,23,27,0.0843932249755878,99.8
1733400000000,SHORT,-9.023565911654927,,8.67356591165493,True,COMP/USDT,2024-12-05 12:00:00,2024,3,19,27,-0.013066687594249223,99.8
1733428800000,SHORT,-9.931675850607874,,9.581675850607876,True,COMP/USDT,2024-12-05 20:00:00,2024,1,3,24,-0.011115917547144714,99.6
1733428800000,SHORT,-8.475933722667392,0.9650898709123836,8.125933722667392,True,BCH/USDT,2024-12-05 20:00:00,2024,2,4,25,-0.07061685721448689,99.4
1733443200000,SHORT,-6.6644169430977165,,6.314416943097717,False,YFI/USDT,2024-12-06 00:00:00,2024,3,3,21,-0.11415923028085735,99.8
1733457600000,SHORT,-7.862855058783129,,7.5128550587831295,True,COMP/USDT,2024-12-06 04:00:00,2024,2,3,9,-0.016631799959670488,99.2
1733457600000,SHORT,11.245911346717778,3.795483984715831,11.595911346717775,True,JASMY/USDT,2024-12-06 04:00:00,2024,3,4,10,-0.02704974402191,94.8
1733472000000,SHORT,-7.697643530419874,,7.347643530419874,False,YFI/USDT,2024-12-06 08:00:00,2024,3,4,6,-0.1084788097838451,98.6
1733472000000,SHORT,6.018571428571421,2.689622491683397,6.36857142857142,False,RLC/USDT,2024-12-06 08:00:00,2024,4,5,7,-0.20583728281948147,99.4
1733486400000,SHORT,9.100320871213931,0.6709399269759944,9.45032087121393,True,SUI/USDT,2024-12-06 12:00:00,2024,3,5,6,-0.24721540158923808,96.8
1733486400000,SHORT,4.595324376878191,-0.2235952895916861,4.94532437687819,False,ANKR/USDT,2024-12-06 12:00:00,2024,4,6,7,-0.1988190503721059,99.0
1733500800000,SHORT,8.141663549930108,3.739348044255186,8.491663549930108,True,JASMY/USDT,2024-12-06 16:00:00,2024,3,6,7,-0.1017055674360025,95.0
1733500800000,SHORT,-8.582508491023765,-0.0892699690101163,8.232508491023765,False,LPT/USDT,2024-12-06 16:00:00,2024,4,7,8,-0.0013748398461497354,96.6
1733544000000,SHORT,11.32866565308767,0.2926387159329495,11.67866565308767,False,LPT/USDT,2024-12-07 04:00:00,2024,1,2,7,-0.012200190214498243,99.8
1733544000000,SHORT,11.577773144286905,2.114643514683837,11.927773144286904,True,CRV/USDT,2024-12-07 04:00:00,2024,2,3,8,-0.16380919682232442,98.0
1733572800000,SHORT,8.255649949757927,0.2922377850665631,8.605649949757927,False,LPT/USDT,2024-12-07 12:00:00,2024,1,2,5,-0.004406293138801835,98.8
1733601600000,SHORT,-6.055887230514079,-0.4365527176936131,5.70588723051408,True,DYDX/USDT,2024-12-07 20:00:00,2024,1,2,3,-0.04314563485519995,99.6
1733659200000,SHORT,3.666466577738244,1.230873941007667,4.016466577738244,False,LQTY/USDT,2024-12-08 12:00:00,2024,1,1,3,-0.07327132442158955,99.6
1733688000000,SHORT,5.774164524421579,1.226991949878332,6.1241645244215785,False,LQTY/USDT,2024-12-08 20:00:00,2024,1,1,2,-0.07259078532245483,99.4
1733702400000,SHORT,8.402352392065326,0.745908356127459,8.752352392065326,False,GMX/USDT,2024-12-09 00:00:00,2024,2,2,2,-0.02609892236607849,97.2
1733832000000,LONG,5.139597354600286,,5.489597354600275,True,TRX/USDT,2024-12-10 12:00:00,2024,1,1,1,0.21123646308143879,53.800000000000004
1733832000000,LONG,-4.498531837677331,-1.3642265618585765,4.148531837677331,False,BLUR/USDT,2024-12-10 12:00:00,2024,2,2,2,-0.10034604171535651,26.6
1733860800000,LONG,10.407958425687417,0.5107200954001256,10.757958425687416,False,POLYX/USDT,2024-12-10 20:00:00,2024,1,3,3,-0.043030886883991246,5.0
1733860800000,LONG,10.298288174278545,-0.9206367687765326,10.648288174278544,False,EGLD/USDT,2024-12-10 20:00:00,2024,2,4,4,-0.12026847428542155,24.6
1733860800000,LONG,10.82025103034844,2.2069625259777914,11.170251030348451,False,BAT/USDT,2024-12-10 20:00:00,2024,3,5,5,0.018298573323993084,21.2
1733860800000,LONG,10.843401214019986,1.5028443227510595,11.193401214019977,True,ADA/USDT,2024-12-10 20:00:00,2024,4,6,6,-0.021697417485532257,43.6
1733860800000,LONG,7.619800252468999,,7.969800252468999,True,TRX/USDT,2024-12-10 20:00:00,2024,5,6,6,0.19869301100579695,53.800000000000004
1733860800000,LONG,8.82062168646152,-1.351958826610415,9.17062168646152,False,BLUR/USDT,2024-12-10 20:00:00,2024,6,6,6,-0.09181581429602491,26.6
1733860800000,LONG,10.197645569620263,1.5399174150126675,10.547645569620263,False,ARK/USDT,2024-12-10 20:00:00,2024,7,7,7,-0.012699796202599437,34.599999999999994
1733860800000,LONG,-2.6281774580335755,-1.638320624984332,11.537170263788967,True,CELO/USDT,2024-12-10 20:00:00,2024,8,8,8,-0.032832213084052195,17.8
1733860800000,LONG,10.425837770122127,0.4196054107994413,10.775837770122129,False,KNC/USDT,2024-12-10 20:00:00,2024,9,9,9,-0.03770353794365528,22.0
1733860800000,LONG,10.700095419847337,0.9822565505176258,11.050095419847343,False,MAV/USDT,2024-12-10 20:00:00,2024,10,10,10,0.04595832892471805,21.4
1733860800000,LONG,11.259581497797372,0.6117784496517727,11.60958149779736,True,FLOW/USDT,2024-12-10 20:00:00,2024,11,11,11,0.015520310292644671,37.0
1733875200000,LONG,10.707532573289903,-0.5366621111121842,11.057532573289905,True,AXS/USDT,2024-12-11 00:00:00,2024,12,12,12,0.08682611258723683,22.0
1733875200000,LONG,10.986092819065558,1.3724865008760327,11.336092819065549,False,SKL/USDT,2024-12-11 00:00:00,2024,13,13,13,0.06470709694773645,20.8
1733889600000,LONG,8.985908221797313,2.1987095323702115,9.335908221797323,False,BAT/USDT,2024-12-11 04:00:00,2024,3,13,13,0.032268370683717094,21.2
1733889600000,LONG,10.674966592427614,1.600087426098532,11.024966592427614,False,DASH/USDT,2024-12-11 04:00:00,2024,4,14,14,0.038220958039879224,14.000000000000002
1733889600000,LONG,8.678360049321832,-1.6207520667507207,9.028360049321831,True,CELO/USDT,2024-12-11 04:00:00,2024,5,14,14,-0.016083398553995536,17.8
1733889600000,LONG,5.411804149797575,0.5075428035853898,5.761804149797575,False,POLYX/USDT,2024-12-11 04:00:00,2024,6,14,14,-0.05849370549079427,5.0
1733889600000,LONG,7.920633815887156,-0.9163065037590096,8.270633815887155,False,EGLD/USDT,2024-12-11 04:00:00,2024,7,14,14,-0.10398929555262393,24.6
1733889600000,LONG,7.52324873978795,1.536651061572773,7.873248739787949,False,ARK/USDT,2024-12-11 04:00:00,2024,8,14,14,0.001810144829355562,34.599999999999994
1733889600000,LONG,8.532913108990467,1.4985442250429943,8.882913108990456,True,ADA/USDT,2024-12-11 04:00:00,2024,9,14,14,-0.0183166386385133,43.6
1733889600000,LONG,8.653968253968257,0.4110891600350152,9.003968253968257,True,FLOW/USDT,2024-12-11 04:00:00,2024,10,14,14,0.02146404713208446,37.0
1733904000000,LONG,6.129344910348734,1.1239777813194998,6.4793449103487335,False,ASTR/USDT,2024-12-11 08:00:00,2024,9,15,15,-0.04006545837382019,25.4
1733904000000,LONG,6.107776530039302,-1.6228953123768093,6.457776530039301,False,GAS/USDT,2024-12-11 08:00:00,2024,10,16,16,-0.05942920879912625,12.2
1733904000000,LONG,6.11045770331019,-0.3735625436945468,6.4604577033101895,True,THETA/USDT,2024-12-11 08:00:00,2024,11,17,17,0.113923575844124,34.4
1733904000000,LONG,7.685870762452573,1.014982000713141,8.03587076245256,False,IOST/USDT,2024-12-11 08:00:00,2024,12,18,18,0.0332927102854935,34.599999999999994
1733904000000,LONG,6.946986204457025,2.0485078791924622,7.296986204457025,False,ENJ/USDT,2024-12-11 08:00:00,2024,13,19,19,-0.13996927799020217,23.400000000000002
1733904000000,LONG,5.251054100139521,0.2137886423580651,5.60105410013952,False,BSV/USDT,2024-12-11 08:00:00,2024,14,20,20,0.008000055762445503,11.799999999999999
1733904000000,LONG,7.084725083698167,-0.2479746413387482,7.434725083698167,True,ETC/USDT,2024-12-11 08:00:00,2024,15,21,21,-0.011991541280056951,41.0
1733904000000,LONG,6.052273677608191,3.1771061589229967,6.40227367760819,True,GMT/USDT,2024-12-11 08:00:00,2024,16,22,22,-0.02096950741638647,0.2
1733904000000,LONG,6.084791021671818,1.370577712817429,6.434791021671818,False,RVN/USDT,2024-12-11 08:00:00,2024,17,23,23,0.06986963858835935,14.000000000000002
1733904000000,LONG,6.023929747530194,1.2438932256743602,6.373929747530194,False,KAVA/USDT,2024-12-11 08:00:00,2024,18,24,24,0.037199382628753906,19.8
1733904000000,LONG,5.733832620066578,0.8937764947855403,6.083832620066578,True,FIL/USDT,2024-12-11 08:00:00,2024,19,25,25,0.0012287392482324302,36.0
1733904000000,LONG,5.497905875388486,0.6227622829063425,5.847905875388486,False,SFP/USDT,2024-12-11 08:00:00,2024,20,26,26,-0.11716823994902631,24.2
1733904000000,LONG,5.4342341678939645,-1.3646342973757517,5.784234167893964,False,CKB/USDT,2024-12-11 08:00:00,2024,21,27,27,-0.06254520063341368,20.8
1733904000000,LONG,6.945915005765111,0.9841722003032212,7.295915005765111,True,MANA/USDT,2024-12-11 08:00:00,2024,22,28,28,0.08250742461946672,41.6
1733904000000,LONG,6.58259220045879,2.0001339151218334,6.93259220045879,True,SEI/USDT,2024-12-11 08:00:00,2024,23,29,29,-0.048996380323186726,56.99999999999999
1733904000000,LONG,6.549237204724429,0.0729885423308246,6.899237204724418,True,ATOM/USDT,2024-12-11 08:00:00,2024,24,30,30,-0.027755014476449857,54.0
1734595200000,LONG,-9.535410719949263,2.074877480077141,9.185410719949264,False,STG/USDT,2024-12-19 08:00:00,2024,1,1,1,-0.01826769337964751,5.0
1734595200000,LONG,-9.463165121867483,-0.441740007756582,9.113165121867484,False,BSV/USDT,2024-12-19 08:00:00,2024,2,2,2,-0.12281753484066056,11.4
1734595200000,LONG,-10.020240944630617,2.7349641777820426,9.670240944630615,False,TWT/USDT,2024-12-19 08:00:00,2024,3,3,3,-0.1165401415792229,3.0
1734595200000,LONG,-10.439859844647076,0.1659817234953198,10.089859844647076,False,QNT/USDT,2024-12-19 08:00:00,2024,4,4,4,-0.07097142506213154,25.0
1734652800000,LONG,-9.517362722351116,1.9725935955269387,9.167362722351116,False,SFP/USDT,2024-12-20 00:00:00,2024,1,1,5,-0.19463749088951987,24.0
1734696000000,LONG,3.155448638136909,1.3325830761054696,8.37809635611209,True,ETH/USDT,2024-12-20 12:00:00,2024,1,2,2,0.020687448236735285,52.800000000000004
1734696000000,LONG,11.401854694295224,2.08578262890754,11.751854694295224,False,TWT/USDT,2024-12-20 12:00:00,2024,2,3,3,-0.06677808875129292,3.0
1734710400000,LONG,8.457769591426676,3.5456364812297787,11.719089082384444,False,STG/USDT,2024-12-20 16:00:00,2024,3,3,4,-0.10193569936773514,16.400000000000002
1734710400000,LONG,3.0361322127040444,-2.311431802354435,9.819601583966383,True,TRX/USDT,2024-12-20 16:00:00,2024,4,4,5,0.16232930189226705,30.2
1734710400000,LONG,-4.864253411935716,,11.394775094888155,False,KAS/USDT,2024-12-20 16:00:00,2024,5,5,6,-0.19668231542036943,4.3999999999999995
1734724800000,LONG,1.0448939674696356,,10.09141445336628,True,SOL/USDT,2024-12-20 20:00:00,2024,4,6,7,-0.10868000364178795,2.0
1734739200000,LONG,5.595287974886278,1.5252055551011268,11.861086552629896,False,NMR/USDT,2024-12-21 00:00:00,2024,2,7,8,-0.0688538269630429,12.0
1734811200000,SHORT,5.045464482899164,,5.395464482899164,False,ZEN/USDT,2024-12-21 20:00:00,2024,1,1,3,-0.16286281913672157,14.2
1734840000000,SHORT,-9.16433334610814,,8.81433334610814,False,ZEN/USDT,2024-12-22 04:00:00,2024,1,1,1,-0.15883174065494962,24.4
1735992000000,SHORT,9.647513812154678,1.0301006642343336,9.997513812154676,False,KAVA/USDT,2025-01-04 12:00:00,2025,1,1,1,-0.05029129867111501,16.2
1736020800000,SHORT,-12.182752613240416,0.7415181308043728,11.832752613240418,False,STG/USDT,2025-01-04 20:00:00,2025,1,2,2,-0.21691116595581567,9.6
1736208000000,SHORT,11.050678329168134,0.7809266492249369,11.400678329168134,False,STORJ/USDT,2025-01-07 00:00:00,2025,1,1,1,-0.1127232223140647,31.8
1736208000000,SHORT,4.374999999999983,1.2327993029444724,4.724999999999983,False,GAS/USDT,2025-01-07 00:00:00,2025,2,2,2,-0.12567075534327554,1.7999999999999998
1736208000000,SHORT,8.798168128541489,0.8157900420817398,9.148168128541489,True,WLD/USDT,2025-01-07 00:00:00,2025,3,3,3,-0.09447022064253938,39.0
1736208000000,SHORT,7.001695616211737,1.2603236173459442,7.351695616211737,False,ARK/USDT,2025-01-07 00:00:00,2025,4,4,4,-0.08095768440479009,2.1999999999999997
1736208000000,SHORT,8.586373352855034,1.0635856121704048,8.936373352855034,True,SAND/USDT,2025-01-07 00:00:00,2025,5,5,5,-0.14843424190919757,11.799999999999999
1736208000000,SHORT,6.573659206910069,0.43848607838769,6.923659206910068,False,MTL/USDT,2025-01-07 00:00:00,2025,6,6,6,-0.1799791739222557,17.599999999999998
1736236800000,SHORT,4.290913674086718,0.638816407396169,4.640913674086717,True,WLD/USDT,2025-01-07 08:00:00,2025,1,6,6,-0.09104369545861724,38.800000000000004
1736337600000,LONG,0.4079070106398458,1.9299420152580964,4.920988194140801,False,SFP/USDT,2025-01-08 12:00:00,2025,1,1,1,-0.08110187459613274,23.400000000000002
1736352000000,LONG,2.307234060909326,0.1103043442443878,6.243637304805446,False,KAS/USDT,2025-01-08 16:00:00,2025,2,2,2,-0.26535862564731655,8.6
1736496000000,LONG,-10.821156578573454,-0.5232316965254494,10.471156578573456,True,RUNE/USDT,2025-01-10 08:00:00,2025,1,1,1,0.07337190485325347,26.200000000000003
1736524800000,LONG,-11.976367461430566,-0.5141509070875161,11.626367461430569,True,RUNE/USDT,2025-01-10 16:00:00,2025,1,1,1,0.03343233674079505,26.0
1736784000000,LONG,11.458497733512097,0.4553804006263061,11.808497733512096,True,LDO/USDT,2025-01-13 16:00:00,2025,1,1,1,-0.07255675250179923,25.6
1736798400000,LONG,9.001131346578363,-0.9451427366590102,9.351131346578365,False,ROSE/USDT,2025-01-13 20:00:00,2025,2,2,2,-0.0671353553780025,18.2
1736798400000,LONG,8.790440074906378,-0.9337090378692005,9.140440074906378,False,COTI/USDT,2025-01-13 20:00:00,2025,3,3,3,-0.05631536514449862,11.200000000000001
1736798400000,LONG,10.929839533932956,0.6175751250110021,11.279839533932956,False,RLC/USDT,2025-01-13 20:00:00,2025,4,4,4,0.1605457303094012,13.200000000000001
1736798400000,LONG,9.914520687760074,-1.0274471128602936,10.264520687760074,True,ARKM/USDT,2025-01-13 20:00:00,2025,5,5,5,0.0034405466935404703,18.6
1736798400000,LONG,7.949826545034046,-0.1833831170957084,8.299826545034046,True,PYTH/USDT,2025-01-13 20:00:00,2025,6,6,6,-0.04607072128172588,10.4
1736798400000,LONG,7.848434535104367,-1.0207300866529767,8.198434535104367,False,SKL/USDT,2025-01-13 20:00:00,2025,7,7,7,-0.07877532121497444,17.2
1736798400000,LONG,7.846027414646523,0.2116073181916418,8.196027414646522,True,CHZ/USDT,2025-01-13 20:00:00,2025,8,8,8,-0.2074489167207306,19.6
1736798400000,LONG,7.780358150028194,-0.920790031883962,8.130358150028194,True,CFX/USDT,2025-01-13 20:00:00,2025,9,9,9,-0.166734961447327,12.8
1736798400000,LONG,7.742415962907764,0.7887039863658966,8.092415962907763,True,AXS/USDT,2025-01-13 20:00:00,2025,10,10,10,-0.11775337543638914,26.400000000000002
1736798400000,LONG,7.487129186602853,-0.1385122420405217,7.837129186602863,False,ALICE/USDT,2025-01-13 20:00:00,2025,11,11,11,-0.10459068279857991,4.0
1736798400000,LONG,7.21694754581841,-1.153608063675589,7.56694754581841,True,NEAR/USDT,2025-01-13 20:00:00,2025,12,12,12,-0.023917446486374425,0.2
1736798400000,LONG,7.389297554413109,0.9932124579012536,7.739297554413109,False,ID/USDT,2025-01-13 20:00:00,2025,13,13,13,-0.18717974615867022,28.999999999999996
1736798400000,LONG,7.457049430191245,-1.30973679153015,7.8070494301912445,True,ETH/USDT,2025-01-13 20:00:00,2025,14,14,14,-0.02127812640047193,21.2
1736798400000,LONG,8.407329917449465,-1.2373804263458688,8.757329917449464,True,ARB/USDT,2025-01-13 20:00:00,2025,15,15,15,0.00823056173438775,12.2
1736798400000,LONG,8.475764835974948,-1.0511555875066976,8.825764835974937,False,MINA/USDT,2025-01-13 20:00:00,2025,16,16,16,-0.11620908758537345,16.2
1736798400000,LONG,8.281860388541315,-0.51871931648488,8.631860388541325,True,AR/USDT,2025-01-13 20:00:00,2025,17,17,17,-0.06994285494273378,30.4
1736798400000,LONG,6.955206528018489,-0.6492928072148325,7.305206528018489,True,TRB/USDT,2025-01-13 20:00:00,2025,18,18,18,-0.0031336784969026405,3.4000000000000004
1736798400000,LONG,8.256186366220492,0.1228714240240191,8.606186366220491,True,LINK/USDT,2025-01-13 20:00:00,2025,19,19,19,-0.09436597611761544,39.0
1736798400000,LONG,8.131205145565328,0.1953957408049325,8.481205145565328,False,KSM/USDT,2025-01-13 20:00:00,2025,20,20,20,-0.18527961108884622,38.6
1736798400000,LONG,7.965029709891667,-1.576800244063133,8.315029709891666,False,CYBER/USDT,2025-01-13 20:00:00,2025,21,21,21,-0.0957198295838856,8.6
1736798400000,LONG,6.929923381325247,1.260347501903956,7.279923381325247,False,GMX/USDT,2025-01-13 20:00:00,2025,22,22,22,-0.055735507979737024,27.0
1736798400000,LONG,6.873077910409447,0.641797739779995,7.2230779104094465,False,YFI/USDT,2025-01-13 20:00:00,2025,23,23,23,-0.04026206688834434,15.4
1736798400000,LONG,7.634040438461976,-1.6679899800887614,7.984040438461975,False,HFT/USDT,2025-01-13 20:00:00,2025,24,24,24,-0.06053198545063042,19.400000000000002
1736798400000,LONG,7.651160421649397,-1.2639998577270015,8.001160421649397,False,CAKE/USDT,2025-01-13 20:00:00,2025,25,25,25,-0.10602469549311828,7.3999999999999995
1736798400000,LONG,7.554604291547229,-1.4364328046083632,7.904604291547229,False,BIGTIME/USDT,2025-01-13 20:00:00,2025,26,26,26,-0.05941475664481247,4.3999999999999995
1736798400000,LONG,6.246521915997144,2.111763513211243,6.596521915997143,True,LTC/USDT,2025-01-13 20:00:00,2025,27,27,27,-0.03610698111468419,2.1999999999999997
1736812800000,LONG,9.688766363118951,-1.570076308271124,10.038766363118953,True,SUSHI/USDT,2025-01-14 00:00:00,2025,27,28,28,0.08167312372707022,15.4
1736812800000,LONG,8.498458574181125,-0.6029145170607948,8.848458574181125,True,FET/USDT,2025-01-14 00:00:00,2025,28,29,29,-0.056269357226947044,12.8
1736812800000,LONG,7.772871452420688,-0.0678038405459382,8.122871452420688,True,CELO/USDT,2025-01-14 00:00:00,2025,29,30,30,-0.1441740164934538,14.799999999999999
1736812800000,LONG,8.27596659592138,-0.6845485705786841,8.62596659592138,False,ACH/USDT,2025-01-14 00:00:00,2025,30,31,31,-0.08836221322845268,23.0
1736812800000,LONG,8.433861502347423,-1.8117297079834649,8.783861502347422,True,SNX/USDT,2025-01-14 00:00:00,2025,31,32,32,-0.14115956026570642,9.0
1736812800000,LONG,9.48415300546448,-0.3058656609917937,9.83415300546448,True,PEOPLE/USDT,2025-01-14 00:00:00,2025,32,33,33,0.03316165617253628,24.0
1736827200000,LONG,4.155725293214013,0.9869850458041608,4.505725293214013,False,ID/USDT,2025-01-14 04:00:00,2025,7,33,33,-0.21572957103420773,23.599999999999998
1736827200000,LONG,6.967136612021859,0.1460000482214736,7.317136612021859,False,KAVA/USDT,2025-01-14 04:00:00,2025,8,34,34,-0.15863085139797883,9.2
1736827200000,LONG,6.557269598470375,-0.2912120702034365,6.907269598470375,True,MASK/USDT,2025-01-14 04:00:00,2025,9,35,35,-0.13035700209946577,25.0
1736827200000,LONG,7.579217391304356,-1.571766729341511,7.9292173913043555,False,CYBER/USDT,2025-01-14 04:00:00,2025,10,35,35,-0.08948990825776636,8.799999999999999
1736827200000,LONG,8.661235087116998,,9.011235087116996,False,BIGTIME/USDT,2025-01-14 04:00:00,2025,11,35,35,-0.061896207557863354,4.3999999999999995
1736841600000,LONG,-2.697346969582611,-1.2011530749301274,6.876934108234585,True,GMT/USDT,2025-01-14 08:00:00,2025,6,35,36,0.28280307527280163,23.200000000000003
1736841600000,LONG,6.879789132578786,-1.1292868616855605,7.2297891325787855,False,BLUR/USDT,2025-01-14 08:00:00,2025,7,36,37,-0.07683817183110456,25.6
1737057600000,SHORT,6.83557875944531,0.3530771628747389,7.18557875944531,True,XLM/USDT,2025-01-16 20:00:00,2025,1,1,1,-0.03328639379886694,25.4
1737057600000,SHORT,-6.142029879385958,4.31945408224998,5.792029879385958,False,KAS/USDT,2025-01-16 20:00:00,2025,2,2,2,0.0415915484563089,56.599999999999994
1737115200000,SHORT,10.176828598874696,0.1610760270964892,10.526828598874696,True,HBAR/USDT,2025-01-17 12:00:00,2025,1,1,3,-0.1555189568985785,31.2
1737115200000,SHORT,4.750378255025147,5.955775249832599,5.100378255025147,True,XRP/USDT,2025-01-17 12:00:00,2025,2,2,4,-0.18571052750087724,28.199999999999996
1737158400000,SHORT,6.963414247543127,0.9425853481047344,7.313414247543126,True,XMR/USDT,2025-01-18 00:00:00,2025,1,3,3,-0.07141659813532625,89.4
1737158400000,SHORT,4.583423913043476,1.980705473042351,4.933423913043476,True,BCH/USDT,2025-01-18 00:00:00,2025,2,4,4,-0.023156816258384817,58.599999999999994
1737158400000,SHORT,11.36969879518071,0.3901247996672766,11.71969879518071,False,ARPA/USDT,2025-01-18 00:00:00,2025,3,5,5,-0.055184636164259254,20.0
1737158400000,SHORT,9.232731788079468,0.4801119135006513,9.582731788079467,False,EDU/USDT,2025-01-18 00:00:00,2025,4,6,6,0.10775660693644287,21.6
1737158400000,SHORT,8.87041922898896,0.7005814528418157,9.22041922898896,False,RSR/USDT,2025-01-18 00:00:00,2025,5,7,7,-0.06461878767851718,33.0
1737158400000,SHORT,7.521416454622536,2.278979565247445,7.871416454622536,True,LTC/USDT,2025-01-18 00:00:00,2025,6,8,8,0.041155363507799504,40.0
1737172800000,SHORT,9.830855018587354,-1.2286541924065986,10.180855018587351,False,UMA/USDT,2025-01-18 04:00:00,2025,7,7,9,-0.0007326123990865734,7.3999999999999995
1737172800000,SHORT,-12.125921321091562,3.4707589516725,11.775921321091564,True,1000BONK/USDT,2025-01-18 04:00:00,2025,8,8,10,0.11498663731614883,7.199999999999999
1737187200000,SHORT,9.300145125490843,0.4752031569129193,9.650145125490845,False,EDU/USDT,2025-01-18 08:00:00,2025,3,8,10,0.1543170523284064,21.4
1737288000000,SHORT,9.252898229270649,1.1766350815012556,9.602898229270648,True,SOL/USDT,2025-01-19 12:00:00,2025,1,1,1,0.05565664787017674,56.2
1737345600000,LONG,-4.172351656352388,0.1627559741657103,9.663887877684738,False,ARK/USDT,2025-01-20 04:00:00,2025,1,1,2,-0.26823038411785394,40.6
1737345600000,LONG,-10.319051315222074,0.4357887630312397,9.969051315222076,False,STEEM/USDT,2025-01-20 04:00:00,2025,2,2,3,-0.3156344113701937,30.4
1737979200000,LONG,8.093509615384626,-0.0124058287116653,9.278820398351638,True,TRB/USDT,2025-01-27 12:00:00,2025,1,1,1,-0.03287016976904775,4.0
1737979200000,LONG,7.980931571952146,0.2799851870733122,8.330931571952146,True,APT/USDT,2025-01-27 12:00:00,2025,2,2,2,-0.06522409306132913,2.6
1737979200000,LONG,3.32622716465526,1.115152872325638,4.584816564841845,True,BNB/USDT,2025-01-27 12:00:00,2025,3,3,3,-0.15356932679848417,6.4
1737979200000,LONG,2.874467201771381,-1.2638581922608354,7.322875726543036,False,YFI/USDT,2025-01-27 12:00:00,2025,4,4,4,-0.15713248095667287,16.2
1737979200000,LONG,4.489583051306342,3.622958810988086,10.753181264383372,True,XRP/USDT,2025-01-27 12:00:00,2025,5,5,5,-0.17186035759020807,36.4
1737979200000,LONG,4.212823106316023,1.0818100622867168,7.627916385704649,True,MANA/USDT,2025-01-27 12:00:00,2025,6,6,6,-0.08739866614233766,12.4
1737979200000,LONG,-7.089420935412016,0.8739622275673828,6.739420935412016,True,AXS/USDT,2025-01-27 12:00:00,2025,7,7,7,-0.10861500181738938,10.0
1737979200000,LONG,-10.199960254372025,-1.8432170571117223,9.849960254372023,False,HFT/USDT,2025-01-27 12:00:00,2025,8,8,8,-0.026763640096802883,18.4
1737979200000,LONG,6.29768507056202,0.4129965894590743,9.235726665016111,False,WOO/USDT,2025-01-27 12:00:00,2025,9,9,9,-0.05789442038821846,23.0
1737979200000,LONG,6.492435655994973,1.3012804815202013,10.188637790332711,False,CHR/USDT,2025-01-27 12:00:00,2025,10,10,10,-0.08673906411905252,13.8
1737979200000,LONG,6.551056130381172,0.7629433000725867,6.901056130381171,True,THETA/USDT,2025-01-27 12:00:00,2025,11,11,11,-0.09433166546499419,27.400000000000002
1737979200000,LONG,6.768304688803602,-1.0958791177456613,7.466821291506756,False,ILV/USDT,2025-01-27 12:00:00,2025,12,12,12,-0.08590694015227851,3.5999999999999996
1737979200000,LONG,8.325990086490306,0.3030641873807039,8.675990086490305,True,XLM/USDT,2025-01-27 12:00:00,2025,13,13,13,-0.11717741672098574,31.2
1737979200000,LONG,8.514512458755242,0.6369684713433702,8.864512458755241,True,ICP/USDT,2025-01-27 12:00:00,2025,14,14,14,-0.2032039193531771,13.200000000000001
1737979200000,LONG,8.724643979057577,0.6228458494797793,9.074643979057589,True,SUI/USDT,2025-01-27 12:00:00,2025,15,15,15,-0.1253244824728941,49.8
1737979200000,LONG,9.685016835016828,-0.703610763517864,10.035016835016838,True,GALA/USDT,2025-01-27 12:00:00,2025,16,16,16,-0.08532364143822663,20.8
1738008000000,LONG,-9.169173715826895,0.135983744904811,8.819173715826897,False,WOO/USDT,2025-01-27 20:00:00,2025,1,16,16,-0.08492313494684724,22.8
1738008000000,LONG,-9.299386373254334,-2.0845024463890103,8.949386373254335,False,ZEN/USDT,2025-01-27 20:00:00,2025,2,17,17,0.05096531533602701,21.2
1738008000000,LONG,-8.741085218805049,-0.4950574860888004,8.391085218805049,True,MEME/USDT,2025-01-27 20:00:00,2025,3,18,18,-0.11662372621392085,4.3999999999999995
1738008000000,LONG,-8.340297769475885,-1.2573808645629043,7.990297769475885,False,BIGTIME/USDT,2025-01-27 20:00:00,2025,4,19,19,-0.1010782840191691,2.6
1738008000000,LONG,-8.12651365255244,-1.1510871396975042,7.77651365255244,False,ILV/USDT,2025-01-27 20:00:00,2025,5,19,19,-0.12225784399640731,4.0
1738008000000,LONG,-8.126390743213173,1.0617740541087402,7.776390743213174,True,MANA/USDT,2025-01-27 20:00:00,2025,6,19,19,-0.12581199171424173,24.6
1738008000000,LONG,-1.7021819299323957,0.4592213957953279,10.901167793484944,False,CHR/USDT,2025-01-27 20:00:00,2025,7,19,19,-0.12766562700005274,12.4
1738008000000,LONG,-1.7628284826222096,-0.1452164689559802,8.314877083922,True,COMP/USDT,2025-01-27 20:00:00,2025,8,20,20,-0.14749694966089938,6.4
1738008000000,LONG,-10.295407623080996,-2.667860985209172,9.945407623080996,False,HFT/USDT,2025-01-27 20:00:00,2025,9,20,20,-0.07922008158328937,15.0
1738008000000,LONG,-9.32087422618148,-1.2093734499559212,8.97087422618148,False,MAV/USDT,2025-01-27 20:00:00,2025,10,21,21,-0.10958278532860331,15.2
1738008000000,LONG,-7.552307692307699,0.8616039626475798,7.202307692307699,True,AXS/USDT,2025-01-27 20:00:00,2025,11,21,21,-0.14174384519462774,31.2
1738008000000,LONG,-7.692136395267924,0.8018947966584833,7.342136395267924,False,ANKR/USDT,2025-01-27 20:00:00,2025,12,22,22,-0.15555181603392976,11.200000000000001
1738008000000,LONG,-2.427922077922078,-1.232680861765636,7.25105946684894,False,YFI/USDT,2025-01-27 20:00:00,2025,13,22,22,-0.2094642503966453,16.0
1738008000000,LONG,-6.743865968129239,-1.488041967199667,6.393865968129239,False,EDU/USDT,2025-01-27 20:00:00,2025,14,23,23,0.04986606377202797,16.8
1738008000000,LONG,-1.8630179464900976,2.0965776103001663,8.081361416544325,True,DOGE/USDT,2025-01-27 20:00:00,2025,15,24,24,-0.1444555914384144,1.4000000000000001
1738008000000,LONG,-2.36784488675361,0.9402391540917526,7.868167467398768,True,OP/USDT,2025-01-27 20:00:00,2025,16,25,25,-0.052558151566392375,5.0
1738008000000,LONG,-8.76044758946038,0.5791160199238415,8.41044758946038,False,CKB/USDT,2025-01-27 20:00:00,2025,17,26,26,-0.09251982596777024,27.0
1738008000000,LONG,-8.742890102034178,0.3994842905307201,8.392890102034178,False,ENJ/USDT,2025-01-27 20:00:00,2025,18,27,27,-0.14643891940673,13.600000000000001
1738008000000,LONG,2.630808493262545,0.691815803924441,8.223279910167411,False,CAKE/USDT,2025-01-27 20:00:00,2025,19,28,28,-0.15677086090585748,5.0
1738008000000,LONG,1.758433734939746,0.6305783130904026,7.537259036144587,False,DASH/USDT,2025-01-27 20:00:00,2025,20,29,29,-0.1725226828055241,8.6
1738008000000,LONG,0.614566929133855,0.0061702445346213,7.22516872890889,False,ID/USDT,2025-01-27 20:00:00,2025,21,30,30,-0.16499708491776205,22.8
1738008000000,LONG,1.3647349285117776,0.29939164323315,9.879096447698126,True,XLM/USDT,2025-01-27 20:00:00,2025,22,30,30,-0.1483099858576556,1.6
1738008000000,LONG,-7.0017061691040405,0.85423661895127,6.651706169104041,True,DOT/USDT,2025-01-27 20:00:00,2025,23,31,31,-0.1020607121792452,22.2
1738008000000,LONG,-7.326527281803163,-0.1477301166755857,6.976527281803163,True,SAND/USDT,2025-01-27 20:00:00,2025,24,32,32,-0.11201789833412008,25.2
1738008000000,LONG,9.34983735571878,0.2754700792571218,9.69983735571878,True,APT/USDT,2025-01-27 20:00:00,2025,25,32,32,-0.09089490315530001,1.7999999999999998
1738008000000,LONG,6.034575214341379,-0.1815897394957698,6.384575214341378,True,STX/USDT,2025-01-27 20:00:00,2025,26,33,33,-0.09056105532066004,10.4
1738022400000,SHORT,10.236324999307785,,10.586324999307784,False,ACH/USDT,2025-01-28 00:00:00,2025,27,34,34,0.09421835126448574,0.0
1738036800000,LONG,6.367841133225741,0.597587108005666,6.717841133225741,True,UNI/USDT,2025-01-28 04:00:00,2025,2,28,35,-0.08070818303670489,32.800000000000004
1738411200000,SHORT,10.38834605597964,,10.73834605597964,False,QTUM/USDT,2025-02-01 12:00:00,2025,1,1,1,-0.1332861128069221,0.0
1738440000000,SHORT,8.543478260869552,1.0705288735198453,8.893478260869552,False,ONT/USDT,2025-02-01 20:00:00,2025,1,2,2,-0.14835668679975686,0.6
1738440000000,SHORT,9.29886817576564,,9.64886817576564,False,QTUM/USDT,2025-02-01 20:00:00,2025,2,2,2,-0.13790867036551516,0.0
1738497600000,SHORT,10.67638341968911,-1.267880703132872,11.02638341968911,False,ARPA/USDT,2025-02-02 12:00:00,2025,1,1,3,-0.08428074589728099,0.8
1738526400000,LONG,-7.979782445611398,1.843359919660332,7.629782445611398,True,RUNE/USDT,2025-02-02 20:00:00,2025,1,2,4,0.1328961101332036,5.800000000000001
1738598400000,LONG,-5.188075902943769,0.9681136245450148,11.636594191034412,True,BNB/USDT,2025-02-03 16:00:00,2025,1,1,2,-0.18204287729952467,11.200000000000001
1738612800000,LONG,-8.210237438811687,-2.477047092988236,11.794137174365622,False,STEEM/USDT,2025-02-03 20:00:00,2025,2,2,3,-0.13133846026375137,32.0
1738612800000,LONG,-12.230563289090314,1.8224256372289835,11.880563289090317,False,CAKE/USDT,2025-02-03 20:00:00,2025,3,3,4,-0.14201447714555476,1.4000000000000001
1739289600000,SHORT,-1.0542253521126703,0.5419157502469701,10.53284579270493,False,NMR/USDT,2025-02-11 16:00:00,2025,1,1,1,-0.010607562493631569,12.0
1739289600000,SHORT,-11.907990906028951,1.2978108356404792,11.557990906028952,True,LTC/USDT,2025-02-11 16:00:00,2025,2,2,2,-0.019774344672535416,32.2
1739289600000,SHORT,-2.0223610861355863,0.0556669158430074,8.091692141701127,True,COMP/USDT,2025-02-11 16:00:00,2025,3,3,3,-0.03542416333112325,1.0
1739462400000,SHORT,0.4233465221887458,0.3938112077991007,9.878580099815643,True,BNB/USDT,2025-02-13 16:00:00,2025,1,1,1,-0.01646014428837483,10.8
1739505600000,SHORT,4.281090580437841,-0.5034440863523237,4.63109058043784,False,ZEN/USDT,2025-02-14 04:00:00,2025,1,2,2,-0.07583086530104531,2.8000000000000003
1739923200000,LONG,6.616869300911852,-1.1298028348889115,6.966869300911852,False,ARPA/USDT,2025-02-19 00:00:00,2025,1,1,1,0.08993970204643846,17.0
1739923200000,LONG,0.3533081531648764,0.6444611944012703,8.397541026308932,False,ILV/USDT,2025-02-19 00:00:00,2025,2,2,2,0.008485153577275653,4.6
1739952000000,LONG,-2.823965824751172,-1.0554864730101805,6.133663195443303,True,SOL/USDT,2025-02-19 08:00:00,2025,1,3,3,-0.04809926363780923,21.2
1740153600000,SHORT,-8.900310603355935,1.1007737309719487,8.550310603355936,False,AGLD/USDT,2025-02-21 16:00:00,2025,1,1,1,-0.008869973860630074,15.0
1740470400000,LONG,-7.120913461538463,0.4690698095301809,6.770913461538464,False,1INCH/USDT,2025-02-25 08:00:00,2025,1,1,1,-0.03268636662531863,17.4
1740470400000,LONG,9.82786698985002,0.5581018912447655,10.17786698985002,True,IMX/USDT,2025-02-25 08:00:00,2025,2,2,2,0.1396525900210413,19.8
1740484800000,LONG,-0.895950864422205,1.2404114821148766,9.689399454049132,False,YGG/USDT,2025-02-25 12:00:00,2025,3,3,3,0.07325147831883713,8.799999999999999
1740484800000,LONG,1.1520576131687277,0.4256805138827202,8.423703703703705,True,CHZ/USDT,2025-02-25 12:00:00,2025,4,4,4,0.05236293108422892,17.599999999999998
1740499200000,LONG,1.0403686341359624,1.7674761525951126,7.974541870871501,True,ETC/USDT,2025-02-25 16:00:00,2025,3,5,5,0.0031012713186532102,10.6
1740499200000,LONG,-0.0422698178237496,-0.5027826831873174,11.14869522402758,True,AR/USDT,2025-02-25 16:00:00,2025,4,6,6,0.04510277269905322,1.7999999999999998
1740499200000,LONG,-0.2114478697609935,0.4582422917399432,8.76085902320748,True,MANA/USDT,2025-02-25 16:00:00,2025,5,7,7,0.019272163194014647,9.8
1740499200000,LONG,-0.6637444189694759,-2.7240304026399347,9.431446844455166,False,LQTY/USDT,2025-02-25 16:00:00,2025,6,8,8,0.053197662903557194,5.2
1740499200000,LONG,-1.0799270072992706,0.808948276009294,10.0516788321168,True,DYDX/USDT,2025-02-25 16:00:00,2025,7,9,9,0.004533972755033198,11.799999999999999
1740499200000,LONG,-10.368327389693029,-0.2501833154414355,10.018327389693027,True,VET/USDT,2025-02-25 16:00:00,2025,8,10,10,0.012900139933949489,1.2
1740499200000,LONG,0.8401681759379024,0.1053168744916031,11.069663648124198,True,SUSHI/USDT,2025-02-25 16:00:00,2025,9,11,11,0.06950856083011153,1.0
1740499200000,LONG,-11.17207682055011,-0.6662526402725356,10.82207682055011,True,UNI/USDT,2025-02-25 16:00:00,2025,10,12,12,0.003320039932659489,28.799999999999997
1740499200000,LONG,0.0172612801678941,-0.2790152950907373,9.820146904512086,False,ROSE/USDT,2025-02-25 16:00:00,2025,11,13,13,0.013347401061095604,5.0
1740499200000,LONG,-9.380529388350798,0.4873368849232839,9.030529388350798,True,XRP/USDT,2025-02-25 16:00:00,2025,12,14,14,-0.07772290914417347,4.6
1740499200000,LONG,-9.986799009151598,-1.1404999572321517,9.636799009151598,True,SOL/USDT,2025-02-25 16:00:00,2025,13,15,15,-0.01719671096404912,37.6
1740499200000,LONG,-9.082203849281653,1.4400942818022011,8.732203849281653,True,AXS/USDT,2025-02-25 16:00:00,2025,14,16,16,0.06608551294014395,23.599999999999998
1740499200000,LONG,-8.773353860729507,1.4625705680089518,8.423353860729508,False,ANKR/USDT,2025-02-25 16:00:00,2025,15,17,17,-0.0639634800054379,10.2
1740499200000,LONG,-7.810455725411016,1.3589177985198255,7.460455725411016,False,GAS/USDT,2025-02-25 16:00:00,2025,16,18,18,0.03597197757889009,14.000000000000002
1740499200000,LONG,-5.195814977973573,0.3269163781757172,11.71938325991189,True,CRV/USDT,2025-02-25 16:00:00,2025,17,19,19,0.0687759052749605,1.6
1740499200000,LONG,-11.846263157255764,1.568778525454914,11.496263157255765,True,1000PEPE/USDT,2025-02-25 16:00:00,2025,18,20,20,0.06843799901013937,7.000000000000001
1740499200000,LONG,1.3219150732071512,0.1561476112329032,9.589322468590726,True,SAND/USDT,2025-02-25 16:00:00,2025,19,21,21,0.07553975094400328,0.6
1740499200000,LONG,2.694622562507479,0.9824018399425452,11.648791721497789,False,ILV/USDT,2025-02-25 16:00:00,2025,20,22,22,0.04948241309782555,11.200000000000001
1740499200000,LONG,4.935961871750429,0.0014250222258922,9.760268630849223,True,ALGO/USDT,2025-02-25 16:00:00,2025,21,23,23,-0.007046432674082149,18.4
1740499200000,LONG,7.468038442582558,0.0715397374734847,7.818038442582558,False,KAVA/USDT,2025-02-25 16:00:00,2025,22,24,24,-0.07822698145918743,13.0
1740499200000,LONG,10.671356078600745,0.58381879978324,11.021356078600745,True,DOT/USDT,2025-02-25 16:00:00,2025,23,25,25,0.050962802283628296,4.2
1740499200000,LONG,-2.5086931155192604,0.1154822106004389,8.10282547091182,True,GRT/USDT,2025-02-25 16:00:00,2025,24,26,26,0.09244015457978279,14.6
1740499200000,LONG,-1.1407979870596754,0.4744572170401389,9.187706685837526,True,ARB/USDT,2025-02-25 16:00:00,2025,25,27,27,0.08102506584237354,1.2
1740499200000,LONG,-4.751325130146699,0.645180132319758,11.152342640795078,False,MAGIC/USDT,2025-02-25 16:00:00,2025,26,28,28,0.06497673736991044,6.6000000000000005
1740499200000,LONG,-3.9099586304501575,0.2474249784984285,9.998105710086534,True,JASMY/USDT,2025-02-25 16:00:00,2025,27,29,29,-0.028447122908579748,1.4000000000000001
1740513600000,LONG,-8.387736125347772,0.637558482350193,8.037736125347772,True,ADA/USDT,2025-02-25 20:00:00,2025,26,30,30,0.06473835418733352,16.2
1740513600000,LONG,-7.593695282895585,-0.6317414626663317,7.243695282895585,True,LINK/USDT,2025-02-25 20:00:00,2025,27,31,31,0.04756633083709943,13.0
1740513600000,LONG,-8.202816002269822,-0.0510376463304142,7.852816002269821,True,DOGE/USDT,2025-02-25 20:00:00,2025,28,32,32,-0.015466016265034997,17.4
1740513600000,LONG,-8.946233955362876,-0.278621621557077,8.596233955362877,True,XLM/USDT,2025-02-25 20:00:00,2025,29,33,33,-0.024521757071504408,11.4
1740513600000,LONG,-7.745342752485599,0.664237715713014,7.395342752485599,True,NEO/USDT,2025-02-25 20:00:00,2025,30,34,34,-0.0064964278489165845,5.800000000000001
1740528000000,LONG,-7.300406891178253,0.485067178554788,6.950406891178253,True,XRP/USDT,2025-02-26 00:00:00,2025,6,32,34,-0.057797929466438455,2.0
1740528000000,LONG,5.858554505437598,0.1564291053771766,6.208554505437598,True,SAND/USDT,2025-02-26 00:00:00,2025,7,32,34,0.07996168464751757,3.0
1740528000000,LONG,-6.80947643979057,-0.4381830091221971,6.459476439790571,True,SOL/USDT,2025-02-26 00:00:00,2025,8,32,34,-0.034705432692107144,8.200000000000001
1740542400000,LONG,-7.157743703957515,-0.2785736109925433,6.807743703957516,True,XLM/USDT,2025-02-26 04:00:00,2025,4,30,34,0.004408158316897434,0.8
1740542400000,LONG,-5.439891438910582,-0.120981406397875,5.089891438910582,True,DOGE/USDT,2025-02-26 04:00:00,2025,5,30,34,-0.0010856704445482833,5.4
1740628800000,LONG,-5.2817749823432925,0.1342853517773449,4.931774982343293,True,BTC/USDT,2025-02-27 04:00:00,2025,1,1,3,-0.07411513147496579,42.6
1740744000000,LONG,6.776427638028752,-0.6135440555516647,7.126427638028751,True,BTC/USDT,2025-02-28 12:00:00,2025,1,1,1,-0.025675982311611254,43.6
1740744000000,LONG,8.026521876981615,0.6183713527607908,8.376521876981615,True,ADA/USDT,2025-02-28 12:00:00,2025,2,2,2,0.09056610786882141,31.4
1740744000000,LONG,8.040335325701552,-0.3670512135183905,8.390335325701551,True,DOGE/USDT,2025-02-28 12:00:00,2025,3,3,3,-0.02793628937638518,19.6
1740744000000,LONG,4.801259818422931,-0.4576722759109093,5.151259818422931,True,BNB/USDT,2025-02-28 12:00:00,2025,4,4,4,0.046473595646491096,16.6
1740744000000,LONG,8.96250815850815,0.513946691954297,9.31250815850816,True,XRP/USDT,2025-02-28 12:00:00,2025,5,5,5,-0.05518950027264662,20.599999999999998
1740744000000,LONG,8.247049018397338,-0.6959505374510819,8.597049018397337,False,KAS/USDT,2025-02-28 12:00:00,2025,6,6,6,-0.06633231527087895,13.8
1740744000000,LONG,9.873743754461104,-0.2682167000866312,10.223743754461104,True,XLM/USDT,2025-02-28 12:00:00,2025,7,7,7,-0.037447105055507045,14.000000000000002
1740744000000,LONG,6.7551115392232735,0.7402634576937338,7.105111539223273,True,ETH/USDT,2025-02-28 12:00:00,2025,8,8,8,0.014187374718232632,5.800000000000001
1740772800000,LONG,5.23740938573064,-1.1252531283100276,5.58740938573064,False,KAS/USDT,2025-02-28 20:00:00,2025,1,8,8,-0.07824181879176717,13.8
1741003200000,SHORT,8.219549822964062,0.2249073316378373,8.569549822964062,True,ZEC/USDT,2025-03-03 12:00:00,2025,1,1,1,-0.03934821253166664,15.4
1741003200000,SHORT,7.459602621536409,1.1690589304260066,7.809602621536409,False,EGLD/USDT,2025-03-03 12:00:00,2025,2,2,2,0.10103621251238935,6.0
1741579200000,LONG,5.82608537472713,1.3453249339485118,6.17608537472713,False,IOST/USDT,2025-03-10 04:00:00,2025,1,1,1,0.0997954590382245,1.7999999999999998
1741579200000,LONG,-9.804719211822658,0.4737045601254381,9.454719211822658,True,APE/USDT,2025-03-10 04:00:00,2025,2,2,2,0.10936838506593674,6.0
1741579200000,LONG,-9.742589043283829,0.1236001920110704,9.392589043283827,True,SUSHI/USDT,2025-03-10 04:00:00,2025,3,3,3,0.17927993984300455,0.2
1741593600000,LONG,-4.911903058486857,1.6932460193050596,4.561903058486857,False,SFP/USDT,2025-03-10 08:00:00,2025,4,4,4,0.10728181781285526,20.8
1741593600000,LONG,-10.00871917340873,-0.0071999295128717,9.65871917340873,True,INJ/USDT,2025-03-10 08:00:00,2025,5,5,5,0.10847627568434894,9.6
1741593600000,LONG,-9.072870272180984,0.1748383815192981,8.722870272180986,False,STORJ/USDT,2025-03-10 08:00:00,2025,6,6,6,0.014483504465293359,10.4
1741593600000,LONG,-6.889810715921233,1.4132093534763266,6.5398107159212335,False,STEEM/USDT,2025-03-10 08:00:00,2025,7,7,7,0.053810235715629366,23.799999999999997
1741593600000,LONG,-9.386254180602004,0.6990711413645733,9.036254180602006,False,MAGIC/USDT,2025-03-10 08:00:00,2025,8,8,8,0.07793108433080634,10.8
1741593600000,LONG,-11.104279105628384,0.9169511632954956,10.754279105628385,True,MEME/USDT,2025-03-10 08:00:00,2025,9,9,9,0.03621609373780928,20.0
1741593600000,LONG,-9.799984121943492,0.0151582396694531,9.449984121943492,True,PYTH/USDT,2025-03-10 08:00:00,2025,10,10,10,-0.013631637529031477,9.2
1741593600000,LONG,-9.591154791154786,-0.2998758950738458,9.241154791154786,False,EDU/USDT,2025-03-10 08:00:00,2025,11,11,11,0.13575668624222956,7.6
1741593600000,LONG,-9.730414661236583,0.0271312338962636,9.380414661236586,False,SKL/USDT,2025-03-10 08:00:00,2025,12,12,12,0.08736696677886245,4.8
1741593600000,LONG,-8.627833984824093,-0.5068345734258571,8.277833984824094,False,ID/USDT,2025-03-10 08:00:00,2025,13,13,13,0.12471490838587153,11.0
1741593600000,LONG,-7.026364268335059,1.1234879146712795,6.67636426833506,False,GAS/USDT,2025-03-10 08:00:00,2025,14,14,14,0.05190643767743808,21.8
1741593600000,LONG,-7.047133105802044,0.7762946902461999,6.6971331058020445,False,ONT/USDT,2025-03-10 08:00:00,2025,15,15,15,0.08554601230394226,11.799999999999999
1741593600000,LONG,-10.899909109270856,1.0461486099033843,10.549909109270857,True,GMT/USDT,2025-03-10 08:00:00,2025,16,16,16,0.12155453620419725,41.8
1741593600000,LONG,-12.331127295756804,0.313855186761675,11.981127295756805,True,PEOPLE/USDT,2025-03-10 08:00:00,2025,17,17,17,0.174236801783576,19.8
1741593600000,LONG,-7.800165077035948,-0.486986137634332,7.450165077035948,True,IMX/USDT,2025-03-10 08:00:00,2025,18,18,18,0.0528334359744118,6.4
1741593600000,LONG,-8.238477737665454,0.6787842744306412,7.888477737665454,False,ROSE/USDT,2025-03-10 08:00:00,2025,19,19,19,0.052910077723660735,8.6
1741593600000,LONG,-8.612141940331204,0.4185730389136179,8.262141940331205,False,ASTR/USDT,2025-03-10 08:00:00,2025,20,20,20,0.14750450565860068,10.6
1741593600000,LONG,-8.858112183353432,0.2047628408159396,8.508112183353433,False,HIGH/USDT,2025-03-10 08:00:00,2025,21,21,21,0.03027875717685475,12.8
1741593600000,LONG,-8.699320543565143,0.4473904413708353,8.349320543565144,False,CYBER/USDT,2025-03-10 08:00:00,2025,22,22,22,0.06270590026378935,5.4
1741593600000,LONG,-9.254760157754736,0.5042973784820332,8.904760157754737,True,1000BONK/USDT,2025-03-10 08:00:00,2025,23,23,23,0.24748363496878473,17.599999999999998
1741593600000,LONG,-9.066345987172822,-0.0431459978061467,8.716345987172822,False,API3/USDT,2025-03-10 08:00:00,2025,24,24,24,0.0930779740977986,10.8
1741593600000,LONG,-7.712083333333337,-0.6248129133760041,7.362083333333337,False,QTUM/USDT,2025-03-10 08:00:00,2025,25,25,25,0.03040169017358049,13.4
1741593600000,LONG,-7.326339285714288,0.4480290687689435,6.976339285714288,False,ANKR/USDT,2025-03-10 08:00:00,2025,26,26,26,0.06538101309364776,2.6
1741665600000,LONG,2.995724907063189,1.513904929489269,10.39972118959108,True,CHZ/USDT,2025-03-11 04:00:00,2025,1,1,27,0.09498411828497912,17.2
1741665600000,LONG,10.210564663023678,-1.228358563234433,10.560564663023678,False,CAKE/USDT,2025-03-11 04:00:00,2025,2,2,28,-0.13085578651458632,26.8
1741665600000,LONG,8.482425892317,1.3975257621238333,11.216938898971575,True,ARB/USDT,2025-03-11 04:00:00,2025,3,3,29,0.14182236505831028,1.6
1741665600000,LONG,5.7106060606060485,0.1934183484428457,11.03325358851675,False,SKL/USDT,2025-03-11 04:00:00,2025,4,4,29,0.12381682408927497,14.000000000000002
1741665600000,LONG,9.06290409386099,-0.215952634799096,9.41290409386099,True,BNB/USDT,2025-03-11 04:00:00,2025,5,5,30,0.09995656945548814,12.2
1741665600000,LONG,4.656031363088069,-0.1428801489706301,10.97956574185766,True,OP/USDT,2025-03-11 04:00:00,2025,6,6,31,0.1746505005941102,0.8
1741665600000,LONG,3.052854006586161,1.1628676134287756,8.709613495869204,True,ETC/USDT,2025-03-11 04:00:00,2025,7,7,32,0.14411701613171296,3.8
1741665600000,LONG,8.891000629326621,2.1203561643584754,9.24100062932662,False,KNC/USDT,2025-03-11 04:00:00,2025,8,8,33,0.1328488441821229,8.6
1741665600000,LONG,6.375146198830399,1.2222167076774788,8.826973684210532,False,GAS/USDT,2025-03-11 04:00:00,2025,9,9,33,0.0740843075267069,22.400000000000002
1741665600000,LONG,5.7993411420204914,0.578089607596001,9.423352855051249,False,ONT/USDT,2025-03-11 04:00:00,2025,10,10,33,0.12281715849954909,14.000000000000002
1741680000000,LONG,11.206451612903232,0.8839765465966547,11.556451612903222,False,ALICE/USDT,2025-03-11 08:00:00,2025,11,11,31,0.15379613181960175,19.8
1741680000000,LONG,9.719261744966438,1.0608766335960995,10.069261744966438,True,AXS/USDT,2025-03-11 08:00:00,2025,12,12,32,0.1442747045551206,76.0
1741680000000,LONG,0.63987876765655,0.8568733557026331,10.357602046490944,False,EGLD/USDT,2025-03-11 08:00:00,2025,13,13,33,0.10127717966273202,2.6
1741680000000,LONG,1.0212544438801463,0.4102022305992892,8.350939563230058,False,1INCH/USDT,2025-03-11 08:00:00,2025,14,14,34,0.10287497324606491,5.6000000000000005
1741680000000,LONG,6.26896243291592,0.4380857912554419,8.801550387596908,False,ANKR/USDT,2025-03-11 08:00:00,2025,15,15,34,0.08608304592926198,1.4000000000000001
1741680000000,LONG,6.487160751565764,0.6009898738250209,10.655062630480163,True,SEI/USDT,2025-03-11 08:00:00,2025,16,16,35,0.06817281951557524,1.0
1741680000000,LONG,1.7232500180596748,0.7921923111394298,10.642353536083222,False,ILV/USDT,2025-03-11 08:00:00,2025,17,17,36,0.07250906032683688,15.4
1741680000000,LONG,2.8058633216029114,0.6949954288352925,11.43688273356795,False,ENJ/USDT,2025-03-11 08:00:00,2025,18,18,37,0.12309548096984148,2.4
1741680000000,LONG,5.365790860002625,1.1158757863396067,9.16309758988542,True,NEO/USDT,2025-03-11 08:00:00,2025,19,19,38,0.09772899816556041,3.0
1741680000000,LONG,10.973841683681476,0.9577295654502582,11.323841683681488,True,XLM/USDT,2025-03-11 08:00:00,2025,20,20,39,0.11378492903213831,15.4
1741680000000,LONG,11.116399999999988,-1.0853948464613097,11.466399999999998,False,KAS/USDT,2025-03-11 08:00:00,2025,21,21,40,-0.08195464689432148,15.8
1741680000000,LONG,8.008593412915294,1.3098562836133352,8.358593412915294,False,MTL/USDT,2025-03-11 08:00:00,2025,22,22,41,0.0799065829543752,20.200000000000003
1741680000000,LONG,7.407885763000849,0.6919479300566072,11.774424552429672,False,CYBER/USDT,2025-03-11 08:00:00,2025,23,23,41,0.08086675088484498,2.8000000000000003
1741680000000,LONG,6.59856776057129,0.9747512917179432,10.539589183984598,True,SOL/USDT,2025-03-11 08:00:00,2025,24,24,42,0.19522841520909584,4.3999999999999995
1741680000000,LONG,8.23591549295775,-0.0011292277235569,10.646332394366189,True,GRT/USDT,2025-03-11 08:00:00,2025,25,25,43,0.14871935232317554,3.5999999999999996
1741680000000,LONG,6.18811388972581,0.5116802323354891,10.202912523852572,False,BLUR/USDT,2025-03-11 08:00:00,2025,26,26,44,0.023694337349164755,1.6
1741680000000,LONG,7.454666707928459,0.1045613512132962,11.950281611685329,True,DOGE/USDT,2025-03-11 08:00:00,2025,27,27,45,0.1674024956228061,11.0
1741680000000,LONG,5.57646347363327,1.386666793950243,9.150967585873254,False,STEEM/USDT,2025-03-11 08:00:00,2025,28,28,45,0.059186090080056944,17.599999999999998
1741680000000,LONG,8.545756756756763,0.8926680594119302,8.895756756756763,True,ATOM/USDT,2025-03-11 08:00:00,2025,29,29,46,0.15714768915164162,1.4000000000000001
1741680000000,LONG,5.409405480724564,1.2573808296054283,9.052113330236883,False,DASH/USDT,2025-03-11 08:00:00,2025,30,30,47,0.08417517830878561,1.7999999999999998
1741680000000,LONG,5.50587498407575,1.3696660764906186,10.211151216612176,True,VET/USDT,2025-03-11 08:00:00,2025,31,31,48,0.10775455365272958,0.8
1741680000000,LONG,4.16644575355916,0.7999301106168012,11.300282277859592,False,WOO/USDT,2025-03-11 08:00:00,2025,32,32,49,0.11543871348855585,11.600000000000001
1741694400000,LONG,6.300306748466256,0.2300427467326853,11.10593047034764,False,POLYX/USDT,2025-03-11 12:00:00,2025,23,33,33,0.1728798033884056,25.4
1741694400000,LONG,9.47731029054896,-1.22501618168933,9.82731029054896,False,CAKE/USDT,2025-03-11 12:00:00,2025,24,33,33,-0.1360596564884489,26.8
1741694400000,LONG,7.984714167357085,0.2175292015257444,10.327821043910532,True,STX/USDT,2025-03-11 12:00:00,2025,25,34,34,0.1666560684510425,17.0
1741694400000,LONG,6.360430342815474,0.7464390547600089,9.753683442742526,False,ONT/USDT,2025-03-11 12:00:00,2025,26,34,34,0.121419440945686,11.0
1741694400000,LONG,11.513144329896903,0.6054821122365189,11.863144329896905,False,RSR/USDT,2025-03-11 12:00:00,2025,27,35,35,0.12061863656846945,5.0
1741694400000,LONG,9.489539812291866,1.3912730254955623,11.136300333030585,True,ARB/USDT,2025-03-11 12:00:00,2025,28,35,35,0.14614762910853538,15.4
1741694400000,LONG,6.0418260662944,0.7156771499124788,11.327765237020309,True,THETA/USDT,2025-03-11 12:00:00,2025,29,36,36,0.11542338441246472,2.4
1741694400000,LONG,10.200905197586122,-0.2974050893458453,11.770255012653312,True,IMX/USDT,2025-03-11 12:00:00,2025,30,37,37,0.08589822262674397,20.200000000000003
1741694400000,LONG,9.528822937625742,-0.311781165184242,9.878822937625753,False,NMR/USDT,2025-03-11 12:00:00,2025,31,38,38,0.1252455490643995,11.799999999999999
1741694400000,LONG,10.704428845571156,-0.4907431497511081,11.054428845571156,False,ID/USDT,2025-03-11 12:00:00,2025,32,39,39,0.14961793528382444,14.799999999999999
1741694400000,LONG,1.3461789375582471,1.6654117970186215,6.711276794035411,False,SFP/USDT,2025-03-11 12:00:00,2025,33,40,40,0.13835728908228123,21.4
1741694400000,LONG,3.2310205908683964,1.2873362507310817,11.293479558340788,False,HFT/USDT,2025-03-11 12:00:00,2025,34,41,41,0.12316765247957501,26.200000000000003
1741694400000,LONG,11.419911504424782,0.5592063792709917,11.76991150442477,True,DYDX/USDT,2025-03-11 12:00:00,2025,35,42,42,0.07971511742070538,3.5999999999999996
1741694400000,LONG,5.907153758107589,0.0467618491821208,10.64658527279664,False,ARPA/USDT,2025-03-11 12:00:00,2025,36,43,43,0.055623476471536544,10.2
1741694400000,LONG,6.8115069004103015,0.9842216717260056,10.173312196941431,True,ICP/USDT,2025-03-11 12:00:00,2025,37,44,44,0.15812671410925164,8.799999999999999
1741694400000,LONG,7.165527950310559,2.111470067561424,10.424813664596268,False,KNC/USDT,2025-03-11 12:00:00,2025,38,44,44,0.1385785232154064,9.0
1741694400000,LONG,6.7110850286906745,-2.991967554566807,7.061085028690674,False,STG/USDT,2025-03-11 12:00:00,2025,39,45,45,0.1602390576604301,20.8
1741708800000,LONG,0.6776586998649407,0.9664474537509052,7.360790416348577,True,ENS/USDT,2025-03-11 16:00:00,2025,18,46,46,0.1543973492932796,17.2
1741708800000,LONG,7.453599476439782,-0.7114759283415975,7.803599476439782,False,HIGH/USDT,2025-03-11 16:00:00,2025,19,47,47,0.060101530966292005,9.2
1741708800000,LONG,9.98072411459509,0.4613387301563626,10.330724114595087,True,JASMY/USDT,2025-03-11 16:00:00,2025,20,48,48,0.11037566312144605,29.799999999999997
1741708800000,LONG,7.761712439418428,0.0565033809180737,8.111712439418428,True,AR/USDT,2025-03-11 16:00:00,2025,21,49,49,0.12523347550138858,1.6
1741708800000,LONG,8.273105336899755,1.568647229767141,10.21793402114381,True,CFX/USDT,2025-03-11 16:00:00,2025,22,50,50,0.16838321470944537,18.2
1741708800000,LONG,-6.491605120630232,0.6403792100358565,6.141605120630232,False,1INCH/USDT,2025-03-11 16:00:00,2025,23,50,50,0.11514145146666069,3.0
1741708800000,LONG,0.8732826992875412,1.277276864041394,8.649657211990862,False,SSV/USDT,2025-03-11 16:00:00,2025,24,51,51,0.017227797405684277,3.4000000000000004
1741708800000,LONG,0.9143051771117128,0.3463810947369956,6.51562942779291,True,LTC/USDT,2025-03-11 16:00:00,2025,25,52,52,0.01468236563101385,25.0
1741708800000,LONG,3.2428143712574715,1.3519342332015003,7.762574850299411,True,CELO/USDT,2025-03-11 16:00:00,2025,26,53,53,0.16443515026970354,13.600000000000001
1741708800000,LONG,2.447833935018062,0.5847099997928746,8.488357400722009,False,ONE/USDT,2025-03-11 16:00:00,2025,27,54,54,0.1882127002331057,0.8
1741708800000,LONG,-1.414172847468556,0.0377190256979819,8.49848435988391,True,UNI/USDT,2025-03-11 16:00:00,2025,28,55,55,0.20820190528016483,34.599999999999994
1741708800000,LONG,4.969351763584365,-0.4420285932731373,7.276148713060057,False,LPT/USDT,2025-03-11 16:00:00,2025,29,56,56,0.022265335056182455,21.4
1741708800000,LONG,3.7249887741356233,-1.0525014783429527,9.35447911989223,False,ZEN/USDT,2025-03-11 16:00:00,2025,30,57,57,0.07638697028015119,11.200000000000001
1741708800000,LONG,5.621968312004883,-0.3017297355463443,10.000650010156404,True,FET/USDT,2025-03-11 16:00:00,2025,31,58,58,0.16243654251740158,3.0
1742097600000,SHORT,6.007347936390056,0.1242404165437363,6.357347936390056,False,GMX/USDT,2025-03-16 04:00:00,2025,1,1,1,0.0887324237536007,19.8
1742140800000,SHORT,-7.207881398884932,-1.4256100602603734,6.857881398884932,False,CAKE/USDT,2025-03-16 16:00:00,2025,1,2,2,0.13909286533103224,30.8
1742284800000,SHORT,-4.065596330275227,1.7688935307473477,7.063348623853197,False,RLC/USDT,2025-03-18 08:00:00,2025,1,1,1,0.27375528307640845,6.0
1742313600000,SHORT,-11.985312676056326,,11.635312676056326,False,API3/USDT,2025-03-18 16:00:00,2025,1,2,2,0.048157751329343544,0.0
1742342400000,SHORT,-10.900491113189894,,10.550491113189894,False,API3/USDT,2025-03-19 00:00:00,2025,1,1,2,-0.025178720775227294,0.4
1742371200000,SHORT,-10.361041494266445,,10.011041494266443,False,API3/USDT,2025-03-19 08:00:00,2025,1,1,2,-0.04362497847539857,0.6
1742443200000,SHORT,-6.877050997782691,0.5039199374421319,6.527050997782691,True,CRV/USDT,2025-03-20 04:00:00,2025,1,1,2,0.013711014437401888,17.0
1742457600000,SHORT,-4.99796567539575,-1.2101352511784544,4.64796567539575,True,UNI/USDT,2025-03-20 08:00:00,2025,2,2,3,0.20189386251373698,36.8
1742558400000,SHORT,6.874944320712689,1.3981622277738122,7.224944320712688,False,KAVA/USDT,2025-03-21 12:00:00,2025,1,1,1,0.04161728910254969,6.6000000000000005
1742731200000,SHORT,-9.3211075843635,0.4217788780995985,8.971107584363502,False,API3/USDT,2025-03-23 12:00:00,2025,1,1,1,0.12131981338535788,22.0
1742745600000,SHORT,-7.989024390243899,1.360140831778924,7.6390243902438995,True,CELO/USDT,2025-03-23 16:00:00,2025,2,2,2,0.12447900744368062,7.3999999999999995
1742860800000,SHORT,-5.284801444043319,0.9560369202115064,4.93480144404332,True,SOL/USDT,2025-03-25 00:00:00,2025,1,1,1,0.05729061632293831,46.400000000000006
1742947200000,SHORT,6.756071428571418,1.336385771737291,7.1060714285714175,False,CHR/USDT,2025-03-26 00:00:00,2025,1,1,2,0.06891353903491898,3.5999999999999996
1742961600000,SHORT,10.53672866843814,0.1746073363221069,10.886728668438138,True,IMX/USDT,2025-03-26 04:00:00,2025,2,2,2,0.2057109024624071,0.0
1742990400000,SHORT,6.851550094517948,0.148949755441673,7.201550094517947,True,MEME/USDT,2025-03-26 12:00:00,2025,1,3,3,0.057035134351764584,28.000000000000004
1742990400000,SHORT,3.870209723546235,0.4360884126550265,4.220209723546235,True,SEI/USDT,2025-03-26 12:00:00,2025,2,4,4,0.07800651099710403,34.0
1742990400000,SHORT,-6.50211977053308,0.22414580661047,6.152119770533081,True,STX/USDT,2025-03-26 12:00:00,2025,3,5,5,0.14303930499193873,2.8000000000000003
1742990400000,SHORT,4.581855049712173,0.1147503807300913,4.931855049712173,True,LINK/USDT,2025-03-26 12:00:00,2025,4,6,6,-0.053355659598255376,36.0
1742990400000,SHORT,8.135176371780503,0.4842460854642354,8.485176371780502,True,1000BONK/USDT,2025-03-26 12:00:00,2025,5,7,7,0.022976173367277093,28.000000000000004
1742990400000,SHORT,-6.931230769230758,-1.41809846096667,6.581230769230759,False,BIGTIME/USDT,2025-03-26 12:00:00,2025,6,8,8,0.14598054686392228,12.4
1742990400000,SHORT,8.143684820393965,0.7778677314567599,8.493684820393964,False,COTI/USDT,2025-03-26 12:00:00,2025,7,9,9,0.018348877358209274,1.2
1742990400000,SHORT,4.875240936209257,-0.2755186818502009,5.225240936209256,True,DOGE/USDT,2025-03-26 12:00:00,2025,8,10,10,0.19225107098405916,32.2
1743004800000,SHORT,7.377203865743772,0.6133314843025252,7.727203865743772,False,RSR/USDT,2025-03-26 16:00:00,2025,9,10,11,0.11688726867273362,0.0
1743004800000,SHORT,8.218139358157472,1.2689835364771926,8.568139358157472,True,1000PEPE/USDT,2025-03-26 16:00:00,2025,10,11,12,0.2400695518119555,31.4
1743004800000,SHORT,5.950854700854688,1.127037706246247,6.300854700854687,False,IOTA/USDT,2025-03-26 16:00:00,2025,11,12,13,0.06368284284819585,0.4
1743019200000,SHORT,10.25844654459538,1.0427827487108827,10.60844654459538,False,COTI/USDT,2025-03-26 20:00:00,2025,4,11,13,0.005667723049852507,21.4
1743019200000,SHORT,5.577426723474138,-0.3090369757511498,5.927426723474138,True,DOGE/USDT,2025-03-26 20:00:00,2025,5,11,13,0.18250238422076207,40.6
1743033600000,SHORT,4.657074084750646,1.2788269312860483,5.007074084750646,True,1000PEPE/USDT,2025-03-27 00:00:00,2025,3,11,13,0.25230899490327624,40.400000000000006
1743120000000,SHORT,9.562521860790454,-1.4047702988853306,9.912521860790454,False,BIGTIME/USDT,2025-03-28 00:00:00,2025,1,1,2,0.07492428653690546,10.4
1743120000000,SHORT,7.230123022847092,-2.8611378203734232,7.580123022847092,False,CKB/USDT,2025-03-28 00:00:00,2025,2,2,3,0.21015400480820054,4.8
1743307200000,LONG,-6.8845615589016855,-1.314400084760996,6.534561558901686,False,HIGH/USDT,2025-03-30 04:00:00,2025,1,1,1,0.006203837306542945,26.6
1743321600000,LONG,-7.311841704718412,0.0882535764546922,6.961841704718412,True,AR/USDT,2025-03-30 08:00:00,2025,2,2,2,0.07259807517406823,0.0
1743422400000,LONG,-6.661159995042747,-0.8718543397428903,6.311159995042748,True,AAVE/USDT,2025-03-31 12:00:00,2025,1,1,1,-0.05480440931186872,1.7999999999999998
1743422400000,LONG,5.141636827092314,0.0866266880095947,5.4916368270923135,True,HBAR/USDT,2025-03-31 12:00:00,2025,2,2,2,-0.01827458083317981,25.0
1743451200000,LONG,4.898448956570775,-1.0394870703989514,5.248448956570774,True,AAVE/USDT,2025-03-31 20:00:00,2025,1,2,2,-0.036746102173062005,18.4
1743710400000,LONG,-6.875017859694235,0.7070443797487831,6.525017859694235,True,OP/USDT,2025-04-03 20:00:00,2025,1,1,1,-0.06106649418481373,5.6000000000000005
1743710400000,LONG,-8.24450841452613,0.2455653714176712,7.89450841452613,False,CYBER/USDT,2025-04-03 20:00:00,2025,2,2,2,-0.1026891581744674,27.6
1743724800000,LONG,6.34804392587508,1.4724674340921262,6.69804392587508,False,ARK/USDT,2025-04-04 00:00:00,2025,3,3,3,-0.07871832684982215,45.0
1743724800000,LONG,-5.915346369181906,0.9646106744943062,5.565346369181906,False,STEEM/USDT,2025-04-04 00:00:00,2025,4,4,4,-0.1723567351177437,77.4
1743739200000,LONG,-4.952502140968835,-1.65917435628766,4.602502140968835,False,ASTR/USDT,2025-04-04 04:00:00,2025,3,5,5,-0.040391613462981805,21.0
1744012800000,LONG,9.527111095275416,-1.5792092980644672,9.877111095275415,True,ETC/USDT,2025-04-07 08:00:00,2025,1,1,1,-0.011314505221539331,25.6
1744012800000,LONG,7.726432764886779,-0.9242773042081532,8.076432764886778,False,TWT/USDT,2025-04-07 08:00:00,2025,2,2,2,0.15237854109134324,25.4
1744027200000,LONG,9.384887005649716,,9.734887005649716,False,ZRX/USDT,2025-04-07 12:00:00,2025,3,3,3,-0.12269237872692929,21.8
1744027200000,LONG,9.306019656019664,-0.3672953867131694,11.078378378378387,True,GMT/USDT,2025-04-07 12:00:00,2025,4,4,4,-0.0019848722366712854,5.2
1744027200000,LONG,9.244988326848238,1.4507618148348458,9.594988326848238,False,MTL/USDT,2025-04-07 12:00:00,2025,5,5,5,-0.09198941982768372,0.8
1744027200000,LONG,9.002014010507883,0.2108387767185228,10.21761821366023,False,KNC/USDT,2025-04-07 12:00:00,2025,6,6,6,-0.01026964139014144,1.6
1744027200000,LONG,8.659325180170333,0.2675888214281091,9.009325180170332,True,ICP/USDT,2025-04-07 12:00:00,2025,7,7,7,-0.07819130782187278,35.6
1744027200000,LONG,8.627003590801428,-1.9256975487118573,10.522125448850176,False,EGLD/USDT,2025-04-07 12:00:00,2025,8,8,8,-0.008110782584698429,15.0
1744027200000,LONG,5.606198032715613,2.498505230860021,7.964924007753203,True,BNB/USDT,2025-04-07 12:00:00,2025,9,9,9,-0.03387207778744857,24.2
1744027200000,LONG,5.45117556861743,1.6574602914348788,11.332481472016354,True,IMX/USDT,2025-04-07 12:00:00,2025,10,10,10,0.055121267384837185,30.8
1744027200000,LONG,8.344131049943039,-1.209982455869589,8.69413104994305,True,BCH/USDT,2025-04-07 12:00:00,2025,11,11,11,-0.10349433816301558,14.000000000000002
1744027200000,LONG,8.272487223168643,0.5930516500407712,8.622487223168655,False,BAT/USDT,2025-04-07 12:00:00,2025,12,12,12,0.025508467149324785,33.800000000000004
1744027200000,LONG,8.22818970617235,-1.123142373007905,11.369039637152431,True,SUSHI/USDT,2025-04-07 12:00:00,2025,13,13,13,-0.028482265295417867,3.4000000000000004
1744027200000,LONG,8.018096112130829,1.7432897911811442,11.466965626564324,True,SAND/USDT,2025-04-07 12:00:00,2025,14,14,14,-0.04242613523987399,9.8
1744027200000,LONG,7.983691125327388,-0.8029599606235526,10.86885921600618,False,ASTR/USDT,2025-04-07 12:00:00,2025,15,15,15,0.08181562148834325,4.0
1744027200000,LONG,7.592017149857095,-0.9936886413923138,11.909275894923084,True,DOGE/USDT,2025-04-07 12:00:00,2025,16,16,16,0.12953794517168374,28.799999999999997
1744027200000,LONG,4.702005943536402,-2.153508014511507,9.29966567607728,False,BSV/USDT,2025-04-07 12:00:00,2025,17,17,17,0.021542277040285586,0.8
1744027200000,LONG,4.163839602554996,-0.6903372919253304,11.055429382540815,True,THETA/USDT,2025-04-07 12:00:00,2025,18,18,18,-0.013781528498813951,30.8
1744027200000,LONG,-0.0625567322239096,-0.2373765561385857,10.828078668683824,False,ENJ/USDT,2025-04-07 12:00:00,2025,19,19,19,0.0053237624778776655,3.5999999999999996
1744027200000,LONG,1.641051454138703,-0.5305610187591026,9.645480984340042,False,YFI/USDT,2025-04-07 12:00:00,2025,20,20,20,0.020929125908787535,6.2
1744027200000,LONG,-11.290605609332337,,10.940605609332335,True,COMP/USDT,2025-04-07 12:00:00,2025,21,21,21,-0.18859348214703384,55.60000000000001
1744027200000,LONG,-11.222745292368684,0.4426290652100173,10.872745292368686,False,RVN/USDT,2025-04-07 12:00:00,2025,22,22,22,-0.05370891670422546,17.599999999999998
1744027200000,LONG,4.841786129407203,-0.0289309101817185,10.787621077101898,True,AR/USDT,2025-04-07 12:00:00,2025,23,23,23,-0.14574886328860573,30.8
1744027200000,LONG,5.018082697853013,-0.3348214099969595,5.368082697853013,True,BTC/USDT,2025-04-07 12:00:00,2025,24,24,24,0.0019070134213902432,38.6
1744027200000,LONG,5.133794278468977,0.9995214113065648,10.389301846422065,False,KSM/USDT,2025-04-07 12:00:00,2025,25,25,25,0.07151361188771149,24.4
1744027200000,LONG,5.198705302096165,-1.3527114781514418,9.089827373612822,False,1INCH/USDT,2025-04-07 12:00:00,2025,26,26,26,0.057772865831932405,5.4
1744027200000,LONG,10.695889660211916,-0.4095927566823749,11.045889660211916,True,AVAX/USDT,2025-04-07 12:00:00,2025,27,27,27,-0.033535382986746,19.6
1744027200000,LONG,10.629804896351194,-0.0506691333682866,10.979804896351194,True,SOL/USDT,2025-04-07 12:00:00,2025,28,28,28,0.04326623891006712,48.199999999999996
1744027200000,LONG,9.929965728973302,-0.7115609206018321,10.279965728973291,True,LTC/USDT,2025-04-07 12:00:00,2025,29,29,29,0.11469246861257312,17.2
1744027200000,LONG,9.445970978697131,,9.795970978697133,False,NMR/USDT,2025-04-07 12:00:00,2025,30,30,30,-0.15928598291320828,27.200000000000003
1744027200000,LONG,10.881026668990753,-1.4642782324781365,11.231026668990753,True,ADA/USDT,2025-04-07 12:00:00,2025,31,31,31,0.008669718534707613,31.6
1744027200000,LONG,10.812758799171853,-1.4055154168306083,11.16275879917185,True,FET/USDT,2025-04-07 12:00:00,2025,32,32,32,0.015764534759322615,31.4
1744027200000,LONG,5.29431219958801,0.2881383879270839,11.344815747310582,True,TRB/USDT,2025-04-07 12:00:00,2025,33,33,33,0.06539670909572556,7.3999999999999995
1744027200000,LONG,5.262594113620798,0.3125989974191835,11.218548939082837,True,SEI/USDT,2025-04-07 12:00:00,2025,34,34,34,0.1508171484585869,10.4
1744027200000,LONG,10.379609929078017,-1.8425684676244527,10.729609929078016,True,LINK/USDT,2025-04-07 12:00:00,2025,35,35,35,0.03001251030380479,40.8
1744027200000,LONG,10.29820864067439,-1.834992525464864,10.64820864067439,False,CKB/USDT,2025-04-07 12:00:00,2025,36,36,36,0.14852943167119823,13.200000000000001
1744027200000,LONG,10.217231686541746,-0.2408114497900798,10.567231686541746,False,POLYX/USDT,2025-04-07 12:00:00,2025,37,37,37,-0.04883952262185056,6.800000000000001
1744027200000,LONG,7.342307692307679,0.4502031772041484,10.160439560439563,True,CELO/USDT,2025-04-07 12:00:00,2025,38,38,38,0.02432304326648797,18.2
1744027200000,LONG,-12.339949892627056,-2.020609397367408,11.989949892627056,True,LDO/USDT,2025-04-07 12:00:00,2025,39,39,39,0.046485221025228673,29.799999999999997
1744027200000,LONG,7.049425287356328,0.2205506473485659,11.216624760536403,False,ID/USDT,2025-04-07 12:00:00,2025,40,40,40,-0.04859967896655635,12.8
1744027200000,LONG,8.43972278566598,-0.5198726963134882,11.962001352265048,False,IOTA/USDT,2025-04-07 12:00:00,2025,41,41,41,-0.02087482031372089,27.6
1744027200000,LONG,8.566776750330254,,10.638771466314395,False,ANKR/USDT,2025-04-07 12:00:00,2025,42,42,42,-0.08229424651713811,7.6
1744027200000,LONG,10.243958275639228,-1.571691600027438,10.593958275639237,True,APT/USDT,2025-04-07 12:00:00,2025,43,43,43,-0.04425408560517477,30.0
1744027200000,LONG,5.955732484076429,0.7907635040387763,10.91410373066424,False,ILV/USDT,2025-04-07 12:00:00,2025,44,44,44,-0.04918156760159467,20.0
1744027200000,LONG,5.765388907488003,1.0931056391640273,10.33564334337686,False,BLUR/USDT,2025-04-07 12:00:00,2025,45,45,45,0.004116868436527404,3.0
1744027200000,LONG,6.478015143320713,-1.7801910445885971,10.74720118983234,True,GRT/USDT,2025-04-07 12:00:00,2025,46,46,46,0.054200814946277515,7.000000000000001
1744027200000,LONG,7.0170515530980655,1.4218158894781363,11.61738494064075,True,OP/USDT,2025-04-07 12:00:00,2025,47,47,47,-0.010846359143225659,17.0
1744027200000,LONG,11.623822135489284,-0.934730554583185,11.973822135489282,True,INJ/USDT,2025-04-07 12:00:00,2025,48,48,48,0.042452767822171916,23.400000000000002
1744027200000,LONG,6.342529411764727,-4.714872228593414,6.692529411764727,False,STG/USDT,2025-04-07 12:00:00,2025,49,49,49,-0.10074556148919696,4.3999999999999995
1744027200000,LONG,5.669522776572667,0.9232774275744124,11.762255965292846,False,SKL/USDT,2025-04-07 12:00:00,2025,50,50,50,-0.03737340051877993,27.400000000000002
1744027200000,LONG,11.003848086004217,0.1489360810380497,11.353848086004216,True,VET/USDT,2025-04-07 12:00:00,2025,51,51,51,-0.00018803522628916807,25.0
1744027200000,LONG,2.0931339511373137,-1.70566339377248,11.345113732097726,True,FIL/USDT,2025-04-07 12:00:00,2025,52,52,52,-0.060396089329334844,26.400000000000002
1744027200000,LONG,1.8077993740734617,-0.1666997625467339,11.385076593641909,False,WOO/USDT,2025-04-07 12:00:00,2025,53,53,53,-0.04892135820811993,24.4
1744027200000,LONG,11.611433087460483,-1.2865963653791406,11.961433087460485,False,ONE/USDT,2025-04-07 12:00:00,2025,54,54,54,0.027530561979346647,6.2
1744027200000,LONG,11.48957050371073,0.5430841163366906,11.839570503710718,False,DUSK/USDT,2025-04-07 12:00:00,2025,55,55,55,-0.0164253849841223,24.6
1744027200000,LONG,11.280964308077635,-1.2385914722746514,11.630964308077637,False,IOST/USDT,2025-04-07 12:00:00,2025,56,56,56,0.032926022819525655,27.800000000000004
1744027200000,LONG,11.124419636256098,-3.057309709730003,11.474419636256098,False,AGLD/USDT,2025-04-07 12:00:00,2025,57,57,57,0.1498160232838243,44.6
1744027200000,LONG,11.120868347338934,0.1633951063126178,11.470868347338934,True,MANA/USDT,2025-04-07 12:00:00,2025,58,58,58,0.04198746314627516,3.4000000000000004
1744027200000,LONG,1.921303258145368,-2.0043582219689124,8.983145363408529,False,QNT/USDT,2025-04-07 12:00:00,2025,59,59,59,0.040497443345512314,6.2
1744027200000,LONG,-9.466629588431594,-1.9949593139498247,9.116629588431596,True,DOT/USDT,2025-04-07 12:00:00,2025,60,60,60,0.16094213914431507,3.5999999999999996
1744027200000,LONG,-9.585256245171278,0.5817410600575513,9.23525624517128,True,CHZ/USDT,2025-04-07 12:00:00,2025,61,61,61,0.026710198724500953,13.4
1744027200000,LONG,-9.978167710248533,-1.8960877432258512,9.628167710248531,True,ETH/USDT,2025-04-07 12:00:00,2025,62,62,62,0.13582654217241766,7.199999999999999
1744027200000,LONG,-10.690183809151348,-0.336962978267324,10.340183809151348,True,UNI/USDT,2025-04-07 12:00:00,2025,63,63,63,0.029073191422935747,20.4
1744027200000,LONG,3.6724032586558,-1.5235256318008603,9.691293279022416,False,DASH/USDT,2025-04-07 12:00:00,2025,64,64,64,0.0010112330406851363,15.2
1744027200000,LONG,3.397534516765284,0.3577552377565657,11.017258382642998,False,MINA/USDT,2025-04-07 12:00:00,2025,65,65,65,0.023749245503451852,3.0
1744027200000,LONG,2.984740396791891,0.2896135705050485,5.245018995356693,False,SFP/USDT,2025-04-07 12:00:00,2025,66,66,66,-0.10322089311082204,24.2
1744027200000,LONG,-9.088687035507856,1.4020298334661063,8.738687035507855,True,AXS/USDT,2025-04-07 12:00:00,2025,67,67,67,-0.027047880490018453,33.2
1744027200000,LONG,-0.1151643849305349,-1.8071384118541176,7.837029079644241,True,XMR/USDT,2025-04-07 12:00:00,2025,68,68,68,-0.16318204889716664,7.6
1744041600000,LONG,8.2706896551724,-0.8615773252980279,11.491562729273667,True,ARB/USDT,2025-04-07 16:00:00,2025,67,69,69,0.05958525087693646,21.8
1744041600000,LONG,7.5513678905687645,-0.6258735911042261,11.658909287257009,False,COTI/USDT,2025-04-07 16:00:00,2025,68,70,70,0.07905459689364877,16.2
1744041600000,LONG,10.64840182648401,-0.1802646940570711,10.99840182648401,True,GALA/USDT,2025-04-07 16:00:00,2025,69,71,71,0.031756882298465974,17.0
1744041600000,LONG,7.03522954091817,-0.869712904129145,11.842115768463078,False,UMA/USDT,2025-04-07 16:00:00,2025,70,72,72,-0.07634703713153002,30.8
1744041600000,LONG,9.169775092714438,0.4406555502369821,9.519775092714438,False,CAKE/USDT,2025-04-07 16:00:00,2025,71,73,73,0.09210855799243561,39.4
1744056000000,LONG,-7.83688921141753,0.0100948822559108,7.48688921141753,False,ARPA/USDT,2025-04-07 20:00:00,2025,6,74,74,0.025920687983457494,15.0
1744056000000,LONG,8.515571247510412,0.7778591009987199,8.865571247510411,False,ILV/USDT,2025-04-07 20:00:00,2025,7,74,74,-0.03290800948144741,30.8
1744056000000,LONG,3.818784951703084,-1.2870332908202675,8.004321301474338,False,DASH/USDT,2025-04-07 20:00:00,2025,8,74,74,0.015919956622630314,15.2
1744056000000,LONG,7.1478938500421165,0.5906688611438704,8.699326032013472,False,BAT/USDT,2025-04-07 20:00:00,2025,9,74,74,0.06424896302314533,32.4
1744056000000,LONG,-7.665925925925922,,7.315925925925923,False,1INCH/USDT,2025-04-07 20:00:00,2025,10,74,74,0.0801505197145172,30.4
1744056000000,LONG,-9.592741156002331,-0.0284833158860165,9.242741156002332,True,AR/USDT,2025-04-07 20:00:00,2025,11,74,74,-0.11782871286266747,30.8
1744056000000,LONG,-8.65941350418926,0.3528441776931232,8.30941350418926,False,MINA/USDT,2025-04-07 20:00:00,2025,12,74,74,0.06566109481097901,15.0
1744056000000,LONG,-8.632639624640525,-2.561797431456932,8.282639624640526,True,ENS/USDT,2025-04-07 20:00:00,2025,13,75,75,-0.014358455272921962,34.0
1744056000000,LONG,-8.418831168831156,0.6559998783359459,8.068831168831156,False,CYBER/USDT,2025-04-07 20:00:00,2025,14,76,76,-0.07649725347551864,27.6
1744056000000,LONG,2.027445823690296,0.2258918941299702,5.5440563854407765,False,SFP/USDT,2025-04-07 20:00:00,2025,15,76,76,-0.07903542572521997,24.2
1744056000000,LONG,-9.063393548387095,-0.8204909388801138,8.713393548387097,False,LPT/USDT,2025-04-07 20:00:00,2025,16,77,77,0.048615891125716466,40.400000000000006
1744056000000,LONG,6.049317406143361,-0.2675293181814413,11.801228668941976,True,ADA/USDT,2025-04-07 20:00:00,2025,17,77,77,0.08611292460593309,19.0
1744056000000,LONG,-9.36950772453522,-2.321054293392665,9.01950772453522,False,CKB/USDT,2025-04-07 20:00:00,2025,18,77,77,0.1669240469293165,20.4
1744056000000,LONG,5.642509363295897,-1.7649714548851254,9.661878009630822,True,GRT/USDT,2025-04-07 20:00:00,2025,19,77,77,0.11033862293470403,11.4
1744056000000,LONG,5.85583038869258,1.0826462702848805,8.755123674911662,False,BLUR/USDT,2025-04-07 20:00:00,2025,20,77,77,0.02344281218543033,12.2
1744056000000,LONG,5.385528412108344,1.48713807663179,10.360010621348897,False,SKL/USDT,2025-04-07 20:00:00,2025,21,77,77,0.005696200273225478,30.599999999999998
1744056000000,LONG,-9.394421722335824,,9.044421722335825,True,ARKM/USDT,2025-04-07 20:00:00,2025,22,78,78,-0.10790022694683679,25.2
1744056000000,LONG,-8.64821727019498,-2.2090943767667923,8.29821727019498,True,DOT/USDT,2025-04-07 20:00:00,2025,23,78,78,0.15608320371751966,2.1999999999999997
1744056000000,LONG,-8.985924985348696,-0.3320393044977088,8.635924985348696,True,UNI/USDT,2025-04-07 20:00:00,2025,24,78,78,0.06347056241381373,11.799999999999999
1744056000000,LONG,-8.796458238936715,,8.446458238936716,False,NMR/USDT,2025-04-07 20:00:00,2025,25,78,78,-0.10059976880080117,39.6
1744056000000,LONG,-7.180204422194395,1.393417132522333,6.830204422194395,True,AXS/USDT,2025-04-07 20:00:00,2025,26,78,78,-0.005548107814752322,73.6
1744056000000,LONG,-6.920585658705008,-1.85492036195804,6.570585658705008,True,ETH/USDT,2025-04-07 20:00:00,2025,27,78,78,0.13992035740477957,2.4
1744056000000,LONG,-1.804927253637316,-0.2361924519467667,9.79595020248987,False,ENJ/USDT,2025-04-07 20:00:00,2025,28,78,78,0.0580542831751115,12.6
1744056000000,LONG,-8.330725419664283,-0.7879035387149096,7.980725419664283,False,ASTR/USDT,2025-04-07 20:00:00,2025,29,78,78,0.10804357671353468,12.6
1744056000000,LONG,7.5526061776061795,-1.9814850686857872,7.902606177606179,True,RUNE/USDT,2025-04-07 20:00:00,2025,30,79,79,-0.03827668404849773,25.4
1744056000000,LONG,9.027137148047224,-1.1866459647945986,9.377137148047234,True,BCH/USDT,2025-04-07 20:00:00,2025,31,79,79,-0.0016564184121509646,10.4
1744056000000,LONG,9.237123287671231,-0.5088517512672833,9.587123287671233,False,ALICE/USDT,2025-04-07 20:00:00,2025,32,80,80,-0.0011802717886427987,16.8
1744056000000,LONG,3.1212950600801137,0.3066676762927315,11.614419225634167,True,SEI/USDT,2025-04-07 20:00:00,2025,33,80,80,0.2267019713129169,25.0
1744056000000,LONG,-7.954029304029314,0.4432593468878704,7.604029304029314,True,CELO/USDT,2025-04-07 20:00:00,2025,34,80,80,0.0440180898151187,18.2
1744056000000,LONG,-8.06013513513512,-1.6887490458036956,7.710135135135119,True,FIL/USDT,2025-04-07 20:00:00,2025,35,80,80,-0.019346587007273545,13.600000000000001
1744056000000,LONG,-8.07877167097012,-2.256705531775395,7.728771670970119,False,BSV/USDT,2025-04-07 20:00:00,2025,36,80,80,0.07053641637004228,0.8
1744056000000,LONG,-8.087010272336354,0.2190239272598691,7.737010272336353,False,ID/USDT,2025-04-07 20:00:00,2025,37,80,80,-0.016485621518194975,30.2
1744056000000,LONG,-8.153062256247303,-2.004671165692234,7.803062256247303,True,LDO/USDT,2025-04-07 20:00:00,2025,38,80,80,0.05854405050798031,24.2
1744056000000,LONG,-8.316135216952569,-1.155804646102765,7.966135216952569,False,SSV/USDT,2025-04-07 20:00:00,2025,39,81,81,-0.05112747908373062,11.0
1744056000000,LONG,9.57834890965733,-1.225841472085561,9.92834890965733,False,IOST/USDT,2025-04-07 20:00:00,2025,40,81,81,0.10111489020530587,19.6
1744056000000,LONG,8.337183482664607,-1.0907651470081037,11.058433969614324,True,SUSHI/USDT,2025-04-07 20:00:00,2025,41,81,81,-0.01886323213143704,7.000000000000001
1744056000000,LONG,8.392057382785156,0.2051379302517074,8.742057382785156,False,KNC/USDT,2025-04-07 20:00:00,2025,42,81,81,0.03439026490338966,14.399999999999999
1744056000000,LONG,9.991413347309576,-1.834043998230764,10.341413347309574,True,LINK/USDT,2025-04-07 20:00:00,2025,43,81,81,0.07538000733038158,40.8
1744056000000,LONG,11.339569536423832,-0.9261585116829956,11.689569536423845,True,INJ/USDT,2025-04-07 20:00:00,2025,44,81,81,0.09892459643038148,16.400000000000002
1744056000000,LONG,10.067547568710358,-0.7011643691203846,10.417547568710368,True,LTC/USDT,2025-04-07 20:00:00,2025,45,81,81,0.17561743112533987,30.4
1744056000000,LONG,9.912324865280985,0.3836245120691829,10.262324865280984,True,WLD/USDT,2025-04-07 20:00:00,2025,46,82,82,0.01688850739178194,22.6
1744056000000,LONG,9.52932105764432,-1.831982053420144,9.87932105764433,True,APT/USDT,2025-04-07 20:00:00,2025,47,82,82,0.034952817242153225,30.8
1744056000000,LONG,10.786016765428515,-2.9985894626699663,11.136016765428517,False,AGLD/USDT,2025-04-07 20:00:00,2025,48,82,82,0.19575969053771466,51.4
1744056000000,LONG,9.574022482893437,-0.3643020256382749,9.924022482893436,True,GMT/USDT,2025-04-07 20:00:00,2025,49,82,82,0.038298634278187034,47.199999999999996
1744056000000,LONG,8.96792744428176,1.40006983269437,9.31792744428176,True,OP/USDT,2025-04-07 20:00:00,2025,50,82,82,0.03415652641274615,23.400000000000002
1744056000000,LONG,6.453436225975531,-4.677624395451046,6.80343622597553,False,STG/USDT,2025-04-07 20:00:00,2025,51,82,82,-0.060605453098187406,50.0
1744056000000,LONG,6.904854067480856,-1.5640363346935424,7.254854067480855,True,ETC/USDT,2025-04-07 20:00:00,2025,52,82,82,0.023134860695736708,32.6
1744056000000,LONG,2.9453105196451266,-0.0526209333070717,11.29353612167301,False,CHR/USDT,2025-04-07 20:00:00,2025,53,83,83,0.05958308174436728,26.200000000000003
1744056000000,LONG,5.8717762167586525,0.4695199413954691,9.7797541394882,True,APE/USDT,2025-04-07 20:00:00,2025,54,84,84,0.03428292296118976,20.8
1744056000000,LONG,4.582401781367761,2.478375470358404,4.93240178136776,True,BNB/USDT,2025-04-07 20:00:00,2025,55,84,84,0.03741259101050784,24.2
1744056000000,LONG,7.401124338624337,,7.751124338624336,False,ANKR/USDT,2025-04-07 20:00:00,2025,56,84,84,-0.07589560303381945,18.2
1744056000000,LONG,7.489974070872955,-0.1674140034812362,7.839974070872954,True,ICP/USDT,2025-04-07 20:00:00,2025,57,84,84,-0.03916540720505223,22.8
1744056000000,LONG,7.458001255098829,0.9945606291751982,7.808001255098828,False,KSM/USDT,2025-04-07 20:00:00,2025,58,84,84,0.09958240622936022,19.2
1744056000000,LONG,8.328788889815662,1.6513140828087087,10.233409792309612,True,SAND/USDT,2025-04-07 20:00:00,2025,59,84,84,0.014172562034998672,38.2
1744056000000,LONG,-8.367536880490631,-0.1644009558683559,8.017536880490631,False,WOO/USDT,2025-04-07 20:00:00,2025,60,84,84,-0.016681339190818115,27.0
1744056000000,LONG,-7.565299453114579,-0.8692803990473315,7.2152994531145795,False,TWT/USDT,2025-04-07 20:00:00,2025,61,84,84,0.1965028690261282,25.0
1744070400000,LONG,-5.582791621524013,-0.866174438932765,5.232791621524013,True,ARB/USDT,2025-04-08 00:00:00,2025,57,84,84,0.043280942678353966,21.4
1744070400000,LONG,-4.402498377676832,0.5355372558723239,4.052498377676832,False,YGG/USDT,2025-04-08 00:00:00,2025,58,85,85,0.001994478309309874,22.400000000000002
1744070400000,LONG,-6.071752265861038,1.2380425159616957,5.721752265861039,True,FLOW/USDT,2025-04-08 00:00:00,2025,59,86,86,0.007360345972095838,8.0
1744099200000,LONG,-4.763163170882179,0.9883343736708308,4.41316317088218,False,KSM/USDT,2025-04-08 08:00:00,2025,1,59,86,0.093578218618064,16.400000000000002
1744099200000,LONG,-4.503560011624538,-2.988267927825475,4.153560011624538,False,AGLD/USDT,2025-04-08 08:00:00,2025,2,59,86,0.19838535124413484,63.6
1744171200000,LONG,7.388756476683945,-1.194540600740073,7.738756476683944,False,RVN/USDT,2025-04-09 04:00:00,2025,1,1,3,-0.0073351012947014994,17.599999999999998
1744171200000,LONG,7.522786720321933,0.3500512333431274,7.872786720321932,False,MINA/USDT,2025-04-09 04:00:00,2025,2,2,4,0.05692983661243882,29.799999999999997
1744171200000,LONG,10.59737170164139,-2.939353228291305,10.947371701641387,False,LQTY/USDT,2025-04-09 04:00:00,2025,3,3,5,-0.03231785704302159,22.6
1744574400000,SHORT,8.86015546133655,1.0756298603940029,9.21015546133655,True,FET/USDT,2025-04-13 20:00:00,2025,1,1,1,0.06176944058858166,6.4
1744632000000,SHORT,-0.2413437160449031,0.7094612635991036,8.691633466135439,True,MANA/USDT,2025-04-14 12:00:00,2025,1,1,2,0.1538653343435105,0.0
1744848000000,SHORT,-6.919615013108855,1.8428841265574096,6.569615013108855,False,STEEM/USDT,2025-04-17 00:00:00,2025,1,1,1,-0.05825751271945995,12.8
1744876800000,SHORT,-5.304814160494661,1.8039167466385069,4.954814160494661,False,STEEM/USDT,2025-04-17 08:00:00,2025,1,1,1,-0.08889692885436216,37.2
1744905600000,SHORT,-5.143690937521251,1.803151353473738,4.793690937521252,False,STEEM/USDT,2025-04-17 16:00:00,2025,1,1,1,-0.09426944979712218,44.0
1744977600000,SHORT,-3.2668309026409217,0.0698077494769755,7.811627906976747,False,ZRX/USDT,2025-04-18 12:00:00,2025,1,1,2,0.01263324555290785,1.6
1745179200000,SHORT,-7.199520383693052,-0.1353815626466936,9.425014988009574,False,HFT/USDT,2025-04-20 20:00:00,2025,1,1,1,0.09966450398275352,0.0
1745251200000,SHORT,-6.83802613876608,0.8799984905891278,6.48802613876608,False,BLUR/USDT,2025-04-21 16:00:00,2025,1,1,2,-0.06546494093993903,44.4
1745251200000,SHORT,-8.595729303547966,1.0960640618454325,10.876971090670157,True,MANA/USDT,2025-04-21 16:00:00,2025,2,2,3,0.13888480334746806,0.4
1745251200000,SHORT,-5.416428206438418,0.9138348010657028,5.0664282064384185,True,LTC/USDT,2025-04-21 16:00:00,2025,3,3,4,0.12965639843859586,43.4
1745265600000,SHORT,-9.007001752429495,-1.2880208872709873,8.657001752429496,False,WOO/USDT,2025-04-21 20:00:00,2025,4,4,5,-0.032437244452499646,6.2
1745265600000,SHORT,-8.751536174430099,1.2690948042043193,8.401536174430099,True,FET/USDT,2025-04-21 20:00:00,2025,5,5,6,0.028867489957345508,0.4
1745265600000,SHORT,-9.467789909638547,0.5462581637684498,9.117789909638548,False,TLM/USDT,2025-04-21 20:00:00,2025,6,6,7,-0.017602694820647028,22.6
1745294400000,SHORT,-8.584307824591566,-1.223104286933085,8.234307824591566,False,ARPA/USDT,2025-04-22 04:00:00,2025,1,7,7,-0.023700573973570727,4.0
1745323200000,LONG,5.614932862190821,1.7805583469402846,5.964932862190821,False,GMX/USDT,2025-04-22 12:00:00,2025,1,2,8,-0.1872299292226511,9.8
1745323200000,SHORT,-6.97981787378229,-1.2119201584320864,6.62981787378229,False,ARPA/USDT,2025-04-22 12:00:00,2025,2,2,8,-0.04841281842891185,25.2
1745395200000,SHORT,-6.278056112224422,0.3752292337019478,5.928056112224422,False,KAS/USDT,2025-04-23 08:00:00,2025,1,1,3,0.016643023390705957,30.599999999999998
1745395200000,SHORT,-8.070483057802784,1.6168032792479037,7.720483057802784,False,RSR/USDT,2025-04-23 08:00:00,2025,2,2,4,0.11756692097892214,0.8
1745409600000,SHORT,-6.279965457685672,-0.7773974930403664,5.929965457685673,False,UMA/USDT,2025-04-23 12:00:00,2025,3,3,5,0.05994939244718531,33.4
1745409600000,SHORT,-9.904610641853717,-0.2828735114063356,9.554610641853715,True,1000PEPE/USDT,2025-04-23 12:00:00,2025,4,4,6,0.0032182564485460706,45.6
1745424000000,SHORT,-5.7600183765287225,0.0216476728345822,5.410018376528723,False,POLYX/USDT,2025-04-23 16:00:00,2025,3,5,5,0.021206921122165285,48.6
1745424000000,SHORT,-9.968134068675733,-0.8834696523007114,9.618134068675731,True,1000BONK/USDT,2025-04-23 16:00:00,2025,4,6,6,0.0719266901212625,48.8
1745424000000,SHORT,-4.488292653011151,0.4266805586624266,4.138292653011152,False,TWT/USDT,2025-04-23 16:00:00,2025,5,7,7,0.16354742215156132,27.400000000000002
1745424000000,SHORT,-8.540842040565442,0.2377590675481035,8.190842040565443,False,ILV/USDT,2025-04-23 16:00:00,2025,6,8,8,-0.013474856618525285,35.6
1745424000000,SHORT,-7.281297709923643,1.7368857604311794,6.931297709923643,True,STX/USDT,2025-04-23 16:00:00,2025,7,9,9,0.034265301856694755,5.0
1745424000000,SHORT,-6.092506374016174,3.1818871770767885,5.742506374016174,True,HBAR/USDT,2025-04-23 16:00:00,2025,8,10,10,0.03171381705032797,13.600000000000001
1745438400000,SHORT,5.30237820142498,-0.2814227827162232,5.65237820142498,True,1000PEPE/USDT,2025-04-23 20:00:00,2025,7,10,10,0.0010397954422342484,45.6
1745438400000,SHORT,-6.855319456490305,0.2988884518828067,6.505319456490305,False,LQTY/USDT,2025-04-23 20:00:00,2025,8,11,11,0.0928489774774125,34.599999999999994
1745452800000,SHORT,-5.915318416523221,1.5186248989370774,5.565318416523222,False,RVN/USDT,2025-04-24 00:00:00,2025,3,10,12,0.004516771327837768,17.2
1745452800000,SHORT,-11.538610781990512,-0.4118104394487041,11.188610781990512,False,WOO/USDT,2025-04-24 00:00:00,2025,4,11,13,0.0019337901813561858,11.799999999999999
1745452800000,SHORT,-5.90937499999999,0.6640246978866801,5.55937499999999,False,IOTA/USDT,2025-04-24 00:00:00,2025,5,12,14,0.03822673758218384,30.599999999999998
1745452800000,SHORT,-5.5465462784949136,0.5587930525912184,5.196546278494914,True,LINK/USDT,2025-04-24 00:00:00,2025,6,13,15,0.04485360345918706,44.800000000000004
1745452800000,SHORT,-6.42478152309612,-0.179164666731342,6.07478152309612,True,TIA/USDT,2025-04-24 00:00:00,2025,7,14,16,-0.030732028125089822,48.4
1745452800000,SHORT,-5.409960159362535,3.3602162463992715,5.059960159362535,False,MTL/USDT,2025-04-24 00:00:00,2025,8,15,17,0.018990144046905966,19.2
1745452800000,SHORT,-6.732688913845652,-0.4196914281305025,6.382688913845652,True,AR/USDT,2025-04-24 00:00:00,2025,9,16,18,0.018439090629395756,34.599999999999994
1745452800000,SHORT,-6.237002652519892,0.0592729480609737,5.887002652519892,True,SEI/USDT,2025-04-24 00:00:00,2025,10,17,19,0.12896147762586468,64.60000000000001
1745452800000,SHORT,-5.943483249196857,0.8684914357130656,5.593483249196858,False,BLUR/USDT,2025-04-24 00:00:00,2025,11,18,20,-0.05901380725233254,44.6
1745452800000,SHORT,-5.411818789702427,-0.1469061504483942,5.061818789702428,False,KSM/USDT,2025-04-24 00:00:00,2025,12,19,21,0.14649241745337835,9.2
1745452800000,SHORT,-7.876030164287622,-0.241204603214468,7.526030164287622,True,ORDI/USDT,2025-04-24 00:00:00,2025,13,20,22,0.1143219254636723,16.8
1745452800000,SHORT,-8.733012222912768,0.2377728753251568,8.383012222912768,False,ILV/USDT,2025-04-24 00:00:00,2025,14,20,22,-0.0091584656312768,0.2
1745452800000,SHORT,-9.00424612876934,-1.6121062380675728,8.65424612876934,False,SSV/USDT,2025-04-24 00:00:00,2025,15,21,23,0.15024209327111407,25.0
1745452800000,SHORT,-5.5206059303824615,1.0675312875122744,5.170605930382462,False,MINA/USDT,2025-04-24 00:00:00,2025,16,22,24,0.10715139688644508,33.2
1745452800000,SHORT,4.025008535336286,-0.05340534307586,4.375008535336286,True,UNI/USDT,2025-04-24 00:00:00,2025,17,23,25,0.07999727697818276,50.2
1745452800000,SHORT,-4.705451263537898,2.233466187448106,4.355451263537899,False,BAT/USDT,2025-04-24 00:00:00,2025,18,24,26,0.08384281836869924,39.6
1745452800000,SHORT,0.2814055636896123,1.009954027052377,5.774830710102466,True,AVAX/USDT,2025-04-24 00:00:00,2025,19,25,27,0.028367392540496802,54.6
1745467200000,SHORT,-5.900628930817582,-1.1262589267106276,5.550628930817583,True,AAVE/USDT,2025-04-24 04:00:00,2025,18,25,28,0.15943164209218327,48.4
1745467200000,SHORT,-4.648525116822409,0.2986821253722654,4.298525116822409,False,LQTY/USDT,2025-04-24 04:00:00,2025,19,25,28,0.09668555615057453,34.599999999999994
1745467200000,SHORT,-7.869105691056883,-1.2074372150936623,7.519105691056883,True,WLD/USDT,2025-04-24 04:00:00,2025,20,26,29,0.09536665725655806,34.0
1745467200000,SHORT,-5.380332125603869,-0.2530684541657418,5.030332125603869,True,ENS/USDT,2025-04-24 04:00:00,2025,21,27,30,0.053758064574057324,22.8
1745481600000,SHORT,-4.9124868835257,0.6597149209068698,4.5624868835257,False,IOTA/USDT,2025-04-24 08:00:00,2025,5,22,30,0.04423231618365866,28.799999999999997
1745481600000,SHORT,-1.3704081632653118,-0.9222493038260088,11.012312925170068,True,PEOPLE/USDT,2025-04-24 08:00:00,2025,6,23,31,-0.11117818768701129,36.8
1745510400000,SHORT,-6.248774676650764,-0.917257756233614,5.898774676650764,True,PEOPLE/USDT,2025-04-24 16:00:00,2025,1,6,28,-0.08712903649066286,36.8
1745582400000,SHORT,-5.631210606389915,-0.6610913470399273,5.281210606389916,False,NMR/USDT,2025-04-25 12:00:00,2025,1,1,2,0.09766157306469674,18.6
1745596800000,SHORT,1.9777147116156333,-0.4375610861722173,5.642202729044818,False,EGLD/USDT,2025-04-25 16:00:00,2025,2,2,3,0.12180436967740774,6.4
1745611200000,SHORT,-9.024253063080977,-0.4393165546766435,8.674253063080975,True,SUI/USDT,2025-04-25 20:00:00,2025,2,3,3,0.12555660230030152,2.4
1745611200000,SHORT,5.505524407926521,0.3616775836591866,5.855524407926521,False,KAS/USDT,2025-04-25 20:00:00,2025,3,4,4,0.06505472026778646,30.599999999999998
1745611200000,SHORT,5.164289602612953,0.980202176390076,5.514289602612952,False,LQTY/USDT,2025-04-25 20:00:00,2025,4,5,5,0.11984691707668589,34.599999999999994
1745625600000,SHORT,9.4044134593224,-2.6641103116500613,9.7544134593224,False,BSV/USDT,2025-04-26 00:00:00,2025,4,6,6,0.46570896341817763,3.2
1745640000000,SHORT,4.791366865907276,-0.4377366144805125,5.141366865907275,True,SUI/USDT,2025-04-26 04:00:00,2025,2,5,6,0.12118970013171096,59.199999999999996
1745654400000,SHORT,-4.472334780511316,-0.441596979173241,4.122334780511316,False,STG/USDT,2025-04-26 08:00:00,2025,2,5,7,0.07989472305849066,51.6
1745654400000,SHORT,4.603461812990715,1.5281904513701683,4.953461812990715,True,CHZ/USDT,2025-04-26 08:00:00,2025,3,6,8,0.07875847246129919,50.2
1745654400000,SHORT,5.220141784820666,0.6566101387284595,5.570141784820666,False,UMA/USDT,2025-04-26 08:00:00,2025,4,7,9,0.045111889702416065,33.2
1745654400000,SHORT,5.060890991523751,0.1082255922608792,5.41089099152375,True,GRT/USDT,2025-04-26 08:00:00,2025,5,8,10,0.12979446184339352,45.4
1745654400000,SHORT,5.392035141919271,1.39545976957543,5.742035141919271,False,CKB/USDT,2025-04-26 08:00:00,2025,6,9,11,0.21466860631850246,35.6
1745654400000,SHORT,4.526572085889545,-1.0537325497484775,4.876572085889545,True,NEAR/USDT,2025-04-26 08:00:00,2025,7,10,12,0.07005657851529143,55.800000000000004
1745654400000,SHORT,6.9622471241570665,0.3584270762673869,7.312247124157066,False,KAS/USDT,2025-04-26 08:00:00,2025,8,10,12,0.04942260450713938,30.599999999999998
1745654400000,SHORT,2.62986577181208,0.8191770447549938,8.472093959731533,True,FET/USDT,2025-04-26 08:00:00,2025,9,11,13,0.058427274020798704,10.6
1745654400000,SHORT,-10.781869338457303,0.3518672354773115,10.431869338457306,True,WLD/USDT,2025-04-26 08:00:00,2025,10,12,14,0.12986132752368468,14.399999999999999
1745654400000,SHORT,-4.668145737418637,-1.0692490174173634,9.105508810922348,False,MAV/USDT,2025-04-26 08:00:00,2025,11,13,15,0.08882728179233287,28.799999999999997
1745654400000,SHORT,-7.857686322458748,0.3353523847518231,7.507686322458748,True,ENS/USDT,2025-04-26 08:00:00,2025,12,14,16,0.07672653038603487,18.6
1745654400000,SHORT,-0.312382445141063,2.12465974868015,11.380163009404374,False,BIGTIME/USDT,2025-04-26 08:00:00,2025,13,15,17,-0.04273788447715469,26.6
1745654400000,SHORT,4.068445988629176,1.2680722974659364,4.418445988629175,False,ONT/USDT,2025-04-26 08:00:00,2025,14,16,18,0.03040474194491163,30.599999999999998
1745654400000,SHORT,-5.20105726872247,2.456957352343409,4.85105726872247,False,QTUM/USDT,2025-04-26 08:00:00,2025,15,17,19,0.05171471804298381,35.8
1745683200000,SHORT,-8.10202971896197,-1.4905178025872254,7.752029718961971,True,1000BONK/USDT,2025-04-26 16:00:00,2025,1,16,19,0.06982507405444763,49.0
1745697600000,SHORT,-8.166399026763965,,7.816399026763965,False,BSV/USDT,2025-04-26 20:00:00,2025,2,16,18,0.40601935442558496,2.0
1745712000000,SHORT,4.168950437317786,1.8622712786419224,7.805442176870736,False,ANKR/USDT,2025-04-27 00:00:00,2025,2,3,18,-0.0930734532747209,25.2
1745712000000,SHORT,10.724347678752942,-1.0385677256731058,11.07434767875294,False,ARPA/USDT,2025-04-27 00:00:00,2025,3,4,19,-0.11161658725421197,25.2
1745712000000,SHORT,7.5385891472868,2.697703931116762,7.888589147286799,False,STORJ/USDT,2025-04-27 00:00:00,2025,4,5,20,0.0004097110256838345,33.2
1745712000000,SHORT,9.13644285881389,-0.1234547246544064,9.48644285881389,True,ORDI/USDT,2025-04-27 00:00:00,2025,5,6,21,-0.040578744490365935,19.8
1745712000000,SHORT,3.4082545642884816,-0.4299442398098765,9.404013984203017,True,TRB/USDT,2025-04-27 00:00:00,2025,6,7,22,-0.00626574861193719,27.0
1745740800000,SHORT,5.61723503844869,0.0188541794443952,5.96723503844869,False,ROSE/USDT,2025-04-27 08:00:00,2025,1,7,22,-0.008018832051409887,8.6
1745755200000,SHORT,4.488607794832923,2.056162349838262,9.92388351967656,False,STEEM/USDT,2025-04-27 12:00:00,2025,2,7,9,-0.17541449897834976,2.1999999999999997
1745755200000,SHORT,8.71433474128827,1.0175570909202762,9.06433474128827,True,WLD/USDT,2025-04-27 12:00:00,2025,3,8,10,0.07827837280387234,34.599999999999994
1745841600000,SHORT,2.5952290733723733,1.386703338764931,9.023992421632778,False,YFI/USDT,2025-04-28 12:00:00,2025,1,1,3,0.002306519557126301,36.6
1746561600000,LONG,4.125041876046899,0.1732059977598837,4.475041876046899,True,XLM/USDT,2025-05-06 20:00:00,2025,1,1,1,0.01697367269341739,39.2
1746576000000,LONG,4.117107995846322,-0.9893020791246392,4.467107995846321,True,COMP/USDT,2025-05-07 00:00:00,2025,2,2,2,-0.0792077607072068,48.0
1746576000000,LONG,5.912612364703713,-0.6071873144765257,6.262612364703712,True,NEO/USDT,2025-05-07 00:00:00,2025,3,3,3,-0.06993019787975663,12.4
1746662400000,LONG,7.705693348365276,-1.3932820774550845,8.055693348365276,True,OP/USDT,2025-05-08 00:00:00,2025,1,1,3,0.0319326442829289,2.0
1746792000000,SHORT,-8.942390949990203,1.107659805117687,8.592390949990204,True,ETH/USDT,2025-05-09 12:00:00,2025,1,1,1,0.1048498044797742,68.0
1746820800000,SHORT,-6.915808556925291,2.0203316029824445,6.565808556925291,True,ETH/USDT,2025-05-09 20:00:00,2025,1,1,1,0.1012614799295811,68.0
1746849600000,SHORT,-1.395404899360281,0.96256796165761,9.36648983200707,True,PYTH/USDT,2025-05-10 04:00:00,2025,1,2,2,0.21293470158512973,65.4
1746864000000,SHORT,-1.9491259435836303,1.8745632345519367,6.705731029002762,True,LTC/USDT,2025-05-10 08:00:00,2025,2,3,3,0.14179009826025327,51.2
1746864000000,SHORT,-5.281060664397576,2.7022483936622628,4.9310606643975765,True,BNB/USDT,2025-05-10 08:00:00,2025,3,4,4,-0.10495722038248377,30.4
1746864000000,SHORT,-8.575084146751934,1.0490526802897748,8.225084146751934,False,CAKE/USDT,2025-05-10 08:00:00,2025,4,5,5,-0.12155003652908686,47.0
1746864000000,SHORT,2.971421063695614,-0.202882227989592,7.405549716207679,False,KAVA/USDT,2025-05-10 08:00:00,2025,5,6,6,0.03748485538024969,16.8
1746892800000,SHORT,-12.24342925659471,0.085533365009066,11.893429256594713,True,PEOPLE/USDT,2025-05-10 16:00:00,2025,1,6,7,-0.11720136981489043,41.0
1746921600000,SHORT,5.79441730635031,-1.5064403015675365,6.144417306350309,True,MEME/USDT,2025-05-11 00:00:00,2025,1,2,7,0.017196991872808265,48.0
1746936000000,SHORT,-7.337029993479667,1.6505397151064778,6.987029993479667,False,KSM/USDT,2025-05-11 04:00:00,2025,2,3,8,0.05027171072332604,33.0
1746936000000,SHORT,-9.23692033293698,,8.886920332936981,True,SNX/USDT,2025-05-11 04:00:00,2025,3,4,9,0.031487875766703456,33.2
1746936000000,SHORT,-5.320073415765054,1.0676056733268715,4.970073415765055,True,ATOM/USDT,2025-05-11 04:00:00,2025,4,5,10,0.10593042297871501,56.2
1746936000000,SHORT,7.759661835748787,5.8137788243270405,8.109661835748787,True,UNI/USDT,2025-05-11 04:00:00,2025,5,6,11,-0.009052026058255714,56.39999999999999
1746936000000,SHORT,10.104745799694529,,10.454745799694528,True,ARB/USDT,2025-05-11 04:00:00,2025,6,7,12,0.16965733803239252,19.400000000000002
1746936000000,SHORT,7.5944152431011664,-2.5918262831958,7.944415243101166,False,API3/USDT,2025-05-11 04:00:00,2025,7,8,13,-0.025983767387615056,58.199999999999996
1746936000000,SHORT,6.616731898238752,1.9744850920995567,7.954990215264181,True,SEI/USDT,2025-05-11 04:00:00,2025,8,9,14,0.09072568880015755,72.0
1746936000000,SHORT,-7.430379225061814,2.2976761627571447,7.080379225061814,True,MANA/USDT,2025-05-11 04:00:00,2025,9,10,15,-0.10244814133204641,53.400000000000006
1746936000000,SHORT,-7.339725263729659,1.4837005444220832,6.989725263729659,True,SAND/USDT,2025-05-11 04:00:00,2025,10,11,16,0.011022642418032762,50.6
1746936000000,SHORT,6.187248743718584,2.6660625980240504,6.537248743718584,True,NEAR/USDT,2025-05-11 04:00:00,2025,11,12,17,0.1162871989609628,57.99999999999999
1746936000000,SHORT,-8.92916102841678,-0.6286801139739073,8.579161028416781,False,LPT/USDT,2025-05-11 04:00:00,2025,12,13,18,0.022974410819399303,58.8
1746936000000,SHORT,-7.3486499402628285,4.378727905899665,6.998649940262829,False,HFT/USDT,2025-05-11 04:00:00,2025,13,14,19,0.20699123312102846,44.2
1746936000000,SHORT,-7.755034160373952,3.1333002741567824,7.405034160373952,True,ICP/USDT,2025-05-11 04:00:00,2025,14,15,20,0.1316391858794021,48.199999999999996
1746936000000,SHORT,-8.288673636736357,3.712222544476043,7.938673636736357,True,CFX/USDT,2025-05-11 04:00:00,2025,15,16,21,0.019658968927076678,37.2
1746936000000,SHORT,-7.827173695782507,1.0251463673176906,7.477173695782508,True,DOT/USDT,2025-05-11 04:00:00,2025,16,17,22,0.10095620152855918,49.4
1746936000000,SHORT,-8.418661893396962,2.7350678780624693,8.068661893396962,True,TIA/USDT,2025-05-11 04:00:00,2025,17,18,23,-0.10575280432800956,70.0
1746936000000,SHORT,-8.731803628601917,3.227032810437553,8.381803628601917,False,ROSE/USDT,2025-05-11 04:00:00,2025,18,19,24,0.03622136373065722,26.0
1746936000000,SHORT,-7.281894950177324,0.7559244937912211,6.931894950177324,True,GRT/USDT,2025-05-11 04:00:00,2025,19,20,25,0.07943681082712264,52.400000000000006
1746936000000,SHORT,-6.142017341998919,3.10511666397224,5.792017341998919,True,ETH/USDT,2025-05-11 04:00:00,2025,20,21,26,0.08234499246094594,68.4
1746936000000,SHORT,-6.444955489614246,2.35738583809845,6.094955489614247,False,CKB/USDT,2025-05-11 04:00:00,2025,21,22,27,-0.015256601401110919,39.2
1746936000000,SHORT,-6.613851225276752,2.5779747837847027,6.263851225276753,False,GMX/USDT,2025-05-11 04:00:00,2025,22,23,28,0.0689644436662459,55.00000000000001
1746950400000,SHORT,-6.156831517183559,2.136443515607199,5.806831517183559,True,ARKM/USDT,2025-05-11 08:00:00,2025,22,23,28,0.11129236907629815,45.2
1746950400000,SHORT,2.845488721804517,4.042173450379172,11.29066558441558,True,DOGE/USDT,2025-05-11 08:00:00,2025,23,24,29,0.013724238181744787,70.6
1746950400000,SHORT,8.638496188496163,2.992605724101709,8.988496188496162,False,MINA/USDT,2025-05-11 08:00:00,2025,24,25,30,0.05706211446112233,36.6
1746950400000,SHORT,6.42913433672992,0.5783651359459746,6.77913433672992,False,ZEN/USDT,2025-05-11 08:00:00,2025,25,26,31,-0.037362243205461824,37.2
1746950400000,SHORT,7.23073344280241,-0.2137661471528264,11.897359058565945,True,IMX/USDT,2025-05-11 08:00:00,2025,26,27,32,0.10577533521608376,59.8
1746950400000,SHORT,3.89242424242424,-2.16593605466289,11.381560431905251,True,MASK/USDT,2025-05-11 08:00:00,2025,27,28,33,0.09016565155078242,36.8
1746964800000,SHORT,3.924457024029572,4.316574878133772,4.274457024029572,False,HFT/USDT,2025-05-11 12:00:00,2025,7,28,29,0.18328350606332058,44.2
1746964800000,SHORT,4.99107452339688,2.4767105147658666,5.34107452339688,False,CKB/USDT,2025-05-11 12:00:00,2025,8,28,29,-0.08662732718623029,39.2
1746964800000,SHORT,2.571366550353001,1.7245624956134802,10.815913332792324,True,WLD/USDT,2025-05-11 12:00:00,2025,9,29,30,0.14783117996676495,39.2
1746964800000,SHORT,-8.83353765323991,3.893881115830276,8.48353765323991,True,CFX/USDT,2025-05-11 12:00:00,2025,10,29,30,0.023308420132438026,37.2
1746979200000,SHORT,5.25188786777801,-1.050154877380883,5.60188786777801,True,MASK/USDT,2025-05-11 16:00:00,2025,5,28,30,0.04663461335874691,7.3999999999999995
1746979200000,SHORT,6.737736173136359,2.9997420590375063,7.087736173136358,False,MINA/USDT,2025-05-11 16:00:00,2025,6,28,30,0.013232740081045967,36.6
1746979200000,SHORT,6.695644983461946,,7.045644983461946,True,ARB/USDT,2025-05-11 16:00:00,2025,7,28,30,0.14475554453848222,49.0
1747051200000,SHORT,-2.644777693410952,-0.4119788916739115,11.512140386400072,False,KAS/USDT,2025-05-12 12:00:00,2025,1,1,8,-0.03902284517161249,98.8
1747051200000,SHORT,-10.998412698412697,0.6358417001255395,10.648412698412695,True,RUNE/USDT,2025-05-12 12:00:00,2025,2,2,9,-0.021624555289653215,30.2
1747080000000,SHORT,-8.705181347150257,0.6065850258792974,8.355181347150257,True,RUNE/USDT,2025-05-12 20:00:00,2025,1,2,2,-0.008978484251462245,30.2
1747080000000,SHORT,9.809969503991375,,10.159969503991377,False,KSM/USDT,2025-05-12 20:00:00,2025,2,3,3,-0.012047959528541796,0.0
1747108800000,SHORT,9.192338687267249,1.4729115567163562,9.542338687267248,False,POLYX/USDT,2025-05-13 04:00:00,2025,1,3,4,-0.16313120898065256,39.6
1747123200000,SHORT,8.016594635223358,7.688787576872389,8.366594635223358,False,KSM/USDT,2025-05-13 08:00:00,2025,2,3,4,-0.011028081672202553,0.8
1747209600000,SHORT,8.040848981750846,0.7973354100414817,8.390848981750846,False,LQTY/USDT,2025-05-14 08:00:00,2025,1,1,2,0.07346967394005027,37.6
1747238400000,SHORT,5.277782751417476,1.0438847515188252,5.627782751417476,True,AXS/USDT,2025-05-14 16:00:00,2025,1,2,2,-0.1492135676373956,1.6
1747944000000,SHORT,-7.007298080405631,,6.657298080405631,True,XMR/USDT,2025-05-22 20:00:00,2025,1,1,1,-0.15787079109443142,15.6
1747972800000,SHORT,-7.174430035557399,0.9688498121184028,6.824430035557399,True,ZEC/USDT,2025-05-23 04:00:00,2025,1,2,2,-0.04855996063793998,31.4
1747972800000,SHORT,3.3912153782554824,0.5554931060508337,6.975609756097533,True,BCH/USDT,2025-05-23 04:00:00,2025,2,3,3,0.05734221364796265,27.200000000000003
1747987200000,SHORT,9.741920094007058,1.7067037489322958,10.091920094007058,True,1000PEPE/USDT,2025-05-23 08:00:00,2025,3,4,4,0.006675822645077707,53.6
1747987200000,SHORT,8.302204881114479,1.3177438715761156,8.652204881114478,False,WOO/USDT,2025-05-23 08:00:00,2025,4,5,5,-0.07037942580117384,31.6
1747987200000,SHORT,8.531451060917167,-0.6921037349740764,8.881451060917167,False,API3/USDT,2025-05-23 08:00:00,2025,5,6,6,-0.1250792698561871,56.2
1747987200000,SHORT,8.45459341224909,-2.619439699488457,8.804593412249089,True,OP/USDT,2025-05-23 08:00:00,2025,6,7,7,-0.06280321666945063,54.2
1747987200000,SHORT,-8.376731291767642,1.6371821354478218,10.074406991260906,True,INJ/USDT,2025-05-23 08:00:00,2025,7,8,8,-0.11815290835830146,59.599999999999994
1747987200000,SHORT,6.4894052507154445,1.0233737375758316,6.839405250715444,True,APT/USDT,2025-05-23 08:00:00,2025,8,9,9,-0.06266761076213602,64.4
1747987200000,SHORT,3.1538204722241456,0.4428257662648452,11.01560542438217,True,WLD/USDT,2025-05-23 08:00:00,2025,9,10,10,-0.07140725249376281,42.6
1748001600000,SHORT,-5.554848736013244,0.9650453978066912,5.204848736013244,True,ZEC/USDT,2025-05-23 12:00:00,2025,8,9,10,-0.04948814171143071,31.4
1748016000000,SHORT,7.25096062779056,0.4372483480142101,7.60096062779056,True,WLD/USDT,2025-05-23 16:00:00,2025,2,9,10,-0.07915482887575355,42.6
1748419200000,SHORT,-8.41679780016858,0.5281089812028535,8.06679780016858,True,TRB/USDT,2025-05-28 08:00:00,2025,1,1,1,0.23937094028206876,29.2
1748448000000,SHORT,-9.719411219676532,0.5242500616388613,9.369411219676532,True,TRB/USDT,2025-05-28 16:00:00,2025,1,1,1,0.23432096529267893,32.6
1748692800000,LONG,4.260830225169235,0.3620333210983975,4.610830225169234,True,XRP/USDT,2025-05-31 12:00:00,2025,1,1,1,-0.13090930668546635,42.8
1748692800000,LONG,3.33005377247521,0.4748033736018829,9.045320114266518,False,HFT/USDT,2025-05-31 12:00:00,2025,2,2,2,-0.0874141733375117,46.2
1748707200000,LONG,-5.4548192771084345,-0.5247538303454214,5.104819277108435,True,ADA/USDT,2025-05-31 16:00:00,2025,3,3,3,-0.18925628828937852,18.0
1748707200000,LONG,-4.276991150442472,0.29723490872082,6.9034706858406985,False,RSR/USDT,2025-05-31 16:00:00,2025,4,4,4,-0.11239493652588438,36.0
1748707200000,LONG,6.505198776758418,0.3595147644514385,6.855198776758417,False,AGLD/USDT,2025-05-31 16:00:00,2025,5,5,5,-0.09694857818636744,53.0
1748707200000,LONG,-0.4963822668339619,-0.205412814040176,5.939659138435803,True,GRT/USDT,2025-05-31 16:00:00,2025,6,6,6,-0.12955481181145692,0.2
1748707200000,LONG,5.157536598590292,-0.6327757664671699,5.507536598590292,True,IMX/USDT,2025-05-31 16:00:00,2025,7,7,7,-0.11239144527177884,15.0
1748721600000,LONG,5.067563388991958,0.198708296567231,5.417563388991957,False,KNC/USDT,2025-05-31 20:00:00,2025,6,8,8,-0.11201192453072568,9.4
1748721600000,LONG,3.754274199511943,-0.1638951907102117,4.104274199511943,False,STEEM/USDT,2025-05-31 20:00:00,2025,7,9,9,-0.2058483456106461,52.800000000000004
1749196800000,LONG,6.815636416540049,2.285165655480792,7.165636416540049,True,SUI/USDT,2025-06-06 08:00:00,2025,1,1,1,-0.15091437314718983,47.4
1749528000000,SHORT,9.986392606755892,,10.336392606755892,False,UMA/USDT,2025-06-10 04:00:00,2025,1,1,1,-0.11880411051614279,15.4
1749628800000,SHORT,6.417404869692877,0.0220546088444096,6.767404869692877,True,UNI/USDT,2025-06-11 08:00:00,2025,1,1,1,0.029979465704546425,64.60000000000001
1749628800000,SHORT,3.813075634942768,0.7269922666793839,4.163075634942768,False,KNC/USDT,2025-06-11 08:00:00,2025,2,2,2,0.09440851931800161,40.0
1749657600000,SHORT,4.080494735861353,-0.7352175928841884,4.430494735861353,True,BCH/USDT,2025-06-11 16:00:00,2025,1,3,3,0.028632312870552543,23.400000000000002
1749657600000,SHORT,5.1733993222757135,-2.749446725211774,5.523399322275713,False,YFI/USDT,2025-06-11 16:00:00,2025,2,4,4,0.009910407336467355,48.6
1749657600000,SHORT,6.4583409685863655,3.8993212909911983,6.808340968586365,True,AAVE/USDT,2025-06-11 16:00:00,2025,3,5,5,-0.02422084282746118,60.0
1749657600000,SHORT,7.520306705641099,-1.4779998268056551,7.870306705641099,True,ENS/USDT,2025-06-11 16:00:00,2025,4,6,6,-0.051260854445524515,62.2
1749657600000,SHORT,5.5978883767285215,0.0220273418931481,5.947888376728521,True,UNI/USDT,2025-06-11 16:00:00,2025,5,6,6,0.019872699097335106,64.4
1749686400000,SHORT,4.351297898640281,0.0218892261900209,4.701297898640281,True,UNI/USDT,2025-06-12 00:00:00,2025,1,5,6,0.0009370890497141026,64.2
1749700800000,SHORT,7.727998196573491,1.1355734238367057,8.07799819657349,False,RVN/USDT,2025-06-12 04:00:00,2025,2,6,7,-0.14020868200542908,15.6
1750291200000,LONG,-5.922821154748871,0.0549752943473619,5.572821154748871,True,APE/USDT,2025-06-19 00:00:00,2025,1,1,1,0.018018598822314522,14.6
1750521600000,SHORT,4.912124898621214,1.417648781870415,5.262124898621214,False,SFP/USDT,2025-06-21 16:00:00,2025,1,1,1,-0.12115701570394434,28.999999999999996
1750550400000,SHORT,4.571746160064641,0.3519681880074783,4.92174616006464,False,SFP/USDT,2025-06-22 00:00:00,2025,1,1,1,-0.10245539517418045,4.6
1750622400000,LONG,5.335847512277399,-2.7524688281385528,5.685847512277388,True,XRP/USDT,2025-06-22 20:00:00,2025,1,1,2,0.09406272829345952,35.0
1750622400000,LONG,5.274484975724976,-0.9954096887367064,5.624484975724975,True,XLM/USDT,2025-06-22 20:00:00,2025,2,2,3,0.07683611684185604,22.400000000000002
1750622400000,LONG,5.970997206103589,-3.094858443020394,6.320997206103589,False,YFI/USDT,2025-06-22 20:00:00,2025,3,3,4,0.07183640904489409,1.7999999999999998
1750636800000,LONG,8.885473041709057,-0.8446389904752812,9.235473041709056,True,INJ/USDT,2025-06-23 00:00:00,2025,4,4,5,0.005051709543028034,47.199999999999996
1750636800000,LONG,11.346771378708551,-0.8472824282909631,11.69677137870855,False,BIGTIME/USDT,2025-06-23 00:00:00,2025,5,5,6,0.019925468897136516,38.2
1750636800000,LONG,6.534167942269834,-1.8229540002459537,6.884167942269833,False,QNT/USDT,2025-06-23 00:00:00,2025,6,6,7,-0.012050343115455392,48.6
1750636800000,LONG,6.744441759304015,-2.445865638968694,7.094441759304015,False,RLC/USDT,2025-06-23 00:00:00,2025,7,7,8,0.11248484957176882,38.2
1750636800000,LONG,8.174064267121445,-1.5397082175756718,8.524064267121444,True,JASMY/USDT,2025-06-23 00:00:00,2025,8,8,9,-0.0006493268907565371,75.6
1750636800000,LONG,7.09231897483402,-3.208740079144208,7.44231897483402,False,KAS/USDT,2025-06-23 00:00:00,2025,9,9,10,-0.06782447452693005,14.6
1750636800000,LONG,7.654437643458298,-1.2992265608831164,8.004437643458298,True,SUI/USDT,2025-06-23 00:00:00,2025,10,10,11,0.08483593429561702,73.6
1750636800000,LONG,6.26389547650418,-0.6973985940571155,6.61389547650418,False,POLYX/USDT,2025-06-23 00:00:00,2025,11,11,12,0.02362625621146008,17.8
1750636800000,LONG,6.514985326485707,-1.801787264923572,6.864985326485707,True,ADA/USDT,2025-06-23 00:00:00,2025,12,12,13,0.08040710200103325,62.6
1750636800000,LONG,6.199850746268662,-0.424184130452199,6.549850746268661,False,1INCH/USDT,2025-06-23 00:00:00,2025,13,13,14,0.053838353078900184,32.2
1750636800000,LONG,-4.114753764753757,0.2899327473113587,9.288013838013828,True,AR/USDT,2025-06-23 00:00:00,2025,14,14,15,-0.0107648521590074,18.8
1750636800000,LONG,6.805599214145389,-0.8144958228115758,7.155599214145389,False,EGLD/USDT,2025-06-23 00:00:00,2025,15,15,16,0.072485022498583,9.0
1750636800000,LONG,6.911467415398245,-0.6774778685417341,7.261467415398244,True,HBAR/USDT,2025-06-23 00:00:00,2025,16,16,17,0.02252382184327903,17.599999999999998
1750651200000,LONG,6.100324675324683,-1.2141633082368752,6.450324675324683,True,FLOW/USDT,2025-06-23 04:00:00,2025,14,17,17,0.0741629051190449,26.8
1750651200000,LONG,8.189916155113039,-0.1346980903424187,8.539916155113039,False,AGLD/USDT,2025-06-23 04:00:00,2025,15,18,18,-0.04989892595098197,69.8
1750651200000,LONG,6.153093500173807,-1.481734902033365,6.503093500173806,False,KNC/USDT,2025-06-23 04:00:00,2025,16,19,19,0.04676890847245924,43.6
1750651200000,LONG,6.226576030481474,-0.9747555023593812,6.5765760304814735,True,XLM/USDT,2025-06-23 04:00:00,2025,17,19,19,0.08528451080526864,7.199999999999999
1750651200000,LONG,6.352752293577982,-1.3332442575639532,6.702752293577982,False,DASH/USDT,2025-06-23 04:00:00,2025,18,20,20,0.020760769096454874,1.2
1750651200000,LONG,6.367650743931089,-1.2987383865817843,6.717650743931089,False,KSM/USDT,2025-06-23 04:00:00,2025,19,21,21,0.026635446615911905,3.5999999999999996
1750651200000,LONG,6.420011074197125,-1.0781825300968024,6.770011074197124,True,ETH/USDT,2025-06-23 04:00:00,2025,20,22,22,-0.017288336325396215,31.8
1750651200000,LONG,6.462819253438124,-1.782978320183716,6.812819253438124,False,ZRX/USDT,2025-06-23 04:00:00,2025,21,23,23,0.022490709383661368,47.599999999999994
1750651200000,LONG,6.780053835800824,-0.1989776941978926,7.130053835800823,True,GRT/USDT,2025-06-23 04:00:00,2025,22,24,24,0.02614271391242387,38.4
1750651200000,LONG,5.582576163782604,-2.5800720053004635,5.932576163782594,False,CAKE/USDT,2025-06-23 04:00:00,2025,23,25,25,-0.015884016745450653,44.800000000000004
1750651200000,LONG,5.585158067606406,-1.6099964909283415,5.935158067606405,False,ASTR/USDT,2025-06-23 04:00:00,2025,24,26,26,0.031795659522076664,35.199999999999996
1750651200000,LONG,5.615725307878744,-2.709257546893132,5.965725307878732,True,XRP/USDT,2025-06-23 04:00:00,2025,25,26,26,0.11820002588763581,27.200000000000003
1750651200000,LONG,5.7258703162370495,-1.2111390766708443,6.075870316237049,True,ATOM/USDT,2025-06-23 04:00:00,2025,26,27,27,-0.040343675104045455,1.6
1750651200000,LONG,5.830720917531396,-0.9313855044418524,6.180720917531396,False,QTUM/USDT,2025-06-23 04:00:00,2025,27,28,28,0.08799299524241239,27.800000000000004
1750651200000,LONG,6.079041076685821,-0.1129262478736349,6.429041076685821,False,ID/USDT,2025-06-23 04:00:00,2025,28,29,29,0.03496269104594862,43.4
1750651200000,LONG,6.095890410958916,-2.578513295593837,6.445890410958915,True,DOT/USDT,2025-06-23 04:00:00,2025,29,30,30,-0.02054136281420123,62.0
1750651200000,LONG,5.450087565674253,-1.6848227381379612,5.800087565674253,False,BAT/USDT,2025-06-23 04:00:00,2025,30,31,31,0.05409798049516165,3.5999999999999996
1750651200000,LONG,6.817695961995266,-2.20805924938244,7.167695961995256,True,FIL/USDT,2025-06-23 04:00:00,2025,31,32,32,0.0575729020598326,18.6
1750651200000,LONG,8.204264534758444,-1.0982944952062346,8.554264534758444,True,AAVE/USDT,2025-06-23 04:00:00,2025,32,33,33,-0.03795611390419897,68.4
1750651200000,LONG,8.235938903863453,-1.0286783361228171,8.585938903863441,False,BLUR/USDT,2025-06-23 04:00:00,2025,33,34,34,0.004584682473625791,54.0
1750651200000,LONG,8.469818181818185,-1.8029083489181807,8.819818181818185,True,SUSHI/USDT,2025-06-23 04:00:00,2025,34,35,35,0.039501610423748314,13.600000000000001
1750651200000,LONG,8.460147559591379,-3.662780021299898,8.810147559591378,True,PYTH/USDT,2025-06-23 04:00:00,2025,35,36,36,0.07183531436533133,60.6
1750651200000,LONG,8.589908779931582,-2.5908737540693174,8.939908779931582,False,ONE/USDT,2025-06-23 04:00:00,2025,36,37,37,0.12713096662155876,21.8
1750651200000,LONG,8.594508670520241,-2.455332560212846,8.944508670520241,False,DUSK/USDT,2025-06-23 04:00:00,2025,37,38,38,0.15322905041923135,29.799999999999997
1750651200000,LONG,5.454637809187278,0.5562736757298858,5.804637809187278,False,TWT/USDT,2025-06-23 04:00:00,2025,38,39,39,-0.0832656968966607,24.6
1750651200000,LONG,8.705283861365084,-2.1432623144911136,9.055283861365083,False,HIGH/USDT,2025-06-23 04:00:00,2025,39,40,40,0.01067720496739896,57.8
1750651200000,LONG,7.588941548183247,0.1532230417789905,7.938941548183247,True,RUNE/USDT,2025-06-23 04:00:00,2025,40,41,41,0.008339106607500422,40.400000000000006
1750651200000,LONG,6.828790459965928,-2.881568789682019,7.178790459965928,False,YFI/USDT,2025-06-23 04:00:00,2025,41,41,41,0.055896236570058586,0.8
1750651200000,LONG,6.919320388349525,-0.7445937080524917,7.269320388349523,True,SNX/USDT,2025-06-23 04:00:00,2025,42,42,42,0.08094261122275759,25.4
1750651200000,LONG,7.726044568245122,-3.4592160976652373,8.076044568245122,True,LINK/USDT,2025-06-23 04:00:00,2025,43,43,43,0.003120015307609965,23.599999999999998
1750651200000,LONG,7.600723938223936,-2.9887806454893138,7.950723938223936,True,AXS/USDT,2025-06-23 04:00:00,2025,44,44,44,0.012198426755019219,9.6
1750651200000,LONG,7.772871452420709,-0.1523293124722008,8.122871452420709,False,EDU/USDT,2025-06-23 04:00:00,2025,45,45,45,0.020734493933298286,23.400000000000002
1750651200000,LONG,7.012348436502863,0.0274055250757053,7.362348436502862,False,MINA/USDT,2025-06-23 04:00:00,2025,46,46,46,0.022758783339197175,27.0
1750651200000,LONG,6.987068114511368,-1.0209705737734176,7.337068114511368,True,THETA/USDT,2025-06-23 04:00:00,2025,47,47,47,0.006244572456812619,9.2
1750651200000,LONG,7.097387606318336,0.7462938250601244,7.447387606318336,False,GMX/USDT,2025-06-23 04:00:00,2025,48,48,48,0.06209607826879151,31.0
1750651200000,LONG,7.249660643081363,-2.176686189076282,7.599660643081362,True,SAND/USDT,2025-06-23 04:00:00,2025,49,49,49,-0.022350690278856583,15.0
1750651200000,LONG,7.199699799866574,-3.02819174958684,7.549699799866573,False,IOTA/USDT,2025-06-23 04:00:00,2025,50,50,50,-0.001517179411502803,22.8
1750651200000,LONG,8.854903677758317,-1.5208848652924345,9.204903677758317,True,ARKM/USDT,2025-06-23 04:00:00,2025,51,51,51,0.020935476036834898,26.6
1750651200000,LONG,7.413516830294534,0.5568317687026112,7.763516830294534,True,APE/USDT,2025-06-23 04:00:00,2025,52,52,52,0.03677959159080044,44.4
1750651200000,LONG,7.344213528932359,-3.075462315103679,7.694213528932359,True,VET/USDT,2025-06-23 04:00:00,2025,53,53,53,0.02097428270459601,6.0
1750651200000,LONG,7.312271175923056,0.4704386561035459,7.662271175923055,True,CFX/USDT,2025-06-23 04:00:00,2025,54,54,54,0.046478701198967694,44.0
1750651200000,LONG,7.299106781522812,-1.1188775156267463,7.649106781522821,True,ENS/USDT,2025-06-23 04:00:00,2025,55,55,55,-0.020511016914978454,45.4
1750651200000,LONG,7.280882352941175,-2.449462863310884,7.630882352941175,False,SKL/USDT,2025-06-23 04:00:00,2025,56,56,56,0.06793067336730522,10.6
1750651200000,LONG,7.822988929889307,-1.2613116119207306,8.172988929889307,False,YGG/USDT,2025-06-23 04:00:00,2025,57,57,57,0.13948156599548478,21.8
1750651200000,LONG,8.145796356842581,-0.6704250257089494,8.49579635684258,False,ROSE/USDT,2025-06-23 04:00:00,2025,58,58,58,0.05881854144755212,7.6
1750651200000,LONG,8.177029886273468,-1.4898071317665167,8.52702988627348,False,TLM/USDT,2025-06-23 04:00:00,2025,59,59,59,0.12427260569062319,29.599999999999998
1750651200000,LONG,7.196619337390111,-1.818173341649678,7.546619337390122,False,ENJ/USDT,2025-06-23 04:00:00,2025,60,60,60,0.03438349546922713,4.8
1750651200000,LONG,7.193649885583532,-0.1495006708383961,7.543649885583531,False,ARPA/USDT,2025-06-23 04:00:00,2025,61,61,61,0.055934614036284636,36.199999999999996
1750651200000,LONG,7.199258584807496,-0.2574160454435473,7.549258584807496,True,DOGE/USDT,2025-06-23 04:00:00,2025,62,62,62,-0.05012389460597323,55.60000000000001
1750651200000,LONG,7.474528301886802,-3.428444939813572,7.824528301886802,True,GALA/USDT,2025-06-23 04:00:00,2025,63,63,63,-0.019984950398323775,15.0
1750651200000,LONG,8.985343872721774,-3.258187080883169,9.335343872721774,False,ILV/USDT,2025-06-23 04:00:00,2025,64,64,64,0.04453253039209873,17.4
1750665600000,LONG,8.11152181752614,-1.2942045815190175,8.46152181752614,True,SUI/USDT,2025-06-23 08:00:00,2025,52,64,64,0.1104623988262749,66.4
1750665600000,LONG,5.273348416289598,-1.866448145199729,5.6233484162895975,False,ONT/USDT,2025-06-23 08:00:00,2025,53,65,65,0.12298678275828515,15.6
1750665600000,LONG,6.137642725598544,-1.8013417136435186,6.487642725598543,True,ADA/USDT,2025-06-23 08:00:00,2025,54,65,65,0.09350832043011312,20.4
1750680000000,LONG,3.776439232409372,-2.1256543189091435,4.126439232409372,False,HIGH/USDT,2025-06-23 12:00:00,2025,4,65,65,0.007875724891138875,57.8
1750694400000,LONG,3.70413025853526,-1.6050695985286645,4.05413025853526,False,ASTR/USDT,2025-06-23 16:00:00,2025,2,54,65,0.01709512700791066,60.8
1750795200000,SHORT,-7.835628133401145,-0.0722165298101674,7.485628133401145,False,LQTY/USDT,2025-06-24 20:00:00,2025,1,1,1,0.14118833073058248,0.0
1751256000000,SHORT,7.782578510856387,0.5010029140414275,8.132578510856387,True,PYTH/USDT,2025-06-30 04:00:00,2025,1,1,1,0.09122301300015431,55.00000000000001
1751256000000,SHORT,3.8347354726799616,1.167283128289584,9.455745880312213,True,IMX/USDT,2025-06-30 04:00:00,2025,2,2,2,0.08846775184996081,50.6
1751270400000,SHORT,8.273419660261771,,8.62341966026177,False,CTK/USDT,2025-06-30 08:00:00,2025,3,3,3,0.2965043887036472,0.8
1751284800000,SHORT,5.15810014727542,-1.22014487378723,11.17198821796758,True,ARB/USDT,2025-06-30 12:00:00,2025,2,4,4,0.1666930787778838,66.60000000000001
1751284800000,SHORT,8.217348881485014,0.500096985474535,10.45889576392193,True,PYTH/USDT,2025-06-30 12:00:00,2025,3,4,4,0.09976087151903851,32.6
1751299200000,SHORT,6.114945270839169,,6.464945270839169,False,CTK/USDT,2025-06-30 16:00:00,2025,3,4,4,0.310857747631028,18.6
1751904000000,SHORT,-11.72771436590726,1.835304884992401,11.37771436590726,True,1000BONK/USDT,2025-07-07 16:00:00,2025,1,1,1,0.16073439728414976,45.800000000000004
1752048000000,SHORT,-8.952980132450323,-1.3258540819498248,8.602980132450323,True,CELO/USDT,2025-07-09 08:00:00,2025,1,1,1,0.13228707849875124,0.6
1752048000000,SHORT,-10.090596059942731,,9.740596059942732,False,DUSK/USDT,2025-07-09 08:00:00,2025,2,2,2,0.01694291523747277,3.0
1752076800000,SHORT,-5.472115384615374,-1.306251975492691,5.122115384615374,True,CELO/USDT,2025-07-09 16:00:00,2025,1,2,2,0.04086584482550703,0.0
1752105600000,SHORT,-4.622277227722766,-1.3104652251089084,4.272277227722767,True,CELO/USDT,2025-07-10 00:00:00,2025,1,1,2,0.04228400566925859,0.6
1752148800000,SHORT,-5.417891274667965,0.3544445524932458,5.067891274667965,True,UNI/USDT,2025-07-10 12:00:00,2025,1,2,2,0.10883078687186713,68.60000000000001
1752220800000,SHORT,-11.757207637231485,0.6613443614287655,11.407207637231483,False,SKL/USDT,2025-07-11 08:00:00,2025,1,1,2,0.18384022793786037,2.0
1752235200000,SHORT,-5.212537387017231,0.2375103697666787,4.862537387017231,True,AAVE/USDT,2025-07-11 12:00:00,2025,2,2,3,0.14856222184184795,73.4
1752235200000,SHORT,6.391370297769058,-1.732512846329384,6.741370297769057,True,WLD/USDT,2025-07-11 12:00:00,2025,3,3,4,0.17787952207543425,58.8
1752235200000,SHORT,5.6097759256728885,0.7802231226580951,5.959775925672888,True,FET/USDT,2025-07-11 12:00:00,2025,4,4,5,0.08852312392178148,65.60000000000001
1752235200000,SHORT,-2.170866141732288,-1.4570068627263235,6.914271653543294,True,ARB/USDT,2025-07-11 12:00:00,2025,5,5,6,0.20443121237117906,70.0
1752264000000,SHORT,-7.659560786216929,0.365531088066385,7.309560786216929,True,INJ/USDT,2025-07-11 20:00:00,2025,1,6,6,0.14755056171114644,78.0
1752264000000,SHORT,-6.11444792937212,-0.7434173437231755,5.76444792937212,False,ID/USDT,2025-07-11 20:00:00,2025,2,7,7,0.1596045331495356,62.4
1752264000000,SHORT,-6.10163563160543,-0.4790931618220274,5.751635631605431,False,HIGH/USDT,2025-07-11 20:00:00,2025,3,8,8,0.11593542035664567,57.99999999999999
1752264000000,SHORT,-6.094458919576145,-1.8605161945695747,5.744458919576146,True,PYTH/USDT,2025-07-11 20:00:00,2025,4,9,9,0.10065234072628676,49.8
1752264000000,SHORT,-6.053232242617724,-2.589286348601622,5.703232242617724,True,NEAR/USDT,2025-07-11 20:00:00,2025,5,10,10,0.08069562436266449,71.39999999999999
1752264000000,SHORT,-5.829812206572742,-1.7160686498901063,5.479812206572742,True,GALA/USDT,2025-07-11 20:00:00,2025,6,11,11,0.11961864676384373,54.2
1752264000000,SHORT,-5.982020382867366,0.6017983685176164,5.632020382867366,True,JASMY/USDT,2025-07-11 20:00:00,2025,7,12,12,0.041681193477210714,81.6
1752264000000,SHORT,-9.104054054054036,-1.4917677803229925,8.754054054054038,True,ALGO/USDT,2025-07-11 20:00:00,2025,8,13,13,0.23794606012288214,71.0
1752264000000,SHORT,-9.51498476125973,,9.16498476125973,False,1INCH/USDT,2025-07-11 20:00:00,2025,9,14,14,0.38661664012354413,0.2
1752264000000,SHORT,-9.610402414486918,1.007182664911768,9.26040241448692,True,XRP/USDT,2025-07-11 20:00:00,2025,10,15,15,0.10691601175166975,75.0
1752264000000,SHORT,-5.703373397155916,-1.4030432129639014,5.3533733971559165,True,SAND/USDT,2025-07-11 20:00:00,2025,11,16,16,0.07422621797897973,64.60000000000001
1752264000000,SHORT,-5.636902580008455,-1.2306514037514962,9.915677428450568,True,ADA/USDT,2025-07-11 20:00:00,2025,12,17,17,0.16360098140795845,69.8
1752264000000,SHORT,-5.590886699507385,-0.5035787948110607,5.240886699507385,True,DYDX/USDT,2025-07-11 20:00:00,2025,13,18,18,0.04776572629814336,40.8
1752264000000,SHORT,4.344788695877627,0.0299235858197193,4.694788695877627,False,AGLD/USDT,2025-07-11 20:00:00,2025,14,19,19,0.060042489251573426,78.8
1752264000000,SHORT,-5.522454780361747,-0.5905478263890529,5.172454780361748,False,MINA/USDT,2025-07-11 20:00:00,2025,15,20,20,0.08214200952217691,51.4
1752264000000,SHORT,-5.503225806451598,-5.030828035344355,5.153225806451599,False,KAVA/USDT,2025-07-11 20:00:00,2025,16,21,21,-0.08655631995395097,24.4
1752264000000,SHORT,-5.5000198176773685,-1.9691963856726349,5.150019817677369,False,ENJ/USDT,2025-07-11 20:00:00,2025,17,22,22,0.06832227257352126,51.6
1752264000000,SHORT,-11.621139374080132,6.311977616600953,11.271139374080134,True,XLM/USDT,2025-07-11 20:00:00,2025,18,23,23,0.3391230514761941,88.8
1752264000000,SHORT,-7.920067114093944,-4.62791793597275,7.570067114093944,False,SSV/USDT,2025-07-11 20:00:00,2025,19,24,24,0.07501778290609673,42.4
1752264000000,SHORT,-8.13208425326118,-1.062584284729406,7.78208425326118,True,1000PEPE/USDT,2025-07-11 20:00:00,2025,20,25,25,0.11942976594104343,61.0
1752264000000,SHORT,-5.914080901177663,-2.815984367044196,5.564080901177664,True,DOT/USDT,2025-07-11 20:00:00,2025,21,26,26,0.0991203997612693,65.60000000000001
1752264000000,SHORT,-8.997982456140335,0.5154792035643568,8.647982456140335,True,HBAR/USDT,2025-07-11 20:00:00,2025,22,27,27,0.24095866663203871,75.4
1752264000000,SHORT,-6.197312610458456,-0.3444972761790861,5.847312610458457,True,GRT/USDT,2025-07-11 20:00:00,2025,23,28,28,0.11656705934449944,69.39999999999999
1752264000000,SHORT,-5.96778285134449,0.2976668278525552,5.61778285134449,True,THETA/USDT,2025-07-11 20:00:00,2025,24,29,29,0.07664994550013604,57.8
1752264000000,SHORT,-5.949608610567511,0.6534203642211055,5.599608610567511,False,SKL/USDT,2025-07-11 20:00:00,2025,25,29,29,0.11319232822806365,51.6
1752264000000,SHORT,-6.689894617990216,-1.6386659190304078,6.3398946179902165,True,ARKM/USDT,2025-07-11 20:00:00,2025,26,30,30,0.14593559979386506,61.6
1752264000000,SHORT,-6.671440823327595,-1.1390159479107964,6.321440823327595,False,ONE/USDT,2025-07-11 20:00:00,2025,27,31,31,0.18177806832479101,35.199999999999996
1752264000000,SHORT,-6.577661937075855,-2.671361288486131,6.227661937075856,False,ZEN/USDT,2025-07-11 20:00:00,2025,28,32,32,0.09155716976564925,52.400000000000006
1752264000000,SHORT,-6.403580146460521,-1.6709032007892102,6.053580146460521,True,AXS/USDT,2025-07-11 20:00:00,2025,29,33,33,0.1677704700072338,82.19999999999999
1752264000000,SHORT,-6.344241686942414,0.7517034659083814,5.994241686942415,True,STX/USDT,2025-07-11 20:00:00,2025,30,34,34,-0.04122266561766335,67.60000000000001
1752264000000,SHORT,-7.047617675312196,-0.8849751139076478,6.6976176753121965,True,WLD/USDT,2025-07-11 20:00:00,2025,31,34,34,0.1800790231556092,58.8
1752264000000,SHORT,-6.142390958293531,0.2955387691974624,5.792390958293532,True,AR/USDT,2025-07-11 20:00:00,2025,32,35,35,0.05250161893556584,58.599999999999994
1752264000000,SHORT,-5.437741446787029,-0.2744178478343109,6.859197071076882,False,RSR/USDT,2025-07-11 20:00:00,2025,33,36,36,0.1231994011732503,67.80000000000001
1752264000000,SHORT,-7.072852807283745,-0.7134751899225056,6.722852807283745,True,OP/USDT,2025-07-11 20:00:00,2025,34,37,37,0.1647250172385792,68.4
1752264000000,SHORT,-7.013942599716543,-3.053712288880011,6.663942599716544,True,PENDLE/USDT,2025-07-11 20:00:00,2025,35,38,38,0.06655231992419892,60.0
1752264000000,SHORT,-7.047266514806367,-2.9253831404151867,6.697266514806367,False,LPT/USDT,2025-07-11 20:00:00,2025,36,39,39,0.07466396352465372,84.0
1752264000000,SHORT,-6.9818809821057,-0.9172759112135996,6.6318809821057005,True,VET/USDT,2025-07-11 20:00:00,2025,37,40,40,0.129850744468704,46.800000000000004
1752264000000,SHORT,-4.69905794021817,-1.9128669418073128,8.555319450347074,False,API3/USDT,2025-07-11 20:00:00,2025,38,41,41,0.06082918415918756,99.8
1752264000000,SHORT,-0.5276514478593051,-0.9088724099405656,6.875004441286188,False,COTI/USDT,2025-07-11 20:00:00,2025,39,42,42,0.1579543652775681,45.6
1752264000000,SHORT,0.5802094214793727,-0.6112776622437359,6.636417450131823,True,DOGE/USDT,2025-07-11 20:00:00,2025,40,43,43,0.1504613169017019,82.39999999999999
1752264000000,SHORT,-6.7057427688851154,-0.9025376898655192,6.355742768885116,True,SUSHI/USDT,2025-07-11 20:00:00,2025,41,44,44,0.11209902667478781,66.60000000000001
1752264000000,SHORT,-2.599575551782688,0.9496721578598358,4.684932088285218,True,LTC/USDT,2025-07-11 20:00:00,2025,42,45,45,0.0807851349501497,69.0
1752264000000,SHORT,-4.334716157205236,-1.725365422503008,8.402838427947584,True,MEME/USDT,2025-07-11 20:00:00,2025,43,46,46,0.15871101775579524,38.6
1752264000000,SHORT,-3.1424439751261213,-1.3912674979032686,8.384723688841952,False,KAS/USDT,2025-07-11 20:00:00,2025,44,47,47,-0.09070613373774752,98.8
1752264000000,SHORT,-6.138627369913163,-1.3625647478618168,5.788627369913163,True,SUI/USDT,2025-07-11 20:00:00,2025,45,48,48,0.14590118003290034,78.0
1752264000000,SHORT,-2.763072392171756,0.8148266641914892,6.8843910317309325,False,ACH/USDT,2025-07-11 20:00:00,2025,46,49,49,0.05627321914713223,78.60000000000001
1752264000000,SHORT,-4.41973189676772,0.3231420955259854,4.0697318967677205,True,CHZ/USDT,2025-07-11 20:00:00,2025,47,50,50,0.17501800739700077,72.39999999999999
1752264000000,SHORT,7.167487710490521,-0.6281546488922013,7.517487710490521,True,ORDI/USDT,2025-07-11 20:00:00,2025,48,51,51,0.21982925095801406,46.2
1752264000000,SHORT,5.933905653832794,-1.1773541694030798,6.283905653832794,False,ROSE/USDT,2025-07-11 20:00:00,2025,49,52,52,0.15250113111103164,38.6
1752264000000,SHORT,7.071067285382823,-1.89152430757596,7.421067285382822,True,PEOPLE/USDT,2025-07-11 20:00:00,2025,50,53,53,0.16888543853294197,58.8
1752264000000,SHORT,5.050419649469263,-1.3306310439620377,5.400419649469263,True,ARB/USDT,2025-07-11 20:00:00,2025,51,53,53,0.18208552172047077,69.8
1752264000000,SHORT,4.99834038438292,-4.346437917159244,5.34834038438292,True,TRB/USDT,2025-07-11 20:00:00,2025,52,54,54,0.072524377585967,38.0
1752264000000,SHORT,-6.835728404823064,0.0722193760970607,6.485728404823064,False,TLM/USDT,2025-07-11 20:00:00,2025,53,55,55,0.14891893597032638,33.0
1752264000000,SHORT,-6.905383795309169,-1.817520247442735,6.55538379530917,False,IOTA/USDT,2025-07-11 20:00:00,2025,54,56,56,0.09896094185405685,49.2
1752264000000,SHORT,-5.195852796364075,-0.9715242309818772,4.845852796364075,False,NMR/USDT,2025-07-11 20:00:00,2025,55,57,57,0.04456637406070056,36.8
1752264000000,SHORT,-4.66199999999999,-0.5425615908612631,4.311999999999991,True,FLOW/USDT,2025-07-11 20:00:00,2025,56,58,58,0.14230025976337324,35.4
1752264000000,SHORT,-5.3849453080023,-0.8169486864728323,5.034945308002301,False,YGG/USDT,2025-07-11 20:00:00,2025,57,59,59,0.18846945042503363,40.2
1752264000000,SHORT,-5.03687872763419,0.2412218714438501,4.68687872763419,True,RUNE/USDT,2025-07-11 20:00:00,2025,58,60,60,0.06363225914653438,44.2
1752264000000,SHORT,-4.996007789678671,0.0425089290341116,4.646007789678672,True,NEO/USDT,2025-07-11 20:00:00,2025,59,61,61,0.13200877305894476,55.00000000000001
1752264000000,SHORT,-4.847974797479726,-0.108386360512719,4.497974797479726,False,QTUM/USDT,2025-07-11 20:00:00,2025,60,62,62,0.16100764961289152,49.6
1752264000000,SHORT,-4.803289473684184,-1.0065119269806844,4.453289473684184,True,AVAX/USDT,2025-07-11 20:00:00,2025,61,63,63,0.05984895446332321,79.80000000000001
1752264000000,SHORT,-4.716760337213965,-1.099793767103958,4.366760337213965,False,ZRX/USDT,2025-07-11 20:00:00,2025,62,64,64,0.18822598821550435,59.0
1752264000000,SHORT,-5.058172807181576,-1.096992174302554,4.708172807181576,True,ICP/USDT,2025-07-11 20:00:00,2025,63,65,65,0.08431307525617861,73.6
1752264000000,SHORT,-5.214030335861315,-0.8209774333756155,4.864030335861315,False,CHR/USDT,2025-07-11 20:00:00,2025,64,66,66,0.22625822188852956,38.6
1752264000000,SHORT,-5.191295862607337,0.3387970346622965,4.841295862607337,True,FIL/USDT,2025-07-11 20:00:00,2025,65,67,67,0.060176951343257463,55.60000000000001
1752264000000,SHORT,-5.366507727721152,-0.1904838510661415,5.0165077277211525,True,MANA/USDT,2025-07-11 20:00:00,2025,66,68,68,-0.006352619411127656,73.8
1752264000000,SHORT,-5.077848799779266,-0.9914081624169582,4.727848799779267,True,ENS/USDT,2025-07-11 20:00:00,2025,67,69,69,0.0925924656666311,69.19999999999999
1752264000000,SHORT,-4.527628049977091,-0.0582900864196746,4.177628049977091,True,LINK/USDT,2025-07-11 20:00:00,2025,68,70,70,0.09469185642132785,68.4
1752264000000,SHORT,-5.157419609910381,-1.4007954192350036,4.807419609910381,False,EGLD/USDT,2025-07-11 20:00:00,2025,69,71,71,0.1515643310533145,43.6
1752278400000,SHORT,-12.092307692307688,-2.6063924910104768,11.742307692307689,False,CYBER/USDT,2025-07-12 00:00:00,2025,70,72,72,0.34466865482976816,22.2
1752292800000,SHORT,-4.586689733088551,-1.5935992787803008,8.21804829826296,False,API3/USDT,2025-07-12 04:00:00,2025,2,70,72,-0.01489401115567439,33.2
1752292800000,SHORT,-4.832955575702626,-1.4568576202583854,4.4829555757026265,True,ALGO/USDT,2025-07-12 04:00:00,2025,3,70,72,0.1739919149042127,71.0
1752292800000,SHORT,-8.580932929904174,0.6240182077717149,8.230932929904174,True,CFX/USDT,2025-07-12 04:00:00,2025,4,71,73,0.04361806936567153,54.800000000000004
1752292800000,SHORT,-7.22540096230953,-1.0483143139534048,6.875400962309531,True,1000PEPE/USDT,2025-07-12 04:00:00,2025,5,71,73,0.05786065869389525,61.0
1752292800000,SHORT,4.80378499827167,-1.1646784779232362,5.15378499827167,False,ROSE/USDT,2025-07-12 04:00:00,2025,6,71,73,0.10864388560162215,38.6
1752292800000,SHORT,-6.78114329268292,-0.7015778128782226,6.43114329268292,True,OP/USDT,2025-07-12 04:00:00,2025,7,71,73,0.112160636181384,68.4
1752292800000,SHORT,-6.859735297375105,-4.390983760943941,6.509735297375105,False,SSV/USDT,2025-07-12 04:00:00,2025,8,71,73,0.004165263694260749,42.4
1752292800000,SHORT,4.453265306122428,-1.7265164635519028,4.803265306122428,True,GALA/USDT,2025-07-12 04:00:00,2025,9,71,73,0.054159843141613054,54.2
1752292800000,SHORT,4.213865546218479,-1.32185522685365,4.563865546218478,True,ARB/USDT,2025-07-12 04:00:00,2025,10,71,73,0.14630626412919323,69.8
1752292800000,SHORT,3.89906301920326,0.8021037209123494,4.24906301920326,True,BCH/USDT,2025-07-12 04:00:00,2025,11,72,74,-0.16080317595137958,81.8
1752292800000,SHORT,0.6939451183137894,-0.5949476744731731,6.567503479817052,True,DOGE/USDT,2025-07-12 04:00:00,2025,12,72,74,0.02187958255243752,82.19999999999999
1752292800000,SHORT,3.657498167827026,-0.7419599640811275,4.007498167827026,True,ENS/USDT,2025-07-12 04:00:00,2025,13,72,74,0.025807208360277816,69.19999999999999
1752292800000,SHORT,-2.067305151915454,0.7927420136044169,5.6566521985280245,False,ACH/USDT,2025-07-12 04:00:00,2025,14,72,74,-0.0007013339585963768,78.60000000000001
1752292800000,SHORT,-3.2208644610458927,-1.561558355406662,9.709146211312694,True,ORDI/USDT,2025-07-12 04:00:00,2025,15,72,74,0.15370486968495128,46.2
1752292800000,SHORT,-4.068682703923524,-0.4022454317337036,8.887058143810075,True,TIA/USDT,2025-07-12 04:00:00,2025,16,73,75,0.06166655662647618,43.8
1752292800000,SHORT,-5.013309553783743,-1.7009079265922855,4.663309553783743,True,ADA/USDT,2025-07-12 04:00:00,2025,17,73,75,0.09059853269962913,69.8
1752292800000,SHORT,-5.487343117408898,-0.6935776094694048,5.137343117408898,True,HBAR/USDT,2025-07-12 04:00:00,2025,18,73,75,0.15413033560672063,75.2
1752292800000,SHORT,-5.456405187411028,0.2907817212126903,5.106405187411029,True,AR/USDT,2025-07-12 04:00:00,2025,19,73,75,-0.006544426001846997,58.599999999999994
1752292800000,SHORT,4.224069767441848,0.9762294648864568,4.574069767441848,True,JASMY/USDT,2025-07-12 04:00:00,2025,20,73,75,1.8009702086470656e-05,81.6
1752292800000,SHORT,-4.603325026232941,-0.0576452399120664,4.253325026232941,True,LINK/USDT,2025-07-12 04:00:00,2025,21,73,75,0.05044832451432864,68.4
1752307200000,SHORT,3.7248209825145566,-0.4709643991003556,4.074820982514557,False,HIGH/USDT,2025-07-12 08:00:00,2025,21,73,75,0.0537781575280444,57.99999999999999
1752307200000,SHORT,1.091275682306046,1.0193185886262266,9.311928856179062,False,GAS/USDT,2025-07-12 08:00:00,2025,22,74,76,0.06661880737726052,1.0
1752307200000,SHORT,3.83190376569036,-1.7635038349266074,4.18190376569036,False,IOTA/USDT,2025-07-12 08:00:00,2025,23,74,76,0.008237022671989351,49.2
1752321600000,SHORT,-8.111872287662749,-0.7758378951349942,7.761872287662749,False,ANKR/USDT,2025-07-12 12:00:00,2025,4,25,77,0.0637635671637117,36.199999999999996
1752321600000,SHORT,-12.065370907253222,,11.715370907253222,True,XLM/USDT,2025-07-12 12:00:00,2025,5,26,77,0.009922648408810658,86.6
1752321600000,SHORT,-6.107097791798114,2.726249976086963,11.834356180097489,False,STEEM/USDT,2025-07-12 12:00:00,2025,6,27,78,0.036742028241669826,44.6
1752321600000,SHORT,-7.562205270457692,-0.4382464550048187,9.481414701803049,False,BAT/USDT,2025-07-12 12:00:00,2025,7,28,79,-0.013972855000181928,5.6000000000000005
1752321600000,SHORT,-7.3723311006367265,-0.1772374104732386,7.022331100636727,False,ASTR/USDT,2025-07-12 12:00:00,2025,8,29,80,0.15100532434682692,65.60000000000001
1752321600000,SHORT,-3.72951573222841,-0.5647836410959454,7.754641978505751,False,MTL/USDT,2025-07-12 12:00:00,2025,9,30,81,0.07545123776999803,49.0
1752321600000,SHORT,-4.992763938315535,-1.0841643488955457,4.642763938315535,False,STG/USDT,2025-07-12 12:00:00,2025,10,31,82,-0.05525658367885318,52.0
1752321600000,SHORT,-1.6195840086439808,-2.8622597422931,7.290113452187998,False,IOST/USDT,2025-07-12 12:00:00,2025,11,32,83,-0.023073827500384222,66.2
1752321600000,SHORT,-4.949257662835225,-3.309554609643957,4.5992576628352255,False,KAVA/USDT,2025-07-12 12:00:00,2025,12,33,83,-0.16959518191304307,24.4
1752321600000,SHORT,-6.029548133595266,1.4144833627803275,5.679548133595266,False,RLC/USDT,2025-07-12 12:00:00,2025,13,34,84,0.04254267974900043,49.4
1752321600000,SHORT,-8.280613413872107,-0.6919898387352712,7.930613413872106,True,HBAR/USDT,2025-07-12 12:00:00,2025,14,34,84,0.09042296646538653,75.0
1752321600000,SHORT,-6.953352976279264,0.9470721049399776,6.603352976279265,True,XRP/USDT,2025-07-12 12:00:00,2025,15,35,84,-0.04981489925191925,75.0
1752321600000,SHORT,-6.932447195921325,-0.2878245220108906,6.5824471959213255,False,ONT/USDT,2025-07-12 12:00:00,2025,16,36,85,0.1457065786797029,49.4
1752321600000,SHORT,-7.064946996466412,,6.714946996466413,False,1INCH/USDT,2025-07-12 12:00:00,2025,17,37,85,0.24587302658037197,52.2
1752321600000,SHORT,-7.001947489901882,-1.698635398259586,6.651947489901882,True,ADA/USDT,2025-07-12 12:00:00,2025,18,37,85,0.05476031946701083,69.8
1752336000000,SHORT,-2.9388958203368745,1.0124466151998326,11.187211478477836,False,GAS/USDT,2025-07-12 16:00:00,2025,16,36,83,0.013631358300103358,3.8
1752336000000,SHORT,-7.76481481481481,1.4601396363503236,7.41481481481481,True,CFX/USDT,2025-07-12 16:00:00,2025,17,36,83,0.03151480031810384,54.800000000000004
1752336000000,SHORT,-5.411745148595463,-1.3061397124707097,9.848168001085602,False,POLYX/USDT,2025-07-12 16:00:00,2025,18,37,84,-0.0028724875032128394,21.6
1752350400000,SHORT,-7.381999999999999,-0.4294607768105337,7.031999999999999,False,BAT/USDT,2025-07-12 20:00:00,2025,4,20,84,0.0022233806783615345,50.6
1752350400000,SHORT,-2.9795731707317,-0.5477436373886387,5.14171747967479,False,MTL/USDT,2025-07-12 20:00:00,2025,5,20,84,0.06180026068579901,26.8
1752350400000,SHORT,-4.611474721664533,0.9189837291259036,4.261474721664533,True,XRP/USDT,2025-07-12 20:00:00,2025,6,20,84,-0.08922815334684071,74.8
1752350400000,SHORT,-2.511431948665997,-0.2185379140910429,8.02320162107397,False,STORJ/USDT,2025-07-12 20:00:00,2025,7,21,85,0.000553609772967658,12.6
1752350400000,SHORT,-7.284232903915664,,6.934232903915665,True,XLM/USDT,2025-07-12 20:00:00,2025,8,21,85,-0.0756872331218308,75.8
1752350400000,SHORT,-4.503061224489767,-0.8933479061115696,4.153061224489767,False,ANKR/USDT,2025-07-12 20:00:00,2025,9,21,85,0.036361055816928826,36.199999999999996
1752364800000,SHORT,-4.559030418250932,1.0182696036915786,4.209030418250932,False,GAS/USDT,2025-07-13 00:00:00,2025,7,19,39,0.024198063129699125,3.8
1752422400000,SHORT,-8.152236421725227,1.5571407534003554,7.802236421725227,False,RLC/USDT,2025-07-13 16:00:00,2025,1,1,10,0.00919901257865821,49.4
1752480000000,SHORT,-10.711870177031315,-0.6673755649315314,10.361870177031316,False,IOTA/USDT,2025-07-14 08:00:00,2025,1,1,2,-0.10496446443304075,49.2
1752480000000,SHORT,-8.336096278992143,-0.4777907804575944,7.986096278992143,True,HBAR/USDT,2025-07-14 08:00:00,2025,2,2,3,-0.02863254833771194,74.0
1752494400000,SHORT,-8.992514835605427,0.5493124273415959,8.642514835605427,True,SAND/USDT,2025-07-14 12:00:00,2025,3,3,4,-0.09067255546958901,64.2
1752494400000,SHORT,-8.562091379527946,0.7208440334461923,8.212091379527946,True,STX/USDT,2025-07-14 12:00:00,2025,4,4,5,-0.19807234716780026,67.0
1752494400000,SHORT,-10.97289886039884,0.8968799751377418,10.62289886039884,True,ALGO/USDT,2025-07-14 12:00:00,2025,5,5,6,-0.0366218402228763,20.4
1752494400000,SHORT,-7.918327040371746,1.2576127090173674,7.568327040371746,True,AR/USDT,2025-07-14 12:00:00,2025,6,6,7,-0.09073567724428334,58.599999999999994
1752494400000,SHORT,-5.141612903225794,-0.1282199574054645,4.791612903225794,False,ZRX/USDT,2025-07-14 12:00:00,2025,7,7,8,0.0070112980369259215,59.0
1752494400000,SHORT,-4.866609235010313,0.1789141607882033,4.516609235010313,False,ONT/USDT,2025-07-14 12:00:00,2025,8,8,9,0.031121842939849886,48.6
1752494400000,SHORT,-11.136615051099414,1.157046268486153,10.786615051099414,True,JASMY/USDT,2025-07-14 12:00:00,2025,9,9,10,-0.11676522595997113,80.80000000000001
1752494400000,SHORT,-4.659202881710425,0.3331882670505888,4.3092028817104255,False,KAVA/USDT,2025-07-14 12:00:00,2025,10,10,11,-0.22454758927400548,24.4
1752508800000,SHORT,-7.7200394650296,1.0429883100681787,7.3700394650296,True,UNI/USDT,2025-07-14 16:00:00,2025,9,11,12,0.05359693763167314,67.60000000000001
1752508800000,SHORT,-9.115152473744136,0.8621825278661834,8.765152473744138,True,HBAR/USDT,2025-07-14 16:00:00,2025,10,11,12,-0.017285328085141972,73.8
1752508800000,SHORT,-9.916110860748086,0.1020628435857988,9.566110860748086,False,IOTA/USDT,2025-07-14 16:00:00,2025,11,11,12,-0.0771945042884399,27.0
1752523200000,SHORT,-5.099803220035757,1.7525674699291292,4.749803220035758,True,ALGO/USDT,2025-07-14 20:00:00,2025,4,11,11,-0.04694468582868824,67.60000000000001
1752552000000,SHORT,-7.830066079295154,1.7609606029425688,7.480066079295154,True,ALGO/USDT,2025-07-15 04:00:00,2025,1,4,11,-0.04590580756564794,70.6
1752580800000,SHORT,-5.947787294789418,1.738038897894921,5.597787294789418,True,ALGO/USDT,2025-07-15 12:00:00,2025,1,1,11,-0.06466149094618115,70.6
1752580800000,SHORT,2.0724394390140146,1.3107550454932684,10.231959201019974,False,SKL/USDT,2025-07-15 12:00:00,2025,2,2,12,-0.07479344617020428,1.4000000000000001
1752609600000,SHORT,0.1953020134228257,1.310011311948498,8.798573825503347,False,SKL/USDT,2025-07-15 20:00:00,2025,1,2,2,-0.07745351979747829,0.2
1752667200000,SHORT,3.812536626203408,0.8466541695427978,4.162536626203408,False,SKL/USDT,2025-07-16 12:00:00,2025,1,1,2,-0.10028449228468385,1.0
1752782400000,SHORT,9.679065802932143,0.3847332611402008,10.029065802932143,True,1000BONK/USDT,2025-07-17 20:00:00,2025,1,1,1,-0.016680157836646312,43.4
1752811200000,SHORT,5.956892067620278,1.588721040029125,9.658289986996094,True,ALGO/USDT,2025-07-18 04:00:00,2025,1,2,2,-0.07228956206562287,70.39999999999999
1752825600000,SHORT,5.046666848210878,1.656248171790582,5.396666848210877,True,LINK/USDT,2025-07-18 08:00:00,2025,2,3,3,-0.027851825688013192,66.60000000000001
1752825600000,SHORT,4.792486421243206,0.8951299843569408,5.1424864212432055,True,RUNE/USDT,2025-07-18 08:00:00,2025,3,4,4,-0.10135047292763366,42.8
1752825600000,SHORT,8.283233233233227,,8.633233233233227,True,CRV/USDT,2025-07-18 08:00:00,2025,4,5,5,-0.11939292599703775,55.00000000000001
1752825600000,SHORT,1.631069777679953,-0.4977739086510419,9.955411255411246,True,HBAR/USDT,2025-07-18 08:00:00,2025,5,6,6,0.001753674245882089,72.8
1752825600000,SHORT,-9.102458708708683,-0.30323062870504,8.752458708708684,True,LDO/USDT,2025-07-18 08:00:00,2025,6,7,7,0.024210792905229754,55.00000000000001
1752840000000,SHORT,-6.641658960606606,0.7447815930079871,6.291658960606607,True,GRT/USDT,2025-07-18 12:00:00,2025,6,7,8,-0.008611706830312777,68.0
1752840000000,SHORT,1.2044041450777168,1.2782386886281132,11.21347150259064,False,IOTA/USDT,2025-07-18 12:00:00,2025,7,8,9,-0.11712178845903162,49.2
1752840000000,SHORT,1.5274822481646346,0.4257789445150211,5.309567938380052,False,TWT/USDT,2025-07-18 12:00:00,2025,8,9,10,-0.07335547470433856,22.6
1752840000000,SHORT,-6.163813184253415,-0.285003737400145,5.813813184253415,False,NMR/USDT,2025-07-18 12:00:00,2025,9,10,11,-0.0024155787316280887,35.0
1752840000000,SHORT,-6.124859205776161,2.419973202936187,5.774859205776162,True,NEO/USDT,2025-07-18 12:00:00,2025,10,11,12,-0.01841202468875448,54.2
1752840000000,SHORT,-6.049372869228484,1.643157807219011,5.699372869228484,True,AVAX/USDT,2025-07-18 12:00:00,2025,11,12,13,-0.11960946268625296,79.2
1752840000000,SHORT,-4.309721605212502,1.199915424965747,8.858101584480961,True,XRP/USDT,2025-07-18 12:00:00,2025,12,13,14,-0.09206634939809269,99.6
1752840000000,SHORT,-8.134054514480404,1.910204920839749,7.784054514480404,True,IMX/USDT,2025-07-18 12:00:00,2025,13,14,15,-0.0559186007967603,41.8
1752840000000,SHORT,-7.199816633147974,2.354284782079742,6.849816633147975,True,STX/USDT,2025-07-18 12:00:00,2025,14,15,16,-0.05267398198619037,66.4
1752840000000,SHORT,-6.668224560617922,1.0126905003319566,6.318224560617923,True,THETA/USDT,2025-07-18 12:00:00,2025,15,16,17,0.006537724426256402,56.00000000000001
1752840000000,SHORT,-6.640375515651535,-1.0781776963735623,6.290375515651535,True,SAND/USDT,2025-07-18 12:00:00,2025,16,17,18,-0.06429357668955049,64.0
1752840000000,SHORT,-9.669915531930371,2.7582759311300884,9.319915531930372,True,ENS/USDT,2025-07-18 12:00:00,2025,17,18,19,0.012498971932558606,68.60000000000001
1752840000000,SHORT,-7.840528519099962,0.0107788352208651,7.490528519099962,True,GALA/USDT,2025-07-18 12:00:00,2025,18,19,20,-0.0027553980300304357,53.400000000000006
1752840000000,SHORT,-9.31508297771454,-1.5591128092511104,8.965082977714541,True,ORDI/USDT,2025-07-18 12:00:00,2025,19,20,21,0.058848058734637665,43.2
1752840000000,SHORT,-2.414641660361044,-0.2491652116972972,8.767657550535048,False,RSR/USDT,2025-07-18 12:00:00,2025,20,21,22,-0.12290708177008296,67.0
1752840000000,SHORT,-8.4031082654249,-0.4470170056004961,8.0531082654249,True,DOT/USDT,2025-07-18 12:00:00,2025,21,22,23,-0.03935644484247276,64.60000000000001
1752840000000,SHORT,-8.137198515769917,0.0532494013708188,7.787198515769917,False,ZEN/USDT,2025-07-18 12:00:00,2025,22,23,24,0.0026921086581744957,52.400000000000006
1752840000000,SHORT,-8.06296514193262,-0.9772873377857516,7.712965141932621,True,VET/USDT,2025-07-18 12:00:00,2025,23,24,25,0.03641465202572852,46.800000000000004
1752840000000,SHORT,-8.78712828409199,1.1288290125862603,8.43712828409199,True,LTC/USDT,2025-07-18 12:00:00,2025,24,25,26,-0.010660592957485667,68.60000000000001
1752840000000,SHORT,-8.028442888336707,-1.2607039147639134,7.678442888336708,True,PYTH/USDT,2025-07-18 12:00:00,2025,25,26,27,0.03994243579768547,45.2
1752840000000,SHORT,-7.358624265468372,1.4286822572313989,7.008624265468372,True,ICP/USDT,2025-07-18 12:00:00,2025,26,27,28,0.00413455246794075,72.6
1752840000000,SHORT,-7.384989461005712,-1.2225418590265558,7.034989461005712,True,MANA/USDT,2025-07-18 12:00:00,2025,27,28,29,-0.08809651034933443,73.0
1752840000000,SHORT,-7.781502991904246,0.4101841662864212,7.431502991904247,True,NEAR/USDT,2025-07-18 12:00:00,2025,28,29,30,-0.08813498374708541,69.8
1752840000000,SHORT,-9.67381675175934,-1.1948306286393506,9.323816751759342,False,LPT/USDT,2025-07-18 12:00:00,2025,29,30,31,0.04289222550486255,69.39999999999999
1752840000000,SHORT,-9.56311694626793,2.4339539614571564,9.213116946267933,True,ADA/USDT,2025-07-18 12:00:00,2025,30,31,32,-0.024576794010181098,68.60000000000001
1752854400000,SHORT,0.2939894319682958,0.6368021858013495,6.01392007926023,False,YFI/USDT,2025-07-18 16:00:00,2025,26,32,33,-0.03463692067692152,58.199999999999996
1752854400000,SHORT,-0.7208281829419002,-0.4956836738948303,8.294845862831027,True,HBAR/USDT,2025-07-18 16:00:00,2025,27,32,33,-0.0019104669587123276,72.6
1752854400000,SHORT,-5.829812206572757,-0.0007684750548209,5.479812206572757,True,FIL/USDT,2025-07-18 16:00:00,2025,28,33,34,-0.08338869340947759,55.00000000000001
1752854400000,SHORT,-9.45459491458534,1.643847253024165,9.10459491458534,True,LINK/USDT,2025-07-18 16:00:00,2025,29,33,34,-0.005300416104021598,66.4
1752854400000,SHORT,-8.342377224862538,-0.2977369543040558,7.992377224862539,True,LDO/USDT,2025-07-18 16:00:00,2025,30,33,34,0.0001362763117178386,55.00000000000001
1752854400000,SHORT,-9.338582290376308,0.6335137848045469,8.988582290376307,True,DOGE/USDT,2025-07-18 16:00:00,2025,31,34,35,0.05953691362654595,79.80000000000001
1752854400000,SHORT,-5.322858020897354,1.7778851102569608,4.9728580208973545,True,BNB/USDT,2025-07-18 16:00:00,2025,32,35,36,0.07296102103828526,99.8
1752854400000,SHORT,-3.5775202550139444,0.9393296173241804,9.372160977553436,True,OP/USDT,2025-07-18 16:00:00,2025,33,36,37,0.010259862725187434,99.8
1752868800000,SHORT,-7.014194382852913,-0.9711104668120027,6.664194382852913,True,VET/USDT,2025-07-18 20:00:00,2025,9,35,37,0.04187048345895099,46.800000000000004
1752868800000,SHORT,-4.5280316344463785,1.1825160990568273,4.178031634446379,True,XRP/USDT,2025-07-18 20:00:00,2025,10,35,37,-0.10880357292693926,73.2
1752912000000,SHORT,0.9588674719077478,3.3125815082023515,9.493779723075615,True,ETC/USDT,2025-07-19 08:00:00,2025,1,3,36,0.09545776480384081,63.6
1752926400000,SHORT,-7.160621879255551,0.913315026818731,6.810621879255551,True,DOGE/USDT,2025-07-19 12:00:00,2025,2,2,34,0.06870264207219025,79.2
1752926400000,SHORT,-10.216463247394389,0.8260913064008952,9.866463247394387,True,MASK/USDT,2025-07-19 12:00:00,2025,3,3,35,-0.06395389887035892,11.200000000000001
1752940800000,SHORT,5.039903420353418,3.2418808387305087,9.724672093121328,True,ETC/USDT,2025-07-19 16:00:00,2025,3,3,12,0.11212897567894944,63.4
1753041600000,SHORT,8.474761925374413,3.050205251175844,8.824761925374412,True,PENDLE/USDT,2025-07-20 20:00:00,2025,1,1,1,-0.07187671814761529,58.199999999999996
1753041600000,SHORT,-6.710544217687071,-0.9233444691783718,6.360544217687071,False,ARK/USDT,2025-07-20 20:00:00,2025,2,2,2,-0.09171911751484918,6.4
1753041600000,SHORT,8.422734906373314,1.653618032273105,8.772734906373314,True,LDO/USDT,2025-07-20 20:00:00,2025,3,3,3,-0.02555834094635385,54.400000000000006
1753070400000,SHORT,4.982127175150421,1.936315101760512,5.33212717515042,True,LDO/USDT,2025-07-21 04:00:00,2025,1,3,3,-0.03446354830966401,54.2
1753084800000,SHORT,4.076551258992788,-0.0070875461838218,4.426551258992788,False,IOST/USDT,2025-07-21 08:00:00,2025,2,4,4,0.05974051582873327,5.4
1753084800000,SHORT,7.061735941320289,,7.411735941320289,False,CKB/USDT,2025-07-21 08:00:00,2025,3,5,5,0.20492123042498028,16.2
1753084800000,SHORT,4.957745094402604,0.951276820182672,5.307745094402604,False,ACH/USDT,2025-07-21 08:00:00,2025,4,6,6,-0.0018023648792583691,73.6
1753113600000,SHORT,6.539051094890498,2.7151120557733344,6.8890510948904975,True,ADA/USDT,2025-07-21 16:00:00,2025,1,5,7,0.006927941443699507,66.8
1753113600000,SHORT,8.294706810412825,1.2102905129967498,8.644706810412824,True,JASMY/USDT,2025-07-21 16:00:00,2025,2,6,8,-0.03934995987596633,78.0
1753113600000,SHORT,5.259908133077277,1.6460602168107137,5.609908133077276,True,LINK/USDT,2025-07-21 16:00:00,2025,3,7,9,0.007770974868577535,64.8
1753113600000,SHORT,4.765367913148388,2.2236545654876254,5.115367913148388,True,AR/USDT,2025-07-21 16:00:00,2025,4,8,10,-0.03790576629820478,57.199999999999996
1753113600000,SHORT,8.770750107774095,-0.1414096309491326,9.120750107774096,False,BIGTIME/USDT,2025-07-21 16:00:00,2025,5,9,11,-0.06230478996395807,31.8
1753113600000,SHORT,5.5041859854780775,1.8158265863100835,5.854185985478077,True,GRT/USDT,2025-07-21 16:00:00,2025,6,10,12,0.00015458656570545743,66.2
1753113600000,SHORT,4.898908383613832,1.6174188038618984,5.248908383613832,True,AVAX/USDT,2025-07-21 16:00:00,2025,7,11,13,-0.1394502181950054,77.4
1753113600000,SHORT,5.052845029565983,0.261581601505221,5.402845029565983,False,ENJ/USDT,2025-07-21 16:00:00,2025,8,12,14,-0.031003393755551785,49.8
1753113600000,SHORT,6.596385542168664,0.8119808930516844,6.946385542168663,False,MINA/USDT,2025-07-21 16:00:00,2025,9,13,15,-0.021615206182978956,49.8
1753142400000,SHORT,9.771297429620535,2.0404764706814995,10.121297429620537,False,RLC/USDT,2025-07-22 00:00:00,2025,1,10,14,-0.12330904081833238,47.0
1753142400000,SHORT,5.381407942238261,2.681052711501293,5.731407942238261,True,ADA/USDT,2025-07-22 00:00:00,2025,2,10,14,-0.004067046583481074,66.60000000000001
1753142400000,SHORT,4.342282186142222,0.6099810338023177,4.692282186142221,False,AGLD/USDT,2025-07-22 00:00:00,2025,3,11,15,-0.09900177702941758,78.8
1753156800000,SHORT,-8.542207792207785,1.5342994016545333,8.192207792207785,False,STEEM/USDT,2025-07-22 04:00:00,2025,4,12,16,-0.08498607534046743,34.0
1753185600000,SHORT,8.289304252800285,1.1852666368821227,8.639304252800285,False,KAS/USDT,2025-07-22 12:00:00,2025,1,5,13,-0.07990937953946675,95.39999999999999
1753257600000,SHORT,4.522021880064824,-1.184376610697514,4.872021880064824,True,SOL/USDT,2025-07-23 08:00:00,2025,1,1,2,-0.05186997860510979,81.8
1753286400000,SHORT,-5.793723168311674,1.8860968730583685,5.443723168311674,True,BNB/USDT,2025-07-23 16:00:00,2025,1,2,2,-0.1114518381609265,99.6
1753300800000,LONG,-11.08523767989532,,10.73523767989532,False,SLP/USDT,2025-07-23 20:00:00,2025,2,3,3,0.1670977881237566,0.0
1753675200000,SHORT,4.827039092664079,2.1305842517605127,5.177039092664079,True,BCH/USDT,2025-07-28 04:00:00,2025,1,1,1,-0.04810529494299371,79.2
1753704000000,SHORT,10.353705921490354,-0.5499210106064555,10.703705921490354,False,CAKE/USDT,2025-07-28 12:00:00,2025,1,2,2,0.1726565183581426,35.199999999999996
1753732800000,SHORT,4.485202794488632,1.4598174073403989,4.835202794488631,True,BNB/USDT,2025-07-28 20:00:00,2025,1,2,3,0.021662141898095413,98.4
1754409600000,SHORT,-1.7076545060802897,1.6067380856407465,7.944052973513226,True,LTC/USDT,2025-08-05 16:00:00,2025,1,1,1,-0.08524689467706065,65.4
1754654400000,SHORT,-0.935880064243215,5.508893853466384,6.292089488090101,True,XLM/USDT,2025-08-08 12:00:00,2025,1,1,1,0.12639027092652605,45.6
1754654400000,LONG,5.058088698034268,,5.408088698034268,True,XMR/USDT,2025-08-08 12:00:00,2025,2,2,2,-0.034805252279421744,93.0
1754654400000,SHORT,-0.0674439545426284,1.5260035227003688,5.3047227224740565,True,XRP/USDT,2025-08-08 12:00:00,2025,3,3,3,0.10511700913390959,67.80000000000001
1754769600000,SHORT,9.085759036144568,,9.435759036144567,False,SLP/USDT,2025-08-09 20:00:00,2025,1,1,1,0.15264800196236908,2.8000000000000003
1754784000000,SHORT,-6.649374965931995,4.288838203864294,6.299374965931995,True,PENDLE/USDT,2025-08-10 00:00:00,2025,2,2,2,0.041758190620123994,53.0
1754784000000,SHORT,5.151014947407261,0.9500930499795076,5.501014947407261,True,COMP/USDT,2025-08-10 00:00:00,2025,3,3,3,-0.012308617341829444,61.0
1754798400000,SHORT,-4.3995327102803685,1.4453585583207644,4.049532710280369,True,FIL/USDT,2025-08-10 04:00:00,2025,3,4,4,-0.021983150498681592,49.2
1754798400000,SHORT,5.16607780865421,-0.2324013797437201,5.5160778086542095,False,API3/USDT,2025-08-10 04:00:00,2025,4,5,5,-0.0560895055171689,21.6
1754798400000,SHORT,5.29579063994269,-0.3294128431995447,5.64579063994269,True,1000PEPE/USDT,2025-08-10 04:00:00,2025,5,6,6,-0.06832021656440651,55.2
1754798400000,SHORT,5.13412756598239,2.1182986593925235,5.48412756598239,True,NEAR/USDT,2025-08-10 04:00:00,2025,6,7,7,-0.09769876220143418,54.400000000000006
1754798400000,SHORT,5.1636448831688,1.7351761025389123,5.5136448831688,False,WOO/USDT,2025-08-10 04:00:00,2025,7,8,8,-0.04658158253282047,39.800000000000004
1754798400000,SHORT,-4.719110320284678,0.961359578702762,4.369110320284678,True,RUNE/USDT,2025-08-10 04:00:00,2025,8,9,9,-0.069088365114644,37.6
1754798400000,SHORT,4.688582677165345,0.4512554761045975,5.038582677165345,True,GMT/USDT,2025-08-10 04:00:00,2025,9,10,10,-0.0946750334400741,46.2
1754798400000,SHORT,-7.611244187066761,2.733418971133602,7.261244187066762,True,ETC/USDT,2025-08-10 04:00:00,2025,10,11,11,-0.11830797509758201,58.4
1754798400000,SHORT,-3.721952273906277,0.6537687243140419,7.411015044094755,False,YFI/USDT,2025-08-10 04:00:00,2025,11,12,12,-0.06912156395894961,51.4
1754798400000,SHORT,-1.9657811260904072,-0.3604662451465655,8.333544805709755,True,ORDI/USDT,2025-08-10 04:00:00,2025,12,13,13,-0.07569132014742222,38.2
1754798400000,SHORT,0.2139227013272865,4.363579825094589,11.053572656626082,True,ENS/USDT,2025-08-10 04:00:00,2025,13,14,14,-0.06425352919625399,60.6
1754798400000,SHORT,1.623359644795269,,11.928268376911689,False,SLP/USDT,2025-08-10 04:00:00,2025,14,14,14,0.1497460631309347,2.8000000000000003
1754798400000,SHORT,4.202119700748117,0.9085546363386754,4.552119700748117,True,DOT/USDT,2025-08-10 04:00:00,2025,15,15,15,-0.06198204296219081,32.800000000000004
1754798400000,SHORT,5.701260504201664,-1.1298990761935384,6.051260504201664,True,PEOPLE/USDT,2025-08-10 04:00:00,2025,16,16,16,-0.13466038320826773,53.400000000000006
1754798400000,SHORT,5.79259211209131,-0.0253650854411247,6.14259211209131,True,AR/USDT,2025-08-10 04:00:00,2025,17,17,17,-0.12144273144351242,52.0
1754798400000,SHORT,-9.938072298749898,4.178102544477931,9.588072298749898,True,LDO/USDT,2025-08-10 04:00:00,2025,18,18,18,0.06266908196460222,51.6
1754798400000,SHORT,-9.128720850480072,2.5762010096770496,8.778720850480072,True,IMX/USDT,2025-08-10 04:00:00,2025,19,19,19,-0.13432547704368772,38.4
1754798400000,SHORT,-4.967549668874165,2.29146099812672,4.617549668874165,True,CHZ/USDT,2025-08-10 04:00:00,2025,20,20,20,-0.04606927933185465,62.6
1754798400000,SHORT,5.681428571428568,1.175477480024764,6.031428571428568,False,ROSE/USDT,2025-08-10 04:00:00,2025,21,21,21,-0.1012493374116446,38.800000000000004
1754798400000,SHORT,-8.802738131389818,1.6977615105721091,8.452738131389818,False,SSV/USDT,2025-08-10 04:00:00,2025,22,22,22,-0.031501462060030704,36.8
1754798400000,SHORT,-8.105975833990012,-0.2791157744825721,7.755975833990012,True,OP/USDT,2025-08-10 04:00:00,2025,23,23,23,-0.0062449924037624996,62.6
1754798400000,SHORT,4.425578373581791,0.8460004190949256,4.775578373581791,False,EGLD/USDT,2025-08-10 04:00:00,2025,24,24,24,-0.09795491810646943,37.8
1754798400000,SHORT,-5.542682926829248,1.6716813171064453,5.1926829268292485,True,SNX/USDT,2025-08-10 04:00:00,2025,25,25,25,-0.05542751377189101,41.4
1754798400000,SHORT,4.76723963599595,1.881667779522562,5.11723963599595,False,MINA/USDT,2025-08-10 04:00:00,2025,26,26,26,-0.08577244329422748,45.0
1754798400000,SHORT,-6.857505917796417,0.7738125363148103,6.507505917796418,True,DOGE/USDT,2025-08-10 04:00:00,2025,27,27,27,-0.13201616928131021,72.39999999999999
1754798400000,SHORT,-7.536795774647859,2.0271656337730186,7.18679577464786,True,ARB/USDT,2025-08-10 04:00:00,2025,28,28,28,-0.03876921712137684,64.4
1754798400000,SHORT,-6.394736842105263,1.6575750268813545,6.044736842105263,True,DYDX/USDT,2025-08-10 04:00:00,2025,29,29,29,-0.044051649013126096,36.4
1754798400000,SHORT,-6.026311239193067,1.5268291963011134,5.676311239193067,True,GALA/USDT,2025-08-10 04:00:00,2025,30,30,30,-0.060627541236403196,47.199999999999996
1754798400000,SHORT,-5.596667654028425,2.345452601194613,5.246667654028426,False,LPT/USDT,2025-08-10 04:00:00,2025,31,31,31,-0.08382777188827598,81.0
1754798400000,SHORT,-5.17070841889116,1.608706264626665,4.820708418891161,True,GRT/USDT,2025-08-10 04:00:00,2025,32,32,32,-0.13573812771845334,61.8
1754798400000,SHORT,-10.183174922317662,-1.324943182711592,9.833174922317662,False,MAV/USDT,2025-08-10 04:00:00,2025,33,33,33,-0.028393012950062847,21.2
1754798400000,SHORT,4.233686033089631,1.6234540406363502,4.583686033089631,False,ZRX/USDT,2025-08-10 04:00:00,2025,34,34,34,-0.07470141278167063,50.6
1754812800000,SHORT,5.569047619047598,0.9510523790608396,5.919047619047598,False,SKL/USDT,2025-08-10 08:00:00,2025,33,35,35,-0.12756992831843067,41.8
1754812800000,SHORT,-5.808285714285701,1.8676496692069195,5.458285714285702,True,CELO/USDT,2025-08-10 08:00:00,2025,34,36,36,-0.12661444180645157,30.4
1754812800000,SHORT,6.252647771769513,0.9451710017388788,6.6026477717695125,True,COMP/USDT,2025-08-10 08:00:00,2025,35,36,36,-0.0011167549672764252,60.8
1754827200000,SHORT,-8.075844795381196,2.545284309879788,7.725844795381195,True,IMX/USDT,2025-08-10 12:00:00,2025,4,36,36,-0.1371677554742486,38.4
1754827200000,SHORT,3.2122975967274585,0.6457115240895634,5.873171978864832,False,YFI/USDT,2025-08-10 12:00:00,2025,5,36,36,-0.03389475933671375,51.2
1754827200000,SHORT,-7.176186666666653,-1.2976991917582537,6.826186666666653,False,MAV/USDT,2025-08-10 12:00:00,2025,6,36,36,-0.08390856557954603,34.8
1754827200000,SHORT,7.903997415066463,-3.4063397782913296,8.253997415066463,False,HFT/USDT,2025-08-10 12:00:00,2025,7,37,37,0.09161306451791917,49.4
1754841600000,SHORT,11.513090057835283,,11.863090057835285,False,GMX/USDT,2025-08-10 16:00:00,2025,5,37,38,0.2885761337620063,1.4000000000000001
1754856000000,SHORT,4.078843461215337,-3.430047099246421,4.428843461215337,False,HFT/USDT,2025-08-10 20:00:00,2025,2,8,38,0.09590268025011671,33.6
1754884800000,SHORT,-10.074161073825506,-1.29142585817247,9.724161073825506,False,MAV/USDT,2025-08-11 04:00:00,2025,1,3,37,-0.07913666208307277,34.4
1754899200000,SHORT,-8.277001963779162,-0.20610662535328,7.927001963779161,False,RSR/USDT,2025-08-11 08:00:00,2025,2,3,9,-0.06827142581433374,61.6
1754899200000,SHORT,-10.120507236195026,4.060067025156201,9.770507236195026,True,LDO/USDT,2025-08-11 08:00:00,2025,3,4,10,0.11594799764285632,51.0
1754899200000,SHORT,-10.528848223896636,-2.853207947176,10.178848223896637,False,CYBER/USDT,2025-08-11 08:00:00,2025,4,5,11,-0.01807844993701488,19.2
1754928000000,SHORT,9.80957446808511,,11.290319148936163,False,STG/USDT,2025-08-11 16:00:00,2025,1,5,7,-0.05330307937899948,27.200000000000003
1754942400000,SHORT,-8.627036789297632,3.960317421564102,8.277036789297632,True,LDO/USDT,2025-08-11 20:00:00,2025,2,4,6,0.011560718960934744,50.6
1754956800000,SHORT,6.017193460490445,,6.367193460490444,False,STG/USDT,2025-08-12 00:00:00,2025,2,2,5,-0.04683823556362463,4.2
1754971200000,SHORT,-7.9075880398670995,3.9330143359894,7.5575880398671,True,LDO/USDT,2025-08-12 04:00:00,2025,2,2,5,0.007726465859096654,50.4
1755072000000,SHORT,4.955056179775274,,5.305056179775273,False,CYBER/USDT,2025-08-13 08:00:00,2025,1,1,1,-0.11807553168806395,1.0
1755144000000,SHORT,7.163040279565939,2.7014250118097185,7.513040279565939,True,ARB/USDT,2025-08-14 04:00:00,2025,1,1,2,0.09842240689982307,63.6
1755720000000,SHORT,-9.28013956734122,,8.930139567341222,False,API3/USDT,2025-08-20 20:00:00,2025,1,1,1,-0.03472832712469253,6.4
1755964800000,SHORT,8.68425837320573,1.4021857275661262,9.034258373205729,True,AAVE/USDT,2025-08-23 16:00:00,2025,1,1,1,0.10525846140312711,65.2
1755993600000,SHORT,4.553787878787877,-0.6838890319231854,4.903787878787877,False,ASTR/USDT,2025-08-24 00:00:00,2025,1,2,2,-0.026128614968027375,49.6
1755993600000,SHORT,9.966576017313535,1.4027009551339704,10.316576017313537,True,AAVE/USDT,2025-08-24 00:00:00,2025,2,2,2,0.08972590392848756,65.0
1756123200000,SHORT,11.60891730322152,,11.95891730322152,False,QTUM/USDT,2025-08-25 12:00:00,2025,1,1,1,-0.11256292618041869,1.4000000000000001
1757203200000,LONG,4.873559759243345,0.0215835562179346,9.037986733816483,True,TRX/USDT,2025-09-07 00:00:00,2025,1,1,1,0.12704002657916705,0.0
1757232000000,LONG,5.737195793078159,-0.2091455876057864,9.43845542374954,True,TRX/USDT,2025-09-07 08:00:00,2025,1,1,1,-0.0605546863444358,0.0
1757376000000,SHORT,4.716572694321393,0.9007730816734476,5.066572694321392,True,ZEC/USDT,2025-09-09 00:00:00,2025,1,1,1,-0.011982417913354672,38.6
1757419200000,SHORT,-5.093024439918515,0.1378932684629902,4.743024439918515,True,PEOPLE/USDT,2025-09-09 12:00:00,2025,1,2,2,0.08014095484521534,47.199999999999996
1757419200000,SHORT,-5.101818181818167,-0.7585337258855184,4.751818181818168,False,MINA/USDT,2025-09-09 12:00:00,2025,2,3,3,-0.06980581073125411,38.6
1757419200000,SHORT,-5.1056710775047165,-1.601267573864118,4.755671077504717,False,ONE/USDT,2025-09-09 12:00:00,2025,3,4,4,0.02027022500332788,23.599999999999998
1757419200000,SHORT,-5.5786356821589225,-0.3729993202403938,7.029272863568206,False,BIGTIME/USDT,2025-09-09 12:00:00,2025,4,5,5,-0.03148472510182708,18.4
1757419200000,SHORT,-5.703282442748081,0.7855718215522213,5.353282442748081,False,EDU/USDT,2025-09-09 12:00:00,2025,5,6,6,-0.253291487519047,25.8
1757419200000,SHORT,-5.819714070729859,-0.0049879006450855,5.469714070729859,True,NEAR/USDT,2025-09-09 12:00:00,2025,6,7,7,0.12391070167246994,59.0
1757419200000,SHORT,-8.334274193548376,-0.4561717003162575,7.984274193548376,False,ROSE/USDT,2025-09-09 12:00:00,2025,7,8,8,0.04390684863555009,35.6
1757419200000,SHORT,-7.733609682567818,-0.7964237166745847,7.383609682567818,True,1000BONK/USDT,2025-09-09 12:00:00,2025,8,9,9,-0.10649684437629829,30.2
1757419200000,SHORT,-5.806812339331604,-0.1408482855165256,5.456812339331604,True,CRV/USDT,2025-09-09 12:00:00,2025,9,10,10,0.02211845875417139,38.4
1757419200000,SHORT,-5.765090508238563,-1.5029544397566272,5.415090508238563,True,SUI/USDT,2025-09-09 12:00:00,2025,10,11,11,-0.054671999112068506,60.8
1757419200000,SHORT,-7.048274824473427,-1.923100252500488,6.698274824473427,False,CKB/USDT,2025-09-09 12:00:00,2025,11,12,12,-0.12795945885766755,49.8
1757419200000,SHORT,-5.085872235872241,-1.0032997400057009,4.735872235872241,False,DUSK/USDT,2025-09-09 12:00:00,2025,12,13,13,0.02024084048168168,19.400000000000002
1757419200000,SHORT,-6.56260145237078,-1.002639521098451,6.21260145237078,True,AR/USDT,2025-09-09 12:00:00,2025,13,14,14,0.14738179530088796,43.8
1757419200000,SHORT,-6.881639353902838,-0.9676466807099002,6.531639353902839,True,1000PEPE/USDT,2025-09-09 12:00:00,2025,14,15,15,0.030125142930602606,47.599999999999994
1757419200000,SHORT,-5.025621136125039,-0.665281003233991,4.675621136125039,True,ADA/USDT,2025-09-09 12:00:00,2025,15,16,16,-0.04537203823923909,53.400000000000006
1757419200000,SHORT,-5.045617529880472,-1.193081933965071,4.695617529880472,True,GMT/USDT,2025-09-09 12:00:00,2025,16,17,17,-0.08853018339672937,43.0
1757419200000,SHORT,-4.433106180665601,-0.2346126560825207,4.0831061806656015,True,GRT/USDT,2025-09-09 12:00:00,2025,17,18,18,0.04220755912822507,54.6
1757419200000,SHORT,-4.350705371676605,-0.0863225383116117,4.000705371676605,False,ZEN/USDT,2025-09-09 12:00:00,2025,18,19,19,0.06145892707691209,37.8
1757419200000,SHORT,-4.938361045130628,-0.9146207085589616,4.588361045130628,True,GALA/USDT,2025-09-09 12:00:00,2025,19,20,20,0.1025563809224818,40.400000000000006
1757419200000,SHORT,-4.554036520903402,-1.1782458515735976,4.2040365209034025,True,CHZ/USDT,2025-09-09 12:00:00,2025,20,21,21,0.012191612544000223,57.4
1757419200000,SHORT,-4.792584144988274,-0.2591090538738379,4.442584144988274,True,THETA/USDT,2025-09-09 12:00:00,2025,21,22,22,-0.06246990295806742,44.6
1757419200000,SHORT,-4.581183635227978,-0.9429289996144348,4.231183635227978,True,STX/USDT,2025-09-09 12:00:00,2025,22,23,23,0.03931903045993521,50.6
1757419200000,SHORT,-4.928078724212114,-1.595694901925059,4.578078724212114,False,BLUR/USDT,2025-09-09 12:00:00,2025,23,24,24,-0.07142652721922184,46.0
1757419200000,SHORT,-3.839531405782656,-1.231130306071696,6.199999999999991,False,CHR/USDT,2025-09-09 12:00:00,2025,24,25,25,-0.09704510681955175,25.0
1757419200000,SHORT,-4.508314081555892,-0.8228221948470119,4.1583140815558925,True,XLM/USDT,2025-09-09 12:00:00,2025,25,26,26,-0.05455171400400269,49.8
1757419200000,SHORT,-6.040365448504976,-1.7286806640889982,5.690365448504976,True,ARB/USDT,2025-09-09 12:00:00,2025,26,27,27,0.16800549354512403,60.0
1757419200000,SHORT,-6.093870796928766,-0.4423905868327145,5.743870796928767,True,OP/USDT,2025-09-09 12:00:00,2025,27,28,28,0.11379169616202142,57.8
1757419200000,SHORT,-6.437619047619039,-0.7051809103772775,6.08761904761904,False,SLP/USDT,2025-09-09 12:00:00,2025,28,29,29,0.041570863631859085,3.5999999999999996
1757433600000,SHORT,-4.592504996668876,-0.0434273367078607,4.242504996668877,True,APE/USDT,2025-09-09 16:00:00,2025,29,29,30,0.05172420170862417,59.8
1757448000000,SHORT,-6.780713743356101,-0.0049533430325513,6.430713743356101,True,NEAR/USDT,2025-09-09 20:00:00,2025,2,29,30,0.09963226496956053,58.8
1757448000000,SHORT,-5.027392646646073,-0.7343501641448106,4.677392646646074,True,AR/USDT,2025-09-09 20:00:00,2025,3,29,30,0.10634568662365292,43.8
1757448000000,SHORT,-6.773807803468194,-0.9733969475210767,6.423807803468194,False,ROSE/USDT,2025-09-09 20:00:00,2025,4,29,30,0.012640831396179292,35.6
1757448000000,SHORT,-3.227920470369807,-0.1002977620853928,10.123595853318886,True,ARKM/USDT,2025-09-09 20:00:00,2025,5,30,31,0.09548810447422625,0.0
1757476800000,SHORT,-10.047447719413793,0.1240066304943302,9.697447719413791,True,ARKM/USDT,2025-09-10 04:00:00,2025,1,5,30,0.046984238641757374,47.0
1757491200000,SHORT,-5.752525064983272,-0.9732634484792924,5.402525064983272,False,ROSE/USDT,2025-09-10 08:00:00,2025,2,4,30,0.006849854757553303,35.6
1757491200000,SHORT,-9.986297451898052,-0.8251053636593273,9.636297451898052,True,ORDI/USDT,2025-09-10 08:00:00,2025,3,5,31,0.10405504127698928,30.2
1757491200000,SHORT,10.831027081456355,,11.181027081456357,True,WLD/USDT,2025-09-10 08:00:00,2025,4,6,32,0.02966686176306601,46.800000000000004
1757520000000,SHORT,7.211612744830584,,7.561612744830583,True,WLD/USDT,2025-09-10 16:00:00,2025,1,4,7,0.016557527050312378,46.6
1757592000000,SHORT,5.948103850641774,0.2137671430423415,6.298103850641773,False,CTK/USDT,2025-09-11 12:00:00,2025,1,1,2,0.0699966462366225,68.4
1757635200000,SHORT,-4.37884112692417,0.2138662416855369,4.028841126924171,False,CTK/USDT,2025-09-12 00:00:00,2025,1,1,1,0.0009800049893524876,67.80000000000001
1757664000000,SHORT,-5.228080527594576,-0.9168618423800498,4.878080527594577,True,IMX/USDT,2025-09-12 08:00:00,2025,1,2,2,-0.07988083415282064,36.4
1757764800000,SHORT,4.723467265897495,-0.2282107100381157,5.073467265897494,True,AVAX/USDT,2025-09-13 12:00:00,2025,1,1,1,0.06963041197934222,60.4
1757779200000,SHORT,7.207191792792459,-0.4527140942905879,7.557191792792459,True,DOGE/USDT,2025-09-13 16:00:00,2025,2,2,2,0.051906111023799904,64.4
1757779200000,SHORT,7.110181144157037,-0.905546132759136,7.460181144157037,True,1000PEPE/USDT,2025-09-13 16:00:00,2025,3,3,3,0.027879423596469215,45.800000000000004
1757779200000,SHORT,5.43313563692625,-0.751044259420276,5.783135636926249,False,SLP/USDT,2025-09-13 16:00:00,2025,4,4,4,-0.043700481203541114,3.5999999999999996
1757793600000,SHORT,7.68663911845729,0.5187505469754905,8.03663911845729,False,TLM/USDT,2025-09-13 20:00:00,2025,4,5,5,-0.014791460244023516,19.2
1757808000000,SHORT,3.789600828879896,-0.6821399155786075,4.139600828879896,True,ADA/USDT,2025-09-14 00:00:00,2025,2,6,6,-0.0212661900659081,51.2
1757808000000,SHORT,3.9460848568471714,-0.5464073768482323,4.296084856847172,False,HIGH/USDT,2025-09-14 00:00:00,2025,3,7,7,-0.03870172183187026,38.4
1757808000000,SHORT,8.466142682853983,-0.9103628295577388,8.816142682853982,True,1000PEPE/USDT,2025-09-14 00:00:00,2025,4,7,7,0.05357152493173603,45.6
1757808000000,SHORT,7.117038033038797,-0.4505286559795198,7.467038033038796,True,DOGE/USDT,2025-09-14 00:00:00,2025,5,7,7,0.03543939708903892,64.2
1757808000000,SHORT,6.788636363636347,-0.2068150048943235,7.138636363636347,False,ALICE/USDT,2025-09-14 00:00:00,2025,6,8,8,-0.12488559253469965,17.2
1757808000000,SHORT,5.208969663675765,0.004202377493499,5.558969663675764,False,KSM/USDT,2025-09-14 00:00:00,2025,7,9,9,0.04527987028344772,33.2
1757808000000,SHORT,4.825087183958137,-1.8640504798574715,5.175087183958136,True,COMP/USDT,2025-09-14 00:00:00,2025,8,10,10,-0.011457819553572494,47.599999999999994
1757808000000,SHORT,1.5993177387914097,-0.2673360070076039,9.126176552492336,True,MANA/USDT,2025-09-14 00:00:00,2025,9,11,11,0.01163080621899963,55.2
1757808000000,SHORT,4.340722392361705,-1.934607647447216,4.690722392361705,False,CKB/USDT,2025-09-14 00:00:00,2025,10,12,12,-0.16807386834855406,47.4
1757808000000,SHORT,4.283950617283942,-0.6426828433595811,4.633950617283942,True,CELO/USDT,2025-09-14 00:00:00,2025,11,13,13,-0.03964574612261992,21.2
1757808000000,SHORT,5.298124717577933,0.1377528120677864,5.648124717577932,True,PEOPLE/USDT,2025-09-14 00:00:00,2025,12,14,14,-0.030396281182688504,45.0
1757808000000,SHORT,5.348583569405106,-0.2350499033306373,5.6985835694051055,True,ALGO/USDT,2025-09-14 00:00:00,2025,13,15,15,-0.0702557285475871,51.6
1757808000000,SHORT,5.127691338582668,-1.5044795088776248,5.477691338582668,True,SAND/USDT,2025-09-14 00:00:00,2025,14,16,16,-0.04794132907895228,45.4
1757808000000,SHORT,4.565763025654591,-0.3655550786707778,4.915763025654591,False,MTL/USDT,2025-09-14 00:00:00,2025,15,17,17,0.08400242363408698,37.4
1757808000000,SHORT,5.102943850875191,-0.1516143709124305,5.45294385087519,True,DOT/USDT,2025-09-14 00:00:00,2025,16,18,18,-0.021269672993246367,50.8
1757822400000,SHORT,5.994825059534708,-1.3568776374282594,6.344825059534707,False,COTI/USDT,2025-09-14 04:00:00,2025,16,18,19,-0.009579017933968733,27.0
1757836800000,SHORT,2.4665007112375434,-0.2655740920145204,8.289758179231852,True,MANA/USDT,2025-09-14 08:00:00,2025,2,17,19,0.04652411632599545,55.00000000000001
1757836800000,SHORT,4.289541008276903,-0.5012507404597957,4.639541008276902,False,BSV/USDT,2025-09-14 08:00:00,2025,3,18,20,-0.0026118176643036314,20.599999999999998
1757836800000,SHORT,6.835253314150633,-1.3204988701626514,7.185253314150633,False,SSV/USDT,2025-09-14 08:00:00,2025,4,19,21,-0.09370445741489591,32.0
1757836800000,SHORT,-0.5260563380281692,-0.6118250870981734,6.462799295774636,False,HIGH/USDT,2025-09-14 08:00:00,2025,5,19,21,-0.06246050854778217,38.2
1757836800000,SHORT,6.105065030225285,-1.916937341251476,6.455065030225285,False,CKB/USDT,2025-09-14 08:00:00,2025,6,19,21,-0.1843700469564749,47.199999999999996
1757836800000,SHORT,1.935594464248263,1.201371731307807,11.278527993289996,False,ARK/USDT,2025-09-14 08:00:00,2025,7,20,22,0.005816697159582744,2.4
1757851200000,SHORT,3.941436200648484,-1.0232543015550797,6.115601754720563,True,ZEC/USDT,2025-09-14 12:00:00,2025,7,20,23,-0.014075894367010604,35.0
1757851200000,SHORT,-6.916815797593325,-0.885047247360833,6.566815797593326,True,IMX/USDT,2025-09-14 12:00:00,2025,8,21,24,-0.008110638391891963,34.2
1757865600000,SHORT,2.66972062448644,1.2025375545245884,9.283319638455191,False,ARK/USDT,2025-09-14 16:00:00,2025,3,9,23,-0.011771357280649136,8.0
1757894400000,SHORT,2.220532915360497,1.204059749270089,11.178934169278977,False,ARK/USDT,2025-09-15 00:00:00,2025,1,3,21,-0.043717811631145284,3.4000000000000004
1757937600000,SHORT,-4.499646797631864,0.4802851368414209,4.149646797631864,True,XMR/USDT,2025-09-15 12:00:00,2025,1,2,4,-0.0856227578134856,95.6
1758081600000,SHORT,4.317721661054973,1.353856052603148,4.667721661054973,True,XMR/USDT,2025-09-17 04:00:00,2025,1,1,1,-0.13387971503300783,9.6
1758225600000,SHORT,4.25713518883492,0.8859396205968147,4.60713518883492,True,BCH/USDT,2025-09-18 20:00:00,2025,1,1,1,-0.0757835251755551,63.6
1758268800000,SHORT,5.414249955827776,-0.0460138222448309,5.764249955827776,True,AVAX/USDT,2025-09-19 08:00:00,2025,1,2,2,0.07613250079858486,58.599999999999994
1758283200000,SHORT,6.07129688493324,-0.0050798612489646,6.42129688493324,True,NEAR/USDT,2025-09-19 12:00:00,2025,2,2,3,0.0559176142109584,54.6
1758283200000,SHORT,11.507962664208328,-0.765362717062126,11.857962664208326,True,IMX/USDT,2025-09-19 12:00:00,2025,3,3,4,0.10979069938407325,7.3999999999999995
1758312000000,SHORT,7.439387755102039,-0.7660396989958261,7.789387755102039,True,IMX/USDT,2025-09-19 20:00:00,2025,1,3,4,0.08211869376987098,12.4
1758340800000,SHORT,-10.19609649122807,,9.84609649122807,False,TWT/USDT,2025-09-20 04:00:00,2025,1,2,4,-0.1119913482594742,0.6
1758427200000,SHORT,6.15898162221914,,6.50898162221914,False,TWT/USDT,2025-09-21 04:00:00,2025,1,1,1,0.007929942508242525,5.2
1758441600000,SHORT,8.999885567653777,0.3703350274005152,9.349885567653777,False,CAKE/USDT,2025-09-21 08:00:00,2025,2,2,2,0.021851465759062324,24.2
1758556800000,LONG,-1.857182944477779,0.8516145961312754,6.025597402138998,True,XRP/USDT,2025-09-22 16:00:00,2025,1,1,1,-0.050244807819776215,20.0
1758571200000,LONG,-6.072315761341625,-0.4158580723777085,5.722315761341625,True,CFX/USDT,2025-09-22 20:00:00,2025,2,2,2,0.21085906317527733,5.2
1758571200000,LONG,-7.539196954460578,-0.7274744918363857,7.189196954460578,True,WLD/USDT,2025-09-22 20:00:00,2025,3,3,3,-0.00789417653381282,40.2
1758600000000,LONG,9.27358990737782,-0.8272584936671507,9.623589907377832,False,NMR/USDT,2025-09-23 04:00:00,2025,1,4,4,0.0200044544498796,12.0
1758614400000,LONG,-4.863246647704207,-0.4116421366241221,4.513246647704207,True,CFX/USDT,2025-09-23 08:00:00,2025,2,3,4,0.20278356049779359,5.4
1758614400000,LONG,-5.050388272583208,-0.2353013406434902,4.700388272583209,False,POLYX/USDT,2025-09-23 08:00:00,2025,3,4,5,0.13644211034284542,3.2
1758614400000,LONG,-4.909166963332151,-1.6061031376484378,4.559166963332151,False,DUSK/USDT,2025-09-23 08:00:00,2025,4,5,6,0.16795634140768306,15.8
1758628800000,LONG,-6.812840095465387,-2.036593767460813,6.462840095465388,False,API3/USDT,2025-09-23 12:00:00,2025,4,5,7,0.07853124289899889,97.0
1758628800000,LONG,-5.887405063291149,,5.53740506329115,False,RLC/USDT,2025-09-23 12:00:00,2025,5,6,8,-0.01515406481141983,30.599999999999998
1758844800000,LONG,0.5783647825899251,-0.6976522423431829,7.581944384472557,True,PENDLE/USDT,2025-09-26 00:00:00,2025,1,1,1,0.010183097956055976,43.0
1758888000000,LONG,-2.4577844311377137,-3.2468283301480354,5.696934131736512,False,CKB/USDT,2025-09-26 12:00:00,2025,1,2,2,0.13312214282296755,26.8
1758902400000,LONG,4.83208836142415,1.6390708538814571,5.1820883614241495,True,SOL/USDT,2025-09-26 16:00:00,2025,2,2,3,0.09960961716308796,14.6
1759003200000,SHORT,-12.05384959713517,6.167759787358693,11.70384959713517,True,SNX/USDT,2025-09-27 20:00:00,2025,1,1,1,0.07639767287791407,34.4
1759204800000,SHORT,-9.18774981495188,-2.185936397459611,8.83774981495188,True,ZEC/USDT,2025-09-30 04:00:00,2025,1,1,1,-0.06933084210862107,33.0
1759449600000,SHORT,4.888696537678191,-0.4828612866369071,5.238696537678191,False,SSV/USDT,2025-10-03 00:00:00,2025,1,1,1,0.14768923350612695,23.799999999999997
1759449600000,SHORT,-6.14385640266468,,5.79385640266468,False,BSV/USDT,2025-10-03 00:00:00,2025,2,2,2,0.21691559263153626,17.4
1759449600000,SHORT,2.2454977361137685,-0.2100735776483966,8.563988266054439,False,ILV/USDT,2025-10-03 00:00:00,2025,3,3,3,0.2027118701112248,13.4
1759449600000,SHORT,-9.05593978844588,-3.154954219223674,8.705939788445882,False,DUSK/USDT,2025-10-03 00:00:00,2025,4,4,4,0.2356790011131255,14.2
1759464000000,SHORT,0.8885137834598568,-0.4948909234482729,4.948341989612439,True,MEME/USDT,2025-10-03 04:00:00,2025,5,5,5,0.11558922987314803,25.2
1759464000000,SHORT,-5.784186471663609,,5.434186471663609,False,DASH/USDT,2025-10-03 04:00:00,2025,6,6,6,-0.059083902206817265,23.799999999999997
1759478400000,SHORT,0.7676814607836692,-0.2077166303295227,10.623945675482464,False,ILV/USDT,2025-10-03 08:00:00,2025,3,6,6,0.21844137296450533,13.4
1759478400000,SHORT,-5.375211630474772,,5.0252116304747725,False,BSV/USDT,2025-10-03 08:00:00,2025,4,6,6,0.23515346356983133,18.6
1759550400000,SHORT,6.355154756163278,,6.705154756163278,False,CAKE/USDT,2025-10-04 04:00:00,2025,1,1,5,0.13009084899704754,26.8
1759550400000,SHORT,-6.029618593563763,-0.0532003134366383,5.679618593563763,True,MANA/USDT,2025-10-04 04:00:00,2025,2,2,6,0.2172693485610375,48.4
1759564800000,SHORT,-8.490198477433374,1.093440227201666,8.140198477433374,True,APT/USDT,2025-10-04 08:00:00,2025,3,3,5,0.09937325152062652,37.2
1759579200000,SHORT,-4.657271139826248,-2.254757643098662,4.307271139826248,True,BNB/USDT,2025-10-04 12:00:00,2025,2,4,4,0.13103343103235904,84.8
1759766400000,SHORT,7.01659090909089,,7.366590909090889,True,CELO/USDT,2025-10-06 16:00:00,2025,1,1,1,0.044138468907035884,0.0
1759780800000,SHORT,-10.623987815712626,-1.6725458931883157,10.273987815712626,False,TWT/USDT,2025-10-06 20:00:00,2025,2,2,2,-0.07448807986166286,11.600000000000001
1759809600000,SHORT,-9.269236555095883,-1.6698669295467687,8.919236555095884,False,TWT/USDT,2025-10-07 04:00:00,2025,1,2,2,-0.07160324866571424,11.600000000000001
1759809600000,SHORT,8.739498876983674,0.1938365247730757,9.089498876983674,False,ASTR/USDT,2025-10-07 04:00:00,2025,2,3,3,0.12719098624314454,0.4
1759838400000,SHORT,-4.923039277199128,-1.6683455533288598,4.573039277199128,False,TWT/USDT,2025-10-07 12:00:00,2025,1,2,3,-0.07668789900711898,11.600000000000001
1759881600000,SHORT,6.757219362370626,-0.5747177339077411,7.107219362370626,True,BNB/USDT,2025-10-08 00:00:00,2025,1,2,3,0.09439646904015166,89.2
1759881600000,SHORT,-10.588467819404409,-1.7053066108912311,10.238467819404407,False,CAKE/USDT,2025-10-08 00:00:00,2025,2,3,4,0.19955484160200138,26.200000000000003
1759881600000,SHORT,-5.192743913946022,-1.6667181489297151,4.842743913946022,False,TWT/USDT,2025-10-08 00:00:00,2025,3,3,4,-0.07634140316942342,11.4
1759924800000,SHORT,9.53455112338156,0.4452406361502456,9.88455112338156,False,CAKE/USDT,2025-10-08 12:00:00,2025,1,3,3,0.10030454584911856,27.200000000000003
1760083200000,SHORT,9.048488120950305,,9.398488120950304,False,ALICE/USDT,2025-10-10 08:00:00,2025,1,1,1,-0.10243594978073033,0.0
1760169600000,LONG,11.343603009367795,-0.3724521616446958,11.693603009367797,True,ETH/USDT,2025-10-11 08:00:00,2025,1,1,2,0.26696901223711994,74.0
1760169600000,LONG,-0.6918145397711426,1.6528007954070536,9.813044109758469,True,BTC/USDT,2025-10-11 08:00:00,2025,2,2,3,0.21888406717489733,77.4
1760184000000,LONG,6.979208633093522,,7.329208633093522,False,MTL/USDT,2025-10-11 12:00:00,2025,3,3,3,0.025129118198372418,3.8
1760184000000,LONG,10.715727699530513,,11.06572769953051,False,ONE/USDT,2025-10-11 12:00:00,2025,4,4,4,0.004898113803311679,12.2
1760184000000,LONG,10.61131996658312,,10.96131996658312,False,IOST/USDT,2025-10-11 12:00:00,2025,5,5,5,0.03763730939775963,6.800000000000001
1760184000000,LONG,8.689737324373839,,9.03973732437385,True,CHZ/USDT,2025-10-11 12:00:00,2025,6,6,6,-0.0863608302531186,0.0
1760184000000,LONG,10.517627963158686,,10.867627963158686,True,GRT/USDT,2025-10-11 12:00:00,2025,7,7,7,0.007202305184049628,0.0
1760184000000,LONG,7.092986881937432,,7.442986881937432,False,ZRX/USDT,2025-10-11 12:00:00,2025,8,8,8,-0.02506666312929445,0.4
1760184000000,LONG,7.773920579892863,,8.123920579892863,False,HIGH/USDT,2025-10-11 12:00:00,2025,9,9,9,0.15435828179201166,24.8
1760184000000,LONG,7.803698135898982,,8.153698135898981,False,STORJ/USDT,2025-10-11 12:00:00,2025,10,10,10,0.020793786112084826,21.8
1760184000000,LONG,-8.176757225678125,,7.826757225678126,True,1000PEPE/USDT,2025-10-11 12:00:00,2025,11,11,11,0.020446049868364898,4.6
1760184000000,LONG,-8.431463414634143,,8.081463414634143,True,MANA/USDT,2025-10-11 12:00:00,2025,12,12,12,0.03840058494593027,2.0
1760184000000,LONG,-9.146142805884462,,8.796142805884463,False,KSM/USDT,2025-10-11 12:00:00,2025,13,13,13,0.05559649322067896,0.0
1760184000000,LONG,-9.333019901405876,,8.983019901405875,True,APT/USDT,2025-10-11 12:00:00,2025,14,14,14,-0.08270855217122684,0.0
1760184000000,LONG,-6.107620219326227,,5.757620219326228,True,XLM/USDT,2025-10-11 12:00:00,2025,15,15,15,0.13605036393985456,34.2
1760184000000,LONG,-6.262402745995424,0.2138364389141445,5.912402745995425,True,SEI/USDT,2025-10-11 12:00:00,2025,16,16,16,-0.010638256224282801,9.2
1760184000000,LONG,-6.303171328136936,,5.9531713281369365,True,ADA/USDT,2025-10-11 12:00:00,2025,17,17,17,0.07728121704881974,13.4
1760184000000,LONG,10.01871287128711,,10.36871287128712,True,THETA/USDT,2025-10-11 12:00:00,2025,18,18,18,0.009553290786344443,0.0
1760184000000,LONG,-7.848911968348165,,7.498911968348166,False,CYBER/USDT,2025-10-11 12:00:00,2025,19,19,19,0.015355194155842812,3.2
1760184000000,LONG,-8.020385214874182,,7.670385214874181,True,INJ/USDT,2025-10-11 12:00:00,2025,20,20,20,0.04214970724832677,0.2
1760184000000,LONG,-7.507976878612719,,7.157976878612719,True,CFX/USDT,2025-10-11 12:00:00,2025,21,21,21,0.09128972732973874,35.6
1760184000000,LONG,-9.555554995463256,,9.205554995463258,True,TIA/USDT,2025-10-11 12:00:00,2025,22,22,22,0.03910467532945571,0.2
1760184000000,LONG,9.736120662707114,,10.086120662707112,True,ARB/USDT,2025-10-11 12:00:00,2025,23,23,23,0.05733355391820041,1.4000000000000001
1760184000000,LONG,9.881377974543438,,10.231377974543438,False,SKL/USDT,2025-10-11 12:00:00,2025,24,24,24,-0.011474875093178119,9.8
1760184000000,LONG,9.93039624608968,,10.28039624608968,False,ONT/USDT,2025-10-11 12:00:00,2025,25,25,25,-0.020575429039044028,1.4000000000000001
1760184000000,LONG,9.991726618705052,,10.341726618705044,True,FLOW/USDT,2025-10-11 12:00:00,2025,26,26,26,-0.006035675251900784,0.6
1760184000000,LONG,-10.74796316964285,,10.39796316964285,True,ARKM/USDT,2025-10-11 12:00:00,2025,27,27,27,0.0700780781239902,0.0
1760184000000,LONG,-9.766536964980538,,9.41653696498054,True,CRV/USDT,2025-10-11 12:00:00,2025,28,28,28,0.08019227205543428,1.2
1760184000000,LONG,-5.720877768662845,-1.3617060958412694,5.3708777686628455,False,ARK/USDT,2025-10-11 12:00:00,2025,29,29,29,-0.00822670760097984,6.6000000000000005
1760184000000,LONG,-6.054764443446792,-0.6977768089551,5.704764443446792,True,PENDLE/USDT,2025-10-11 12:00:00,2025,30,30,30,0.16818234417645353,1.2
1760184000000,LONG,-5.506613448316048,,5.156613448316048,False,POLYX/USDT,2025-10-11 12:00:00,2025,31,31,31,0.07404574569931843,7.3999999999999995
1760184000000,LONG,-5.6509205335337285,,5.300920533533729,True,SUI/USDT,2025-10-11 12:00:00,2025,32,32,32,-0.02950798086469899,1.2
1760184000000,LONG,-5.461560044893381,,5.111560044893381,True,RUNE/USDT,2025-10-11 12:00:00,2025,33,33,33,0.038213411424276644,0.2
1760184000000,LONG,8.526701076701075,,8.876701076701075,True,MASK/USDT,2025-10-11 12:00:00,2025,34,34,34,-0.01055379729727722,4.6
1760184000000,LONG,9.142198581560272,,9.492198581560285,True,ENS/USDT,2025-10-11 12:00:00,2025,35,35,35,0.07322884674490332,1.7999999999999998
1760184000000,LONG,9.136893317702224,-0.0366631211824235,9.486893317702224,True,LDO/USDT,2025-10-11 12:00:00,2025,36,36,36,0.21698257008462854,0.2
1760184000000,LONG,8.964928758073274,,9.314928758073274,True,SAND/USDT,2025-10-11 12:00:00,2025,37,37,37,-0.008643854636792177,0.0
1760184000000,LONG,11.24328522121117,,11.59328522121117,True,ATOM/USDT,2025-10-11 12:00:00,2025,38,38,38,-0.0519637219589833,0.2
1760184000000,LONG,11.382834757834765,,11.732834757834752,True,AR/USDT,2025-10-11 12:00:00,2025,39,39,39,0.18713078005553435,0.0
1760184000000,LONG,11.33836031473275,,11.68836031473275,False,ID/USDT,2025-10-11 12:00:00,2025,40,40,40,0.04461688567086308,0.6
1760184000000,LONG,11.322298456260716,,11.672298456260716,False,MINA/USDT,2025-10-11 12:00:00,2025,41,41,41,0.00943243329970912,31.0
1760184000000,LONG,11.615700249100458,,11.96570024910047,True,1000BONK/USDT,2025-10-11 12:00:00,2025,42,42,42,-0.0063422065844029474,0.4
1760184000000,LONG,-4.548286020353502,,4.198286020353502,False,1INCH/USDT,2025-10-11 12:00:00,2025,43,43,43,0.07392010248002177,17.2
1760184000000,LONG,-4.438373151308323,-1.44599723649559,4.088373151308323,False,WOO/USDT,2025-10-11 12:00:00,2025,44,44,44,0.04529558127085057,0.0
1760184000000,LONG,-4.223656503619226,,11.081333625795146,True,AVAX/USDT,2025-10-11 12:00:00,2025,45,45,45,-0.03650606837818347,0.0
1760184000000,LONG,-3.0856709028734666,,11.199678456591638,False,ASTR/USDT,2025-10-11 12:00:00,2025,46,46,46,0.019531211105182283,0.8
1760184000000,LONG,9.18256408108561,,9.532564081085598,True,AAVE/USDT,2025-10-11 12:00:00,2025,47,47,47,0.12345094081892027,0.2
1760184000000,LONG,9.18971337579618,,9.53971337579618,True,DOT/USDT,2025-10-11 12:00:00,2025,48,48,48,-0.0435991678806531,0.8
1760184000000,LONG,9.552070207020698,,9.902070207020698,True,GALA/USDT,2025-10-11 12:00:00,2025,49,49,49,-0.08298156137280858,6.2
1760184000000,LONG,6.846245059288527,,7.196245059288526,False,GAS/USDT,2025-10-11 12:00:00,2025,50,50,50,0.11920565396846847,19.0
1760184000000,LONG,-6.776263627353809,0.4466989558838551,6.426263627353809,True,IMX/USDT,2025-10-11 12:00:00,2025,51,51,51,0.010037303869066105,1.2
1760184000000,LONG,-2.666472694717987,2.137540831511629,8.54510966875559,False,QNT/USDT,2025-10-11 12:00:00,2025,52,52,52,-0.010671931525882694,3.5999999999999996
1760184000000,LONG,-2.1623107971745776,,7.624076690211896,True,XRP/USDT,2025-10-11 12:00:00,2025,53,53,53,0.11497230941389944,0.6
1760184000000,LONG,0.5111636210880067,,7.754988447805086,False,YFI/USDT,2025-10-11 12:00:00,2025,54,54,54,0.057986177647928,17.2
1760184000000,LONG,7.91001849568435,,8.26001849568435,False,ACH/USDT,2025-10-11 12:00:00,2025,55,55,55,0.02289863505340165,0.0
1760184000000,LONG,7.946776779069095,,8.296776779069095,True,HBAR/USDT,2025-10-11 12:00:00,2025,56,56,56,0.035035845474144234,0.0
1760184000000,LONG,8.293096234309617,,8.643096234309617,False,MAGIC/USDT,2025-10-11 12:00:00,2025,57,57,57,0.09608712779378459,3.5999999999999996
1760184000000,LONG,-4.588588615550374,,4.238588615550374,True,PYTH/USDT,2025-10-11 12:00:00,2025,58,58,58,0.07601502122613021,2.6
1760184000000,LONG,-6.827895448400172,,6.477895448400172,True,STX/USDT,2025-10-11 12:00:00,2025,59,59,59,0.02331076457036201,0.4
1760184000000,LONG,-7.230126065999261,,6.880126065999262,False,KNC/USDT,2025-10-11 12:00:00,2025,60,60,60,0.13134298035354813,35.6
1760184000000,LONG,-7.250220669363736,,6.900220669363737,True,GMT/USDT,2025-10-11 12:00:00,2025,61,61,61,0.07903556146055309,3.4000000000000004
1760184000000,LONG,-7.284030418250945,,6.934030418250946,False,ANKR/USDT,2025-10-11 12:00:00,2025,62,62,62,0.026487596990215235,20.0
1760184000000,LONG,-4.953735965931097,,4.603735965931097,True,ORDI/USDT,2025-10-11 12:00:00,2025,63,63,63,0.10763177121766393,1.2
1760184000000,LONG,-4.986056420805151,,4.636056420805152,False,BIGTIME/USDT,2025-10-11 12:00:00,2025,64,64,64,0.028118619181156365,5.6000000000000005
1760184000000,LONG,-5.128576364892877,0.1338210723510277,4.778576364892877,False,IOTA/USDT,2025-10-11 12:00:00,2025,65,65,65,0.18783929577119884,35.4
1760184000000,LONG,-8.148099173553714,,7.798099173553714,True,PEOPLE/USDT,2025-10-11 12:00:00,2025,66,66,66,0.053214688598619476,24.0
1760198400000,LONG,-5.537869264613448,,5.1878692646134485,True,MEME/USDT,2025-10-11 16:00:00,2025,65,67,67,0.14473141327918246,3.8
1760198400000,LONG,4.522041420118348,,4.872041420118348,False,EGLD/USDT,2025-10-11 16:00:00,2025,66,68,68,0.008254584861161408,1.2
1760198400000,LONG,4.45961400573615,,4.80961400573615,True,VET/USDT,2025-10-11 16:00:00,2025,67,69,69,0.0911771860782803,0.4
1760198400000,LONG,3.880824372759869,0.8734125365568686,4.230824372759869,True,CELO/USDT,2025-10-11 16:00:00,2025,68,70,70,0.0017826238470023772,9.8
1760198400000,LONG,9.219585157390036,,9.569585157390035,False,RSR/USDT,2025-10-11 16:00:00,2025,69,71,71,0.030045527059462195,0.2
1760198400000,LONG,8.052759802055586,,8.402759802055586,False,HFT/USDT,2025-10-11 16:00:00,2025,70,72,72,0.1369235419872291,40.2
1760198400000,LONG,6.520625201417992,,6.870625201417992,False,NMR/USDT,2025-10-11 16:00:00,2025,71,73,73,0.02863851722920705,2.6
1760198400000,LONG,4.639862124898621,,4.989862124898621,True,JASMY/USDT,2025-10-11 16:00:00,2025,72,74,74,0.03765093066755145,0.0
1760198400000,LONG,7.519414316702826,,7.869414316702826,False,UMA/USDT,2025-10-11 16:00:00,2025,73,75,75,0.02169294865072257,7.8
1760198400000,LONG,6.70289932755091,-2.7781409602099543,7.05289932755091,False,GMX/USDT,2025-10-11 16:00:00,2025,74,76,76,0.07053450813868278,2.8000000000000003
1760212800000,LONG,3.8376796824715895,,4.18767968247159,False,ASTR/USDT,2025-10-11 20:00:00,2025,11,76,76,0.016492538339229656,2.4
1760212800000,LONG,4.178711256117459,,4.528711256117458,False,ONE/USDT,2025-10-11 20:00:00,2025,12,76,76,0.005013311760466192,19.8
1760212800000,LONG,3.820928030303026,,4.170928030303027,True,CHZ/USDT,2025-10-11 20:00:00,2025,13,76,76,-0.08415354827064042,0.2
1760212800000,LONG,3.8116197183098577,,4.161619718309858,False,MAGIC/USDT,2025-10-11 20:00:00,2025,14,76,76,0.09441168425411402,13.600000000000001
1760212800000,LONG,3.8800829875518654,,4.230082987551854,False,CYBER/USDT,2025-10-11 20:00:00,2025,15,76,76,0.011314014632908615,10.8
1760212800000,LONG,3.8541334300217422,0.1326780671436234,4.204133430021742,False,IOTA/USDT,2025-10-11 20:00:00,2025,16,76,76,0.18206505137704826,9.2
1760212800000,LONG,4.553931357254278,,4.903931357254278,True,COMP/USDT,2025-10-11 20:00:00,2025,17,77,77,-0.07534998295156091,25.4
1760212800000,LONG,4.241721854304645,,4.5917218543046445,True,CFX/USDT,2025-10-11 20:00:00,2025,18,77,77,0.08698944527163636,39.4
1760212800000,LONG,4.187653037653046,,4.537653037653046,True,MASK/USDT,2025-10-11 20:00:00,2025,19,77,77,-0.011095264015026777,12.2
1760212800000,LONG,4.217407938785278,-1.4411501473424155,4.567407938785277,False,WOO/USDT,2025-10-11 20:00:00,2025,20,77,77,0.027829087194649233,16.8
1760212800000,LONG,3.666717909300544,,4.016717909300544,True,GMT/USDT,2025-10-11 20:00:00,2025,21,77,77,0.07801961514732833,34.8
1760212800000,LONG,3.693675889328064,,4.043675889328064,False,ANKR/USDT,2025-10-11 20:00:00,2025,22,77,77,0.025304312118555085,20.0
1760212800000,LONG,3.739766081871353,,4.089766081871353,True,DYDX/USDT,2025-10-11 20:00:00,2025,23,78,78,0.027654379066772008,2.8000000000000003
1760212800000,LONG,3.7415835411471217,,4.091583541147122,False,STORJ/USDT,2025-10-11 20:00:00,2025,24,78,78,0.019761891846904297,21.8
1760212800000,LONG,4.00352854434379,,4.353528544343789,False,MTL/USDT,2025-10-11 20:00:00,2025,25,78,78,0.025133422637283943,7.6
1760212800000,LONG,6.511867152693383,,6.861867152693383,True,ORDI/USDT,2025-10-11 20:00:00,2025,26,78,78,0.10661222630925388,0.2
1760212800000,LONG,5.913168940188874,-3.25976340413676,6.263168940188874,False,EDU/USDT,2025-10-11 20:00:00,2025,27,79,79,0.013092358339904164,0.4
1760212800000,LONG,4.765951994533172,,5.115951994533171,True,AAVE/USDT,2025-10-11 20:00:00,2025,28,79,79,0.1177424507144847,0.0
1760212800000,LONG,3.650071483886332,,4.000071483886332,True,HBAR/USDT,2025-10-11 20:00:00,2025,29,79,79,0.034910563017111026,0.0
1760212800000,LONG,3.767633398142143,-0.6525892853007127,4.117633398142143,True,DOGE/USDT,2025-10-11 20:00:00,2025,30,80,80,0.19057145573217393,0.2
1760212800000,LONG,3.7846153846153903,,4.13461538461539,False,HIGH/USDT,2025-10-11 20:00:00,2025,31,80,80,0.14906664870669042,24.6
1760212800000,LONG,3.799636261891432,,4.149636261891432,False,1INCH/USDT,2025-10-11 20:00:00,2025,32,80,80,0.075616256294314,16.0
1760212800000,LONG,3.9038388324873057,,4.253838832487306,False,CKB/USDT,2025-10-11 20:00:00,2025,33,81,81,-0.00863573812021211,36.8
1760212800000,LONG,4.258444416888827,,4.608444416888827,True,XLM/USDT,2025-10-11 20:00:00,2025,34,81,81,0.13669722490752464,34.4
1760212800000,LONG,4.510609911054643,,4.860609911054643,True,MANA/USDT,2025-10-11 20:00:00,2025,35,81,81,0.03895521468883001,0.2
1760212800000,LONG,4.35544147023572,,4.705441470235719,False,ACH/USDT,2025-10-11 20:00:00,2025,36,81,81,0.023372152404791652,0.4
1760212800000,LONG,4.577057793345005,,4.927057793345004,True,PEOPLE/USDT,2025-10-11 20:00:00,2025,37,81,81,0.052962114881907274,27.0
1760212800000,LONG,3.6563197026022434,,4.006319702602244,True,FLOW/USDT,2025-10-11 20:00:00,2025,38,81,81,-0.006035853461758428,0.8
1760212800000,LONG,3.9535694366982574,,4.303569436698258,True,PYTH/USDT,2025-10-11 20:00:00,2025,39,81,81,0.07635399683826365,13.8
1760212800000,LONG,3.999989637305705,,4.349989637305705,True,THETA/USDT,2025-10-11 20:00:00,2025,40,81,81,0.008043614585613335,16.2
1760212800000,LONG,4.667946428571431,,5.017946428571431,False,MINA/USDT,2025-10-11 20:00:00,2025,41,81,81,0.008721596609893915,5.800000000000001
1760212800000,LONG,4.60241754122938,,4.952417541229379,False,ID/USDT,2025-10-11 20:00:00,2025,42,81,81,0.0425977383236751,1.6
1760212800000,LONG,4.683457618692519,,5.033457618692519,True,AR/USDT,2025-10-11 20:00:00,2025,43,81,81,0.18475203998561981,0.4
1760227200000,LONG,3.9257668711656337,,4.275766871165634,False,BIGTIME/USDT,2025-10-12 00:00:00,2025,34,79,81,0.023147302169770272,4.8
1760227200000,LONG,10.5121187800963,,10.8621187800963,False,SKL/USDT,2025-10-12 00:00:00,2025,35,79,81,-0.04544104506170861,6.800000000000001
1760227200000,LONG,3.7937035866645616,,4.143703586664562,True,ADA/USDT,2025-10-12 00:00:00,2025,36,79,81,0.07509736657305562,6.2
1760227200000,LONG,3.767433808553972,,4.117433808553972,False,GAS/USDT,2025-10-12 00:00:00,2025,37,79,81,0.1141386356174804,9.0
1760227200000,LONG,3.766897689768974,,4.116897689768974,True,ARB/USDT,2025-10-12 00:00:00,2025,38,79,81,0.05872030824769337,19.0
1760227200000,LONG,4.175544100801827,,4.5255441008018265,False,KNC/USDT,2025-10-12 00:00:00,2025,39,79,81,0.12870465699313297,35.4
1760227200000,LONG,4.122061538461548,-0.0364254295187189,4.472061538461547,True,LDO/USDT,2025-10-12 00:00:00,2025,40,79,81,0.21261603996841352,28.799999999999997
1760227200000,LONG,9.846034791506789,,10.196034791506788,False,MAV/USDT,2025-10-12 00:00:00,2025,41,80,82,0.14120781129864482,1.6
1760227200000,LONG,3.7249481327800766,,4.074948132780077,False,ZRX/USDT,2025-10-12 00:00:00,2025,42,80,82,-0.03155896484957879,0.6
1760227200000,LONG,7.036217552533997,,7.386217552533997,True,MEME/USDT,2025-10-12 00:00:00,2025,43,80,82,0.12990891191058507,1.7999999999999998
1760227200000,LONG,6.18060846288478,,6.530608462884779,False,EGLD/USDT,2025-10-12 00:00:00,2025,44,80,82,0.003984066768160992,24.2
1760227200000,LONG,5.865393599626247,,6.215393599626246,True,VET/USDT,2025-10-12 00:00:00,2025,45,80,82,0.08963532271839515,3.0
1760227200000,LONG,9.73565909299973,-2.7739382645512234,10.08565909299973,False,GMX/USDT,2025-10-12 00:00:00,2025,46,80,82,0.06808839168618872,8.4
1760227200000,LONG,3.939430269494818,,4.289430269494819,True,SAND/USDT,2025-10-12 00:00:00,2025,47,80,82,-0.010197073857334645,0.2
1760227200000,LONG,4.823751328374082,,5.173751328374082,False,ONT/USDT,2025-10-12 00:00:00,2025,48,80,82,-0.023577575765614905,13.200000000000001
1760241600000,LONG,6.755460750853235,,7.105460750853235,False,MAGIC/USDT,2025-10-12 04:00:00,2025,16,54,82,0.07098156209587912,21.8
1760241600000,LONG,6.789002810450701,,7.139002810450712,True,TIA/USDT,2025-10-12 04:00:00,2025,17,55,82,0.025674093406904106,1.6
1760241600000,LONG,9.29320235756384,,9.64320235756384,True,ORDI/USDT,2025-10-12 04:00:00,2025,18,55,82,0.07536605477079379,0.2
1760241600000,LONG,11.355477235960256,,11.705477235960256,True,AR/USDT,2025-10-12 04:00:00,2025,19,55,82,0.15785758186930138,0.2
1760241600000,LONG,6.754920634920638,,7.104920634920638,False,ONE/USDT,2025-10-12 04:00:00,2025,20,55,82,-0.014330978563790625,16.2
1760241600000,LONG,6.637950310559006,,6.987950310559006,True,MANA/USDT,2025-10-12 04:00:00,2025,21,55,82,0.019004364518113673,0.4
1760241600000,LONG,9.281623262189168,,9.631623262189168,True,THETA/USDT,2025-10-12 04:00:00,2025,22,55,82,-0.0026485913476199685,1.0
1760241600000,LONG,5.074895804390106,-1.3602143039528698,5.424895804390106,False,ARK/USDT,2025-10-12 04:00:00,2025,23,56,82,-0.035256201451577686,8.200000000000001
1760241600000,LONG,5.131499296105106,,5.481499296105105,False,POLYX/USDT,2025-10-12 04:00:00,2025,24,57,82,0.06038438917379367,6.2
1760241600000,LONG,3.8779258400927055,,4.227925840092706,True,RUNE/USDT,2025-10-12 04:00:00,2025,25,58,82,0.02652827649689087,1.6
1760241600000,LONG,5.14645315675606,,5.496453156756047,True,ENS/USDT,2025-10-12 04:00:00,2025,26,59,82,0.05474612528097485,4.3999999999999995
1760241600000,LONG,6.496732126419148,,6.846732126419147,True,CHZ/USDT,2025-10-12 04:00:00,2025,27,59,82,-0.10460759180962366,0.2
1760241600000,LONG,6.475594319234337,,6.8255943192343365,False,CKB/USDT,2025-10-12 04:00:00,2025,28,59,82,-0.031535664853748584,41.199999999999996
1760241600000,LONG,6.467861312164371,-1.4417146614718424,6.8178613121643705,False,WOO/USDT,2025-10-12 04:00:00,2025,29,59,82,0.014410611145357181,3.2
1760241600000,LONG,4.891217063989955,1.4784625502096278,5.2412170639899545,False,STG/USDT,2025-10-12 04:00:00,2025,30,60,83,-0.03343684017647782,0.2
1760241600000,LONG,4.778292268479187,-0.3698851806261526,5.1282922684791865,True,ETH/USDT,2025-10-12 04:00:00,2025,31,61,83,0.20797608322646052,1.0
1760241600000,LONG,4.690823791348601,,5.0408237913486005,False,NMR/USDT,2025-10-12 04:00:00,2025,32,61,83,-0.011182930970156338,5.2
1760241600000,LONG,5.803579630554167,,6.153579630554167,True,JASMY/USDT,2025-10-12 04:00:00,2025,33,61,83,-0.007937877090375469,0.4
1760241600000,LONG,5.079560336763335,,5.429560336763335,True,GRT/USDT,2025-10-12 04:00:00,2025,34,62,83,-0.013982191832965313,0.6
1760241600000,LONG,5.90001069518717,,6.25001069518717,False,STEEM/USDT,2025-10-12 04:00:00,2025,35,63,84,0.07317567944680137,7.000000000000001
1760241600000,LONG,5.976970471983256,,6.326970471983255,True,HBAR/USDT,2025-10-12 04:00:00,2025,36,63,84,0.007903589458366542,0.8
1760241600000,LONG,4.321371629542786,,4.671371629542786,True,STX/USDT,2025-10-12 04:00:00,2025,37,64,84,0.014703379968239123,0.2
1760241600000,LONG,7.309682482733875,,7.659682482733874,True,PYTH/USDT,2025-10-12 04:00:00,2025,38,64,84,0.05479340996547667,4.3999999999999995
1760241600000,LONG,7.501640601042635,,7.851640601042635,True,ATOM/USDT,2025-10-12 04:00:00,2025,39,65,84,-0.062109176920073,0.0
1760241600000,LONG,7.528312412831233,0.1326250531667956,7.878312412831232,False,IOTA/USDT,2025-10-12 04:00:00,2025,40,65,84,0.16041051166330322,4.2
1760241600000,LONG,7.729039420027187,,8.079039420027186,False,ID/USDT,2025-10-12 04:00:00,2025,41,65,84,0.0112653590303385,1.0
1760241600000,LONG,4.346982485756492,,4.696982485756491,False,YFI/USDT,2025-10-12 04:00:00,2025,42,66,84,0.02197859922705452,5.800000000000001
1760241600000,LONG,6.58326612903226,,6.933266129032248,False,CYBER/USDT,2025-10-12 04:00:00,2025,43,66,84,-0.007395592380056381,15.8
1760241600000,LONG,5.393390804597695,,5.743390804597695,True,DYDX/USDT,2025-10-12 04:00:00,2025,44,66,84,0.022096779788984233,27.400000000000002
1760241600000,LONG,5.397953932859592,,5.747953932859591,True,XLM/USDT,2025-10-12 04:00:00,2025,45,66,84,0.09866725341090431,5.4
1760241600000,LONG,7.771455576559548,,8.121455576559548,False,HIGH/USDT,2025-10-12 04:00:00,2025,46,66,84,0.12590764798077253,24.4
1760241600000,LONG,7.898163115356361,,8.24816311535636,True,GMT/USDT,2025-10-12 04:00:00,2025,47,66,84,0.06595281552359955,3.2
1760241600000,LONG,8.641366303436712,,8.991366303436712,True,PEOPLE/USDT,2025-10-12 04:00:00,2025,48,66,84,0.026404236558244996,44.2
1760241600000,LONG,6.428700361010845,,6.778700361010845,True,FLOW/USDT,2025-10-12 04:00:00,2025,49,66,84,-0.025359857831692145,0.2
1760241600000,LONG,6.265837104072394,,6.615837104072393,False,MTL/USDT,2025-10-12 04:00:00,2025,50,66,84,0.00240364401284919,8.6
1760241600000,LONG,6.306893732970021,,6.656893732970021,False,1INCH/USDT,2025-10-12 04:00:00,2025,51,66,84,0.052560485592542165,39.2
1760241600000,LONG,6.369152404237987,,6.719152404237986,False,RSR/USDT,2025-10-12 04:00:00,2025,52,66,84,0.010728902254610507,0.6
1760241600000,LONG,7.144227300060132,,7.494227300060132,False,STORJ/USDT,2025-10-12 04:00:00,2025,53,66,84,0.005800484051608541,21.8
1760241600000,LONG,6.903792502179598,,7.253792502179597,False,MINA/USDT,2025-10-12 04:00:00,2025,54,66,84,-0.0031784721874578937,31.2
1760241600000,LONG,7.020784218217257,,7.370784218217256,True,CFX/USDT,2025-10-12 04:00:00,2025,55,66,84,0.047006705040906385,47.199999999999996
1760241600000,LONG,7.0271823547685655,,7.377182354768565,False,ACH/USDT,2025-10-12 04:00:00,2025,56,66,84,0.013264150191821807,38.800000000000004
1760241600000,LONG,6.062340537691096,-0.655670827700649,6.412340537691096,True,DOGE/USDT,2025-10-12 04:00:00,2025,57,66,84,0.1522871012155999,0.4
1760241600000,LONG,5.309970323022492,,5.659970323022492,True,MASK/USDT,2025-10-12 04:00:00,2025,58,66,84,-0.02486643639472035,15.2
1760241600000,LONG,5.644385285575994,,5.994385285575993,False,ANKR/USDT,2025-10-12 04:00:00,2025,59,66,84,0.010006622612936637,19.8
1760256000000,LONG,4.830874673629245,,5.180874673629245,True,ARB/USDT,2025-10-12 08:00:00,2025,45,63,84,0.04179118509678406,8.4
1760256000000,LONG,5.057396180660801,,5.4073961806608,False,BIGTIME/USDT,2025-10-12 08:00:00,2025,46,63,84,0.015288186491958386,1.2
1760256000000,LONG,7.358544991030119,-2.7621202824929587,7.708544991030118,False,GMX/USDT,2025-10-12 08:00:00,2025,47,63,84,0.05995496084345783,11.4
1760256000000,LONG,6.829929022082019,,7.179929022082018,False,GAS/USDT,2025-10-12 08:00:00,2025,48,63,84,0.10295042068852081,12.2
1760256000000,LONG,6.208678471388548,,6.558678471388547,True,SAND/USDT,2025-10-12 08:00:00,2025,49,63,84,-0.023553347919561186,0.0
1760256000000,LONG,8.094923322501563,,8.444923322501563,True,VET/USDT,2025-10-12 08:00:00,2025,50,63,84,0.09644420613140248,0.8
1760256000000,LONG,5.858702175543875,,6.208702175543874,False,KNC/USDT,2025-10-12 08:00:00,2025,51,63,84,0.1077144547804624,35.4
1760256000000,LONG,5.358035436742302,,5.708035436742302,True,ADA/USDT,2025-10-12 08:00:00,2025,52,63,84,0.062323445153286396,0.8
1760256000000,LONG,5.191621029572844,-0.0365014608710484,5.541621029572844,True,LDO/USDT,2025-10-12 08:00:00,2025,53,63,84,0.19510732084048624,22.400000000000002
1760270400000,LONG,8.776447661469929,,9.126447661469928,False,POLYX/USDT,2025-10-12 12:00:00,2025,10,59,83,0.062342946122677274,7.8
1760270400000,LONG,10.339159159159154,,10.689159159159152,False,HIGH/USDT,2025-10-12 12:00:00,2025,11,59,83,0.1302480873876629,24.2
1760270400000,LONG,11.481475161167992,0.4440412792032701,11.831475161167992,True,IMX/USDT,2025-10-12 12:00:00,2025,12,60,83,0.009464217167964415,4.0
1760270400000,LONG,9.239370691572155,,9.589370691572157,True,STX/USDT,2025-10-12 12:00:00,2025,13,60,83,0.011543325824169698,0.4
1760270400000,LONG,9.638203690726456,,9.988203690726454,False,AGLD/USDT,2025-10-12 12:00:00,2025,14,61,84,0.18832638853184597,46.800000000000004
1760270400000,LONG,7.372268311319733,,7.722268311319732,True,MASK/USDT,2025-10-12 12:00:00,2025,15,61,84,-0.023186314062669282,5.800000000000001
1760270400000,LONG,-4.761461270753942,,10.578986753236029,True,1000PEPE/USDT,2025-10-12 12:00:00,2025,16,62,84,0.006679035375263916,0.0
1760270400000,LONG,-4.996017699115048,,8.571570796460186,True,RUNE/USDT,2025-10-12 12:00:00,2025,17,62,84,0.021991349920881413,32.4
1760270400000,LONG,-5.312536648930383,,10.714963622543168,True,INJ/USDT,2025-10-12 12:00:00,2025,18,63,84,0.0255093952541304,10.6
1760270400000,LONG,-5.583685905647249,,11.089916919811143,True,SUI/USDT,2025-10-12 12:00:00,2025,19,64,84,-0.0384154188327818,0.6
1760270400000,LONG,-10.60742813762578,,10.25742813762578,True,APT/USDT,2025-10-12 12:00:00,2025,20,65,84,-0.09515428901415915,0.8
1760270400000,LONG,-10.28285024154589,,9.932850241545893,True,FET/USDT,2025-10-12 12:00:00,2025,21,66,85,-0.15774910923833493,44.0
1760270400000,LONG,-7.130538302277432,,9.124378881987584,False,1INCH/USDT,2025-10-12 12:00:00,2025,22,66,85,0.05201592088492853,39.0
1760270400000,LONG,7.749659863945583,,8.099659863945583,False,STEEM/USDT,2025-10-12 12:00:00,2025,23,66,85,0.06683144450051377,2.6
1760270400000,LONG,8.69082191780822,,9.04082191780822,True,DYDX/USDT,2025-10-12 12:00:00,2025,24,66,85,0.019112380282530993,27.200000000000003
1760270400000,LONG,-11.711807746708743,-0.6979580785539261,11.361807746708743,True,PENDLE/USDT,2025-10-12 12:00:00,2025,25,67,85,0.16312820843479992,8.200000000000001
1761552000000,SHORT,5.316929824561385,0.3071996959161122,5.666929824561385,False,BSV/USDT,2025-10-27 08:00:00,2025,1,1,1,0.10195833305460787,3.4000000000000004
1761552000000,SHORT,7.538183111557447,-0.1391007257194705,7.888183111557447,False,ILV/USDT,2025-10-27 08:00:00,2025,2,2,2,0.008370521717533911,19.8
1761552000000,SHORT,5.608782608695638,1.0552297680198477,5.958782608695637,True,PENDLE/USDT,2025-10-27 08:00:00,2025,3,3,3,0.08197534602254229,23.400000000000002
1761566400000,SHORT,5.395200959808028,-0.3999244224126042,5.745200959808027,True,ARB/USDT,2025-10-27 12:00:00,2025,4,4,4,0.035617796217979183,39.2
1761566400000,SHORT,4.068867924528279,0.5389552382874526,4.418867924528279,True,RUNE/USDT,2025-10-27 12:00:00,2025,5,5,5,0.018572747685252997,34.599999999999994
1761580800000,SHORT,6.018571428571406,-0.1389448075346938,6.368571428571405,False,ILV/USDT,2025-10-27 16:00:00,2025,3,5,5,0.01706434866185286,6.0
1761595200000,SHORT,-4.497206282089994,,4.147206282089995,True,LTC/USDT,2025-10-27 20:00:00,2025,2,6,6,-0.09650879716159393,59.199999999999996
1761638400000,SHORT,4.682706803719997,,5.0327068037199965,True,LTC/USDT,2025-10-28 08:00:00,2025,1,1,6,-0.09590871859639057,40.400000000000006
1761667200000,SHORT,-0.8750138825786326,0.7027514904835425,11.165959917209346,True,HBAR/USDT,2025-10-28 16:00:00,2025,1,2,3,0.06667461624348783,0.4
1761696000000,SHORT,-0.6325003852277954,0.702319405379658,8.439812008834545,True,HBAR/USDT,2025-10-29 00:00:00,2025,1,1,2,0.07646198942181591,0.8
1761868800000,LONG,-5.836128709569854,,5.486128709569854,True,ATOM/USDT,2025-10-31 00:00:00,2025,1,1,1,0.07750682598381704,0.4
1761868800000,LONG,-6.550971731448761,0.4046046500546593,6.200971731448761,True,MANA/USDT,2025-10-31 00:00:00,2025,2,2,2,0.04868509659760582,2.1999999999999997
1761868800000,LONG,5.689924906132664,1.073620554925517,6.039924906132663,False,KSM/USDT,2025-10-31 00:00:00,2025,3,3,3,0.09411309929612785,0.4
1761883200000,LONG,-7.088958333333329,0.3696255483617708,6.738958333333329,True,AXS/USDT,2025-10-31 04:00:00,2025,4,4,4,0.1004993438673526,2.8000000000000003
1761897600000,LONG,-5.789052619019204,,5.439052619019204,False,STEEM/USDT,2025-10-31 08:00:00,2025,2,5,5,0.05605596655818923,0.8
1761897600000,LONG,-6.033195146612741,,5.683195146612741,True,THETA/USDT,2025-10-31 08:00:00,2025,3,6,6,0.10412665355176026,0.2
1761897600000,LONG,5.446046654389202,,5.796046654389202,True,MASK/USDT,2025-10-31 08:00:00,2025,4,7,7,0.06059318624008729,2.4
1761897600000,LONG,-6.390225660184088,-0.4293481540540427,6.040225660184088,True,1000PEPE/USDT,2025-10-31 08:00:00,2025,5,8,8,0.07980572756758252,0.4
1761897600000,LONG,-5.5769436575385525,1.9536291859789336,5.226943657538553,True,VET/USDT,2025-10-31 08:00:00,2025,6,9,9,0.05007083254205656,0.6
1761897600000,LONG,-6.888796931772299,0.6833598525095089,6.538796931772299,True,GMT/USDT,2025-10-31 08:00:00,2025,7,10,10,0.0465561822038754,35.4
1761897600000,LONG,5.9140437392795935,-0.1302379046939036,6.264043739279593,False,BLUR/USDT,2025-10-31 08:00:00,2025,8,11,11,0.09108070629328593,5.800000000000001
1761897600000,LONG,-6.324520185307756,1.673964157094268,5.974520185307757,False,CTK/USDT,2025-10-31 08:00:00,2025,9,12,12,-0.04857994279214925,3.2
1761897600000,LONG,-6.680042225534033,1.9369095428141148,6.330042225534033,False,POLYX/USDT,2025-10-31 08:00:00,2025,10,13,13,0.08842257481297787,5.0
1761912000000,LONG,3.7317241379310384,0.5861842730684804,4.081724137931039,False,WOO/USDT,2025-10-31 12:00:00,2025,10,14,14,0.07102252533498406,0.2
1762214400000,LONG,-10.28708260105448,1.5589032800686968,9.93708260105448,False,CTK/USDT,2025-11-04 00:00:00,2025,1,1,1,-0.1834327029910183,6.800000000000001
1762257600000,LONG,-6.924825174825164,,6.574825174825165,True,ATOM/USDT,2025-11-04 12:00:00,2025,1,2,2,-0.06112467456755277,3.2
1762300800000,LONG,9.81256103721165,2.90106370454123,10.162561037211647,True,1000BONK/USDT,2025-11-05 00:00:00,2025,1,2,3,-0.08995877434768829,47.599999999999994
1762300800000,LONG,0.1645046524356748,-0.4415665670483951,8.008969166210564,True,XLM/USDT,2025-11-05 00:00:00,2025,2,3,4,-0.11294453058030343,43.6
1762300800000,LONG,9.491147049016323,1.0685481489603237,9.841147049016325,True,CFX/USDT,2025-11-05 00:00:00,2025,3,4,5,-0.20318871815839631,25.4
1762300800000,LONG,8.519924666795433,0.3696597976574913,8.869924666795432,True,UNI/USDT,2025-11-05 00:00:00,2025,4,5,6,-0.12599922500267238,32.800000000000004
1762300800000,LONG,2.945592184949177,-0.3405594846275801,7.702025383116544,True,BNB/USDT,2025-11-05 00:00:00,2025,5,6,7,-0.1379229060062953,10.8
1762300800000,LONG,7.560584920847877,0.3544113844726101,7.910584920847877,True,XRP/USDT,2025-11-05 00:00:00,2025,6,7,8,-0.10993539944334325,11.4
1762300800000,LONG,8.019615023474168,0.3925045749883571,8.369615023474168,True,ADA/USDT,2025-11-05 00:00:00,2025,7,8,9,-0.12042038727215541,50.2
1762300800000,LONG,9.118265620622031,1.121935610095283,9.46826562062203,True,SAND/USDT,2025-11-05 00:00:00,2025,8,9,10,-0.09675833395237343,4.0
1762300800000,LONG,8.796312074001936,0.9375855032075744,9.146312074001935,True,AVAX/USDT,2025-11-05 00:00:00,2025,9,10,11,-0.14912972462088986,44.2
1762300800000,LONG,0.8913602764711562,0.4351606925224366,8.627873908034942,True,ETH/USDT,2025-11-05 00:00:00,2025,10,11,12,-0.09550741006890584,47.8
1762300800000,LONG,9.329860442733404,,9.679860442733403,True,THETA/USDT,2025-11-05 00:00:00,2025,11,12,13,-0.14509292590857897,17.8
1762300800000,LONG,1.268554157414258,1.455453378843899,11.000592153960037,True,SUI/USDT,2025-11-05 00:00:00,2025,12,13,14,-0.07994459860972022,62.0
1762315200000,LONG,8.037053327670932,-0.2659975329571669,8.387053327670932,True,DOGE/USDT,2025-11-05 04:00:00,2025,13,13,14,-0.12636666773011368,64.8
1762315200000,LONG,10.7521669341894,0.4726981969322648,11.102166934189407,True,JASMY/USDT,2025-11-05 04:00:00,2025,14,14,15,-0.10741535190465715,16.400000000000002
1762315200000,LONG,6.81605541972292,0.0700704052307321,7.16605541972292,False,QNT/USDT,2025-11-05 04:00:00,2025,15,15,16,-0.13354144020928344,14.2
1762329600000,LONG,1.710043934586272,0.3830190862172385,11.956407127166234,True,SUI/USDT,2025-11-05 08:00:00,2025,4,15,16,-0.05985933031482087,62.0
1762329600000,LONG,6.160155721056199,0.5854890666229696,6.510155721056199,False,YFI/USDT,2025-11-05 08:00:00,2025,5,16,17,-0.19373481661898284,25.8
1762329600000,LONG,4.380072770350304,-0.3415037392447178,7.310551700795401,True,BNB/USDT,2025-11-05 08:00:00,2025,6,16,17,-0.12377193795524644,10.8
1762329600000,LONG,7.527628164981654,0.1537867823385563,7.877628164981654,True,XRP/USDT,2025-11-05 08:00:00,2025,7,16,17,-0.09402681169760492,9.2
1762329600000,LONG,7.484087668628681,-0.4783272619280687,7.834087668628681,True,XLM/USDT,2025-11-05 08:00:00,2025,8,16,17,-0.09019619911076122,71.6
1762329600000,LONG,0.6667122069009305,-0.4875303533970777,7.712403888924194,True,SOL/USDT,2025-11-05 08:00:00,2025,9,17,18,-0.08247167695035518,48.8
1762329600000,LONG,2.842440762789185,0.0206615041821429,8.284778242501432,True,ETH/USDT,2025-11-05 08:00:00,2025,10,17,18,-0.08249149906217203,19.6
1762329600000,LONG,8.413687359760662,-0.4433827999734794,8.763687359760661,True,ADA/USDT,2025-11-05 08:00:00,2025,11,17,18,-0.1066918000070494,50.2
1762344000000,LONG,-0.3041807862191238,-1.4762207261606832,4.876446416117562,True,BTC/USDT,2025-11-05 12:00:00,2025,9,18,19,0.015298919196455922,28.799999999999997
1762516800000,SHORT,-9.032568650861313,0.1995063447757915,8.682568650861313,True,AR/USDT,2025-11-07 12:00:00,2025,1,1,1,-0.0011954090159791311,4.3999999999999995
1762574400000,SHORT,-12.075150375939828,-1.3471520232204912,11.725150375939828,True,NEAR/USDT,2025-11-08 04:00:00,2025,1,1,2,0.21348475809426584,17.599999999999998
1762574400000,SHORT,11.127499999999984,1.50502260624932,11.477499999999983,False,ROSE/USDT,2025-11-08 04:00:00,2025,2,2,3,0.033028899549884354,36.4
1762588800000,SHORT,6.979393305439312,,7.329393305439312,True,FET/USDT,2025-11-08 08:00:00,2025,3,3,4,0.2076444337567671,43.8
1762603200000,SHORT,10.253024532317683,5.215774079830846,10.603024532317685,True,ICP/USDT,2025-11-08 12:00:00,2025,2,4,5,0.09426969311038583,9.0
1762632000000,SHORT,7.660212290502784,5.196845077999254,8.010212290502784,True,ICP/USDT,2025-11-08 20:00:00,2025,1,2,4,0.07059429064694826,2.4
1762747200000,SHORT,7.298731862405277,,7.648731862405277,True,XMR/USDT,2025-11-10 04:00:00,2025,1,1,1,-0.1601507116769377,93.2
1762790400000,SHORT,10.430024585125985,1.4344603041230464,10.780024585125982,False,COTI/USDT,2025-11-10 16:00:00,2025,1,2,2,0.23283466990670293,0.4
1762905600000,SHORT,7.494384474046841,,7.844384474046841,True,UNI/USDT,2025-11-12 00:00:00,2025,1,1,1,0.02261269277163897,23.200000000000003
1763467200000,LONG,-4.772589212440525,-1.1989728749781643,4.422589212440525,True,BTC/USDT,2025-11-18 12:00:00,2025,1,1,1,0.010952134528873026,77.2
1763467200000,LONG,-7.556000740832196,0.3436580155968269,7.206000740832197,True,JASMY/USDT,2025-11-18 12:00:00,2025,2,2,2,-0.10555386362743592,12.6
1763740800000,LONG,-1.4016252390057478,0.2044410105540229,9.450286806883366,False,BSV/USDT,2025-11-21 16:00:00,2025,1,1,1,-0.06869222387705101,10.4
1763740800000,LONG,2.8161880568441187,-0.6724325645752015,8.624850894632207,True,ETC/USDT,2025-11-21 16:00:00,2025,2,2,2,0.04008652498570671,24.8
1763755200000,LONG,3.472271284669523,0.0338208744284333,8.760811370222164,True,JASMY/USDT,2025-11-21 20:00:00,2025,3,3,3,-0.054762118615738764,30.0
1764144000000,SHORT,-6.778789659224426,-1.9537890880951112,6.428789659224426,False,QNT/USDT,2025-11-26 08:00:00,2025,1,1,1,-0.0865779173125929,58.8
1764273600000,SHORT,-7.734450540030849,-0.6971373382077278,7.3844505400308496,False,KAS/USDT,2025-11-27 20:00:00,2025,1,1,1,-0.061569216308276324,17.8
1764288000000,SHORT,6.945678219940079,-0.6684328338686487,7.295678219940078,False,ASTR/USDT,2025-11-28 00:00:00,2025,2,2,2,-0.004020565301922092,13.600000000000001
1764316800000,SHORT,5.374308062575193,-0.6652026806428604,5.724308062575193,False,ASTR/USDT,2025-11-28 08:00:00,2025,1,2,2,0.006364279194048385,0.6
1764403200000,SHORT,-9.33315955766193,0.0498442245494548,8.98315955766193,True,COMP/USDT,2025-11-29 08:00:00,2025,1,1,2,-0.031383848124939745,0.0
1764432000000,SHORT,-10.181432748537992,-0.0330477541813104,9.831432748537994,False,IOST/USDT,2025-11-29 16:00:00,2025,1,2,2,-0.11670119274382397,1.7999999999999998
1764532800000,SHORT,6.110933660933645,-1.0872181142103887,6.4609336609336445,False,QNT/USDT,2025-11-30 20:00:00,2025,1,1,1,-0.1905978586835521,15.6
1764561600000,SHORT,9.789063714063706,0.872033283329801,10.139063714063706,False,LQTY/USDT,2025-12-01 04:00:00,2025,1,2,2,-0.042549579745773385,55.2
1764576000000,LONG,5.556436314363144,-1.0535443951029078,5.906436314363144,False,STORJ/USDT,2025-12-01 08:00:00,2025,2,3,3,-0.06295291006314027,2.8000000000000003
1764619200000,SHORT,7.685747800586485,-0.277063455798096,8.035747800586485,True,COMP/USDT,2025-12-01 20:00:00,2025,1,2,4,-0.09310757094282002,0.8
1764662400000,LONG,6.727977919814063,-1.2468061220892288,7.077977919814063,True,NEAR/USDT,2025-12-02 08:00:00,2025,1,2,3,0.055580026483196425,17.2
1764676800000,LONG,-10.697286821705422,0.7022445043393597,10.347286821705422,False,YGG/USDT,2025-12-02 12:00:00,2025,2,2,3,0.014194181393424182,42.0
1764691200000,LONG,-5.2498181211919,0.8333581070951532,4.899818121191901,True,ZEC/USDT,2025-12-02 16:00:00,2025,2,3,4,0.07010404941485457,39.0
1765296000000,LONG,-5.228048780487796,-0.8173704542374675,10.999512195121945,True,DYDX/USDT,2025-12-09 16:00:00,2025,1,1,1,0.005472673072301161,0.4
1765310400000,SHORT,7.300056369785794,0.904361634215521,7.650056369785794,False,ENJ/USDT,2025-12-09 20:00:00,2025,2,2,2,0.09449264616581833,0.2
1765771200000,LONG,-6.1555920592758415,-0.0801135702552822,5.805592059275842,False,RLC/USDT,2025-12-15 04:00:00,2025,1,1,1,-0.052492278253645594,39.4
1765872000000,LONG,6.571584905660368,-0.01441876775744,6.921584905660379,False,EDU/USDT,2025-12-16 08:00:00,2025,1,1,1,-0.012323055108572291,34.0
1765872000000,LONG,-4.652970458625774,-0.1406289106555795,4.302970458625774,True,RUNE/USDT,2025-12-16 08:00:00,2025,2,2,2,0.030633681046686196,13.200000000000001
1765872000000,LONG,-4.726650981664778,-1.1251891121212172,4.3766509816647785,True,JASMY/USDT,2025-12-16 08:00:00,2025,3,3,3,-0.04337786314059869,1.6
1765872000000,LONG,-5.591079295154181,-0.0059061065662252,5.241079295154181,True,PEOPLE/USDT,2025-12-16 08:00:00,2025,4,4,4,0.08321902209362435,43.4
1765886400000,LONG,-5.698101265822794,0.2556556420759379,5.348101265822795,True,ENS/USDT,2025-12-16 12:00:00,2025,5,5,5,0.018267089635617993,25.4
1765886400000,LONG,-5.373331850533799,-0.4315979247166413,5.0233318505338,False,API3/USDT,2025-12-16 12:00:00,2025,6,6,6,0.05950130404934915,73.0
1765886400000,LONG,-6.177078891257988,-0.1858870879508692,5.8270788912579885,False,CHR/USDT,2025-12-16 12:00:00,2025,7,7,7,0.06138908261604149,20.200000000000003
1765886400000,LONG,-5.244422680412372,-0.029445432566566,4.894422680412372,True,XRP/USDT,2025-12-16 12:00:00,2025,8,8,8,0.052694587847410865,3.2
1765886400000,LONG,-5.217034764826172,-0.9873240128850724,4.8670347648261725,True,SAND/USDT,2025-12-16 12:00:00,2025,9,9,9,0.06275605526997183,30.8
1765886400000,LONG,-5.683415796225024,-0.1724139674335068,5.333415796225024,True,VET/USDT,2025-12-16 12:00:00,2025,10,10,10,0.021574293820196867,29.2
1765886400000,LONG,-4.90450885668277,-0.3105904446947685,4.55450885668277,False,STORJ/USDT,2025-12-16 12:00:00,2025,11,11,11,0.041136502752560686,26.6
1765886400000,LONG,-5.910239515198163,1.1373017653096968,5.560239515198163,False,CAKE/USDT,2025-12-16 12:00:00,2025,12,12,12,0.12641943326299485,31.4
1765900800000,LONG,-7.96187196110211,0.0386194799917559,7.611871961102111,False,CKB/USDT,2025-12-16 16:00:00,2025,9,13,13,0.00910188495376364,19.6
1765900800000,LONG,-5.698101265822781,-0.6301584381938656,5.348101265822781,False,BSV/USDT,2025-12-16 16:00:00,2025,10,14,14,0.020991439954555945,53.6
1766016000000,LONG,-5.38085073710073,-0.1910132235365044,5.030850737100731,False,STEEM/USDT,2025-12-18 00:00:00,2025,1,1,1,0.09233282367952528,11.0
1766059200000,LONG,-5.438041710513732,-0.8938375102798344,5.088041710513733,True,VET/USDT,2025-12-18 12:00:00,2025,1,2,2,0.05252421235580014,4.2
1766059200000,LONG,-6.208255633255635,-0.5214821516344262,5.858255633255635,True,APT/USDT,2025-12-18 12:00:00,2025,2,3,3,-0.017002475581318895,38.800000000000004
1766059200000,LONG,-4.57035466461064,-0.6127149227930859,4.220354664610641,True,MANA/USDT,2025-12-18 12:00:00,2025,3,4,4,0.06608410832288847,11.600000000000001
1766059200000,LONG,-5.578727131179453,-0.7898396263717036,5.228727131179453,True,STX/USDT,2025-12-18 12:00:00,2025,4,5,5,0.08879283607172386,27.800000000000004
1766059200000,LONG,-5.444260599793175,-0.9934912645065282,5.094260599793175,False,BIGTIME/USDT,2025-12-18 12:00:00,2025,5,6,6,0.012761598358735462,1.0
1766059200000,LONG,-6.315374402549117,-1.088349128472287,5.965374402549117,True,ARKM/USDT,2025-12-18 12:00:00,2025,6,7,7,0.021510773486948707,49.4
1766059200000,LONG,5.729710144927536,-0.2002799522549753,6.079710144927535,False,YFI/USDT,2025-12-18 12:00:00,2025,7,8,8,0.20400985901070168,6.6000000000000005
1766059200000,LONG,-3.0890900649953585,-2.1751658315307774,9.927483751160626,False,COTI/USDT,2025-12-18 12:00:00,2025,8,9,9,0.10176052694398154,21.6
1766059200000,LONG,-6.364275605872976,-0.3770497783603777,6.014275605872976,True,MASK/USDT,2025-12-18 12:00:00,2025,9,10,10,-0.005694856617142994,33.6
1766059200000,LONG,-6.450291745323502,-1.0324037484616038,6.100291745323502,True,PYTH/USDT,2025-12-18 12:00:00,2025,10,11,11,-0.027846163269098792,74.2
1766059200000,LONG,-5.3945659163987125,0.4364223591457432,5.044565916398713,False,1INCH/USDT,2025-12-18 12:00:00,2025,11,12,12,0.11824597838250445,51.0
1766059200000,LONG,-4.976662503902587,-0.3715464829265446,4.626662503902588,False,LPT/USDT,2025-12-18 12:00:00,2025,12,13,13,0.07247210873791801,40.400000000000006
1766059200000,LONG,-6.715635382059811,-1.405142683640472,6.365635382059812,True,INJ/USDT,2025-12-18 12:00:00,2025,13,14,14,0.0410576298389185,6.2
1766059200000,LONG,-8.77010472289906,-0.474859979003531,8.42010472289906,True,PENDLE/USDT,2025-12-18 12:00:00,2025,14,15,15,-0.08863431105433939,6.0
1766059200000,LONG,-6.709116022099442,0.8607062285792616,6.3591160220994425,False,DUSK/USDT,2025-12-18 12:00:00,2025,15,16,16,-0.028492955492422783,26.200000000000003
1766059200000,LONG,-5.085557785582873,-0.2939411213856487,4.735557785582873,True,RUNE/USDT,2025-12-18 12:00:00,2025,16,17,17,0.03452379402092352,35.0
1766059200000,LONG,-6.438723608445299,-2.12668149672767,6.088723608445299,True,APE/USDT,2025-12-18 12:00:00,2025,17,18,18,-0.029000218918021327,17.599999999999998
1766059200000,LONG,-5.675847941084951,0.0281941083703808,5.325847941084951,True,ENS/USDT,2025-12-18 12:00:00,2025,18,19,19,0.03283344778322571,25.4
1766059200000,LONG,-5.578747984954327,-1.2027545052899236,5.228747984954327,True,DOT/USDT,2025-12-18 12:00:00,2025,19,20,20,0.17377404259503343,8.6
1766059200000,LONG,-5.172161339421616,-1.2115309197571529,4.8221613394216165,False,EGLD/USDT,2025-12-18 12:00:00,2025,20,21,21,0.214492483758847,15.2
1766059200000,LONG,-5.8668604651162655,-0.4298024516739896,5.516860465116266,True,SUSHI/USDT,2025-12-18 12:00:00,2025,21,22,22,0.04932517544363836,29.2
1766059200000,LONG,-6.032394112500643,-0.4120513741780458,5.682394112500643,True,TRB/USDT,2025-12-18 12:00:00,2025,22,23,23,-0.017774386946561967,4.2
1766059200000,LONG,-5.122996613995477,-0.4004605101268044,4.772996613995478,False,UMA/USDT,2025-12-18 12:00:00,2025,23,24,24,-0.0028938969176215737,44.4
1766102400000,LONG,-1.4242187500000068,-2.028379502359053,6.433886718750008,False,SKL/USDT,2025-12-19 00:00:00,2025,1,24,25,0.05443066533458625,61.4
1766102400000,LONG,-5.2115881064884295,1.4261356387305073,4.86158810648843,False,TWT/USDT,2025-12-19 00:00:00,2025,2,25,26,0.07745574779655275,20.200000000000003
1766102400000,LONG,6.259748050389916,-0.3219211552925422,6.609748050389916,True,AR/USDT,2025-12-19 00:00:00,2025,3,26,27,-0.06475832913803829,18.6
1766116800000,LONG,6.138796366389098,-0.9127032139684356,6.4887963663890975,False,API3/USDT,2025-12-19 04:00:00,2025,4,4,27,-0.036131277631331525,67.0
1766116800000,LONG,3.963540713632207,0.6616671379139173,4.313540713632207,False,KNC/USDT,2025-12-19 04:00:00,2025,5,5,28,-0.061799741403800186,6.6000000000000005
1766116800000,LONG,4.448739216987398,-1.990351101715517,4.798739216987397,False,SFP/USDT,2025-12-19 04:00:00,2025,6,6,29,0.034361672022261036,2.6
1766116800000,LONG,6.1420030975735695,-0.5733141872687743,6.492003097573558,True,1000PEPE/USDT,2025-12-19 04:00:00,2025,7,7,30,0.07827417202461595,47.199999999999996
1766116800000,LONG,6.260797872340427,-0.5476894256137976,6.610797872340426,False,BIGTIME/USDT,2025-12-19 04:00:00,2025,8,8,30,-0.05766053253686305,57.4
1766116800000,LONG,-4.914790575916231,-1.3446170957420134,5.666704842931936,False,ID/USDT,2025-12-19 04:00:00,2025,9,9,31,-0.03691447519353453,37.2
1766116800000,LONG,-1.650813008130085,0.0765590512443703,6.9466666666666645,True,GALA/USDT,2025-12-19 04:00:00,2025,10,10,32,-0.01992861564543335,43.8
1766116800000,LONG,-1.5052634199780877,-2.277868844968482,5.8901902200976,False,ASTR/USDT,2025-12-19 04:00:00,2025,11,11,33,0.07377022569099351,25.0
1766116800000,LONG,-0.9780720917531468,-1.569945728049697,5.717886400873849,True,ADA/USDT,2025-12-19 04:00:00,2025,12,12,34,0.11992568377442427,20.200000000000003
1766116800000,LONG,-5.707142857142862,-1.3395144656835378,8.014880952380956,True,DYDX/USDT,2025-12-19 04:00:00,2025,13,13,35,-0.057101495752760155,24.6
1766116800000,LONG,-1.5144832605531326,-1.218485402438893,5.52445414847162,False,RVN/USDT,2025-12-19 04:00:00,2025,14,14,36,-0.0688440019780002,50.2
1766116800000,LONG,-5.168907305095151,-1.158193074009779,5.915392879066913,False,EGLD/USDT,2025-12-19 04:00:00,2025,15,15,36,0.12499483684382288,22.400000000000002
1766116800000,LONG,0.3006666666666661,0.0266009620840218,6.733973333333343,True,ENS/USDT,2025-12-19 04:00:00,2025,16,16,36,-0.022239906762536517,20.200000000000003
1766116800000,LONG,-1.12783179387457,0.944705741199964,7.085610111813311,True,FET/USDT,2025-12-19 04:00:00,2025,17,17,37,-0.037893122601028756,16.6
1766116800000,LONG,-0.6476190476190423,0.4684639705249813,6.679613095238099,False,HIGH/USDT,2025-12-19 04:00:00,2025,18,18,38,-0.20032246342652396,13.200000000000001
1766116800000,LONG,-4.842939666238771,-2.4054219814855298,7.339152759948641,False,MINA/USDT,2025-12-19 04:00:00,2025,19,19,39,-0.04691592268133114,45.2
1766116800000,LONG,7.228582224909314,-0.9124551650002128,7.578582224909313,False,CYBER/USDT,2025-12-19 04:00:00,2025,20,20,40,-0.05627791685191543,16.6
1766116800000,LONG,7.189864976123827,-0.7477755011513308,7.539864976123827,False,YGG/USDT,2025-12-19 04:00:00,2025,21,21,41,0.06252726193666307,52.400000000000006
1766116800000,LONG,-2.441942148760329,-0.8354629227397646,6.788739669421481,False,LQTY/USDT,2025-12-19 04:00:00,2025,22,22,42,-0.13163756217113165,28.000000000000004
1766116800000,LONG,-3.7113445378151337,-0.7444615267117387,5.84553821528613,True,STX/USDT,2025-12-19 04:00:00,2025,23,23,42,0.008351067306613754,31.0
1766116800000,LONG,6.010124496521424,-0.7420520155511316,6.360124496521424,False,BLUR/USDT,2025-12-19 04:00:00,2025,24,24,43,-0.011387224639312278,19.2
1766116800000,LONG,1.101958682518026,-0.6116139695722892,7.499152212044444,True,VET/USDT,2025-12-19 04:00:00,2025,25,25,43,-0.05631174593584096,15.4
1766116800000,LONG,5.40394466403162,-1.931964896423447,5.75394466403162,False,ANKR/USDT,2025-12-19 04:00:00,2025,26,26,44,-0.05230379467218389,16.8
1766116800000,LONG,5.836652806652796,0.7590365918323707,6.186652806652807,False,AGLD/USDT,2025-12-19 04:00:00,2025,27,27,45,0.038402339042740145,1.6
1766116800000,LONG,5.531170483460564,-0.4532474230664028,5.881170483460563,False,ARPA/USDT,2025-12-19 04:00:00,2025,28,28,46,-0.023990336676148003,28.799999999999997
1766116800000,LONG,6.585026269702268,-0.4081193281472275,6.935026269702267,True,SUSHI/USDT,2025-12-19 04:00:00,2025,29,29,46,-0.010930799168963558,1.0
1766116800000,LONG,0.5600642398286976,-0.5452648687020928,8.786241970021415,True,ARKM/USDT,2025-12-19 04:00:00,2025,30,30,46,-0.04075951731228776,32.0
1766116800000,LONG,1.188624226722362,0.0487812575946081,7.274202929202132,True,TRB/USDT,2025-12-19 04:00:00,2025,31,31,46,-0.08921230487345036,15.4
1766116800000,LONG,5.0557996768982125,-0.6636573652131231,5.405799676898212,False,RLC/USDT,2025-12-19 04:00:00,2025,32,32,47,-0.05163259134724116,46.400000000000006
1766131200000,LONG,-0.3340764331210031,-0.25963448965017,4.9674840764331165,False,STEEM/USDT,2025-12-19 08:00:00,2025,30,33,48,-0.02496784396877366,10.8
1766131200000,LONG,7.089973958333327,-1.789691296877955,7.439973958333327,False,KAVA/USDT,2025-12-19 08:00:00,2025,31,34,49,-0.04599550029146096,73.8
1766145600000,LONG,4.919405630865477,-0.5666378052080474,5.269405630865477,False,POLYX/USDT,2025-12-19 12:00:00,2025,3,35,50,0.0245509426178956,37.8
1766145600000,LONG,-1.9512396694214835,-0.8384640343567679,6.196513429752063,False,LQTY/USDT,2025-12-19 12:00:00,2025,4,35,50,-0.12387258990282775,11.200000000000001
1766145600000,LONG,-8.238088737201355,-1.6505362104928727,7.888088737201356,True,THETA/USDT,2025-12-19 12:00:00,2025,5,36,51,-0.00021175048919694657,4.0
1766160000000,LONG,-5.173593466424685,-0.9183583861848612,4.823593466424685,False,ONT/USDT,2025-12-19 16:00:00,2025,4,34,37,0.10125361490521977,10.8
1766289600000,SHORT,3.9523810556447017,-1.3805425072267683,8.558643795810372,True,XMR/USDT,2025-12-21 04:00:00,2025,1,1,1,-0.09198780760668572,85.2
1766865600000,SHORT,-9.483668847508785,0.1323866837288511,9.133668847508783,False,GAS/USDT,2025-12-27 20:00:00,2025,1,1,1,-0.03694993888284124,0.0
1766937600000,SHORT,-4.454477611940299,0.8164510306970612,5.586333955223876,False,HIGH/USDT,2025-12-28 16:00:00,2025,1,1,2,-0.08990543680559797,14.6
1766937600000,SHORT,7.117792462065593,0.91287662994802,7.467792462065592,True,UNI/USDT,2025-12-28 16:00:00,2025,2,2,3,0.055673031462402316,55.400000000000006
1766966400000,SHORT,-7.9914441147378685,0.1223917585177156,7.641444114737869,False,GAS/USDT,2025-12-29 00:00:00,2025,1,3,3,-0.03792115253784813,0.8
1766995200000,SHORT,3.76824760106968,0.6362484501522492,4.1182476010696805,True,AVAX/USDT,2025-12-29 08:00:00,2025,1,2,4,-0.12996900836962694,27.400000000000002
1766995200000,SHORT,-5.09120331248943,1.0699969215441447,4.74120331248943,True,LDO/USDT,2025-12-29 08:00:00,2025,2,3,5,-0.04659784821576161,64.60000000000001
1767081600000,LONG,4.137677329624483,-0.1328194624344692,4.487677329624483,False,LQTY/USDT,2025-12-30 08:00:00,2025,1,1,3,-0.08373817933579698,8.6
1767139200000,SHORT,10.833755685510052,,11.183755685510052,False,ZRX/USDT,2025-12-31 00:00:00,2025,1,1,2,-0.125504754029444,3.0
1767211200000,SHORT,-9.12906701397111,0.3657915271720738,8.77906701397111,True,CHZ/USDT,2025-12-31 20:00:00,2025,1,1,2,0.14884566457077436,12.8
1767240000000,SHORT,-6.877624179943755,0.3629123358036169,6.527624179943755,True,CHZ/USDT,2026-01-01 04:00:00,2026,1,1,1,0.1729456920154716,50.6
1767412800000,SHORT,-10.030575539568355,-0.5091075393138728,9.680575539568355,True,MEME/USDT,2026-01-03 04:00:00,2026,1,1,1,-0.09754462342951924,34.4
1767412800000,SHORT,-5.9977099771230895,-1.078431123689271,5.64770997712309,True,PENDLE/USDT,2026-01-03 04:00:00,2026,2,2,2,-0.03758398640889831,52.6
1767412800000,SHORT,-8.789050304301472,-0.507999373288613,8.439050304301473,True,1000PEPE/USDT,2026-01-03 04:00:00,2026,3,3,3,0.1894376524478377,50.8
1767556800000,SHORT,-9.04950738916256,-0.4484885398594385,8.69950738916256,True,1000BONK/USDT,2026-01-04 20:00:00,2026,1,1,1,0.19960225863677386,62.0
1767585600000,SHORT,3.751722723543899,3.2992260611318507,9.844544708777674,True,MEME/USDT,2026-01-05 04:00:00,2026,1,2,2,-0.08977204411598447,34.8
1767585600000,SHORT,-5.190432640106899,-0.4469029481559733,4.8404326401069,True,1000BONK/USDT,2026-01-05 04:00:00,2026,2,2,2,0.20354598186563844,61.6
1767600000000,SHORT,-7.502223750573129,-2.337855138469415,7.152223750573129,False,BIGTIME/USDT,2026-01-05 08:00:00,2026,3,3,3,-0.1752945503515083,64.4
1767614400000,SHORT,-5.617367706919933,-0.138067028486912,5.267367706919933,True,1000BONK/USDT,2026-01-05 12:00:00,2026,2,3,3,0.19556092409517145,61.199999999999996
1767643200000,SHORT,-6.529026124338606,-0.1375988356707153,6.179026124338606,True,1000BONK/USDT,2026-01-05 20:00:00,2026,1,2,3,0.18956701253315145,60.8
1767657600000,SHORT,7.557969275084017,,7.907969275084016,False,BSV/USDT,2026-01-06 00:00:00,2026,2,2,4,0.23429563316289526,20.200000000000003
1767657600000,SHORT,9.638693743139395,-0.3057117843550246,9.988693743139397,False,MINA/USDT,2026-01-06 00:00:00,2026,3,3,5,-0.132541708672595,4.6
1767672000000,SHORT,-4.931574840018723,2.988779368555816,4.581574840018724,True,HBAR/USDT,2026-01-06 04:00:00,2026,3,4,6,-0.1307539701858742,66.8
1767672000000,SHORT,4.084903047091391,-0.7876847066118773,4.434903047091391,True,XLM/USDT,2026-01-06 04:00:00,2026,4,5,7,-0.011915341315425293,70.8
1767686400000,SHORT,2.771516164994422,-0.3050573074529933,10.028093645484944,False,MINA/USDT,2026-01-06 08:00:00,2026,3,5,6,-0.11756772563754415,1.2
1767686400000,SHORT,6.098508180943213,,8.16761308950913,False,BSV/USDT,2026-01-06 08:00:00,2026,4,5,6,0.24095318000983237,39.0
1767700800000,SHORT,3.919247976572963,-0.7819218905718693,4.269247976572963,True,XLM/USDT,2026-01-06 12:00:00,2026,3,4,5,-0.02338718272042385,56.00000000000001
1767715200000,SHORT,7.866609471516815,1.2952742581409846,8.216609471516815,True,FET/USDT,2026-01-06 16:00:00,2026,2,5,6,-0.022390749041511962,25.8
1767715200000,SHORT,1.947173125776984,1.1023141601030366,9.7493757094211,True,SUI/USDT,2026-01-06 16:00:00,2026,3,6,7,0.025483191315433463,30.4
1767715200000,SHORT,7.655930645754195,0.3216429983121162,8.005930645754194,False,KSM/USDT,2026-01-06 16:00:00,2026,4,7,8,-0.14770782526823137,40.8
1767715200000,SHORT,4.58213949104618,0.2777939985242383,4.93213949104618,False,ENJ/USDT,2026-01-06 16:00:00,2026,5,8,9,-0.06500235584447107,8.6
1767715200000,SHORT,4.340330752990843,-1.013090508007667,4.6903307529908425,False,RLC/USDT,2026-01-06 16:00:00,2026,6,9,10,-0.10362674404106025,51.0
1767715200000,SHORT,5.628992728252088,0.0079900329080407,8.430972259628325,True,XRP/USDT,2026-01-06 16:00:00,2026,7,10,11,0.028190960757180254,77.0
1767715200000,SHORT,-0.1120464009518075,0.2759734939518345,5.177766210588917,True,MASK/USDT,2026-01-06 16:00:00,2026,8,11,12,-0.062147357787754,60.4
1767715200000,SHORT,-8.725388838060375,3.5346546272947497,8.375388838060376,False,IOTA/USDT,2026-01-06 16:00:00,2026,9,12,13,-0.1249578434136397,41.199999999999996
1767715200000,SHORT,-12.181693097014891,2.678096318038437,11.831693097014892,True,JASMY/USDT,2026-01-06 16:00:00,2026,10,13,14,0.26512516873084746,3.5999999999999996
1767715200000,SHORT,-6.212996688741715,1.167189346662728,5.862996688741715,True,ATOM/USDT,2026-01-06 16:00:00,2026,11,14,15,-0.11331807705157661,80.4
1767715200000,SHORT,-5.687963091438875,0.4992493755730016,5.337963091438875,False,ANKR/USDT,2026-01-06 16:00:00,2026,12,15,16,-0.126004911658086,33.4
1767715200000,SHORT,1.5428456849534684,-1.2166360206664646,6.703496952197624,True,THETA/USDT,2026-01-06 16:00:00,2026,13,16,17,-0.11684970351063871,30.8
1767715200000,SHORT,-6.047615803814704,1.850812958589947,5.697615803814704,False,QTUM/USDT,2026-01-06 16:00:00,2026,14,17,18,-0.09014999878988991,1.2
1767715200000,SHORT,6.249180825242711,-0.2103450568598036,6.59918082524271,False,LPT/USDT,2026-01-06 16:00:00,2026,15,18,19,-0.12076719416316233,97.6
1767715200000,SHORT,4.738062622309203,-0.7143728268650716,10.310371819960864,True,SNX/USDT,2026-01-06 16:00:00,2026,16,19,20,-0.03501952621909459,31.6
1767715200000,SHORT,5.690087904038086,0.3813069914447967,6.040087904038086,True,ENS/USDT,2026-01-06 16:00:00,2026,17,20,21,-0.15163712165132862,53.800000000000004
1767715200000,SHORT,0.602519450301754,2.060662976640808,4.639307787391815,True,SOL/USDT,2026-01-06 16:00:00,2026,18,21,22,-0.20702144354005514,52.2
1767715200000,SHORT,1.1927769985974752,0.4380064720132604,9.239143185005714,False,UMA/USDT,2026-01-06 16:00:00,2026,19,22,23,-0.14042485089654175,43.8
1767715200000,SHORT,1.4890804597701035,-1.458559720777678,4.68091954022989,False,KAVA/USDT,2026-01-06 16:00:00,2026,20,23,24,-0.13228869077242156,86.6
1767715200000,SHORT,6.315301185388262,-0.0983640348003421,6.6653011853882616,True,VET/USDT,2026-01-06 16:00:00,2026,21,24,25,-0.12379456367123459,33.2
1767715200000,SHORT,-5.050777436268315,-1.2074386385475189,9.69349123124209,False,DUSK/USDT,2026-01-06 16:00:00,2026,22,25,26,0.04197448820704692,3.0
1767715200000,SHORT,1.976869806094189,0.5805870339805186,9.431652816251148,True,INJ/USDT,2026-01-06 16:00:00,2026,23,26,27,-0.11728815778550596,49.8
1767715200000,SHORT,6.14039062499998,1.7640365599688288,6.490390624999979,True,SEI/USDT,2026-01-06 16:00:00,2026,24,27,28,-0.21569893730638084,19.0
1767744000000,SHORT,6.58492261607586,0.270621480039653,6.93492261607586,False,UMA/USDT,2026-01-07 00:00:00,2026,1,24,27,-0.23596291924187557,43.4
1767744000000,SHORT,6.750413122721737,-0.6840629814376795,7.100413122721736,False,KSM/USDT,2026-01-07 00:00:00,2026,2,24,27,-0.19234508091610636,40.8
1767744000000,SHORT,8.46969111969112,-0.7061877341269084,8.81969111969112,True,SNX/USDT,2026-01-07 00:00:00,2026,3,24,27,-0.11307994456106657,5.4
1767744000000,SHORT,5.652675585284269,-0.0476054246445878,6.002675585284269,False,RSR/USDT,2026-01-07 00:00:00,2026,4,25,28,-0.10545412598447823,63.4
1767744000000,SHORT,-0.6869272237196843,1.8309595222145405,5.774595687331527,False,QTUM/USDT,2026-01-07 00:00:00,2026,5,25,28,-0.10895333587719527,3.4000000000000004
1767772800000,SHORT,0.1861930294906171,2.4507602665275585,5.207439678284173,False,QTUM/USDT,2026-01-07 08:00:00,2026,1,5,27,-0.12877861642465344,2.0
1767772800000,SHORT,3.834741235392322,-0.0472179141500658,4.184741235392322,False,RSR/USDT,2026-01-07 08:00:00,2026,2,5,27,-0.13785417936559663,63.4
1767772800000,SHORT,3.74088610795093,0.4297896395569666,4.09088610795093,False,UMA/USDT,2026-01-07 08:00:00,2026,3,5,27,-0.2525405031716594,43.0
1767772800000,SHORT,8.177734374999996,-0.7014604453397398,8.527734374999996,True,SNX/USDT,2026-01-07 08:00:00,2026,4,5,27,-0.14141213767514543,1.0
1767772800000,SHORT,-7.25610441767068,-2.322807004610138,6.90610441767068,False,POLYX/USDT,2026-01-07 08:00:00,2026,5,6,28,-0.22946059323126222,19.8
1767787200000,SHORT,-4.826341760173023,-0.3873914290422312,4.476341760173023,False,STEEM/USDT,2026-01-07 12:00:00,2026,6,7,27,-0.14449927851917083,59.0
1767787200000,SHORT,-5.244895287958113,1.3816787296664828,4.894895287958113,False,CTK/USDT,2026-01-07 12:00:00,2026,7,8,28,-0.10711753386565667,48.6
1767801600000,SHORT,-12.318903828623492,2.573088154394038,11.968903828623493,True,JASMY/USDT,2026-01-07 16:00:00,2026,3,8,27,-0.12258967513779026,3.0
1767830400000,SHORT,-7.499177330895785,0.6903311273406518,7.149177330895785,False,ACH/USDT,2026-01-08 00:00:00,2026,1,4,10,-0.13498658650461914,8.200000000000001
1767844800000,SHORT,5.853816300129379,1.4361468821496048,6.203816300129379,False,CTK/USDT,2026-01-08 04:00:00,2026,2,3,9,-0.13135519691430603,47.8
1767916800000,LONG,-11.265487170121457,2.99171341815983,10.915487170121455,True,ZEC/USDT,2026-01-09 00:00:00,2026,1,1,3,0.011290260796547097,46.2
1768075200000,SHORT,4.087030247479373,0.3036651992852431,4.437030247479373,True,GMT/USDT,2026-01-10 20:00:00,2026,1,1,1,-0.049134698497140625,8.6
1768075200000,SHORT,9.864548475139433,,10.214548475139432,False,ID/USDT,2026-01-10 20:00:00,2026,2,2,2,-0.14692673437040366,0.0
1768104000000,SHORT,-7.403931430917654,1.4060921866022038,7.053931430917654,True,CHZ/USDT,2026-01-11 04:00:00,2026,1,3,3,0.1382901030603116,69.39999999999999
1768204800000,SHORT,-8.043819109724964,2.0360074170946216,7.693819109724965,False,ACH/USDT,2026-01-12 08:00:00,2026,1,1,1,-0.19033095561254632,18.2
1768204800000,SHORT,-4.477383012598614,3.8540394813513945,4.127383012598615,True,XMR/USDT,2026-01-12 08:00:00,2026,2,2,2,0.16595030173221048,4.6
1768420800000,SHORT,-12.171370412125764,,11.821370412125765,False,DASH/USDT,2026-01-14 20:00:00,2026,1,1,1,0.0035286091474441704,2.4
1768435200000,SHORT,-9.973456790123455,1.3881226383905818,9.623456790123456,False,STG/USDT,2026-01-15 00:00:00,2026,2,2,2,-0.1657941222960664,59.4
1768564800000,SHORT,4.996274178205245,-0.9958359066183552,5.3462741782052445,False,TWT/USDT,2026-01-16 12:00:00,2026,1,1,1,-0.23658147325976372,39.2
1768593600000,SHORT,3.8290634472666327,-0.9949771180043038,4.179063447266633,False,TWT/USDT,2026-01-16 20:00:00,2026,1,1,1,-0.2231619227626371,38.800000000000004
1768680000000,SHORT,-11.11179794668277,-0.3943728329552642,10.761797946682773,False,DUSK/USDT,2026-01-17 20:00:00,2026,1,1,2,0.0717668057864488,0.2
1768723200000,SHORT,6.460818908122472,2.1385453579572444,6.810818908122472,True,CHZ/USDT,2026-01-18 08:00:00,2026,1,2,2,-0.038682162467595496,70.6
1768809600000,LONG,-2.5508363714347086,0.5705287926436469,11.602576131245987,True,ZEC/USDT,2026-01-19 08:00:00,2026,1,1,2,-0.04849872999589233,21.0
1768824000000,LONG,-4.053703703703687,0.8346304012185928,10.480130959688958,False,NMR/USDT,2026-01-19 12:00:00,2026,2,2,2,-0.11403044400062734,84.8
1768838400000,LONG,5.474822226737111,0.2962985388182445,5.824822226737111,True,PENDLE/USDT,2026-01-19 16:00:00,2026,2,3,3,-0.0254925201449995,31.8
1768838400000,LONG,5.37261450381682,3.2726341663346763,5.72261450381682,True,MEME/USDT,2026-01-19 16:00:00,2026,3,4,4,-0.008276714571822896,10.4
1768838400000,LONG,-4.854098522167488,-0.3914795292524199,4.504098522167488,True,WLD/USDT,2026-01-19 16:00:00,2026,4,5,5,-0.0019272069068654355,14.000000000000002
1768953600000,LONG,0.5585009733938939,-0.8991400090728938,5.281765087605452,False,IOST/USDT,2026-01-21 00:00:00,2026,1,1,1,0.06958231939303859,22.6
1768953600000,LONG,0.0419771940541548,0.1540040604307538,4.695245367542256,True,BCH/USDT,2026-01-21 00:00:00,2026,2,2,2,-0.10148959066935792,33.4
1768953600000,LONG,-4.65177660799473,-0.4624942154895554,4.30177660799473,True,RUNE/USDT,2026-01-21 00:00:00,2026,3,3,3,-0.0421426705420201,10.4
1769155200000,SHORT,-7.995468914646981,5.598213087575419,7.645468914646981,False,STG/USDT,2026-01-23 08:00:00,2026,1,1,1,-0.010385531956019543,1.6
1769212800000,SHORT,6.166942148760323,7.680970333426047,6.5169421487603225,False,STG/USDT,2026-01-24 00:00:00,2026,1,1,1,-0.05666210717124206,7.3999999999999995
1769212800000,SHORT,10.08355457227138,4.603571699684372,10.43355457227138,True,AXS/USDT,2026-01-24 00:00:00,2026,2,2,2,-0.02554551422354657,34.4
1769328000000,SHORT,7.804506437768239,,9.960300429184544,False,CYBER/USDT,2026-01-25 08:00:00,2026,1,1,1,-0.0606017682821421,17.2
1769385600000,LONG,4.204095074455895,-1.537483456719319,4.554095074455895,False,GMX/USDT,2026-01-26 00:00:00,2026,1,1,2,-0.05054093345247731,23.400000000000002
1769385600000,LONG,6.792156862745093,-0.4061947604248873,7.142156862745093,False,EDU/USDT,2026-01-26 00:00:00,2026,2,2,3,0.20717571969206383,21.8
1769400000000,LONG,-7.304337372571648,-1.8538387369307163,6.954337372571649,True,LDO/USDT,2026-01-26 04:00:00,2026,3,3,4,-0.10976602855897219,13.600000000000001
1769400000000,LONG,-8.20888212506917,-3.2442243700787814,7.85888212506917,True,APE/USDT,2026-01-26 04:00:00,2026,4,4,5,-0.06472492427132605,9.8
1769400000000,LONG,-7.928834561286,2.297915302368142,7.578834561286,True,STX/USDT,2026-01-26 04:00:00,2026,5,5,6,-0.16022814307827243,37.0
1769400000000,LONG,7.137245841035114,-0.4399707363762108,7.487245841035126,False,SSV/USDT,2026-01-26 04:00:00,2026,6,6,7,0.034782445910258884,14.6
1769400000000,LONG,-4.853204047217533,-0.5217035494421802,4.503204047217533,True,LINK/USDT,2026-01-26 04:00:00,2026,7,7,8,-0.046558671836773736,27.6
1769400000000,LONG,-5.885388127853891,0.0734739770423303,5.535388127853891,True,SUI/USDT,2026-01-26 04:00:00,2026,8,8,9,-0.07400056740075281,31.0
1769400000000,LONG,-6.081216094032559,-1.3674486908529604,5.731216094032559,True,INJ/USDT,2026-01-26 04:00:00,2026,9,9,10,-0.0885346208416891,21.0
1769400000000,LONG,-5.41174676387443,-1.2639977974523129,5.061746763874431,False,UMA/USDT,2026-01-26 04:00:00,2026,10,10,11,-0.042723162154986845,33.0
1769400000000,LONG,5.278981380065731,-0.8765104248195473,5.6289813800657305,True,WLD/USDT,2026-01-26 04:00:00,2026,11,11,12,-0.12375798259436199,19.8
1769400000000,LONG,-6.32014218009478,0.1591719116820932,5.97014218009478,True,OP/USDT,2026-01-26 04:00:00,2026,12,12,13,0.00729321419491276,61.4
1769400000000,LONG,-6.809295612009231,-1.1942283934736244,6.459295612009232,False,BAT/USDT,2026-01-26 04:00:00,2026,13,13,14,-0.1267867478765963,35.8
1769400000000,LONG,-6.018984321745059,0.3390735612162885,5.668984321745059,True,SUSHI/USDT,2026-01-26 04:00:00,2026,14,14,15,-0.07328242716294106,33.4
1769400000000,LONG,4.388110281447449,-0.9586961153391332,4.738110281447448,True,ADA/USDT,2026-01-26 04:00:00,2026,15,15,16,-0.10135301843474628,3.4000000000000004
1769400000000,LONG,4.441934848285827,-1.9234950651292653,4.791934848285827,True,AAVE/USDT,2026-01-26 04:00:00,2026,16,16,17,-0.101170711611684,54.0
1769400000000,LONG,-5.306831312555939,-1.6834740994543718,4.95683131255594,True,SOL/USDT,2026-01-26 04:00:00,2026,17,17,18,-0.05585271855669344,2.0
1769400000000,LONG,-6.840522875816983,0.0374565541150781,6.490522875816983,True,GALA/USDT,2026-01-26 04:00:00,2026,18,18,19,-0.0875659945464727,17.0
1769400000000,LONG,-5.863973436635292,-0.3746291427092885,5.513973436635292,True,GRT/USDT,2026-01-26 04:00:00,2026,19,19,20,-0.06917319343789528,45.800000000000004
1769400000000,LONG,-7.374370503597111,0.6737477969002534,7.024370503597112,True,TIA/USDT,2026-01-26 04:00:00,2026,20,20,21,-0.14877528387532413,54.400000000000006
1769400000000,LONG,-5.294409937888196,-0.3292812991563006,4.944409937888197,True,NEO/USDT,2026-01-26 04:00:00,2026,21,21,22,0.0066486181331871985,16.6
1769400000000,LONG,-4.450968229954608,-1.3416657759538482,4.100968229954608,False,YFI/USDT,2026-01-26 04:00:00,2026,22,22,23,0.06633433907565033,10.2
1769400000000,LONG,-4.395770007439683,-2.7909952612188333,4.045770007439684,True,XRP/USDT,2026-01-26 04:00:00,2026,23,23,24,-0.1425326681726835,1.4000000000000001
1769400000000,LONG,3.9773812802996926,-2.213879388175502,4.327381280299693,True,ETH/USDT,2026-01-26 04:00:00,2026,24,24,25,0.008880500050700579,0.0
1769400000000,LONG,5.992424242424244,-0.7186093787551261,6.342424242424244,True,DYDX/USDT,2026-01-26 04:00:00,2026,25,25,26,-0.08504845918245002,24.6
1769414400000,LONG,-6.507426561853537,-1.221387228144276,6.157426561853537,False,WOO/USDT,2026-01-26 08:00:00,2026,24,26,27,0.09909844291035941,54.2
1769428800000,LONG,-4.685456974014414,-1.6849656736645355,4.335456974014415,True,SOL/USDT,2026-01-26 12:00:00,2026,2,26,26,-0.05067339911754031,38.4
1769428800000,LONG,-7.386486486486472,-2.3953685481734865,7.0364864864864725,True,FLOW/USDT,2026-01-26 12:00:00,2026,3,27,27,-0.14301008265148663,29.799999999999997
1769428800000,LONG,-4.594780697270214,-0.9683944893147652,4.244780697270215,True,TRB/USDT,2026-01-26 12:00:00,2026,4,28,28,-0.0066541541374892585,64.0
1769616000000,LONG,-6.351934398654329,,6.001934398654329,False,1INCH/USDT,2026-01-28 16:00:00,2026,1,1,1,0.19135165028286485,0.4
1769644800000,SHORT,7.149477103470135,-0.5282416184803975,7.499477103470134,True,PYTH/USDT,2026-01-29 00:00:00,2026,1,2,2,-0.0637126424215036,21.4
1769788800000,LONG,-5.510746198463719,-1.2571693354334368,5.16074619846372,False,UMA/USDT,2026-01-30 16:00:00,2026,1,1,1,0.11752967106726604,32.0
1769788800000,LONG,-7.600092535471927,-1.800098524486324,7.250092535471928,False,COTI/USDT,2026-01-30 16:00:00,2026,2,2,2,0.01826494254313257,21.8
1769788800000,LONG,-8.209991621281937,0.2191293897882872,7.859991621281937,False,MAV/USDT,2026-01-30 16:00:00,2026,3,3,3,0.07730061575435908,53.6
1769889600000,LONG,5.7891541609822506,-1.8362457252764908,11.997407912687605,False,IOTA/USDT,2026-01-31 20:00:00,2026,1,1,1,0.026361951175860016,0.4
1769889600000,LONG,-4.086808098212364,-0.7266771038955788,10.338714193409428,True,HBAR/USDT,2026-01-31 20:00:00,2026,2,2,2,0.05143221164783124,48.199999999999996
1769889600000,LONG,-5.632371812600256,-1.59172879134403,8.913938824050001,True,XLM/USDT,2026-01-31 20:00:00,2026,3,3,3,0.11085973113225188,6.2
1769889600000,LONG,-9.390092277804762,-3.079369780438913,9.040092277804762,True,XRP/USDT,2026-01-31 20:00:00,2026,4,4,4,0.05577365445982889,30.4
1769904000000,LONG,-3.0393939393939373,-3.099113410294669,11.554015151515156,True,MASK/USDT,2026-02-01 00:00:00,2026,5,5,5,0.07265132534381956,13.4
1769904000000,LONG,11.27347992351817,2.9425448097010287,11.62347992351817,True,STX/USDT,2026-02-01 00:00:00,2026,6,6,6,-0.0013721992738732157,1.2
1769904000000,LONG,-2.269385796545107,-2.01312794299248,9.485412667946257,True,ALGO/USDT,2026-02-01 00:00:00,2026,7,7,7,0.08964108353464788,8.200000000000001
1769904000000,LONG,-3.743853091254299,-2.402167388865994,10.368197460543488,True,VET/USDT,2026-02-01 00:00:00,2026,8,8,8,0.07799250104901297,4.0
1769904000000,LONG,-11.790989063242996,-0.2346156812497726,11.440989063242997,False,MAV/USDT,2026-02-01 00:00:00,2026,9,9,9,0.11765845115732133,63.0
1769904000000,LONG,-11.790452616690253,-2.85873219504944,11.440452616690251,True,ARB/USDT,2026-02-01 00:00:00,2026,10,10,10,0.0452066342973879,13.4
1769904000000,LONG,-3.870438098963419,0.3447393933460992,11.083121455114403,False,RLC/USDT,2026-02-01 00:00:00,2026,11,11,11,-0.04275286448592112,52.2
1769904000000,LONG,-6.413643197193685,-2.559733932677408,10.067652217489355,True,UNI/USDT,2026-02-01 00:00:00,2026,12,12,12,0.050719800155586865,7.8
1769904000000,LONG,-4.348609179415855,0.1796740292195253,11.878511821974971,False,YFI/USDT,2026-02-01 00:00:00,2026,13,13,13,0.12535181713256754,5.4
1769904000000,LONG,-6.0571960297766685,-2.406030933158956,10.888486352357308,False,CKB/USDT,2026-02-01 00:00:00,2026,14,14,14,0.16502477029948848,7.3999999999999995
1769904000000,LONG,-6.128648383937332,-0.1273452587331596,10.553183153770824,True,AVAX/USDT,2026-02-01 00:00:00,2026,15,15,15,0.04202354121860784,23.0
1769904000000,LONG,-9.712549800796808,-3.0736468292217816,10.925398406374496,True,LINK/USDT,2026-02-01 00:00:00,2026,16,16,16,0.05395812730149796,24.8
1769904000000,LONG,-5.378421512898987,-2.193993008703828,10.06510712724092,False,CTK/USDT,2026-02-01 00:00:00,2026,17,17,17,-0.15070727286167057,24.4
1769904000000,LONG,-5.748037077426389,-2.404401397385466,11.933478735005457,True,INJ/USDT,2026-02-01 00:00:00,2026,18,18,18,0.12350243394291953,32.4
1769904000000,LONG,1.9206191543634528,-0.1047914085297642,10.478462935765643,True,BCH/USDT,2026-02-01 00:00:00,2026,19,19,19,-0.03993871022901223,61.8
1769904000000,LONG,-7.8276197998946895,-1.2644502805060387,11.64028436018958,True,FET/USDT,2026-02-01 00:00:00,2026,20,20,20,-0.1295164206791954,8.799999999999999
1769904000000,LONG,-1.4281671159029583,-4.956679240628036,11.497214734950584,False,ZRX/USDT,2026-02-01 00:00:00,2026,21,21,21,0.07602184988760928,29.599999999999998
1769904000000,LONG,-3.3327315541601346,-0.8531517785693249,11.569073783359508,False,KAVA/USDT,2026-02-01 00:00:00,2026,22,22,22,0.032159751322459774,4.8
1769904000000,LONG,-12.085960167199415,0.6928455805579244,11.735960167199416,True,PENDLE/USDT,2026-02-01 00:00:00,2026,23,23,23,0.038915243993530906,10.8
1769904000000,LONG,-5.123148928993089,0.5480309166891829,11.768274582560297,True,JASMY/USDT,2026-02-01 00:00:00,2026,24,24,24,-0.029148651560370845,48.4
1769904000000,LONG,-4.777171341669482,0.488645409874912,9.532105441027372,True,ADA/USDT,2026-02-01 00:00:00,2026,25,25,25,0.03676493773287679,26.200000000000003
1769904000000,LONG,-3.519469598965067,-0.9468852960590944,9.515478654592505,False,CAKE/USDT,2026-02-01 00:00:00,2026,26,26,26,0.10621117889500106,39.6
1769904000000,LONG,-4.397976011994014,-2.415865385700492,10.763268365817105,True,COMP/USDT,2026-02-01 00:00:00,2026,27,27,27,-0.04155252810887435,19.6
1769904000000,LONG,-3.3977759472817177,,10.339806425041186,False,POLYX/USDT,2026-02-01 00:00:00,2026,28,28,28,-0.07867043405746907,61.0
1769904000000,LONG,-0.6748862897985636,-0.3242945689330977,11.34538661468486,True,NEO/USDT,2026-02-01 00:00:00,2026,29,29,29,0.1002148128683614,15.4
1769904000000,LONG,-7.024208144796383,-3.880955713129356,10.11210407239821,True,SEI/USDT,2026-02-01 00:00:00,2026,30,30,30,-0.046105739286032954,52.800000000000004
1769918400000,LONG,-10.042507986257611,-3.146449782698308,9.692507986257612,True,XRP/USDT,2026-02-01 04:00:00,2026,27,30,30,0.018595927825442945,1.7999999999999998
1769918400000,LONG,1.1506821282400952,-1.8151681922773824,11.997407912687605,False,IOTA/USDT,2026-02-01 04:00:00,2026,28,30,30,0.00868620621623414,0.4
1769918400000,LONG,9.977448926139342,,10.327448926139342,False,ID/USDT,2026-02-01 04:00:00,2026,29,31,31,0.1553889834005271,16.2
1769918400000,LONG,9.614100058628106,-2.7223012770253185,9.964100058628103,False,ANKR/USDT,2026-02-01 04:00:00,2026,30,32,32,0.10989544792934405,36.6
1769918400000,LONG,-9.55522137067872,-2.3056815746522923,9.20522137067872,True,XLM/USDT,2026-02-01 04:00:00,2026,31,32,32,0.05897056203856157,2.0
1769918400000,LONG,-7.084317343173447,-1.7048691971287455,10.049261992619932,False,QTUM/USDT,2026-02-01 04:00:00,2026,32,33,33,0.10631014096562148,13.600000000000001
1769918400000,LONG,-6.256657902150423,4.597514298623786,11.057376279462853,True,1000PEPE/USDT,2026-02-01 04:00:00,2026,33,34,34,0.15594453659727256,8.799999999999999
1769918400000,LONG,-4.72618147448016,0.8921183587315883,10.84482986767486,True,DOGE/USDT,2026-02-01 04:00:00,2026,34,35,35,0.1221333299172286,0.0
1769918400000,LONG,-5.201517458936138,-0.7095204249364582,9.431665397585116,True,HBAR/USDT,2026-02-01 04:00:00,2026,35,35,35,0.01995653254071374,1.7999999999999998
1769918400000,LONG,-3.3337251356238675,-0.7603276355315702,10.486347197106696,False,STORJ/USDT,2026-02-01 04:00:00,2026,36,36,36,-0.012360283658236769,67.80000000000001
1769932800000,LONG,-5.4084090909090845,-5.708486104331942,5.058409090909085,True,SEI/USDT,2026-02-01 08:00:00,2026,11,36,36,-0.022095560990232917,70.8
1769932800000,LONG,-5.238561759729275,-0.8640596689487439,4.888561759729275,True,ADA/USDT,2026-02-01 08:00:00,2026,12,36,36,0.057484180445753166,0.2
1769932800000,LONG,-5.209991119005329,-2.1869611972043645,4.859991119005329,False,CTK/USDT,2026-02-01 08:00:00,2026,13,36,36,-0.1202347152722402,30.8
1769932800000,LONG,-5.133657335406942,-1.8287699332662213,4.783657335406942,False,CAKE/USDT,2026-02-01 08:00:00,2026,14,36,36,0.11168096556263325,68.8
1769932800000,LONG,-5.411541684122329,-3.174775625479276,5.0615416841223295,False,EGLD/USDT,2026-02-01 08:00:00,2026,15,37,37,0.028346492674922754,34.599999999999994
1769932800000,LONG,-6.795890410958912,-0.2534143229703684,6.445890410958913,False,ONE/USDT,2026-02-01 08:00:00,2026,16,38,38,0.05108266094504322,9.0
1769932800000,LONG,-6.674960588544405,-1.2634965595521062,6.324960588544405,True,FET/USDT,2026-02-01 08:00:00,2026,17,38,38,-0.05811124669801163,2.0
1769932800000,LONG,-6.558629111038758,-1.7200227480107642,6.208629111038758,True,GRT/USDT,2026-02-01 08:00:00,2026,18,39,39,0.10678118208707713,1.7999999999999998
1769932800000,LONG,-6.485367683841918,-1.5727664444400309,6.135367683841919,True,COMP/USDT,2026-02-01 08:00:00,2026,19,39,39,-0.014769183947099928,13.600000000000001
1769932800000,LONG,-5.028408051235126,-0.9900450421956788,4.678408051235127,True,THETA/USDT,2026-02-01 08:00:00,2026,20,40,40,-0.057063191688776736,0.4
1769932800000,LONG,-4.946997578692495,-0.2350731478502384,4.596997578692495,False,MAV/USDT,2026-02-01 08:00:00,2026,21,40,40,0.12417700153721142,63.0
1769932800000,LONG,-4.871824104234536,-1.8745557413897729,4.521824104234536,False,CHR/USDT,2026-02-01 08:00:00,2026,22,41,41,0.09665487704038118,18.8
1769932800000,LONG,-6.129536812996896,0.1795302577417325,5.779536812996897,False,YFI/USDT,2026-02-01 08:00:00,2026,23,41,41,0.1393911142187969,5.2
1769932800000,LONG,-8.846909620991257,-1.98482966930096,8.496909620991257,False,API3/USDT,2026-02-01 08:00:00,2026,24,42,42,-0.03846481853474035,64.2
1769932800000,LONG,-8.331289308176109,-0.619135313913415,7.981289308176109,True,ORDI/USDT,2026-02-01 08:00:00,2026,25,43,43,0.20167385738498173,9.6
1769932800000,LONG,-5.720813771517988,0.1411743392183195,5.370813771517988,True,APT/USDT,2026-02-01 08:00:00,2026,26,44,44,0.15234974970817913,33.2
1769932800000,LONG,-5.523710546574284,2.9426405372268705,5.173710546574284,True,STX/USDT,2026-02-01 08:00:00,2026,27,44,44,0.005852016866981739,0.8
1769932800000,LONG,-5.456304079110007,-1.4136716230168282,5.106304079110007,True,SUSHI/USDT,2026-02-01 08:00:00,2026,28,45,45,0.0682646156453283,31.2
1769932800000,LONG,-7.371348314606745,-0.967883980427909,7.021348314606746,True,FIL/USDT,2026-02-01 08:00:00,2026,29,46,46,-0.03367627783663347,36.4
1769932800000,LONG,-7.3801412872841565,-0.8500373258804979,7.030141287284157,False,KAVA/USDT,2026-02-01 08:00:00,2026,30,46,46,0.05784691456662726,64.8
1769932800000,LONG,-7.630688876341057,-3.3444214446209304,7.280688876341057,False,BIGTIME/USDT,2026-02-01 08:00:00,2026,31,47,47,-0.08424440074508376,19.0
1769932800000,LONG,-6.131277860326894,-2.592790092224919,5.781277860326894,True,ARKM/USDT,2026-02-01 08:00:00,2026,32,48,48,-0.0037883551097117416,31.0
1769932800000,LONG,-6.2919228509888425,0.3447140757258837,5.941922850988843,False,RLC/USDT,2026-02-01 08:00:00,2026,33,48,48,-0.021432291060144243,52.2
1769932800000,LONG,-6.305804749340369,0.5715037524915625,5.955804749340369,True,PEOPLE/USDT,2026-02-01 08:00:00,2026,34,49,49,0.03884760873864184,34.8
1769932800000,LONG,-7.348373408769438,-2.0909361564311224,6.998373408769439,False,COTI/USDT,2026-02-01 08:00:00,2026,35,50,50,0.07620927180408468,21.8
1769932800000,LONG,-6.093740795287182,-0.5841244114246754,7.421428571428581,True,GMT/USDT,2026-02-01 08:00:00,2026,36,51,51,-0.00693763160336144,34.2
1769932800000,LONG,-5.97798931195726,-3.07065582143991,5.62798931195726,True,APE/USDT,2026-02-01 08:00:00,2026,37,52,52,0.054965792976422984,20.200000000000003
1769932800000,LONG,-6.023195631528963,-3.4448124805328275,5.673195631528963,True,VET/USDT,2026-02-01 08:00:00,2026,38,52,52,0.0904654975127312,1.7999999999999998
1769932800000,LONG,4.834278992526993,-2.418635314271257,5.184278992526993,True,INJ/USDT,2026-02-01 08:00:00,2026,39,52,52,0.14792885948828266,37.4
1769932800000,LONG,5.610387096774199,-0.3248843710794871,5.960387096774198,True,NEO/USDT,2026-02-01 08:00:00,2026,40,52,52,0.11887921266728367,34.599999999999994
1769932800000,LONG,6.633130464597978,-1.671423443335074,6.983130464597978,False,CYBER/USDT,2026-02-01 08:00:00,2026,41,53,53,-0.025521799012220424,15.6
1769932800000,LONG,-4.343590533711326,-0.8884500626231581,6.512048564033031,True,TRB/USDT,2026-02-01 08:00:00,2026,42,54,54,0.12650156428397685,28.199999999999996
1769932800000,LONG,-4.514895908112003,-2.854446813167028,4.164895908112003,True,ARB/USDT,2026-02-01 08:00:00,2026,43,54,54,0.05986234726612306,31.4
1769932800000,LONG,-5.808354537743857,-1.244051212953483,5.458354537743857,True,OP/USDT,2026-02-01 08:00:00,2026,44,55,55,0.1552219140069457,39.0
1769990400000,LONG,4.262604651162797,-0.9907728046861104,4.612604651162797,True,THETA/USDT,2026-02-02 00:00:00,2026,1,1,55,-0.05098271921832462,5.6000000000000005
1769990400000,LONG,4.618227424749155,-1.8630644795570737,4.968227424749155,False,CHR/USDT,2026-02-02 00:00:00,2026,2,2,55,0.09351831725173386,18.4
1769990400000,LONG,-4.575687500000008,-0.8851322394987207,4.225687500000008,True,TRB/USDT,2026-02-02 00:00:00,2026,3,3,55,0.12323536236426232,21.2
1769990400000,LONG,-5.032417582417587,-3.0595173791414108,4.682417582417587,True,APE/USDT,2026-02-02 00:00:00,2026,4,4,55,0.06205418556465604,18.2
1769990400000,LONG,-4.832316876411763,-0.617151786968925,4.482316876411764,True,ORDI/USDT,2026-02-02 00:00:00,2026,5,5,55,0.19486200125804942,38.0
1769990400000,LONG,3.771254355400701,-0.2534529897095061,4.121254355400701,False,ONE/USDT,2026-02-02 00:00:00,2026,6,6,55,0.04938565240672665,8.799999999999999
1769990400000,LONG,4.312314749470716,-2.0835321795139152,4.662314749470716,False,COTI/USDT,2026-02-02 00:00:00,2026,7,7,55,0.07520616688069319,21.8
1769990400000,LONG,3.941396933560468,-2.389104148073058,4.291396933560468,True,VET/USDT,2026-02-02 00:00:00,2026,8,8,55,0.09052610687922798,26.200000000000003
1770019200000,LONG,3.952894491129784,-0.989664230942637,4.302894491129784,True,THETA/USDT,2026-02-02 08:00:00,2026,1,8,34,-0.06466874884726992,25.4
1770019200000,LONG,4.3178095238095295,-0.966107260562685,4.667809523809529,True,FIL/USDT,2026-02-02 08:00:00,2026,2,9,34,-0.04868492188480491,13.0
1770019200000,LONG,-4.398849270664516,-0.6161314842395889,4.048849270664516,True,ORDI/USDT,2026-02-02 08:00:00,2026,3,9,34,0.1853991189129213,32.2
1770019200000,LONG,-4.696453748257954,-3.243176396612172,4.346453748257955,True,BTC/USDT,2026-02-02 08:00:00,2026,4,10,35,0.05330690072695514,11.799999999999999
1770019200000,LONG,-7.492156862745087,-1.861901598806715,7.142156862745088,False,CHR/USDT,2026-02-02 08:00:00,2026,5,10,35,0.08710412965608405,18.4
1770019200000,LONG,-4.637999999999993,-3.058872624856871,4.287999999999993,True,APE/USDT,2026-02-02 08:00:00,2026,6,10,35,0.04998742385311831,9.8
1770033600000,LONG,-12.199879951980794,-1.0701827732424745,11.849879951980794,False,KAS/USDT,2026-02-02 12:00:00,2026,7,11,11,-0.05816866924139869,31.0
1770033600000,LONG,-7.445759768451505,-1.9131727026669203,7.095759768451505,False,TWT/USDT,2026-02-02 12:00:00,2026,8,12,12,0.05500795488834257,36.0
1770235200000,SHORT,7.628468899521526,0.7770669952914286,7.978468899521526,False,EDU/USDT,2026-02-04 20:00:00,2026,1,1,1,0.1624853085216007,35.199999999999996
1770350400000,LONG,2.5760780287474385,-1.4198695125737448,11.124717659137575,True,RUNE/USDT,2026-02-06 04:00:00,2026,1,1,1,-0.03357508349702849,7.000000000000001
1770350400000,LONG,3.945802275402128,-0.4335589561231508,11.858003138485676,True,LTC/USDT,2026-02-06 04:00:00,2026,2,2,2,0.10020112203700024,17.0
1770350400000,LONG,-2.55293724966622,0.1377970343799757,10.815754339118822,False,KNC/USDT,2026-02-06 04:00:00,2026,3,3,3,0.1596141410606498,10.4
1770364800000,LONG,2.507049807808081,-2.9110867679055383,10.222399916435704,True,BTC/USDT,2026-02-06 08:00:00,2026,4,4,4,0.13702342065625228,6.6000000000000005
1770364800000,LONG,-0.9943395519592374,1.9299793089731327,11.870787442871055,False,CAKE/USDT,2026-02-06 08:00:00,2026,5,5,5,0.2076904668294219,47.0
1770364800000,LONG,-1.8763215807095464,-2.0143978601947574,10.660700756087218,True,BNB/USDT,2026-02-06 08:00:00,2026,6,6,6,0.20310386611202202,73.8
1770364800000,LONG,1.906532066508312,-0.8273802286838602,11.690902612826608,False,POLYX/USDT,2026-02-06 08:00:00,2026,7,7,7,0.051361254046781116,62.6
1770393600000,LONG,-5.328813559322026,-2.15299446624036,9.38283898305084,False,QTUM/USDT,2026-02-06 16:00:00,2026,1,8,8,0.1883047359981796,46.6
1770393600000,LONG,-7.844145199063226,-0.7587030574008231,10.99381733021078,True,SUSHI/USDT,2026-02-06 16:00:00,2026,2,9,9,0.1582248256522104,25.0
1770393600000,LONG,-6.761103767349628,-2.142627391176186,11.963516192994044,False,BIGTIME/USDT,2026-02-06 16:00:00,2026,3,10,10,-0.04009863519544692,58.199999999999996
1770393600000,LONG,-7.089926739926746,-1.4906670951689118,10.01435897435897,True,DOT/USDT,2026-02-06 16:00:00,2026,4,11,11,0.09736626818645003,13.0
1770393600000,LONG,-5.774020662935858,0.9470222904436704,9.827938011192424,False,RLC/USDT,2026-02-06 16:00:00,2026,5,12,12,0.09936472643105108,52.800000000000004
1770393600000,LONG,-9.736058574734669,0.1402780391957531,9.386058574734667,True,PENDLE/USDT,2026-02-06 16:00:00,2026,6,13,13,0.11196947157729775,9.6
1770393600000,LONG,-2.702941176470588,0.3015292432550748,10.758725490196062,True,MANA/USDT,2026-02-06 16:00:00,2026,7,14,14,0.0754440699879056,9.4
1770393600000,LONG,-1.5548192771084346,0.4289341573454112,9.90963855421688,True,CELO/USDT,2026-02-06 16:00:00,2026,8,15,15,0.09097772181063243,35.0
1770393600000,LONG,-6.387952846463488,-0.1779211970715208,10.161069580218522,True,COMP/USDT,2026-02-06 16:00:00,2026,9,16,16,0.09845880692280301,24.6
1770393600000,LONG,-9.10008255365988,-0.1855744260744488,8.75008255365988,False,MAV/USDT,2026-02-06 16:00:00,2026,10,17,17,0.15648536990015613,62.8
1770393600000,LONG,-6.016666666666672,-2.695124490520068,10.269999999999984,True,SNX/USDT,2026-02-06 16:00:00,2026,11,18,18,0.06055961142617482,34.599999999999994
1770393600000,LONG,-8.114742204384068,-0.1554782686807692,11.104167953071936,True,1000BONK/USDT,2026-02-06 16:00:00,2026,12,19,19,0.0707249206742327,48.8
1770393600000,LONG,-8.557705192629816,-1.147925157502662,10.821105527638188,True,ARB/USDT,2026-02-06 16:00:00,2026,13,20,20,0.11628516695284569,25.6
1770393600000,LONG,-8.76121495327103,0.5740670795013308,9.21842456608812,True,MEME/USDT,2026-02-06 16:00:00,2026,14,21,21,0.05129764296620265,12.4
1770393600000,LONG,-6.716398098005539,0.7131764993001181,10.762508255184246,True,TRB/USDT,2026-02-06 16:00:00,2026,15,22,22,0.13988902073034487,58.4
1770393600000,LONG,-4.566867469879508,-0.8105990332174791,10.39901829540382,False,POLYX/USDT,2026-02-06 16:00:00,2026,16,22,22,0.10984248409302813,68.8
1770393600000,LONG,-11.165234374999995,-2.429276004433578,10.815234374999996,True,CRV/USDT,2026-02-06 16:00:00,2026,17,23,23,-0.023190812340128177,34.599999999999994
1770393600000,LONG,10.131205866376972,-2.345552186626678,10.481205866376971,False,ARK/USDT,2026-02-06 16:00:00,2026,18,24,24,0.23602121820409802,62.0
1770393600000,LONG,-0.5703665042913588,-0.7950060556235032,10.244560426815138,True,SAND/USDT,2026-02-06 16:00:00,2026,19,25,25,0.04043484719313774,8.200000000000001
1770393600000,LONG,-6.653694484077605,-1.9685603043706457,7.218860993898183,True,BNB/USDT,2026-02-06 16:00:00,2026,20,25,25,0.24063323362179329,7.199999999999999
1770393600000,LONG,-6.502993348115298,-1.7149465613488282,11.574279379157431,True,LDO/USDT,2026-02-06 16:00:00,2026,21,26,26,0.2011259587028813,15.2
1770393600000,LONG,-6.567499434772786,-4.194223751361514,10.094178159620167,True,ETC/USDT,2026-02-06 16:00:00,2026,22,27,27,0.1976864910376635,32.6
1770393600000,LONG,0.044177348769354,-3.517860102974215,9.032530494428746,True,XMR/USDT,2026-02-06 16:00:00,2026,23,28,28,0.20297996080950312,5.2
1770393600000,LONG,-11.727777777777792,-0.4052495521871261,11.377777777777792,True,DYDX/USDT,2026-02-06 16:00:00,2026,24,29,29,0.10245279402861633,25.2
1770393600000,LONG,-5.977705627705623,-1.345351699304561,11.197943722943716,True,AVAX/USDT,2026-02-06 16:00:00,2026,25,30,30,0.19051783894491287,21.4
1770393600000,LONG,-6.049088145896651,-1.069682391597717,11.815501519756827,True,APE/USDT,2026-02-06 16:00:00,2026,26,31,31,0.19934703352055427,2.8000000000000003
1770393600000,LONG,-6.149040767386095,-1.699611694873678,5.799040767386095,True,AR/USDT,2026-02-06 16:00:00,2026,27,32,32,0.03183974247446428,36.6
1770393600000,LONG,-6.1023175659615045,-0.5559503640163935,10.229712384121711,False,YGG/USDT,2026-02-06 16:00:00,2026,28,33,33,0.08068163244750728,50.8
1770393600000,LONG,-5.077304560973479,-4.201731461844112,11.087814059353937,True,AAVE/USDT,2026-02-06 16:00:00,2026,29,34,34,-0.03058703477928673,46.0
1770393600000,LONG,-11.241483757682186,-0.7877117294758843,10.891483757682186,True,APT/USDT,2026-02-06 16:00:00,2026,30,35,35,0.20974841427589833,44.0
1771041600000,SHORT,-9.7402633190447,1.2201629882418203,9.3902633190447,False,BSV/USDT,2026-02-14 04:00:00,2026,1,1,1,0.23519941443394793,1.4000000000000001
1771113600000,SHORT,5.300413659566973,0.370979636539906,11.387555007921115,True,PYTH/USDT,2026-02-15 00:00:00,2026,1,1,2,0.27944586228427104,1.0
1771142400000,SHORT,8.234837092731821,1.3978478035224964,8.58483709273182,True,1000PEPE/USDT,2026-02-15 08:00:00,2026,1,2,2,0.20946877725712915,57.599999999999994
1771142400000,SHORT,9.374161073825496,1.6239981230037863,9.724161073825496,True,MASK/USDT,2026-02-15 08:00:00,2026,2,3,3,0.2549734600659542,0.2
1771142400000,SHORT,6.158246142933143,0.3704858779829326,7.201294555772283,True,PYTH/USDT,2026-02-15 08:00:00,2026,3,3,3,0.28387183437990837,18.4
1771142400000,SHORT,8.516495751538221,-0.0750608502284067,8.86649575153822,True,1000BONK/USDT,2026-02-15 08:00:00,2026,4,4,4,0.18474877665622239,46.400000000000006
1771156800000,SHORT,9.070720051962494,-3.3894029921539333,9.420720051962494,True,DOGE/USDT,2026-02-15 12:00:00,2026,5,5,5,0.23938440153590657,41.8
1771185600000,SHORT,3.873309769802423,1.376965715490437,11.880768533623336,True,1000PEPE/USDT,2026-02-15 20:00:00,2026,1,5,5,0.21743595453655057,57.4
1771444800000,SHORT,3.7420716112532006,0.2447908598242019,7.39710144927534,True,ATOM/USDT,2026-02-18 20:00:00,2026,1,1,1,0.08525750074192132,24.4
1771473600000,SHORT,6.818694172692454,0.2453675903405047,7.168694172692454,True,ATOM/USDT,2026-02-19 04:00:00,2026,1,1,1,0.10681754415588854,88.6
1771718400000,SHORT,9.954987531172057,2.7565890408124534,10.304987531172054,True,SNX/USDT,2026-02-22 00:00:00,2026,1,1,1,0.06988021512611338,2.1999999999999997
1771790400000,LONG,-7.805502392344494,-0.5009129268802193,7.455502392344495,False,CHR/USDT,2026-02-22 20:00:00,2026,1,1,2,0.1104900662675558,18.6
1771891200000,LONG,5.462259615384601,1.2816181119499042,5.8122596153846,False,ONT/USDT,2026-02-24 00:00:00,2026,1,1,1,0.07251685866519092,48.8
1771977600000,LONG,6.416267183644692,-2.837296275490866,6.766267183644692,False,SLP/USDT,2026-02-25 00:00:00,2026,1,1,2,0.03550331107866478,27.800000000000004
1771977600000,LONG,-4.661197285506555,0.4887636007321039,4.311197285506555,True,ATOM/USDT,2026-02-25 00:00:00,2026,2,2,3,0.09522232331263572,88.2
1772006400000,LONG,-11.335220397579944,1.0616994853704185,10.985220397579946,False,EDU/USDT,2026-02-25 08:00:00,2026,1,3,3,0.017584606536402286,36.8
1772294400000,LONG,6.442250296761056,0.2126750612305477,6.792250296761056,True,MEME/USDT,2026-02-28 16:00:00,2026,1,1,1,0.11452147453796799,19.2
1772438400000,SHORT,9.913576158940389,,10.263576158940388,False,ALICE/USDT,2026-03-02 08:00:00,2026,1,1,1,-0.1179127878506375,4.8
1772524800000,SHORT,7.845488721804511,0.8057581107836573,9.575864661654116,True,NEAR/USDT,2026-03-03 08:00:00,2026,1,1,2,0.11736438090290927,45.2
1772553600000,SHORT,6.494501466275641,1.224372291377298,6.8445014662756405,True,NEAR/USDT,2026-03-03 16:00:00,2026,1,1,1,0.12024797805913039,28.799999999999997
1772668800000,SHORT,5.574170551137917,1.828476326470671,5.924170551137917,False,GMX/USDT,2026-03-05 00:00:00,2026,1,1,1,0.1952402913438004,35.0
1772841600000,SHORT,6.1392926670992924,1.4457157981256716,8.240687865022684,False,HFT/USDT,2026-03-07 00:00:00,2026,1,1,1,0.0706324924312576,44.6
1773014400000,LONG,6.7833707865168575,1.693329439379187,7.133370786516857,False,GMX/USDT,2026-03-09 00:00:00,2026,1,1,1,0.2147798845962915,34.4
1773244800000,SHORT,0.5787925696594477,-1.225194551946907,8.684210526315773,False,MAGIC/USDT,2026-03-11 16:00:00,2026,1,1,1,0.00862078761689413,9.4
1773302400000,SHORT,1.2040540540540516,-3.111888781337305,10.465540540540545,False,API3/USDT,2026-03-12 08:00:00,2026,1,1,2,-0.05785169596988419,3.8
1773374400000,SHORT,-1.560564930300809,0.8017116856539357,7.769148936170203,True,GRT/USDT,2026-03-13 04:00:00,2026,1,1,2,0.18643790291852386,0.0
1773417600000,SHORT,-6.158237643534674,-0.9120875995254084,5.8082376435346745,True,SUI/USDT,2026-03-13 16:00:00,2026,1,2,2,0.08711572564504673,76.0
1773417600000,SHORT,-0.8896654074473831,-1.3945797590984952,7.715596330275219,True,AR/USDT,2026-03-13 16:00:00,2026,2,3,3,-0.047662580595337935,72.39999999999999
1773432000000,SHORT,-6.742165492957725,-0.0861090868652168,6.392165492957726,True,ARKM/USDT,2026-03-13 20:00:00,2026,3,3,4,0.10883720054354985,66.4
1773460800000,SHORT,-6.829097909790968,1.6311355255327282,6.479097909790968,True,CFX/USDT,2026-03-14 04:00:00,2026,1,4,5,0.01453753850385475,60.4
1773460800000,SHORT,-5.337934782608688,1.382512121695075,4.987934782608688,True,ALGO/USDT,2026-03-14 04:00:00,2026,2,5,6,0.0980116526567657,66.8
1773460800000,SHORT,-3.177487473156772,-5.54921148688352,10.656675017895497,False,CYBER/USDT,2026-03-14 04:00:00,2026,3,6,7,0.044298008132693724,82.6
1773705600000,SHORT,10.887083513630436,0.6017988758746047,11.237083513630434,True,FET/USDT,2026-03-17 00:00:00,2026,1,1,1,0.21569444380556396,21.4
1773705600000,SHORT,3.950623818525519,-0.0241994414506413,4.300623818525519,False,TWT/USDT,2026-03-17 00:00:00,2026,2,2,2,-0.08280293156120895,41.4
1773720000000,SHORT,4.997777777777759,-0.1128087407038074,5.347777777777758,True,XRP/USDT,2026-03-17 04:00:00,2026,3,3,3,0.13021612462847143,63.4
1773720000000,SHORT,5.884911242603534,0.5280235459521063,6.234911242603534,True,CFX/USDT,2026-03-17 04:00:00,2026,4,4,4,0.044480330753829206,70.8
1773734400000,SHORT,4.534780358785642,-1.00248854313727,4.884780358785641,True,XLM/USDT,2026-03-17 08:00:00,2026,3,5,5,0.13799947891630526,70.8
1773734400000,SHORT,8.31911827956988,0.6385122717945115,8.66911827956988,True,FET/USDT,2026-03-17 08:00:00,2026,4,5,5,0.2083282723486426,64.60000000000001
1773748800000,SHORT,4.631830194912463,-0.1127000832144046,6.496266930954718,True,XRP/USDT,2026-03-17 12:00:00,2026,3,5,5,0.12068264868087898,79.2
1773777600000,SHORT,11.086027190332318,,11.436027190332318,False,POLYX/USDT,2026-03-17 20:00:00,2026,1,4,6,0.00790327540525143,0.0
1773777600000,SHORT,8.340114068441054,0.986734196821637,8.690114068441053,False,ONE/USDT,2026-03-17 20:00:00,2026,2,5,7,-0.007894537027438564,7.199999999999999
1773792000000,SHORT,9.46057622173595,2.5217631009559613,9.81057622173595,False,COTI/USDT,2026-03-18 00:00:00,2026,3,4,8,0.07164014784727006,25.0
1773792000000,SHORT,4.338657604078151,0.6381290708738527,4.68865760407815,True,FET/USDT,2026-03-18 00:00:00,2026,4,5,8,0.19642547833754442,28.199999999999996
1773820800000,SHORT,6.239538739825124,0.2123994416815834,6.589538739825124,False,STEEM/USDT,2026-03-18 08:00:00,2026,1,5,7,0.022763700275685528,10.2
1773820800000,SHORT,-8.866147605338906,-2.053485301711733,8.516147605338906,False,KAS/USDT,2026-03-18 08:00:00,2026,2,6,8,0.05888592092624835,48.199999999999996
1773820800000,SHORT,3.713664070436848,0.7158336715388754,6.3118862174060135,False,SFP/USDT,2026-03-18 08:00:00,2026,3,7,9,0.0011682476576143931,9.6
1773835200000,SHORT,-5.138890487839971,-0.2343548777478926,4.788890487839971,False,QNT/USDT,2026-03-18 12:00:00,2026,4,6,9,-0.004843315646616893,80.0
1773849600000,SHORT,-9.322457293035471,-2.027557432360455,8.972457293035472,False,KAS/USDT,2026-03-18 16:00:00,2026,2,4,8,0.06386149994011901,48.199999999999996
1773878400000,SHORT,-9.323024410426129,,8.973024410426127,False,ENJ/USDT,2026-03-19 00:00:00,2026,1,3,7,-0.009353169763770285,1.4000000000000001
1773921600000,SHORT,7.526618705035949,-1.3133565621748091,7.876618705035948,False,KAS/USDT,2026-03-19 12:00:00,2026,1,2,3,0.03972244513676435,47.599999999999994
1774022400000,SHORT,5.108507347254438,0.1198184292664947,5.458507347254438,False,QNT/USDT,2026-03-20 16:00:00,2026,1,1,1,-0.08353772405014227,48.199999999999996
1774252800000,LONG,-4.657275502416681,-1.211952133570115,4.307275502416681,False,ID/USDT,2026-03-23 08:00:00,2026,1,1,1,0.0021831730855508477,55.00000000000001
1774252800000,LONG,-4.72908314163654,0.5151582205684634,4.37908314163654,True,SEI/USDT,2026-03-23 08:00:00,2026,2,2,2,0.12336249110432337,37.4
1774252800000,LONG,-3.5916502946954787,1.132210851729098,5.784479371316314,False,ZRX/USDT,2026-03-23 08:00:00,2026,3,3,3,0.0030194930398920825,67.4
1774252800000,LONG,-3.8455678207058064,-0.8544367811285787,4.352032112393376,False,MAGIC/USDT,2026-03-23 08:00:00,2026,4,4,4,-0.010070427879033988,77.60000000000001
1774670400000,LONG,4.207340306313033,-3.893519615838457,9.461822936122514,True,WLD/USDT,2026-03-28 04:00:00,2026,1,1,1,0.20314297129099398,48.0
1774828800000,LONG,0.3493006993007012,-0.1451826661490207,6.92342657342658,True,GALA/USDT,2026-03-30 00:00:00,2026,1,1,1,-0.04039366539676708,2.1999999999999997
1774843200000,LONG,-6.896176524783485,-0.0963539340852279,6.546176524783485,True,CFX/USDT,2026-03-30 04:00:00,2026,2,2,2,0.006674679341641362,10.2
1775001600000,LONG,5.682118495419997,0.4892788024042131,6.032118495419996,True,SEI/USDT,2026-04-01 00:00:00,2026,1,1,1,-0.06985968246015171,44.6
1775044800000,LONG,7.38867176824269,1.3456583776576234,7.73867176824269,False,TWT/USDT,2026-04-01 12:00:00,2026,1,2,2,-0.019759391463955472,5.800000000000001
1775059200000,SHORT,-7.362609117361772,0.6413540301893299,7.012609117361772,True,ALGO/USDT,2026-04-01 16:00:00,2026,2,2,3,0.13811076165221933,38.6
1775088000000,SHORT,-11.79444444444442,0.6335327121250866,11.444444444444422,True,ALGO/USDT,2026-04-02 00:00:00,2026,1,2,3,0.13587639773480603,58.8
1775232000000,SHORT,5.696354166666665,,6.0463541666666645,False,CHR/USDT,2026-04-03 16:00:00,2026,1,1,1,-0.0606634757251549,22.6
1775260800000,SHORT,-6.9847368421052485,,6.634736842105249,False,CHR/USDT,2026-04-04 00:00:00,2026,1,1,1,-0.07597339973765299,16.6
1775304000000,SHORT,4.830246913580252,-1.4381171292308514,5.180246913580252,False,HIGH/USDT,2026-04-04 12:00:00,2026,1,2,2,0.060640930812706904,35.0
1775304000000,SHORT,1.7632713440405765,2.0221306420746816,7.676246830092976,True,ALGO/USDT,2026-04-04 12:00:00,2026,2,3,3,0.11890442845678763,49.0
1775332800000,SHORT,5.059898107714703,-3.317735518002039,5.409898107714702,False,HIGH/USDT,2026-04-04 20:00:00,2026,1,2,3,0.06547588538427482,35.0
1775347200000,SHORT,4.779259259259249,-0.4285909773657346,5.129259259259249,False,BSV/USDT,2026-04-05 00:00:00,2026,2,3,4,-0.03211205765313416,55.800000000000004
1775347200000,SHORT,4.726190476190472,0.6052827512357636,5.076190476190472,False,CHR/USDT,2026-04-05 00:00:00,2026,3,4,4,-0.09256036158517628,22.0
1775376000000,SHORT,4.844193946880767,-0.4241441577762907,5.194193946880767,False,BSV/USDT,2026-04-05 08:00:00,2026,1,3,4,0.00578566620474295,11.200000000000001
1775692800000,SHORT,-7.48104217738387,,7.13104217738387,True,ZEC/USDT,2026-04-09 00:00:00,2026,1,1,1,-0.03848031745189614,9.8
1775721600000,SHORT,-5.886714432592204,,5.536714432592205,True,ZEC/USDT,2026-04-09 08:00:00,2026,1,1,1,-0.036659873334058166,23.0
1775779200000,SHORT,3.54156099693923,1.0124157565437115,10.189658941845192,True,PYTH/USDT,2026-04-10 00:00:00,2026,1,1,2,0.0592019982433784,82.39999999999999
1775808000000,SHORT,8.601037613488957,0.9839550086445612,8.951037613488957,True,PYTH/USDT,2026-04-10 08:00:00,2026,1,1,2,-0.011690815316326309,83.2
1775865600000,SHORT,-8.849047141424256,0.2787867454827973,8.499047141424256,True,COMP/USDT,2026-04-11 00:00:00,2026,1,1,2,0.01768187817758723,1.6
1775880000000,SHORT,9.657935779816508,,10.007935779816506,False,DASH/USDT,2026-04-11 04:00:00,2026,2,2,3,0.15670122349564436,14.000000000000002
1775894400000,SHORT,1.042515230635339,2.0521010457248035,7.108877284595286,True,ARB/USDT,2026-04-11 08:00:00,2026,2,3,4,0.06115348374846308,70.39999999999999
1775923200000,SHORT,4.122071307300496,2.0571888026529423,4.472071307300496,True,ARB/USDT,2026-04-11 16:00:00,2026,1,2,3,0.061615202003211945,31.4
1775937600000,SHORT,3.00816618911174,-0.0740090464027042,11.266899713467044,False,NMR/USDT,2026-04-11 20:00:00,2026,2,2,4,-0.147575873147736,1.6
1775952000000,SHORT,-5.839131944444448,-0.5557191797732232,5.489131944444448,True,WLD/USDT,2026-04-12 00:00:00,2026,2,3,5,0.13849832514509308,72.39999999999999
1775952000000,SHORT,10.030749770009203,4.014212287097665,10.380749770009205,False,DASH/USDT,2026-04-12 00:00:00,2026,3,4,5,0.13963612232538844,13.0
1775952000000,SHORT,-0.7220930232558149,-0.1242689884902788,9.443627906976754,False,ROSE/USDT,2026-04-12 00:00:00,2026,4,5,6,0.060789318598315566,42.0
1775980800000,SHORT,-8.650480832564861,,8.300480832564862,False,DUSK/USDT,2026-04-12 08:00:00,2026,1,5,6,0.024880737824500378,90.0
1776067200000,SHORT,9.701475819032744,,10.051475819032744,False,DUSK/USDT,2026-04-13 08:00:00,2026,1,1,1,0.007139059695221169,89.2
1776182400000,SHORT,-11.647360406091376,-0.5338889500758366,11.297360406091377,True,WLD/USDT,2026-04-14 16:00:00,2026,1,1,1,0.12473100428930912,80.2
1776398400000,SHORT,-7.042214790040863,0.6508168265131586,6.692214790040863,False,CYBER/USDT,2026-04-17 04:00:00,2026,1,1,1,-0.08646028804489937,78.8
1776398400000,SHORT,2.6546948356807536,-0.2725435639859297,8.587699530516428,True,AR/USDT,2026-04-17 04:00:00,2026,2,2,2,0.15420061290969547,72.0
1776398400000,SHORT,6.281838975297333,0.0578195222104567,6.631838975297333,True,CFX/USDT,2026-04-17 04:00:00,2026,3,3,3,0.17151328406199035,77.4
1776412800000,SHORT,10.41073619631901,0.1512168495622997,10.76073619631901,True,PEOPLE/USDT,2026-04-17 08:00:00,2026,4,4,4,0.03229982876334392,44.2
1776412800000,SHORT,-9.560105949470229,,9.210105949470227,True,ARKM/USDT,2026-04-17 08:00:00,2026,5,5,5,-0.08307730748457588,47.599999999999994
1776427200000,SHORT,4.702976913730244,,5.052976913730244,False,GMX/USDT,2026-04-17 12:00:00,2026,3,6,6,-0.38012533951863225,63.2
1776427200000,SHORT,4.08717888836993,-0.2686178086221507,8.02979915927136,True,AR/USDT,2026-04-17 12:00:00,2026,4,6,6,0.1522922832429589,63.6
1776427200000,SHORT,6.39370745607093,-0.741703314238812,10.6999525091024,True,CFX/USDT,2026-04-17 12:00:00,2026,5,6,6,0.19505769724317382,25.8
1776456000000,SHORT,6.503301237964233,,6.853301237964232,False,KNC/USDT,2026-04-17 20:00:00,2026,1,6,7,0.01572587569046927,41.8
1776456000000,SHORT,5.978793235972313,,6.328793235972313,False,GMX/USDT,2026-04-17 20:00:00,2026,2,6,7,-0.4217891063983293,63.0
1776470400000,SHORT,5.200113791533881,0.3493327088132963,5.550113791533881,False,EGLD/USDT,2026-04-18 00:00:00,2026,3,5,8,0.14973780083446245,37.6
1776470400000,SHORT,4.059938971229286,-1.79146738894378,4.409938971229286,True,UNI/USDT,2026-04-18 00:00:00,2026,4,6,9,0.18624263043872277,72.6
1776470400000,SHORT,4.233561643835607,0.4018886044300894,4.583561643835607,True,ENS/USDT,2026-04-18 00:00:00,2026,5,7,10,0.1195518445628664,57.99999999999999
1776484800000,SHORT,4.40625427204371,,4.7562542720437095,False,KNC/USDT,2026-04-18 04:00:00,2026,4,5,10,-0.044208835644779315,41.8
1776499200000,SHORT,-5.027396814117367,-0.1629204542506256,4.677396814117367,True,XLM/USDT,2026-04-18 08:00:00,2026,2,6,10,0.06815521775347268,83.0
1776499200000,SHORT,-4.372718676122913,-0.2349536340548421,4.0227186761229135,True,RUNE/USDT,2026-04-18 08:00:00,2026,3,7,11,0.09067070149937433,52.6
1776499200000,SHORT,-1.0511393514461016,-1.5003654237916388,5.644645048203314,True,JASMY/USDT,2026-04-18 08:00:00,2026,4,8,12,0.0025489950252195544,81.0
1776499200000,SHORT,-5.723540856031115,-0.1904628376738239,5.373540856031116,True,APE/USDT,2026-04-18 08:00:00,2026,5,9,13,0.2060697149313107,48.199999999999996
1776499200000,SHORT,4.968176060797953,-0.1952364801827578,5.318176060797953,False,CKB/USDT,2026-04-18 08:00:00,2026,6,10,14,0.019789050523684314,22.0
1776499200000,SHORT,3.6966732869910577,1.4771877236206894,11.35590863952332,True,TIA/USDT,2026-04-18 08:00:00,2026,7,11,15,0.07062488007327669,72.0
1776499200000,SHORT,7.124535050071509,2.698938823785896,7.474535050071508,False,AGLD/USDT,2026-04-18 08:00:00,2026,8,12,16,0.08298642134858701,61.0
1776499200000,SHORT,-9.695013374092465,0.9590538177147342,9.345013374092463,False,SSV/USDT,2026-04-18 08:00:00,2026,9,13,17,0.08267120818047421,47.599999999999994
1776499200000,SHORT,-8.401786115479654,-0.9435764107509944,8.051786115479654,False,RLC/USDT,2026-04-18 08:00:00,2026,10,14,18,-0.09114779832884916,35.199999999999996
1776499200000,SHORT,9.230930014091111,0.6566668472973123,9.580930014091113,False,CHR/USDT,2026-04-18 08:00:00,2026,11,15,19,-0.008010503481499374,18.2
1776499200000,SHORT,-0.4686415542043634,-1.0202788639324,10.6750926887142,True,PENDLE/USDT,2026-04-18 08:00:00,2026,12,16,20,0.210654305498342,66.60000000000001
1776499200000,SHORT,-6.055741066198004,-1.6112455603726672,5.705741066198004,False,RSR/USDT,2026-04-18 08:00:00,2026,13,17,21,-0.12177266125621843,65.2
1776499200000,SHORT,9.074085464551631,-1.2236497633155177,9.424085464551633,False,LQTY/USDT,2026-04-18 08:00:00,2026,14,18,22,0.019428240503157022,49.6
1776513600000,SHORT,11.395416508177997,1.6084402690330937,11.745416508177996,True,COMP/USDT,2026-04-18 12:00:00,2026,14,18,21,0.04958753480891017,2.4
1776513600000,SHORT,-3.2219039659626154,-1.1345415354916386,11.319130831180647,False,SLP/USDT,2026-04-18 12:00:00,2026,15,19,22,-0.240287782487631,32.800000000000004
1776513600000,SHORT,2.029461490294317,-1.7579834268829944,8.799645168023364,False,ILV/USDT,2026-04-18 12:00:00,2026,16,20,23,-0.03910064732200253,31.2
1776542400000,SHORT,5.666784591194958,1.589966381758266,6.016784591194957,True,COMP/USDT,2026-04-18 20:00:00,2026,1,16,21,0.023156697702947943,4.0
1776844800000,SHORT,-4.017644705254734,0.7709245048628842,4.537802080554818,True,XMR/USDT,2026-04-22 08:00:00,2026,1,1,1,-0.08811809101736036,4.2
1776888000000,SHORT,-4.82437325905292,1.775128973709712,4.47437325905292,True,SEI/USDT,2026-04-22 20:00:00,2026,1,2,2,0.22608145828065665,64.4
1776888000000,SHORT,-6.571841739935207,0.762806704119023,6.221841739935207,True,XMR/USDT,2026-04-22 20:00:00,2026,2,2,2,-0.11353004423793521,4.2
1776888000000,SHORT,-5.052258726899391,-0.1991271379068783,5.387084188911696,True,RUNE/USDT,2026-04-22 20:00:00,2026,3,3,3,0.18140968451579054,44.4
1776916800000,SHORT,-6.288599791013573,-0.1978252049106153,5.938599791013574,True,RUNE/USDT,2026-04-23 04:00:00,2026,1,3,3,0.1903126071725378,15.4
1777104000000,SHORT,1.108885941644564,0.6789109406224332,10.72020335985851,False,CHR/USDT,2026-04-25 08:00:00,2026,1,1,1,0.0732876388908838,16.0
1777118400000,SHORT,6.427708333333321,-0.414379004890899,6.777708333333321,False,YGG/USDT,2026-04-25 12:00:00,2026,2,2,2,-0.009804664973493325,62.6
1777204800000,SHORT,3.927828886844525,,7.912465501379939,False,LPT/USDT,2026-04-26 12:00:00,2026,1,1,2,-0.17015773817132637,6.800000000000001
1777204800000,SHORT,9.201273291925457,-2.5712802842058973,9.551273291925456,False,MINA/USDT,2026-04-26 12:00:00,2026,2,2,3,-0.10953794725886572,0.6
1777219200000,SHORT,8.44394538979025,-1.6601288615136078,8.793945389790249,False,ILV/USDT,2026-04-26 16:00:00,2026,3,3,3,-0.024035431815005087,76.0
1777233600000,SHORT,6.760493827160484,-0.6646396207109256,7.110493827160483,False,CKB/USDT,2026-04-26 20:00:00,2026,2,4,4,-0.14007404175854543,0.0
1777233600000,SHORT,6.268978790259217,-2.565133534115136,6.6189787902592165,False,MINA/USDT,2026-04-26 20:00:00,2026,3,4,4,-0.12293966342618225,36.0
1777262400000,SHORT,6.824740578918608,0.2923861902903821,7.174740578918608,True,INJ/USDT,2026-04-27 04:00:00,2026,1,4,5,-0.13575459802367712,4.6
1777262400000,SHORT,-5.796555203228603,-0.0169573766860681,5.446555203228604,False,SFP/USDT,2026-04-27 04:00:00,2026,2,5,6,-0.04626456070761018,2.4
1777276800000,SHORT,-5.794099009900975,-1.517987039350781,5.444099009900976,True,RUNE/USDT,2026-04-27 08:00:00,2026,3,5,7,0.03352228687798195,52.2
1777334400000,SHORT,-6.309200916511518,-0.1056839064533466,5.959200916511518,False,ACH/USDT,2026-04-28 00:00:00,2026,1,1,4,-0.018750041239520992,0.4
1777334400000,SHORT,6.94375525063008,0.0941136476959936,7.293755250630079,False,SFP/USDT,2026-04-28 00:00:00,2026,2,2,4,-0.10092398803966245,2.8000000000000003
1777363200000,SHORT,-7.119567099567078,-0.1036199416416826,6.769567099567079,False,ACH/USDT,2026-04-28 08:00:00,2026,1,2,3,-0.036519926099720025,0.0
1777435200000,SHORT,-7.751251031069546,-0.0990392511104935,7.401251031069546,False,ACH/USDT,2026-04-29 04:00:00,2026,1,1,1,-0.04478770920566791,16.6
1777478400000,SHORT,-7.397806801379994,1.2938587453880266,10.730409068506647,True,DOGE/USDT,2026-04-29 16:00:00,2026,1,2,2,-0.1131356433698805,84.8
1777708800000,SHORT,-3.09285714285715,-1.3383520742013728,10.769409523809504,False,CHR/USDT,2026-05-02 08:00:00,2026,1,1,1,0.043038805377959906,18.0
1777881600000,SHORT,-4.624004638577506,-0.9131963293592348,4.274004638577506,True,RUNE/USDT,2026-05-04 08:00:00,2026,1,1,1,0.0066304804160279935,50.8
1777939200000,SHORT,-10.294644773556538,0.7197464633103646,9.944644773556538,False,DASH/USDT,2026-05-05 00:00:00,2026,1,1,2,-0.01506901722602789,37.6
1777982400000,SHORT,-4.78673857868019,0.4115355804569096,4.43673857868019,False,MTL/USDT,2026-05-05 12:00:00,2026,1,2,2,-0.23690857178670413,29.2
1778025600000,SHORT,-5.614011633590756,0.6787094983467639,5.264011633590757,True,XMR/USDT,2026-05-06 00:00:00,2026,1,2,3,-0.1340475802170199,3.8
1778054400000,SHORT,-1.452145246998632,0.4856011881414528,10.328025979137962,False,ANKR/USDT,2026-05-06 08:00:00,2026,1,2,3,-0.2491281580091611,1.6
1778068800000,SHORT,3.70459292035397,2.625919032443335,4.0545929203539695,True,DOGE/USDT,2026-05-06 12:00:00,2026,2,3,4,0.0022410562033021784,66.4
1778068800000,SHORT,-4.9611492281303535,0.4180502394457821,4.611149228130354,True,SUI/USDT,2026-05-06 12:00:00,2026,3,4,5,-0.05140750791266842,45.4
1778068800000,SHORT,-6.287365107913649,-4.664649211871383,5.937365107913649,False,LPT/USDT,2026-05-06 12:00:00,2026,4,5,6,-0.25743069782674677,75.4
1778068800000,SHORT,8.333799178699133,1.999625446109189,8.683799178699132,False,ZEN/USDT,2026-05-06 12:00:00,2026,5,6,7,-0.15334786589299568,65.60000000000001
1778083200000,SHORT,-4.4763798701298665,,4.126379870129867,True,STX/USDT,2026-05-06 16:00:00,2026,5,6,7,-0.17934077778969612,7.199999999999999
1778083200000,SHORT,-0.4107873173341114,0.6574723732517533,7.031052593186955,True,XMR/USDT,2026-05-06 16:00:00,2026,6,7,7,-0.13765282336091278,99.6
1778083200000,SHORT,-3.963030602171767,0.4883413375297091,4.676367226061195,False,ANKR/USDT,2026-05-06 16:00:00,2026,7,7,7,-0.2760715020337084,8.799999999999999
1778083200000,SHORT,-5.282139491046174,0.6037826248205396,4.932139491046175,False,ROSE/USDT,2026-05-06 16:00:00,2026,8,8,8,-0.12719494964040698,61.4
1778083200000,SHORT,-9.803613254897728,,9.453613254897729,True,ZEC/USDT,2026-05-06 16:00:00,2026,9,9,9,0.06994767883503966,75.0
1778083200000,SHORT,-9.494465290806732,0.944852893340648,9.144465290806734,True,FIL/USDT,2026-05-06 16:00:00,2026,10,10,10,-0.2244743714399257,35.6
1778097600000,SHORT,-4.84517234428542,0.4780923268947331,4.495172344285421,True,SUI/USDT,2026-05-06 20:00:00,2026,7,10,10,-0.15267079463812872,88.4
1778112000000,SHORT,-4.781215063253884,1.099762088291982,4.431215063253885,True,UNI/USDT,2026-05-07 00:00:00,2026,2,11,11,-0.12275963952381394,71.0
1778112000000,SHORT,-7.803962536023032,1.370501993010789,7.453962536023032,True,OP/USDT,2026-05-07 00:00:00,2026,3,12,12,-0.04890948084600125,70.6
1778112000000,SHORT,-10.249706821049504,,9.899706821049504,True,ZEC/USDT,2026-05-07 00:00:00,2026,4,12,12,0.06730292618135944,43.0
1778112000000,SHORT,-4.734466338259436,-0.1333276569527991,4.384466338259436,True,ETC/USDT,2026-05-07 00:00:00,2026,5,13,13,-0.12400301852624282,76.4
1778112000000,SHORT,-11.72252038043477,,11.37252038043477,True,ICP/USDT,2026-05-07 00:00:00,2026,6,14,14,0.0015520586159886295,80.2
1778112000000,SHORT,-11.429717171717176,0.7767172321940087,11.079717171717176,False,STG/USDT,2026-05-07 00:00:00,2026,7,15,15,-0.079439675456687,64.0
1778112000000,SHORT,-4.8810173697270445,0.0305311802593559,4.531017369727045,True,CRV/USDT,2026-05-07 00:00:00,2026,8,16,16,-0.17098702371454302,38.2
1778126400000,SHORT,7.101926394479572,0.9522507979573164,7.451926394479572,False,DASH/USDT,2026-05-07 04:00:00,2026,8,14,17,0.03158008375451816,78.4
1778140800000,SHORT,-5.692255434782608,0.4525705478522317,5.342255434782608,True,NEAR/USDT,2026-05-07 08:00:00,2026,2,10,18,0.16908283634531196,56.00000000000001
1778140800000,SHORT,-3.5115925058548,,7.973224043715842,True,STX/USDT,2026-05-07 08:00:00,2026,3,11,18,-0.14745190277785344,21.0
1778155200000,SHORT,-6.599999999999985,0.9522032214429544,6.249999999999986,True,FIL/USDT,2026-05-07 12:00:00,2026,3,11,18,-0.24766919820946193,75.8
1778155200000,SHORT,-4.5558561236623,-0.2757171625095657,4.205856123662301,True,1000BONK/USDT,2026-05-07 12:00:00,2026,4,12,19,-0.11440237967714888,62.2
1778155200000,SHORT,-6.144024445450419,,5.794024445450419,True,FET/USDT,2026-05-07 12:00:00,2026,5,13,20,-0.11186218161948668,88.2
1778155200000,SHORT,-10.032367549668868,-0.7687175319633966,9.682367549668868,True,AR/USDT,2026-05-07 12:00:00,2026,6,14,21,-0.20757807594617403,56.39999999999999
1778155200000,SHORT,-4.999888080581949,-0.2214429615828647,4.64988808058195,False,KAS/USDT,2026-05-07 12:00:00,2026,7,15,22,-0.23429087604460141,43.2
1778169600000,SHORT,-10.38620572207084,,10.03620572207084,True,ICP/USDT,2026-05-07 16:00:00,2026,6,9,19,-0.27700660449568315,59.599999999999994
1778212800000,SHORT,0.8976129853596325,-2.4337181710259217,7.744290260980259,False,SLP/USDT,2026-05-08 04:00:00,2026,1,2,10,-0.1910031219948663,21.0
1778212800000,SHORT,-5.6081874356333525,-2.5501976529896817,5.258187435633353,False,TLM/USDT,2026-05-08 04:00:00,2026,2,3,11,-0.23405108989562043,49.8
1778212800000,SHORT,-5.496572995202185,,5.1465729952021855,False,KSM/USDT,2026-05-08 04:00:00,2026,3,4,12,-0.07671595442825434,26.200000000000003
1778241600000,SHORT,4.5209144092585545,-2.388768192376486,6.435609818135564,False,SLP/USDT,2026-05-08 12:00:00,2026,1,3,9,-0.12692083647526653,20.8
1778284800000,SHORT,4.229210554314281,0.7674998699251864,4.5792105543142805,False,ASTR/USDT,2026-05-09 00:00:00,2026,1,2,4,-0.14629865895693242,69.8
1778299200000,SHORT,5.41806314511233,1.2701292727137716,10.530965391621102,True,OP/USDT,2026-05-09 04:00:00,2026,2,2,5,-0.004905089779582672,57.99999999999999
1778299200000,SHORT,8.649688837028375,0.3998594477412981,8.999688837028375,True,AR/USDT,2026-05-09 04:00:00,2026,3,3,6,-0.23873490655015359,63.800000000000004
1778299200000,SHORT,-4.830305093979828,-0.1975183690348648,4.480305093979829,True,UNI/USDT,2026-05-09 04:00:00,2026,4,4,7,-0.07445402345907697,82.39999999999999
1778299200000,SHORT,4.4722933481770015,-1.821843183935357,4.822293348177001,True,SNX/USDT,2026-05-09 04:00:00,2026,5,5,8,-0.1730598324730053,57.8
1778313600000,SHORT,6.441196350118259,0.1305036249603483,6.791196350118259,True,PYTH/USDT,2026-05-09 08:00:00,2026,5,6,7,-0.056236403011369555,62.4
1778313600000,SHORT,-5.1507401696221855,0.3399392204126444,4.800740169622186,True,JASMY/USDT,2026-05-09 08:00:00,2026,6,7,8,0.00027119962993493377,85.39999999999999
1778313600000,SHORT,-5.567238871108528,-0.5765247927116226,5.2172388711085285,True,ENS/USDT,2026-05-09 08:00:00,2026,7,8,9,-0.10452265388194626,83.0
1778313600000,SHORT,5.807977207977203,-0.9528395600016296,6.157977207977202,False,RSR/USDT,2026-05-09 08:00:00,2026,8,9,10,-0.09638739766155079,59.8
1778313600000,SHORT,7.803833605220229,0.9853253005441444,8.153833605220228,True,FIL/USDT,2026-05-09 08:00:00,2026,9,10,11,-0.2742166464021509,61.199999999999996
1778328000000,SHORT,-5.129629629629611,-0.6355106140715698,4.779629629629612,False,TWT/USDT,2026-05-09 12:00:00,2026,6,11,12,-0.08700995271770819,27.800000000000004
1778328000000,SHORT,-4.742630937880617,-2.0484651795195883,4.392630937880617,False,CKB/USDT,2026-05-09 12:00:00,2026,7,12,13,-0.08363793235215074,34.599999999999994
1778328000000,SHORT,-6.008871371371358,-0.562242349052937,5.658871371371358,True,SAND/USDT,2026-05-09 12:00:00,2026,8,13,14,-0.09254997006561982,72.8
1778328000000,SHORT,-5.958530510585297,0.3043043662806033,5.608530510585298,False,HFT/USDT,2026-05-09 12:00:00,2026,9,14,15,-0.14975182058405725,42.4
1778328000000,SHORT,-4.3869597615499085,-0.7067862633057705,4.036959761549909,True,DOT/USDT,2026-05-09 12:00:00,2026,10,15,16,-0.1200700576997114,79.2
1778328000000,SHORT,-4.645178197064982,-0.2421118244123454,4.295178197064982,True,MANA/USDT,2026-05-09 12:00:00,2026,11,16,17,-0.07400006661501868,75.6
1778328000000,SHORT,7.560623003194872,1.1194936655795815,7.910623003194872,False,ONE/USDT,2026-05-09 12:00:00,2026,12,17,18,-0.08831819581177087,4.8
1778328000000,SHORT,-4.552896307760331,-0.1417723331731676,4.202896307760331,False,EGLD/USDT,2026-05-09 12:00:00,2026,13,18,19,-0.0799526171911472,49.8
1778328000000,SHORT,-7.3584828711256,-1.9566868690895045,7.0084828711256,False,IOTA/USDT,2026-05-09 12:00:00,2026,14,19,20,-0.04326102780255132,46.400000000000006
1778328000000,SHORT,-4.5278019113814,-4.632798390371165,4.1778019113814,False,LPT/USDT,2026-05-09 12:00:00,2026,15,20,21,-0.26483445285240126,66.0
1778328000000,SHORT,-4.457999999999996,-2.580068192125161,4.107999999999996,False,COTI/USDT,2026-05-09 12:00:00,2026,16,21,22,0.005591782353704778,22.400000000000002
1778328000000,SHORT,4.76484789282723,-1.812098866267058,5.11484789282723,True,SNX/USDT,2026-05-09 12:00:00,2026,17,21,22,-0.16975404306956768,57.599999999999994
1778328000000,SHORT,8.563828238719058,-0.5185968046112086,8.913828238719057,True,GALA/USDT,2026-05-09 12:00:00,2026,18,22,23,-0.009505832027702258,40.2
1778328000000,SHORT,-4.692762408040609,-0.2195295525511738,4.34276240804061,True,CELO/USDT,2026-05-09 12:00:00,2026,19,23,24,-0.07475427988376693,46.0
1778328000000,SHORT,3.9378313253011927,1.8127146897743809,4.287831325301193,True,OP/USDT,2026-05-09 12:00:00,2026,20,23,24,0.010631753832430285,69.8
1778328000000,SHORT,4.749429021460908,-2.602759473732448,6.579858239810981,False,ILV/USDT,2026-05-09 12:00:00,2026,21,24,25,-0.07824387598072444,74.4
1778328000000,SHORT,-5.894083654375328,0.4256979760274088,5.544083654375329,True,UNI/USDT,2026-05-09 12:00:00,2026,22,24,25,-0.07017872746088182,37.8
1778328000000,SHORT,6.199762007788829,-0.097070337518365,6.5497620077888286,False,YGG/USDT,2026-05-09 12:00:00,2026,23,25,26,-0.053362087416989334,50.8
1778328000000,SHORT,5.599820788530467,1.8972228948767924,7.489964157706072,True,ARB/USDT,2026-05-09 12:00:00,2026,24,26,27,-0.21446682994765082,68.0
1778328000000,SHORT,-5.607413879181222,-2.524374365040692,5.257413879181223,False,TLM/USDT,2026-05-09 12:00:00,2026,25,27,28,-0.08686971222145597,48.4
1778328000000,SHORT,-5.6983777038269405,-0.1027390135298915,5.348377703826941,True,SUSHI/USDT,2026-05-09 12:00:00,2026,26,28,29,-0.11332066356696983,65.4
1778328000000,SHORT,-5.890198618307419,-0.5817390227260162,5.54019861830742,True,FET/USDT,2026-05-09 12:00:00,2026,27,29,30,-0.10968573499774974,61.0
1778328000000,SHORT,-5.913599360372131,-1.1631933796603526,5.563599360372131,False,MAGIC/USDT,2026-05-09 12:00:00,2026,28,30,31,-0.1428137758748268,61.4
1778328000000,SHORT,-5.284198068547604,-0.1363578668042668,4.934198068547604,False,POLYX/USDT,2026-05-09 12:00:00,2026,29,31,32,-0.0641111135523462,73.8
1778328000000,SHORT,-5.587283500455758,0.3904448362555221,5.237283500455758,False,ROSE/USDT,2026-05-09 12:00:00,2026,30,32,33,-0.15706479765088305,61.0
1778328000000,SHORT,-5.35966550596179,1.609948843715434,5.009665505961791,True,ETC/USDT,2026-05-09 12:00:00,2026,31,33,34,-0.11747892586023637,75.6
1778328000000,SHORT,-5.777630023640636,-1.0663641570420086,5.427630023640636,False,ID/USDT,2026-05-09 12:00:00,2026,32,34,35,0.05154770348818541,64.0
1778342400000,SHORT,5.709639048400303,1.142598032915122,6.059639048400302,True,FIL/USDT,2026-05-09 16:00:00,2026,28,33,34,-0.2524056755524833,37.2
1778342400000,SHORT,8.912380952380941,7.020270942583503,9.26238095238094,True,ICP/USDT,2026-05-09 16:00:00,2026,29,34,35,-0.12791501236721764,88.0
1778342400000,SHORT,6.3330351114111885,0.7656705032406051,6.683035111411188,True,PYTH/USDT,2026-05-09 16:00:00,2026,30,34,35,-0.016225971085914684,62.0
1778356800000,SHORT,-4.448778252901644,-2.044155269486011,4.098778252901644,False,CKB/USDT,2026-05-09 20:00:00,2026,4,33,35,-0.09373048819937853,34.599999999999994
1778356800000,SHORT,-5.630757293606462,0.302177975584875,5.280757293606462,False,HFT/USDT,2026-05-09 20:00:00,2026,5,33,35,-0.1509416867134755,42.199999999999996
1778356800000,SHORT,5.024912157413897,1.892875317554154,5.374912157413896,True,ARB/USDT,2026-05-09 20:00:00,2026,6,33,35,-0.21893120932147,35.8
1778371200000,SHORT,5.370079635949934,7.462169998915318,5.720079635949934,True,ICP/USDT,2026-05-10 00:00:00,2026,4,30,35,-0.13061851458581597,77.0
1778385600000,SHORT,-5.647258254716979,0.6926731769747113,5.297258254716979,True,SEI/USDT,2026-05-10 04:00:00,2026,2,7,35,-0.03490324260835212,75.6
1778400000000,SHORT,9.725209308925791,-0.2217200717777573,11.145551298424849,True,JASMY/USDT,2026-05-10 08:00:00,2026,2,6,34,0.17608413293559907,4.8
1778428800000,SHORT,7.907456807187275,-0.217379785143501,8.257456807187275,True,JASMY/USDT,2026-05-10 16:00:00,2026,1,2,8,0.15345360389054968,15.4
1778457600000,SHORT,3.946959178006096,0.6672577322306777,4.296959178006096,True,JASMY/USDT,2026-05-11 00:00:00,2026,1,1,3,0.1480258019412042,71.39999999999999
1778457600000,SHORT,4.691297808336893,1.0287282184921849,5.041297808336893,False,EGLD/USDT,2026-05-11 00:00:00,2026,2,2,4,-0.09184912286325146,49.0
1778457600000,SHORT,1.1953639082751684,0.7356714464926148,4.829999999999997,True,AVAX/USDT,2026-05-11 00:00:00,2026,3,3,5,-0.12631076801575755,63.2
1778457600000,SHORT,-7.35454545454543,0.4891444831360431,7.00454545454543,False,ROSE/USDT,2026-05-11 00:00:00,2026,4,4,6,-0.15362104592613457,60.6
1778457600000,SHORT,5.207131337566757,-0.2279556747111835,5.557131337566757,True,CELO/USDT,2026-05-11 00:00:00,2026,5,5,7,-0.047537202152911004,45.6
1778457600000,SHORT,6.632688875669239,-1.91352694710394,6.982688875669239,False,CKB/USDT,2026-05-11 00:00:00,2026,6,6,8,-0.07489505644900003,34.4
1778457600000,SHORT,7.912748091603033,,8.262748091603033,True,SUI/USDT,2026-05-11 00:00:00,2026,7,7,9,0.08415815266249031,64.0
1778457600000,SHORT,-1.0722824124232655,1.8274203670952447,9.898952690501975,True,GRT/USDT,2026-05-11 00:00:00,2026,8,8,10,-0.0848947220035898,34.8
1778457600000,SHORT,4.036179880915071,-2.351208896809124,4.386179880915071,True,HBAR/USDT,2026-05-11 00:00:00,2026,9,9,11,-0.12526054058937297,17.4
1778457600000,SHORT,8.370785219399531,,8.72078521939953,True,SEI/USDT,2026-05-11 00:00:00,2026,10,10,11,0.00037168024296268436,77.8
1778457600000,SHORT,7.119484760522492,-0.0181418650855754,7.469484760522492,True,WLD/USDT,2026-05-11 00:00:00,2026,11,11,12,-0.09261341403784311,48.8
1778472000000,SHORT,5.70092322643344,1.5096285135986636,6.05092322643344,False,QTUM/USDT,2026-05-11 04:00:00,2026,12,12,12,0.08830252330414605,2.4
1778472000000,SHORT,5.882294617563748,0.2535915732932924,10.001214083367046,True,ENS/USDT,2026-05-11 04:00:00,2026,13,13,13,-0.08843739161806027,11.200000000000001
1778472000000,SHORT,8.683893781692017,-0.5667097581257312,11.408753669602346,True,1000BONK/USDT,2026-05-11 04:00:00,2026,14,14,14,-0.09840435856992187,59.0
1778472000000,SHORT,4.683316234932032,0.400479518139036,5.033316234932031,True,UNI/USDT,2026-05-11 04:00:00,2026,15,15,15,-0.21561853070939163,82.0
1778486400000,SHORT,9.206520713780344,1.2922381566097452,9.556520713780344,True,SUI/USDT,2026-05-11 08:00:00,2026,5,15,15,0.10970174018595356,88.2
1778486400000,SHORT,5.51986610288935,0.6666056932017873,5.8698661028893495,True,JASMY/USDT,2026-05-11 08:00:00,2026,6,15,15,0.15168017356344987,85.6
1778500800000,SHORT,4.984362934362933,1.5109118402406203,5.334362934362932,False,QTUM/USDT,2026-05-11 12:00:00,2026,3,15,15,0.0913032018667988,2.0
1778500800000,SHORT,9.532630373265048,0.2540406921935994,9.882630373265046,True,ENS/USDT,2026-05-11 12:00:00,2026,4,15,15,-0.08624888145000098,2.1999999999999997
1778544000000,SHORT,4.389508196721305,,4.739508196721305,False,IOST/USDT,2026-05-12 00:00:00,2026,1,3,16,-0.12993532710720307,48.199999999999996
1778544000000,SHORT,4.886587355540433,,5.236587355540433,True,SEI/USDT,2026-05-12 00:00:00,2026,2,4,16,-0.023253802010497142,65.8
1778544000000,SHORT,-4.7206168831168736,0.1805194934451931,4.370616883116874,False,ZRX/USDT,2026-05-12 00:00:00,2026,3,5,17,-0.14388205821297273,74.0
1778544000000,SHORT,4.895454545454533,-1.394889618557655,5.245454545454533,True,GMT/USDT,2026-05-12 00:00:00,2026,4,6,18,-0.07119645835936264,32.6
1778544000000,SHORT,8.425528136100173,-0.2591983107124903,8.775528136100172,False,UMA/USDT,2026-05-12 00:00:00,2026,5,7,19,-0.12173646354908534,1.0
1778558400000,SHORT,4.528857434327973,-0.2149416510559483,4.878857434327973,False,KAS/USDT,2026-05-12 04:00:00,2026,6,6,12,-0.09956225197832978,38.800000000000004
1778558400000,SHORT,4.922871026190071,-0.6744948529785662,5.272871026190071,True,RUNE/USDT,2026-05-12 04:00:00,2026,7,7,13,-0.12744351726448502,52.400000000000006
1778558400000,SHORT,5.542266187050342,0.9504097074830682,5.892266187050342,False,HFT/USDT,2026-05-12 04:00:00,2026,8,8,14,-0.16074219575437754,41.199999999999996
1778572800000,SHORT,6.003903274942854,-0.257716509617333,6.353903274942853,False,UMA/USDT,2026-05-12 08:00:00,2026,4,8,12,-0.1274440779957723,44.800000000000004
1778572800000,SHORT,5.110663900414929,,5.460663900414929,False,IOST/USDT,2026-05-12 08:00:00,2026,5,8,12,-0.09603185164539824,48.0
1778572800000,SHORT,4.250765696784059,-1.3764251087050772,4.600765696784059,True,GMT/USDT,2026-05-12 08:00:00,2026,6,8,12,-0.10335586758946425,32.2
1778587200000,SHORT,5.364746376811564,0.4444428094381481,5.714746376811563,True,CRV/USDT,2026-05-12 12:00:00,2026,4,9,11,-0.07902355957933115,22.0
1778587200000,SHORT,6.943504171632888,-0.3126276926889916,7.293504171632888,False,MAV/USDT,2026-05-12 12:00:00,2026,5,10,12,0.023227576043388945,39.2
1778587200000,SHORT,4.282063008130073,0.3738057372391351,4.632063008130072,False,CTK/USDT,2026-05-12 12:00:00,2026,6,11,13,-0.29094935325478327,13.600000000000001
1778587200000,SHORT,7.967318900915894,0.4670989816702384,8.317318900915893,True,THETA/USDT,2026-05-12 12:00:00,2026,7,12,14,-0.04886494277585891,28.199999999999996
1778616000000,SHORT,5.364746376811564,0.440406567401118,5.714746376811563,True,CRV/USDT,2026-05-12 20:00:00,2026,1,7,12,-0.11705406569562261,17.4
1778630400000,SHORT,4.090825688073387,-1.3329374379306909,4.440825688073387,True,GMT/USDT,2026-05-13 00:00:00,2026,2,5,12,-0.15043562137729427,31.8
1778630400000,SHORT,-8.528817299205643,-0.3512755225663649,8.178817299205644,False,ARPA/USDT,2026-05-13 00:00:00,2026,3,6,13,-0.23208624678278375,26.400000000000002
1778659200000,SHORT,5.746589294173362,-0.443519894698319,6.096589294173362,True,ATOM/USDT,2026-05-13 08:00:00,2026,1,4,9,-0.16183608838971333,51.4
1778673600000,SHORT,-7.240369036903679,-0.7290916718808896,6.890369036903679,False,ARPA/USDT,2026-05-13 12:00:00,2026,2,3,7,-0.23728302933535408,43.2
1778947200000,SHORT,4.534931000492846,3.0740978609741134,4.884931000492846,False,QNT/USDT,2026-05-16 16:00:00,2026,1,1,1,-7.81418521626078e-05,28.000000000000004
1778990400000,LONG,-6.091373239436624,-0.5950712484450047,5.741373239436625,True,RUNE/USDT,2026-05-17 04:00:00,2026,1,2,2,0.16702590414989335,0.6
1779105600000,LONG,1.6402234636871578,-2.305126152467358,7.037354963472267,True,BCH/USDT,2026-05-18 12:00:00,2026,1,1,1,0.31893652518343785,0.2
1779134400000,LONG,-5.087231680236851,-2.8984167683973747,8.502030242148654,True,BCH/USDT,2026-05-18 20:00:00,2026,1,1,1,0.24336407745117095,2.1999999999999997
1779163200000,LONG,-4.663868900677545,-2.898326709114595,4.313868900677545,True,BCH/USDT,2026-05-19 04:00:00,2026,1,1,1,0.24412880828649897,1.7999999999999998
1779249600000,LONG,6.500527089973044,-0.1613951797989303,6.850527089973044,True,PYTH/USDT,2026-05-20 04:00:00,2026,1,1,2,0.07837908004241152,9.4
1779465600000,SHORT,-9.731998556998557,-1.791251335470209,9.381998556998555,True,WLD/USDT,2026-05-22 16:00:00,2026,1,1,1,-0.014202492979562059,38.0
1779465600000,SHORT,-11.078166351606788,0.0538356377736172,10.728166351606788,True,NEAR/USDT,2026-05-22 16:00:00,2026,2,2,2,0.07935457858097313,56.8
1779494400000,SHORT,-11.1829233680227,0.0535060524810373,10.8329233680227,True,NEAR/USDT,2026-05-23 00:00:00,2026,1,2,2,0.09880140561622314,67.2
1779552000000,LONG,-2.8229520865533324,2.057855657814763,4.7027379112386845,False,TWT/USDT,2026-05-23 16:00:00,2026,1,1,3,0.04906737016027345,12.0
1779566400000,LONG,2.266381850324117,-1.5342727636991964,5.011809074837954,False,NMR/USDT,2026-05-23 20:00:00,2026,2,2,3,-0.009859813771292398,10.0
1779825600000,SHORT,10.364536741214057,3.0861443653477,10.714536741214056,True,WLD/USDT,2026-05-26 20:00:00,2026,1,1,1,0.1606921918719431,86.8
1779840000000,SHORT,7.84340749896991,0.722907048310738,8.19340749896991,True,FET/USDT,2026-05-27 00:00:00,2026,2,2,2,0.05123462413470726,93.0
1779868800000,SHORT,7.55647661223358,3.042246468896979,7.90647661223358,True,WLD/USDT,2026-05-27 08:00:00,2026,1,2,2,0.20398852191812164,87.2
1779868800000,SHORT,5.295524816924326,0.7177189642910349,5.6455248169243255,True,FET/USDT,2026-05-27 08:00:00,2026,2,2,2,0.09597329216898275,93.2
1779868800000,LONG,-5.397619047619062,-2.03704473303848,5.047619047619063,False,ONT/USDT,2026-05-27 08:00:00,2026,3,3,3,-0.10230425695250978,89.4
1779897600000,SHORT,5.519811048608081,-0.9465981801593434,5.869811048608081,True,SEI/USDT,2026-05-27 16:00:00,2026,1,4,4,0.10726205656242109,18.0
1779912000000,SHORT,8.852994011976051,1.3908209119356645,9.20299401197605,True,ICP/USDT,2026-05-27 20:00:00,2026,2,5,5,-0.008644902097533887,83.6
1779984000000,LONG,-4.585526315789484,-0.4987077455513453,4.2355263157894845,True,NEO/USDT,2026-05-28 16:00:00,2026,1,1,3,0.032550138670752564,71.8
1779984000000,LONG,6.40323632714501,-1.2501581715826884,6.75323632714501,False,CHR/USDT,2026-05-28 16:00:00,2026,2,2,4,0.053290169597558036,23.599999999999998
1779984000000,LONG,3.7197512437811073,-1.1801252943205711,4.069751243781107,False,ZRX/USDT,2026-05-28 16:00:00,2026,3,3,5,-0.036811234516538574,6.0
1779984000000,LONG,0.6595344924285097,0.1916006877786059,6.059450364554108,True,COMP/USDT,2026-05-28 16:00:00,2026,4,4,6,0.1346384137070564,67.80000000000001
1779998400000,LONG,3.9891627278865607,-1.9608104608115104,4.339162727886561,False,CYBER/USDT,2026-05-28 20:00:00,2026,5,5,6,-0.03488244266246261,34.4
1779998400000,LONG,4.575257731958753,-1.2124143776271787,4.9252577319587525,False,COTI/USDT,2026-05-28 20:00:00,2026,6,6,7,-0.029945002944548695,15.6
1780344000000,LONG,-6.0470888017726185,-0.3787518913124326,5.697088801772619,True,BCH/USDT,2026-06-01 20:00:00,2026,1,1,1,0.21035275921946114,0.4
1780459200000,LONG,-5.37365048543691,-0.4770569580342555,5.02365048543691,True,NEO/USDT,2026-06-03 04:00:00,2026,1,1,1,-0.010862514056944625,41.6
1780459200000,LONG,-5.845507637017082,-1.6838415440412409,5.495507637017083,True,DOT/USDT,2026-06-03 04:00:00,2026,2,2,2,-0.025321989379197038,17.2
1780459200000,LONG,-5.541946666666673,-0.3543619973093947,5.191946666666674,True,ATOM/USDT,2026-06-03 04:00:00,2026,3,3,3,-0.03629602338877001,9.4
1780459200000,LONG,-5.554447304447303,-0.7537569682830904,5.204447304447303,False,ASTR/USDT,2026-06-03 04:00:00,2026,4,4,4,-0.0340591344469834,32.6
1780459200000,LONG,-6.959466527196657,-1.6205568890119233,6.609466527196657,False,ILV/USDT,2026-06-03 04:00:00,2026,5,5,5,-0.08110103665737024,55.400000000000006
1780459200000,LONG,-6.235622679716498,-0.3720183671490065,5.885622679716499,False,API3/USDT,2026-06-03 04:00:00,2026,6,6,6,-0.08183919627944512,48.0
1780459200000,LONG,-5.050245844064628,-0.2253405820037517,4.700245844064629,True,LINK/USDT,2026-06-03 04:00:00,2026,7,7,7,0.06756452587589379,6.2
1780459200000,LONG,-5.152580645161292,-1.1794636360429926,4.802580645161292,True,ADA/USDT,2026-06-03 04:00:00,2026,8,8,8,0.011441891170208237,23.400000000000002
1780459200000,LONG,-5.472249093107616,-2.3505931324714653,5.122249093107616,False,QTUM/USDT,2026-06-03 04:00:00,2026,9,9,9,-0.00888036278327719,9.6
1780459200000,LONG,-4.9826895219700535,-2.544927202433501,4.632689521970054,True,XRP/USDT,2026-06-03 04:00:00,2026,10,10,10,-0.016936914771924015,4.6
1780459200000,LONG,-5.832425742574254,0.2799393601600482,5.482425742574255,True,MANA/USDT,2026-06-03 04:00:00,2026,11,11,11,-0.04432396010863295,74.2
1780459200000,LONG,-0.3171592775041064,-1.0300279993379935,8.485550082101813,False,KAS/USDT,2026-06-03 04:00:00,2026,12,12,12,-0.0206300923521663,10.6
1780459200000,LONG,-6.849490316004082,-1.2169512438105037,6.499490316004082,False,IOST/USDT,2026-06-03 04:00:00,2026,13,13,13,-0.07783412348812946,37.6
1780459200000,LONG,-6.642896174863395,-1.0085470290533365,6.292896174863396,False,SKL/USDT,2026-06-03 04:00:00,2026,14,14,14,-0.06431705702879573,13.8
1780459200000,LONG,-4.959679420889349,-0.0762570410492105,4.609679420889349,True,LTC/USDT,2026-06-03 04:00:00,2026,15,15,15,-0.04963955443435583,36.199999999999996
1780459200000,LONG,-5.86701288456482,-0.178076045236847,5.517012884564821,True,AAVE/USDT,2026-06-03 04:00:00,2026,16,16,16,-0.02909280201839209,10.2
1780459200000,LONG,-7.712083333333341,0.3941212643973938,7.362083333333341,True,ARB/USDT,2026-06-03 04:00:00,2026,17,17,17,-0.08774519670586284,4.2
1780459200000,LONG,-6.06382720656839,-1.784017012329608,5.71382720656839,True,1000PEPE/USDT,2026-06-03 04:00:00,2026,18,18,18,0.02084009141727922,10.4
1780459200000,LONG,-5.891283339775791,-1.7600885340933805,5.541283339775792,True,1000BONK/USDT,2026-06-03 04:00:00,2026,19,19,19,0.021940120345645388,7.199999999999999
1780459200000,LONG,-6.488686779059464,0.9665656816284092,6.138686779059464,True,ETC/USDT,2026-06-03 04:00:00,2026,20,20,20,-0.05097388952084967,6.0
1780473600000,LONG,-4.545482295482292,0.0347567755705248,4.195482295482292,False,1INCH/USDT,2026-06-03 08:00:00,2026,21,21,21,-0.010792509023203598,10.0
1780473600000,LONG,-6.3304212707182295,-1.5186800081704157,5.98042127071823,True,UNI/USDT,2026-06-03 08:00:00,2026,22,22,22,0.04921382159288289,28.4
1780473600000,LONG,-8.927867993713974,-0.7521528103272244,8.577867993713975,True,TIA/USDT,2026-06-03 08:00:00,2026,23,23,23,-0.050812027468769345,61.0
1780473600000,LONG,-6.806772908366538,0.5514485153371237,6.456772908366538,False,LPT/USDT,2026-06-03 08:00:00,2026,24,24,24,0.047297154715428454,19.6
1780488000000,LONG,-4.85485411140585,-0.5705319430750122,4.504854111405851,True,AAVE/USDT,2026-06-03 12:00:00,2026,5,24,24,-0.03580840169421609,73.0
1780488000000,LONG,-6.53945147679325,0.669021259199695,6.18945147679325,True,ARB/USDT,2026-06-03 12:00:00,2026,6,24,24,-0.1257193586715907,2.1999999999999997
1780488000000,LONG,-5.930341113105946,-1.639483005413205,5.580341113105947,True,DOT/USDT,2026-06-03 12:00:00,2026,7,24,24,-0.035386006036745826,69.39999999999999
1780488000000,LONG,-4.4740750687182125,-2.3892200097052863,4.124075068718213,True,1000PEPE/USDT,2026-06-03 12:00:00,2026,8,24,24,0.005533288368821738,46.800000000000004
1780574400000,LONG,-6.188888888888896,-2.212622439300421,5.838888888888897,False,QTUM/USDT,2026-06-04 12:00:00,2026,1,1,5,0.008834677022772207,30.4
1780574400000,LONG,-7.544148936170218,-0.9881085135812788,7.194148936170218,True,NEO/USDT,2026-06-04 12:00:00,2026,2,2,6,-0.009560771168091422,22.6
1780574400000,LONG,-6.881250000000002,-0.036291493541435,6.531250000000003,False,KSM/USDT,2026-06-04 12:00:00,2026,3,3,7,-0.005847795871288668,56.8
1780574400000,LONG,-5.995844504021449,-0.7841195919236278,5.64584450402145,True,MANA/USDT,2026-06-04 12:00:00,2026,4,4,8,0.03746129763634468,15.8
1780574400000,LONG,-8.639223542415037,0.0962269163309092,8.289223542415037,True,PYTH/USDT,2026-06-04 12:00:00,2026,5,5,9,0.11372706422667923,19.6
1780574400000,LONG,-7.697326874775753,-0.3535455186821734,7.347326874775753,False,API3/USDT,2026-06-04 12:00:00,2026,6,6,10,-0.0321970149135303,46.400000000000006
1780588800000,LONG,-7.447727272727273,-0.3623898785453375,7.0977272727272736,True,AXS/USDT,2026-06-04 16:00:00,2026,7,7,7,0.08970846068317528,30.4
1780588800000,LONG,-7.342106898694842,-2.373708845245083,6.992106898694843,False,EGLD/USDT,2026-06-04 16:00:00,2026,8,8,8,0.05069824959596033,43.8
1780603200000,LONG,-4.377102803738313,-0.3906792320639251,4.027102803738313,False,KSM/USDT,2026-06-04 20:00:00,2026,3,8,8,-0.014656043710577656,45.800000000000004
1780603200000,LONG,-5.119059766763847,-0.3483708253513307,4.769059766763848,False,API3/USDT,2026-06-04 20:00:00,2026,4,8,8,-0.029475959166474948,46.0
1780689600000,LONG,0.5782700421940962,-1.5386436685642668,10.05966244725739,False,KNC/USDT,2026-06-05 20:00:00,2026,1,1,3,0.04291367572964309,10.2
1780718400000,LONG,3.2613499570077344,-1.42316958833673,8.35829750644885,False,KNC/USDT,2026-06-06 04:00:00,2026,1,1,1,0.06034233080084068,5.0
1780747200000,LONG,4.900856164383562,-1.4290904846791266,5.250856164383562,False,KNC/USDT,2026-06-06 12:00:00,2026,1,1,1,0.05657729134884793,16.2
1780790400000,LONG,0.4661512027491465,-2.588819577130084,4.625472508591062,True,ENS/USDT,2026-06-07 00:00:00,2026,1,2,2,0.06800170006582824,50.8
1780790400000,LONG,3.94994011976048,-0.522553859878523,4.29994011976048,True,ATOM/USDT,2026-06-07 00:00:00,2026,2,3,3,-0.06481862987259711,9.2
1781121600000,SHORT,5.899800703399752,-1.8766780530749745,6.249800703399751,False,STG/USDT,2026-06-10 20:00:00,2026,1,1,1,0.04226407397528914,3.0
1781251200000,SHORT,0.8336734693877493,-2.6049737068364243,8.610571428571406,True,CRV/USDT,2026-06-12 08:00:00,2026,1,1,1,0.03352299442460731,46.2
1781553600000,SHORT,4.465242867534133,-2.3028023145736034,4.815242867534133,True,XRP/USDT,2026-06-15 20:00:00,2026,1,1,1,0.0036186150460665277,25.8
1781568000000,SHORT,3.9299169956473214,-2.8612718972007336,4.279916995647323,True,ETH/USDT,2026-06-16 00:00:00,2026,2,2,2,0.022147456267251207,87.0
1781568000000,SHORT,4.952617283950603,-1.5487611011083935,5.302617283950602,False,YFI/USDT,2026-06-16 00:00:00,2026,3,3,3,-0.058013022989295275,56.00000000000001
1781568000000,SHORT,4.850394011032304,-2.6918041868981413,5.200394011032303,False,BSV/USDT,2026-06-16 00:00:00,2026,4,4,4,0.1391999742251553,34.599999999999994
1781582400000,SHORT,4.694467843836058,-3.28210547945496,5.044467843836058,True,XRP/USDT,2026-06-16 04:00:00,2026,4,4,4,0.006243676408512018,89.0
1781611200000,SHORT,6.419978599816532,-0.7920103816539725,6.769978599816532,False,KAS/USDT,2026-06-16 12:00:00,2026,1,5,5,-0.061744136109902786,26.200000000000003
1781668800000,SHORT,6.864083542570175,-0.9798586983305556,7.214083542570175,False,UMA/USDT,2026-06-17 04:00:00,2026,1,1,3,-0.08505857064652952,20.8
1781683200000,SHORT,5.651337066853331,-2.970649953079098,6.00133706685333,True,TRB/USDT,2026-06-17 08:00:00,2026,2,2,3,-0.0022226386863152554,16.400000000000002
1781712000000,SHORT,5.059543250829306,-1.4156365904042427,9.718321000255155,True,TIA/USDT,2026-06-17 16:00:00,2026,1,3,3,0.009623776540217902,75.2
1781712000000,SHORT,5.191887675507007,-3.30949150259466,5.541887675507007,True,MASK/USDT,2026-06-17 16:00:00,2026,2,4,4,-0.0965042084932907,41.8
1781712000000,SHORT,6.970860558876652,-0.3512341694895222,7.320860558876651,True,PENDLE/USDT,2026-06-17 16:00:00,2026,3,5,5,-0.040034680750766355,62.2
1781712000000,SHORT,5.214387917329099,-6.753747845840446,9.33603603603602,True,SUSHI/USDT,2026-06-17 16:00:00,2026,4,6,6,0.00496463403248722,46.800000000000004
1781740800000,SHORT,3.564447134786112,-2.3675018277570747,8.071428571428562,True,CFX/USDT,2026-06-18 00:00:00,2026,1,5,7,-0.13213479712317233,27.0
1782331200000,LONG,-6.188888888888902,-1.492268932105384,5.838888888888903,True,ADA/USDT,2026-06-24 20:00:00,2026,1,1,1,-0.08722226362934968,4.6
1782331200000,LONG,-7.0544703230653605,-1.2748369986516206,6.704470323065361,False,EGLD/USDT,2026-06-24 20:00:00,2026,2,2,2,-0.1168067199106482,4.3999999999999995
1782360000000,LONG,-5.152301346070344,-1.9324561688503004,4.802301346070345,False,MTL/USDT,2026-06-25 04:00:00,2026,1,3,3,-0.13898324011892876,44.2
1782360000000,LONG,-4.448969167050175,-2.9893562731097623,4.098969167050176,True,XRP/USDT,2026-06-25 04:00:00,2026,2,4,4,-0.030573512760803095,5.4
1782360000000,LONG,-6.517740266459707,-1.493875750350997,6.167740266459707,True,DOGE/USDT,2026-06-25 04:00:00,2026,3,5,5,-0.09622544604143915,72.8
1782360000000,LONG,-7.158911917098455,-0.3961194179350224,6.808911917098455,False,MAV/USDT,2026-06-25 04:00:00,2026,4,6,6,-0.143203398443347,34.8
1782360000000,LONG,-7.571762349799733,-3.0500790407230114,7.221762349799733,True,ADA/USDT,2026-06-25 04:00:00,2026,5,6,6,-0.1387511752141427,3.5999999999999996
1782360000000,LONG,-6.062718299164763,-1.39953541538308,5.712718299164763,False,EGLD/USDT,2026-06-25 04:00:00,2026,6,6,6,-0.2206543645655232,4.0
1782360000000,LONG,-5.255080831408772,-2.873550399334713,4.905080831408772,False,TWT/USDT,2026-06-25 04:00:00,2026,7,7,7,0.11059498721456906,18.0
1782388800000,LONG,0.7778195488721847,-2.863793420410552,5.086061307113933,False,TWT/USDT,2026-06-25 12:00:00,2026,1,7,7,-0.02777997656630461,18.0
1782417600000,LONG,4.641764705882374,-2.108920972111325,4.991764705882374,False,MAV/USDT,2026-06-25 20:00:00,2026,1,2,7,-0.1637103259656002,29.4
1782432000000,LONG,-6.650182370820661,-0.1280407060447111,6.300182370820662,True,ATOM/USDT,2026-06-26 00:00:00,2026,2,3,8,0.0840130371831621,28.999999999999996
1782446400000,LONG,-3.1316411682892977,-2.9246700461578827,5.707927677329624,False,IOST/USDT,2026-06-26 04:00:00,2026,2,3,9,-0.19027927845227627,30.0
1782446400000,LONG,5.124051896207591,-1.952400232905784,5.474051896207591,False,GAS/USDT,2026-06-26 04:00:00,2026,3,4,10,-0.25392351349734305,25.4
1782446400000,LONG,-3.3960624071322383,-2.1615418147799264,5.707206537890039,True,THETA/USDT,2026-06-26 04:00:00,2026,4,5,11,-0.17053336108499292,34.8
1782446400000,LONG,5.29444971537001,-2.426362115259301,5.644449715370009,False,SFP/USDT,2026-06-26 04:00:00,2026,5,6,12,-0.09423261034992106,24.0
1782446400000,LONG,5.3391891891892,-0.4165569801316786,5.689189189189199,False,ZRX/USDT,2026-06-26 04:00:00,2026,6,7,13,-0.266270312809058,51.0
1782446400000,LONG,5.409151670951164,-2.177365264903373,5.759151670951163,False,STEEM/USDT,2026-06-26 04:00:00,2026,7,8,14,-0.1317641860198747,50.2
1782475200000,LONG,-7.353168469860895,-3.937046093148489,7.003168469860896,False,IOTA/USDT,2026-06-26 12:00:00,2026,1,8,10,-0.18419291571772647,20.8
1782475200000,LONG,-3.41834030683403,-2.87280674925129,5.444909344490928,False,IOST/USDT,2026-06-26 12:00:00,2026,2,8,10,-0.2182536687376818,29.799999999999997
1782475200000,LONG,4.728367875647678,-0.7286891720251701,5.078367875647678,False,ZRX/USDT,2026-06-26 12:00:00,2026,3,8,10,-0.2858709512831724,51.0
1782475200000,LONG,-3.529147205062527,-0.7234237536788737,5.061925568781076,False,QNT/USDT,2026-06-26 12:00:00,2026,4,9,11,-0.18226255295655186,20.4
1782806400000,SHORT,2.9814825097168147,-2.225757860860068,11.326873958911715,True,ORDI/USDT,2026-06-30 08:00:00,2026,1,1,1,-0.12368733491170572,62.2
1782907200000,LONG,6.8574290484140255,-2.045071505868339,7.207429048414025,True,IMX/USDT,2026-07-01 12:00:00,2026,1,1,1,-0.17062663261026728,55.800000000000004
1782907200000,LONG,5.171802679658974,-1.7169462976606251,5.521802679658963,False,COTI/USDT,2026-07-01 12:00:00,2026,2,2,2,-0.1931407256769783,18.4
1782907200000,LONG,6.37096018735363,-1.7392241527737615,6.720960187353629,False,ACH/USDT,2026-07-01 12:00:00,2026,3,3,3,-0.024066356012982678,48.0
1782907200000,LONG,6.44977900552486,-0.9741625173188624,6.79977900552486,False,CKB/USDT,2026-07-01 12:00:00,2026,4,4,4,-0.2510345071621626,30.599999999999998
1782907200000,LONG,1.6797699594046,-2.0612405644944087,7.180514208389713,False,BIGTIME/USDT,2026-07-01 12:00:00,2026,5,5,5,-0.23204833199248184,9.8
1782907200000,LONG,9.586873508353229,-3.725632224287393,9.936873508353226,False,HFT/USDT,2026-07-01 12:00:00,2026,6,6,6,-0.07823805099501766,26.200000000000003
1783123200000,SHORT,8.731100521488937,,11.139830965653644,False,SLP/USDT,2026-07-04 00:00:00,2026,1,1,1,-0.10155983860141812,8.200000000000001
1783123200000,SHORT,6.669646526921491,-0.7604164546200511,7.01964652692149,True,GALA/USDT,2026-07-04 00:00:00,2026,2,2,2,-0.01836710665446315,57.4
1783137600000,SHORT,-7.399901033648548,-2.63665974609512,7.049901033648548,False,MINA/USDT,2026-07-04 04:00:00,2026,3,3,3,-0.2125052064030646,30.4
1783152000000,SHORT,4.075138632162659,-1.3950255831342804,6.518229205175601,True,1000PEPE/USDT,2026-07-04 08:00:00,2026,2,4,4,-0.059286338545136145,11.799999999999999
1783180800000,SHORT,4.7538921718829705,-1.3877866891968962,5.10389217188297,True,1000PEPE/USDT,2026-07-04 16:00:00,2026,1,2,4,-0.05643342476617543,11.799999999999999
1783195200000,SHORT,-4.665435666880727,-2.5532549314606228,4.315435666880727,False,MINA/USDT,2026-07-04 20:00:00,2026,2,2,4,-0.2095042691859634,30.4
1783209600000,SHORT,5.004256360078252,-0.2579435499325808,5.354256360078251,True,AR/USDT,2026-07-05 00:00:00,2026,2,3,5,-0.09177727094532208,67.4
1783209600000,SHORT,0.4020460075204601,-0.5270029273437659,6.001636806016356,False,ONT/USDT,2026-07-05 00:00:00,2026,3,4,6,-0.17411079396265336,21.8
1783209600000,SHORT,-6.506393200295613,-1.0964718822662871,6.156393200295613,True,IMX/USDT,2026-07-05 00:00:00,2026,4,5,7,-0.1151881261700807,55.800000000000004
1783209600000,SHORT,4.014190911488082,-1.7765960875856293,4.364190911488081,True,XRP/USDT,2026-07-05 00:00:00,2026,5,6,8,-0.061162002200300346,55.800000000000004
1783224000000,SHORT,4.959433962264141,-0.9502717984221162,5.309433962264141,False,ZRX/USDT,2026-07-05 04:00:00,2026,5,7,7,-0.17803958221100452,48.0
1783238400000,SHORT,4.408971612212093,,4.758971612212092,True,ADA/USDT,2026-07-05 08:00:00,2026,2,7,8,0.01435790187785932,62.8
1783296000000,SHORT,5.192954545454548,-0.6891050590616219,5.542954545454547,False,BAT/USDT,2026-07-06 00:00:00,2026,1,1,7,-0.2074761670321051,10.4
1783310400000,SHORT,8.362369128668691,-2.024446738941021,8.71236912866869,True,TRB/USDT,2026-07-06 04:00:00,2026,2,2,4,0.11705983564500631,10.8
1783339200000,SHORT,6.625909913533049,-1.6167152255299613,6.975909913533049,False,MINA/USDT,2026-07-06 12:00:00,2026,1,3,3,-0.39924480525902084,30.4
1783368000000,SHORT,8.071433953515317,-1.988769036049337,8.421433953515317,True,TRB/USDT,2026-07-06 20:00:00,2026,1,2,3,0.08954877701758392,10.8
1783382400000,SHORT,10.57416633974107,,10.92416633974107,False,YFI/USDT,2026-07-07 00:00:00,2026,2,3,4,0.1937577255117496,9.4
1783382400000,SHORT,6.114908456843935,0.6402897667292735,6.464908456843935,True,AAVE/USDT,2026-07-07 00:00:00,2026,3,4,5,-0.10841373798107437,63.4
1783396800000,SHORT,7.219299674267086,-1.591012230011344,7.569299674267086,False,MINA/USDT,2026-07-07 04:00:00,2026,3,4,4,-0.4140218180060817,30.4
1783411200000,SHORT,3.7022456854968167,0.6408865866939771,4.052245685496817,True,AAVE/USDT,2026-07-07 08:00:00,2026,2,4,4,-0.10302879636841203,63.4
1783526400000,SHORT,0.4523106546854949,-0.0026421924278238,10.407252888318352,True,LDO/USDT,2026-07-08 16:00:00,2026,1,1,1,-0.042231777826154886,45.0
1783555200000,SHORT,5.277571384709852,-0.0025804917974163,5.627571384709851,True,LDO/USDT,2026-07-09 00:00:00,2026,1,1,1,-0.1435209216405761,45.0
1783584000000,SHORT,0.3857645553422806,-0.0025812259968652,5.979174664107472,True,LDO/USDT,2026-07-09 08:00:00,2026,1,1,1,-0.12966260441743388,45.0
1783728000000,SHORT,-7.1517286084701714,-1.4925245490293522,6.801728608470172,True,UNI/USDT,2026-07-11 00:00:00,2026,1,1,1,-0.05513120684118206,13.0
1783900800000,SHORT,-6.309935805031793,-0.6154453997526629,5.959935805031793,True,ZEC/USDT,2026-07-13 00:00:00,2026,1,1,1,-0.11815668398835105,71.8
1784016000000,LONG,-6.089594699922062,-0.2635598913003007,5.739594699922062,True,1000BONK/USDT,2026-07-14 08:00:00,2026,1,1,1,-0.08725651747858623,56.8
1784073600000,SHORT,1.152145922746779,-0.979999706956598,11.98424279583076,False,EGLD/USDT,2026-07-15 00:00:00,2026,1,1,2,0.0683164810942477,48.0
1784448000000,LONG,6.8047991831177645,-0.2584167287925041,7.154799183117764,True,1000BONK/USDT,2026-07-19 08:00:00,2026,1,1,1,-0.07228040145050196,56.8
1784534400000,LONG,-4.754996712689011,-1.4057050297002256,6.264957264957262,True,CHZ/USDT,2026-07-20 08:00:00,2026,1,1,2,-0.012876998413050384,66.8
1784548800000,LONG,4.3865547365547455,0.0002931712631373,4.736554736554745,True,FIL/USDT,2026-07-20 12:00:00,2026,2,2,2,-0.11879400294850735,49.0
1784592000000,LONG,8.953181118522334,-0.0216377482413374,9.303181118522334,False,YGG/USDT,2026-07-21 00:00:00,2026,1,2,3,-0.010979796230579018,20.0
1784692800000,SHORT,-4.404775016406514,1.1453821110542546,4.054775016406515,True,XMR/USDT,2026-07-22 04:00:00,2026,1,1,1,-0.21267714144499705,2.1999999999999997
1784721600000,SHORT,-4.46121674089299,1.1455748627502378,4.11121674089299,True,XMR/USDT,2026-07-22 12:00:00,2026,1,1,1,-0.20110261553434042,2.1999999999999997
1784908800000,SHORT,-3.123743828056925,1.190955695209431,8.165524252105708,False,GMX/USDT,2026-07-24 16:00:00,2026,1,1,1,-0.1450450563852178,50.6
1784937600000,SHORT,1.387116386797917,1.1720079198182478,7.719412275622439,False,GMX/USDT,2026-07-25 00:00:00,2026,1,1,1,-0.13224591883644374,50.6
1785038400000,SHORT,4.593079688436186,-1.2626730607926755,10.27591372079089,False,EDU/USDT,2026-07-26 04:00:00,2026,1,1,1,-0.04422198732183224,23.799999999999997
1785168000000,SHORT,9.99035087719296,-0.3087752881310049,10.34035087719296,False,HFT/USDT,2026-07-27 16:00:00,2026,1,1,1,-0.23466038142014953,26.200000000000003
1785182400000,SHORT,5.326362038664326,-0.5083187717465006,5.676362038664325,False,SSV/USDT,2026-07-27 20:00:00,2026,2,2,2,-0.01521201975584782,33.800000000000004
1785196800000,SHORT,-9.017256367241096,1.1139105378508982,8.667256367241096,True,PEOPLE/USDT,2026-07-28 00:00:00,2026,2,3,3,-0.060015604416960425,37.0
1785240000000,LONG,-5.169326186830016,-1.5821453950484907,4.819326186830017,False,IOTA/USDT,2026-07-28 12:00:00,2026,1,2,4,-0.05448606017746587,16.0
1785240000000,LONG,-5.118552534900823,-1.5657022766139246,4.768552534900823,True,CHZ/USDT,2026-07-28 12:00:00,2026,2,3,5,0.012361926586720506,66.8
1785369600000,LONG,-1.610504201680679,,4.489075630252104,False,ARK/USDT,2026-07-30 00:00:00,2026,1,1,1,-0.12940359096417708,22.400000000000002
1785369600000,LONG,6.770368946963861,-3.773454667453637,7.120368946963872,False,RLC/USDT,2026-07-30 00:00:00,2026,2,2,2,-0.07848061650344104,25.8
1785384000000,LONG,-4.5102136181575405,2.4389722384622785,4.160213618157541,False,BAT/USDT,2026-07-30 04:00:00,2026,3,3,3,-0.1156515820039036,10.4
1785384000000,LONG,0.1836179295624218,-4.497659005741643,4.981750266808968,False,GAS/USDT,2026-07-30 04:00:00,2026,4,4,4,0.05557609546187336,1.6
1785384000000,LONG,-2.416609735268994,-2.46508271227634,5.885243381725022,False,BIGTIME/USDT,2026-07-30 04:00:00,2026,5,5,5,-0.15205227297985469,9.8
1785384000000,LONG,-0.2352882133639198,-2.227897551723838,4.445827358761123,True,MASK/USDT,2026-07-30 04:00:00,2026,6,6,6,-0.1674375381520709,39.4
1785456000000,LONG,-4.4613752913752895,2.4953469017503127,4.11137529137529,False,KAVA/USDT,2026-07-31 00:00:00,2026,1,1,7,-0.3833424570225396,6.2
1785484800000,SHORT,1.1535610656818736,0.5186078529812496,4.930044843049322,False,TWT/USDT,2026-07-31 08:00:00,2026,1,2,2,0.07831940907547881,17.0
1785499200000,SHORT,-2.7051577955722945,1.733789797387704,8.071714554875149,True,UNI/USDT,2026-07-31 12:00:00,2026,2,3,3,0.06468889739614148,13.0
