ts,side,net,rr,stop_pct,liquid,symbol,ac,fund_pct,t,year,regime,mkt7
1706942700000,SHORT,0.0106636210627616,0.524326218788084,4.351550853570553,False,CKB/USDT,0.1482912427787028,9.4,2024-02-03 06:45:00,2024,НЕЙТРАЛЬ,-0.06772230483345631
1707145200000,SHORT,-4.501332234217919,0.6783693786703934,4.15133223421792,True,ENS/USDT,-0.0875314906578796,18.2,2024-02-05 15:00:00,2024,НЕЙТРАЛЬ,-1.5444716689941795
1707247800000,SHORT,-3.484603564843266,0.1758323014562217,4.152950215119824,False,CHR/USDT,-0.0123335610746114,13.8,2024-02-06 19:30:00,2024,НЕЙТРАЛЬ,-4.057962504178386
1707475500000,SHORT,-6.545368462368734,0.9445120982234492,6.195368462368735,False,COTI/USDT,0.2075147392574212,11.8,2024-02-09 10:45:00,2024,НЕЙТРАЛЬ,5.207599530366103
1707495300000,SHORT,-4.553917031650257,0.9314561454873216,4.203917031650257,True,1000BONK/USDT,0.003955424972718,5.684210526315789,2024-02-09 16:15:00,2024,НЕЙТРАЛЬ,4.035778407156609
1707647400000,SHORT,-5.026297169811307,0.5276550540314412,4.676297169811307,False,BIGTIME/USDT,0.0569036044518263,77.60000000000001,2024-02-11 10:30:00,2024,НЕЙТРАЛЬ,9.174531148070407
1707677100000,SHORT,5.71135770234985,0.8493184946441101,6.0613577023498495,False,COTI/USDT,0.1415221125932728,5.6000000000000005,2024-02-11 18:45:00,2024,НЕЙТРАЛЬ,7.849019875602803
1707760800000,SHORT,-4.677966714905915,0.5244115070223554,4.327966714905916,False,CKB/USDT,0.0634091254546866,8.6,2024-02-12 18:00:00,2024,НЕЙТРАЛЬ,10.8313017039122
1707799500000,SHORT,-4.443634686346849,0.5853661380924639,4.093634686346849,False,CKB/USDT,0.0385276694695302,8.6,2024-02-13 04:45:00,2024,НЕЙТРАЛЬ,10.629921259842522
1707826500000,SHORT,-1.8165150587480623,-0.0370894553704085,4.300419837313019,False,DUSK/USDT,0.0535956846026168,91.2,2024-02-13 12:15:00,2024,НЕЙТРАЛЬ,11.92632540837657
1707841800000,SHORT,-4.454045512010105,-1.164053236850694,4.104045512010106,False,CTSI/USDT,0.1869039025761095,,2024-02-13 16:30:00,2024,НЕЙТРАЛЬ,8.955254163495441
1707916500000,SHORT,-4.433108924564111,0.5225897064116397,4.083108924564112,False,ACE/USDT,0.0418753344672119,77.36389684813754,2024-02-14 13:15:00,2024,НЕЙТРАЛЬ,13.676700509525752
1707921000000,SHORT,-4.625484439224892,1.3218002670529816,4.2754844392248925,False,CKB/USDT,0.1250224705889058,0.4,2024-02-14 14:30:00,2024,НЕЙТРАЛЬ,12.711895111998327
1707933600000,SHORT,1.1642482413258692,-0.1468441997552385,4.174710862048404,False,CYBER/USDT,0.0731536226648926,73.2,2024-02-14 18:00:00,2024,НЕЙТРАЛЬ,9.778409065303883
1707957000000,SHORT,0.9786093888396824,-0.1758258653790907,4.053476527900791,False,1INCH/USDT,-0.1393788018590354,17.599999999999998,2024-02-15 00:30:00,2024,НЕЙТРАЛЬ,11.12944510645062
1707959700000,SHORT,-0.5423487924770245,0.2307024035820806,4.758730497969631,False,COTI/USDT,-0.046689877184967,12.0,2024-02-15 01:15:00,2024,НЕЙТРАЛЬ,10.170624020520712
1707960600000,SHORT,-8.041111287003323,1.489280177243914,7.691111287003323,False,CKB/USDT,0.1716126757212601,0.8,2024-02-15 01:30:00,2024,НЕЙТРАЛЬ,9.914563992911473
1707962400000,SHORT,3.930864745011064,0.8893580649061106,4.280864745011064,False,BIGTIME/USDT,0.0530588314890905,85.2,2024-02-15 02:00:00,2024,НЕЙТРАЛЬ,10.521153292506613
1707972300000,SHORT,-5.030436733472927,1.012542811067231,4.680436733472927,False,AUCTION/USDT,0.1118910904271922,90.54054054054052,2024-02-15 04:45:00,2024,НЕЙТРАЛЬ,12.12549553691452
1708001100000,SHORT,1.2231356829526558,-0.4842502085536172,7.172772651641197,False,GAS/USDT,0.1583380166851939,84.6,2024-02-15 12:45:00,2024,НЕЙТРАЛЬ,13.690870565964685
1708013700000,SHORT,4.532927938167753,0.6316467423610557,4.882927938167753,False,CHR/USDT,0.1721665537608855,96.4,2024-02-15 16:15:00,2024,НЕЙТРАЛЬ,12.105387625351206
1708014600000,SHORT,4.304273181061846,-0.2031706783527351,4.654273181061845,False,ARPA/USDT,-0.1680245874464916,90.0,2024-02-15 16:30:00,2024,НЕЙТРАЛЬ,12.346550374108233
1708033500000,SHORT,-4.778528153955801,0.0120661061095533,4.428528153955801,True,AR/USDT,-0.0465932422679954,18.6,2024-02-15 21:45:00,2024,НЕЙТРАЛЬ,11.294292528492589
1708074900000,SHORT,0.3269230769230707,-0.2855407535430952,4.7286307692307545,False,ARPA/USDT,-0.1209556754938767,83.6,2024-02-16 09:15:00,2024,НЕЙТРАЛЬ,10.655623958751203
1708083900000,SHORT,-1.8072175862498496,0.3476184269766367,7.008319840577911,True,ARKM/USDT,-0.0143023611512814,95.0,2024-02-16 11:45:00,2024,НЕЙТРАЛЬ,10.85848598321375
1708089300000,SHORT,3.743217030620956,0.2943443074452598,4.093217030620956,False,EDU/USDT,-0.0332760984867256,93.2,2024-02-16 13:15:00,2024,НЕЙТРАЛЬ,11.125303608818093
1708090200000,SHORT,3.626435935198825,0.3661746270190066,7.316568483063309,False,ALICE/USDT,-0.0055761903614793,90.0,2024-02-16 13:30:00,2024,НЕЙТРАЛЬ,10.46351106554817
1708091100000,SHORT,4.247074190177637,0.449690738550779,4.597074190177636,False,CHR/USDT,0.1507376635790237,99.2,2024-02-16 13:45:00,2024,НЕЙТРАЛЬ,10.42397095912685
1708095600000,SHORT,1.838743604320632,-0.3616266793996543,4.362748720864113,False,AGLD/USDT,-0.1592258470631811,13.8,2024-02-16 15:00:00,2024,НЕЙТРАЛЬ,8.074216778741727
1708230600000,SHORT,7.288128376522271,0.1747002013661879,7.63812837652227,True,ARKM/USDT,0.1681411273546431,74.0,2024-02-18 04:30:00,2024,НЕЙТРАЛЬ,7.903830400564093
1708239600000,SHORT,-1.5459876543209845,0.7383872161637354,4.32438271604939,False,BAT/USDT,-0.1457125990366571,11.2,2024-02-18 07:00:00,2024,НЕЙТРАЛЬ,6.713350830406306
1708313400000,SHORT,-7.114451158106742,0.702168727685815,6.764451158106742,True,ARKM/USDT,0.0900857686801621,93.8,2024-02-19 03:30:00,2024,НЕЙТРАЛЬ,11.67825798973341
1708336800000,SHORT,6.3160084626233965,1.0449835006074346,6.666008462623396,False,CKB/USDT,0.173758006041935,9.6,2024-02-19 10:00:00,2024,НЕЙТРАЛЬ,11.628754241475947
1708337700000,SHORT,-4.88118948824343,0.4964236046708979,4.53118948824343,True,AR/USDT,-0.0687436059676197,87.8,2024-02-19 10:15:00,2024,НЕЙТРАЛЬ,11.018215188412661
1708337700000,SHORT,0.926503678061449,1.134560608553772,4.2495023799220935,True,FET/USDT,0.004482297972977,92.6,2024-02-19 10:15:00,2024,НЕЙТРАЛЬ,11.018215188412661
1708350300000,SHORT,5.180621271343328,-0.254696977677079,5.530621271343327,False,CYBER/USDT,-0.0921953419465251,81.39999999999999,2024-02-19 13:45:00,2024,НЕЙТРАЛЬ,12.439515155463488
1708362000000,SHORT,-4.728309199941491,-0.0635043856931818,4.378309199941492,True,FIL/USDT,0.0345583013768386,80.2,2024-02-19 17:00:00,2024,НЕЙТРАЛЬ,8.61857408430453
1708383600000,SHORT,1.621230687266911,0.4721457304613381,4.414597762386776,True,FIL/USDT,0.0324958451948171,80.2,2024-02-19 23:00:00,2024,БЫК,10.472937509706915
1708389000000,SHORT,-0.0009240246406612,1.3966034218306027,5.438572895277192,True,FET/USDT,0.001475792087711,92.2,2024-02-20 00:30:00,2024,БЫК,8.026694372964593
1708401600000,SHORT,3.171801069618633,0.0372052026091816,7.039136831780282,False,API3/USDT,0.0135517739457727,98.0,2024-02-20 04:00:00,2024,БЫК,8.41169933789957
1708415100000,SHORT,3.6730104003962105,0.3538439219664918,6.027825821936047,False,ACH/USDT,0.0838854602581667,98.2,2024-02-20 07:45:00,2024,БЫК,8.549563026002815
1708423200000,LONG,0.7622123114194569,-0.1543101834822509,5.383261755313291,False,CYBER/USDT,-0.0791848671527618,81.6,2024-02-20 10:00:00,2024,БЫК,8.161758559333165
1708443900000,LONG,1.0393083660525582,-0.1700465469174316,5.705058894593776,False,ARPA/USDT,-0.0752275933329436,95.0,2024-02-20 15:45:00,2024,БЫК,6.55977350429634
1708443900000,LONG,1.7375192443180354,-0.1236795384949969,6.343449103671427,False,API3/USDT,0.0153096511544824,83.8,2024-02-20 15:45:00,2024,БЫК,6.55977350429634
1708443900000,LONG,2.980297905554827,0.2701119161878295,4.022375439052954,False,EDU/USDT,0.0212168725634396,97.4,2024-02-20 15:45:00,2024,БЫК,6.55977350429634
1708444800000,LONG,-0.3187402313222833,0.4901181487286847,5.72288215067208,False,AUCTION/USDT,-0.0646549312118858,91.54228855721394,2024-02-20 16:00:00,2024,БЫК,7.190152831224761
1708444800000,LONG,1.7295246800731254,-0.0361641403329306,4.514922303473499,False,1INCH/USDT,-0.0045284251523444,95.2,2024-02-20 16:00:00,2024,БЫК,7.190152831224761
1708444800000,LONG,3.466986855409505,0.6348527974186552,8.364711830131453,False,BIGTIME/USDT,0.0022219987595428,91.4,2024-02-20 16:00:00,2024,БЫК,7.190152831224761
1708444800000,LONG,3.5110038610038643,0.2318389348494041,4.688339768339763,False,ALICE/USDT,0.0460409710113424,83.39999999999999,2024-02-20 16:00:00,2024,БЫК,7.190152831224761
1708469100000,SHORT,1.1566272527891712,1.2672156427975485,5.034290073424232,True,FET/USDT,0.0177756825288563,97.8,2024-02-20 22:45:00,2024,БЫК,8.487136986435717
1708556400000,SHORT,5.5353618719390285,0.737799141823051,5.885361871939028,True,FET/USDT,0.0591056039349913,80.2,2024-02-21 23:00:00,2024,БЫК,-0.4862826770435369
1708566300000,SHORT,-3.239983579638758,0.0827004666404384,4.724838533114388,True,CAKE/USDT,-0.0220400029922768,84.8,2024-02-22 01:45:00,2024,БЫК,-2.6585385101446644
1708588800000,SHORT,-5.885601173020516,-1.2997913100821854,5.535601173020516,False,CTSI/USDT,-0.0019203155545524,,2024-02-22 08:00:00,2024,БЫК,1.2229279285987382
1708636500000,SHORT,3.9067588241722127,0.3860366791357431,4.256758824172213,False,EDU/USDT,0.010856192972128,89.2,2024-02-22 21:15:00,2024,БЫК,0.026012733224439755
1708656300000,SHORT,4.129166666666656,0.332343210763196,4.479166666666655,False,CELO/USDT,0.0029169655192817,7.8,2024-02-23 02:45:00,2024,НЕЙТРАЛЬ,-2.993934305174184
1708686900000,SHORT,3.9303931674274586,0.1746493625052032,4.280393167427459,True,1000PEPE/USDT,0.1175934505188988,87.2,2024-02-23 11:15:00,2024,НЕЙТРАЛЬ,-2.80249697512851
1708699500000,SHORT,5.413148936170215,0.5656001874086916,5.763148936170214,True,FET/USDT,0.0175139441984511,94.0,2024-02-23 14:45:00,2024,НЕЙТРАЛЬ,-0.4708472683847831
1708703100000,SHORT,-2.8022808152701275,-0.558055180979944,7.386871562601084,True,CAKE/USDT,-0.0863169554398557,81.2,2024-02-23 15:45:00,2024,НЕЙТРАЛЬ,-1.6382035671044404
1708704000000,SHORT,-3.8431724356938672,-0.0506902801892752,7.179898380438232,True,DYDX/USDT,-0.0087105835355808,78.8,2024-02-23 16:00:00,2024,НЕЙТРАЛЬ,-2.3123936240676435
1708705800000,SHORT,0.9169821401312752,0.1867534683001364,7.159166539459607,False,COMP/USDT,0.096814341507787,17.599999999999998,2024-02-23 16:30:00,2024,НЕЙТРАЛЬ,-0.31436313765272894
1708738200000,SHORT,-7.0264340490797625,0.4848530392290904,6.676434049079763,False,COTI/USDT,0.0185947358556461,0.0,2024-02-24 01:30:00,2024,НЕЙТРАЛЬ,-0.5055315874676836
1708785900000,SHORT,-1.3495654063450695,0.0848608099749123,6.431623931623928,True,ARKM/USDT,-0.0602687026993737,86.0,2024-02-24 14:45:00,2024,НЕЙТРАЛЬ,6.437009267161131
1708791300000,SHORT,-5.785960273442522,0.2572437949938132,5.4359602734425225,False,BLUR/USDT,0.1107144772613169,22.6,2024-02-24 16:15:00,2024,НЕЙТРАЛЬ,5.4708787841279864
1708791300000,SHORT,-0.433864475008383,0.8253245377367409,8.03867829587385,False,CKB/USDT,0.1239923205668269,76.6,2024-02-24 16:15:00,2024,НЕЙТРАЛЬ,5.4708787841279864
1708828200000,SHORT,-0.8055808656036451,0.183922710509585,4.069817767653747,False,CELO/USDT,-0.0344818448168089,6.800000000000001,2024-02-25 02:30:00,2024,НЕЙТРАЛЬ,3.6704776815628004
1708830900000,SHORT,6.22346730999069,1.6346158751454012,6.57346730999069,False,COTI/USDT,0.1640756517988244,0.0,2024-02-25 03:15:00,2024,НЕЙТРАЛЬ,2.737697045012577
1708854300000,SHORT,-5.291055113468897,0.8432766418707314,4.941055113468897,False,CKB/USDT,0.1280463762987434,9.4,2024-02-25 09:45:00,2024,НЕЙТРАЛЬ,-0.10949329482224934
1708920000000,SHORT,-4.450592066311411,0.0137007632093443,4.100592066311411,False,ALICE/USDT,0.0113693831072928,77.0,2024-02-26 04:00:00,2024,НЕЙТРАЛЬ,1.6409083956439696
1708956000000,SHORT,-6.505578869414935,2.5165622979522864,6.155578869414935,False,COTI/USDT,0.0912733826708491,12.4,2024-02-26 14:00:00,2024,НЕЙТРАЛЬ,1.552209029659024
1708977600000,SHORT,-7.292667397794418,0.1465836140151393,6.942667397794419,True,1000PEPE/USDT,0.0399616501806994,98.0,2024-02-26 20:00:00,2024,НЕЙТРАЛЬ,3.9055656150322138
1708999200000,SHORT,3.782625931445607,0.6113530910156648,4.132625931445607,True,AR/USDT,-0.0627433772642468,86.2,2024-02-27 02:00:00,2024,НЕЙТРАЛЬ,5.530965286213951
1709005500000,SHORT,-0.904109086053817,0.0186854761123627,5.62000467320916,True,BCH/USDT,0.2245982569383421,99.8,2024-02-27 03:45:00,2024,НЕЙТРАЛЬ,6.66387973777911
1709005500000,SHORT,0.5473080757726898,0.4935798716625162,4.871428571428563,True,1000BONK/USDT,0.0355974853668905,91.6,2024-02-27 03:45:00,2024,НЕЙТРАЛЬ,6.66387973777911
1709006400000,SHORT,0.6836538461538454,0.0096228637569863,4.567572115384593,False,BSV/USDT,-0.2063389444373717,90.0,2024-02-27 04:00:00,2024,НЕЙТРАЛЬ,6.960290496040489
1709010000000,SHORT,-7.506035782002027,0.2136012096405297,7.156035782002028,True,1000PEPE/USDT,0.1118206384048647,99.8,2024-02-27 05:00:00,2024,НЕЙТРАЛЬ,5.17772262767644
1709014500000,SHORT,5.00693422128754,0.883891783096466,5.837066246056768,False,CKB/USDT,0.1167079489984505,96.6,2024-02-27 06:15:00,2024,НЕЙТРАЛЬ,5.004567264270953
1709048700000,SHORT,-7.357465007776031,0.4336912608921413,7.007465007776031,True,1000BONK/USDT,-0.0803599773111236,94.4,2024-02-27 15:45:00,2024,НЕЙТРАЛЬ,8.465804503062369
1709059500000,SHORT,-4.827131027764244,0.2535224530836615,4.477131027764244,False,ENJ/USDT,-0.0652977364792413,43.8,2024-02-27 18:45:00,2024,НЕЙТРАЛЬ,10.10567990786061
1709063100000,SHORT,-3.012622177283457,0.6115409330425227,11.782496348724845,True,1000PEPE/USDT,0.150493000293295,99.4,2024-02-27 19:45:00,2024,НЕЙТРАЛЬ,8.914252053978434
1709065800000,SHORT,-5.134215328467152,0.3932429303872944,4.784215328467152,True,1000SHIB/USDT,-0.2390892964239099,,2024-02-27 20:30:00,2024,НЕЙТРАЛЬ,8.511261728323916
1709085600000,SHORT,3.027777777777776,0.8368568685347555,7.254133333333319,False,BIGTIME/USDT,2.982606127319712e-05,83.8,2024-02-28 02:00:00,2024,НЕЙТРАЛЬ,9.529218249313276
1709100000000,SHORT,3.6720280474649214,-0.4425090778717655,4.0220280474649215,False,ACH/USDT,-0.1189938363682599,90.0,2024-02-28 06:00:00,2024,НЕЙТРАЛЬ,10.344639670788435
1709103600000,SHORT,2.0379080401371823,-0.4274629547560433,4.242950590626188,False,AGLD/USDT,-0.021877591279299,88.2,2024-02-28 07:00:00,2024,НЕЙТРАЛЬ,12.150995368457496
1709118000000,SHORT,-7.398326502732224,0.5394019418066399,7.048326502732224,True,APT/USDT,0.0250881223464038,95.6,2024-02-28 11:00:00,2024,НЕЙТРАЛЬ,16.672449962628534
1709119800000,SHORT,7.90090492277991,0.4447442473155056,8.25090492277991,True,1000BONK/USDT,-0.0378429815089048,90.2,2024-02-28 11:30:00,2024,НЕЙТРАЛЬ,16.27449135208576
1709133300000,SHORT,3.849568865963503,-0.497025145433029,4.199568865963503,True,FET/USDT,-0.0504033161651506,98.6,2024-02-28 15:15:00,2024,БЫК,17.712339008802335
1709138700000,SHORT,5.848077862844098,0.038420668325179,6.198077862844098,True,ARKM/USDT,0.0103410741678902,98.4,2024-02-28 16:45:00,2024,БЫК,18.62617455279065
1709140500000,SHORT,3.680873955544076,0.6554013716049635,4.030873955544076,True,BTC/USDT,0.2312290002494491,99.0,2024-02-28 17:15:00,2024,БЫК,16.885721592915004
1709140500000,SHORT,8.335766108136104,0.0062339861674611,8.685766108136104,True,1000SHIB/USDT,-0.1012236175618088,,2024-02-28 17:15:00,2024,БЫК,16.885721592915004
1709140500000,SHORT,10.995422724824966,0.7683672628401844,11.345422724824964,True,DOGE/USDT,0.2299460404253026,99.4,2024-02-28 17:15:00,2024,БЫК,16.885721592915004
1709144100000,SHORT,1.4394492214733998,-0.6479153896999994,7.922147339065763,False,CTSI/USDT,-0.1837534944186013,,2024-02-28 18:15:00,2024,БЫК,13.097642379034546
1709166600000,SHORT,-4.057000925859983,0.6139481286702922,8.139844028203113,True,AR/USDT,-0.0235100972799236,98.4,2024-02-29 00:30:00,2024,БЫК,14.220027761545174
1709190000000,SHORT,5.0464866020524415,0.5572457133526764,5.396486602052441,True,1000SHIB/USDT,0.0311642049926929,,2024-02-29 07:00:00,2024,БЫК,15.9996862754066
1709199000000,SHORT,5.347294845628003,0.6123463841210193,5.697294845628003,True,AR/USDT,-0.0232265891824525,99.8,2024-02-29 09:30:00,2024,БЫК,15.12023879775809
1709200800000,SHORT,-7.447683508444798,-0.3182747067819723,7.097683508444798,False,ACH/USDT,-0.115625090958178,69.0,2024-02-29 10:00:00,2024,БЫК,14.642079461242153
1709208900000,SHORT,4.738093498904307,1.4010267237792773,5.088093498904307,False,COTI/USDT,0.1006554397410888,97.2,2024-02-29 12:15:00,2024,БЫК,16.054048407991594
1709247600000,LONG,2.6073934837092674,0.5271897295030472,5.8222305764411,False,BIGTIME/USDT,0.0571195446016245,99.6,2024-02-29 23:00:00,2024,БЫК,11.10245247532914
1709248500000,LONG,3.771833333333331,-0.6061606193799788,4.121833333333331,False,ALICE/USDT,-0.0069858128779188,99.4,2024-02-29 23:15:00,2024,БЫК,11.526229980848735
1709276400000,SHORT,5.046748929969938,-0.4940719022028338,5.396748929969938,False,CYBER/USDT,0.1444538702816087,87.0,2024-03-01 07:00:00,2024,БЫК,14.903435978048297
1709279100000,SHORT,-0.1202407002188193,0.5303035930887486,4.096914660831494,False,EDU/USDT,0.017434585368559,99.8,2024-03-01 07:45:00,2024,БЫК,15.3622104789645
1709280000000,SHORT,-2.4384652457963023,-0.8701584128367641,5.133993788154646,False,ARK/USDT,0.1414109818477421,89.20570264765783,2024-03-01 08:00:00,2024,БЫК,14.893400065765316
1709287200000,SHORT,-6.048970073843756,0.6860332249286549,5.698970073843756,True,1000PEPE/USDT,0.1134745430180922,98.4,2024-03-01 10:00:00,2024,БЫК,16.99504259431598
1709301600000,SHORT,1.081451612903225,0.1605652834228031,6.811411290322569,False,BICO/USDT,-0.1033192256491331,,2024-03-01 14:00:00,2024,БЫК,17.959088896140628
1709305200000,SHORT,-5.3416471173668825,0.4936448456219753,4.991647117366883,True,1000SHIB/USDT,0.0796244584537056,,2024-03-01 15:00:00,2024,БЫК,15.977983599309253
1709305200000,SHORT,-4.458455647734518,0.3651189510878423,4.108455647734519,True,DOGE/USDT,0.1605826407148199,98.8,2024-03-01 15:00:00,2024,БЫК,15.977983599309253
1709307000000,SHORT,4.377918150471979,-0.286554749347317,4.727918150471979,True,FET/USDT,0.0140811190514309,99.2,2024-03-01 15:30:00,2024,БЫК,16.20434229060319
1709316000000,SHORT,-8.519999999999975,0.8458645856907093,8.169999999999975,True,1000PEPE/USDT,0.1292063533481122,98.0,2024-03-01 18:00:00,2024,БЫК,16.237155028765983
1709333100000,SHORT,-4.879949964260181,1.449998848759781,4.529949964260181,True,DOGE/USDT,0.1154280280292465,97.6,2024-03-01 22:45:00,2024,БЫК,18.319741791564358
1709339400000,SHORT,7.073295559410876,0.9461245398955846,7.423295559410875,True,ARKM/USDT,0.0575886444376075,98.0,2024-03-02 00:30:00,2024,БЫК,20.312476391763745
1709341200000,SHORT,-11.6575348075348,1.7628599109769896,11.3075348075348,True,1000SHIB/USDT,0.0756800655259822,,2024-03-02 01:00:00,2024,БЫК,22.083490393121718
1709341200000,SHORT,0.5888249545729836,0.8478253473351197,4.157692307692286,False,BAT/USDT,0.0721085904518222,99.8,2024-03-02 01:00:00,2024,БЫК,22.083490393121718
1709352000000,SHORT,-2.880468911381949,0.6966134575254743,5.303604627143156,False,BSV/USDT,-0.0818620020230344,75.0,2024-03-02 04:00:00,2024,БЫК,22.22249306147387
1709354700000,SHORT,0.4719342452603819,-0.247941722447118,4.704823614110862,True,ETC/USDT,-0.0323040805442182,99.6,2024-03-02 04:45:00,2024,БЫК,21.68880713701761
1709355600000,SHORT,0.6151699538397081,0.6575829057226438,6.255707091900958,False,BIGTIME/USDT,-0.0154292653864719,99.4,2024-03-02 05:00:00,2024,БЫК,21.194450201658675
1709356500000,SHORT,-4.370881941203928,0.6555615722264552,4.020881941203928,True,FIL/USDT,0.0202181205842872,97.2,2024-03-02 05:15:00,2024,БЫК,21.079399449755986
1709367300000,SHORT,-4.779065822212159,0.0410402202816468,4.429065822212159,True,GALA/USDT,0.1242802921012433,99.8,2024-03-02 08:15:00,2024,БЫК,19.44794880630589
1709367300000,SHORT,2.233834909716262,0.5562648470970982,8.161001719690459,True,APE/USDT,0.0516703351922926,99.4,2024-03-02 08:15:00,2024,БЫК,19.44794880630589
1709367300000,SHORT,6.484703835901126,2.663735752385566,6.834703835901125,True,1000SHIB/USDT,0.0799726856784657,,2024-03-02 08:15:00,2024,БЫК,19.44794880630589
1709367300000,SHORT,7.330712625871405,1.0593233903143475,7.680712625871405,True,1000PEPE/USDT,0.1069135796630555,99.6,2024-03-02 08:15:00,2024,БЫК,19.44794880630589
1709369100000,SHORT,0.8451715071112716,0.0173839878829918,4.729407194932466,False,ASTR/USDT,0.0565396962660027,99.4,2024-03-02 08:45:00,2024,БЫК,19.253499279165688
1709370000000,SHORT,10.94707571406981,0.3919202918179797,11.297075714069807,True,1000BONK/USDT,0.0240714663590511,92.2,2024-03-02 09:00:00,2024,БЫК,19.048195299925407
1709381700000,SHORT,1.0721628328720003,0.8557484113877496,5.2015557888708575,False,BSV/USDT,-0.0424345511364701,99.8,2024-03-02 12:15:00,2024,БЫК,21.589208453875898
1709385300000,SHORT,0.2391594658287501,-0.1294708960537492,4.410225189840256,False,GAS/USDT,0.141528658044436,99.8,2024-03-02 13:15:00,2024,БЫК,20.795060290554456
1709389800000,SHORT,1.396008741485438,0.4889622681046288,4.302084684093679,False,ACE/USDT,-0.0665031328447035,90.2439024390244,2024-03-02 14:30:00,2024,БЫК,19.98968912767174
1709402400000,SHORT,-4.447500139813196,-0.4207517654908391,4.097500139813196,True,FET/USDT,0.0350373248954511,99.0,2024-03-02 18:00:00,2024,БЫК,19.69235104770296
1709402400000,SHORT,2.79971801511014,0.3209012755294159,6.728620579576472,True,AR/USDT,-0.0241280469849611,99.0,2024-03-02 18:00:00,2024,БЫК,19.69235104770296
1709424000000,SHORT,-8.199462365591389,0.6484242265991457,7.849462365591389,False,BSV/USDT,0.0227000358448549,96.6,2024-03-03 00:00:00,2024,БЫК,21.934048858393872
1709424000000,SHORT,2.686488900229645,1.5503046898669903,4.906787445776983,False,DASH/USDT,0.0483224093490647,98.8,2024-03-03 00:00:00,2024,БЫК,21.934048858393872
1709426700000,SHORT,1.228049473983508,0.57343841861522,4.734646005117992,False,EGLD/USDT,-0.0362726045216066,98.8,2024-03-03 00:45:00,2024,БЫК,20.821082131688563
1709446500000,SHORT,5.748260407171073,0.6075757998944237,6.098260407171073,True,ARKM/USDT,0.0600645042500492,98.8,2024-03-03 06:15:00,2024,БЫК,20.07646258977155
1709451900000,LONG,1.127610595549149,0.5622034525746564,6.578971078475532,True,AAVE/USDT,-0.0477544841234529,99.2,2024-03-03 07:45:00,2024,БЫК,16.229081786645384
1709451900000,LONG,1.2758631512868823,0.0326242730500128,6.621217827997484,False,AGLD/USDT,0.0325693609023932,99.2,2024-03-03 07:45:00,2024,БЫК,16.229081786645384
1709451900000,LONG,1.3895923245468502,0.3932460461446695,7.164676980280197,True,CHZ/USDT,-0.006751522201593,99.8,2024-03-03 07:45:00,2024,БЫК,16.229081786645384
1709451900000,LONG,1.838061736812748,0.008522667116821,6.770334097811947,False,ASTR/USDT,-0.0335937285413452,98.8,2024-03-03 07:45:00,2024,БЫК,16.229081786645384
1709451900000,LONG,2.552094185181247,-0.9367609175566955,7.994504092696928,False,ARK/USDT,0.006445343594951,99.59758551307849,2024-03-03 07:45:00,2024,БЫК,16.229081786645384
1709451900000,LONG,2.765493548725486,-0.7486954199888346,11.615997062834364,False,CYBER/USDT,0.1053114341598453,99.8,2024-03-03 07:45:00,2024,БЫК,16.229081786645384
1709451900000,LONG,2.908858687918032,-0.0734599263935652,9.465532944357474,False,GAS/USDT,0.0533434650067489,99.8,2024-03-03 07:45:00,2024,БЫК,16.229081786645384
1709451900000,LONG,2.971364452423691,0.5710564402374069,9.339228007181347,False,CELO/USDT,-0.0043131323655279,99.8,2024-03-03 07:45:00,2024,БЫК,16.229081786645384
1709451900000,LONG,3.103947368421056,0.4400705434281079,7.285559210526317,False,BAT/USDT,0.0004173249224265,9.2,2024-03-03 07:45:00,2024,БЫК,16.229081786645384
1709451900000,LONG,3.254674192909486,-0.0307799352389516,11.101326995444644,False,BICO/USDT,-0.0437781382714565,,2024-03-03 07:45:00,2024,БЫК,16.229081786645384
1709451900000,LONG,3.505610192221712,0.2695973083725015,4.9797049620026845,True,DOT/USDT,0.0377477745865064,99.0,2024-03-03 07:45:00,2024,БЫК,16.229081786645384
1709451900000,LONG,3.901550044286984,0.9902052754107048,7.011426040744019,False,FLOW/USDT,0.048877527919738,98.8,2024-03-03 07:45:00,2024,БЫК,16.229081786645384
1709451900000,LONG,10.074826317940344,0.8898747402218133,10.424826317940344,False,ENJ/USDT,0.0226008416366972,99.6,2024-03-03 07:45:00,2024,БЫК,16.229081786645384
1709453700000,LONG,4.7223911070780415,0.1403173243420024,5.072391107078041,True,1000BONK/USDT,0.0285183700039292,92.0,2024-03-03 08:15:00,2024,БЫК,15.872797948100992
1709454600000,LONG,4.790785920925749,2.261527829476775,5.140785920925748,True,1000SHIB/USDT,0.0053188130947354,,2024-03-03 08:30:00,2024,БЫК,18.00968025707066
1709510400000,SHORT,-0.0373371547681042,1.5339803566954406,7.094684731631047,False,1INCH/USDT,0.0363880306051742,98.0,2024-03-04 00:00:00,2024,БЫК,19.884418307059804
1709514900000,LONG,6.022467371037924,0.5335465200009039,6.372467371037923,False,BIGTIME/USDT,-0.0155497499482341,95.0,2024-03-04 01:15:00,2024,БЫК,20.39571456341751
1709518500000,SHORT,-0.6233307301835136,0.9155004628200292,4.059781335415851,True,ALGO/USDT,0.036322685910212,87.0,2024-03-04 02:15:00,2024,БЫК,20.681243477122614
1709521200000,SHORT,-8.702589073634204,0.6194293743737649,8.352589073634205,True,1000BONK/USDT,0.0381592276763699,97.8,2024-03-04 03:00:00,2024,БЫК,20.720744971472282
1709531100000,SHORT,0.4421419518377701,0.50247012535287,5.766286438529768,True,CFX/USDT,0.0010963191169441,96.4,2024-03-04 05:45:00,2024,БЫК,17.70200537778901
1709542800000,SHORT,3.906583629893247,1.4886952937341045,4.256583629893247,True,DOGE/USDT,0.0816190259339485,97.8,2024-03-04 09:00:00,2024,БЫК,20.727444203487842
1709542800000,SHORT,6.094625359811579,0.6211400096233282,6.444625359811579,True,1000BONK/USDT,0.0270738735680451,99.0,2024-03-04 09:00:00,2024,БЫК,20.727444203487842
1709546400000,SHORT,-7.490809916428275,0.9341434903758457,7.140809916428276,True,1000PEPE/USDT,0.0930775540913421,98.6,2024-03-04 10:00:00,2024,БЫК,22.251999878195093
1709548200000,SHORT,-4.455225483178232,0.850629918934017,4.105225483178232,False,ENJ/USDT,0.0531468665336986,97.8,2024-03-04 10:30:00,2024,БЫК,21.071899553062856
1709550000000,SHORT,2.4898791540785554,0.4366843781035423,5.3301510574018,False,BAT/USDT,-0.0077148534031843,99.6,2024-03-04 11:00:00,2024,БЫК,22.419756273550906
1709553600000,SHORT,4.417091316754989,0.7842023575530017,4.767091316754988,False,EDU/USDT,0.0007295131096123,98.6,2024-03-04 12:00:00,2024,БЫК,23.790684228080337
1709568000000,SHORT,-7.978364950316157,0.4855462021138977,7.628364950316158,False,CKB/USDT,0.0993563080620592,99.8,2024-03-04 16:00:00,2024,БЫК,18.980611382659028
1709571600000,SHORT,6.376780304975107,1.0330573094402435,6.726780304975106,True,1000PEPE/USDT,0.068778157008382,93.8,2024-03-04 17:00:00,2024,БЫК,16.680811664156437
1709575200000,SHORT,-11.995656799549405,1.6931205951036163,11.645656799549403,True,1000SHIB/USDT,0.0463003579185436,,2024-03-04 18:00:00,2024,БЫК,16.119213168274314
1709577900000,LONG,0.6585836909871204,0.4977993324536429,4.57896995708155,False,BIGTIME/USDT,-0.0280312374657068,83.6,2024-03-04 18:45:00,2024,БЫК,19.277023832761742
1709593200000,SHORT,5.412347417840377,0.4969025238848321,5.762347417840377,False,CKB/USDT,0.10169258952575,97.8,2024-03-04 23:00:00,2024,БЫК,19.016151514278157
1709604900000,SHORT,6.233545407901476,1.4885169263065536,6.583545407901475,True,DOGE/USDT,-0.0466747467088701,95.2,2024-03-05 02:15:00,2024,БЫК,15.567417923496574
1709604900000,SHORT,8.750042752297912,2.777905116739222,9.100042752297911,True,1000SHIB/USDT,0.023148466148531,,2024-03-05 02:15:00,2024,БЫК,15.567417923496574
1709615700000,LONG,-0.8716824258232769,0.5627367729630424,5.761232474730994,True,CFX/USDT,-0.0393821661613213,97.0,2024-03-05 05:15:00,2024,БЫК,18.01620587035303
1709646300000,SHORT,6.559125392868748,-0.5657793160787873,6.909125392868748,True,FET/USDT,-0.0705430838850148,99.8,2024-03-05 13:45:00,2024,БЫК,19.00629522435311
1709655300000,LONG,-9.600042641551427,0.071803898819726,9.250042641551428,True,ENS/USDT,0.1661097902942613,99.6,2024-03-05 16:15:00,2024,БЫК,14.922435681373036
1709655300000,LONG,-5.546112247880739,0.2851267654753927,5.196112247880739,False,BLUR/USDT,0.0098971911377508,98.0,2024-03-05 16:15:00,2024,БЫК,14.922435681373036
1709656200000,LONG,-11.782001587511578,0.5079243597992567,11.43200158751158,True,1000BONK/USDT,0.0105264099569932,95.6,2024-03-05 16:30:00,2024,БЫК,14.428742304959542
1709657100000,LONG,-6.691472850780522,0.1105828957997835,6.341472850780522,True,APE/USDT,-0.0956525411465771,99.2,2024-03-05 16:45:00,2024,БЫК,14.826638657759938
1709660700000,LONG,-5.3184920634920605,-0.246399800051024,4.968492063492061,False,CTSI/USDT,-0.0317843166954303,,2024-03-05 17:45:00,2024,БЫК,13.630680610314839
1709660700000,LONG,-4.7949146250927965,0.1301685833376553,4.444914625092797,False,AUCTION/USDT,-0.0824387932161241,94.6611909650924,2024-03-05 17:45:00,2024,БЫК,13.630680610314839
1709660700000,LONG,-4.637999999999996,0.0132363191625684,4.287999999999996,True,GALA/USDT,-0.0008893614002179,99.0,2024-03-05 17:45:00,2024,БЫК,13.630680610314839
1709660700000,LONG,-4.635659319160033,0.1482847778529771,4.285659319160033,False,ASTR/USDT,-0.1078879166777884,99.6,2024-03-05 17:45:00,2024,БЫК,13.630680610314839
1709660700000,LONG,-4.468878248974003,0.6149495984061297,4.118878248974004,True,CFX/USDT,-0.1005738887298915,98.8,2024-03-05 17:45:00,2024,БЫК,13.630680610314839
1709669700000,LONG,0.6013135946622126,0.4851057620260801,8.529511572143463,True,BNB/USDT,-0.0894293484953231,99.6,2024-03-05 20:15:00,2024,БЫК,3.043155626099181
1709669700000,LONG,1.3594959744126984,-0.7697834811620295,11.823723392522334,False,CYBER/USDT,-0.0286063884940866,0.0,2024-03-05 20:15:00,2024,БЫК,3.043155626099181
1709670600000,LONG,1.2790874749144128,0.5344078178269318,10.504214378467712,True,FIL/USDT,-0.07091918439168,99.0,2024-03-05 20:30:00,2024,БЫК,1.2002698662818112
1709670600000,LONG,2.776614987080087,0.7717150799056729,11.712687338501285,False,COMP/USDT,-0.0542538525706685,99.8,2024-03-05 20:30:00,2024,БЫК,1.2002698662818112
1709670600000,LONG,3.8527816972384623,0.8567048735782907,11.102005644023386,True,AAVE/USDT,-0.1132601208298849,99.0,2024-03-05 20:30:00,2024,БЫК,1.2002698662818112
1709671500000,LONG,4.321041246034042,0.9478597638756996,4.671041246034042,True,DYDX/USDT,-0.0917685255137143,99.4,2024-03-05 20:45:00,2024,БЫК,0.9363803913462809
1709671500000,LONG,4.494945875895729,0.8044922729502461,4.844945875895728,True,ADA/USDT,-0.0753226323134755,99.2,2024-03-05 20:45:00,2024,БЫК,0.9363803913462809
1709671500000,LONG,5.060541564519717,0.0965074846850383,5.410541564519717,True,1000PEPE/USDT,0.0481217953230787,99.0,2024-03-05 20:45:00,2024,БЫК,0.9363803913462809
1709671500000,LONG,5.061658045813683,-0.0914591431594678,5.411658045813683,False,CKB/USDT,0.0336254187571719,99.6,2024-03-05 20:45:00,2024,БЫК,0.9363803913462809
1709672400000,LONG,-4.017262969588564,0.6384594192929449,6.631574239713794,False,FLOW/USDT,-0.0912637929979201,99.6,2024-03-05 21:00:00,2024,БЫК,5.1549601623942625
1709672400000,LONG,-2.946875634002836,0.0211216342703119,5.822032866707236,False,ENJ/USDT,-0.016656522354604,99.6,2024-03-05 21:00:00,2024,БЫК,5.1549601623942625
1709672400000,LONG,-2.8804493910121765,-0.1312631090301988,4.780428391432166,True,AXS/USDT,-0.028245174714225,98.8,2024-03-05 21:00:00,2024,БЫК,5.1549601623942625
1709672400000,LONG,-2.4449432404540774,-0.7136843522903052,5.290144478844179,False,BSV/USDT,-0.0027046182499868,97.4,2024-03-05 21:00:00,2024,БЫК,5.1549601623942625
1709672400000,LONG,-2.257193272263099,0.0347017121148164,6.0343595134404575,False,GAS/USDT,-0.0520054080649655,79.0,2024-03-05 21:00:00,2024,БЫК,5.1549601623942625
1709672400000,LONG,-2.21630885581849,0.2550537597849362,5.444315686752862,False,EDU/USDT,-0.0738790987344904,99.4,2024-03-05 21:00:00,2024,БЫК,5.1549601623942625
1709672400000,LONG,-2.037523701175582,1.596890271929562,5.044918467956009,False,1INCH/USDT,-0.0708136631834,99.6,2024-03-05 21:00:00,2024,БЫК,5.1549601623942625
1709672400000,LONG,-2.0191957511380894,0.9935855913472064,5.141274658573604,True,CRV/USDT,-0.0868492567382949,97.6,2024-03-05 21:00:00,2024,БЫК,5.1549601623942625
1709672400000,LONG,-1.920593149540526,-0.0668671146921971,5.014302422723468,False,EGLD/USDT,-0.1515873004811239,99.6,2024-03-05 21:00:00,2024,БЫК,5.1549601623942625
1709672400000,LONG,-1.6325377551794773,-0.3690103503701707,5.558518630947868,True,CHZ/USDT,-0.0883868030622631,99.2,2024-03-05 21:00:00,2024,БЫК,5.1549601623942625
1709672400000,LONG,-1.5568019747668616,1.853969950861233e-05,5.167416346681291,True,DOT/USDT,-0.05756819469243,99.6,2024-03-05 21:00:00,2024,БЫК,5.1549601623942625
1709672400000,LONG,-1.4283200908058968,-0.8073799322718197,6.128093076049942,False,ALICE/USDT,-0.0447684532706118,99.6,2024-03-05 21:00:00,2024,БЫК,5.1549601623942625
1709672400000,LONG,-1.326909413854355,0.8877882856252877,5.701154529307289,True,ALGO/USDT,-0.0385517314075969,99.0,2024-03-05 21:00:00,2024,БЫК,5.1549601623942625
1709672400000,LONG,-1.0991416085735195,0.4288764931709804,5.237800436999279,True,AVAX/USDT,-0.1392252009472964,99.6,2024-03-05 21:00:00,2024,БЫК,5.1549601623942625
1709672400000,LONG,-0.9736686086800316,-0.6552182908341355,5.394646202807777,True,BCH/USDT,0.0927880639389479,97.8,2024-03-05 21:00:00,2024,БЫК,5.1549601623942625
1709672400000,LONG,-0.9199322242760462,-0.031754194726947,4.799707332101051,False,ARPA/USDT,-0.0642679882516084,99.2,2024-03-05 21:00:00,2024,БЫК,5.1549601623942625
1709672400000,LONG,-0.9025423728813629,-0.3816011999807355,4.423186440677982,True,CAKE/USDT,-0.0779375228428105,0.0,2024-03-05 21:00:00,2024,БЫК,5.1549601623942625
1709672400000,LONG,-0.7674064729153132,-0.2484317131777283,4.908753076036516,False,API3/USDT,-0.0506925642727947,8.6,2024-03-05 21:00:00,2024,БЫК,5.1549601623942625
1709672400000,LONG,-0.6632118451025041,0.6228660858498968,5.154413439635547,False,DASH/USDT,-0.138370078059339,98.8,2024-03-05 21:00:00,2024,БЫК,5.1549601623942625
1709672400000,LONG,-0.6464113059740824,-0.2948461765293342,4.922809555735917,False,DUSK/USDT,-0.0125408919058079,99.6,2024-03-05 21:00:00,2024,БЫК,5.1549601623942625
1709672400000,LONG,-0.6243271221532019,-0.4391763018486577,5.563664596273285,True,ARB/USDT,-0.0516605864958269,98.8,2024-03-05 21:00:00,2024,БЫК,5.1549601623942625
1709672400000,LONG,-0.5209986320109441,0.270823842286841,5.721443228454157,False,BAT/USDT,-0.0292945401640146,99.6,2024-03-05 21:00:00,2024,БЫК,5.1549601623942625
1709672400000,LONG,-0.35,0.54020708270289,5.471161825726137,False,CELO/USDT,-0.074146543661573,99.6,2024-03-05 21:00:00,2024,БЫК,5.1549601623942625
1709672400000,LONG,0.1105184802890211,-0.8766057327887667,5.560284251061979,False,ACH/USDT,-0.1457595054610865,83.2,2024-03-05 21:00:00,2024,БЫК,5.1549601623942625
1709672400000,LONG,0.3327115371353714,-0.6679860932848463,5.463416316116121,False,AGLD/USDT,-0.1176207048071326,99.8,2024-03-05 21:00:00,2024,БЫК,5.1549601623942625
1709672400000,LONG,0.6350746268656625,0.0428519538558279,5.418925373134324,False,CHR/USDT,-0.0831390762780139,99.2,2024-03-05 21:00:00,2024,БЫК,5.1549601623942625
1709672400000,LONG,0.7795606009262407,1.3065937661571485,7.462453405625208,False,COTI/USDT,-0.0620333464277214,99.6,2024-03-05 21:00:00,2024,БЫК,5.1549601623942625
1709672400000,LONG,0.9357427532569546,-0.4025280398313219,4.23174906645027,True,ETH/USDT,-0.0231005933391384,99.6,2024-03-05 21:00:00,2024,БЫК,5.1549601623942625
1709672400000,LONG,4.017237370534782,0.070243384885696,4.367237370534782,False,BICO/USDT,0.0031150068480507,,2024-03-05 21:00:00,2024,БЫК,5.1549601623942625
1709672400000,LONG,4.963902960024432,-0.6868491636589122,5.3139029600244205,True,ETC/USDT,-0.0076775611108388,99.2,2024-03-05 21:00:00,2024,БЫК,5.1549601623942625
1709672400000,LONG,5.144657246936747,0.2229502120131027,5.494657246936747,False,ARK/USDT,-0.0992353295711873,99.0,2024-03-05 21:00:00,2024,БЫК,5.1549601623942625
1709672400000,LONG,10.990720607707855,0.3576447970298425,11.340720607707857,True,DOGE/USDT,-0.0983622700433176,99.2,2024-03-05 21:00:00,2024,БЫК,5.1549601623942625
1709705700000,SHORT,-4.869063245823373,0.092129986364439,4.519063245823373,False,CKB/USDT,0.0405198307006347,75.8,2024-03-06 06:15:00,2024,БЫК,11.614789207157406
1709723700000,SHORT,-4.7127848101265535,1.249716469170627,4.362784810126554,True,CRV/USDT,-0.0732091017538503,9.8,2024-03-06 11:15:00,2024,БЫК,9.87259735692354
1709730000000,SHORT,-4.636404000344847,1.0115954879791014,4.286404000344847,True,AAVE/USDT,-0.0833463901093867,14.4,2024-03-06 13:00:00,2024,БЫК,9.718284106769238
1709753400000,SHORT,2.8010607665770344,0.258820881441342,7.620949121234332,True,AR/USDT,-0.0259183747335125,93.8,2024-03-06 19:30:00,2024,БЫК,17.59197596911641
1709772300000,SHORT,2.437408126473444,0.630587161244308,8.075301622521138,True,ARKM/USDT,0.0126199852385782,87.4,2024-03-07 00:45:00,2024,БЫК,17.308141585118577
1709773200000,SHORT,-8.64144513137556,-0.1856284622289122,8.29144513137556,True,FET/USDT,-0.0565079288315424,96.6,2024-03-07 01:00:00,2024,БЫК,15.535153820442115
1709783100000,SHORT,-3.904724041159966,0.0854305909412538,5.441665107577153,False,BICO/USDT,-0.0145908140668136,,2024-03-07 03:45:00,2024,БЫК,15.295023521922746
1709790300000,SHORT,-5.602525481313687,0.6394858033522254,5.252525481313687,False,ANKR/USDT,-0.0412312827478224,74.6,2024-03-07 05:45:00,2024,БЫК,12.162285772411396
1709797500000,SHORT,-0.5161129568106313,0.8796370248447605,5.54825581395348,False,CELO/USDT,-0.0043412191385121,81.8,2024-03-07 07:45:00,2024,БЫК,13.034180507192971
1709828100000,SHORT,-0.7570950857807538,0.5322620406119847,4.29566734515847,True,CFX/USDT,-0.0262911722052745,97.4,2024-03-07 16:15:00,2024,БЫК,14.64031603080188
1709838000000,SHORT,-6.286371300657011,-0.7085115262690651,5.936371300657012,False,ACH/USDT,-0.021427051939611,83.8,2024-03-07 19:00:00,2024,БЫК,15.685424117540414
1709856000000,SHORT,2.1156989461125515,0.6114633562286023,4.767528335653199,False,BIGTIME/USDT,0.0179974583762044,65.4,2024-03-08 00:00:00,2024,БЫК,19.27118457124243
1709858700000,SHORT,-5.37668118466898,-0.5169865593245514,5.0266811846689805,False,CYBER/USDT,-0.1288313647273955,55.8,2024-03-08 00:45:00,2024,БЫК,17.421679269632772
1709863200000,SHORT,3.707308435286537,0.0430023934156031,4.057308435286537,True,ENS/USDT,-0.0209997869744292,93.8,2024-03-08 02:00:00,2024,БЫК,16.445475372447515
1709892900000,SHORT,5.213505008421213,0.2646744064660981,5.563505008421212,False,ARK/USDT,-0.0580117346136856,97.4,2024-03-08 10:15:00,2024,БЫК,14.767893703890088
1709902800000,SHORT,-7.418968880631677,1.0740718451291047,7.068968880631678,False,COTI/USDT,0.0438822309392128,95.2,2024-03-08 13:00:00,2024,БЫК,15.00318179621567
1709904600000,SHORT,-5.333142811141514,-0.505320663537455,4.983142811141514,False,CYBER/USDT,-0.0967818150111659,76.6,2024-03-08 13:30:00,2024,БЫК,15.284401350496124
1709909100000,SHORT,6.138222082163502,0.1188760961780672,6.488222082163501,True,1000PEPE/USDT,-0.026650330861114,98.4,2024-03-08 14:45:00,2024,БЫК,13.575461282593936
1709909100000,SHORT,6.347655900759936,1.087945337230043,6.697655900759935,True,1000SHIB/USDT,0.0308019408464318,,2024-03-08 14:45:00,2024,БЫК,13.575461282593936
1709912700000,SHORT,-1.1390872236126208,0.0578354596121193,4.219485327793995,True,BTC/USDT,-0.0402571330873866,94.4,2024-03-08 15:45:00,2024,БЫК,12.170832202140435
1709914500000,LONG,6.003474762253113,0.0577189985022688,6.3534747622531125,False,ENJ/USDT,0.0150362414591915,96.2,2024-03-08 16:15:00,2024,БЫК,11.280479475801542
1709915400000,LONG,1.09107050952136,-0.5295529216925849,4.148430262480694,False,ALICE/USDT,-0.0349686079268529,94.6,2024-03-08 16:30:00,2024,БЫК,12.77843815005648
1709915400000,LONG,4.153882549401608,-0.0169730321390153,4.503882549401608,False,ARPA/USDT,-0.0456586382296706,97.2,2024-03-08 16:30:00,2024,БЫК,12.77843815005648
1709916300000,LONG,0.2489600473902415,0.0626124606404567,4.03391035345225,False,ASTR/USDT,-0.0761824329342325,10.6,2024-03-08 16:45:00,2024,БЫК,13.282671775335785
1709939700000,SHORT,-4.953572161773763,1.0073001705411018,4.603572161773763,False,COTI/USDT,0.0242738466663345,11.4,2024-03-08 23:15:00,2024,БЫК,12.57339442266443
1709964900000,SHORT,5.561885047453038,-0.2499357614626781,5.911885047453038,False,API3/USDT,-0.1605923610228678,94.4,2024-03-09 06:15:00,2024,БЫК,12.798264357452215
1709970300000,SHORT,-0.7095890410958888,-0.4153267103539264,4.5249657534246674,False,BICO/USDT,-0.0208078056207474,,2024-03-09 07:45:00,2024,БЫК,12.89720506682741
1709987400000,SHORT,4.266188524590157,0.6363925992174976,4.616188524590156,False,BIGTIME/USDT,0.0107057006275737,98.2,2024-03-09 12:30:00,2024,БЫК,13.103853451555757
1709989200000,SHORT,0.8373990306946707,0.1325511736689082,4.099733441033917,True,AXS/USDT,-0.0348172787222295,99.4,2024-03-09 13:00:00,2024,БЫК,12.483791485645456
1709991000000,SHORT,1.1734847651523608,0.1992940685387428,4.933813661863361,False,DUSK/USDT,-0.0266498094724118,98.6,2024-03-09 13:30:00,2024,БЫК,12.684405404350063
1709992800000,SHORT,-4.468081642875017,0.0725254938632116,4.118081642875017,False,CHR/USDT,-0.0389793070231944,83.8,2024-03-09 14:00:00,2024,БЫК,13.565875078178546
1710000900000,SHORT,-1.811936174006064,0.7656507630244631,5.163897307898005,True,GALA/USDT,-0.0353666894993428,99.4,2024-03-09 16:15:00,2024,БЫК,12.992393698143223
1710032400000,SHORT,-2.1263926762758065,0.1285503824326615,5.621721854304624,True,AXS/USDT,0.0162469887980445,99.4,2024-03-10 01:00:00,2024,БЫК,9.830571252743702
1710032400000,SHORT,4.142495014170248,0.4389771394185833,5.535034638396113,True,ARKM/USDT,0.0043870330601817,96.4,2024-03-10 01:00:00,2024,БЫК,9.830571252743702
1710041400000,SHORT,-1.7849930843706732,0.4037388036474441,4.414138139695692,False,CKB/USDT,-0.0021028815536004,95.4,2024-03-10 03:30:00,2024,БЫК,10.059170267940221
1710051300000,LONG,-0.6260954755967276,-0.336550084710051,4.837468827930174,False,CYBER/USDT,-0.003769335706361,98.8,2024-03-10 06:15:00,2024,БЫК,11.036406880502447
1710057600000,SHORT,4.142828132738967,0.5001597059603098,4.492828132738967,False,EDU/USDT,-0.0072246155676309,99.6,2024-03-10 08:00:00,2024,БЫК,17.506996836213197
1710063000000,SHORT,-5.59854806879051,1.4423511271532838,5.248548068790511,True,GALA/USDT,0.009749357350148,96.4,2024-03-10 09:30:00,2024,БЫК,12.897130952833113
1710063000000,SHORT,-1.0646474593438835,-1.3046327525207668,5.740841820944227,False,AGLD/USDT,0.0028105074802416,99.4,2024-03-10 09:30:00,2024,БЫК,12.897130952833113
1710064800000,LONG,-4.373096717504553,0.2024701558150446,9.81758614196949,True,ARKM/USDT,-0.0333619957958403,99.0,2024-03-10 10:00:00,2024,БЫК,13.281401324434261
1710074700000,SHORT,1.6393350215491136,0.2758100704839217,5.416474713287367,True,CAKE/USDT,0.074324751335042,94.2,2024-03-10 12:45:00,2024,БЫК,12.127159482305183
1710088200000,SHORT,1.8290561573901152,1.4055927562941033,8.530320009961383,True,GALA/USDT,0.0474099174190832,97.2,2024-03-10 16:30:00,2024,БЫК,10.660710481740942
1710101700000,SHORT,-7.766166871629939,0.4374375978846515,7.416166871629939,False,EDU/USDT,0.1043873862285644,92.2,2024-03-10 20:15:00,2024,БЫК,10.599226055745525
1710144000000,SHORT,-0.4260816830591524,0.1156925142495574,6.03098619503373,True,1000PEPE/USDT,-0.0109277684159069,78.8,2024-03-11 08:00:00,2024,БЫК,8.606491232635683
1710153900000,SHORT,-0.9423344947735314,1.3567340082835324,4.493728222996514,True,ALGO/USDT,0.0007177909114748,94.8,2024-03-11 10:45:00,2024,БЫК,10.122096321437358
1710166500000,SHORT,-2.8278761061946924,0.7169453545937263,6.9866666666666575,False,CELO/USDT,0.3572276595379162,95.6,2024-03-11 14:15:00,2024,БЫК,10.745751210234378
1710260100000,SHORT,-4.44472591753938,0.8040130734519105,4.09472591753938,True,AVAX/USDT,0.0382424805475676,92.2,2024-03-12 16:15:00,2024,БЫК,8.445181635548538
1710264600000,LONG,0.4911413969335672,-0.122108436349144,4.527589970187389,True,AR/USDT,0.0549497684944855,94.4,2024-03-12 17:30:00,2024,БЫК,9.66327869660284
1710264600000,LONG,1.867914905786293,1.0474589582674152,5.2832576022369775,True,1000SHIB/USDT,-0.0097776288909008,,2024-03-12 17:30:00,2024,БЫК,9.66327869660284
1710264600000,LONG,2.126213710661142,0.290040107829227,8.089442546962664,True,DOGE/USDT,-2.914689061316076e-05,91.4,2024-03-12 17:30:00,2024,БЫК,9.66327869660284
1710264600000,LONG,2.141103202846974,0.7891020080639591,4.011798521762928,True,ADA/USDT,-0.045416121624265,92.2,2024-03-12 17:30:00,2024,БЫК,9.66327869660284
1710264600000,LONG,2.4864492650206955,-0.0549203544521878,5.7068788354502695,True,1000BONK/USDT,-0.0359322266896683,74.8,2024-03-12 17:30:00,2024,БЫК,9.66327869660284
1710265500000,LONG,0.5818913943856446,0.2754066781512153,4.945478601012421,False,COMP/USDT,-0.0542066941212378,89.2,2024-03-12 17:45:00,2024,БЫК,9.572463247187379
1710279000000,SHORT,9.356465364120774,0.2357890171626975,9.706465364120774,False,ARPA/USDT,0.2472053771243383,88.2,2024-03-12 21:30:00,2024,БЫК,21.987812544891106
1710293400000,SHORT,5.402133531726981,-0.5591771874791184,5.75213353172698,False,ACH/USDT,-0.065383383632644,96.2,2024-03-13 01:30:00,2024,БЫК,23.25908007565205
1710302400000,SHORT,-5.741709155397894,-0.5820964419189345,5.391709155397894,False,CHR/USDT,0.0777605517853565,97.0,2024-03-13 04:00:00,2024,БЫК,23.425398471422753
1710306000000,SHORT,-6.3601315098518025,0.1141561226760629,6.010131509851803,True,1000PEPE/USDT,0.0114466217738319,90.8,2024-03-13 05:00:00,2024,БЫК,18.042515090080823
1710313200000,SHORT,4.5735428824702735,0.2285064153918183,6.49419369136439,True,ENS/USDT,-0.0611882021851185,92.6,2024-03-13 07:00:00,2024,БЫК,16.437290545612882
1710317700000,SHORT,2.169438553973555,-0.2171306785284146,4.019597596687863,True,AR/USDT,0.0591040642572693,91.0,2024-03-13 08:15:00,2024,БЫК,15.009984546282828
1710317700000,SHORT,4.075193721438501,0.0315151859858422,4.425193721438501,True,1000BONK/USDT,-0.0572193015555445,84.2,2024-03-13 08:15:00,2024,БЫК,15.009984546282828
1710321300000,SHORT,4.655664283761091,0.6660922366319744,5.0056642837610905,True,APE/USDT,0.0512802062385902,93.6,2024-03-13 09:15:00,2024,БЫК,15.818163960188581
1710333900000,SHORT,1.3048463356974065,0.4675189600539449,4.718977004083373,False,COMP/USDT,-0.0447109090546554,95.0,2024-03-13 12:45:00,2024,БЫК,16.260507163861384
1710335700000,SHORT,-0.5381782256884072,0.409859406927403,4.039203797018408,True,CAKE/USDT,0.0559997070581261,94.0,2024-03-13 13:15:00,2024,БЫК,15.820128537339507
1710360000000,SHORT,-4.490578296573633,0.1318966100410832,4.140578296573634,True,1000BONK/USDT,-0.0889318630889524,88.2,2024-03-13 20:00:00,2024,БЫК,12.569815335770684
1710375300000,SHORT,3.953337691149671,0.2700061270834382,4.303337691149671,True,CAKE/USDT,0.0328936209966137,93.8,2024-03-14 00:15:00,2024,БЫК,12.337969832636887
1710386100000,SHORT,-1.82394279698192,0.9871412187842712,4.486939814002435,True,AVAX/USDT,0.0023503858908073,90.2,2024-03-14 03:15:00,2024,БЫК,10.030939658603266
1710388800000,SHORT,-7.526247963782814,0.1128145023386072,7.176247963782815,True,1000PEPE/USDT,0.0699918539004132,96.2,2024-03-14 04:00:00,2024,БЫК,9.877104994518382
1710410400000,SHORT,3.844331282480125,0.4255460111679401,4.194331282480125,False,ASTR/USDT,-0.0836408420274235,96.4,2024-03-14 10:00:00,2024,БЫК,9.70814767861372
1710425700000,LONG,-4.545432017181549,0.630287594497875,4.19543201718155,False,ARK/USDT,-0.0718960932609786,94.6,2024-03-14 14:15:00,2024,БЫК,5.318738669564538
1710446400000,LONG,0.1146605133392379,0.8527952567611125,4.19522063471993,True,1000SHIB/USDT,-0.0566600385007024,,2024-03-14 20:00:00,2024,БЫК,3.6520485863065
1710446400000,LONG,1.8425805247259204,0.3759906498115176,4.3116196585548,True,BNB/USDT,0.0139549237670405,98.4,2024-03-14 20:00:00,2024,БЫК,3.6520485863065
1710446400000,LONG,4.189975698663436,0.7010373634262766,4.539975698663436,False,GAS/USDT,0.0157036625159365,87.4,2024-03-14 20:00:00,2024,БЫК,3.6520485863065
1710451800000,SHORT,4.03834355828219,-0.1078475692310182,4.388343558282189,True,FET/USDT,-0.0329930504866452,97.2,2024-03-14 21:30:00,2024,БЫК,5.07474148339917
1710459000000,SHORT,-5.212663422279034,-0.5644865850903972,4.862663422279034,False,ACH/USDT,0.016894662741952,91.0,2024-03-14 23:30:00,2024,БЫК,6.631606432032344
1710474300000,LONG,-5.661082923735548,0.521137851200534,5.311082923735548,False,BLUR/USDT,-0.0123184205618609,19.2,2024-03-15 03:45:00,2024,БЫК,0.5991738865208984
1710475200000,LONG,-7.099257488044306,-0.6783351834292745,6.749257488044306,False,CHR/USDT,-0.0002688048429278,94.0,2024-03-15 04:00:00,2024,БЫК,1.0954706230703715
1710494100000,LONG,2.6043419874664284,0.1853878020100122,6.235586392121753,False,AUCTION/USDT,0.1098973166064952,97.0,2024-03-15 09:15:00,2024,БЫК,-4.859141237387693
1710495000000,LONG,-1.2012990602542797,-0.6845654473694739,5.998717523493652,False,BSV/USDT,0.0778646077761849,88.8,2024-03-15 09:30:00,2024,БЫК,-3.5463985614094695
1710495000000,LONG,-0.8891690453536425,-0.4916082195132986,6.813859816048209,False,BICO/USDT,0.0483302271758603,,2024-03-15 09:30:00,2024,БЫК,-3.5463985614094695
1710495000000,LONG,0.7331450167536769,0.3670239118954204,6.274386347697342,True,APT/USDT,-0.0513912323445539,86.4,2024-03-15 09:30:00,2024,БЫК,-3.5463985614094695
1710495000000,LONG,0.9663214879374604,0.1025926359529373,5.316577564131372,True,ENS/USDT,-0.0395400307241253,81.8,2024-03-15 09:30:00,2024,БЫК,-3.5463985614094695
1710495000000,LONG,2.402668635021596,0.1677513100076491,5.779763797410848,True,CAKE/USDT,0.0311364219590764,66.4,2024-03-15 09:30:00,2024,БЫК,-3.5463985614094695
1710565200000,SHORT,1.6104264970411042,0.5918458995984376,4.522855131781315,False,DUSK/USDT,0.1380261259159048,81.8,2024-03-16 05:00:00,2024,БЫК,-4.106533394584233
1710615600000,LONG,-4.46254111842105,0.3251411083248424,4.11254111842105,True,DOGE/USDT,0.0251991311765243,69.19999999999999,2024-03-16 19:00:00,2024,НЕЙТРАЛЬ,-12.139154528761853
1710615600000,LONG,-1.5276291493988827,0.2049580491346987,6.649119855566049,True,FET/USDT,0.0461998079182091,65.60000000000001,2024-03-16 19:00:00,2024,НЕЙТРАЛЬ,-12.139154528761853
1710615600000,LONG,-1.459130520895223,0.9077492230623692,5.994886116062588,True,1000SHIB/USDT,-0.0036457828020524,,2024-03-16 19:00:00,2024,НЕЙТРАЛЬ,-12.139154528761853
1710615600000,LONG,-0.8016938519447989,0.5939211678704747,4.127879548306164,False,BIGTIME/USDT,0.0416078397800134,65.60000000000001,2024-03-16 19:00:00,2024,НЕЙТРАЛЬ,-12.139154528761853
1710616500000,LONG,-4.835078102811695,0.4663331907852444,4.485078102811696,False,CKB/USDT,0.0249414810050684,88.0,2024-03-16 19:15:00,2024,НЕЙТРАЛЬ,-12.024441483434266
1710616500000,LONG,-1.8420634920634864,0.2382299103781604,4.224698412698425,False,CTSI/USDT,0.1060813109026519,,2024-03-16 19:15:00,2024,НЕЙТРАЛЬ,-12.024441483434266
1710616500000,LONG,-1.2622574224581222,0.1335077856498376,4.020766296234868,True,GALA/USDT,0.0319244362288886,79.4,2024-03-16 19:15:00,2024,НЕЙТРАЛЬ,-12.024441483434266
1710616500000,LONG,-0.8149000464900111,0.122412814970093,4.5178986517898725,False,AUCTION/USDT,0.1007581623633176,76.2,2024-03-16 19:15:00,2024,НЕЙТРАЛЬ,-12.024441483434266
1710616500000,LONG,-0.3858808754933581,0.0201063201910986,4.077653390742733,False,AGLD/USDT,0.1195596660763314,7.399999999999999,2024-03-16 19:15:00,2024,НЕЙТРАЛЬ,-12.024441483434266
1710746100000,SHORT,4.342700729927014,-0.1045014248615494,4.692700729927013,False,CYBER/USDT,0.0925160070887881,52.2,2024-03-18 07:15:00,2024,НЕЙТРАЛЬ,-10.412244344947668
1710813600000,LONG,4.4320039458850005,0.8402321425705639,4.782003945885,True,APT/USDT,0.0818547768725455,70.39999999999999,2024-03-19 02:00:00,2024,НЕЙТРАЛЬ,-20.365968841790604
1710819900000,LONG,-4.447817923898528,-0.1300619681550753,4.097817923898528,True,FET/USDT,0.0453238736482983,60.6,2024-03-19 03:45:00,2024,НЕЙТРАЛЬ,-20.109731950199176
1710832500000,LONG,-5.13132342909117,0.2759926141082446,4.78132342909117,True,DOGE/USDT,0.0708784913987819,75.2,2024-03-19 07:15:00,2024,НЕЙТРАЛЬ,-22.254890800102583
1710832500000,LONG,-5.085999264570699,0.6130521631535937,4.735999264570699,False,BLUR/USDT,0.0900927772231571,4.2,2024-03-19 07:15:00,2024,НЕЙТРАЛЬ,-22.254890800102583
1710833400000,LONG,-4.856693238042893,-0.6586459469164648,4.506693238042893,False,ARPA/USDT,0.022813331632183,68.8,2024-03-19 07:30:00,2024,НЕЙТРАЛЬ,-22.01101740967244
1710833400000,LONG,-4.531862986692951,0.5022827411650606,4.181862986692951,True,CHZ/USDT,0.0946039938657728,63.6,2024-03-19 07:30:00,2024,НЕЙТРАЛЬ,-22.01101740967244
1710833400000,LONG,0.6804356475034764,0.6276892380535227,4.341945494330624,True,1000SHIB/USDT,0.0394018046941402,,2024-03-19 07:30:00,2024,НЕЙТРАЛЬ,-22.01101740967244
1710833400000,LONG,0.8595120951209546,-0.7082211557749172,4.8169536695366935,False,BICO/USDT,0.0821148674909888,,2024-03-19 07:30:00,2024,НЕЙТРАЛЬ,-22.01101740967244
1710833400000,LONG,1.479491401390415,0.2380623591299343,4.422246615440902,False,CTSI/USDT,0.1000887858809936,,2024-03-19 07:30:00,2024,НЕЙТРАЛЬ,-22.01101740967244
1710833400000,LONG,1.538462673354977,0.7838781109782825,5.536529949837705,False,BIGTIME/USDT,0.0665392285097422,52.2,2024-03-19 07:30:00,2024,НЕЙТРАЛЬ,-22.01101740967244
1710833400000,LONG,4.404483400558485,-0.3674326727933361,4.754483400558485,False,CHR/USDT,0.0915446516560097,77.4,2024-03-19 07:30:00,2024,НЕЙТРАЛЬ,-22.01101740967244
1710833400000,LONG,5.26538511643055,0.3008731651618588,5.615385116430539,True,AR/USDT,0.0587370884652529,9.6,2024-03-19 07:30:00,2024,НЕЙТРАЛЬ,-22.01101740967244
1710834300000,LONG,-6.3555457227138605,0.1113389442960439,6.005545722713861,False,ALICE/USDT,0.1079478566849646,5.4,2024-03-19 07:45:00,2024,НЕЙТРАЛЬ,-20.306318849909328
1710834300000,LONG,-5.2442721791559,1.4044017817421686,4.8942721791559,True,ALGO/USDT,0.0982922891064143,8.799999999999999,2024-03-19 07:45:00,2024,НЕЙТРАЛЬ,-20.306318849909328
1710834300000,LONG,-5.189340763575991,1.0210951337700218,4.839340763575992,True,FIL/USDT,0.077301271874698,68.4,2024-03-19 07:45:00,2024,НЕЙТРАЛЬ,-20.306318849909328
1710841500000,LONG,1.914257084593201,0.5427046084217569,4.282110962660857,True,ETC/USDT,0.0335599237704496,8.0,2024-03-19 09:45:00,2024,НЕЙТРАЛЬ,-20.911163967263047
1710864000000,SHORT,2.229503405373512,-0.1038098776757065,4.877428004504748,False,CKB/USDT,0.10054321454471,69.0,2024-03-19 16:00:00,2024,НЕЙТРАЛЬ,-18.043054217726983
1710866700000,SHORT,8.247285067873307,-0.1964343133090667,11.398601398601397,False,EDU/USDT,0.1266646506769521,0.0,2024-03-19 16:45:00,2024,НЕЙТРАЛЬ,-15.743874232931688
1710939600000,SHORT,5.249937563668607,0.7684567646670898,5.599937563668607,False,DUSK/USDT,0.1399490581493969,69.0,2024-03-20 13:00:00,2024,НЕЙТРАЛЬ,-22.10576090966058
1710940500000,SHORT,4.10600422275007,0.3007764731785996,4.45600422275007,True,AR/USDT,0.0746679416116535,8.799999999999999,2024-03-20 13:15:00,2024,НЕЙТРАЛЬ,-21.696964460858826
1710989100000,SHORT,1.0871749247193985,0.3257309724327301,5.022584177388437,False,AUCTION/USDT,0.0525593562411096,51.8,2024-03-21 02:45:00,2024,НЕЙТРАЛЬ,-16.160726745924688
1710990900000,SHORT,-5.644088790777529,0.7570935901220861,5.294088790777529,False,DUSK/USDT,0.1467084738548614,61.6,2024-03-21 03:15:00,2024,НЕЙТРАЛЬ,-15.61605941708803
1710992700000,SHORT,-2.658265078183176,-0.2124971620458184,4.332911392405054,False,CYBER/USDT,0.0527485070801067,0.0,2024-03-21 03:45:00,2024,НЕЙТРАЛЬ,-16.36442912251697
1711025100000,SHORT,-0.8906748496744952,0.1905525126671961,4.127977935695442,False,ACE/USDT,0.0397663930982232,0.0,2024-03-21 12:45:00,2024,НЕЙТРАЛЬ,-15.361337601426833
1711033200000,SHORT,1.9282874617737007,1.2466231085158268,5.207645259938831,False,COTI/USDT,0.0801645457129827,7.8,2024-03-21 15:00:00,2024,НЕЙТРАЛЬ,-14.051035695892661
1711038600000,SHORT,9.8976438038288,1.0762888055165662,10.2476438038288,False,DUSK/USDT,0.1509179294218778,6.0,2024-03-21 16:30:00,2024,НЕЙТРАЛЬ,-12.76627469562211
1711039500000,SHORT,-0.5499809541948377,1.024392248739174,4.05372821636033,False,ARK/USDT,0.0589387846554108,4.2,2024-03-21 16:45:00,2024,НЕЙТРАЛЬ,-13.723483620313004
1711044000000,SHORT,3.6697088465845433,1.1397979993127088,4.019708846584543,True,CFX/USDT,0.0870434761699925,68.2,2024-03-21 18:00:00,2024,НЕЙТРАЛЬ,-15.013693601640266
1711068300000,SHORT,-2.267967452673544,0.2539537003630031,5.146778478910661,True,AR/USDT,0.0389061053333134,76.6,2024-03-22 00:45:00,2024,НЕЙТРАЛЬ,-15.663878582540946
1711068300000,SHORT,-0.9902226861517128,0.2673746525618627,4.911333797262809,True,ENS/USDT,-0.0372311532219616,66.0,2024-03-22 00:45:00,2024,НЕЙТРАЛЬ,-15.663878582540946
1711080000000,SHORT,-8.926222565018525,0.0968562800643425,8.576222565018526,False,API3/USDT,0.0884987172757608,67.60000000000001,2024-03-22 04:00:00,2024,НЕЙТРАЛЬ,-9.140468418052066
1711090800000,SHORT,4.176506570004515,0.2619533421040088,4.526506570004515,False,CKB/USDT,0.0447168515279709,78.2,2024-03-22 07:00:00,2024,НЕЙТРАЛЬ,-8.343978327292046
1711096200000,SHORT,3.832968609481379,0.3705741118352847,4.182968609481379,False,AUCTION/USDT,0.0275443925282159,0.2,2024-03-22 08:30:00,2024,НЕЙТРАЛЬ,-6.079238426208811
1711104300000,SHORT,4.431059648316298,0.4344065006021122,7.066590047121017,False,ARPA/USDT,0.0396362628247556,64.2,2024-03-22 10:45:00,2024,НЕЙТРАЛЬ,-7.273547751887111
1711120500000,LONG,-1.899323396744463,-0.0638941761931603,4.503863502647581,False,BICO/USDT,0.047903226907218,,2024-03-22 15:15:00,2024,НЕЙТРАЛЬ,-9.727966660719522
1711152900000,SHORT,-2.100496512863141,1.1283254941829235,4.348875340630904,True,CFX/USDT,0.0548031257376262,4.8,2024-03-23 00:15:00,2024,НЕЙТРАЛЬ,-12.759315464301174
1711160100000,SHORT,-1.3952961672473805,0.8081923065173932,4.093333640999596,True,BCH/USDT,-0.0341241981755044,35.8,2024-03-23 02:15:00,2024,НЕЙТРАЛЬ,-11.680822678409648
1711161000000,SHORT,-2.292907444668014,0.6426564413467115,4.083953722334,True,DOGE/USDT,-0.0529174550732849,64.60000000000001,2024-03-23 02:30:00,2024,НЕЙТРАЛЬ,-12.062117511076774
1711183500000,SHORT,-3.180343919697218,0.1919249761977635,4.855339805825237,True,GALA/USDT,0.0380205148878614,58.4,2024-03-23 08:45:00,2024,НЕЙТРАЛЬ,-10.58249684443906
1711206900000,SHORT,-0.0140078671328616,-0.0502654656559704,6.519432910839152,False,API3/USDT,0.1285939255785732,8.6,2024-03-23 15:15:00,2024,НЕЙТРАЛЬ,-4.774280229277178
1711242900000,SHORT,4.907644275009853,0.6551047562913933,5.257644275009852,False,DUSK/USDT,0.116221507457351,66.0,2024-03-24 01:15:00,2024,НЕЙТРАЛЬ,0.27632031340119045
1711271700000,SHORT,1.1684230688862458,-0.2141672498218114,4.792087483457539,False,ACH/USDT,0.0872313275237303,65.2,2024-03-24 09:15:00,2024,НЕЙТРАЛЬ,-2.5813216613398247
1711290600000,SHORT,3.8425240225314696,0.8686596907445739,4.19252402253147,True,BCH/USDT,0.0544610716735964,35.0,2024-03-24 14:30:00,2024,НЕЙТРАЛЬ,-3.026120219911188
1711296900000,SHORT,3.7950474719312735,1.1130375961255188,4.1450474719312735,True,CFX/USDT,0.0300923300182015,73.8,2024-03-24 16:15:00,2024,НЕЙТРАЛЬ,-4.767424671498722
1711299600000,SHORT,-4.783877355616475,0.1404763261093511,4.433877355616476,True,1000BONK/USDT,0.0812623024959762,69.39999999999999,2024-03-24 17:00:00,2024,НЕЙТРАЛЬ,-5.343113742525563
1711300500000,SHORT,-2.957217079161163,-0.2106788857166075,5.96591724919705,False,BICO/USDT,0.1011557510867747,,2024-03-24 17:15:00,2024,НЕЙТРАЛЬ,-6.001701345183063
1711336500000,SHORT,3.9167825331305672,0.0370408566118739,4.91950901585921,False,CKB/USDT,0.0409933803371891,90.6,2024-03-25 03:15:00,2024,НЕЙТРАЛЬ,-0.9649046158180519
1711341000000,SHORT,4.478964757709253,0.5466493030879849,4.828964757709253,False,CHR/USDT,0.0298001288128941,71.8,2024-03-25 04:30:00,2024,НЕЙТРАЛЬ,-1.377623314950971
1711382400000,SHORT,1.7775119672548194,0.2586251794679609,4.465733182249135,True,AR/USDT,0.0580502099044442,7.000000000000001,2024-03-25 16:00:00,2024,НЕЙТРАЛЬ,5.661920990011438
1711385100000,SHORT,3.779073193241497,-0.0679895900051357,4.129073193241497,False,DUSK/USDT,0.139612864413859,80.80000000000001,2024-03-25 16:45:00,2024,НЕЙТРАЛЬ,7.687878874899557
1711423800000,SHORT,-1.3487669543773275,0.4703975813769891,5.865351418002474,False,API3/USDT,0.0861044626408001,72.39999999999999,2024-03-26 03:30:00,2024,НЕЙТРАЛЬ,17.148126675552845
1711424700000,SHORT,-4.829940729764756,0.5257770894233043,4.479940729764756,False,ANKR/USDT,0.1157461510491621,68.0,2024-03-26 03:45:00,2024,НЕЙТРАЛЬ,15.0904407059552
1711439100000,SHORT,4.18270535041447,0.7071142919757604,4.53270535041447,False,CELO/USDT,0.084742693583264,75.4,2024-03-26 07:45:00,2024,НЕЙТРАЛЬ,17.37852258599254
1711450800000,SHORT,3.951160203432908,0.5208302001658969,4.301160203432908,False,ANKR/USDT,-0.0080478217658115,3.4000000000000004,2024-03-26 11:00:00,2024,НЕЙТРАЛЬ,23.756384354328286
1711524600000,SHORT,-4.960046226967899,0.5797536549451625,4.610046226967899,True,FET/USDT,-0.0421751728996943,89.2,2024-03-27 07:30:00,2024,БЫК,14.718660713294662
1711629900000,SHORT,-1.1311423057482917,0.4550889520340895,4.04229655837889,True,DOGE/USDT,0.0132410191439995,86.0,2024-03-28 12:45:00,2024,БЫК,5.414325405005815
1711641600000,SHORT,-4.273880094307846,-0.0057349803069922,7.20850454698552,False,BICO/USDT,-0.0455904646308018,,2024-03-28 16:00:00,2024,БЫК,6.079943301285551
1711668600000,SHORT,3.942039800995013,0.1114772793702256,4.2920398009950125,False,BICO/USDT,-0.024596951375935,,2024-03-28 23:30:00,2024,БЫК,6.665526020057633
1711679400000,SHORT,5.533372748772049,0.0426990201975753,5.883372748772048,False,ARPA/USDT,0.1039070844816064,70.39999999999999,2024-03-29 02:30:00,2024,БЫК,7.36459439048992
1711726200000,SHORT,2.065117219078423,0.795117328040639,4.009559417946632,True,FIL/USDT,0.0261675973971878,80.0,2024-03-29 15:30:00,2024,БЫК,9.019710604112685
1711800900000,SHORT,-4.936649915850853,0.7057270538782828,4.586649915850853,True,1000PEPE/USDT,0.0521073345329619,92.2,2024-03-30 12:15:00,2024,БЫК,8.187439847735757
1711952100000,LONG,-2.887593984962401,0.3905845117254542,4.329229323308265,False,CHR/USDT,-0.101613960698424,90.2,2024-04-01 06:15:00,2024,НЕЙТРАЛЬ,-0.7937329425491912
1711952100000,LONG,-2.6570803500397706,-0.120590963698418,4.556616282153273,True,AR/USDT,0.0636535085980433,94.6,2024-04-01 06:15:00,2024,НЕЙТРАЛЬ,-0.7937329425491912
1711952100000,LONG,-1.7682246926056937,0.8714560680664972,5.344615125484256,True,FET/USDT,-0.0305257914998447,94.0,2024-04-01 06:15:00,2024,НЕЙТРАЛЬ,-0.7937329425491912
1711952100000,LONG,-0.9524096385542172,1.4700800394191216,4.203915662650601,True,CRV/USDT,-0.050520925304975,96.0,2024-04-01 06:15:00,2024,НЕЙТРАЛЬ,-0.7937329425491912
1711952100000,LONG,-0.4389538780235181,0.2665558704182355,8.275757021872904,True,1000PEPE/USDT,0.0425103866330771,90.6,2024-04-01 06:15:00,2024,НЕЙТРАЛЬ,-0.7937329425491912
1711952100000,LONG,-0.0665131112686153,0.6844909427772684,4.769188518781012,False,BLUR/USDT,-0.1192128075045362,20.8,2024-04-01 06:15:00,2024,НЕЙТРАЛЬ,-0.7937329425491912
1711952100000,LONG,3.769864594553008,-0.4356819099670566,4.119864594553007,False,BICO/USDT,0.0168280085221873,,2024-04-01 06:15:00,2024,НЕЙТРАЛЬ,-0.7937329425491912
1711953000000,LONG,-2.338365943944995,-0.4297880315441323,4.570597567424635,False,ARPA/USDT,0.1344229197908417,88.2,2024-04-01 06:30:00,2024,НЕЙТРАЛЬ,-0.368154204515464
1711953000000,LONG,-1.7221413721413712,0.9708179909366864,4.569896049896057,False,ENJ/USDT,-0.0486920993548745,95.6,2024-04-01 06:30:00,2024,НЕЙТРАЛЬ,-0.368154204515464
1711953000000,LONG,-1.4047263681591984,0.0305761967906271,6.599452736318398,False,EDU/USDT,-0.0942606316270613,94.8,2024-04-01 06:30:00,2024,НЕЙТРАЛЬ,-0.368154204515464
1711953000000,LONG,-1.166348893271969,-0.1507669991831739,4.134615384615398,False,ACH/USDT,-0.0863151968376461,90.8,2024-04-01 06:30:00,2024,НЕЙТРАЛЬ,-0.368154204515464
1711953000000,LONG,-1.0740794946849457,0.005338716402678,4.631443537205359,True,GALA/USDT,-0.0222365450286383,93.0,2024-04-01 06:30:00,2024,НЕЙТРАЛЬ,-0.368154204515464
1711953000000,LONG,-1.0460821605173036,0.1475830647807846,5.1920882464815445,True,1000BONK/USDT,0.0163073937165209,87.0,2024-04-01 06:30:00,2024,НЕЙТРАЛЬ,-0.368154204515464
1711953000000,LONG,-0.6419980119284249,0.3451039045015909,4.028839463220671,True,ARB/USDT,-0.0560091372134938,96.2,2024-04-01 06:30:00,2024,НЕЙТРАЛЬ,-0.368154204515464
1711953000000,LONG,-0.5289893983202532,0.961696183137708,5.626118683739503,True,1000SHIB/USDT,-0.0409094593828365,,2024-04-01 06:30:00,2024,НЕЙТРАЛЬ,-0.368154204515464
1711953000000,LONG,-0.5239756434099301,1.1445348938009974,4.809796628472016,False,AGLD/USDT,-0.059530290720523,93.8,2024-04-01 06:30:00,2024,НЕЙТРАЛЬ,-0.368154204515464
1711953000000,LONG,0.1700558578513977,0.4488110703267252,5.710598545769738,True,DOGE/USDT,0.0572669354588001,98.6,2024-04-01 06:30:00,2024,НЕЙТРАЛЬ,-0.368154204515464
1712049300000,LONG,-0.7513154227746599,0.3911248081899856,4.016313193244532,True,1000PEPE/USDT,0.0462145643620985,38.4,2024-04-02 09:15:00,2024,НЕЙТРАЛЬ,-14.527749276013747
1712078100000,SHORT,-5.9363078639152285,-0.4446690198939428,5.586307863915229,False,BICO/USDT,0.0255951425016068,,2024-04-02 17:15:00,2024,НЕЙТРАЛЬ,-13.55754878299858
1712106900000,LONG,4.170826220553077,1.1468705740763785,4.520826220553077,False,BIGTIME/USDT,-0.0666653321579359,42.4,2024-04-03 01:15:00,2024,НЕЙТРАЛЬ,-16.605400174462975
1712108700000,LONG,3.694502727654223,0.6473985029932838,4.044502727654223,True,APT/USDT,0.0601296517935014,61.2,2024-04-03 01:45:00,2024,НЕЙТРАЛЬ,-14.277009354792119
1712157300000,SHORT,-6.5533036769738,1.114543698177514,6.203303676973801,False,AGLD/USDT,0.030220853956414,3.2,2024-04-03 15:15:00,2024,НЕЙТРАЛЬ,-10.995691269102114
1712217600000,SHORT,2.8744450071748093,0.3428710532652824,8.58425339748458,False,AUCTION/USDT,0.0194885506667579,0.0,2024-04-04 08:00:00,2024,НЕЙТРАЛЬ,-12.228819692067338
1712424600000,SHORT,4.387345555998398,0.7892634070065123,4.737345555998398,False,CKB/USDT,0.0476919072073833,88.2,2024-04-06 17:30:00,2024,НЕЙТРАЛЬ,-11.221889554528275
1712431800000,SHORT,-1.0836267840469451,-0.7005774542449511,4.193197278911553,False,BICO/USDT,0.0027738917517241,,2024-04-06 19:30:00,2024,НЕЙТРАЛЬ,-10.99290370466498
1712510100000,SHORT,8.9304347826087,0.8609233219243877,9.2804347826087,False,CKB/USDT,0.0647721072021037,3.6,2024-04-07 17:15:00,2024,НЕЙТРАЛЬ,-8.86864681694241
1712569500000,SHORT,5.961758470954276,0.5008913774637873,6.311758470954276,False,CKB/USDT,0.0347833432476582,3.6,2024-04-08 09:45:00,2024,НЕЙТРАЛЬ,-1.8939822303832232
1712583900000,SHORT,1.3680475272960892,1.0257956613680164,4.213439306358367,False,1INCH/USDT,-0.0653201754188785,0.4,2024-04-08 13:45:00,2024,НЕЙТРАЛЬ,-2.5246984654275275
1712606400000,SHORT,1.669128586609986,0.511081694847899,4.734091392136016,False,CKB/USDT,0.0384752565661899,54.6,2024-04-08 20:00:00,2024,НЕЙТРАЛЬ,0.8096144194977839
1712621700000,SHORT,0.3653965785381101,1.16768831068347,5.759564541213066,False,BAT/USDT,0.0258810394726925,2.4,2024-04-09 00:15:00,2024,НЕЙТРАЛЬ,0.30173524132125484
1712753100000,LONG,4.375046959695168,-0.012064454471776,4.725046959695168,True,ARKM/USDT,0.0844292114117862,0.0,2024-04-10 12:45:00,2024,НЕЙТРАЛЬ,-2.196624860297447
1712943900000,LONG,-9.84578165977686,0.4738224215141423,9.49578165977686,True,FET/USDT,-0.0743559485951257,55.00000000000001,2024-04-12 17:45:00,2024,НЕЙТРАЛЬ,-10.381223815826301
1712943900000,LONG,-5.59939702610935,0.3435105807839562,5.24939702610935,True,1000SHIB/USDT,-0.2190281181538264,,2024-04-12 17:45:00,2024,НЕЙТРАЛЬ,-10.381223815826301
1712944800000,LONG,-10.661192766188025,-0.4300049329083971,10.311192766188023,False,ACH/USDT,0.0824822416812585,7.6,2024-04-12 18:00:00,2024,НЕЙТРАЛЬ,-10.152917307764604
1712944800000,LONG,-9.322121480171017,0.7196482658504803,8.972121480171017,False,COTI/USDT,0.0778342675902453,80.60000000000001,2024-04-12 18:00:00,2024,НЕЙТРАЛЬ,-10.152917307764604
1712944800000,LONG,-7.963328885429402,-0.3948716238844501,7.613328885429403,True,AR/USDT,-0.1364856718650259,64.60000000000001,2024-04-12 18:00:00,2024,НЕЙТРАЛЬ,-10.152917307764604
1712944800000,LONG,-6.233686860979698,0.8151861106433596,5.883686860979698,False,GAS/USDT,-0.0564733976940508,44.8,2024-04-12 18:00:00,2024,НЕЙТРАЛЬ,-10.152917307764604
1712948400000,LONG,-2.932496413199413,1.4004596654524306,10.5989956958393,False,ALICE/USDT,0.1125037300996762,60.6,2024-04-12 19:00:00,2024,НЕЙТРАЛЬ,-19.57843284396294
1712948400000,LONG,-1.5500000000000012,1.0911786362232418,9.472399999999991,False,FLOW/USDT,-0.0176694418521133,0.0,2024-04-12 19:00:00,2024,НЕЙТРАЛЬ,-19.57843284396294
1712948400000,LONG,-0.8502211862388224,1.2088775211400824,4.44073740089154,True,BNB/USDT,0.0124118972094884,23.4,2024-04-12 19:00:00,2024,НЕЙТРАЛЬ,-19.57843284396294
1712948400000,LONG,-0.6258620689655113,0.2554114234418684,9.70274137931034,False,COMP/USDT,0.2089819795401581,2.6,2024-04-12 19:00:00,2024,НЕЙТРАЛЬ,-19.57843284396294
1712948400000,LONG,-0.4631846289752709,-0.0717621768857182,8.760628312720847,False,DUSK/USDT,0.0644007933278451,0.8,2024-04-12 19:00:00,2024,НЕЙТРАЛЬ,-19.57843284396294
1712948400000,LONG,-0.4423076923076992,0.4001754979021473,9.1963076923077,False,CHR/USDT,-0.0090956179124003,0.0,2024-04-12 19:00:00,2024,НЕЙТРАЛЬ,-19.57843284396294
1712948400000,LONG,-0.3931778929188207,0.9167266477399058,10.158074265975818,False,1INCH/USDT,0.0049994910069544,69.39999999999999,2024-04-12 19:00:00,2024,НЕЙТРАЛЬ,-19.57843284396294
1712948400000,LONG,1.3981385561670416,1.8950060072714936,9.498607963742312,False,DASH/USDT,-0.0244756400178927,0.4,2024-04-12 19:00:00,2024,НЕЙТРАЛЬ,-19.57843284396294
1712948400000,LONG,3.292039542143604,1.1543811266506887,9.450405827263264,True,ADA/USDT,0.0514626256619672,0.2,2024-04-12 19:00:00,2024,НЕЙТРАЛЬ,-19.57843284396294
1712949300000,LONG,-7.674781557910379,0.3328470105461513,7.324781557910379,False,CYBER/USDT,-0.0140435705429405,0.0,2024-04-12 19:15:00,2024,НЕЙТРАЛЬ,-19.067488680070337
1712949300000,LONG,-3.434269443031029,0.4936157334596858,9.384566910642308,False,API3/USDT,0.1024917236994239,56.39999999999999,2024-04-12 19:15:00,2024,НЕЙТРАЛЬ,-19.067488680070337
1712949300000,LONG,-3.047936871803931,0.8502145183407538,10.444048668665149,False,AGLD/USDT,0.1033719687245491,1.7999999999999998,2024-04-12 19:15:00,2024,НЕЙТРАЛЬ,-19.067488680070337
1712949300000,LONG,-2.0709359910858023,1.3665586151002933,11.421666460319416,False,ARK/USDT,0.1428143809999709,3.6,2024-04-12 19:15:00,2024,НЕЙТРАЛЬ,-19.067488680070337
1712949300000,LONG,-1.7298046770002684,1.2747409094729945,11.814496908879136,False,ASTR/USDT,0.0536668766922744,61.2,2024-04-12 19:15:00,2024,НЕЙТРАЛЬ,-19.067488680070337
1712949300000,LONG,-0.8360907759883016,1.167425502940442,10.634934114202055,True,DOGE/USDT,0.0345499516115115,52.8,2024-04-12 19:15:00,2024,НЕЙТРАЛЬ,-19.067488680070337
1712949300000,LONG,0.0079952267303106,0.8336700651395507,11.959427207637228,False,CELO/USDT,0.0684262678343049,0.6,2024-04-12 19:15:00,2024,НЕЙТРАЛЬ,-19.067488680070337
1712949300000,LONG,0.2832346032070315,1.1055406954128366,11.888050250229805,True,AAVE/USDT,0.005115364683344,73.4,2024-04-12 19:15:00,2024,НЕЙТРАЛЬ,-19.067488680070337
1712949300000,LONG,0.2982281763180675,-0.2297572556363613,10.489736387208302,True,GALA/USDT,0.0476184925936067,56.99999999999999,2024-04-12 19:15:00,2024,НЕЙТРАЛЬ,-19.067488680070337
1712949300000,LONG,0.591021993653576,0.855572247109897,7.271036218404624,True,ATOM/USDT,0.0243342274420142,14.2,2024-04-12 19:15:00,2024,НЕЙТРАЛЬ,-19.067488680070337
1712949300000,LONG,1.669036631093166,0.7397965501047675,9.12835304297664,False,ENJ/USDT,0.1313086904230591,18.0,2024-04-12 19:15:00,2024,НЕЙТРАЛЬ,-19.067488680070337
1712949300000,LONG,3.160160992346261,0.2319304462643719,10.43050936922671,False,BSV/USDT,0.0136976362977014,7.399999999999999,2024-04-12 19:15:00,2024,НЕЙТРАЛЬ,-19.067488680070337
1712949300000,LONG,3.709736117152376,0.1309630245521343,6.819457735247221,True,DOT/USDT,0.1122849897718692,67.0,2024-04-12 19:15:00,2024,НЕЙТРАЛЬ,-19.067488680070337
1712950200000,LONG,-4.524597156398101,1.3617115970717075,4.174597156398101,False,BIGTIME/USDT,0.0565419533566447,34.0,2024-04-12 19:30:00,2024,НЕЙТРАЛЬ,-18.62592379324774
1712950200000,LONG,-2.5175140487021666,0.2913468703038753,4.928833288734283,True,ENS/USDT,-0.0046259762716197,57.6,2024-04-12 19:30:00,2024,НЕЙТРАЛЬ,-18.62592379324774
1712950200000,LONG,-2.056349206349204,0.8529199260395495,10.343966528640442,True,1000PEPE/USDT,-0.0071601889609718,42.4,2024-04-12 19:30:00,2024,НЕЙТРАЛЬ,-18.62592379324774
1712950200000,LONG,-1.6611683446499703,1.399355927361826,4.8753219386560565,False,EGLD/USDT,0.0342141021527897,55.60000000000001,2024-04-12 19:30:00,2024,НЕЙТРАЛЬ,-18.62592379324774
1712950200000,LONG,-1.5244966442953016,-0.4316356817744005,4.707234124935463,True,ARKM/USDT,0.0262720100539817,66.2,2024-04-12 19:30:00,2024,НЕЙТРАЛЬ,-18.62592379324774
1712950200000,LONG,-0.3054962171784453,1.6084137516757513,5.935024477080539,True,DYDX/USDT,0.1094087102889032,64.60000000000001,2024-04-12 19:30:00,2024,НЕЙТРАЛЬ,-18.62592379324774
1712950200000,LONG,-0.2867738876155922,0.8381148360686931,4.484043309887003,True,APE/USDT,0.0509126033801337,9.4,2024-04-12 19:30:00,2024,НЕЙТРАЛЬ,-18.62592379324774
1712950200000,LONG,-0.0344110992020902,0.1442320590207386,8.094813623913304,True,1000BONK/USDT,-0.0788189334900528,52.8,2024-04-12 19:30:00,2024,НЕЙТРАЛЬ,-18.62592379324774
1712950200000,LONG,3.98531053733427,-0.7123057766621854,4.33531053733427,False,BICO/USDT,0.0043376471264684,,2024-04-12 19:30:00,2024,НЕЙТРАЛЬ,-18.62592379324774
1712950200000,LONG,4.137578194816804,0.713989582934451,4.487578194816804,True,ARB/USDT,0.0343531039925399,52.8,2024-04-12 19:30:00,2024,НЕЙТРАЛЬ,-18.62592379324774
1712951100000,LONG,-4.602583288356808,0.5761041369306478,4.252583288356808,False,ACE/USDT,-0.0089770501672633,52.0,2024-04-12 19:45:00,2024,НЕЙТРАЛЬ,-18.135541173294367
1712951100000,LONG,-1.7016583371194884,0.5407825323936116,4.055925336968048,True,BCH/USDT,-0.0131030323554951,25.4,2024-04-12 19:45:00,2024,НЕЙТРАЛЬ,-18.135541173294367
1712952000000,LONG,-6.180528301886788,-0.0455367156404345,5.830528301886789,False,ARPA/USDT,0.0757514330915237,0.4,2024-04-12 20:00:00,2024,НЕЙТРАЛЬ,-17.064384463163318
1712952000000,LONG,-4.641628753412191,1.0137407894345645,4.291628753412192,False,CTSI/USDT,0.1404310022963747,,2024-04-12 20:00:00,2024,НЕЙТРАЛЬ,-17.064384463163318
1712952000000,LONG,-4.558782017773138,1.175508255442817,4.208782017773139,True,ALGO/USDT,0.0547500518796385,1.2,2024-04-12 20:00:00,2024,НЕЙТРАЛЬ,-17.064384463163318
1712952000000,LONG,-4.439564616447819,1.172041775486716,4.089564616447819,False,BAT/USDT,-0.0288814647278542,2.4,2024-04-12 20:00:00,2024,НЕЙТРАЛЬ,-17.064384463163318
1712952000000,LONG,-3.5170013903908486,-0.5700371674245059,6.445573922447077,False,EDU/USDT,0.108881154289991,1.6,2024-04-12 20:00:00,2024,НЕЙТРАЛЬ,-17.064384463163318
1712952000000,LONG,-2.646450939457193,1.5046164937870428,5.5035490605427855,True,CRV/USDT,0.1107911203009867,0.6,2024-04-12 20:00:00,2024,НЕЙТРАЛЬ,-17.064384463163318
1712952000000,LONG,-2.053577512776833,0.3961093125821597,4.279265027987339,False,BLUR/USDT,0.067187304182746,17.599999999999998,2024-04-12 20:00:00,2024,НЕЙТРАЛЬ,-17.064384463163318
1712973600000,LONG,-0.7608463434675485,0.8912209922551388,4.20498493563408,False,ASTR/USDT,0.0756002744602959,5.0,2024-04-13 02:00:00,2024,НЕЙТРАЛЬ,-19.965223860789916
1712974500000,LONG,3.710696050849217,0.2170203053020199,4.060696050849217,True,APT/USDT,-0.0314488185175408,3.6,2024-04-13 02:15:00,2024,НЕЙТРАЛЬ,-19.944615062435005
1712974500000,LONG,4.137277743715504,0.4825644151785572,4.487277743715503,False,CHR/USDT,-0.0018947202621358,0.0,2024-04-13 02:15:00,2024,НЕЙТРАЛЬ,-19.944615062435005
1712997900000,SHORT,-4.360179816513743,-0.4088960543147564,4.010179816513744,True,AR/USDT,-0.0838871517955541,0.6,2024-04-13 08:45:00,2024,НЕЙТРАЛЬ,-20.66509948853261
1713016800000,SHORT,4.006077606358101,-0.1391474689498812,4.356077606358101,False,ARPA/USDT,0.0864997058514096,0.4,2024-04-13 14:00:00,2024,НЕЙТРАЛЬ,-18.02543224569933
1713031200000,LONG,-5.545022485061297,0.3001583038975295,5.195022485061298,False,AUCTION/USDT,-0.0343678448548674,0.2,2024-04-13 18:00:00,2024,НЕЙТРАЛЬ,-25.101717762320526
1713032100000,LONG,-6.477787769784192,0.0302230292924948,6.1277877697841925,False,CYBER/USDT,0.0662222400536867,0.0,2024-04-13 18:15:00,2024,НЕЙТРАЛЬ,-24.414086217364904
1713032100000,LONG,-5.397619047619045,0.5787283645633171,5.047619047619046,False,ANKR/USDT,0.07482137987685,0.4,2024-04-13 18:15:00,2024,НЕЙТРАЛЬ,-24.414086217364904
1713032100000,LONG,-5.035582239828333,0.6983397782930033,4.685582239828333,True,APE/USDT,0.0501855190706279,9.4,2024-04-13 18:15:00,2024,НЕЙТРАЛЬ,-24.414086217364904
1713032100000,LONG,-4.908011253574408,1.237379949791752,4.558011253574408,True,CHZ/USDT,0.0193121195691268,2.0,2024-04-13 18:15:00,2024,НЕЙТРАЛЬ,-24.414086217364904
1713032100000,LONG,-4.692906313864688,0.2151816024227386,4.342906313864688,True,APT/USDT,-0.0043365886309608,3.2,2024-04-13 18:15:00,2024,НЕЙТРАЛЬ,-24.414086217364904
1713032100000,LONG,-4.539757423091424,0.5213150963409163,4.189757423091424,True,BCH/USDT,0.0366939880999951,20.200000000000003,2024-04-13 18:15:00,2024,НЕЙТРАЛЬ,-24.414086217364904
1713032100000,LONG,-4.49682524817382,0.2829392370555211,4.14682524817382,False,COMP/USDT,0.1998714029941475,2.8000000000000003,2024-04-13 18:15:00,2024,НЕЙТРАЛЬ,-24.414086217364904
1713032100000,LONG,-4.444080338266378,1.136682227372622,4.094080338266378,False,FLOW/USDT,0.0083125409260193,0.0,2024-04-13 18:15:00,2024,НЕЙТРАЛЬ,-24.414086217364904
1713032100000,LONG,-4.405540280450912,0.8861678238182262,4.055540280450912,True,ARB/USDT,0.0359911416997191,0.6,2024-04-13 18:15:00,2024,НЕЙТРАЛЬ,-24.414086217364904
1713033900000,LONG,-5.394759036144581,-0.2483921133188938,5.0447590361445815,False,ACH/USDT,0.0580281107750197,7.6,2024-04-13 18:45:00,2024,НЕЙТРАЛЬ,-23.232640544518585
1713033900000,LONG,-5.224321926489226,0.4942901675684611,4.874321926489227,False,BLUR/USDT,0.0855821963425791,1.6,2024-04-13 18:45:00,2024,НЕЙТРАЛЬ,-23.232640544518585
1713033900000,LONG,-5.128611536498208,1.369224020221265,4.778611536498208,False,BIGTIME/USDT,0.0536518393319304,0.6,2024-04-13 18:45:00,2024,НЕЙТРАЛЬ,-23.232640544518585
1713033900000,LONG,-5.008469945355193,1.699621749104239,4.658469945355193,True,DYDX/USDT,0.1023464856228586,0.0,2024-04-13 18:45:00,2024,НЕЙТРАЛЬ,-23.232640544518585
1713033900000,LONG,-4.9903688937215644,0.3915750499319272,4.640368893721565,True,CFX/USDT,0.0494643134881729,0.2,2024-04-13 18:45:00,2024,НЕЙТРАЛЬ,-23.232640544518585
1713033900000,LONG,-4.828696306587935,0.9302600491095886,4.478696306587935,True,ATOM/USDT,0.0519963153647862,14.2,2024-04-13 18:45:00,2024,НЕЙТРАЛЬ,-23.232640544518585
1713033900000,LONG,-4.740140525838629,0.921202949099199,4.390140525838629,False,1INCH/USDT,0.0669074956630948,0.4,2024-04-13 18:45:00,2024,НЕЙТРАЛЬ,-23.232640544518585
1713033900000,LONG,-4.723763440860219,1.5977393160237523,4.37376344086022,True,CRV/USDT,0.1096064126003724,0.6,2024-04-13 18:45:00,2024,НЕЙТРАЛЬ,-23.232640544518585
1713033900000,LONG,-4.716123448450552,0.743886550151999,4.366123448450552,False,COTI/USDT,0.1507265040746059,6.4,2024-04-13 18:45:00,2024,НЕЙТРАЛЬ,-23.232640544518585
1713033900000,LONG,-4.644348633589825,0.8585406733632993,4.294348633589825,False,ACE/USDT,-0.0041178717160882,0.0,2024-04-13 18:45:00,2024,НЕЙТРАЛЬ,-23.232640544518585
1713033900000,LONG,-4.6428992628992685,1.3526855051348396,4.292899262899269,False,EGLD/USDT,0.0309673839253949,1.4,2024-04-13 18:45:00,2024,НЕЙТРАЛЬ,-23.232640544518585
1713033900000,LONG,-4.636078998073224,0.7878738305187848,4.286078998073224,False,CTSI/USDT,0.1421734705991561,,2024-04-13 18:45:00,2024,НЕЙТРАЛЬ,-23.232640544518585
1713033900000,LONG,-4.61937118217749,0.1138580585456727,4.2693711821774905,True,ENS/USDT,0.0038877342681622,0.4,2024-04-13 18:45:00,2024,НЕЙТРАЛЬ,-23.232640544518585
1713033900000,LONG,-4.5263097199341065,1.8441484988280668,4.176309719934107,False,DASH/USDT,0.0146724256025201,0.4,2024-04-13 18:45:00,2024,НЕЙТРАЛЬ,-23.232640544518585
1713033900000,LONG,-4.503922364788046,0.7830800063455258,4.153922364788047,True,FIL/USDT,0.0538446080624172,0.0,2024-04-13 18:45:00,2024,НЕЙТРАЛЬ,-23.232640544518585
1713033900000,LONG,-4.448867546768447,0.1410301615275623,4.098867546768448,True,1000BONK/USDT,-0.0756996146884238,0.0,2024-04-13 18:45:00,2024,НЕЙТРАЛЬ,-23.232640544518585
1713033900000,LONG,-4.408886894075404,-0.1439241185244363,4.058886894075404,True,GALA/USDT,0.0767911493943095,1.7999999999999998,2024-04-13 18:45:00,2024,НЕЙТРАЛЬ,-23.232640544518585
1713040200000,LONG,1.9521366235329487,1.3359296671636436,9.840956966596448,False,ARK/USDT,0.3010220097323027,3.6,2024-04-13 20:30:00,2024,НЕЙТРАЛЬ,-34.41997623201609
1713040200000,LONG,2.523918417799752,1.0399932024971592,10.48258652657602,True,AXS/USDT,0.2659340565021745,4.0,2024-04-13 20:30:00,2024,НЕЙТРАЛЬ,-34.41997623201609
1713040200000,LONG,3.1678236397748627,0.9355675305697946,7.571740150093817,True,ADA/USDT,0.2057265714839501,0.2,2024-04-13 20:30:00,2024,НЕЙТРАЛЬ,-34.41997623201609
1713040200000,LONG,3.267158706637783,1.180882883223643,7.380029636384357,True,BNB/USDT,0.2382411990470344,10.6,2024-04-13 20:30:00,2024,НЕЙТРАЛЬ,-34.41997623201609
1713040200000,LONG,3.3258193091231183,1.1183598884210413,11.603454384410991,False,BAT/USDT,0.1483955994346191,2.4,2024-04-13 20:30:00,2024,НЕЙТРАЛЬ,-34.41997623201609
1713040200000,LONG,3.5845007959972754,-0.445595333352806,11.191342582063522,True,ARKM/USDT,0.130050606503683,0.0,2024-04-13 20:30:00,2024,НЕЙТРАЛЬ,-34.41997623201609
1713040200000,LONG,4.765146147032772,1.14084422612695,11.691762621789191,False,ASTR/USDT,0.2099845844139332,5.0,2024-04-13 20:30:00,2024,НЕЙТРАЛЬ,-34.41997623201609
1713041100000,LONG,4.883468903575665,0.1836710288433596,5.233468903575664,True,DOT/USDT,0.2141750179827864,1.2,2024-04-13 20:45:00,2024,НЕЙТРАЛЬ,-36.902231859525
1713041100000,LONG,5.767862565185824,0.1632269745610444,6.117862565185811,True,AVAX/USDT,0.1830177426341822,1.4,2024-04-13 20:45:00,2024,НЕЙТРАЛЬ,-36.902231859525
1713041100000,LONG,5.884523809523818,0.9616088197859648,6.234523809523818,False,ENJ/USDT,0.2452085449290954,17.4,2024-04-13 20:45:00,2024,НЕЙТРАЛЬ,-36.902231859525
1713041100000,LONG,6.063679245283036,1.442613428832931,6.413679245283026,False,ALICE/USDT,0.2285127002263399,0.2,2024-04-13 20:45:00,2024,НЕЙТРАЛЬ,-36.902231859525
1713041100000,LONG,10.349154288192574,0.9631403936694658,10.699154288192574,False,AGLD/USDT,0.2125933486919266,1.7999999999999998,2024-04-13 20:45:00,2024,НЕЙТРАЛЬ,-36.902231859525
1713041100000,LONG,10.641993490642806,0.0581430050488219,10.991993490642804,False,BSV/USDT,0.1961775966627909,1.6,2024-04-13 20:45:00,2024,НЕЙТРАЛЬ,-36.902231859525
1713041100000,LONG,10.815424210152647,0.6711658859984173,11.165424210152649,False,CHR/USDT,0.1287729502249618,0.0,2024-04-13 20:45:00,2024,НЕЙТРАЛЬ,-36.902231859525
1713042000000,LONG,-4.773194315004668,0.4146873367432847,4.423194315004668,True,FET/USDT,0.0530948236552491,0.0,2024-04-13 21:00:00,2024,НЕЙТРАЛЬ,-36.31903145449854
1713042000000,LONG,4.057979071288417,1.1491094558772752,4.407979071288417,True,ALGO/USDT,0.1690251811929646,1.2,2024-04-13 21:00:00,2024,НЕЙТРАЛЬ,-36.31903145449854
1713042000000,LONG,7.692990021221821,0.8194479220263408,8.04299002122182,True,1000PEPE/USDT,0.0714452336706637,0.8,2024-04-13 21:00:00,2024,НЕЙТРАЛЬ,-36.31903145449854
1713042000000,LONG,8.092387927208174,-0.1336370062367003,8.442387927208161,False,ARPA/USDT,0.1714820239335561,0.4,2024-04-13 21:00:00,2024,НЕЙТРАЛЬ,-36.31903145449854
1713042000000,LONG,9.05107393638992,-0.4447821623876626,9.40107393638992,True,AR/USDT,-0.0496184177435669,0.4,2024-04-13 21:00:00,2024,НЕЙТРАЛЬ,-36.31903145449854
1713043800000,LONG,6.655594619382466,0.4819590830729143,7.005594619382466,True,1000SHIB/USDT,0.0764530744699361,,2024-04-13 21:30:00,2024,НЕЙТРАЛЬ,-36.303754671548155
1713044700000,LONG,0.6512782275244932,0.361732252319828,8.349914784831695,False,GAS/USDT,0.0802330020013138,0.0,2024-04-13 21:45:00,2024,НЕЙТРАЛЬ,-34.01611258754116
1713044700000,LONG,2.6018935516888435,1.00912133678153,7.459623336745145,True,ETC/USDT,-0.000767698967615,0.8,2024-04-13 21:45:00,2024,НЕЙТРАЛЬ,-34.01611258754116
1713044700000,LONG,3.55243902439026,1.189713260683547,9.234787456445977,True,DOGE/USDT,0.0079715787988712,0.0,2024-04-13 21:45:00,2024,НЕЙТРАЛЬ,-34.01611258754116
1713044700000,LONG,4.028531073446332,0.3317071697411864,8.749152542372881,False,CELO/USDT,0.0990484483122046,0.6,2024-04-13 21:45:00,2024,НЕЙТРАЛЬ,-34.01611258754116
1713044700000,LONG,4.578536224741256,-0.0833666569957338,8.27337933300477,False,DUSK/USDT,0.0951197937931481,0.8,2024-04-13 21:45:00,2024,НЕЙТРАЛЬ,-34.01611258754116
1713044700000,LONG,4.99158121330724,0.523116691531951,5.341581213307239,True,CAKE/USDT,0.2098395869009007,0.2,2024-04-13 21:45:00,2024,НЕЙТРАЛЬ,-34.01611258754116
1713044700000,LONG,7.116787989080991,1.0372449282749134,7.4667879890809905,True,AAVE/USDT,0.0918861471330335,7.6,2024-04-13 21:45:00,2024,НЕЙТРАЛЬ,-34.01611258754116
1713044700000,LONG,8.150523231477612,-0.8378334909057639,8.500523231477612,False,BICO/USDT,0.0349511683195646,,2024-04-13 21:45:00,2024,НЕЙТРАЛЬ,-34.01611258754116
1713044700000,LONG,8.633948569058502,0.7156543753800849,8.98394856905849,False,EDU/USDT,0.1354793191754989,1.6,2024-04-13 21:45:00,2024,НЕЙТРАЛЬ,-34.01611258754116
1713044700000,LONG,8.983480698236177,0.1289415333623186,9.333480698236176,False,CKB/USDT,-0.1137335711201947,3.6,2024-04-13 21:45:00,2024,НЕЙТРАЛЬ,-34.01611258754116
1713044700000,LONG,9.11289560015436,0.29067090369928,9.46289560015437,False,API3/USDT,0.1492357665136982,6.6000000000000005,2024-04-13 21:45:00,2024,НЕЙТРАЛЬ,-34.01611258754116
1713167100000,SHORT,4.545744819922868,0.4463452967698526,4.895744819922868,False,ACH/USDT,0.1244021449372801,5.4,2024-04-15 07:45:00,2024,МЕДВЕДЬ,-24.536761223986886
1713208500000,LONG,-0.0983221476509971,1.1300200304225452,4.565687919463078,False,ALICE/USDT,0.1183683802546998,0.2,2024-04-15 19:15:00,2024,МЕДВЕДЬ,-32.38590892056238
1713208500000,LONG,0.1878858746492073,0.5968050333097153,4.217118802619265,False,ANKR/USDT,0.1834488494465996,0.4,2024-04-15 19:15:00,2024,МЕДВЕДЬ,-32.38590892056238
1713208500000,LONG,0.273052959501561,1.1597190054513378,4.027102803738313,False,CTSI/USDT,0.1998745086270761,,2024-04-15 19:15:00,2024,МЕДВЕДЬ,-32.38590892056238
1713208500000,LONG,0.6347522236340507,0.6680705154241879,4.575571791613731,False,CHR/USDT,0.0796898216805126,0.0,2024-04-15 19:15:00,2024,МЕДВЕДЬ,-32.38590892056238
1713208500000,LONG,1.3206443914081158,0.7546150760261505,4.151775059665861,True,ENS/USDT,0.0391792100053513,0.8,2024-04-15 19:15:00,2024,МЕДВЕДЬ,-32.38590892056238
1713208500000,LONG,1.491574167507575,1.3054374156103592,4.022401614530772,False,1INCH/USDT,0.1397449577752216,0.4,2024-04-15 19:15:00,2024,МЕДВЕДЬ,-32.38590892056238
1713208500000,LONG,1.940853555065328,0.7903779948902789,4.292737145766157,True,FIL/USDT,0.0618876452735479,0.4,2024-04-15 19:15:00,2024,МЕДВЕДЬ,-32.38590892056238
1713208500000,LONG,2.0498435491982017,-0.0583802443966442,4.07140861596916,False,DUSK/USDT,0.122421388044621,1.0,2024-04-15 19:15:00,2024,МЕДВЕДЬ,-32.38590892056238
1713208500000,LONG,2.5763746505125904,1.446471019650543,4.481267474370925,False,EDU/USDT,0.1635698516379032,1.2,2024-04-15 19:15:00,2024,МЕДВЕДЬ,-32.38590892056238
1713208500000,LONG,2.8553098061435183,0.9488229109989802,4.5125055647739645,True,1000PEPE/USDT,0.0710292363273697,1.2,2024-04-15 19:15:00,2024,МЕДВЕДЬ,-32.38590892056238
1713208500000,LONG,2.8664274032346007,0.7027230918436934,5.111978920588784,False,ACH/USDT,0.1153339058304589,7.000000000000001,2024-04-15 19:15:00,2024,МЕДВЕДЬ,-32.38590892056238
1713209400000,LONG,-1.430781488152976,0.0339338147225265,5.397589025911043,False,ARPA/USDT,0.1221514180908742,0.6,2024-04-15 19:30:00,2024,МЕДВЕДЬ,-31.87755323286172
1713209400000,LONG,0.6619472182596265,0.4723946540872446,5.086773359486453,False,API3/USDT,0.2025976732744833,5.2,2024-04-15 19:30:00,2024,МЕДВЕДЬ,-31.87755323286172
1713209400000,LONG,1.394233768365757,0.3986806749491132,4.170811786916192,True,CFX/USDT,0.1245767722483023,0.2,2024-04-15 19:30:00,2024,МЕДВЕДЬ,-31.87755323286172
1713488400000,SHORT,4.317198838896951,-0.1726251601968841,4.667198838896951,False,GAS/USDT,0.1632454190041976,3.8,2024-04-19 01:00:00,2024,МЕДВЕДЬ,-25.886898766053886
1713494700000,LONG,4.064350372736967,0.0975328669795882,4.414350372736966,False,CKB/USDT,0.0582908802987709,4.0,2024-04-19 02:45:00,2024,МЕДВЕДЬ,-28.943095825099796
1713495600000,LONG,3.6866104423903248,0.6871648983389824,4.036610442390325,True,BTC/USDT,0.0169879198428994,0.2,2024-04-19 03:00:00,2024,МЕДВЕДЬ,-27.701601539114673
1713495600000,LONG,4.017239489587608,0.9462135844291308,4.367239489587607,True,ETH/USDT,0.0381579182459157,1.2,2024-04-19 03:00:00,2024,МЕДВЕДЬ,-27.701601539114673
1713495600000,LONG,4.100498296959756,0.7831394951539452,4.450498296959745,True,ATOM/USDT,0.0292107954400483,6.4,2024-04-19 03:00:00,2024,МЕДВЕДЬ,-27.701601539114673
1713495600000,LONG,4.288582928190022,1.012452155411715,4.638582928190021,True,ETC/USDT,0.0393081446236155,2.0,2024-04-19 03:00:00,2024,МЕДВЕДЬ,-27.701601539114673
1713495600000,LONG,4.337796055464644,0.1586109458950383,4.687796055464643,True,BCH/USDT,0.0291921310074,1.7999999999999998,2024-04-19 03:00:00,2024,МЕДВЕДЬ,-27.701601539114673
1713495600000,LONG,4.38111111111113,0.9640565280481476,4.7311111111111295,True,ALGO/USDT,0.0841336924298356,1.2,2024-04-19 03:00:00,2024,МЕДВЕДЬ,-27.701601539114673
1713495600000,LONG,4.429613566478496,0.5026096926448121,4.779613566478496,True,1000SHIB/USDT,0.0617693386790422,,2024-04-19 03:00:00,2024,МЕДВЕДЬ,-27.701601539114673
1713495600000,LONG,4.503605769230759,1.4610722999734091,4.853605769230759,True,CRV/USDT,0.0080818859358628,0.8,2024-04-19 03:00:00,2024,МЕДВЕДЬ,-27.701601539114673
1713495600000,LONG,4.589976133651541,0.754538104890108,4.93997613365154,False,FLOW/USDT,0.0724177946161119,0.0,2024-04-19 03:00:00,2024,МЕДВЕДЬ,-27.701601539114673
1713495600000,LONG,4.594330688507809,1.2769394554784987,4.944330688507809,False,EGLD/USDT,0.0440670935153879,2.4,2024-04-19 03:00:00,2024,МЕДВЕДЬ,-27.701601539114673
1713495600000,LONG,4.594350336862372,0.2608203097879691,4.944350336862372,True,CHZ/USDT,0.0474322103984659,2.4,2024-04-19 03:00:00,2024,МЕДВЕДЬ,-27.701601539114673
1713495600000,LONG,4.608451672010989,1.0054431828937154,4.958451672010988,True,ARB/USDT,0.045288664100313,2.2,2024-04-19 03:00:00,2024,МЕДВЕДЬ,-27.701601539114673
1713495600000,LONG,4.652879631407184,0.8093365520368798,5.929059320406969,False,ACE/USDT,0.0697185796495598,2.0,2024-04-19 03:00:00,2024,МЕДВЕДЬ,-27.701601539114673
1713495600000,LONG,4.752632014567124,0.4672458696467449,5.102632014567123,True,APE/USDT,0.0391348607896174,1.4,2024-04-19 03:00:00,2024,МЕДВЕДЬ,-27.701601539114673
1713495600000,LONG,4.780885850178369,0.0358667200590729,5.130885850178369,False,ARPA/USDT,0.0543049997379025,2.0,2024-04-19 03:00:00,2024,МЕДВЕДЬ,-27.701601539114673
1713495600000,LONG,4.863156671315662,1.4119967401919007,5.213156671315661,True,DYDX/USDT,0.0484578182961279,1.0,2024-04-19 03:00:00,2024,МЕДВЕДЬ,-27.701601539114673
1713495600000,LONG,4.934771130802079,-0.2654918385833223,5.284771130802079,True,CFX/USDT,0.0950724462807034,0.0,2024-04-19 03:00:00,2024,МЕДВЕДЬ,-27.701601539114673
1713495600000,LONG,4.946020633750925,0.7639027001158709,5.296020633750925,False,ASTR/USDT,0.0450538811813605,5.0,2024-04-19 03:00:00,2024,МЕДВЕДЬ,-27.701601539114673
1713495600000,LONG,4.970927392935858,-0.6988934404102073,5.320927392935857,True,AVAX/USDT,0.0579512016882247,3.8,2024-04-19 03:00:00,2024,МЕДВЕДЬ,-27.701601539114673
1713495600000,LONG,4.986658031088082,0.8463717449919758,5.336658031088081,False,CELO/USDT,0.0786870165602083,0.4,2024-04-19 03:00:00,2024,МЕДВЕДЬ,-27.701601539114673
1713495600000,LONG,5.048160095579456,0.3042819479056961,5.398160095579455,False,ACH/USDT,0.0482823044458311,6.0,2024-04-19 03:00:00,2024,МЕДВЕДЬ,-27.701601539114673
1713495600000,LONG,5.070103172158916,0.5021479831973442,5.420103172158916,True,ENS/USDT,-0.0072747776433283,0.6,2024-04-19 03:00:00,2024,МЕДВЕДЬ,-27.701601539114673
1713495600000,LONG,5.0799349655700015,1.0252705621940268,5.429934965570001,False,COMP/USDT,0.0120605554192655,2.4,2024-04-19 03:00:00,2024,МЕДВЕДЬ,-27.701601539114673
1713495600000,LONG,5.093518828451867,-0.3304586681977646,5.443518828451866,True,AR/USDT,0.0564537680353062,0.0,2024-04-19 03:00:00,2024,МЕДВЕДЬ,-27.701601539114673
1713495600000,LONG,5.258482437335093,0.4062401640548898,5.608482437335093,True,1000PEPE/USDT,0.0788424005268018,2.6,2024-04-19 03:00:00,2024,МЕДВЕДЬ,-27.701601539114673
1713495600000,LONG,5.2848853370396265,0.5900784382198923,5.634885337039626,False,CHR/USDT,0.072194541070875,0.0,2024-04-19 03:00:00,2024,МЕДВЕДЬ,-27.701601539114673
1713495600000,LONG,5.311441647597266,1.0367600700957984,5.6614416475972655,False,BIGTIME/USDT,0.0413751211567779,1.0,2024-04-19 03:00:00,2024,МЕДВЕДЬ,-27.701601539114673
1713495600000,LONG,5.339513604623172,0.647518624156832,5.689513604623172,True,AAVE/USDT,0.0351701691542358,3.6,2024-04-19 03:00:00,2024,МЕДВЕДЬ,-27.701601539114673
1713495600000,LONG,5.413446309787764,0.89407111302447,5.763446309787764,False,ENJ/USDT,0.0614212122242243,15.0,2024-04-19 03:00:00,2024,МЕДВЕДЬ,-27.701601539114673
1713495600000,LONG,5.439041821069357,0.5577396141266516,5.789041821069357,False,BLUR/USDT,0.0941300610779088,4.4,2024-04-19 03:00:00,2024,МЕДВЕДЬ,-27.701601539114673
1713495600000,LONG,5.502701579384891,0.8878662221855956,5.852701579384891,False,ALICE/USDT,0.0865613727816288,0.2,2024-04-19 03:00:00,2024,МЕДВЕДЬ,-27.701601539114673
1713495600000,LONG,5.581922679928684,0.4592809842070397,5.931922679928683,False,COTI/USDT,0.0776448054589558,7.399999999999999,2024-04-19 03:00:00,2024,МЕДВЕДЬ,-27.701601539114673
1713495600000,LONG,5.882176882976806,1.2388096342706765,6.232176882976805,False,EDU/USDT,0.060769914802733,2.2,2024-04-19 03:00:00,2024,МЕДВЕДЬ,-27.701601539114673
1713495600000,LONG,6.498827947774361,0.0601888650043578,6.84882794777436,True,FET/USDT,0.1033487221428199,1.0,2024-04-19 03:00:00,2024,МЕДВЕДЬ,-27.701601539114673
1713636000000,SHORT,-5.386476310009399,0.7005410396652707,5.036476310009399,True,1000SHIB/USDT,0.1306825291649195,,2024-04-20 18:00:00,2024,МЕДВЕДЬ,7.348806348677561
1713765600000,SHORT,3.892111192962688,-0.2278242066997301,4.242111192962688,True,ARKM/USDT,0.0219651137123342,2.0,2024-04-22 06:00:00,2024,НЕЙТРАЛЬ,7.045421152459053
1713771000000,SHORT,3.660309278350518,0.1926569180678027,4.010309278350518,False,COTI/USDT,0.0961689417771999,3.2,2024-04-22 07:30:00,2024,НЕЙТРАЛЬ,3.761746100569485
1713820500000,SHORT,-1.2258612635758412,-0.3285770345186042,4.917923040990298,True,AR/USDT,0.0829087055426239,1.4,2024-04-22 21:15:00,2024,НЕЙТРАЛЬ,13.959699820689607
1713937500000,SHORT,7.090562913907252,1.0006739111906766,7.440562913907252,True,ALGO/USDT,0.0756922374177405,4.4,2024-04-24 05:45:00,2024,НЕЙТРАЛЬ,13.337495877790273
1713938400000,SHORT,1.9236275053473904,0.2636615614362172,4.328527291452084,True,CHZ/USDT,-0.0877598933217613,5.0,2024-04-24 06:00:00,2024,НЕЙТРАЛЬ,12.712449844438456
1713962700000,SHORT,5.405648535564849,0.0237424673721455,5.755648535564848,False,CKB/USDT,0.0796918748285931,3.8,2024-04-24 12:45:00,2024,НЕЙТРАЛЬ,15.591062296441848
1714056300000,SHORT,-5.530407511594294,0.9920024912824568,5.180407511594295,True,1000BONK/USDT,0.0424351758862297,2.8000000000000003,2024-04-25 14:45:00,2024,НЕЙТРАЛЬ,2.5232418819822744
1714082400000,SHORT,3.7350091607645495,-0.2129244104059339,4.08500916076455,True,AR/USDT,0.0380984079845515,2.2,2024-04-25 22:00:00,2024,НЕЙТРАЛЬ,4.950317200009213
1714164300000,SHORT,4.290146878824964,0.2938798441996195,4.640146878824964,True,APE/USDT,-0.0905106360690399,0.2,2024-04-26 20:45:00,2024,НЕЙТРАЛЬ,2.270572955938066
1714183200000,LONG,0.6014435695537921,0.0910241710137179,4.290616797900253,False,CHR/USDT,0.0162907802702172,2.4,2024-04-27 02:00:00,2024,НЕЙТРАЛЬ,-1.4070463298203495
1714183200000,LONG,0.7201889703046772,1.1668129609492304,6.326986116467396,True,ARB/USDT,0.017955911618363,3.0,2024-04-27 02:00:00,2024,НЕЙТРАЛЬ,-1.4070463298203495
1714183200000,LONG,0.8839055793991396,0.3912489809417319,5.274302575107304,False,BIGTIME/USDT,-0.021885927867249,1.2,2024-04-27 02:00:00,2024,НЕЙТРАЛЬ,-1.4070463298203495
1714216500000,SHORT,4.195275758871294,0.4329890971834214,4.545275758871294,False,CTSI/USDT,0.1649618687948035,,2024-04-27 11:15:00,2024,НЕЙТРАЛЬ,-0.5433991778529546
1714441500000,SHORT,4.23522325730806,-0.0468524478464108,4.585223257308059,False,CKB/USDT,0.0826976917079206,9.8,2024-04-30 01:45:00,2024,НЕЙТРАЛЬ,-10.373918410156962
1714526100000,LONG,-4.554552991112874,-0.0540267895199991,4.204552991112874,True,AR/USDT,0.0772495160797267,0.0,2024-05-01 01:15:00,2024,МЕДВЕДЬ,-15.65110575628918
1714554000000,LONG,-2.7460216998191647,-0.065393347597738,4.26636528028934,False,ANKR/USDT,0.028282441221382,4.8,2024-05-01 09:00:00,2024,МЕДВЕДЬ,-18.718384814265765
1714554000000,LONG,-0.2101677986416454,0.0561820578104396,4.0243108270076,False,AGLD/USDT,0.1205585036392527,6.2,2024-05-01 09:00:00,2024,МЕДВЕДЬ,-18.718384814265765
1714590900000,SHORT,0.3774270743380795,0.0167828221127653,7.165961682010434,True,1000PEPE/USDT,0.0249254769123436,5.4,2024-05-01 19:15:00,2024,МЕДВЕДЬ,-12.176821399923277
1714590900000,SHORT,0.6150479430869157,-0.2272118249337158,4.1903866377977135,False,CKB/USDT,0.1204114254217249,1.6,2024-05-01 19:15:00,2024,МЕДВЕДЬ,-12.176821399923277
1714654800000,SHORT,-4.456288969773673,-0.3158532363782943,4.106288969773673,True,AR/USDT,0.0645664530852878,2.4,2024-05-02 13:00:00,2024,МЕДВЕДЬ,-5.830799683429672
1714657500000,SHORT,-4.785403063529196,0.5569663999649768,4.435403063529196,True,1000BONK/USDT,0.0613743932506994,1.7999999999999998,2024-05-02 13:45:00,2024,МЕДВЕДЬ,-7.537742250057616
1714715100000,SHORT,4.542479235407894,-0.3215274468837264,8.242746615087029,False,CYBER/USDT,0.1581053844757516,18.8,2024-05-03 05:45:00,2024,МЕДВЕДЬ,-7.008688863946194
1714786200000,SHORT,-4.395893482064732,-0.1578235749230044,4.0458934820647325,False,CKB/USDT,0.0607271030959273,11.4,2024-05-04 01:30:00,2024,МЕДВЕДЬ,1.5348445270467304
1714823100000,SHORT,0.2915151978005074,-0.1358687263898021,4.135105137212962,False,CKB/USDT,0.0513271901120377,7.8,2024-05-04 11:45:00,2024,МЕДВЕДЬ,1.3379373885327395
1714828500000,SHORT,1.454768001951095,0.7280660838623321,4.116059996341686,True,DOGE/USDT,0.0440574597101893,9.8,2024-05-04 13:15:00,2024,МЕДВЕДЬ,0.3990289036134409
1715148900000,SHORT,-3.1654648499894176,0.2342211392763194,5.693033504609038,False,ACE/USDT,0.0703163124788358,5.2,2024-05-08 06:15:00,2024,НЕЙТРАЛЬ,4.206920062366793
1715183100000,SHORT,4.070549581839895,1.3432556669784106,11.803942652329749,False,CELO/USDT,-0.2044787282188359,6.2,2024-05-08 15:45:00,2024,НЕЙТРАЛЬ,9.32598614066168
1715188500000,SHORT,0.9673510562544584,0.579547664218016,9.81100166152383,False,AUCTION/USDT,-0.1598902985611589,3.0,2024-05-08 17:15:00,2024,НЕЙТРАЛЬ,8.728659756463896
1715193900000,SHORT,-4.933006122852063,1.1155895450761737,4.583006122852063,False,API3/USDT,0.0204549974492996,6.800000000000001,2024-05-08 18:45:00,2024,НЕЙТРАЛЬ,4.119103348209596
1715197500000,SHORT,3.264631336405527,0.0421343173526097,4.792122695852517,False,ARPA/USDT,0.0024838550626511,6.6000000000000005,2024-05-08 19:45:00,2024,НЕЙТРАЛЬ,6.387675575071983
1715280300000,SHORT,-1.5349901250822775,0.6428624887550325,6.033629580864573,False,AUCTION/USDT,-0.2407947910679373,3.2,2024-05-09 18:45:00,2024,НЕЙТРАЛЬ,3.3371318008890816
1715391900000,SHORT,-0.35,0.882521374480734,5.000876040297833,False,ARK/USDT,0.104343789527144,8.0,2024-05-11 01:45:00,2024,НЕЙТРАЛЬ,-4.438727538166187
1715463000000,SHORT,2.2113079019073654,-0.0940782521403259,6.558501362397785,False,ARPA/USDT,0.0858513656694288,6.4,2024-05-11 21:30:00,2024,НЕЙТРАЛЬ,-6.083883531851725
1715619600000,SHORT,3.840219224283302,0.4614186989990944,4.190219224283302,False,CHR/USDT,0.1166832554588351,0.2,2024-05-13 17:00:00,2024,МЕДВЕДЬ,-5.66208549459839
1715620500000,SHORT,3.505716561128176,0.2076381708318937,7.153956722738014,True,1000PEPE/USDT,0.0403329017198932,6.800000000000001,2024-05-13 17:15:00,2024,МЕДВЕДЬ,-6.426511696888204
1715676300000,SHORT,-5.063986725997428,0.2048057351666385,4.713986725997429,True,1000PEPE/USDT,0.0712940220800389,5.6000000000000005,2024-05-14 08:45:00,2024,МЕДВЕДЬ,-8.024480146818668
1715743800000,SHORT,-3.556542905361546,-0.3954433968739537,6.042217317928066,False,CYBER/USDT,0.103312222391047,0.4,2024-05-15 03:30:00,2024,МЕДВЕДЬ,-6.421289091802418
1715783400000,SHORT,1.6660741043454692,-0.2472238627286085,5.669554556599903,False,ARPA/USDT,0.0021673292724427,6.0,2024-05-15 14:30:00,2024,МЕДВЕДЬ,-3.8436111336151546
1715934600000,SHORT,-1.2020209937972872,0.4930890836072195,4.094322132097337,True,ENS/USDT,-0.0742818570879253,7.199999999999999,2024-05-17 08:30:00,2024,МЕДВЕДЬ,-2.6837624794912305
1715963400000,SHORT,-2.0974633596392205,-0.655850524345013,4.289133157960652,False,CKB/USDT,0.1073193697368832,12.6,2024-05-17 16:30:00,2024,НЕЙТРАЛЬ,4.535258429847611
1715964300000,SHORT,-0.087876802096981,0.1829814468956544,4.2436435124508325,True,GALA/USDT,0.0638298193165624,11.2,2024-05-17 16:45:00,2024,НЕЙТРАЛЬ,3.494758363069539
1716022800000,SHORT,6.210946114173916,0.3124950056828344,6.560946114173916,False,BICO/USDT,-0.060637201694073,,2024-05-18 09:00:00,2024,НЕЙТРАЛЬ,5.88819163458173
1716228900000,SHORT,4.089929140832588,-0.4271456427420876,4.439929140832588,False,CKB/USDT,0.0289372822333978,12.8,2024-05-20 18:15:00,2024,НЕЙТРАЛЬ,6.9088828921291645
1716235200000,SHORT,-1.0200167504187485,-0.1605947511612678,5.452205471803443,False,BIGTIME/USDT,0.0623069422507992,1.2,2024-05-20 20:00:00,2024,НЕЙТРАЛЬ,9.160951366572656
1716245100000,SHORT,-4.4063187596192055,0.652134424365515,4.056318759619206,True,ENS/USDT,0.0975918585687826,5.800000000000001,2024-05-20 22:45:00,2024,НЕЙТРАЛЬ,11.173210416286794
1716245100000,SHORT,0.7708009319019035,-0.2741211707515026,4.202994049680439,True,ETC/USDT,0.1008966605578797,9.6,2024-05-20 22:45:00,2024,НЕЙТРАЛЬ,11.173210416286794
1716246000000,SHORT,-4.725866469639966,0.3023377995947479,4.375866469639966,True,1000BONK/USDT,-0.0064901558795958,12.6,2024-05-20 23:00:00,2024,НЕЙТРАЛЬ,11.02151306859379
1716254100000,SHORT,-4.362545809919372,0.1171142490310532,4.012545809919373,False,CYBER/USDT,0.0576699514253653,35.8,2024-05-21 01:15:00,2024,НЕЙТРАЛЬ,10.658750767856151
1716254100000,SHORT,-1.398398678730438,0.3282352737602192,4.261295418641371,False,BSV/USDT,0.0052305084335575,8.4,2024-05-21 01:15:00,2024,НЕЙТРАЛЬ,10.658750767856151
1716299100000,SHORT,-0.7665088981446467,0.9443787484778258,4.439606209769021,True,ENS/USDT,0.1351135696963057,8.4,2024-05-21 13:45:00,2024,НЕЙТРАЛЬ,16.26964151137119
1716302700000,SHORT,-4.992861331704333,0.6624453896746856,4.642861331704333,True,1000PEPE/USDT,-0.010486839392326,53.2,2024-05-21 14:45:00,2024,НЕЙТРАЛЬ,16.869585512051632
1716306300000,SHORT,-4.396743801652897,0.7752968515807557,4.046743801652897,False,EDU/USDT,0.0105801566563942,6.6000000000000005,2024-05-21 15:45:00,2024,НЕЙТРАЛЬ,14.866043002207086
1716345000000,SHORT,-5.681969986758862,0.8994252204520498,5.331969986758862,False,EDU/USDT,0.0434713282297442,6.6000000000000005,2024-05-22 02:30:00,2024,НЕЙТРАЛЬ,16.699485243303158
1716377400000,SHORT,4.090825688073376,0.1388020310435013,4.440825688073375,True,GALA/USDT,-0.0114170027987261,12.0,2024-05-22 11:30:00,2024,НЕЙТРАЛЬ,18.08230212521902
1716419700000,SHORT,-5.744143142920634,1.7894696375233443,5.394143142920634,False,EDU/USDT,0.0755671951037995,0.4,2024-05-22 23:15:00,2024,НЕЙТРАЛЬ,7.80273548054743
1716444000000,SHORT,-4.879492270902705,0.7405828203271853,4.529492270902705,True,1000PEPE/USDT,0.0401479101585517,9.2,2024-05-23 06:00:00,2024,НЕЙТРАЛЬ,7.664843168813085
1716468300000,SHORT,4.628063126501529,0.0671480656271254,4.978063126501529,True,ENS/USDT,0.0379336821874883,8.4,2024-05-23 12:45:00,2024,НЕЙТРАЛЬ,8.018245014159897
1716469200000,SHORT,4.43358403986994,-0.6355579149072244,4.78358403986994,True,ETC/USDT,0.0112325763398671,9.6,2024-05-23 13:00:00,2024,НЕЙТРАЛЬ,8.91569276682439
1716469200000,SHORT,4.574918490917544,0.4946494501064101,4.924918490917544,False,BLUR/USDT,-0.0261737688393733,37.6,2024-05-23 13:00:00,2024,НЕЙТРАЛЬ,8.91569276682439
1716469200000,SHORT,5.1386524822694994,0.5593243563312437,5.488652482269499,True,ARB/USDT,-0.0129779058878477,13.6,2024-05-23 13:00:00,2024,НЕЙТРАЛЬ,8.91569276682439
1716472800000,LONG,-4.873260669544905,-0.0480747865876776,4.523260669544905,False,API3/USDT,0.0248930208835815,12.0,2024-05-23 14:00:00,2024,НЕЙТРАЛЬ,6.887920978548257
1716472800000,LONG,-4.722554793656141,-0.7220755109389807,4.372554793656142,True,ARKM/USDT,-0.0562003905407111,9.0,2024-05-23 14:00:00,2024,НЕЙТРАЛЬ,6.887920978548257
1716495300000,LONG,2.080323299888519,-0.7363453788910767,5.72403567447045,False,ANKR/USDT,-0.0052682243147786,10.2,2024-05-23 20:15:00,2024,НЕЙТРАЛЬ,4.082030122915348
1716495300000,LONG,3.5541394335511938,-0.7576836529940668,9.344679738562077,True,ARKM/USDT,-0.0422786955622071,9.0,2024-05-23 20:15:00,2024,НЕЙТРАЛЬ,4.082030122915348
1716495300000,LONG,3.993174247059619,-0.7295531806048026,4.343174247059619,False,ACH/USDT,-0.0661034486148667,15.6,2024-05-23 20:15:00,2024,НЕЙТРАЛЬ,4.082030122915348
1716495300000,LONG,4.7144665247220345,-0.0844703921034356,5.064466524722034,True,GALA/USDT,0.0107657880181159,12.0,2024-05-23 20:15:00,2024,НЕЙТРАЛЬ,4.082030122915348
1716496200000,LONG,2.350333157987024,0.1664201308056579,4.810362966859545,True,CHZ/USDT,-0.0694858560559865,10.4,2024-05-23 20:30:00,2024,НЕЙТРАЛЬ,4.2390157671143065
1716496200000,LONG,3.703198454194136,-0.088792043897647,4.053198454194136,True,CFX/USDT,-0.043968534528852,6.6000000000000005,2024-05-23 20:30:00,2024,НЕЙТРАЛЬ,4.2390157671143065
1716496200000,LONG,4.14645512959354,-0.047945333446477,4.49645512959354,False,API3/USDT,0.0090204124501856,12.0,2024-05-23 20:30:00,2024,НЕЙТРАЛЬ,4.2390157671143065
1716496200000,LONG,4.704229028889671,0.2946914706707063,5.054229028889671,False,COMP/USDT,-0.0569929759138208,21.8,2024-05-23 20:30:00,2024,НЕЙТРАЛЬ,4.2390157671143065
1716522300000,SHORT,4.56089876033058,-0.6212536299302467,4.910898760330579,False,BIGTIME/USDT,-0.1092549859429793,1.2,2024-05-24 03:45:00,2024,НЕЙТРАЛЬ,7.425581550749594
1716564600000,SHORT,1.8041407371948253,-0.1400945360678154,4.0510471517472455,True,DOGE/USDT,-0.1416815738691434,15.4,2024-05-24 15:30:00,2024,НЕЙТРАЛЬ,3.0836083608360876
1716566400000,SHORT,3.7450254364666207,-0.1429913818456083,4.095025436466621,True,1000BONK/USDT,-0.0353296159879023,12.6,2024-05-24 16:00:00,2024,НЕЙТРАЛЬ,1.9097473404476428
1716575400000,SHORT,-0.2066565131696787,2.429098624219345,8.261458519978481,False,EDU/USDT,0.1137436776536776,1.6,2024-05-24 18:30:00,2024,НЕЙТРАЛЬ,4.543315875063603
1716601500000,SHORT,-1.1626603934987103,-0.2742002707167825,6.091488451668069,False,CTSI/USDT,-0.0360932453272972,,2024-05-25 01:45:00,2024,НЕЙТРАЛЬ,4.494658762305514
1716644700000,SHORT,-6.391753402722167,-0.2614194203590815,6.041753402722168,False,CTSI/USDT,-0.1423350837856964,,2024-05-25 13:45:00,2024,НЕЙТРАЛЬ,4.8752812417502405
1716669000000,SHORT,3.304896250455039,0.2050083472309862,4.4478267200582335,True,CHZ/USDT,0.1299248419558306,10.4,2024-05-25 20:30:00,2024,НЕЙТРАЛЬ,4.696454570288555
1716742800000,SHORT,2.00659960286238,-0.4444830822934718,4.598947210670254,True,ENS/USDT,-0.0804067271034253,8.4,2024-05-26 17:00:00,2024,НЕЙТРАЛЬ,7.964525815083146
1716783300000,SHORT,-4.875158516143123,0.211241970638508,4.525158516143123,False,AGLD/USDT,-0.0774386030528107,14.000000000000002,2024-05-27 04:15:00,2024,НЕЙТРАЛЬ,8.490571047046346
1716792300000,SHORT,5.391547077353855,1.5819321159430857,5.741547077353855,False,EDU/USDT,0.0966647028208862,8.200000000000001,2024-05-27 06:45:00,2024,НЕЙТРАЛЬ,7.306102923514901
1716827400000,SHORT,-1.0473022405121204,-0.3486943740745989,4.049211248285299,False,CKB/USDT,-0.0622256181325915,65.0,2024-05-27 16:30:00,2024,НЕЙТРАЛЬ,9.393050776544875
1716829200000,SHORT,0.8222617944868617,0.0401893281442788,4.08684000383299,False,API3/USDT,-0.0148768513703568,12.0,2024-05-27 17:00:00,2024,НЕЙТРАЛЬ,9.312315516285397
1716901200000,SHORT,1.3489829864081369,-0.1704875128391938,6.081955137344336,True,1000BONK/USDT,-0.0192703130509019,80.60000000000001,2024-05-28 13:00:00,2024,НЕЙТРАЛЬ,-1.0021196340414595
1716945300000,SHORT,0.2255395683453136,-0.3247162593614116,4.0041247002398,False,BIGTIME/USDT,-0.1094196617541301,49.2,2024-05-29 01:15:00,2024,НЕЙТРАЛЬ,-0.6963849748722217
1716970500000,SHORT,1.7000000000000033,-0.1762263165129378,5.0767874999999885,False,ARPA/USDT,-0.1412900496804981,66.8,2024-05-29 08:15:00,2024,НЕЙТРАЛЬ,0.09228859476370088
1717054200000,SHORT,9.22824229125763,-0.5165898331548933,9.578242291257627,False,AUCTION/USDT,-0.0315464492552679,0.2,2024-05-30 07:30:00,2024,НЕЙТРАЛЬ,-3.2856679985167228
1717057800000,LONG,3.721790288948458,-0.5412138679047702,4.071790288948458,True,1000BONK/USDT,0.0127706227591401,12.6,2024-05-30 08:30:00,2024,НЕЙТРАЛЬ,-3.023010365044898
1717099200000,SHORT,-2.2438646675872835,0.016401591592923,5.167587295324502,False,1INCH/USDT,0.0387064935620785,8.200000000000001,2024-05-30 20:00:00,2024,НЕЙТРАЛЬ,3.470605922636205
1717164000000,SHORT,1.3886195491339537,0.592806823503818,4.959685351205485,False,DUSK/USDT,0.0323773301601141,7.399999999999999,2024-05-31 14:00:00,2024,НЕЙТРАЛЬ,-0.4162778541280554
1717176600000,SHORT,-1.2222741433021815,0.3580391701747582,7.92404984423676,False,ALICE/USDT,0.2793709134827458,0.0,2024-05-31 17:30:00,2024,НЕЙТРАЛЬ,-0.5018611436238107
1717241400000,SHORT,-1.017259786476869,0.4381696853841935,4.226334519572943,False,BIGTIME/USDT,-0.0232571496991748,60.6,2024-06-01 11:30:00,2024,НЕЙТРАЛЬ,-3.173531759363385
1717276500000,SHORT,4.707791856356048,0.9579183051117476,5.057791856356047,False,ACE/USDT,0.0316675177016262,95.2,2024-06-01 21:15:00,2024,НЕЙТРАЛЬ,-2.2358085137273163
1717279200000,SHORT,-4.5929665913087225,0.2364304479064983,4.242966591308723,True,AXS/USDT,-0.0232444947536688,38.6,2024-06-01 22:00:00,2024,НЕЙТРАЛЬ,-2.120988079492453
1717284600000,SHORT,-5.0967806167400775,-0.8597417856853498,4.746780616740078,True,ENS/USDT,-0.0041220948409987,59.0,2024-06-01 23:30:00,2024,НЕЙТРАЛЬ,-2.514445324550796
1717291800000,SHORT,1.4289160379317545,0.0860831037163342,4.916840866615893,False,AGLD/USDT,-0.0987426127001028,14.000000000000002,2024-06-02 01:30:00,2024,НЕЙТРАЛЬ,-2.216277136954392
1717385400000,SHORT,0.5212516783529862,-0.3605183920606155,4.741151723109032,False,API3/USDT,0.0231434636089879,12.0,2024-06-03 03:30:00,2024,НЕЙТРАЛЬ,-2.81817335733473
1717388100000,SHORT,-7.516528583264293,0.5180374813194982,11.352112676056333,False,ALICE/USDT,0.235883973272599,4.8,2024-06-03 04:15:00,2024,НЕЙТРАЛЬ,-3.5317940186064547
1717388100000,SHORT,-1.9189679229779448,0.7709414280896487,5.540399373653107,False,ACE/USDT,0.0211758370507335,7.399999999999999,2024-06-03 04:15:00,2024,НЕЙТРАЛЬ,-3.5317940186064547
1717392600000,SHORT,-2.165038893690571,0.8429792819651246,5.877038317487742,False,CHR/USDT,-0.0034681531047488,7.199999999999999,2024-06-03 05:30:00,2024,НЕЙТРАЛЬ,-1.8377248485944186
1717394400000,SHORT,-1.2453418027828171,0.1183514285108229,4.049872958257684,True,AXS/USDT,0.0887173451198474,37.8,2024-06-03 06:00:00,2024,НЕЙТРАЛЬ,-1.78426434362996
1717418700000,SHORT,4.861966979082608,0.1132469268053876,5.211966979082607,False,AGLD/USDT,-0.0772083100315334,14.000000000000002,2024-06-03 12:45:00,2024,НЕЙТРАЛЬ,-1.6251008575284942
1717467300000,SHORT,4.46397755972342,0.2958196516786022,4.81397755972342,False,DUSK/USDT,-0.008527957593837,7.399999999999999,2024-06-04 02:15:00,2024,НЕЙТРАЛЬ,-2.7482210424210063
1717477200000,LONG,-0.5631572348073183,-0.624836668090566,5.3462551199531845,True,1000SHIB/USDT,-0.1186666740736701,,2024-06-04 05:00:00,2024,НЕЙТРАЛЬ,-1.848834831340307
1717517700000,SHORT,-5.857183874370068,0.3119949263631343,5.507183874370068,False,CKB/USDT,0.1525532625649019,12.8,2024-06-04 16:15:00,2024,НЕЙТРАЛЬ,-1.2975521625810338
1717552800000,SHORT,-0.2254948282467042,0.4529755190894728,5.215097050185139,True,CAKE/USDT,-0.0804163390508628,90.6,2024-06-05 02:00:00,2024,НЕЙТРАЛЬ,0.3867336361440543
1717763400000,SHORT,4.615715754304794,0.3508523747067406,4.965715754304794,False,CKB/USDT,0.0870656475329106,12.8,2024-06-07 12:30:00,2024,НЕЙТРАЛЬ,0.13821914866457008
1717765200000,LONG,-4.3851585014409205,-0.1544726780412692,4.035158501440921,False,BIGTIME/USDT,-0.1580825938200936,71.0,2024-06-07 13:00:00,2024,НЕЙТРАЛЬ,0.44666810748729135
1717771500000,SHORT,3.983693815478197,0.0437004281172497,4.333693815478197,False,COTI/USDT,-0.1734399349509839,76.4,2024-06-07 14:45:00,2024,НЕЙТРАЛЬ,3.095413201491415
1717785000000,LONG,-0.6346975088968037,1.2030464362637896,9.986156583629894,False,DASH/USDT,-0.3183121086479711,6.4,2024-06-07 18:30:00,2024,НЕЙТРАЛЬ,-6.772979476390983
1717785000000,LONG,0.3449270326615681,0.280578970944371,8.54482279360668,False,BSV/USDT,-0.2604785976782135,79.4,2024-06-07 18:30:00,2024,НЕЙТРАЛЬ,-6.772979476390983
1717785000000,LONG,0.6342199446884682,0.1386861920017285,11.223694485114688,True,CHZ/USDT,-0.2927233890137345,71.39999999999999,2024-06-07 18:30:00,2024,НЕЙТРАЛЬ,-6.772979476390983
1717785000000,LONG,0.9262983669265836,0.5014716065642446,8.580219214359278,True,CAKE/USDT,-0.100598237579104,8.0,2024-06-07 18:30:00,2024,НЕЙТРАЛЬ,-6.772979476390983
1717785000000,LONG,0.9544669772540444,-0.258031077735864,11.376563442038917,True,FET/USDT,-0.2434222553055188,65.4,2024-06-07 18:30:00,2024,НЕЙТРАЛЬ,-6.772979476390983
1717785000000,LONG,0.9779970893214552,0.103044596947902,8.733782062943417,False,COMP/USDT,-0.2878508612833035,21.8,2024-06-07 18:30:00,2024,НЕЙТРАЛЬ,-6.772979476390983
1717785000000,LONG,2.017175170962647,0.253734415830541,8.638926880589162,True,DYDX/USDT,-0.2928745232086764,72.2,2024-06-07 18:30:00,2024,НЕЙТРАЛЬ,-6.772979476390983
1717785000000,LONG,2.78502838805234,-0.7269998363795238,8.938533695383844,False,AUCTION/USDT,-0.2782097839248349,91.0,2024-06-07 18:30:00,2024,НЕЙТРАЛЬ,-6.772979476390983
1717785000000,LONG,3.6729635106336658,-0.3160865296132496,7.836145783499328,True,1000SHIB/USDT,-0.2525933233214144,,2024-06-07 18:30:00,2024,НЕЙТРАЛЬ,-6.772979476390983
1717785000000,LONG,3.8942936458975854,0.2769536312075413,8.738519432449113,False,CYBER/USDT,-0.3174979045903938,49.6,2024-06-07 18:30:00,2024,НЕЙТРАЛЬ,-6.772979476390983
1717785000000,LONG,5.6638199093068415,-0.6698143611130425,11.699514143813436,True,1000BONK/USDT,-0.2412082103312955,92.0,2024-06-07 18:30:00,2024,НЕЙТРАЛЬ,-6.772979476390983
1717785900000,LONG,-1.4721406991799704,0.116282743326304,9.078075097108329,False,BAT/USDT,-0.2217045292769371,7.000000000000001,2024-06-07 18:45:00,2024,НЕЙТРАЛЬ,-6.948821573365771
1717785900000,LONG,-1.4565006915629284,-0.4013495924749842,8.43596127247579,False,EGLD/USDT,-0.1869323137204449,67.0,2024-06-07 18:45:00,2024,НЕЙТРАЛЬ,-6.948821573365771
1717785900000,LONG,0.017528828042458,-0.5547058349535795,9.63012817567878,True,ENS/USDT,-0.197752589133945,67.60000000000001,2024-06-07 18:45:00,2024,НЕЙТРАЛЬ,-6.948821573365771
1717785900000,LONG,0.0498196302420041,-0.5645704653324719,7.987674733203065,True,AVAX/USDT,-0.1753046745513587,75.4,2024-06-07 18:45:00,2024,НЕЙТРАЛЬ,-6.948821573365771
1717785900000,LONG,0.282308947511568,-0.2508896196352174,7.620913788414449,True,DOGE/USDT,-0.1172331879959792,15.4,2024-06-07 18:45:00,2024,НЕЙТРАЛЬ,-6.948821573365771
1717785900000,LONG,0.28255152807392,0.2381551604334714,9.327562189054722,False,ACH/USDT,-0.1991460123063508,75.0,2024-06-07 18:45:00,2024,НЕЙТРАЛЬ,-6.948821573365771
1717785900000,LONG,0.550450225112546,0.1056932123456008,7.12039769884943,True,ATOM/USDT,-0.1985502698349896,66.60000000000001,2024-06-07 18:45:00,2024,НЕЙТРАЛЬ,-6.948821573365771
1717785900000,LONG,0.5645992911855438,0.3551797582782526,7.99378072481995,False,ASTR/USDT,-0.1616320053591381,64.0,2024-06-07 18:45:00,2024,НЕЙТРАЛЬ,-6.948821573365771
1717785900000,LONG,0.9168045501551172,0.0784729124501874,7.1176447776628695,True,AXS/USDT,-0.0907905310357713,38.2,2024-06-07 18:45:00,2024,НЕЙТРАЛЬ,-6.948821573365771
1717785900000,LONG,0.9183412086545548,-0.3342565922132161,10.019572245710014,False,ANKR/USDT,-0.1276176001534196,10.2,2024-06-07 18:45:00,2024,НЕЙТРАЛЬ,-6.948821573365771
1717785900000,LONG,0.9246016869728204,0.0630999260110399,8.317113402061851,True,ETC/USDT,-0.1306927679141506,66.4,2024-06-07 18:45:00,2024,НЕЙТРАЛЬ,-6.948821573365771
1717785900000,LONG,0.9502364066193866,0.0207885361669591,9.492198581560276,False,FLOW/USDT,-0.2052973847533662,76.8,2024-06-07 18:45:00,2024,НЕЙТРАЛЬ,-6.948821573365771
1717785900000,LONG,1.1365067092332932,0.2545648885591084,6.1287225021200165,True,CFX/USDT,-0.0946675797536173,67.0,2024-06-07 18:45:00,2024,НЕЙТРАЛЬ,-6.948821573365771
1717785900000,LONG,1.317686658506732,0.8282986379542385,8.842227662178704,True,DOT/USDT,-0.2419350988552117,79.2,2024-06-07 18:45:00,2024,НЕЙТРАЛЬ,-6.948821573365771
1717785900000,LONG,1.614285714285714,0.002183296321529,8.362474489795913,True,GALA/USDT,-0.2263185373577945,90.8,2024-06-07 18:45:00,2024,НЕЙТРАЛЬ,-6.948821573365771
1717785900000,LONG,1.7616138763197564,-0.6814171438738293,7.427873303167422,False,ARPA/USDT,-0.049409409736577,11.4,2024-06-07 18:45:00,2024,НЕЙТРАЛЬ,-6.948821573365771
1717785900000,LONG,1.8987069934787413,0.3190192557056505,10.433663143692378,False,GAS/USDT,-0.2277708096217156,9.4,2024-06-07 18:45:00,2024,НЕЙТРАЛЬ,-6.948821573365771
1717785900000,LONG,1.97609658839166,-0.0342860946965266,8.22917589720869,False,1INCH/USDT,-0.1514892462433844,8.200000000000001,2024-06-07 18:45:00,2024,НЕЙТРАЛЬ,-6.948821573365771
1717785900000,LONG,2.2740730176839725,0.3649559812142548,9.115459212778084,False,ALICE/USDT,-0.0262508166519941,4.8,2024-06-07 18:45:00,2024,НЕЙТРАЛЬ,-6.948821573365771
1717785900000,LONG,2.274309392265196,-0.1765095687839254,10.352624309392256,False,CELO/USDT,-0.2071824331594105,8.799999999999999,2024-06-07 18:45:00,2024,НЕЙТРАЛЬ,-6.948821573365771
1717785900000,LONG,2.3437046004842674,0.2222097107154602,8.869854721549633,False,CKB/USDT,-0.0763055599355437,70.19999999999999,2024-06-07 18:45:00,2024,НЕЙТРАЛЬ,-6.948821573365771
1717785900000,LONG,2.476756227260005,0.4398906317424464,7.638678981248254,False,BLUR/USDT,-0.1524452132699894,40.400000000000006,2024-06-07 18:45:00,2024,НЕЙТРАЛЬ,-6.948821573365771
1717785900000,LONG,3.5315857571680045,-0.0833365943194652,8.235959010454401,True,ARB/USDT,-0.2356996187132306,73.0,2024-06-07 18:45:00,2024,НЕЙТРАЛЬ,-6.948821573365771
1717785900000,LONG,4.177712724434037,0.4088208530101929,11.15725995316158,False,ENJ/USDT,-0.0953153370606123,72.2,2024-06-07 18:45:00,2024,НЕЙТРАЛЬ,-6.948821573365771
1717785900000,LONG,6.129124236252554,-0.2099672755998643,8.1277698574338,False,DUSK/USDT,-0.0190863997310947,7.399999999999999,2024-06-07 18:45:00,2024,НЕЙТРАЛЬ,-6.948821573365771
1717786800000,LONG,-1.0583603234636492,0.4429797964262285,4.585327120379468,True,BCH/USDT,-0.0715135415069894,51.0,2024-06-07 19:00:00,2024,НЕЙТРАЛЬ,-6.916052963080888
1717786800000,LONG,0.2281028787163695,0.2485713905476702,9.439558754129315,True,APT/USDT,-0.2485302420411706,67.0,2024-06-07 19:00:00,2024,НЕЙТРАЛЬ,-6.916052963080888
1717786800000,LONG,0.3624681933842207,0.4974350704178241,7.386395250212062,True,APE/USDT,-0.1821845085234381,76.8,2024-06-07 19:00:00,2024,НЕЙТРАЛЬ,-6.916052963080888
1717786800000,LONG,1.2404447587615826,-0.4160631628404425,7.426129184347017,False,API3/USDT,-0.1390745049288159,86.6,2024-06-07 19:00:00,2024,НЕЙТРАЛЬ,-6.916052963080888
1717786800000,LONG,1.3988742276678208,0.6178485347040625,8.161985548224946,True,AAVE/USDT,-0.1777770508840372,21.6,2024-06-07 19:00:00,2024,НЕЙТРАЛЬ,-6.916052963080888
1717786800000,LONG,1.638636363636366,-0.1684403278839784,9.986761363636347,False,BIGTIME/USDT,-0.171432769828145,77.8,2024-06-07 19:00:00,2024,НЕЙТРАЛЬ,-6.916052963080888
1717786800000,LONG,2.821641791044776,-0.1985116332450718,9.181856343283584,False,CTSI/USDT,-0.0589100300779935,,2024-06-07 19:00:00,2024,НЕЙТРАЛЬ,-6.916052963080888
1717787700000,LONG,-0.652485284499676,-0.661679245094124,4.432431327665142,True,ARKM/USDT,-0.1385954403314695,9.0,2024-06-07 19:15:00,2024,НЕЙТРАЛЬ,-6.57701562945931
1717787700000,LONG,0.7527043805532857,0.667048422801807,5.04496643774493,True,1000PEPE/USDT,-0.1989603128910251,60.2,2024-06-07 19:15:00,2024,НЕЙТРАЛЬ,-6.57701562945931
1717788600000,LONG,0.7250492034609543,0.1949742043430117,4.070821419287757,False,ACE/USDT,-0.0793132487631696,92.0,2024-06-07 19:30:00,2024,НЕЙТРАЛЬ,-6.1033925332614425
1717896600000,SHORT,3.9314753556070063,-0.0342560404584268,4.281475355607006,False,BICO/USDT,-0.1820989950719735,,2024-06-09 01:30:00,2024,НЕЙТРАЛЬ,-9.961356288782753
1717942500000,SHORT,0.0391050583657667,0.4217384663468342,5.281712062256792,False,ARK/USDT,-0.0886862554802627,9.0,2024-06-09 14:15:00,2024,НЕЙТРАЛЬ,-9.587166073599517
1718121600000,LONG,0.1890835579514792,-0.4889881378855401,4.11601078167116,False,ANKR/USDT,-0.1167935639579185,10.4,2024-06-11 16:00:00,2024,НЕЙТРАЛЬ,-15.859077329792786
1718121600000,LONG,0.9139766650461956,-0.2340350231208388,4.113876397666504,True,AR/USDT,-0.2008272561708107,6.0,2024-06-11 16:00:00,2024,НЕЙТРАЛЬ,-15.859077329792786
1718158500000,LONG,0.1777044854881234,-0.0470315415349213,4.443205804749333,False,BIGTIME/USDT,-0.1374803403526779,1.2,2024-06-12 02:15:00,2024,НЕЙТРАЛЬ,-16.118752816102962
1718176500000,SHORT,-1.7848493672896648,0.8525042870329934,4.012061206120597,True,CFX/USDT,-0.0766607466214529,6.6000000000000005,2024-06-12 07:15:00,2024,НЕЙТРАЛЬ,-16.357273385220033
1718198100000,SHORT,0.98085820362702,-0.0785973624065903,4.135547622447502,True,AR/USDT,-0.1545144278084617,6.2,2024-06-12 13:15:00,2024,НЕЙТРАЛЬ,-12.72774283321585
1718198100000,SHORT,3.685715813794267,0.112964148217417,4.035715813794267,False,DUSK/USDT,0.0015608509839286,7.6,2024-06-12 13:15:00,2024,НЕЙТРАЛЬ,-12.72774283321585
1718252100000,LONG,-6.148161764705894,1.0178451808369655,5.798161764705895,True,CRV/USDT,0.2908599496700805,4.4,2024-06-13 04:15:00,2024,НЕЙТРАЛЬ,-14.595327678632868
1718382600000,LONG,3.7380133043367,-0.0139375262570794,4.0880133043367,False,ARK/USDT,-0.0236688950999116,9.0,2024-06-14 16:30:00,2024,НЕЙТРАЛЬ,-21.12515780265805
1718586900000,SHORT,4.1312406947890725,-0.0211558789490703,4.481240694789072,False,API3/USDT,0.0306591376533834,12.0,2024-06-17 01:15:00,2024,НЕЙТРАЛЬ,-10.410304423594791
1718621100000,LONG,4.075517241379311,-0.1617796847287805,4.425517241379311,True,FET/USDT,0.0301532769402324,12.8,2024-06-17 10:45:00,2024,НЕЙТРАЛЬ,-14.195712016693601
1718641800000,LONG,-2.7221787194841034,-0.0850362428261004,4.846430216490093,False,BICO/USDT,-0.0083227278802612,,2024-06-17 16:30:00,2024,НЕЙТРАЛЬ,-15.775911353241861
1718641800000,LONG,-1.6907652907502122,0.5598383519182469,6.05250075323892,False,EDU/USDT,0.0223429031359797,3.0,2024-06-17 16:30:00,2024,НЕЙТРАЛЬ,-15.775911353241861
1718641800000,LONG,-1.2446322067594413,1.1600727968806144,4.957952286282304,False,BAT/USDT,-0.1051422491668381,7.399999999999999,2024-06-17 16:30:00,2024,НЕЙТРАЛЬ,-15.775911353241861
1718641800000,LONG,-1.1871119637251466,0.087281339332384,5.52784559934892,True,ARKM/USDT,-0.0501245683421831,9.6,2024-06-17 16:30:00,2024,НЕЙТРАЛЬ,-15.775911353241861
1718641800000,LONG,-1.142358623683934,0.4381588367014321,5.526864213611198,True,CHZ/USDT,-0.0317769232747542,11.0,2024-06-17 16:30:00,2024,НЕЙТРАЛЬ,-15.775911353241861
1718641800000,LONG,-1.0380733944954166,-0.361677667281467,5.445068807339455,False,CTSI/USDT,-0.0474194231685059,,2024-06-17 16:30:00,2024,НЕЙТРАЛЬ,-15.775911353241861
1718641800000,LONG,-1.019957686882938,0.9524650222958816,5.081100141043716,False,BLUR/USDT,-0.0246305130983159,33.6,2024-06-17 16:30:00,2024,НЕЙТРАЛЬ,-15.775911353241861
1718641800000,LONG,-0.8963414634146364,0.492174326204114,4.074009756097561,False,COMP/USDT,-0.1153012932253131,23.6,2024-06-17 16:30:00,2024,НЕЙТРАЛЬ,-15.775911353241861
1718641800000,LONG,-0.745256916996039,0.2232887060847716,5.4229249011857705,False,ALICE/USDT,-0.0823785293020133,4.8,2024-06-17 16:30:00,2024,НЕЙТРАЛЬ,-15.775911353241861
1718641800000,LONG,-0.35,0.1545180642975626,4.926796407185631,False,FLOW/USDT,-0.1332401119512938,2.2,2024-06-17 16:30:00,2024,НЕЙТРАЛЬ,-15.775911353241861
1718641800000,LONG,-0.0765892002734219,0.3123753537862195,4.865892002734113,True,ALGO/USDT,-0.1025536899758872,9.8,2024-06-17 16:30:00,2024,НЕЙТРАЛЬ,-15.775911353241861
1718641800000,LONG,0.0707573632538574,-0.2152180291664968,5.05427769985973,True,DYDX/USDT,-0.159681744749522,8.4,2024-06-17 16:30:00,2024,НЕЙТРАЛЬ,-15.775911353241861
1718641800000,LONG,0.1620000000000004,0.5431475596284973,4.287999999999997,True,AXS/USDT,-0.1287831255790053,30.8,2024-06-17 16:30:00,2024,НЕЙТРАЛЬ,-15.775911353241861
1718641800000,LONG,0.2937331208217134,1.0071571729766315,5.936733519281005,True,1000PEPE/USDT,-0.0009150072149717,9.8,2024-06-17 16:30:00,2024,НЕЙТРАЛЬ,-15.775911353241861
1718641800000,LONG,0.4062785388127845,0.4754898689582241,4.3688070776255605,True,ATOM/USDT,-0.0930560269023812,3.6,2024-06-17 16:30:00,2024,НЕЙТРАЛЬ,-15.775911353241861
1718641800000,LONG,0.4797915401740614,1.221598068940147,5.20327868852458,True,FIL/USDT,-0.0703396960061785,10.8,2024-06-17 16:30:00,2024,НЕЙТРАЛЬ,-15.775911353241861
1718641800000,LONG,0.6410762018340991,-0.1685320202132628,4.879713780482798,False,API3/USDT,0.0654497398005952,12.2,2024-06-17 16:30:00,2024,НЕЙТРАЛЬ,-15.775911353241861
1718641800000,LONG,0.6438917072160741,-0.0230718206886337,4.191386271870781,True,1000SHIB/USDT,-0.0283912414110647,,2024-06-17 16:30:00,2024,НЕЙТРАЛЬ,-15.775911353241861
1718641800000,LONG,0.8076971214017375,0.115491562575601,5.915143929912401,False,ANKR/USDT,-0.055917101157713,10.6,2024-06-17 16:30:00,2024,НЕЙТРАЛЬ,-15.775911353241861
1718641800000,LONG,1.1756637168141624,0.0312309294176251,4.263295575221244,True,AVAX/USDT,-0.0623188107795983,17.8,2024-06-17 16:30:00,2024,НЕЙТРАЛЬ,-15.775911353241861
1718641800000,LONG,2.0983133841131627,0.1039411615253911,4.747986942328625,False,GAS/USDT,-0.0211319980175512,3.8,2024-06-17 16:30:00,2024,НЕЙТРАЛЬ,-15.775911353241861
1718641800000,LONG,3.941070053887612,-0.554385083275486,4.291070053887612,False,1INCH/USDT,-0.1215597227709506,8.0,2024-06-17 16:30:00,2024,НЕЙТРАЛЬ,-15.775911353241861
1718641800000,LONG,4.869149680692857,-0.0548574877698424,5.219149680692857,True,1000BONK/USDT,-0.0059755431343133,3.8,2024-06-17 16:30:00,2024,НЕЙТРАЛЬ,-15.775911353241861
1718676000000,LONG,-2.2913465510119666,-0.1323356280275238,7.144337050805458,True,FET/USDT,-0.0819834935658269,8.799999999999999,2024-06-18 02:00:00,2024,МЕДВЕДЬ,-19.70826808440943
1718676000000,LONG,-0.0890169638973367,1.2811411934686372,8.84323618964767,False,DASH/USDT,-0.2076991156402345,6.4,2024-06-18 02:00:00,2024,МЕДВЕДЬ,-19.70826808440943
1718676000000,LONG,-0.0782017829963033,0.0946166080157321,5.372798434442268,False,COTI/USDT,-0.1279153661812126,13.2,2024-06-18 02:00:00,2024,МЕДВЕДЬ,-19.70826808440943
1718676000000,LONG,0.204603661285968,-0.1534977775418532,6.184538732076829,False,API3/USDT,0.0348785768707407,12.2,2024-06-18 02:00:00,2024,МЕДВЕДЬ,-19.70826808440943
1718676000000,LONG,0.6550251256281415,0.3707212295432245,6.813065326633145,False,FLOW/USDT,-0.1650468158795356,2.0,2024-06-18 02:00:00,2024,МЕДВЕДЬ,-19.70826808440943
1718676000000,LONG,0.6597836818956989,0.4440003036959127,6.37632169464142,True,CAKE/USDT,-0.1516712274654137,3.4000000000000004,2024-06-18 02:00:00,2024,МЕДВЕДЬ,-19.70826808440943
1718676000000,LONG,0.7056875164951183,-0.0123976208961688,7.194008973343892,False,BICO/USDT,-0.1061288013766414,,2024-06-18 02:00:00,2024,МЕДВЕДЬ,-19.70826808440943
1718676000000,LONG,0.913736263736262,1.2655735525510765,5.88758241758241,False,BAT/USDT,-0.1379908593200396,7.399999999999999,2024-06-18 02:00:00,2024,МЕДВЕДЬ,-19.70826808440943
1718676000000,LONG,1.253849238171613,0.8916921497123813,6.616198877305537,False,BLUR/USDT,-0.1107670017314562,24.2,2024-06-18 02:00:00,2024,МЕДВЕДЬ,-19.70826808440943
1718676000000,LONG,1.332710820177132,0.1174268049793836,5.943396226415088,True,AVAX/USDT,-0.0871646746161638,17.8,2024-06-18 02:00:00,2024,МЕДВЕДЬ,-19.70826808440943
1718676000000,LONG,1.5268768768768577,-0.0734876269130243,6.512537537537553,True,ALGO/USDT,-0.1409280952600347,9.8,2024-06-18 02:00:00,2024,МЕДВЕДЬ,-19.70826808440943
1718676000000,LONG,1.5381118881118936,0.1990780071021566,6.342424242424244,False,BSV/USDT,-0.201789050307914,9.2,2024-06-18 02:00:00,2024,МЕДВЕДЬ,-19.70826808440943
1718676000000,LONG,1.5681910569105757,0.5495250242093207,7.544461382113813,True,AAVE/USDT,-0.122089210543797,21.6,2024-06-18 02:00:00,2024,МЕДВЕДЬ,-19.70826808440943
1718676000000,LONG,1.971428571428553,0.0457563625461051,6.353214285714285,False,CELO/USDT,-0.1420642821493498,8.799999999999999,2024-06-18 02:00:00,2024,МЕДВЕДЬ,-19.70826808440943
1718676000000,LONG,2.101154529307287,0.209808715862245,7.38348134991119,False,EGLD/USDT,-0.0340982969811198,7.399999999999999,2024-06-18 02:00:00,2024,МЕДВЕДЬ,-19.70826808440943
1718676000000,LONG,2.214501087970159,0.4961070685228314,4.344404724898983,True,ATOM/USDT,-0.1009512815595222,7.8,2024-06-18 02:00:00,2024,МЕДВЕДЬ,-19.70826808440943
1718676000000,LONG,2.3469124133585417,0.4027817461469579,10.414492753623191,True,CHZ/USDT,-0.2061211180679623,11.0,2024-06-18 02:00:00,2024,МЕДВЕДЬ,-19.70826808440943
1718676000000,LONG,2.439859997281499,-0.2204948434961076,6.493135789044434,False,DUSK/USDT,-0.0247397417800308,8.6,2024-06-18 02:00:00,2024,МЕДВЕДЬ,-19.70826808440943
1718676000000,LONG,2.8390660592255177,0.5431254374132329,4.875786720661439,True,DOGE/USDT,-0.1162583686663677,4.8,2024-06-18 02:00:00,2024,МЕДВЕДЬ,-19.70826808440943
1718676000000,LONG,2.926173285198556,-0.0193713074672,9.001254512635372,False,AGLD/USDT,-0.0284921242211428,15.8,2024-06-18 02:00:00,2024,МЕДВЕДЬ,-19.70826808440943
1718676000000,LONG,3.5234142928084538,0.3880242337528707,5.030472664890976,True,ETC/USDT,-0.1307311214129258,0.6,2024-06-18 02:00:00,2024,МЕДВЕДЬ,-19.70826808440943
1718676000000,LONG,3.5783047050037324,0.1509118430774519,6.733218820014941,True,APT/USDT,-0.0920805486222446,0.2,2024-06-18 02:00:00,2024,МЕДВЕДЬ,-19.70826808440943
1718676000000,LONG,3.797465437788022,0.3565894631958258,7.467373271889402,False,BIGTIME/USDT,-0.0227880510884923,1.2,2024-06-18 02:00:00,2024,МЕДВЕДЬ,-19.70826808440943
1718676000000,LONG,4.081263084438231,0.0519429038055491,9.553384508025136,False,ANKR/USDT,-0.1252843346787299,10.6,2024-06-18 02:00:00,2024,МЕДВЕДЬ,-19.70826808440943
1718676000000,LONG,5.753986069932696,-0.5554852886691546,6.103986069932696,True,ENS/USDT,-0.1295731616019509,8.4,2024-06-18 02:00:00,2024,МЕДВЕДЬ,-19.70826808440943
1718676900000,LONG,-1.9509852216748824,-0.2259613417486133,5.825246305418726,False,CHR/USDT,-0.1016836852640552,7.199999999999999,2024-06-18 02:15:00,2024,МЕДВЕДЬ,-18.38635686303804
1718676900000,LONG,-1.279106368601831,-0.4982626603325601,8.990556900726396,False,AUCTION/USDT,-0.0903610832293162,5.800000000000001,2024-06-18 02:15:00,2024,МЕДВЕДЬ,-18.38635686303804
1718676900000,LONG,0.113932954205314,0.7651748943365067,8.894313079916191,False,ASTR/USDT,-0.0274249303700813,6.2,2024-06-18 02:15:00,2024,МЕДВЕДЬ,-18.38635686303804
1718676900000,LONG,0.526095118898631,-0.3473642348964421,7.100563204004999,False,CTSI/USDT,-0.0734729606743684,,2024-06-18 02:15:00,2024,МЕДВЕДЬ,-18.38635686303804
1718676900000,LONG,0.6806340536689547,-0.0998254983972834,7.559088102588454,True,1000BONK/USDT,-0.0708731831686084,13.4,2024-06-18 02:15:00,2024,МЕДВЕДЬ,-18.38635686303804
1718676900000,LONG,0.6891686650679346,1.4303498699228827,6.33034905409006,True,ADA/USDT,-0.1149065529845629,13.6,2024-06-18 02:15:00,2024,МЕДВЕДЬ,-18.38635686303804
1718676900000,LONG,0.7935398532172794,0.4369879891459831,9.948387096774193,False,EDU/USDT,-0.0742734563427591,3.6,2024-06-18 02:15:00,2024,МЕДВЕДЬ,-18.38635686303804
1718676900000,LONG,0.8912304371289782,-0.8309358586305926,7.348407987048033,False,ENJ/USDT,-0.1300896171113493,21.4,2024-06-18 02:15:00,2024,МЕДВЕДЬ,-18.38635686303804
1718676900000,LONG,1.201533062430736,0.172617382673956,8.844661987439972,True,GALA/USDT,-0.0405011434229409,0.2,2024-06-18 02:15:00,2024,МЕДВЕДЬ,-18.38635686303804
1718676900000,LONG,1.4698107396830666,0.6083450696740536,5.910532504619517,True,1000SHIB/USDT,-0.0735834752118211,,2024-06-18 02:15:00,2024,МЕДВЕДЬ,-18.38635686303804
1718676900000,LONG,1.4702794513523894,-0.0584305018027567,7.597615690296118,True,ARB/USDT,-0.0524247231642399,9.8,2024-06-18 02:15:00,2024,МЕДВЕДЬ,-18.38635686303804
1718676900000,LONG,2.6263941156346142,0.3797138443806205,7.750334783246178,False,ACH/USDT,-0.0995224879550282,15.6,2024-06-18 02:15:00,2024,МЕДВЕДЬ,-18.38635686303804
1718676900000,LONG,3.097669305189105,1.0697444044218207,5.298153034300786,True,DOT/USDT,-0.1231275482148619,20.200000000000003,2024-06-18 02:15:00,2024,МЕДВЕДЬ,-18.38635686303804
1718676900000,LONG,3.22931649101054,1.063894347086267,8.197230509919407,True,1000PEPE/USDT,-0.0597698896558187,9.4,2024-06-18 02:15:00,2024,МЕДВЕДЬ,-18.38635686303804
1718676900000,LONG,4.428156996587036,0.9755679106232614,10.167918088737196,True,CRV/USDT,0.0708797852417649,4.6,2024-06-18 02:15:00,2024,МЕДВЕДЬ,-18.38635686303804
1718677800000,LONG,2.792857142857146,0.5229180319866704,7.278999999999988,False,CYBER/USDT,-0.1402035837284115,58.6,2024-06-18 02:30:00,2024,МЕДВЕДЬ,-19.009609008132962
1718678700000,LONG,0.6379430622202548,0.3507927342596726,4.911310939957246,True,AR/USDT,0.006926624938366,6.800000000000001,2024-06-18 02:45:00,2024,МЕДВЕДЬ,-18.961836123401604
1718711100000,LONG,0.989130434782616,-0.199320499990519,4.097269565217383,True,FET/USDT,-0.0617539628803944,13.2,2024-06-18 11:45:00,2024,МЕДВЕДЬ,-18.859118580850392
1718847900000,SHORT,-1.1032956685499098,0.5352350263714467,5.66759259259258,False,EDU/USDT,-0.0610624092924181,1.4,2024-06-20 01:45:00,2024,МЕДВЕДЬ,-16.373264982799952
1718865000000,SHORT,-0.2402639761019311,0.5573925479484079,5.136755471560071,True,FET/USDT,-0.016244513106958,0.0,2024-06-20 06:30:00,2024,МЕДВЕДЬ,-13.409271978116927
1718982900000,SHORT,3.9953434368125023,0.9864639188002684,4.345343436812502,False,GAS/USDT,-0.0846543858534766,2.0,2024-06-21 15:15:00,2024,МЕДВЕДЬ,-12.039136324252375
1719222300000,LONG,-2.834763244256915,-0.5165750604287713,6.049226441631491,False,CHR/USDT,-0.056204274725939,7.399999999999999,2024-06-24 09:45:00,2024,МЕДВЕДЬ,-10.445371348420002
1719222300000,LONG,-1.9179598602275685,0.2203728517193353,5.900922856374862,True,ENS/USDT,-0.0603999704960643,10.6,2024-06-24 09:45:00,2024,МЕДВЕДЬ,-10.445371348420002
1719223200000,LONG,-1.9757660128158496,0.1906100968799369,4.308979489044967,True,BCH/USDT,0.0416217572904831,44.0,2024-06-24 10:00:00,2024,МЕДВЕДЬ,-9.51856388685659
1719269100000,SHORT,-4.965168229453939,0.3779956953460263,4.615168229453939,True,FET/USDT,-0.0074410259139353,4.4,2024-06-24 22:45:00,2024,МЕДВЕДЬ,-7.2499423572619515
1719329400000,SHORT,-1.3850776308223094,0.7917320466876131,4.813211615871183,False,ASTR/USDT,0.006366731673179,16.6,2024-06-25 15:30:00,2024,МЕДВЕДЬ,6.507574701608599
1719499500000,SHORT,-1.05781546239731,-0.0153006634396582,6.292222456288164,True,1000BONK/USDT,-0.0621237281624504,16.0,2024-06-27 14:45:00,2024,НЕЙТРАЛЬ,-0.3153184908367357
1719582300000,SHORT,2.999403704643483,0.0277899282313174,4.804719614311083,False,GAS/USDT,-0.1306836777280349,12.8,2024-06-28 13:45:00,2024,НЕЙТРАЛЬ,1.7225027634739098
1719822600000,SHORT,3.0012282414185885,-0.5960365388069,6.59832438587927,False,EDU/USDT,-0.0865501227620573,5.0,2024-07-01 08:30:00,2024,НЕЙТРАЛЬ,4.24757601285396
1719930600000,SHORT,5.031971720345643,-0.5820523036415651,5.381971720345643,False,CHR/USDT,0.1955932844437209,8.6,2024-07-02 14:30:00,2024,НЕЙТРАЛЬ,-3.3702581133344625
1719933300000,SHORT,0.261870283499885,-0.4943147533001213,5.148276565368139,False,CYBER/USDT,0.0571957934701924,69.39999999999999,2024-07-02 15:15:00,2024,НЕЙТРАЛЬ,-3.001206955238195
1720140300000,LONG,-5.8058840852868405,0.0144313240575424,5.455884085286841,False,API3/USDT,0.0542490728697858,1.0,2024-07-05 00:45:00,2024,НЕЙТРАЛЬ,-19.116193945601186
1720140300000,LONG,-5.216109119872566,0.2351514499385381,4.866109119872567,False,ANKR/USDT,0.0284326744811088,1.6,2024-07-05 00:45:00,2024,НЕЙТРАЛЬ,-19.116193945601186
1720140300000,LONG,-4.991340524896399,-0.022461206353011,4.6413405248964,False,ENJ/USDT,0.0531958676977989,3.0,2024-07-05 00:45:00,2024,НЕЙТРАЛЬ,-19.116193945601186
1720140300000,LONG,-4.888239566185731,0.3617853738603928,4.538239566185731,True,ETC/USDT,0.0308155301119368,1.6,2024-07-05 00:45:00,2024,НЕЙТРАЛЬ,-19.116193945601186
1720140300000,LONG,-4.680425531914883,0.2653806610603541,4.330425531914884,False,CELO/USDT,0.0266497186393966,8.799999999999999,2024-07-05 00:45:00,2024,НЕЙТРАЛЬ,-19.116193945601186
1720140300000,LONG,-4.6609195402298855,-0.3115109376433299,4.310919540229886,False,BICO/USDT,-0.0175298260610258,,2024-07-05 00:45:00,2024,НЕЙТРАЛЬ,-19.116193945601186
1720141200000,LONG,-4.675155279503105,0.6872144127353054,4.325155279503106,False,CTSI/USDT,-0.0419153205709781,,2024-07-05 01:00:00,2024,НЕЙТРАЛЬ,-20.306254733298275
1720141200000,LONG,-4.658323895809747,0.0332652095344494,4.308323895809747,False,BSV/USDT,-0.0882015689767615,4.2,2024-07-05 01:00:00,2024,НЕЙТРАЛЬ,-20.306254733298275
1720141200000,LONG,-4.510761610703721,0.9154002207622792,4.160761610703721,True,AAVE/USDT,-0.0233495530470186,23.200000000000003,2024-07-05 01:00:00,2024,НЕЙТРАЛЬ,-20.306254733298275
1720141200000,LONG,-4.3807096774193495,0.1461767878502558,4.03070967741935,False,BLUR/USDT,-0.0309799791922582,50.4,2024-07-05 01:00:00,2024,НЕЙТРАЛЬ,-20.306254733298275
1720143900000,LONG,-5.398006197504689,0.4270913826700949,5.048006197504689,True,CFX/USDT,0.0115379855242952,0.8,2024-07-05 01:45:00,2024,НЕЙТРАЛЬ,-20.63423647533903
1720143900000,LONG,-5.0245964625107975,0.7029427051475959,4.674596462510798,True,ENS/USDT,-0.0384117110996588,6.4,2024-07-05 01:45:00,2024,НЕЙТРАЛЬ,-20.63423647533903
1720143900000,LONG,-4.776926229508192,0.929297126810488,4.426926229508192,True,APE/USDT,-0.1195525736079077,0.4,2024-07-05 01:45:00,2024,НЕЙТРАЛЬ,-20.63423647533903
1720143900000,LONG,-4.692946610302171,0.9212841010162122,4.342946610302171,False,AUCTION/USDT,0.0404484671032051,6.800000000000001,2024-07-05 01:45:00,2024,НЕЙТРАЛЬ,-20.63423647533903
1720143900000,LONG,-4.573492752608349,0.4857675777665046,4.223492752608349,True,1000PEPE/USDT,-0.0871743890086557,5.4,2024-07-05 01:45:00,2024,НЕЙТРАЛЬ,-20.63423647533903
1720143900000,LONG,-4.5578722002635015,0.6389145125402091,4.207872200263502,False,ASTR/USDT,-0.0512285490251072,24.2,2024-07-05 01:45:00,2024,НЕЙТРАЛЬ,-20.63423647533903
1720143900000,LONG,-4.554302966350101,0.9790105835731514,4.2043029663501015,True,CAKE/USDT,0.023542647467687,0.6,2024-07-05 01:45:00,2024,НЕЙТРАЛЬ,-20.63423647533903
1720143900000,LONG,-4.412516787536931,-0.1417170226119115,4.062516787536931,False,COTI/USDT,-0.0855967613999598,13.8,2024-07-05 01:45:00,2024,НЕЙТРАЛЬ,-20.63423647533903
1720143900000,LONG,-4.387711746737018,0.4988649484636554,4.037711746737019,False,ARPA/USDT,-0.0888428284389629,15.6,2024-07-05 01:45:00,2024,НЕЙТРАЛЬ,-20.63423647533903
1720143900000,LONG,-4.380476765238379,-0.8106362582159093,4.03047676523838,False,EDU/USDT,-0.0250615316522102,0.6,2024-07-05 01:45:00,2024,НЕЙТРАЛЬ,-20.63423647533903
1720143900000,LONG,-4.37741108354011,0.4362635167789729,4.027411083540111,True,CHZ/USDT,-0.0898517193069518,2.0,2024-07-05 01:45:00,2024,НЕЙТРАЛЬ,-20.63423647533903
1720143900000,LONG,-4.362255599365892,0.0645967480991794,4.012255599365893,False,ACE/USDT,-0.0224557401106471,7.000000000000001,2024-07-05 01:45:00,2024,НЕЙТРАЛЬ,-20.63423647533903
1720149300000,LONG,0.2905901193826938,0.1931758244245062,5.651266621372416,True,AR/USDT,-0.02466258893558,9.4,2024-07-05 03:15:00,2024,НЕЙТРАЛЬ,-24.951711229197233
1720149300000,LONG,0.8983130904183471,0.5274247551568603,5.648279352226709,True,ARB/USDT,-0.1138512263447194,9.2,2024-07-05 03:15:00,2024,НЕЙТРАЛЬ,-24.951711229197233
1720149300000,LONG,1.32457437901199,-0.8370426569080419,5.503432877476978,False,CYBER/USDT,0.0109228546919953,69.39999999999999,2024-07-05 03:15:00,2024,НЕЙТРАЛЬ,-24.951711229197233
1720150200000,LONG,-0.35,0.012642093371477,6.2714177407126535,True,ARKM/USDT,-0.0177452868992967,12.4,2024-07-05 03:30:00,2024,НЕЙТРАЛЬ,-25.09102080279057
1720150200000,LONG,0.2829113924050639,-0.8601742643721623,6.483924050632907,False,BIGTIME/USDT,-0.0628084459069793,1.2,2024-07-05 03:30:00,2024,НЕЙТРАЛЬ,-25.09102080279057
1720150200000,LONG,0.8815270935960465,0.3685113706782436,5.702463054187193,False,ALICE/USDT,-0.0978489277120435,3.2,2024-07-05 03:30:00,2024,НЕЙТРАЛЬ,-25.09102080279057
1720152900000,LONG,-5.19998060762766,-0.1706414347286771,4.849980607627661,False,AGLD/USDT,-0.0451731751451474,1.6,2024-07-05 04:15:00,2024,НЕЙТРАЛЬ,-24.207627570043673
1720152900000,LONG,0.2660164271047234,0.0238301211300037,4.18973305954825,False,FLOW/USDT,-0.0262483493277405,3.8,2024-07-05 04:15:00,2024,НЕЙТРАЛЬ,-24.207627570043673
1720152900000,LONG,0.5535589157293082,-0.0073741612280951,4.363009404388716,True,APT/USDT,-0.0873101311644809,1.2,2024-07-05 04:15:00,2024,НЕЙТРАЛЬ,-24.207627570043673
1720152900000,LONG,0.7057184750733146,0.545667988795015,4.861055718475072,True,FIL/USDT,-0.0948073089252868,0.8,2024-07-05 04:15:00,2024,НЕЙТРАЛЬ,-24.207627570043673
1720152900000,LONG,1.1598314606741624,-0.9001054932911761,5.270997191011236,False,GAS/USDT,-0.1104126567819615,13.8,2024-07-05 04:15:00,2024,НЕЙТРАЛЬ,-24.207627570043673
1720152900000,LONG,1.4792682926829346,0.1212599589301368,5.095867208672088,False,CKB/USDT,-0.0620463314117058,15.8,2024-07-05 04:15:00,2024,НЕЙТРАЛЬ,-24.207627570043673
1720152900000,LONG,1.5829896907216514,0.9308824818226756,4.090141752577331,False,BAT/USDT,-0.0847063097854161,8.4,2024-07-05 04:15:00,2024,НЕЙТРАЛЬ,-24.207627570043673
1720152900000,LONG,1.6664020765931764,0.1065059836845691,4.740779474832603,True,1000SHIB/USDT,-0.0909918646531134,,2024-07-05 04:15:00,2024,НЕЙТРАЛЬ,-24.207627570043673
1720152900000,LONG,1.817287504232989,-1.4103005286451955,5.5331527260413145,False,ARK/USDT,-0.1076053039455297,10.0,2024-07-05 04:15:00,2024,НЕЙТРАЛЬ,-24.207627570043673
1720152900000,LONG,1.9240112994350285,-0.1100474374976596,4.900094161958566,False,DUSK/USDT,-0.1091342501855082,3.6,2024-07-05 04:15:00,2024,НЕЙТРАЛЬ,-24.207627570043673
1720152900000,LONG,2.111074836765449,-0.0914966397387122,5.007081868407836,True,GALA/USDT,-0.0158514121486349,17.599999999999998,2024-07-05 04:15:00,2024,НЕЙТРАЛЬ,-24.207627570043673
1720152900000,LONG,2.233602458589432,0.0950416389509257,4.381893947286179,True,DOGE/USDT,-0.0569387558868361,0.8,2024-07-05 04:15:00,2024,НЕЙТРАЛЬ,-24.207627570043673
1720152900000,LONG,3.0919738044471616,0.1179332612207293,4.096070667072782,True,ADA/USDT,0.0289352271959486,5.4,2024-07-05 04:15:00,2024,НЕЙТРАЛЬ,-24.207627570043673
1720152900000,LONG,4.085508586525766,0.2218169972493089,4.435508586525765,True,AVAX/USDT,-0.0465028223869166,15.0,2024-07-05 04:15:00,2024,НЕЙТРАЛЬ,-24.207627570043673
1720152900000,LONG,4.742365692742698,-0.4633771339621587,5.092365692742698,True,DYDX/USDT,-0.1193747385369298,2.6,2024-07-05 04:15:00,2024,НЕЙТРАЛЬ,-24.207627570043673
1720153800000,LONG,-6.0394725771677775,-0.0197144457623915,5.689472577167778,False,ACH/USDT,-0.0663924036481068,7.6,2024-07-05 04:30:00,2024,НЕЙТРАЛЬ,-23.62860591103617
1720153800000,LONG,-5.312834640565253,-0.3438335845836048,4.962834640565253,True,BCH/USDT,-0.1232052847536473,12.2,2024-07-05 04:30:00,2024,НЕЙТРАЛЬ,-23.62860591103617
1720153800000,LONG,0.422233357949156,0.1255876911058323,4.784869711994935,True,BNB/USDT,0.1277759432712406,32.4,2024-07-05 04:30:00,2024,НЕЙТРАЛЬ,-23.62860591103617
1720153800000,LONG,0.7140608034744732,0.0028012730838857,5.128034744842576,True,AXS/USDT,-0.0229985545563098,0.6,2024-07-05 04:30:00,2024,НЕЙТРАЛЬ,-23.62860591103617
1720153800000,LONG,1.9035211267605647,0.8412425593640117,5.504995305164325,True,ATOM/USDT,-0.0453655251960007,18.2,2024-07-05 04:30:00,2024,НЕЙТРАЛЬ,-23.62860591103617
1720153800000,LONG,2.006902356902354,-0.4550104410667675,4.160437710437715,True,ALGO/USDT,-0.0233176414171557,11.0,2024-07-05 04:30:00,2024,НЕЙТРАЛЬ,-23.62860591103617
1720153800000,LONG,4.091664060056301,-0.6224360927676986,4.634782608695646,False,1INCH/USDT,-0.0179296019499955,7.399999999999999,2024-07-05 04:30:00,2024,НЕЙТРАЛЬ,-23.62860591103617
1720153800000,LONG,4.188973384030428,0.7395411935942146,5.062286121672999,False,COMP/USDT,-0.1098319561828168,8.4,2024-07-05 04:30:00,2024,НЕЙТРАЛЬ,-23.62860591103617
1720153800000,LONG,5.274535603715161,0.3718738959918388,5.62453560371516,True,DOT/USDT,-0.1044566033141076,28.000000000000004,2024-07-05 04:30:00,2024,НЕЙТРАЛЬ,-23.62860591103617
1720170900000,LONG,4.3618244468625385,-0.2803776243154974,4.711824446862538,True,FET/USDT,-0.0147195099482993,5.800000000000001,2024-07-05 09:15:00,2024,НЕЙТРАЛЬ,-24.57158290752444
1720193400000,SHORT,-1.2292302587922976,-0.4734141499518267,10.649469143994692,False,EDU/USDT,0.2224708168565445,0.0,2024-07-05 15:30:00,2024,МЕДВЕДЬ,-18.67457453047956
1720201500000,SHORT,6.21875,-0.116506253151737,6.56875,False,ACH/USDT,0.0249299608842128,2.0,2024-07-05 17:45:00,2024,МЕДВЕДЬ,-17.065673991714885
1720229400000,SHORT,-4.591391818365011,0.7424941617243335,4.2413918183650114,True,1000SHIB/USDT,-0.0921246136503629,,2024-07-06 01:30:00,2024,МЕДВЕДЬ,-18.158458432775976
1720403100000,LONG,3.8180282300989767,0.0832707077042294,4.168028230098977,False,ACE/USDT,-0.069734748400952,11.0,2024-07-08 01:45:00,2024,МЕДВЕДЬ,-21.349697397164125
1720404900000,LONG,3.819922368658594,0.0075767338864155,4.169922368658594,True,APT/USDT,-0.0936908844546914,1.0,2024-07-08 02:15:00,2024,МЕДВЕДЬ,-19.98281274024651
1720404900000,LONG,3.895223945499344,0.2853529667890986,4.245223945499344,True,APE/USDT,-0.1020001952441531,7.000000000000001,2024-07-08 02:15:00,2024,МЕДВЕДЬ,-19.98281274024651
1720404900000,LONG,3.930901524991583,0.4103823334854145,4.280901524991583,True,1000BONK/USDT,-0.0491705619284743,21.6,2024-07-08 02:15:00,2024,МЕДВЕДЬ,-19.98281274024651
1720404900000,LONG,3.9647651006711455,-0.3225704550012774,4.3147651006711465,True,GALA/USDT,-0.0514633686193152,17.0,2024-07-08 02:15:00,2024,МЕДВЕДЬ,-19.98281274024651
1720404900000,LONG,4.767571819010027,0.1375231609939776,5.117571819010027,True,1000PEPE/USDT,-0.0868317658131609,7.399999999999999,2024-07-08 02:15:00,2024,МЕДВЕДЬ,-19.98281274024651
1720431000000,SHORT,4.075578684429629,0.2008784645041233,4.425578684429628,True,FET/USDT,0.0155226288006279,5.800000000000001,2024-07-08 09:30:00,2024,МЕДВЕДЬ,-13.370711795332518
1720435500000,SHORT,-4.387575331458403,0.1222378292642031,4.037575331458403,False,ACE/USDT,-0.0030077566510426,11.0,2024-07-08 10:45:00,2024,МЕДВЕДЬ,-14.438415122397618
1720448100000,SHORT,0.7125492881749856,0.6253874196893443,5.4080438301581175,True,1000BONK/USDT,-0.0357598207931412,22.0,2024-07-08 14:15:00,2024,МЕДВЕДЬ,-15.287715039380084
1720488600000,SHORT,-0.2038439052908505,0.0877323732757437,4.382658579362733,False,ACE/USDT,0.0233963831351771,11.2,2024-07-09 01:30:00,2024,МЕДВЕДЬ,-13.781577979925258
1720495800000,SHORT,-4.718932038834968,0.4777377705846621,5.99290515309932,False,CHR/USDT,0.0055176998224052,10.0,2024-07-09 03:30:00,2024,МЕДВЕДЬ,-13.3888855724957
1720703700000,SHORT,5.193672880519374,0.6374300748162418,5.543672880519374,True,1000BONK/USDT,-0.021230663160587,21.2,2024-07-11 13:15:00,2024,МЕДВЕДЬ,5.130238207706328
1720815300000,SHORT,-4.788182053829868,0.2179047101481397,4.438182053829868,True,AR/USDT,-0.0679156547010648,4.0,2024-07-12 20:15:00,2024,НЕЙТРАЛЬ,6.91760214176369
1720931400000,SHORT,-0.5394451962110992,-0.092458014964861,4.1002706359945815,False,GAS/USDT,-0.0595654137860471,9.2,2024-07-14 04:30:00,2024,НЕЙТРАЛЬ,4.941430596716334
1720981800000,SHORT,-1.973886851754841,0.0465044708036617,4.949842849659489,False,GAS/USDT,-0.008842532154085,0.2,2024-07-14 18:30:00,2024,НЕЙТРАЛЬ,6.446946497790318
1720994400000,SHORT,-2.0791066282420765,-0.3340827786878961,4.635734870317016,False,ALICE/USDT,0.0434526043161576,9.8,2024-07-14 22:00:00,2024,НЕЙТРАЛЬ,10.524765085208266
1721017800000,SHORT,-1.61050420168067,-0.3465879257281646,4.888888888888856,False,BSV/USDT,-0.0482396889133926,9.2,2024-07-15 04:30:00,2024,НЕЙТРАЛЬ,13.655664135739187
1721089800000,SHORT,2.3451672862453528,-0.83702212032381,4.215055762081767,False,BIGTIME/USDT,-0.110232359300554,1.2,2024-07-16 00:30:00,2024,НЕЙТРАЛЬ,15.363810836747149
1721104200000,SHORT,4.026367574711792,0.3047243646218135,4.376367574711791,True,1000BONK/USDT,0.0104470014270491,23.200000000000003,2024-07-16 04:30:00,2024,НЕЙТРАЛЬ,13.526843662573674
1721149200000,SHORT,1.2855327507415968,0.2914922355866073,5.599262406798674,False,CKB/USDT,-0.0342947279570316,20.0,2024-07-16 17:00:00,2024,НЕЙТРАЛЬ,13.395642696044508
1721196900000,SHORT,1.9347100175746967,-0.5800131158170049,4.3543057996485,False,BIGTIME/USDT,-0.113027006606612,1.2,2024-07-17 06:15:00,2024,НЕЙТРАЛЬ,12.201405369981345
1721214000000,SHORT,3.661597967902081,0.3085307113475483,4.011597967902081,True,ARKM/USDT,0.0582723314101578,14.6,2024-07-17 11:00:00,2024,НЕЙТРАЛЬ,13.30065797173966
1721232000000,SHORT,-0.8968215994531789,-0.2152187723222426,5.578947368421039,False,EDU/USDT,-0.1562063933956728,26.0,2024-07-17 16:00:00,2024,НЕЙТРАЛЬ,10.962086310370955
1721254500000,SHORT,-7.30570987654318,-0.0448168350047611,6.95570987654318,False,ALICE/USDT,0.050288725621316,10.0,2024-07-17 22:15:00,2024,НЕЙТРАЛЬ,12.340003168254087
1721280600000,SHORT,5.141373589913731,-0.0435237618186955,5.491373589913731,False,ALICE/USDT,0.1235085357092128,0.8,2024-07-18 05:30:00,2024,НЕЙТРАЛЬ,12.430839872478906
1721316600000,SHORT,1.5219806763284978,0.3927944992139144,4.358031400966183,False,CTSI/USDT,-0.0927657032446134,,2024-07-18 15:30:00,2024,НЕЙТРАЛЬ,9.36386297532632
1721360700000,SHORT,3.874454477050398,-1.1302742377787351,4.224454477050398,False,ARK/USDT,-0.0769576097573637,9.2,2024-07-19 03:45:00,2024,НЕЙТРАЛЬ,12.536117122236046
1721522700000,SHORT,1.973634079966501,-0.528892378989017,4.268327402135225,False,CYBER/USDT,-0.1614664887990041,58.8,2024-07-21 00:45:00,2024,НЕЙТРАЛЬ,11.609687518110245
1721655000000,SHORT,4.290827269245485,0.6247746923038553,4.640827269245484,False,CKB/USDT,0.0313852941371052,20.0,2024-07-22 13:30:00,2024,НЕЙТРАЛЬ,6.083195544970921
1721781000000,SHORT,-5.430461414647222,0.5905411563332357,5.080461414647222,False,COTI/USDT,-0.0553710018738476,6.6000000000000005,2024-07-24 00:30:00,2024,НЕЙТРАЛЬ,-5.0651566930338845
1721825100000,SHORT,1.5614688128772625,0.684029212881144,4.840744466800793,False,BAT/USDT,-0.0856885666849527,11.6,2024-07-24 12:45:00,2024,НЕЙТРАЛЬ,-2.9939664028546753
1721835900000,SHORT,1.1249262536873168,0.4566530928453065,4.590117994100272,False,FLOW/USDT,0.0511937799544139,22.8,2024-07-24 15:45:00,2024,НЕЙТРАЛЬ,-4.346569265371136
1721845800000,SHORT,-1.3789990645463086,-0.4904058835734612,5.085126286248828,False,BIGTIME/USDT,0.1567291322390933,1.2,2024-07-24 18:30:00,2024,НЕЙТРАЛЬ,-4.545934310280225
1721871900000,LONG,-2.326444608023553,0.4893129429285257,4.061225616488773,True,1000BONK/USDT,0.0082597139708499,20.4,2024-07-25 01:45:00,2024,НЕЙТРАЛЬ,-9.415287834260223
1721940300000,LONG,4.034530602119298,0.6406393290219777,4.384530602119297,True,1000PEPE/USDT,0.0757078788386539,11.6,2024-07-25 20:45:00,2024,НЕЙТРАЛЬ,-6.604226212365905
1722041100000,SHORT,-1.406869652742838,-0.911874522323826,5.625440362355303,False,ARK/USDT,0.0804597342511447,11.8,2024-07-27 00:45:00,2024,НЕЙТРАЛЬ,-4.213990355020214
1722049200000,SHORT,-2.6248815165876773,-0.4437762592818808,5.243696682464454,False,BIGTIME/USDT,0.1239156362244191,1.2,2024-07-27 03:00:00,2024,НЕЙТРАЛЬ,-4.640180258978649
1722091500000,SHORT,8.062173383525229,0.1016073184468659,8.412173383525229,False,ACE/USDT,0.0218877183078213,8.4,2024-07-27 14:45:00,2024,НЕЙТРАЛЬ,-2.9913497357683894
1722241800000,SHORT,1.2613744075829365,-0.0202128675070429,4.071153238546598,False,BICO/USDT,0.0557439729836701,,2024-07-29 08:30:00,2024,НЕЙТРАЛЬ,-2.587250656684553
1722261600000,SHORT,0.6430264993026544,0.0557029681297478,4.882744769874459,False,AUCTION/USDT,0.0347574714867432,10.8,2024-07-29 14:00:00,2024,НЕЙТРАЛЬ,-3.7732123695930153
1722262500000,SHORT,-5.470374548736453,-0.0545246227299202,5.120374548736454,False,ARPA/USDT,0.1367093644334864,18.0,2024-07-29 14:15:00,2024,НЕЙТРАЛЬ,-3.191491758070397
1722399300000,SHORT,-4.419398135066379,0.0552043524701741,4.069398135066379,False,AUCTION/USDT,-0.0477657918595192,10.8,2024-07-31 04:15:00,2024,НЕЙТРАЛЬ,-3.770439727375946
1722609000000,SHORT,2.4324620573355875,-0.2763065239614091,5.3741989881956025,False,ARK/USDT,-0.0942498717560757,1.0,2024-08-02 14:30:00,2024,НЕЙТРАЛЬ,-9.411907960717341
1722795300000,LONG,3.844824770757437,0.2935910947172427,4.194824770757437,False,CKB/USDT,-0.0395686660576066,19.8,2024-08-04 18:15:00,2024,НЕЙТРАЛЬ,-23.168272446180538
1722821400000,LONG,-10.158174386920985,0.2833550551604593,9.808174386920983,False,CHR/USDT,-0.0250459940741987,2.6,2024-08-05 01:30:00,2024,НЕЙТРАЛЬ,-29.11341493825993
1722821400000,LONG,-5.945625858999044,0.2778549102672408,5.595625858999044,True,BTC/USDT,0.040187317717931,35.6,2024-08-05 01:30:00,2024,НЕЙТРАЛЬ,-29.11341493825993
1722822300000,LONG,-8.861885019347703,0.0871100023396229,8.511885019347703,False,BSV/USDT,-0.0968782319467125,1.4,2024-08-05 01:45:00,2024,НЕЙТРАЛЬ,-29.97545658490857
1722822300000,LONG,-8.739315038893691,0.6716326948886102,8.389315038893692,True,1000BONK/USDT,-0.0440641294489302,21.4,2024-08-05 01:45:00,2024,НЕЙТРАЛЬ,-29.97545658490857
1722825900000,LONG,-6.14983196663338,0.1178852576040672,5.799831966633381,True,ETH/USDT,0.1407051364697865,0.2,2024-08-05 02:45:00,2024,НЕЙТРАЛЬ,-31.723334255572528
1722825900000,LONG,-5.620661553211899,0.3172641492431571,5.270661553211899,False,BICO/USDT,-0.0251052988193746,,2024-08-05 02:45:00,2024,НЕЙТРАЛЬ,-31.723334255572528
1722825900000,LONG,-5.0991925681542005,-0.233002206295127,4.749192568154201,True,CFX/USDT,-0.082322143179634,3.8,2024-08-05 02:45:00,2024,НЕЙТРАЛЬ,-31.723334255572528
1722825900000,LONG,-4.726951672862452,0.1629845305251099,4.376951672862452,False,ASTR/USDT,-0.0305447078727416,4.4,2024-08-05 02:45:00,2024,НЕЙТРАЛЬ,-31.723334255572528
1722825900000,LONG,-4.684104046242784,0.361304459388874,4.334104046242785,True,ALGO/USDT,-0.0641658666391508,3.6,2024-08-05 02:45:00,2024,НЕЙТРАЛЬ,-31.723334255572528
1722825900000,LONG,-4.557073611567537,0.5956676688830462,4.207073611567537,True,1000SHIB/USDT,-0.0634844687006162,,2024-08-05 02:45:00,2024,НЕЙТРАЛЬ,-31.723334255572528
1722825900000,LONG,-4.420361260568784,0.2907875662362418,4.070361260568784,False,AGLD/USDT,-0.0032507437715632,2.2,2024-08-05 02:45:00,2024,НЕЙТРАЛЬ,-31.723334255572528
1722840300000,LONG,-10.904865838395557,0.6581332365562751,10.554865838395555,True,1000PEPE/USDT,-0.0542665757118254,15.2,2024-08-05 06:45:00,2024,НЕЙТРАЛЬ,-35.667085816339544
1722840300000,LONG,-4.587080578006368,0.3659493233437261,6.966201322556942,True,AXS/USDT,-0.0711220612751598,28.2,2024-08-05 06:45:00,2024,НЕЙТРАЛЬ,-35.667085816339544
1722840300000,LONG,-3.796698185145653,0.2645262884138997,7.370382797010833,False,CKB/USDT,-0.0416636493817453,9.8,2024-08-05 06:45:00,2024,НЕЙТРАЛЬ,-35.667085816339544
1722840300000,LONG,-3.009574468085109,0.0237838105709579,5.603191489361711,False,CELO/USDT,-0.0839319787580827,7.6,2024-08-05 06:45:00,2024,НЕЙТРАЛЬ,-35.667085816339544
1722840300000,LONG,-2.849999999999995,0.7972946475053864,6.256652542372879,False,1INCH/USDT,-0.0540297493900965,16.2,2024-08-05 06:45:00,2024,НЕЙТРАЛЬ,-35.667085816339544
1722840300000,LONG,-2.7814580363880386,-0.3879677462052057,6.126351974511616,False,API3/USDT,-0.0992857380657769,14.4,2024-08-05 06:45:00,2024,НЕЙТРАЛЬ,-35.667085816339544
1722840300000,LONG,-2.7042494794624243,-0.2090501647279858,6.280018455423046,True,BNB/USDT,-0.0361868235408184,24.4,2024-08-05 06:45:00,2024,НЕЙТРАЛЬ,-35.667085816339544
1722840300000,LONG,-2.483580705009286,-0.1061950739090452,7.143970315398891,False,CTSI/USDT,-0.1405130747545596,,2024-08-05 06:45:00,2024,НЕЙТРАЛЬ,-35.667085816339544
1722840300000,LONG,-2.426733544526576,-0.4699148448829592,5.704364660330874,False,ARPA/USDT,-0.0763420662454338,8.6,2024-08-05 06:45:00,2024,НЕЙТРАЛЬ,-35.667085816339544
1722840300000,LONG,-2.332946658734871,-0.0721832179811522,6.547313107277403,True,APE/USDT,-0.0665668017250708,13.4,2024-08-05 06:45:00,2024,НЕЙТРАЛЬ,-35.667085816339544
1722840300000,LONG,-1.8942502155679275,0.1178954637990058,7.529168299756993,True,CAKE/USDT,0.0334469420912282,9.8,2024-08-05 06:45:00,2024,НЕЙТРАЛЬ,-35.667085816339544
1722840300000,LONG,-1.5516021361815766,-0.1221769222864308,7.221762349799733,False,ALICE/USDT,-0.0917080602416126,11.8,2024-08-05 06:45:00,2024,НЕЙТРАЛЬ,-35.667085816339544
1722840300000,LONG,-1.5427480916030545,-0.1292380883224004,6.483683206106866,False,ANKR/USDT,-0.0672929974143064,7.399999999999999,2024-08-05 06:45:00,2024,НЕЙТРАЛЬ,-35.667085816339544
1722840300000,LONG,-1.3081881533101107,-0.0462480097422725,7.269446864111502,True,CHZ/USDT,-0.0776638297831013,3.0,2024-08-05 06:45:00,2024,НЕЙТРАЛЬ,-35.667085816339544
1722840300000,LONG,-0.5675489485134116,0.2423847273157952,5.939303843364765,False,BAT/USDT,-0.1001938461327517,11.4,2024-08-05 06:45:00,2024,НЕЙТРАЛЬ,-35.667085816339544
1722840300000,LONG,-0.2451507208387941,0.6723425099783394,6.3368807339449535,True,DOT/USDT,-0.0106835730417292,5.800000000000001,2024-08-05 06:45:00,2024,НЕЙТРАЛЬ,-35.667085816339544
1722840300000,LONG,5.802362020579976,-0.3013990770038749,6.152362020579975,True,ATOM/USDT,-0.0523127606924471,2.0,2024-08-05 06:45:00,2024,НЕЙТРАЛЬ,-35.667085816339544
1722840300000,LONG,5.848428315870172,0.1943434942393042,6.198428315870172,True,FET/USDT,-0.0397464035808178,17.8,2024-08-05 06:45:00,2024,НЕЙТРАЛЬ,-35.667085816339544
1722840300000,LONG,7.1110564164027,0.0489428860064329,7.4610564164027,False,EGLD/USDT,-0.1063412677910314,3.6,2024-08-05 06:45:00,2024,НЕЙТРАЛЬ,-35.667085816339544
1722840300000,LONG,7.414237099368889,-0.1640289631832531,7.764237099368889,True,ARKM/USDT,-0.1001539608939969,7.8,2024-08-05 06:45:00,2024,НЕЙТРАЛЬ,-35.667085816339544
1722841200000,LONG,-7.089952153110054,-0.4919401226341534,6.739952153110054,True,ARB/USDT,-0.0544000592641083,7.000000000000001,2024-08-05 07:00:00,2024,НЕЙТРАЛЬ,-35.236771709737404
1722841200000,LONG,-5.37597005805072,-0.1669990533599744,6.879651695692038,False,COTI/USDT,-0.0897620457328601,5.6000000000000005,2024-08-05 07:00:00,2024,НЕЙТРАЛЬ,-35.236771709737404
1722841200000,LONG,-4.105351681957178,-0.1075876268000648,7.117406727828756,True,AAVE/USDT,-0.0752485766556503,10.6,2024-08-05 07:00:00,2024,НЕЙТРАЛЬ,-35.236771709737404
1722841200000,LONG,-3.40343511450382,0.3225735604068937,6.692977099236652,False,GAS/USDT,-0.0344265557240802,9.8,2024-08-05 07:00:00,2024,НЕЙТРАЛЬ,-35.236771709737404
1722841200000,LONG,-3.03261150614091,-0.2281587775412316,8.053012281835809,False,ACH/USDT,-0.0697693254516447,0.8,2024-08-05 07:00:00,2024,НЕЙТРАЛЬ,-35.236771709737404
1722841200000,LONG,-2.924441687344922,0.4074916139923932,6.313061759029493,True,BCH/USDT,-0.1093597043253048,14.000000000000002,2024-08-05 07:00:00,2024,НЕЙТРАЛЬ,-35.236771709737404
1722841200000,LONG,-2.871779000458504,-0.7911041002513612,7.51611973537695,True,ENS/USDT,-0.0954445960469336,11.6,2024-08-05 07:00:00,2024,НЕЙТРАЛЬ,-35.236771709737404
1722841200000,LONG,-2.667219336795856,-0.5447543644483529,7.509628445864972,False,ARK/USDT,-0.0560506843965843,5.0,2024-08-05 07:00:00,2024,НЕЙТРАЛЬ,-35.236771709737404
1722841200000,LONG,-2.6281366882012867,0.1220582818479631,6.774906494389654,True,ADA/USDT,0.0046543944943765,21.2,2024-08-05 07:00:00,2024,НЕЙТРАЛЬ,-35.236771709737404
1722841200000,LONG,-2.0720470531166617,-0.0175954448866384,7.699514916323072,False,EDU/USDT,-0.0786407802777703,8.200000000000001,2024-08-05 07:00:00,2024,НЕЙТРАЛЬ,-35.236771709737404
1722841200000,LONG,-1.976145874850538,0.0676422965416568,7.015544041450779,False,ENJ/USDT,-0.120270479545035,4.0,2024-08-05 07:00:00,2024,НЕЙТРАЛЬ,-35.236771709737404
1722841200000,LONG,6.68370089593384,-0.4897819741454647,7.03370089593384,True,GALA/USDT,-0.0792303773142546,10.2,2024-08-05 07:00:00,2024,НЕЙТРАЛЬ,-35.236771709737404
1722842100000,LONG,-8.222151898734168,-0.1947068399070229,7.872151898734168,True,DYDX/USDT,-0.0585038289998818,1.4,2024-08-05 07:15:00,2024,НЕЙТРАЛЬ,-33.09500233064488
1722842100000,LONG,-7.661780090145234,0.0903270548126115,8.86029714540092,True,AR/USDT,-0.1015860962628176,15.4,2024-08-05 07:15:00,2024,НЕЙТРАЛЬ,-33.09500233064488
1722842100000,LONG,-7.5149603624009025,0.1096868381330678,7.164960362400903,True,DOGE/USDT,-0.0438285927913521,1.2,2024-08-05 07:15:00,2024,НЕЙТРАЛЬ,-33.09500233064488
1722859200000,LONG,4.52552988880015,0.2904741833447838,4.875529888800149,True,1000BONK/USDT,-0.0643658894119632,4.0,2024-08-05 12:00:00,2024,НЕЙТРАЛЬ,-34.60374156693107
1722859200000,LONG,6.213874345549749,0.0301959136063405,6.563874345549749,True,CRV/USDT,-0.0248843766592818,8.6,2024-08-05 12:00:00,2024,НЕЙТРАЛЬ,-34.60374156693107
1722957300000,SHORT,1.4214636499166882,-1.6106049662875903,4.917863720073652,False,ACE/USDT,0.0149361654673375,4.0,2024-08-06 15:15:00,2024,НЕЙТРАЛЬ,-24.593227669426604
1723027500000,SHORT,4.798338368580036,0.0186820985926841,5.148338368580036,False,CHR/USDT,-0.0180041027464232,5.800000000000001,2024-08-07 10:45:00,2024,МЕДВЕДЬ,-20.651167109953356
1723118400000,SHORT,-4.986507165411693,0.2659904065625231,4.636507165411693,False,BSV/USDT,-0.0667478035549612,1.7999999999999998,2024-08-08 12:00:00,2024,МЕДВЕДЬ,-19.133995306665387
1723145400000,SHORT,-4.640716180371345,0.1846016546718285,4.290716180371345,False,BIGTIME/USDT,-0.0232188471554419,2.2,2024-08-08 19:30:00,2024,МЕДВЕДЬ,-12.128596049587504
1723159800000,SHORT,1.8214028219787588,0.9030934377527438,5.102151688399461,True,BCH/USDT,-0.0290839907657145,13.6,2024-08-08 23:30:00,2024,МЕДВЕДЬ,-12.725724535070333
1723196700000,SHORT,2.3275956284153088,1.1406783973296963,5.39721311475408,False,GAS/USDT,0.0388269945941622,10.6,2024-08-09 09:45:00,2024,МЕДВЕДЬ,-12.151402247897247
1723208400000,SHORT,0.1550505050505154,-0.0234409531376062,4.680303030303009,False,ARK/USDT,-0.0003978324393008,14.6,2024-08-09 13:00:00,2024,МЕДВЕДЬ,-12.443089565186533
1723444200000,SHORT,-0.6852490421455952,-0.2213466182600595,4.335057471264362,False,BSV/USDT,-0.0780473278644597,15.8,2024-08-12 06:30:00,2024,НЕЙТРАЛЬ,21.16860662850062
1723468500000,SHORT,4.067578947368404,-0.0001021988732839,4.417578947368404,False,BIGTIME/USDT,-0.082622024460374,2.2,2024-08-12 13:15:00,2024,НЕЙТРАЛЬ,25.286916000451576
1723469400000,SHORT,2.299208282582209,1.2544352619008463,4.514799025578563,True,APT/USDT,0.0169455173450133,8.6,2024-08-12 13:30:00,2024,НЕЙТРАЛЬ,17.478363584958643
1723470300000,SHORT,-4.480902777777775,0.1297622853387177,4.130902777777775,True,CRV/USDT,-0.1291799125053498,0.4,2024-08-12 13:45:00,2024,НЕЙТРАЛЬ,13.320221835601131
1723558500000,SHORT,0.9320512820512832,0.5639186868071675,4.479166666666654,True,CRV/USDT,-0.175867629248161,2.6,2024-08-13 14:15:00,2024,НЕЙТРАЛЬ,3.8094739520137755
1723814100000,LONG,-4.608174225157975,1.0356676441792394,4.258174225157975,True,1000PEPE/USDT,-0.02632571338118,2.4,2024-08-16 13:15:00,2024,НЕЙТРАЛЬ,-4.008863285013481
1723953600000,SHORT,-1.196999459362054,0.2566874694305701,4.439250315372124,False,EDU/USDT,-0.1439636628824208,36.4,2024-08-18 04:00:00,2024,НЕЙТРАЛЬ,-5.208017811055327
1723979700000,SHORT,-9.937037037037014,0.3752144844705389,9.587037037037014,False,ALICE/USDT,0.1601109517237075,15.4,2024-08-18 11:15:00,2024,НЕЙТРАЛЬ,-2.836512784716466
1723987800000,SHORT,1.975581395348842,0.1038356265812884,4.465282392026561,False,CHR/USDT,-0.050807083182903,15.8,2024-08-18 13:30:00,2024,НЕЙТРАЛЬ,-0.11744686422842654
1723995000000,SHORT,-4.683932057789916,0.6010325043527057,4.333932057789917,False,BICO/USDT,-0.108520444255567,,2024-08-18 15:30:00,2024,НЕЙТРАЛЬ,0.6912060731013026
1724013000000,SHORT,4.165477874318035,0.0469295903736221,4.515477874318035,False,API3/USDT,0.0552604529589135,19.0,2024-08-18 20:30:00,2024,НЕЙТРАЛЬ,3.9860313608348297
1724066100000,SHORT,-5.589316918189016,0.2514334552722816,5.239316918189016,False,CTSI/USDT,-0.0040584751881597,,2024-08-19 11:15:00,2024,НЕЙТРАЛЬ,-2.726653208769547
1724126400000,SHORT,0.6694174757281645,-0.0733148274241637,5.850582524271827,False,ARPA/USDT,0.0813783255492469,0.2,2024-08-20 04:00:00,2024,НЕЙТРАЛЬ,3.6260154866608274
1724150700000,SHORT,1.2702611294635973,0.3503229092939176,4.102469718420634,False,EDU/USDT,-0.0687009636037807,37.0,2024-08-20 10:45:00,2024,НЕЙТРАЛЬ,3.4650161271492674
1724162400000,SHORT,-5.5798480786416205,0.241971723960259,5.229848078641621,False,ALICE/USDT,-0.10339911937321,16.2,2024-08-20 14:00:00,2024,НЕЙТРАЛЬ,1.3217198548121867
1724227200000,SHORT,0.4046340391237462,0.7041130049962184,4.562143746794609,True,AAVE/USDT,0.04575715456138,7.000000000000001,2024-08-21 08:00:00,2024,НЕЙТРАЛЬ,1.9250253308635168
1724274000000,SHORT,0.3830075521990159,0.6493739189177162,5.390748556197237,True,CAKE/USDT,0.061357657482094,14.8,2024-08-21 21:00:00,2024,НЕЙТРАЛЬ,6.291314225570854
1724447700000,SHORT,2.2723776223776224,0.6632758547823483,4.431237762237741,True,AAVE/USDT,0.0292501938485097,9.6,2024-08-23 21:15:00,2024,НЕЙТРАЛЬ,21.013983187565522
1724510700000,SHORT,2.3186916901714087,0.2783723371525891,6.132154480364491,False,CYBER/USDT,0.2879538714942443,41.8,2024-08-24 14:45:00,2024,НЕЙТРАЛЬ,21.728403915803074
1724521500000,SHORT,3.984257975034659,0.5755056831247225,4.334257975034659,False,BICO/USDT,-0.0738813476531155,,2024-08-24 17:45:00,2024,НЕЙТРАЛЬ,23.05515103836492
1724522400000,SHORT,1.6836331638639104,0.1860822829602693,4.497145091904564,True,APE/USDT,-0.0920091730513846,45.2,2024-08-24 18:00:00,2024,НЕЙТРАЛЬ,23.2095991354213
1724600700000,SHORT,-1.3731923601637115,0.3351077385702498,4.199795361527944,False,CTSI/USDT,-0.0673509201946068,,2024-08-25 15:45:00,2024,НЕЙТРАЛЬ,14.283734052891162
1724739300000,SHORT,3.798187258007736,0.9329459532282616,4.148187258007736,True,FET/USDT,0.034168634077698,30.6,2024-08-27 06:15:00,2024,НЕЙТРАЛЬ,5.689458088906941
1724798700000,LONG,-1.5010289501220804,-0.0838176403433998,4.878711777700269,False,CKB/USDT,0.0405959796306471,24.6,2024-08-27 22:45:00,2024,НЕЙТРАЛЬ,-1.8556587652065082
1724798700000,LONG,-0.3774785667179683,0.2797472904010713,4.288876676192561,False,ACH/USDT,-0.0422755122298618,21.4,2024-08-27 22:45:00,2024,НЕЙТРАЛЬ,-1.8556587652065082
1724863500000,LONG,-0.9730529595015582,-0.1723357121024626,4.027102803738313,True,DYDX/USDT,-0.0122818059652991,1.2,2024-08-28 16:45:00,2024,НЕЙТРАЛЬ,-3.84996865038274
1724863500000,LONG,-0.7713483146067341,0.2385822687123988,4.360814606741564,False,BIGTIME/USDT,-0.0776337088080911,2.2,2024-08-28 16:45:00,2024,НЕЙТРАЛЬ,-3.84996865038274
1724949000000,SHORT,3.807692307692289,0.094621242981461,4.157692307692289,False,CHR/USDT,-0.1271121234520838,9.4,2024-08-29 16:30:00,2024,НЕЙТРАЛЬ,-4.359411881807573
1724949900000,SHORT,1.9745771860381307,0.2426398414496907,4.450593738754947,True,CFX/USDT,-0.1173751343133506,5.0,2024-08-29 16:45:00,2024,НЕЙТРАЛЬ,-4.407693407169328
1725037200000,LONG,3.883123561733911,-0.00721696409412,4.233123561733911,False,DUSK/USDT,-0.0125578824908384,5.800000000000001,2024-08-30 17:00:00,2024,МЕДВЕДЬ,-12.640961545423174
1725412500000,LONG,4.306486117432862,-0.1148950350163077,4.656486117432862,False,1INCH/USDT,0.0241357267843764,12.6,2024-09-04 01:15:00,2024,МЕДВЕДЬ,-8.581844458121257
1725413400000,LONG,-0.5831002331002333,0.0462856626906575,5.180419580419585,True,DYDX/USDT,0.0748077472296805,23.200000000000003,2024-09-04 01:30:00,2024,МЕДВЕДЬ,-8.138732831834734
1725413400000,LONG,1.210062402496101,-0.0808073109446417,4.499531981279256,False,BIGTIME/USDT,0.0917855121030482,2.2,2024-09-04 01:30:00,2024,МЕДВЕДЬ,-8.138732831834734
1725413400000,LONG,1.304031702274283,0.1311828545503173,4.079117849758788,False,BLUR/USDT,0.0625726865418594,36.2,2024-09-04 01:30:00,2024,МЕДВЕДЬ,-8.138732831834734
1725413400000,LONG,1.3443987322484228,-0.4391100717488809,4.170841713902602,True,ENS/USDT,-0.021942114289681,20.4,2024-09-04 01:30:00,2024,МЕДВЕДЬ,-8.138732831834734
1725413400000,LONG,1.6117834394904635,0.0341833777138307,4.173694267515921,False,CKB/USDT,0.0196165770729848,16.6,2024-09-04 01:30:00,2024,МЕДВЕДЬ,-8.138732831834734
1725413400000,LONG,1.612757926522403,0.2440885242997054,4.013034725717151,False,BICO/USDT,0.0341843897388538,,2024-09-04 01:30:00,2024,МЕДВЕДЬ,-8.138732831834734
1725413400000,LONG,1.6274902703271317,0.0216507428425016,4.106784474597671,True,ARKM/USDT,0.0069064751256853,21.2,2024-09-04 01:30:00,2024,МЕДВЕДЬ,-8.138732831834734
1725413400000,LONG,1.698490846115774,-0.1098631743347217,4.28602671944581,True,AR/USDT,0.0317565982711859,4.0,2024-09-04 01:30:00,2024,МЕДВЕДЬ,-8.138732831834734
1725413400000,LONG,1.7033251608948872,0.5041702622495933,5.387358259270612,False,EGLD/USDT,0.0096509237078005,22.0,2024-09-04 01:30:00,2024,МЕДВЕДЬ,-8.138732831834734
1725413400000,LONG,2.0989795918367364,0.010023611057966,4.311253644314877,True,GALA/USDT,0.0214269519649489,25.8,2024-09-04 01:30:00,2024,МЕДВЕДЬ,-8.138732831834734
1725413400000,LONG,2.0999155201544784,0.5165332373133081,4.944484672942299,False,ACH/USDT,-0.0210615024921857,1.4,2024-09-04 01:30:00,2024,МЕДВЕДЬ,-8.138732831834734
1725413400000,LONG,2.107327839905834,0.1491588078790156,4.642436727486752,False,AGLD/USDT,-0.0154650079930317,26.6,2024-09-04 01:30:00,2024,МЕДВЕДЬ,-8.138732831834734
1725413400000,LONG,2.1783018867924464,0.1536929542029854,4.23532830188681,False,ENJ/USDT,0.0150876056928836,7.6,2024-09-04 01:30:00,2024,МЕДВЕДЬ,-8.138732831834734
1725413400000,LONG,2.2739067055393445,0.0447055659527074,4.253119533527696,False,CHR/USDT,-0.0282785134053934,20.0,2024-09-04 01:30:00,2024,МЕДВЕДЬ,-8.138732831834734
1725413400000,LONG,2.3123756582796986,-0.0948905001515321,4.442012873025171,False,ARPA/USDT,0.0464685762314212,9.2,2024-09-04 01:30:00,2024,МЕДВЕДЬ,-8.138732831834734
1725413400000,LONG,2.413997165131103,0.3878265925775208,4.221580439404684,False,ARK/USDT,0.0406171180631956,19.4,2024-09-04 01:30:00,2024,МЕДВЕДЬ,-8.138732831834734
1725413400000,LONG,2.4471486130481828,0.1767474835277539,4.023492949015971,True,1000SHIB/USDT,0.0086989483151022,,2024-09-04 01:30:00,2024,МЕДВЕДЬ,-8.138732831834734
1725413400000,LONG,2.448186649992188,-0.6751632288090136,4.585993434422387,False,ACE/USDT,0.1095435006715896,11.2,2024-09-04 01:30:00,2024,МЕДВЕДЬ,-8.138732831834734
1725413400000,LONG,2.528890184764598,0.01635917856585,4.479921429009885,True,1000BONK/USDT,0.0260292194914133,26.6,2024-09-04 01:30:00,2024,МЕДВЕДЬ,-8.138732831834734
1725413400000,LONG,2.768040089086862,0.1518853036250164,4.6299554565701655,False,ALICE/USDT,0.047700066291948,17.4,2024-09-04 01:30:00,2024,МЕДВЕДЬ,-8.138732831834734
1725413400000,LONG,2.8085802670140008,0.3403657380452922,4.52044936502769,False,CYBER/USDT,-0.0163356114633669,40.8,2024-09-04 01:30:00,2024,МЕДВЕДЬ,-8.138732831834734
1725413400000,LONG,3.799420849420852,0.3016095020720591,4.149420849420852,True,CRV/USDT,-0.1512864246942744,15.6,2024-09-04 01:30:00,2024,МЕДВЕДЬ,-8.138732831834734
1725413400000,LONG,4.232887323943676,0.4350754314397849,4.582887323943676,False,ASTR/USDT,0.0059862293881402,20.8,2024-09-04 01:30:00,2024,МЕДВЕДЬ,-8.138732831834734
1725414300000,LONG,0.7478325206460114,0.284487449429893,4.045880661799942,True,1000PEPE/USDT,0.0969658983155968,33.2,2024-09-04 01:45:00,2024,МЕДВЕДЬ,-8.564002918151465
1725414300000,LONG,1.3519167217448884,0.2073614609423529,4.2043126239259685,True,APT/USDT,0.0677210023237551,32.800000000000004,2024-09-04 01:45:00,2024,МЕДВЕДЬ,-8.564002918151465
1725414300000,LONG,1.400953731781279,-0.0332766640036907,4.135990739835026,True,BCH/USDT,-0.0124198937933815,27.6,2024-09-04 01:45:00,2024,МЕДВЕДЬ,-8.564002918151465
1725414300000,LONG,1.845918367346937,0.9263655647790104,4.027559183673466,True,CFX/USDT,0.0524475052795238,25.2,2024-09-04 01:45:00,2024,МЕДВЕДЬ,-8.564002918151465
1725414300000,LONG,2.150000000000002,0.0162196971845335,4.038749999999991,False,CTSI/USDT,0.0692605045255342,,2024-09-04 01:45:00,2024,МЕДВЕДЬ,-8.564002918151465
1725468300000,SHORT,1.4132241813601871,0.5179618627101176,4.883699172364168,False,1INCH/USDT,0.1924398355016832,0.0,2024-09-04 16:45:00,2024,НЕЙТРАЛЬ,-2.7019310020016505
1725659100000,LONG,1.10359445322954,0.17798989516758,4.109544155212255,True,1000PEPE/USDT,0.052821893746317,22.2,2024-09-06 21:45:00,2024,НЕЙТРАЛЬ,-9.86889855004337
1725709500000,SHORT,1.501851851851853,0.4741958696219561,4.510123456790118,False,BIGTIME/USDT,-0.1578284383339068,2.8000000000000003,2024-09-07 11:45:00,2024,НЕЙТРАЛЬ,-7.266922094508304
1725924600000,SHORT,3.0485102420856616,0.6519866251815882,4.175651769087517,True,APE/USDT,-0.1886929574166184,44.6,2024-09-09 23:30:00,2024,НЕЙТРАЛЬ,0.39910099595407145
1726079400000,SHORT,-1.5391452383372195,0.3958343556292595,4.612115052342708,False,COTI/USDT,-0.0396109722238345,0.2,2024-09-11 18:30:00,2024,НЕЙТРАЛЬ,3.4909726387814866
1726186500000,SHORT,-8.202433425160683,-0.0736685248090461,7.852433425160683,False,BIGTIME/USDT,-0.0576087331746919,2.8000000000000003,2024-09-13 00:15:00,2024,НЕЙТРАЛЬ,7.960000606131401
1726227000000,SHORT,-7.848412194347405,0.063022128262908,7.498412194347405,False,CKB/USDT,-0.0136796179574132,0.0,2024-09-13 11:30:00,2024,НЕЙТРАЛЬ,8.041773470821012
1726262100000,SHORT,-2.2856549407813302,0.71869092353898,4.289305285486992,False,COTI/USDT,0.0382213690033415,13.8,2024-09-13 21:15:00,2024,НЕЙТРАЛЬ,16.05427472070072
1726297200000,SHORT,-5.321265377855879,0.0413247843434341,4.971265377855879,False,BIGTIME/USDT,-0.1218738518147804,2.8000000000000003,2024-09-14 07:00:00,2024,НЕЙТРАЛЬ,10.892483908510098
1726385400000,SHORT,4.157856598016776,0.2738596953413099,4.507856598016776,False,BIGTIME/USDT,-0.0974385433225019,2.8000000000000003,2024-09-15 07:30:00,2024,НЕЙТРАЛЬ,7.417841171528572
1726385400000,SHORT,4.411261044659483,0.3762998377276518,4.7612610446594825,False,CKB/USDT,-0.0933109926723419,1.0,2024-09-15 07:30:00,2024,НЕЙТРАЛЬ,7.417841171528572
1726614000000,SHORT,-4.593796245337244,0.0384862490216323,4.243796245337244,False,CKB/USDT,-0.0739732921613855,2.2,2024-09-17 23:00:00,2024,НЕЙТРАЛЬ,-2.318313482726908
1726695900000,SHORT,-4.486053034166228,-0.3210212770700625,4.1360530341662285,False,BLUR/USDT,-0.0524142421855384,27.6,2024-09-18 21:45:00,2024,НЕЙТРАЛЬ,0.6965351135233333
1726808400000,SHORT,-7.309919999999986,0.5090278452432876,6.959919999999986,False,ARK/USDT,0.123473958183895,22.6,2024-09-20 05:00:00,2024,НЕЙТРАЛЬ,8.231311813581888
1726810200000,SHORT,-6.000630455868081,0.3239837334560846,5.6506304558680815,False,COTI/USDT,0.0251681033526322,22.2,2024-09-20 05:30:00,2024,НЕЙТРАЛЬ,7.948843739553957
1726820100000,SHORT,-4.379245283018848,1.0603841906117195,4.029245283018848,False,GAS/USDT,-0.0124105086926213,11.4,2024-09-20 08:15:00,2024,НЕЙТРАЛЬ,7.4812051638098005
1726877700000,SHORT,8.171990501755094,0.4618075728542176,8.521990501755093,False,ARK/USDT,0.1887543270467797,0.0,2024-09-21 00:15:00,2024,НЕЙТРАЛЬ,4.75809909087912
1726953300000,SHORT,1.6604895104895028,0.4946927158290886,4.157692307692303,False,ALICE/USDT,0.0108181869049006,22.8,2024-09-21 21:15:00,2024,НЕЙТРАЛЬ,5.959920948039487
1727076600000,SHORT,-4.575693196717318,0.1316069967332064,4.225693196717319,True,AR/USDT,0.0306593040733404,6.6000000000000005,2024-09-23 07:30:00,2024,НЕЙТРАЛЬ,10.518452371659704
1727078400000,SHORT,-2.2056005398110727,0.7583702394204385,4.529925775978398,False,ANKR/USDT,0.076005297079691,27.800000000000004,2024-09-23 08:00:00,2024,НЕЙТРАЛЬ,9.548572626786079
1727103600000,SHORT,-1.3004504504504597,0.1042058967098471,5.680959459459442,True,AR/USDT,0.0143432915655801,42.2,2024-09-23 15:00:00,2024,НЕЙТРАЛЬ,13.377455406245687
1727338500000,SHORT,-5.104797979797966,0.3517970306165791,4.754797979797966,True,CHZ/USDT,0.0642840491733775,0.4,2024-09-26 08:15:00,2024,НЕЙТРАЛЬ,9.361049007431143
1727371800000,SHORT,-1.2619853218930577,0.3310010430987537,4.694992175273854,True,1000SHIB/USDT,0.0482035317235721,,2024-09-26 17:30:00,2024,НЕЙТРАЛЬ,7.895027965761258
1727410500000,SHORT,2.278177509694095,-0.5630439924872086,5.75938532241848,False,EDU/USDT,0.0340135439374378,47.2,2024-09-27 04:15:00,2024,НЕЙТРАЛЬ,8.628906757100019
1727450100000,SHORT,3.931608974973608,0.8685692422132082,4.281608974973608,True,1000SHIB/USDT,0.0222854308697014,,2024-09-27 15:15:00,2024,НЕЙТРАЛЬ,11.437794280151248
1727457300000,SHORT,-5.491570605187293,-0.4099134421606241,5.141570605187293,False,BIGTIME/USDT,-0.0059012752544898,2.0,2024-09-27 17:15:00,2024,НЕЙТРАЛЬ,11.339959929399734
1727483400000,SHORT,3.507934180514831,-0.1341802197530947,5.627109807754949,False,BIGTIME/USDT,-0.0607671592899251,99.8,2024-09-28 00:30:00,2024,НЕЙТРАЛЬ,9.821095452316907
1727493300000,SHORT,4.732382598674715,-0.5058926664433607,5.082382598674714,False,EDU/USDT,-0.0398520471427553,12.4,2024-09-28 03:15:00,2024,БЫК,11.876267443236188
1727505000000,SHORT,1.6483927136351555,-0.1721834351492151,5.276040717921231,False,CKB/USDT,-0.127017510468473,39.4,2024-09-28 06:30:00,2024,БЫК,8.002194184007493
1727601300000,SHORT,3.966568608844181,0.1695581688253741,4.316568608844181,False,ARK/USDT,-0.0027195115253638,1.4,2024-09-29 09:15:00,2024,БЫК,6.035387528414282
1727626500000,SHORT,0.3885524372230434,0.8932604618524077,5.040915805022126,False,CELO/USDT,0.0070316960350137,24.0,2024-09-29 16:15:00,2024,БЫК,8.039293853676444
1727795700000,LONG,-4.913168124392612,0.5271006627127517,4.563168124392612,False,ALICE/USDT,0.0702897279924419,23.4,2024-10-01 15:15:00,2024,БЫК,-3.564718511021608
1727795700000,LONG,-4.603862823707887,0.9192109937523965,4.253862823707888,False,AGLD/USDT,-0.0333773189341169,46.6,2024-10-01 15:15:00,2024,БЫК,-3.564718511021608
1727795700000,LONG,-4.57742773150417,0.8019762176580914,4.227427731504171,False,ACH/USDT,0.0552414312609046,29.2,2024-10-01 15:15:00,2024,БЫК,-3.564718511021608
1727796600000,LONG,-7.569080420182537,-0.1064295630046022,7.219080420182538,False,EDU/USDT,0.0833297483093112,48.2,2024-10-01 15:30:00,2024,БЫК,-3.042011234541775
1727796600000,LONG,-7.213577688701673,0.4253678239334477,6.863577688701674,True,ARKM/USDT,-0.0304299810898843,32.6,2024-10-01 15:30:00,2024,БЫК,-3.042011234541775
1727796600000,LONG,-6.756946726120621,0.2984789723241609,6.406946726120621,True,AR/USDT,-0.0317333675548932,42.0,2024-10-01 15:30:00,2024,БЫК,-3.042011234541775
1727796600000,LONG,-6.037948812373408,0.9160568604664948,5.687948812373408,False,COTI/USDT,0.0844635431108583,21.0,2024-10-01 15:30:00,2024,БЫК,-3.042011234541775
1727796600000,LONG,-5.660971498620896,0.6402686547065978,5.310971498620896,False,CYBER/USDT,0.0542402075973869,35.4,2024-10-01 15:30:00,2024,БЫК,-3.042011234541775
1727796600000,LONG,-5.6251195056546575,1.0051719321163028,5.275119505654658,True,1000SHIB/USDT,0.0040348538810423,,2024-10-01 15:30:00,2024,БЫК,-3.042011234541775
1727796600000,LONG,-5.387809917355369,0.5236637538324392,5.03780991735537,True,DYDX/USDT,-0.0088376591333909,25.2,2024-10-01 15:30:00,2024,БЫК,-3.042011234541775
1727796600000,LONG,-5.376777875329244,0.7904626531419684,5.026777875329244,False,BICO/USDT,0.0345872541582273,,2024-10-01 15:30:00,2024,БЫК,-3.042011234541775
1727796600000,LONG,-5.181818181818172,0.9515686627730808,4.831818181818172,True,GALA/USDT,-0.0338572782794631,37.0,2024-10-01 15:30:00,2024,БЫК,-3.042011234541775
1727796600000,LONG,-5.091884610329886,0.6990607980321117,4.741884610329886,False,ACE/USDT,0.033737842603548,23.8,2024-10-01 15:30:00,2024,БЫК,-3.042011234541775
1727796600000,LONG,-4.93442844925883,0.8701519308510761,4.58442844925883,False,AUCTION/USDT,0.0076019505274305,21.0,2024-10-01 15:30:00,2024,БЫК,-3.042011234541775
1727796600000,LONG,-4.889533007450997,-0.4062418366979643,4.539533007450998,False,DUSK/USDT,0.0625531340354674,26.6,2024-10-01 15:30:00,2024,БЫК,-3.042011234541775
1727796600000,LONG,-4.861597542242708,0.4494286347147496,4.511597542242709,False,CTSI/USDT,0.0188821841111265,,2024-10-01 15:30:00,2024,БЫК,-3.042011234541775
1727796600000,LONG,-4.7820206362854725,1.3790309397191491,4.432020636285473,True,ARB/USDT,0.0056340815079694,49.2,2024-10-01 15:30:00,2024,БЫК,-3.042011234541775
1727796600000,LONG,-4.630695970695972,1.039239653519614,4.280695970695972,False,ANKR/USDT,0.0305286631474844,27.6,2024-10-01 15:30:00,2024,БЫК,-3.042011234541775
1727796600000,LONG,-4.4648638704930015,0.5956013256863143,4.114863870493002,False,1INCH/USDT,-0.0345514019703186,26.200000000000003,2024-10-01 15:30:00,2024,БЫК,-3.042011234541775
1727796600000,LONG,-4.458817876021137,0.3305534799531344,4.108817876021138,False,ARPA/USDT,-0.0033089902590513,33.0,2024-10-01 15:30:00,2024,БЫК,-3.042011234541775
1727796600000,LONG,-4.369728660260035,1.407060465390539,4.019728660260036,False,BAT/USDT,0.0114435526554999,22.8,2024-10-01 15:30:00,2024,БЫК,-3.042011234541775
1727803800000,LONG,-6.348992238296876,0.3911208714714682,5.998992238296876,True,1000PEPE/USDT,0.0142479162495809,38.6,2024-10-01 17:30:00,2024,БЫК,-7.830722421850855
1727803800000,LONG,-2.2388216710358284,0.1213913793968139,4.086415271896221,True,AAVE/USDT,-0.0122444763699608,28.000000000000004,2024-10-01 17:30:00,2024,БЫК,-7.830722421850855
1727803800000,LONG,-1.7785714285714298,0.5401689959541542,5.085599999999992,False,CHR/USDT,0.0265731313963725,26.0,2024-10-01 17:30:00,2024,БЫК,-7.830722421850855
1727803800000,LONG,-1.591830065359472,0.4986276777508398,4.861437908496727,True,CHZ/USDT,-0.0243565182311643,37.0,2024-10-01 17:30:00,2024,БЫК,-7.830722421850855
1727803800000,LONG,-0.7331417624521076,0.7316767305133882,4.501915708812264,True,CRV/USDT,-0.1265919589947349,18.6,2024-10-01 17:30:00,2024,БЫК,-7.830722421850855
1727803800000,LONG,-0.5001212517802761,0.6098382256960048,4.041772200623576,True,AVAX/USDT,-0.0350188424379619,17.2,2024-10-01 17:30:00,2024,БЫК,-7.830722421850855
1727803800000,LONG,-0.0729590333038573,0.5728000292809136,4.4549012673150745,True,ENS/USDT,-0.0517598012186897,46.400000000000006,2024-10-01 17:30:00,2024,БЫК,-7.830722421850855
1727803800000,LONG,-0.0450011883070516,0.5304875619443382,4.1385645250732646,False,EGLD/USDT,0.0391112003327603,27.0,2024-10-01 17:30:00,2024,БЫК,-7.830722421850855
1727803800000,LONG,1.1269390222836444,-0.2556161608507302,5.5614182069442,False,BIGTIME/USDT,-0.0319450791229235,2.0,2024-10-01 17:30:00,2024,БЫК,-7.830722421850855
1727804700000,LONG,-5.43857542550712,0.0177940196002353,5.08857542550712,False,ARK/USDT,0.0342236290901195,9.2,2024-10-01 17:45:00,2024,БЫК,-6.806665807594498
1727804700000,LONG,-5.003118430273301,0.6763040152617807,5.62385423966363,True,APE/USDT,0.0758910921839553,46.6,2024-10-01 17:45:00,2024,БЫК,-6.806665807594498
1727804700000,LONG,-3.3665016501650107,0.495044900350256,5.663399339933979,False,ENJ/USDT,0.064729216609926,29.6,2024-10-01 17:45:00,2024,БЫК,-6.806665807594498
1727804700000,LONG,-3.321703266688522,0.4456660242072036,5.102082065208915,False,ASTR/USDT,0.0233533314544211,39.6,2024-10-01 17:45:00,2024,БЫК,-6.806665807594498
1727804700000,LONG,-2.9638176463369823,0.5441268268055394,5.756644987114994,True,CFX/USDT,0.0697496060961643,37.4,2024-10-01 17:45:00,2024,БЫК,-6.806665807594498
1727804700000,LONG,-2.6939474349254366,-0.1935664655994307,5.389562800101071,False,CKB/USDT,-0.0501251964229879,11.2,2024-10-01 17:45:00,2024,БЫК,-6.806665807594498
1727804700000,LONG,-2.6421441967076538,0.1573007404073438,4.662783913315265,True,AXS/USDT,-0.0423491923172316,20.8,2024-10-01 17:45:00,2024,БЫК,-6.806665807594498
1727804700000,LONG,-2.134160139251524,0.6675715502145678,4.0745430809399545,False,DASH/USDT,-0.115825593819307,18.0,2024-10-01 17:45:00,2024,БЫК,-6.806665807594498
1727804700000,LONG,-2.062339371419716,1.0729936440713452,4.297878928626721,True,BCH/USDT,-0.0464459758525345,42.0,2024-10-01 17:45:00,2024,БЫК,-6.806665807594498
1727804700000,LONG,-1.783588990036558,0.7468232072384714,4.888015196043294,False,API3/USDT,0.0571938933773571,16.6,2024-10-01 17:45:00,2024,БЫК,-6.806665807594498
1727804700000,LONG,-1.7517581373247633,0.9955467646779088,4.066286528866712,True,DOT/USDT,-0.0171002641851026,25.0,2024-10-01 17:45:00,2024,БЫК,-6.806665807594498
1727804700000,LONG,-1.6829630658150525,1.4534413066089598,5.089808386559289,True,FIL/USDT,-0.0231869708235877,3.8,2024-10-01 17:45:00,2024,БЫК,-6.806665807594498
1727804700000,LONG,-1.612980634296942,0.7099769822860031,4.273449340443438,True,ADA/USDT,-0.0047394393778231,29.8,2024-10-01 17:45:00,2024,БЫК,-6.806665807594498
1727804700000,LONG,-1.4602299762093454,1.631879906266513,4.411340206185559,True,ALGO/USDT,-0.0313141945023494,22.4,2024-10-01 17:45:00,2024,БЫК,-6.806665807594498
1727804700000,LONG,-1.2777298450691166,0.7914594798978527,5.202217274329719,True,DOGE/USDT,0.0361424430849365,40.0,2024-10-01 17:45:00,2024,БЫК,-6.806665807594498
1727804700000,LONG,-1.2522887323943586,0.9699973125837654,4.55655809859154,False,BSV/USDT,-0.0865678497180003,26.8,2024-10-01 17:45:00,2024,БЫК,-6.806665807594498
1727804700000,LONG,-0.8999541704857958,0.5061121505173598,6.422731439046737,False,BLUR/USDT,0.0251418885054599,56.39999999999999,2024-10-01 17:45:00,2024,БЫК,-6.806665807594498
1727804700000,LONG,-0.5524291497975585,0.8424152508860159,4.919478182636063,True,ATOM/USDT,0.00469066841339,21.4,2024-10-01 17:45:00,2024,БЫК,-6.806665807594498
1727804700000,LONG,0.0751926654265218,0.3958806942623516,4.830613871910702,False,GAS/USDT,-0.0132610681828454,20.6,2024-10-01 17:45:00,2024,БЫК,-6.806665807594498
1727805600000,LONG,-1.6301678908709327,0.7585415125043364,4.280676810073445,True,CAKE/USDT,0.0322557110797749,23.200000000000003,2024-10-01 18:00:00,2024,БЫК,-6.292186884228706
1727947800000,LONG,-4.699790619765493,-0.1989289389491464,4.349790619765494,False,ACH/USDT,0.0261163463202779,14.000000000000002,2024-10-03 09:30:00,2024,НЕЙТРАЛЬ,-14.221449641196187
1727948700000,LONG,-7.209210526315785,0.5203726887677242,6.859210526315786,True,1000BONK/USDT,-0.0304722382899221,50.2,2024-10-03 09:45:00,2024,НЕЙТРАЛЬ,-13.785490632273328
1728217800000,SHORT,4.288624770455004,-0.1701494053209074,4.638624770455004,False,ARK/USDT,-0.045037478919639,1.6,2024-10-06 12:30:00,2024,НЕЙТРАЛЬ,-10.991826508931645
1728227700000,SHORT,-0.1999624906226513,0.4213768960549813,4.814628657164273,False,CTSI/USDT,-0.0708077773812846,,2024-10-06 15:15:00,2024,НЕЙТРАЛЬ,-10.219380074688244
1728282600000,SHORT,4.081703561116471,-0.2732184157578824,4.43170356111647,False,ARK/USDT,-0.0599558459582954,2.8000000000000003,2024-10-07 06:30:00,2024,НЕЙТРАЛЬ,-6.95899954437399
1728351900000,SHORT,7.916010273972597,0.1203153158013451,8.266010273972597,True,CFX/USDT,-0.0795363026312221,36.8,2024-10-08 01:45:00,2024,НЕЙТРАЛЬ,-6.945443617748848
1728478800000,SHORT,-4.401102428132838,-0.5746153881804283,4.051102428132839,True,CHZ/USDT,-0.0859774630092713,0.0,2024-10-09 13:00:00,2024,НЕЙТРАЛЬ,-0.7255086968291802
1728656100000,SHORT,0.1603710004580272,-0.4057323893034608,5.300889877641814,True,ARKM/USDT,-0.1965705527814,7.8,2024-10-11 14:15:00,2024,НЕЙТРАЛЬ,2.5422659713097207
1728698400000,SHORT,4.4873809523809465,-0.1075014184030516,4.837380952380946,False,CELO/USDT,0.0223355654124814,21.8,2024-10-12 02:00:00,2024,НЕЙТРАЛЬ,0.8203011588531983
1728709200000,SHORT,-0.2072302671833502,-0.2338834273872048,4.698225576177847,False,ARK/USDT,-0.0088078294171097,15.8,2024-10-12 05:00:00,2024,НЕЙТРАЛЬ,0.7321244821487438
1729053000000,SHORT,1.3983768723480403,-0.4151525465621329,5.114769183579559,True,ARKM/USDT,-0.15832462484646,31.6,2024-10-16 04:30:00,2024,НЕЙТРАЛЬ,4.234520751350923
1729122300000,SHORT,-4.724444292299946,0.7461685230812525,4.3744442922999465,False,ACE/USDT,0.0210924044489996,24.0,2024-10-16 23:45:00,2024,НЕЙТРАЛЬ,7.205241928290318
1729290600000,SHORT,-4.906046112337497,-0.1299672750675195,4.556046112337498,False,BIGTIME/USDT,-0.015481272356637,3.4000000000000004,2024-10-18 22:30:00,2024,НЕЙТРАЛЬ,2.4583512168756982
1729376100000,SHORT,-6.989217710484031,0.2596671067476412,6.639217710484031,True,APE/USDT,0.0479272573608913,65.60000000000001,2024-10-19 22:15:00,2024,НЕЙТРАЛЬ,2.505448126688825
1729393200000,SHORT,-4.379304029304027,-0.2328762130396768,6.689552476508995,False,ARK/USDT,-0.105221279286395,19.6,2024-10-20 03:00:00,2024,НЕЙТРАЛЬ,3.0094229331108835
1729404000000,SHORT,-7.531861277445092,0.8065910186878177,7.181861277445092,True,APE/USDT,-0.0216427972501108,0.4,2024-10-20 06:00:00,2024,НЕЙТРАЛЬ,3.7869719765560195
1729404900000,SHORT,-9.915820117555723,0.7015675267916162,9.565820117555726,False,API3/USDT,0.1163263361641178,51.6,2024-10-20 06:15:00,2024,НЕЙТРАЛЬ,4.006311963375142
1729431000000,SHORT,-6.260931174089064,0.1350624176470367,9.477246963562749,True,DYDX/USDT,0.3368553170415806,21.4,2024-10-20 13:30:00,2024,НЕЙТРАЛЬ,6.853893900811492
1729431000000,SHORT,0.2363192182410356,2.2224113604978863,9.781127035830613,True,APE/USDT,0.0001781154978752,0.0,2024-10-20 13:30:00,2024,НЕЙТРАЛЬ,6.853893900811492
1729431000000,SHORT,5.588162203814292,1.7565861211930656,10.820776343671737,False,API3/USDT,0.0232052007790605,0.2,2024-10-20 13:30:00,2024,НЕЙТРАЛЬ,6.853893900811492
1729431900000,SHORT,1.380920535011786,0.3936509144140476,11.663650668764747,False,ALICE/USDT,0.1222418177833768,24.2,2024-10-20 13:45:00,2024,НЕЙТРАЛЬ,7.313850936167132
1729433700000,SHORT,-3.385778821828702,-0.1787792191370574,5.302312974340422,False,BLUR/USDT,-0.1283186278534074,50.0,2024-10-20 14:15:00,2024,НЕЙТРАЛЬ,8.116956667134112
1729448100000,SHORT,-4.648093587521648,-0.2185728489484656,4.298093587521648,False,ARPA/USDT,-0.035371346988022,28.000000000000004,2024-10-20 18:15:00,2024,НЕЙТРАЛЬ,9.644712968625935
1729458900000,SHORT,-2.486068504752041,0.3627769306707263,4.433941846240687,False,COTI/USDT,-0.1129053484000873,16.0,2024-10-20 21:15:00,2024,НЕЙТРАЛЬ,8.303094337256534
1729509300000,SHORT,4.19827696575268,1.36875572218478,4.548276965752679,False,API3/USDT,0.0048220503759555,17.599999999999998,2024-10-21 11:15:00,2024,НЕЙТРАЛЬ,4.485584736281501
1729511100000,SHORT,3.080574683861272,2.0253662225399984,10.365162138475023,True,APE/USDT,0.0156301935006595,65.4,2024-10-21 11:45:00,2024,НЕЙТРАЛЬ,3.786751150500478
1729605600000,LONG,-2.5333657137570604,-0.0413766746231024,4.395364973633092,False,AGLD/USDT,0.1130714237143593,34.0,2024-10-22 14:00:00,2024,НЕЙТРАЛЬ,-1.6943024778051818
1729645200000,SHORT,-5.160207877461702,0.2645762162245346,4.810207877461703,False,BIGTIME/USDT,0.0038205922471969,3.4000000000000004,2024-10-23 01:00:00,2024,НЕЙТРАЛЬ,0.36231591150208686
1729647000000,SHORT,3.764459871317303,0.7315455808453631,5.624085675584141,False,ACE/USDT,-0.1540493941506451,21.4,2024-10-23 01:30:00,2024,НЕЙТРАЛЬ,0.2861647510618792
1729686600000,LONG,-0.4577764881445744,0.9286521921743216,4.1021886917592525,True,APE/USDT,0.0419909624973529,64.4,2024-10-23 12:30:00,2024,НЕЙТРАЛЬ,-2.593489287938594
1729867500000,SHORT,4.372961850405514,0.5802826243568106,4.722961850405514,False,API3/USDT,-0.0260683520275936,52.2,2024-10-25 14:45:00,2024,НЕЙТРАЛЬ,-0.565612011154959
1729867500000,SHORT,4.513457854406132,0.2931410756971704,4.863457854406132,True,APE/USDT,0.0191380201896285,63.4,2024-10-25 14:45:00,2024,НЕЙТРАЛЬ,-0.565612011154959
1729899900000,LONG,-0.0206192358366302,0.0702901931676585,4.415854194115072,False,BSV/USDT,0.0524462943728775,28.4,2024-10-25 23:45:00,2024,НЕЙТРАЛЬ,-9.95961779481665
1729899900000,LONG,0.0613345521023759,0.4045413874366564,5.084506398537482,False,DASH/USDT,0.0462362149960319,15.2,2024-10-25 23:45:00,2024,НЕЙТРАЛЬ,-9.95961779481665
1729899900000,LONG,0.1220357941834578,0.8032382760409309,5.942975391498884,True,APT/USDT,0.062336545360655,37.6,2024-10-25 23:45:00,2024,НЕЙТРАЛЬ,-9.95961779481665
1729899900000,LONG,0.7352713178294582,-0.6560601137579296,6.328372093023258,False,CELO/USDT,0.040295717704918,18.2,2024-10-25 23:45:00,2024,НЕЙТРАЛЬ,-9.95961779481665
1729899900000,LONG,1.261928269192011,0.1383850168441245,6.12571025589362,False,ARK/USDT,0.0282039962936667,32.800000000000004,2024-10-25 23:45:00,2024,НЕЙТРАЛЬ,-9.95961779481665
1729899900000,LONG,1.381565865782926,0.1954119098567312,8.651010770505382,True,FET/USDT,0.0575131899057244,34.0,2024-10-25 23:45:00,2024,НЕЙТРАЛЬ,-9.95961779481665
1729899900000,LONG,1.53031393067364,-0.477514283727693,5.858812949640281,True,CHZ/USDT,0.0870281428319051,11.2,2024-10-25 23:45:00,2024,НЕЙТРАЛЬ,-9.95961779481665
1729899900000,LONG,2.15036237135818,-0.3759823972134983,4.982243803449764,True,AAVE/USDT,0.1010564944024551,40.8,2024-10-25 23:45:00,2024,НЕЙТРАЛЬ,-9.95961779481665
1729900800000,LONG,1.7683800623052872,-0.2508184668985471,5.580062305295963,False,CHR/USDT,0.021265315657311,22.8,2024-10-26 00:00:00,2024,НЕЙТРАЛЬ,-11.26371306313691
1729900800000,LONG,2.4953608247422663,0.2040279453867806,4.329113402061863,False,ANKR/USDT,0.1271519511668768,22.8,2024-10-26 00:00:00,2024,НЕЙТРАЛЬ,-11.26371306313691
1730052000000,SHORT,-4.831843591684598,-0.1876519937094314,4.481843591684599,False,API3/USDT,0.1903405245960663,39.0,2024-10-27 18:00:00,2024,НЕЙТРАЛЬ,-11.796391021572827
1730070000000,SHORT,4.34697577130903,0.1368127903469122,4.696975771309029,True,APE/USDT,-0.0474079444742031,63.0,2024-10-27 23:00:00,2024,НЕЙТРАЛЬ,-11.918873886432735
1730214900000,SHORT,1.5073996405033037,0.3791189652194648,4.837237866986207,False,CYBER/USDT,0.0647855923180797,25.4,2024-10-29 15:15:00,2024,МЕДВЕДЬ,-3.876733114544911
1730300400000,SHORT,-4.78146401985109,-0.3210843727820893,4.431464019851091,False,BICO/USDT,0.1151672695848481,,2024-10-30 15:00:00,2024,МЕДВЕДЬ,-0.628736026640736
1730396700000,SHORT,0.9481199641897878,-0.4100624675732906,5.463160250671435,False,BICO/USDT,0.0490995837492033,,2024-10-31 17:45:00,2024,НЕЙТРАЛЬ,-5.989249894590981
1730421900000,SHORT,0.1968053491827661,-0.316498173499006,5.581771173848408,False,BIGTIME/USDT,-0.0309944242369154,4.8,2024-11-01 00:45:00,2024,НЕЙТРАЛЬ,-7.063342556800811
1730647800000,LONG,4.38976047111759,0.0136053557981846,4.73976047111759,True,ARKM/USDT,0.0298896094640208,27.4,2024-11-03 15:30:00,2024,НЕЙТРАЛЬ,-10.223988027551822
1730649600000,LONG,3.754262228536633,1.0742907855299717,4.104262228536633,True,DOGE/USDT,0.0114288254687582,49.0,2024-11-03 16:00:00,2024,НЕЙТРАЛЬ,-9.143790329231393
1730664000000,SHORT,2.4688807142266693,-0.0009787754583215,6.203414069604017,False,AGLD/USDT,0.0383001629345998,0.0,2024-11-03 20:00:00,2024,НЕЙТРАЛЬ,-8.821784245690733
1730813400000,SHORT,1.4599547511312232,0.2275321078336933,5.695726495726476,True,APE/USDT,0.0539197283996877,62.4,2024-11-05 13:30:00,2024,НЕЙТРАЛЬ,-10.637994512597327
1730818800000,SHORT,-0.8792652552926634,0.0590532719028662,7.880269302615176,False,AGLD/USDT,0.0077295236492603,1.4,2024-11-05 15:00:00,2024,НЕЙТРАЛЬ,-8.792322033272482
1730823300000,SHORT,-1.2952936444086962,0.5033561065128154,4.354766693483497,False,ARK/USDT,0.039867635030295,2.6,2024-11-05 16:15:00,2024,НЕЙТРАЛЬ,-9.942129537346368
1730864700000,SHORT,-2.919298103420329,0.3088293982039132,5.551564272977785,False,AUCTION/USDT,0.0283151123315968,14.6,2024-11-06 03:45:00,2024,НЕЙТРАЛЬ,-4.104482622035133
1730868300000,SHORT,3.81088374130127,1.0906797719961512,4.16088374130127,True,DOGE/USDT,0.0995521826912919,49.6,2024-11-06 04:45:00,2024,НЕЙТРАЛЬ,-3.773029765391922
1730869200000,SHORT,-4.46914913209632,0.0980502096817959,4.11914913209632,True,1000BONK/USDT,0.0650024812726381,33.4,2024-11-06 05:00:00,2024,НЕЙТРАЛЬ,-4.09400304881577
1730879100000,SHORT,-3.543201247108513,0.4548550339216038,5.091561902846217,True,ARKM/USDT,0.0607189088633316,27.6,2024-11-06 07:45:00,2024,НЕЙТРАЛЬ,-3.113055902839795
1730879100000,SHORT,-0.5281707799920763,0.3857751983164704,4.013098851788297,True,AR/USDT,0.0528966410502542,39.4,2024-11-06 07:45:00,2024,НЕЙТРАЛЬ,-3.113055902839795
1730912400000,SHORT,0.9296307950492962,-1.402176572744533,5.181392909586732,False,ARPA/USDT,0.0928791172742908,27.0,2024-11-06 17:00:00,2024,НЕЙТРАЛЬ,-1.8985039982591212
1730938500000,SHORT,-0.0541420118343192,0.9527922969893726,5.64142011834317,False,BAT/USDT,-0.016300033137923,23.0,2024-11-07 00:15:00,2024,НЕЙТРАЛЬ,0.5148890382474458
1730939400000,SHORT,3.646180121942256,0.342085643480047,4.654462646000137,False,CKB/USDT,-0.0131772600095187,35.4,2024-11-07 00:30:00,2024,НЕЙТРАЛЬ,0.8999105593480716
1730939400000,SHORT,5.250987780040719,-0.1146932398487916,5.600987780040718,False,BIGTIME/USDT,0.043244749700037,99.4,2024-11-07 00:30:00,2024,НЕЙТРАЛЬ,0.8999105593480716
1730941200000,SHORT,3.417060964513183,0.6456193690725519,5.958416742493172,False,ARK/USDT,0.0636413019983917,15.4,2024-11-07 01:00:00,2024,НЕЙТРАЛЬ,1.95852104387354
1730943900000,SHORT,-5.450414976023606,0.1885543477602005,5.100414976023607,True,APE/USDT,0.0949677499249711,62.8,2024-11-07 01:45:00,2024,НЕЙТРАЛЬ,2.63526354798006
1731016800000,SHORT,-0.0569271758437069,0.5656017315497395,4.833987566607456,True,ARKM/USDT,0.0760020244397829,27.6,2024-11-07 22:00:00,2024,НЕЙТРАЛЬ,6.77471224154218
1731077100000,SHORT,-1.604901960784315,0.5526202821953828,4.049777777777758,True,FIL/USDT,-0.0219616525958859,37.8,2024-11-08 14:45:00,2024,НЕЙТРАЛЬ,4.594196462648847
1731077100000,SHORT,0.632167352537734,0.3633317849342594,5.594299039780499,True,AR/USDT,-0.0326161464631254,39.4,2024-11-08 14:45:00,2024,НЕЙТРАЛЬ,4.594196462648847
1731114000000,SHORT,1.7648648648648688,0.877886146189631,6.829665540540532,False,EGLD/USDT,0.0125497365087612,24.8,2024-11-09 01:00:00,2024,НЕЙТРАЛЬ,8.64518651637206
1731137400000,SHORT,-1.5479634621144065,0.2789566137318631,4.02482779275231,False,CYBER/USDT,-0.0818161952890082,21.0,2024-11-09 07:30:00,2024,НЕЙТРАЛЬ,10.787870096446706
1731141900000,SHORT,3.7658767268862943,0.2724477137793848,4.115876726886294,True,AR/USDT,-0.004629071979172,39.4,2024-11-09 08:45:00,2024,НЕЙТРАЛЬ,12.216046309130169
1731168000000,SHORT,4.639747095010254,-0.1479946270772062,7.909911141490072,False,CTSI/USDT,0.1275144271300648,,2024-11-09 16:00:00,2024,НЕЙТРАЛЬ,13.176254665322018
1731184200000,SHORT,4.378971962616818,-1.364788823302755,10.967420560747655,False,ARPA/USDT,0.0995829978310662,27.0,2024-11-09 20:30:00,2024,НЕЙТРАЛЬ,14.133216456442932
1731200400000,SHORT,-4.4572892311924015,-0.1456812596410394,4.107289231192402,False,AGLD/USDT,0.0709038196912296,14.6,2024-11-10 01:00:00,2024,НЕЙТРАЛЬ,15.680264047399339
1731200400000,SHORT,-0.5369158878504674,0.7333142048608516,7.142897196261669,False,ARK/USDT,0.0662574624866335,34.4,2024-11-10 01:00:00,2024,НЕЙТРАЛЬ,15.680264047399339
1731216600000,SHORT,-4.363701737864891,0.0419921626789938,4.013701737864891,True,1000BONK/USDT,-0.017508741935894,28.6,2024-11-10 05:30:00,2024,НЕЙТРАЛЬ,22.962543944947246
1731217500000,SHORT,-5.074715854363303,0.7830057981257911,4.724715854363303,True,APT/USDT,-0.0601831051690067,94.6,2024-11-10 05:45:00,2024,НЕЙТРАЛЬ,22.385802926209475
1731218400000,SHORT,-4.429975686002089,1.9758823895014743,4.079975686002089,True,ADA/USDT,-0.0105583885576906,46.0,2024-11-10 06:00:00,2024,НЕЙТРАЛЬ,22.202621090753773
1731219300000,SHORT,-5.175005120852105,-0.4577239198486526,4.825005120852105,True,ENS/USDT,0.0719123781584953,45.6,2024-11-10 06:15:00,2024,НЕЙТРАЛЬ,21.685891728480723
1731219300000,SHORT,-5.16380498682344,0.8707295997337148,4.81380498682344,True,DOT/USDT,-0.0612365387474911,51.6,2024-11-10 06:15:00,2024,НЕЙТРАЛЬ,21.685891728480723
1731221100000,SHORT,-4.9588305489260085,0.1970299571984934,4.608830548926009,False,BSV/USDT,-0.0006807589268984,99.2,2024-11-10 06:45:00,2024,НЕЙТРАЛЬ,21.82499313799492
1731229200000,SHORT,-2.152823289302117,0.4374310785424341,8.431356652871461,False,API3/USDT,-0.0850891372046481,51.2,2024-11-10 09:00:00,2024,НЕЙТРАЛЬ,24.338227099846478
1731240900000,SHORT,-3.5263417305585887,0.393774016910481,4.254874041621013,False,CYBER/USDT,-0.0977783260731178,20.6,2024-11-10 12:15:00,2024,БЫК,25.19709375733403
1731244500000,SHORT,5.414499121265378,2.14194459572218,5.764499121265378,True,ADA/USDT,0.0093507595018153,99.0,2024-11-10 13:15:00,2024,БЫК,29.09722799434794
1731249000000,SHORT,-9.857188317519816,-0.1029670862443825,9.507188317519818,True,1000SHIB/USDT,0.0832027683656292,,2024-11-10 14:30:00,2024,БЫК,30.795263249344927
1731249000000,SHORT,-6.558330065103136,0.0151183252963662,6.208330065103136,True,1000BONK/USDT,-0.0297189619935018,99.8,2024-11-10 14:30:00,2024,БЫК,30.795263249344927
1731249000000,SHORT,-5.715549071618028,0.7403302060719396,5.3655490716180285,True,1000PEPE/USDT,0.0320549705537213,99.6,2024-11-10 14:30:00,2024,БЫК,30.795263249344927
1731249000000,SHORT,-4.986674956954267,1.4640173057157504,4.636674956954267,True,DOT/USDT,-0.071981517609265,51.6,2024-11-10 14:30:00,2024,БЫК,30.795263249344927
1731249900000,SHORT,1.1293882978723435,-0.1232097422765094,6.240863253546086,False,BIGTIME/USDT,-0.0732747532499723,99.6,2024-11-10 14:45:00,2024,БЫК,30.96141299128391
1731264300000,SHORT,7.204516012954286,0.8567971032198725,7.554516012954285,True,DOGE/USDT,0.0464031000575702,99.8,2024-11-10 18:45:00,2024,БЫК,33.5339349036233
1731274200000,LONG,3.710744469301533,0.3512971979289742,4.060744469301533,True,CFX/USDT,-0.0464480315988845,99.6,2024-11-10 21:30:00,2024,БЫК,23.56334386592066
1731275100000,LONG,3.904421732683742,0.0427946993612975,4.254421732683742,True,ENS/USDT,0.0259232317919535,99.8,2024-11-10 21:45:00,2024,БЫК,24.007644841876154
1731297600000,SHORT,2.3902622822470088,0.1416750919773651,8.746677431982757,True,ENS/USDT,0.0074541346876576,45.6,2024-11-11 04:00:00,2024,БЫК,28.97506036593118
1731302100000,SHORT,-5.508196276884123,0.8668258364930765,5.158196276884123,False,ARK/USDT,0.014954233318719,34.4,2024-11-11 05:15:00,2024,БЫК,27.104585428938876
1731332700000,SHORT,4.835069498672499,0.8169797613307349,8.414227705762922,False,ARK/USDT,0.0732106896601469,34.4,2024-11-11 13:45:00,2024,БЫК,27.58293207898127
1731345300000,SHORT,-4.689380036178232,1.1323252414755365,4.339380036178232,True,APT/USDT,-0.1011393024731467,37.0,2024-11-11 17:15:00,2024,БЫК,31.650005233549074
1731351600000,SHORT,4.157677137625011,0.1485741315889251,8.678349063248348,False,BLUR/USDT,0.088305055380429,38.4,2024-11-11 19:00:00,2024,БЫК,31.83794097641033
1731369600000,SHORT,-5.647195266272166,0.8989139944211042,5.297195266272166,True,DOGE/USDT,-0.0461420062730743,49.6,2024-11-12 00:00:00,2024,БЫК,34.32128825809685
1731369600000,SHORT,0.631260941924054,0.8810328519921791,4.503464672444713,True,BCH/USDT,0.0524461236361389,86.4,2024-11-12 00:00:00,2024,БЫК,34.32128825809685
1731369600000,SHORT,0.6582823190493347,1.4062114748874617,4.598055455527533,True,DOT/USDT,-0.0440131140896323,51.6,2024-11-12 00:00:00,2024,БЫК,34.32128825809685
1731369600000,SHORT,1.4138646114730644,0.340176166266646,4.157079294454146,False,BSV/USDT,-0.0321515046209856,99.8,2024-11-12 00:00:00,2024,БЫК,34.32128825809685
1731369600000,SHORT,5.414485967360394,1.0358568311474283,5.764485967360393,True,APT/USDT,-0.0653533254453449,37.0,2024-11-12 00:00:00,2024,БЫК,34.32128825809685
1731373200000,SHORT,-0.47660231049217,0.5208502533164323,5.093574932742505,False,ARK/USDT,0.0083138310237829,34.599999999999994,2024-11-12 01:00:00,2024,БЫК,34.859619360722895
1731376800000,SHORT,4.929710711493352,0.9398138676098704,5.279710711493352,False,GAS/USDT,0.1864756015617338,99.8,2024-11-12 02:00:00,2024,БЫК,35.44329358709256
1731402000000,SHORT,4.789325842696618,0.5261014155242889,5.139325842696618,True,GALA/USDT,-0.0447886610335179,98.8,2024-11-12 09:00:00,2024,БЫК,34.51180337666217
1731402000000,SHORT,5.430604812686312,0.0891815827498239,5.780604812686311,True,1000BONK/USDT,0.0164208631623171,99.8,2024-11-12 09:00:00,2024,БЫК,34.51180337666217
1731402900000,SHORT,4.878313060179247,1.226090321593276,5.228313060179247,True,ADA/USDT,-0.0371217324442545,99.8,2024-11-12 09:15:00,2024,БЫК,35.60978530817038
1731404700000,SHORT,4.111520102808884,-1.287160696744533,4.461520102808883,False,ARPA/USDT,0.0937441719604898,99.2,2024-11-12 09:45:00,2024,БЫК,31.843032427545282
1731410100000,LONG,-6.8053913043478165,0.9402979740047096,6.455391304347817,False,GAS/USDT,0.1712446921146533,19.0,2024-11-12 11:15:00,2024,БЫК,28.82976503785093
1731410100000,LONG,-5.830190670752462,0.2856907871505835,5.480190670752462,True,FET/USDT,-0.0842601738618074,99.6,2024-11-12 11:15:00,2024,БЫК,28.82976503785093
1731410100000,LONG,-5.656915793033488,0.4522164132466402,5.306915793033489,False,ARK/USDT,0.0272322351046045,27.6,2024-11-12 11:15:00,2024,БЫК,28.82976503785093
1731410100000,LONG,-3.6398284974652295,0.3258217889482658,6.257696041419488,True,AR/USDT,-0.0873025102458641,99.8,2024-11-12 11:15:00,2024,БЫК,28.82976503785093
1731410100000,LONG,-3.1398399857236297,0.5748453229986821,5.441865445244191,False,API3/USDT,-0.112628376259934,99.8,2024-11-12 11:15:00,2024,БЫК,28.82976503785093
1731410100000,LONG,-1.9555671791139764,0.1474732736890547,6.585099608841986,True,ARKM/USDT,0.0258559942185833,99.8,2024-11-12 11:15:00,2024,БЫК,28.82976503785093
1731455100000,SHORT,7.608049631120033,0.1033555439480339,7.958049631120033,True,1000BONK/USDT,-0.0053730603665232,26.4,2024-11-12 23:45:00,2024,БЫК,26.105420954862023
1731458700000,SHORT,4.762526733384482,0.4524271518363292,5.112526733384482,False,ASTR/USDT,-0.0107537988904006,99.0,2024-11-13 00:45:00,2024,БЫК,22.44092645481607
1731474900000,LONG,3.670624900111876,-0.2156926292428246,4.020624900111876,False,AGLD/USDT,0.034500920650364,99.6,2024-11-13 05:15:00,2024,БЫК,10.662803280242638
1731503700000,SHORT,-11.20141219811707,0.092877536150539,10.851412198117073,True,1000BONK/USDT,-0.0719821718716618,26.0,2024-11-13 13:15:00,2024,БЫК,10.908845507222175
1731509100000,SHORT,-9.234278378495723,-0.1669022721599399,8.884278378495726,True,1000PEPE/USDT,0.0423034266311828,94.4,2024-11-13 14:45:00,2024,БЫК,16.950300253278606
1731510000000,SHORT,5.111584471278635,0.18263089378018,5.461584471278635,True,1000SHIB/USDT,-0.0102114892521236,,2024-11-13 15:00:00,2024,БЫК,16.030829919314293
1731516300000,SHORT,-6.06761615498277,-0.079040988384007,5.71761615498277,False,BSV/USDT,-0.0381496658915622,98.6,2024-11-13 16:45:00,2024,БЫК,14.981884209092112
1731520800000,SHORT,3.7104011509817103,-0.047846791994766,4.06040115098171,False,ACH/USDT,-0.0973015443086081,27.0,2024-11-13 18:00:00,2024,БЫК,15.065306925998067
1731524400000,SHORT,-1.9812056737588823,0.1692977964404256,4.443599290780156,True,APE/USDT,-0.0844275795093089,98.2,2024-11-13 19:00:00,2024,БЫК,12.510815577216706
1731551400000,SHORT,-5.671180820470669,0.2836345301385836,5.321180820470669,False,API3/USDT,-0.1015061338541088,99.4,2024-11-14 02:30:00,2024,БЫК,7.28807993115006
1731552300000,SHORT,2.9598290598290635,0.3373604945228213,10.061247435897418,True,1000PEPE/USDT,-0.0180992582218735,98.4,2024-11-14 02:45:00,2024,БЫК,6.797457269808316
1731566700000,SHORT,-10.208377962844311,0.2585906389927889,9.858377962844312,True,1000BONK/USDT,-0.1281291783556037,25.6,2024-11-14 06:45:00,2024,БЫК,10.89507921579691
1731566700000,SHORT,0.3291301030141097,0.3123561955974376,4.899793971766488,True,FET/USDT,-0.0856913054367301,97.8,2024-11-14 06:45:00,2024,БЫК,10.89507921579691
1731566700000,SHORT,1.350680272108845,0.6819198554111057,4.242252456538165,False,BICO/USDT,-0.0744183879289375,,2024-11-14 06:45:00,2024,БЫК,10.89507921579691
1731566700000,SHORT,3.664486476931232,0.1883619927820305,4.014486476931232,False,ACE/USDT,-0.1086279169838984,99.8,2024-11-14 06:45:00,2024,БЫК,10.89507921579691
1731599100000,LONG,-0.3716857645966838,0.6495656450887558,4.142432101871043,True,APT/USDT,-0.0365825283779813,37.0,2024-11-14 15:45:00,2024,БЫК,3.8424018406398086
1731601800000,LONG,-4.6609784957300135,0.2993260631189051,4.310978495730014,False,COTI/USDT,0.0158840369624006,13.8,2024-11-14 16:30:00,2024,БЫК,5.664670892372814
1731624300000,SHORT,-4.533699222126172,1.428855622751899,4.183699222126172,True,ADA/USDT,-0.005142629005135,46.0,2024-11-14 22:45:00,2024,БЫК,6.1594739626634425
1731628800000,LONG,-0.8537308407186872,0.1219783341523153,5.260426150903755,True,DOGE/USDT,-0.044386557479536,49.6,2024-11-15 00:00:00,2024,БЫК,4.0561742983109
1731629700000,LONG,-4.987323619310812,0.4073716804104216,4.637323619310813,True,1000SHIB/USDT,-0.0137776770121887,,2024-11-15 00:15:00,2024,БЫК,3.7614973030348997
1731674700000,SHORT,-6.253351955307262,0.5651951082243942,5.903351955307262,True,ALGO/USDT,-0.0260115052534504,35.8,2024-11-15 12:45:00,2024,БЫК,5.987841499548397
1731677400000,SHORT,-3.56937758699985,1.440866356039285,7.065598650927487,True,ADA/USDT,-0.0147381109159402,46.0,2024-11-15 13:30:00,2024,БЫК,6.920589564455993
1731708000000,SHORT,0.2053981297818096,0.2684686403013622,4.097132332105401,False,API3/USDT,-0.062895029163515,50.4,2024-11-15 22:00:00,2024,БЫК,8.527625801489524
1731713400000,SHORT,3.276308771776434,0.0095651276044918,7.495449080854214,True,1000BONK/USDT,-0.0880167939524169,24.8,2024-11-15 23:30:00,2024,БЫК,8.708980506082476
1731715200000,SHORT,3.548168848909169,0.8638192888301169,5.886588981468866,True,1000PEPE/USDT,0.0135720963997747,40.2,2024-11-16 00:00:00,2024,БЫК,7.891539323041652
1731717900000,SHORT,-5.96904627936419,1.3133757863845916,5.61904627936419,True,ADA/USDT,-0.0172688847169132,46.0,2024-11-16 00:45:00,2024,БЫК,8.898881467566898
1731717900000,SHORT,-2.8538323965252874,0.5175609087683641,5.681451200817553,False,CHR/USDT,-0.1002345994274676,22.4,2024-11-16 00:45:00,2024,БЫК,8.898881467566898
1731749400000,SHORT,4.34052224371374,1.4095939318415054,6.265618955512547,True,ALGO/USDT,-0.0563464296521109,35.8,2024-11-16 09:30:00,2024,БЫК,9.012075670692642
1731760200000,SHORT,-1.2259635599159084,0.3238293289226205,4.236089698668518,True,GALA/USDT,-0.0123036056550182,96.6,2024-11-16 12:30:00,2024,БЫК,12.090738389929111
1731764700000,SHORT,4.253411160788218,0.2007269974935837,9.559355853618133,True,APE/USDT,-0.0881223625739211,98.8,2024-11-16 13:45:00,2024,БЫК,12.247514390371528
1731777300000,SHORT,-4.661999999999998,0.7542287821628251,4.311999999999999,True,CRV/USDT,-0.0112602587342049,16.0,2024-11-16 17:15:00,2024,БЫК,13.472412558489822
1731783600000,SHORT,-4.711520138588112,0.8945733743566984,4.361520138588112,True,FIL/USDT,-0.0881420420779522,37.8,2024-11-16 19:00:00,2024,БЫК,13.16899898023819
1731797100000,SHORT,-4.871225983531557,0.009387386333545,4.521225983531557,True,1000BONK/USDT,-0.0647493944227272,24.4,2024-11-16 22:45:00,2024,БЫК,13.36251243259834
1731798900000,SHORT,3.9265783774779126,-0.0898001519123594,4.276578377477913,True,AXS/USDT,-0.1042381105274506,79.60000000000001,2024-11-16 23:15:00,2024,БЫК,13.223689844414277
1731806100000,SHORT,4.290885947046829,0.677629973652267,4.640885947046828,True,DOT/USDT,-0.0829314902878442,51.6,2024-11-17 01:15:00,2024,БЫК,13.66970776529156
1731807000000,SHORT,1.4206173233370518,0.3929981853039811,6.331759451268123,True,ATOM/USDT,-0.0358307450420079,59.8,2024-11-17 01:30:00,2024,БЫК,11.4619945855736
1731839400000,SHORT,3.0728928965770974,0.5477231028997991,4.303140228192862,False,ASTR/USDT,-0.0382002044415547,31.0,2024-11-17 10:30:00,2024,БЫК,6.658542416297331
1731846600000,SHORT,-1.896356008598571,-1.585787687060437,4.72346577907219,False,AGLD/USDT,0.1974306790041812,98.2,2024-11-17 12:30:00,2024,БЫК,6.055084371410901
1731904200000,SHORT,-5.90825575698186,0.8626063088419108,5.55825575698186,True,ALGO/USDT,-0.0062092756780012,99.2,2024-11-18 04:30:00,2024,БЫК,3.382207790604108
1731905100000,SHORT,-4.743877551020391,0.7561544968109225,4.393877551020392,False,FLOW/USDT,-0.0555561225464321,41.2,2024-11-18 04:45:00,2024,БЫК,2.249494826228149
1731916800000,SHORT,-1.424017247764656,0.3277576117473891,4.513438442410429,False,DUSK/USDT,-0.0312000442500383,23.8,2024-11-18 08:00:00,2024,БЫК,8.703860060310586
1731918600000,SHORT,-4.854066060415999,0.8905306893786972,4.504066060415999,False,ENJ/USDT,-0.0672604693483149,24.8,2024-11-18 08:30:00,2024,БЫК,7.098459697610293
1731946500000,SHORT,-0.0854497354497351,1.168853440718385,5.34153439153438,True,CRV/USDT,-0.0650431980939446,16.0,2024-11-18 16:15:00,2024,БЫК,4.763049088067972
1731956400000,SHORT,-2.632183835581884,0.5712994835793653,5.700088261253286,True,CHZ/USDT,-0.0400269956287149,63.2,2024-11-18 19:00:00,2024,БЫК,2.3354047300950476
1731989700000,SHORT,-6.264758269720077,1.117324742507391,5.914758269720077,True,CRV/USDT,-0.0942651902797712,16.0,2024-11-19 04:15:00,2024,БЫК,-0.05600452053845517
1731991500000,SHORT,1.381374606505767,0.5720466742735426,5.562329485834182,False,AUCTION/USDT,-0.1260845501879978,6.4,2024-11-19 04:45:00,2024,БЫК,-0.10605601489113159
1732014900000,SHORT,-1.0609004739336498,1.206145814877802,4.578199052132689,True,CRV/USDT,-0.0732916349353094,16.0,2024-11-19 11:15:00,2024,БЫК,3.183047083511381
1732021200000,SHORT,-0.090109731446723,0.9545462050230922,4.557609009529303,False,ANKR/USDT,-0.115682369062972,20.4,2024-11-19 13:00:00,2024,БЫК,6.659816773720284
1732034700000,SHORT,-5.2594564737074485,0.6209695981016842,4.909456473707449,True,ALGO/USDT,-0.057065639100433,35.8,2024-11-19 16:45:00,2024,БЫК,6.647667139872793
1732098600000,SHORT,4.239441412669371,0.8734168219864238,4.589441412669371,True,APT/USDT,-0.0133552272280984,37.0,2024-11-20 10:30:00,2024,БЫК,9.959486266789275
1732131900000,LONG,2.6323212913143865,-1.9758741941788576,8.806302843966185,False,AGLD/USDT,-0.1217879926853363,50.2,2024-11-20 19:45:00,2024,БЫК,1.7758672039611678
1732201200000,SHORT,-0.9127318071364572,0.67101128775557,5.597851387645474,True,ARB/USDT,0.0068617140121763,43.8,2024-11-21 15:00:00,2024,БЫК,8.709897075439354
1732215600000,SHORT,-0.6812041637094852,0.4170844185210501,8.426981310622175,False,ACE/USDT,-0.0567063150829603,12.0,2024-11-21 19:00:00,2024,БЫК,10.700898391934599
1732261500000,SHORT,-4.665417376490614,0.62439515014294,4.315417376490615,True,ALGO/USDT,-0.0950678799482756,35.8,2024-11-22 07:45:00,2024,БЫК,13.159952603239311
1732281300000,SHORT,-6.168816242624866,0.8473584969256831,5.818816242624866,True,AVAX/USDT,-0.0731035285430672,98.2,2024-11-22 13:15:00,2024,БЫК,6.832581327428278
1732281300000,SHORT,-5.897826086956502,0.1166993804177689,5.547826086956502,True,ATOM/USDT,-0.1377006343458407,61.6,2024-11-22 13:15:00,2024,БЫК,6.832581327428278
1732312800000,SHORT,-5.200729606889391,0.83867766876369,4.850729606889392,False,COTI/USDT,-0.0287614751106985,96.0,2024-11-22 22:00:00,2024,БЫК,9.568230968224345
1732317300000,SHORT,-4.888028169014077,0.6929204800558882,4.538028169014077,True,ADA/USDT,-0.0975431383867331,96.8,2024-11-22 23:15:00,2024,БЫК,10.102764471324955
1732320000000,SHORT,-3.2687396351575546,0.7200301633741667,9.215555555555548,False,COMP/USDT,0.0825624447314137,50.8,2024-11-23 00:00:00,2024,БЫК,10.502270904031374
1732325400000,SHORT,0.7368566176470727,0.9426706405558836,4.443828124999983,True,AVAX/USDT,-0.0583877790079735,97.6,2024-11-23 01:30:00,2024,БЫК,13.30076823924965
1732328100000,SHORT,-4.505351001416142,0.8513265946261257,4.155351001416142,True,FIL/USDT,-0.0586669589630127,96.2,2024-11-23 02:15:00,2024,БЫК,13.096169053096506
1732328100000,SHORT,-3.490623183350788,0.1885390872625347,5.393131612603186,False,ASTR/USDT,-0.0276909568933067,31.0,2024-11-23 02:15:00,2024,БЫК,13.096169053096506
1732328100000,SHORT,-2.09694926140013,0.4372195367819954,5.943082851637764,True,ATOM/USDT,-0.1409107163026249,61.2,2024-11-23 02:15:00,2024,БЫК,13.096169053096506
1732329000000,SHORT,-5.313421721758088,1.1150920834747386,4.963421721758088,True,ALGO/USDT,-0.128681435192117,35.8,2024-11-23 02:30:00,2024,БЫК,11.560783703270406
1732329000000,SHORT,-4.655708825403043,0.1305704733024304,4.305708825403044,True,AR/USDT,-0.0279974205577597,99.4,2024-11-23 02:30:00,2024,БЫК,11.560783703270406
1732329000000,SHORT,-2.301086400382028,-0.5898881541472026,4.090715284647121,True,ETC/USDT,-0.0739300377244461,47.6,2024-11-23 02:30:00,2024,БЫК,11.560783703270406
1732329000000,SHORT,-1.5121472053126777,-0.0772233648925987,4.671126175982288,False,BSV/USDT,0.0094698090483478,19.8,2024-11-23 02:30:00,2024,БЫК,11.560783703270406
1732329000000,SHORT,2.0179718046147874,0.402352198685948,5.109068047065716,True,BCH/USDT,0.0726426048886755,83.6,2024-11-23 02:30:00,2024,БЫК,11.560783703270406
1732329900000,SHORT,-4.932581271227546,0.3115171096025649,4.582581271227546,True,CAKE/USDT,-0.0601462025643074,99.8,2024-11-23 02:45:00,2024,БЫК,10.917987993345301
1732335300000,SHORT,-5.32576428275002,0.6813165579032402,4.975764282750021,True,DOT/USDT,-0.0752335197203457,50.6,2024-11-23 04:15:00,2024,БЫК,9.777374957534624
1732337100000,SHORT,-4.404349728688953,0.0536629776084558,5.435261683878861,True,DOGE/USDT,0.0159085467512768,98.6,2024-11-23 04:45:00,2024,БЫК,11.82964831671567
1732362300000,SHORT,-4.710728744939261,1.0819561121358716,4.360728744939261,True,CRV/USDT,-0.1273232307115286,16.0,2024-11-23 11:45:00,2024,БЫК,10.80159020776551
1732366800000,SHORT,-5.04945171339562,0.997606902891415,4.699451713395621,True,DOT/USDT,-0.1172752036590593,99.2,2024-11-23 13:00:00,2024,БЫК,14.178667153642955
1732370400000,SHORT,2.2686579378068807,0.8750274300227819,4.075613747954147,False,CHR/USDT,-0.0570613749825297,99.8,2024-11-23 14:00:00,2024,БЫК,16.384866109439734
1732374000000,SHORT,0.916429353778745,0.0660481269992347,6.881157584884981,False,BLUR/USDT,-0.0199230757385264,97.4,2024-11-23 15:00:00,2024,БЫК,17.40462412610302
1732376700000,SHORT,3.73213972522653,1.7739544372012492,4.08213972522653,False,DASH/USDT,-0.0368497836152806,14.4,2024-11-23 15:45:00,2024,БЫК,17.788409887536204
1732377600000,SHORT,4.930710904628335,-0.0429339556392819,5.280710904628335,True,AR/USDT,-0.0688098088315428,99.8,2024-11-23 16:00:00,2024,БЫК,18.54828178552541
1732378500000,SHORT,-5.216920152091259,0.7780958110998216,8.194334600760449,True,FIL/USDT,-0.0584656916775635,96.2,2024-11-23 16:15:00,2024,БЫК,12.333956649145406
1732378500000,SHORT,-3.35120048019208,0.8364786389326881,6.3204081632653,False,FLOW/USDT,-0.089281210757527,99.8,2024-11-23 16:15:00,2024,БЫК,12.333956649145406
1732378500000,SHORT,-2.23679245283019,0.5803119289784547,5.094213836477967,False,CELO/USDT,-0.0636152543023558,17.8,2024-11-23 16:15:00,2024,БЫК,12.333956649145406
1732378500000,SHORT,-1.5522255151396531,0.3316980576035329,6.292705566583702,False,EGLD/USDT,-0.0261613387364653,99.8,2024-11-23 16:15:00,2024,БЫК,12.333956649145406
1732417200000,SHORT,-4.603116162520132,0.2527658820339957,4.253116162520132,False,ACE/USDT,-0.0107043446267861,99.8,2024-11-24 03:00:00,2024,БЫК,24.40643108321543
1732422600000,SHORT,-6.480168332456592,0.4035938389576142,6.130168332456592,True,GALA/USDT,-0.0282373207021528,97.2,2024-11-24 04:30:00,2024,БЫК,19.452129626252724
1732422600000,SHORT,-6.011528766310775,1.2439632315252434,5.661528766310775,False,ENJ/USDT,-0.0516390816044199,24.6,2024-11-24 04:30:00,2024,БЫК,19.452129626252724
1732422600000,SHORT,-5.294323387396306,0.1757410312218072,4.944323387396306,True,AXS/USDT,0.0435153829837672,83.6,2024-11-24 04:30:00,2024,БЫК,19.452129626252724
1732422600000,SHORT,1.3431216931216827,0.9221198280970256,7.411216931216918,False,FLOW/USDT,-0.0648104164165825,99.2,2024-11-24 04:30:00,2024,БЫК,19.452129626252724
1732422600000,SHORT,1.936629769880562,-0.6018530837183947,5.493220215554894,True,APE/USDT,-0.0934980647843801,98.2,2024-11-24 04:30:00,2024,БЫК,19.452129626252724
1732422600000,SHORT,3.346434412823039,1.2474903813205591,7.977526987242375,True,ALGO/USDT,-0.0883192988663653,99.2,2024-11-24 04:30:00,2024,БЫК,19.452129626252724
1732422600000,SHORT,3.6337484170536096,0.5930659198733079,5.375332418742083,True,CFX/USDT,-0.0359881452836793,97.0,2024-11-24 04:30:00,2024,БЫК,19.452129626252724
1732428000000,SHORT,3.665799868334427,0.5615909473458336,5.714483212639893,False,ALICE/USDT,-0.0956145463570845,99.0,2024-11-24 06:00:00,2024,БЫК,21.283532646526947
1732428000000,SHORT,3.87790388548056,0.5141775566582674,4.22790388548056,True,CHZ/USDT,-0.0375390049302203,99.6,2024-11-24 06:00:00,2024,БЫК,21.283532646526947
1732431600000,SHORT,4.926872964169379,0.8961211901779632,10.836400651465796,False,GAS/USDT,0.1347823017052303,98.2,2024-11-24 07:00:00,2024,БЫК,21.879993976896138
1732437900000,SHORT,4.119550544562045,0.310399774057478,4.469550544562044,False,ARK/USDT,-0.095243938926406,97.6,2024-11-24 08:45:00,2024,БЫК,17.556223434729535
1732437900000,SHORT,4.564666208108819,0.8151302979454493,4.914666208108819,True,CAKE/USDT,-0.0722697265501228,94.2,2024-11-24 08:45:00,2024,БЫК,17.556223434729535
1732452300000,LONG,1.9182248191430145,0.1250247276044651,5.524124652198116,True,1000BONK/USDT,-0.138398800096059,17.599999999999998,2024-11-24 12:45:00,2024,БЫК,10.194466554263204
1732453200000,LONG,-5.422053525476069,0.4664425910729298,5.072053525476069,True,CFX/USDT,-0.0525856608073033,98.6,2024-11-24 13:00:00,2024,БЫК,12.313642296337225
1732453200000,LONG,-4.5149202888677,0.2704059906943004,4.1649202888677,False,AUCTION/USDT,-0.1598723312187306,94.0,2024-11-24 13:00:00,2024,БЫК,12.313642296337225
1732453200000,LONG,-1.5830456226880405,-0.7955075967768914,5.463255240443908,True,APE/USDT,-0.15974953571227,98.4,2024-11-24 13:00:00,2024,БЫК,12.313642296337225
1732453200000,LONG,-1.4764205974052085,0.5175420221753366,5.624419189379459,True,ADA/USDT,-0.0755051560589685,96.0,2024-11-24 13:00:00,2024,БЫК,12.313642296337225
1732453200000,LONG,-0.524404618715415,0.464909436925336,4.065431801780124,True,AAVE/USDT,-0.1126078141584332,99.6,2024-11-24 13:00:00,2024,БЫК,12.313642296337225
1732453200000,LONG,-0.4417599559552191,0.941132405742288,5.166984767847312,True,FIL/USDT,-0.1381055636554611,95.6,2024-11-24 13:00:00,2024,БЫК,12.313642296337225
1732453200000,LONG,-0.3575203048230224,1.0743469329157846,4.368775694374815,True,AVAX/USDT,-0.1248118230070923,98.6,2024-11-24 13:00:00,2024,БЫК,12.313642296337225
1732453200000,LONG,-0.3355935459085659,-0.1463723477617711,4.245101805608907,True,DOGE/USDT,-0.0116591244542344,97.0,2024-11-24 13:00:00,2024,БЫК,12.313642296337225
1732453200000,LONG,-0.2655048584706355,0.8052407501189756,4.8911702577101765,False,CHR/USDT,-0.152584901199976,97.8,2024-11-24 13:00:00,2024,БЫК,12.313642296337225
1732453200000,LONG,0.4442988642268537,0.873901085353127,4.155964664835577,False,CKB/USDT,-0.1466487204270952,99.6,2024-11-24 13:00:00,2024,БЫК,12.313642296337225
1732453200000,LONG,1.0486013986014,0.5574788751980243,4.035014985014974,False,CYBER/USDT,-0.0814462670167583,14.6,2024-11-24 13:00:00,2024,БЫК,12.313642296337225
1732453200000,LONG,1.1283526927138463,0.7251851382656946,5.511351636747619,False,ANKR/USDT,-0.1361178941738577,20.200000000000003,2024-11-24 13:00:00,2024,БЫК,12.313642296337225
1732453200000,LONG,4.136369509043931,0.7417948385292202,4.48636950904393,False,BICO/USDT,-0.1240223851068028,,2024-11-24 13:00:00,2024,БЫК,12.313642296337225
1732453200000,LONG,4.708362476856618,0.1411465980542032,5.058362476856618,False,BLUR/USDT,-0.1024683204301289,95.4,2024-11-24 13:00:00,2024,БЫК,12.313642296337225
1732454100000,LONG,-5.194050384734188,0.2016833726929005,4.844050384734189,False,ASTR/USDT,-0.0583415300473698,99.2,2024-11-24 13:15:00,2024,БЫК,13.749608414974556
1732454100000,LONG,-5.0836117381489725,-1.8553304951474907,4.733611738148973,False,AGLD/USDT,-0.0942062121946973,99.0,2024-11-24 13:15:00,2024,БЫК,13.749608414974556
1732454100000,LONG,-5.081111111111109,0.5103510981863144,4.731111111111109,False,CTSI/USDT,-0.1267872737253037,,2024-11-24 13:15:00,2024,БЫК,13.749608414974556
1732454100000,LONG,-5.0618530225207365,1.368063413405512,4.711853022520737,False,BAT/USDT,-0.1077385734647697,22.6,2024-11-24 13:15:00,2024,БЫК,13.749608414974556
1732454100000,LONG,-4.748710558252429,0.1659174255235514,4.3987105582524295,False,COMP/USDT,-0.1126473915296874,50.0,2024-11-24 13:15:00,2024,БЫК,13.749608414974556
1732454100000,LONG,-4.362422938871701,0.36624288095842,4.012422938871701,False,EGLD/USDT,-0.1336848213967183,99.4,2024-11-24 13:15:00,2024,БЫК,13.749608414974556
1732454100000,LONG,-2.1489786443825367,0.7493202332335482,7.080896007428036,True,DOT/USDT,-0.0721991670471772,50.2,2024-11-24 13:15:00,2024,БЫК,13.749608414974556
1732454100000,LONG,-2.134448121011576,0.5709930971807134,4.61224296856534,True,1000SHIB/USDT,-0.0125629186246328,,2024-11-24 13:15:00,2024,БЫК,13.749608414974556
1732454100000,LONG,-2.095802682059773,-0.7341403643557353,4.672468410122849,True,ETC/USDT,-0.0835265098173311,98.6,2024-11-24 13:15:00,2024,БЫК,13.749608414974556
1732454100000,LONG,-1.843072145246066,0.5280927939453562,5.0158623984711,True,ARB/USDT,-0.0163791048219947,95.8,2024-11-24 13:15:00,2024,БЫК,13.749608414974556
1732454100000,LONG,-1.6771623550222103,0.6039822239226487,4.551113087700254,True,1000PEPE/USDT,0.0173546311841239,98.2,2024-11-24 13:15:00,2024,БЫК,13.749608414974556
1732454100000,LONG,-1.552875165028616,0.1635587909476386,4.307305266246149,False,BSV/USDT,-0.0871038591508161,91.0,2024-11-24 13:15:00,2024,БЫК,13.749608414974556
1732454100000,LONG,-0.9421969345099908,0.6948033225053694,4.554499535531824,True,APT/USDT,-0.0641185039402589,98.6,2024-11-24 13:15:00,2024,БЫК,13.749608414974556
1732454100000,LONG,-0.727833753148615,0.5693018084015238,4.694836272040303,False,CELO/USDT,-0.1249572935387523,99.4,2024-11-24 13:15:00,2024,БЫК,13.749608414974556
1732454100000,LONG,-0.6083848414226283,-0.3333401261541569,4.99758840814672,True,ENS/USDT,-0.10744270021782,98.6,2024-11-24 13:15:00,2024,БЫК,13.749608414974556
1732454100000,LONG,-0.4173400673400748,0.6467401622147254,5.671043771043781,True,DYDX/USDT,-0.1380103623226569,99.4,2024-11-24 13:15:00,2024,БЫК,13.749608414974556
1732454100000,LONG,0.4448615014050655,0.4442120470152135,4.542553191489356,True,BCH/USDT,0.0332380792853857,82.8,2024-11-24 13:15:00,2024,БЫК,13.749608414974556
1732454100000,LONG,0.9106543153166918,0.2755577183518984,4.6303577808400895,False,API3/USDT,-0.1051544757724323,99.0,2024-11-24 13:15:00,2024,БЫК,13.749608414974556
1732454100000,LONG,0.9919257012888556,0.1573365517905711,5.6175852918878,False,ACH/USDT,-0.1028482066555855,98.8,2024-11-24 13:15:00,2024,БЫК,13.749608414974556
1732454100000,LONG,2.513970867157268,0.2043757858397545,5.874607389424186,False,ACE/USDT,-0.036147139675385,92.6,2024-11-24 13:15:00,2024,БЫК,13.749608414974556
1732454100000,LONG,4.853744713206286,0.1577203206368503,5.2037447132062855,True,AR/USDT,-0.0752716299818818,99.2,2024-11-24 13:15:00,2024,БЫК,13.749608414974556
1732454100000,LONG,6.447745845818584,-0.0960121774487022,6.797745845818583,False,BIGTIME/USDT,-0.1356303345292589,97.8,2024-11-24 13:15:00,2024,БЫК,13.749608414974556
1732464900000,LONG,3.915553470919317,0.6716364430158945,4.2655534709193175,True,ALGO/USDT,-0.0873663984739906,98.8,2024-11-24 16:15:00,2024,БЫК,13.995655673518236
1732492800000,SHORT,-6.068591654247397,-0.2846239352823327,5.718591654247398,True,AXS/USDT,-0.0353866216050339,83.2,2024-11-25 00:00:00,2024,БЫК,22.18636752321658
1732492800000,SHORT,-1.7508620689655063,0.595986980834443,4.190948275862049,False,FLOW/USDT,-0.0647309316962272,98.0,2024-11-25 00:00:00,2024,БЫК,22.18636752321658
1732492800000,SHORT,-1.4354059418222422,0.4390592499067155,5.659328288779979,False,BLUR/USDT,-0.0557893023474882,98.0,2024-11-25 00:00:00,2024,БЫК,22.18636752321658
1732492800000,SHORT,-1.0682845674448085,0.0927260971896012,4.993450934826213,True,CHZ/USDT,-0.1031139220798653,98.6,2024-11-25 00:00:00,2024,БЫК,22.18636752321658
1732492800000,SHORT,1.810977137488253,0.6847991122678979,6.655788704457659,False,ENJ/USDT,0.0287894915640007,24.6,2024-11-25 00:00:00,2024,БЫК,22.18636752321658
1732492800000,SHORT,3.7506228912535504,0.1407053650411501,4.100622891253551,True,GALA/USDT,-0.1174476383665608,97.0,2024-11-25 00:00:00,2024,БЫК,22.18636752321658
1732495500000,SHORT,5.966719846841079,1.2581401390435218,6.316719846841079,False,BAT/USDT,0.0653590986646801,22.6,2024-11-25 00:45:00,2024,БЫК,21.21360420430888
1732527900000,SHORT,2.4746831727615013,0.5510624503676469,10.271466556165612,True,CAKE/USDT,-0.0555645585156493,15.6,2024-11-25 09:45:00,2024,БЫК,21.882480367136235
1732534200000,SHORT,-7.535452306609775,0.0218330388189256,7.185452306609776,True,ENS/USDT,-0.0668234847418151,96.0,2024-11-25 11:30:00,2024,БЫК,21.170984974428908
1732534200000,SHORT,-5.313050697365495,0.368649923808732,4.963050697365495,True,ARB/USDT,-0.0104288233093862,99.6,2024-11-25 11:30:00,2024,БЫК,21.170984974428908
1732535100000,SHORT,4.151620456830904,0.1556824853780186,4.501620456830904,False,BLUR/USDT,-0.0774119827209948,35.6,2024-11-25 11:45:00,2024,БЫК,21.700745323794123
1732540500000,SHORT,4.484358047016241,0.9917712997430752,4.834358047016241,True,CRV/USDT,-0.1061336969086362,16.0,2024-11-25 13:15:00,2024,БЫК,20.14976281086902
1732547700000,LONG,-2.904620213128317,0.2107771907854989,4.149542601333262,True,DOGE/USDT,-0.0156577325306657,97.0,2024-11-25 15:15:00,2024,БЫК,16.405725436945872
1732547700000,LONG,-2.657692307692318,0.4712418917903213,4.353736263736263,True,ALGO/USDT,-0.0579603958403274,35.8,2024-11-25 15:15:00,2024,БЫК,16.405725436945872
1732547700000,LONG,-2.291747572815536,-0.0035153743416906,4.379264909847428,False,ALICE/USDT,-0.0894547995630342,22.2,2024-11-25 15:15:00,2024,БЫК,16.405725436945872
1732575600000,LONG,1.3545454545454565,0.0084442093357118,4.194531249999998,False,ALICE/USDT,-0.0788767785093795,96.8,2024-11-25 23:00:00,2024,БЫК,14.054601303161496
1732575600000,LONG,2.009978798051446,0.2770281701225358,4.0948358111007295,True,DOGE/USDT,-0.0185711112496241,95.2,2024-11-25 23:00:00,2024,БЫК,14.054601303161496
1732621500000,LONG,-0.0455312619869531,0.332817313490436,4.6597238204833085,True,1000BONK/USDT,-0.1307877464804596,89.0,2024-11-26 11:45:00,2024,БЫК,9.287402950787872
1732621500000,LONG,3.683018396320746,1.031123843862668,4.033018396320746,True,AVAX/USDT,-0.1130581762893166,68.2,2024-11-26 11:45:00,2024,БЫК,9.287402950787872
1732621500000,LONG,3.6966878980891695,0.4628435225209391,4.0466878980891705,True,DOT/USDT,-0.0850275087262504,98.2,2024-11-26 11:45:00,2024,БЫК,9.287402950787872
1732622400000,LONG,-1.650056308171326,0.7916597345209596,4.783434356817168,True,1000PEPE/USDT,-0.0323460154209709,95.2,2024-11-26 12:00:00,2024,БЫК,8.767641255847881
1732622400000,LONG,-0.35,0.3277565516158757,4.563199912510934,True,ADA/USDT,0.0144409323186865,46.0,2024-11-26 12:00:00,2024,БЫК,8.767641255847881
1732622400000,LONG,0.2381266977872748,0.414234089221586,4.073228367223159,True,DOGE/USDT,-0.01672074058607,95.2,2024-11-26 12:00:00,2024,БЫК,8.767641255847881
1732622400000,LONG,0.9096576674433576,0.5044806685467452,4.581166453511818,True,APT/USDT,-0.113731909672401,97.4,2024-11-26 12:00:00,2024,БЫК,8.767641255847881
1732667400000,SHORT,0.2955997281685398,0.7242433832316322,5.75293917770981,True,ALGO/USDT,-0.0504517863736384,35.8,2024-11-27 00:30:00,2024,БЫК,14.777098740508432
1732683600000,SHORT,-4.652958410161834,0.4590024709004068,4.302958410161835,True,ENS/USDT,-0.0277970976604907,45.6,2024-11-27 05:00:00,2024,БЫК,19.843456899519573
1732714200000,SHORT,-4.359064327485369,-0.3039547669690338,4.009064327485369,True,CAKE/USDT,-0.0613492015929563,93.2,2024-11-27 13:30:00,2024,БЫК,20.46650662816669
1732755600000,SHORT,0.1787430602473334,0.5434316227410102,9.365684575389936,True,ENS/USDT,0.0055456390254401,45.6,2024-11-28 01:00:00,2024,БЫК,29.91741754182672
1732761900000,SHORT,-2.375701082484021,0.1772774351974748,4.160378552889771,False,BIGTIME/USDT,-0.1941919274593302,88.0,2024-11-28 02:45:00,2024,БЫК,30.9830004723217
1732797000000,SHORT,5.85368930455114,0.5749414055322892,6.20368930455114,True,ENS/USDT,-0.0109942565940372,97.2,2024-11-28 12:30:00,2024,БЫК,20.773049613398864
1732817700000,SHORT,1.3182775139723617,0.1201618420312551,4.510602176744947,True,ARKM/USDT,-0.0793560950228247,91.8,2024-11-28 18:15:00,2024,БЫК,20.956898329552498
1732839300000,SHORT,0.2453798523457971,0.9870263520124088,5.053441295546559,False,BICO/USDT,-0.1089901534296518,,2024-11-29 00:15:00,2024,БЫК,20.441532808846084
1732842000000,SHORT,-5.687488789237644,0.570099513274685,5.337488789237645,True,ALGO/USDT,-0.0879057801573677,99.2,2024-11-29 01:00:00,2024,БЫК,21.041087365372025
1732896000000,SHORT,-6.775983436852977,0.5943611813639564,6.425983436852977,True,ALGO/USDT,-0.0494756831310702,98.8,2024-11-29 16:00:00,2024,БЫК,22.50144322015616
1732923000000,SHORT,5.034126278345935,0.9111671716931676,5.384126278345935,True,ALGO/USDT,-0.0749351883660339,98.2,2024-11-29 23:30:00,2024,БЫК,18.303984975545372
1732940100000,SHORT,0.0182554480829769,0.3006933837554123,5.665074000699215,True,ENS/USDT,0.0072844002850102,45.6,2024-11-30 04:15:00,2024,БЫК,18.824453211938476
1732953600000,SHORT,-0.9471520440973838,1.304748055020552,4.277599142550909,False,EDU/USDT,-0.0399229455982313,97.8,2024-11-30 08:00:00,2024,БЫК,15.117268841277888
1732955400000,SHORT,-4.547788441477155,0.0946094997693424,5.029355309826816,True,AR/USDT,-0.0688189273535424,93.4,2024-11-30 08:30:00,2024,БЫК,15.52244711418428
1732977900000,SHORT,-1.4192328254477422,-0.0367317080984891,4.814974605720383,True,FET/USDT,-0.0352865164726474,99.4,2024-11-30 14:45:00,2024,БЫК,11.572634474101317
1733000400000,SHORT,3.804892739992429,0.5068409468915471,4.154892739992429,False,ENJ/USDT,-0.0585762496717497,98.6,2024-11-30 21:00:00,2024,БЫК,18.080064535645867
1733055300000,SHORT,-3.817492260061916,0.311304817812654,8.642807017543868,True,ALGO/USDT,-0.0961878875880611,98.0,2024-12-01 12:15:00,2024,БЫК,15.217670396954786
1733081400000,SHORT,1.0087431625746186,0.5613242956610078,4.175517646177269,False,BLUR/USDT,-0.0456959194363527,98.8,2024-12-01 19:30:00,2024,БЫК,16.70533206138205
1733090400000,SHORT,-4.89650017901897,-0.0026475693792535,4.54650017901897,True,ADA/USDT,-0.1022643301455408,98.0,2024-12-01 22:00:00,2024,БЫК,12.1612333666672
1733100300000,SHORT,1.4879415055138137,0.179241902752071,4.499872143199607,False,GAS/USDT,-0.0130319857162197,97.4,2024-12-02 00:45:00,2024,БЫК,11.505403248453028
1733103900000,SHORT,-5.581207989245241,0.8914133580043639,5.231207989245242,False,DASH/USDT,0.06010558151363,99.8,2024-12-02 01:45:00,2024,БЫК,15.03802570704621
1733111100000,SHORT,-2.890476503883121,0.2689565430364539,5.515019086481496,False,COMP/USDT,-0.0491549577654325,46.8,2024-12-02 03:45:00,2024,БЫК,9.545046559106495
1733111100000,SHORT,-0.6619297203242489,0.6532578926176477,4.6992721639858965,True,AVAX/USDT,-0.0555427152715429,99.6,2024-12-02 03:45:00,2024,БЫК,9.545046559106495
1733123700000,SHORT,4.090213049267642,0.8930911038082692,4.4402130492676415,True,CRV/USDT,-0.0724069767750747,99.8,2024-12-02 07:15:00,2024,БЫК,11.211648307325406
1733130000000,LONG,-0.6269332354376125,0.9002534952647239,4.051947156013951,True,1000PEPE/USDT,0.0427131261015249,39.2,2024-12-02 09:00:00,2024,БЫК,3.911336418822653
1733130000000,LONG,1.2648223695393463,0.2514203249340527,4.858779534251227,False,GAS/USDT,0.0531894624685893,90.8,2024-12-02 09:00:00,2024,БЫК,3.911336418822653
1733130000000,LONG,3.6647112161345183,0.5358280049582512,4.014711216134518,False,BLUR/USDT,-0.0084000380895282,95.8,2024-12-02 09:00:00,2024,БЫК,3.911336418822653
1733148900000,SHORT,4.4873271785633735,0.3920135589165465,4.837327178563373,True,ENS/USDT,-0.0061151892946931,96.2,2024-12-02 14:15:00,2024,БЫК,7.802825559304627
1733171400000,SHORT,-5.2566123778501455,0.7481708834566179,4.906612377850146,False,CHR/USDT,0.0912715165700083,98.4,2024-12-02 20:30:00,2024,БЫК,13.17378578009908
1733185800000,SHORT,-4.541425418116972,0.0825317087918033,4.191425418116973,True,CHZ/USDT,0.0224303703070784,97.2,2024-12-03 00:30:00,2024,БЫК,17.402254118735307
1733186700000,SHORT,-0.116379951152169,-0.3752861862825951,5.13553148561113,True,AXS/USDT,-0.051777268061556,79.4,2024-12-03 00:45:00,2024,БЫК,18.889618631130034
1733188500000,SHORT,-4.7249027237354,0.6494406750742722,4.3749027237354,False,BIGTIME/USDT,-0.0091038738425541,91.0,2024-12-03 01:15:00,2024,БЫК,16.1930002792518
1733197500000,SHORT,-4.823732119635885,0.7296870132836502,4.473732119635885,True,CRV/USDT,-0.0438714630029734,99.2,2024-12-03 03:45:00,2024,БЫК,17.763712863881697
1733207400000,SHORT,-3.968881118881128,0.1873957365785828,5.9988636363636365,True,ALGO/USDT,-0.1017006595645056,97.0,2024-12-03 06:30:00,2024,БЫК,20.924175262636922
1733208300000,SHORT,-5.158107526881716,0.8984389016258734,4.808107526881717,False,ANKR/USDT,0.0033040051645222,99.8,2024-12-03 06:45:00,2024,БЫК,18.432752048022216
1733208300000,SHORT,-4.57218758855199,0.7802724120595103,4.22218758855199,False,CHR/USDT,-0.059177922681942,93.2,2024-12-03 06:45:00,2024,БЫК,18.432752048022216
1733208300000,SHORT,-0.7470600658950732,0.4662838281226902,4.536715383965518,True,CFX/USDT,-0.0061911619764835,97.6,2024-12-03 06:45:00,2024,БЫК,18.432752048022216
1733208300000,SHORT,0.9265957446808528,0.3687862349665536,5.1112959381044325,True,GALA/USDT,0.0170052024860708,98.4,2024-12-03 06:45:00,2024,БЫК,18.432752048022216
1733208300000,SHORT,3.9854354175359066,-0.2624015251988597,4.335435417535907,True,APE/USDT,0.0897834961116143,96.0,2024-12-03 06:45:00,2024,БЫК,18.432752048022216
1733210100000,SHORT,2.5505384537234685,0.6039261793288414,10.596977547495676,False,BIGTIME/USDT,-0.0609801710569134,91.0,2024-12-03 07:15:00,2024,БЫК,18.530713851364887
1733231700000,SHORT,5.828950050968399,1.2282365748326425,6.178950050968399,False,DASH/USDT,0.00060197667156,99.8,2024-12-03 13:15:00,2024,БЫК,28.414510559359428
1733232600000,SHORT,4.82639027639026,0.496052510772644,5.17639027639026,False,COMP/USDT,0.01246438188873,46.0,2024-12-03 13:30:00,2024,БЫК,25.9058934154354
1733232600000,SHORT,5.132346609257248,0.7697202403025791,5.482346609257248,True,CRV/USDT,-0.0200481955018805,99.4,2024-12-03 13:30:00,2024,БЫК,25.9058934154354
1733237100000,LONG,-0.0083902682886191,-0.0356337041488154,5.300783202799535,True,ADA/USDT,0.0144120670572326,99.4,2024-12-03 14:45:00,2024,БЫК,20.390713601077024
1733237100000,LONG,1.055923559051248,0.2721746617701935,4.921708246282415,True,DOGE/USDT,-0.0554747511877156,99.2,2024-12-03 14:45:00,2024,БЫК,20.390713601077024
1733237100000,LONG,1.0700051876980368,0.8679148172148965,4.489936374409392,True,1000PEPE/USDT,-0.0355090997988603,98.4,2024-12-03 14:45:00,2024,БЫК,20.390713601077024
1733237100000,LONG,1.9780969589694508,0.1201473371225712,6.341755783366512,True,1000BONK/USDT,-0.0369127125786844,98.6,2024-12-03 14:45:00,2024,БЫК,20.390713601077024
1733237100000,LONG,2.006020942408369,0.6489845572997467,4.897798178297367,True,1000SHIB/USDT,0.0188504965593564,,2024-12-03 14:45:00,2024,БЫК,20.390713601077024
1733237100000,LONG,2.383214497920387,0.3304389748400901,4.9897900574371175,True,ARB/USDT,-0.0639244864971147,99.6,2024-12-03 14:45:00,2024,БЫК,20.390713601077024
1733237100000,LONG,2.477638959714436,0.2929396205474524,5.335841407445182,True,ENS/USDT,-0.0100414948978578,96.2,2024-12-03 14:45:00,2024,БЫК,20.390713601077024
1733237100000,LONG,3.3701838208476134,-1.3470875343521709,4.285381865927491,False,AGLD/USDT,-0.0020308858150289,99.0,2024-12-03 14:45:00,2024,БЫК,20.390713601077024
1733237100000,LONG,4.027590298774347,0.697609957261696,4.377590298774346,True,CAKE/USDT,-0.0011730765429331,91.6,2024-12-03 14:45:00,2024,БЫК,20.390713601077024
1733237100000,LONG,4.233612769553735,0.5546999637049289,4.583612769553735,False,BLUR/USDT,0.0348644135826224,99.2,2024-12-03 14:45:00,2024,БЫК,20.390713601077024
1733237100000,LONG,4.628238078597066,0.4898285019142672,4.978238078597066,False,ACE/USDT,-0.0086321620676238,98.4,2024-12-03 14:45:00,2024,БЫК,20.390713601077024
1733237100000,LONG,4.73200241407789,-0.3032575161125821,5.082002414077889,True,APE/USDT,0.0793124833516308,98.2,2024-12-03 14:45:00,2024,БЫК,20.390713601077024
1733237100000,LONG,5.487977737566485,0.6284605958914623,5.837977737566485,False,BIGTIME/USDT,-0.0856097259317095,87.6,2024-12-03 14:45:00,2024,БЫК,20.390713601077024
1733237100000,LONG,5.6044460198501085,0.2364131058217571,5.954446019850108,True,GALA/USDT,-0.0077542172142949,99.8,2024-12-03 14:45:00,2024,БЫК,20.390713601077024
1733238000000,LONG,1.4270597738287467,0.0815616081106133,4.434033387183627,True,ATOM/USDT,-0.0259801720643744,99.8,2024-12-03 15:00:00,2024,БЫК,21.545326626905336
1733238000000,LONG,3.9479942693409744,-0.4334112159069465,4.893627507163321,True,AXS/USDT,-0.0159590392373801,79.2,2024-12-03 15:00:00,2024,БЫК,21.545326626905336
1733263200000,SHORT,3.342890801065346,-0.2539342374244061,6.767819094447862,True,APE/USDT,0.028981390238584,96.8,2024-12-03 22:00:00,2024,БЫК,26.524760604899654
1733270400000,SHORT,-5.283894645941264,0.482550956004058,4.9338946459412645,True,CFX/USDT,-0.0033984815259228,96.0,2024-12-04 00:00:00,2024,БЫК,27.493250259660552
1733270400000,SHORT,-0.575988700564972,-0.0317519046068986,9.734999999999994,False,GAS/USDT,0.1135480105248626,99.6,2024-12-04 00:00:00,2024,БЫК,27.493250259660552
1733272200000,SHORT,0.0296308417332129,0.0948480314518862,5.630776279617741,False,ARK/USDT,0.0551647349412338,99.8,2024-12-04 00:30:00,2024,БЫК,30.878290694075027
1733273100000,SHORT,-1.0398594150131588,0.639608878955716,5.333958155497098,True,BCH/USDT,0.0080747485858202,99.8,2024-12-04 00:45:00,2024,БЫК,29.988724428724545
1733274000000,SHORT,-5.497539543057991,-0.0450033169852713,5.147539543057992,False,FLOW/USDT,0.0763012209380428,99.8,2024-12-04 01:00:00,2024,БЫК,28.39726933586978
1733277600000,SHORT,-3.071490487447951,-0.0277162133220225,4.71487110210513,True,ETC/USDT,0.0035995356855282,99.6,2024-12-04 02:00:00,2024,БЫК,28.1733021516558
1733281200000,SHORT,-4.623319502074667,0.6525013052841572,4.273319502074667,False,BLUR/USDT,0.0127737280365065,99.4,2024-12-04 03:00:00,2024,БЫК,26.82549198758991
1733301000000,SHORT,-8.493146274149018,0.425403473431218,8.143146274149018,True,CRV/USDT,-0.0528899251518416,99.2,2024-12-04 08:30:00,2024,БЫК,26.93598331961483
1733302800000,SHORT,1.7072625018259782,0.8087878667969223,10.37541997370596,True,CAKE/USDT,-0.0149986633720879,98.4,2024-12-04 09:00:00,2024,БЫК,28.854426919613697
1733305500000,SHORT,-4.5076923076922935,0.0070653476066042,4.157692307692294,False,FLOW/USDT,0.0637823466443521,97.4,2024-12-04 09:45:00,2024,БЫК,28.708023765146574
1733313600000,SHORT,-6.557003287070843,0.2987778191768809,6.207003287070843,False,COMP/USDT,0.1048021333453919,99.0,2024-12-04 12:00:00,2024,БЫК,30.781519239180533
1733313600000,SHORT,-4.919220537376951,1.2923021313394158,4.569220537376951,False,EDU/USDT,-0.0287189410293122,99.8,2024-12-04 12:00:00,2024,БЫК,30.781519239180533
1733318100000,SHORT,-5.921997164269772,-0.2698116845517448,5.5719971642697725,True,APE/USDT,0.0260766739537828,99.8,2024-12-04 13:15:00,2024,БЫК,29.5415738403509
1733319000000,SHORT,3.8799829642248542,-0.361205913353806,4.229982964224854,True,AXS/USDT,-0.0292598445742634,78.60000000000001,2024-12-04 13:30:00,2024,БЫК,29.589507511883617
1733319000000,SHORT,4.156826801517069,0.0361956523877447,4.506826801517069,True,CHZ/USDT,0.051131714068253,99.4,2024-12-04 13:30:00,2024,БЫК,29.589507511883617
1733320800000,SHORT,3.86266476665478,0.4427805109041008,4.21266476665478,True,DOT/USDT,-0.0312297056487155,98.8,2024-12-04 14:00:00,2024,БЫК,27.2819257384755
1733323500000,SHORT,6.341248937977896,0.4211301761675227,6.691248937977895,True,CRV/USDT,-0.0390585602407272,99.2,2024-12-04 14:45:00,2024,БЫК,27.786020229915454
1733328000000,SHORT,-5.037605633802817,0.2488860067191757,4.687605633802817,True,GALA/USDT,-0.0097266597394484,97.2,2024-12-04 16:00:00,2024,БЫК,24.160861225823492
1733343300000,SHORT,5.635446502211887,0.8453304785336856,5.985446502211887,False,COMP/USDT,0.0930092187139014,99.6,2024-12-04 20:15:00,2024,БЫК,24.779064649589422
1733358600000,SHORT,4.368195032547537,0.6503808061859795,4.718195032547537,True,1000SHIB/USDT,0.0082372184137892,,2024-12-05 00:30:00,2024,БЫК,19.92893326267352
1733400900000,SHORT,0.5948361072752348,-0.2299188736985265,4.382273421033514,True,CHZ/USDT,0.0501009275350314,99.8,2024-12-05 12:15:00,2024,БЫК,26.165657579199795
1733403600000,SHORT,-3.279705215419498,0.71032938074049,4.953374149659851,False,BIGTIME/USDT,-0.0120594531519429,99.2,2024-12-05 13:00:00,2024,БЫК,26.155695399093904
1733418000000,SHORT,-5.190728210085367,0.1636931807591757,4.840728210085367,False,DASH/USDT,-0.0075882892225192,99.6,2024-12-05 17:00:00,2024,БЫК,27.463789602250245
1733421600000,SHORT,4.455696837878515,0.4849726904782781,4.805696837878514,False,COMP/USDT,0.091921431848321,99.6,2024-12-05 18:00:00,2024,БЫК,25.755302424441716
1733436900000,SHORT,1.924700468831404,0.9199659202621536,9.025525264802898,False,ANKR/USDT,0.0013442193696961,99.6,2024-12-05 22:15:00,2024,БЫК,17.14288505648619
1733438700000,LONG,1.0191229043456178,1.3499935114497663,6.9213778998640105,True,BTC/USDT,-0.1295048407808572,99.4,2024-12-05 22:45:00,2024,БЫК,19.914852935587934
1733467500000,SHORT,5.394614079728577,0.9446732253591212,5.744614079728577,True,DYDX/USDT,0.0260183049591471,97.4,2024-12-06 06:45:00,2024,БЫК,27.34653319550344
1733477400000,SHORT,-0.8293819231127151,1.239181569368892,4.977492320580827,False,AUCTION/USDT,0.0237336595296206,91.6,2024-12-06 09:30:00,2024,БЫК,22.81821245203841
1733498100000,SHORT,-9.085660218671128,-0.0980840325316008,8.735660218671129,True,CRV/USDT,-0.0815142713049841,99.4,2024-12-06 15:15:00,2024,БЫК,21.065588891942667
1733522400000,SHORT,0.1748868778280567,0.6498294883564731,4.221230769230773,False,1INCH/USDT,0.0141342028054906,94.4,2024-12-06 22:00:00,2024,БЫК,22.382466511266376
1733531400000,SHORT,4.749802254300952,0.1744476828796863,5.099802254300951,True,ALGO/USDT,-0.0522430378617028,33.800000000000004,2024-12-07 00:30:00,2024,БЫК,22.030248669930973
1733553000000,SHORT,5.651508120649655,0.9445832607099108,6.001508120649655,True,DYDX/USDT,0.0293595142807689,96.8,2024-12-07 06:30:00,2024,БЫК,19.958205574156974
1733555700000,SHORT,1.4971104608632038,0.5961790743974174,5.821269202633503,False,1INCH/USDT,0.0036418677571748,99.0,2024-12-07 07:15:00,2024,БЫК,18.56620112054118
1733590800000,SHORT,-0.8937553101104517,0.6172560586815525,4.373355989804579,False,BIGTIME/USDT,-0.0313766755217681,66.0,2024-12-07 17:00:00,2024,БЫК,14.791480614415686
1733602500000,SHORT,4.634429354254469,0.8782532871309772,4.984429354254469,True,1000PEPE/USDT,0.0916722006068148,98.4,2024-12-07 20:15:00,2024,БЫК,13.769213052217355
1733670000000,SHORT,2.4415353444394428,-0.1746198179453818,4.003106708689779,True,CHZ/USDT,0.0274060915646766,95.4,2024-12-08 15:00:00,2024,БЫК,10.969327019778074
1733674500000,SHORT,-3.013064453878809,1.0072539029918983,4.7904670011578245,True,DYDX/USDT,-0.0175932030561701,96.6,2024-12-08 16:15:00,2024,БЫК,11.324093345322838
1733675400000,SHORT,-5.207354509445443,1.2187755673727907,4.857354509445443,False,API3/USDT,-0.0479661308475056,84.2,2024-12-08 16:30:00,2024,БЫК,10.880389409248481
1733683500000,SHORT,-1.5645196506550243,0.3648185526217141,4.39248089519651,False,ARPA/USDT,-0.0415511629620962,94.2,2024-12-08 18:45:00,2024,БЫК,11.978566245391287
1733702400000,SHORT,5.423032773249036,0.5390024926180095,5.773032773249035,False,1INCH/USDT,-0.0284586721093848,96.6,2024-12-09 00:00:00,2024,БЫК,13.04684218126444
1733704200000,SHORT,3.2977799372103416,-0.6104047715600119,4.483540140529209,False,GAS/USDT,-0.0687560539473225,94.8,2024-12-09 00:30:00,2024,БЫК,11.018996920611412
1733778900000,LONG,-1.7440759210231027,0.8505781390292224,6.306875187612064,True,ETH/USDT,-0.0009261069035298,86.2,2024-12-09 21:15:00,2024,БЫК,-8.408745673079688
1733779800000,LONG,-0.6528538147932335,0.5724428454210136,8.10993011065812,True,BNB/USDT,0.0244904451125819,90.6,2024-12-09 21:30:00,2024,БЫК,-7.977446349277656
1733780700000,LONG,-11.173052018130797,-0.5971551362724269,10.823052018130795,False,DASH/USDT,0.0982654664944629,14.000000000000002,2024-12-09 21:45:00,2024,БЫК,-10.576079040794827
1733780700000,LONG,-4.307619196011211,-0.1765113282340351,11.891077977802809,True,DOGE/USDT,-0.1055475201726865,44.8,2024-12-09 21:45:00,2024,БЫК,-10.576079040794827
1733780700000,LONG,-3.009574468085117,0.7840939974551369,11.226134230287864,False,DUSK/USDT,0.0202812172398989,21.2,2024-12-09 21:45:00,2024,БЫК,-10.576079040794827
1733783400000,LONG,-2.281004556302878,0.4504804956833337,6.378476893035352,False,1INCH/USDT,-0.0142908902599836,17.599999999999998,2024-12-09 22:30:00,2024,БЫК,-12.493530185376894
1733783400000,LONG,-1.8651515151515168,0.0046482977492839,7.31352813852815,False,FLOW/USDT,-0.0388623966287658,37.6,2024-12-09 22:30:00,2024,БЫК,-12.493530185376894
1733783400000,LONG,-1.667957166392087,-1.3506381438035586,7.308017572762206,False,AGLD/USDT,0.0204324226239251,46.6,2024-12-09 22:30:00,2024,БЫК,-12.493530185376894
1733783400000,LONG,-0.6294857462269364,-0.9174154717612056,6.188746040618602,False,GAS/USDT,-0.0409066033498042,12.2,2024-12-09 22:30:00,2024,БЫК,-12.493530185376894
1733783400000,LONG,-0.6126641651032021,0.362651755820797,6.435384615384628,False,BAT/USDT,-0.0993110604837627,21.4,2024-12-09 22:30:00,2024,БЫК,-12.493530185376894
1733783400000,LONG,-0.4276397515528053,-0.1702063047139327,7.353697593167709,True,CHZ/USDT,0.0310100551723635,60.2,2024-12-09 22:30:00,2024,БЫК,-12.493530185376894
1733783400000,LONG,-0.4109756097560854,-0.0751650397095497,6.440060975609745,False,BSV/USDT,-0.0126596519466638,12.0,2024-12-09 22:30:00,2024,БЫК,-12.493530185376894
1733783400000,LONG,-0.1494138041345032,0.0372586262308052,7.559779873941945,True,APT/USDT,0.0225604178261696,32.800000000000004,2024-12-09 22:30:00,2024,БЫК,-12.493530185376894
1733783400000,LONG,-0.0790672171332806,0.2648357236882451,6.955813586777354,False,ASTR/USDT,-0.0327347964592602,26.0,2024-12-09 22:30:00,2024,БЫК,-12.493530185376894
1733783400000,LONG,0.1108401648835117,0.5057187722182527,6.926348941688677,False,EGLD/USDT,0.0112399501486185,24.6,2024-12-09 22:30:00,2024,БЫК,-12.493530185376894
1733783400000,LONG,0.4213162014586307,0.3743053665579974,6.8783955095650855,True,1000SHIB/USDT,-0.0805475345368077,,2024-12-09 22:30:00,2024,БЫК,-12.493530185376894
1733783400000,LONG,0.4426975738649885,0.2963104140066029,8.957590679798226,True,DOT/USDT,-0.0418571241005409,44.4,2024-12-09 22:30:00,2024,БЫК,-12.493530185376894
1733783400000,LONG,0.478491499892408,0.3954123332148222,8.753152571551535,True,ARB/USDT,0.0246562453977204,86.8,2024-12-09 22:30:00,2024,БЫК,-12.493530185376894
1733783400000,LONG,0.6274261112403928,0.6623999979031001,7.724714917384219,False,ANKR/USDT,-0.0068749272826498,19.6,2024-12-09 22:30:00,2024,БЫК,-12.493530185376894
1733783400000,LONG,0.7156652796102777,0.1170128202342909,7.02896579721912,True,ADA/USDT,-0.0527572019397553,43.6,2024-12-09 22:30:00,2024,БЫК,-12.493530185376894
1733783400000,LONG,0.9638397708189302,-0.1174885142481531,6.583572063617509,True,ETC/USDT,0.0122351206689269,41.0,2024-12-09 22:30:00,2024,БЫК,-12.493530185376894
1733783400000,LONG,0.9940197287299628,-0.1157565816673797,6.581960542540062,True,ATOM/USDT,0.0290981529214981,54.8,2024-12-09 22:30:00,2024,БЫК,-12.493530185376894
1733783400000,LONG,1.0013513513513526,0.8596308949474317,7.4039312039312035,False,CELO/USDT,-0.0056611932640235,17.8,2024-12-09 22:30:00,2024,БЫК,-12.493530185376894
1733783400000,LONG,1.1183922349427615,-0.1508125638431583,8.339522150323543,True,ALGO/USDT,-0.0924484287949928,94.0,2024-12-09 22:30:00,2024,БЫК,-12.493530185376894
1733783400000,LONG,1.1186431014823222,0.5899448345938598,6.779931584948685,True,AVAX/USDT,0.0140383060014606,64.4,2024-12-09 22:30:00,2024,БЫК,-12.493530185376894
1733783400000,LONG,1.3488094409246116,-0.2477339623612893,8.532555872728521,True,APE/USDT,0.0045620790845907,56.6,2024-12-09 22:30:00,2024,БЫК,-12.493530185376894
1733783400000,LONG,1.4032674529805504,-0.1007618130844005,8.467963021995546,True,ARKM/USDT,-0.0378397304768129,25.8,2024-12-09 22:30:00,2024,БЫК,-12.493530185376894
1733783400000,LONG,1.5904155233241903,0.6854565548445176,7.442365738925901,False,API3/USDT,-0.0635369161014665,33.4,2024-12-09 22:30:00,2024,БЫК,-12.493530185376894
1733783400000,LONG,2.096774706069269,0.4083188559266731,7.090287045863788,False,ACH/USDT,0.019094817018772,88.2,2024-12-09 22:30:00,2024,БЫК,-12.493530185376894
1733783400000,LONG,2.4749906611878987,0.3397361697984495,6.738415203586104,True,AR/USDT,-0.0206068490879896,37.0,2024-12-09 22:30:00,2024,БЫК,-12.493530185376894
1733783400000,LONG,2.6535335689045936,0.0641053636489297,9.239531802120135,True,GALA/USDT,-0.0119147965137707,26.6,2024-12-09 22:30:00,2024,БЫК,-12.493530185376894
1733783400000,LONG,2.688810900082579,0.783581158810714,8.055359207266727,True,FIL/USDT,-0.0059546269800393,36.0,2024-12-09 22:30:00,2024,БЫК,-12.493530185376894
1733783400000,LONG,3.035306072923609,-0.0334667620798283,7.262003276102659,True,FET/USDT,0.0034444634262082,28.2,2024-12-09 22:30:00,2024,БЫК,-12.493530185376894
1733783400000,LONG,3.3453727506426767,0.2259921714003055,7.412275064267343,False,COMP/USDT,-0.0154494672951088,42.6,2024-12-09 22:30:00,2024,БЫК,-12.493530185376894
1733783400000,LONG,4.706179775280903,0.6699483086347184,7.021348314606746,False,CHR/USDT,-0.0136792801264191,22.2,2024-12-09 22:30:00,2024,БЫК,-12.493530185376894
1733783400000,LONG,4.825649023948484,0.13432249360198,5.175649023948472,True,AAVE/USDT,0.0010724224659648,91.0,2024-12-09 22:30:00,2024,БЫК,-12.493530185376894
1733783400000,LONG,6.691891117478493,0.9329944210853672,7.041891117478492,False,BICO/USDT,-0.0228569376402305,,2024-12-09 22:30:00,2024,БЫК,-12.493530185376894
1733783400000,LONG,6.940310582108979,0.9561653375595068,7.290310582108979,True,CAKE/USDT,-0.0199960258452126,9.0,2024-12-09 22:30:00,2024,БЫК,-12.493530185376894
1733783400000,LONG,8.4471590909091,0.7481397752349461,8.797159090909087,True,DYDX/USDT,-0.0030296338030567,89.60000000000001,2024-12-09 22:30:00,2024,БЫК,-12.493530185376894
1733783400000,LONG,8.836775702326694,-0.1056671222924164,9.186775702326694,True,ENS/USDT,0.0160078778130648,42.6,2024-12-09 22:30:00,2024,БЫК,-12.493530185376894
1733784300000,LONG,-2.9888705633988675,-0.4862389868650155,8.995302810397147,True,AXS/USDT,-0.0413073753536265,75.4,2024-12-09 22:45:00,2024,БЫК,-10.350062021459527
1733784300000,LONG,0.6619088593653192,0.4663006503335264,9.729875404419358,False,COTI/USDT,-0.0338326237614963,87.0,2024-12-09 22:45:00,2024,БЫК,-10.350062021459527
1733784300000,LONG,1.8213316369804853,0.1576216085918477,8.773231552162851,False,ARPA/USDT,-0.0071746886934677,23.0,2024-12-09 22:45:00,2024,БЫК,-10.350062021459527
1733785200000,LONG,-2.6898565698310537,0.8495412637013006,10.188805153762011,False,AUCTION/USDT,-0.0258865269186985,1.6,2024-12-09 23:00:00,2024,БЫК,-10.349043716838269
1733785200000,LONG,-2.481893121091532,0.3925535297859021,11.250562819783967,False,BIGTIME/USDT,0.0091293903613408,71.8,2024-12-09 23:00:00,2024,БЫК,-10.349043716838269
1733785200000,LONG,-0.906353194544144,0.5743637037772453,10.62070351758795,False,ACE/USDT,0.0025808111513483,5.800000000000001,2024-12-09 23:00:00,2024,БЫК,-10.349043716838269
1733785200000,LONG,-0.8943460589345363,0.4655415177038304,9.518885179271308,False,CKB/USDT,0.0110694466702244,32.4,2024-12-09 23:00:00,2024,БЫК,-10.349043716838269
1733785200000,LONG,-0.4886001386001387,-0.0357123194231669,11.07837837837838,False,ALICE/USDT,-0.0056258472903896,89.4,2024-12-09 23:00:00,2024,БЫК,-10.349043716838269
1733785200000,LONG,-0.1030689995766973,0.3935120341564604,11.019825031748278,False,ENJ/USDT,-0.1024586435016994,23.6,2024-12-09 23:00:00,2024,БЫК,-10.349043716838269
1733785200000,LONG,0.0763758056519582,0.138059976224957,9.67684184432325,True,CFX/USDT,-0.0099949721674726,37.4,2024-12-09 23:00:00,2024,БЫК,-10.349043716838269
1733786100000,LONG,-5.309926116286536,-0.0560416679832259,4.959926116286536,False,ARK/USDT,-0.1070436519741906,34.599999999999994,2024-12-09 23:15:00,2024,БЫК,-9.918462275157752
1733786100000,LONG,-5.013349104427181,1.1720440302593491,4.663349104427182,False,EDU/USDT,-0.0360751098254716,88.6,2024-12-09 23:15:00,2024,БЫК,-9.918462275157752
1733802300000,LONG,5.852386415787049,-0.325613555170144,6.202386415787049,False,DASH/USDT,0.13907175050208,14.000000000000002,2024-12-10 03:45:00,2024,БЫК,-13.994508899604153
1733849100000,LONG,-5.805726922204581,0.232236269499813,5.455726922204581,True,GALA/USDT,-0.0048788495396675,26.4,2024-12-10 16:45:00,2024,БЫК,-15.287609332670321
1733849100000,LONG,-5.584011778076248,0.1194405230992388,5.2340117780762485,True,DOGE/USDT,-0.0540769904420229,44.8,2024-12-10 16:45:00,2024,БЫК,-15.287609332670321
1733849100000,LONG,-5.513767695099818,-0.0476855845928464,5.163767695099819,True,APE/USDT,0.0721874558804709,56.00000000000001,2024-12-10 16:45:00,2024,БЫК,-15.287609332670321
1733849100000,LONG,-5.212661347101627,-0.3419801502312974,4.862661347101628,False,DASH/USDT,0.1190809562609834,14.000000000000002,2024-12-10 16:45:00,2024,БЫК,-15.287609332670321
1733849100000,LONG,-5.133349538162373,1.282891562617862,4.783349538162374,False,CYBER/USDT,-0.0042133531397274,2.8000000000000003,2024-12-10 16:45:00,2024,БЫК,-15.287609332670321
1733849100000,LONG,-5.056982703395254,0.5495973290894554,4.706982703395254,False,DUSK/USDT,0.0188252153536269,11.6,2024-12-10 16:45:00,2024,БЫК,-15.287609332670321
1733849100000,LONG,-4.86355265622073,0.7904694193405063,4.51355265622073,False,BIGTIME/USDT,-0.0235689829143707,3.8,2024-12-10 16:45:00,2024,БЫК,-15.287609332670321
1733849100000,LONG,-4.853343717549313,0.3115156954852487,4.503343717549313,True,CFX/USDT,0.0177776831663832,37.4,2024-12-10 16:45:00,2024,БЫК,-15.287609332670321
1733849100000,LONG,-4.772932330827077,0.0219291708079806,4.422932330827077,False,ALICE/USDT,0.0252391534190039,16.8,2024-12-10 16:45:00,2024,БЫК,-15.287609332670321
1733849100000,LONG,-4.76534748437403,1.106757019369444,4.41534748437403,True,CAKE/USDT,0.0009559558011445,8.4,2024-12-10 16:45:00,2024,БЫК,-15.287609332670321
1733849100000,LONG,-4.731396666509273,0.4359277017747913,4.381396666509273,True,AR/USDT,0.0052621240182916,36.8,2024-12-10 16:45:00,2024,БЫК,-15.287609332670321
1733849100000,LONG,-4.7018837140314345,1.029852804265826,4.351883714031435,False,BICO/USDT,-0.0177473675395946,,2024-12-10 16:45:00,2024,БЫК,-15.287609332670321
1733849100000,LONG,-4.673607142857145,0.0674851556287727,4.323607142857146,False,ARPA/USDT,0.0235821547246513,23.0,2024-12-10 16:45:00,2024,БЫК,-15.287609332670321
1733849100000,LONG,-4.642944823310597,0.4085452166322043,4.292944823310598,True,DOT/USDT,-0.0434016473678859,44.0,2024-12-10 16:45:00,2024,БЫК,-15.287609332670321
1733849100000,LONG,-4.6229839974898175,0.3887514292800167,4.272983997489818,False,CKB/USDT,0.0126682956467086,28.4,2024-12-10 16:45:00,2024,БЫК,-15.287609332670321
1733849100000,LONG,-4.605195751770085,-0.069253571320781,4.255195751770086,True,CHZ/USDT,0.0274702470806341,60.2,2024-12-10 16:45:00,2024,БЫК,-15.287609332670321
1733849100000,LONG,-4.495643715107417,-1.3253264882388958,4.1456437151074175,False,AGLD/USDT,0.0156984867544517,46.6,2024-12-10 16:45:00,2024,БЫК,-15.287609332670321
1733849100000,LONG,-4.484615384615384,1.0795237789776266,4.134615384615384,False,CELO/USDT,0.0137619388958544,17.8,2024-12-10 16:45:00,2024,БЫК,-15.287609332670321
1733849100000,LONG,-4.476285300506876,0.6461410880809478,4.1262853005068765,False,ANKR/USDT,0.0083593439807377,19.4,2024-12-10 16:45:00,2024,БЫК,-15.287609332670321
1733849100000,LONG,-4.432272646693867,0.1142157160161571,4.082272646693867,False,ARK/USDT,-0.0424193982930258,34.599999999999994,2024-12-10 16:45:00,2024,БЫК,-15.287609332670321
1733849100000,LONG,-4.423846474946695,0.3048390515392286,4.073846474946695,False,ASTR/USDT,-0.0259559258999912,25.6,2024-12-10 16:45:00,2024,БЫК,-15.287609332670321
1733849100000,LONG,-4.3989256553502445,0.4946119736573324,4.048925655350245,False,EGLD/USDT,0.0212898811437808,24.6,2024-12-10 16:45:00,2024,БЫК,-15.287609332670321
1733849100000,LONG,-4.388091885231487,1.0753982957004855,4.038091885231488,False,EDU/USDT,0.0071344465430291,33.6,2024-12-10 16:45:00,2024,БЫК,-15.287609332670321
1733849100000,LONG,3.49435236894254,0.4051801550901605,5.364925238695729,False,ACH/USDT,0.0175424258261073,26.0,2024-12-10 16:45:00,2024,БЫК,-15.287609332670321
1733854500000,LONG,3.888940146676112,-0.0138902060590574,4.2389401466761125,True,1000BONK/USDT,-0.0314706724357876,8.0,2024-12-10 18:15:00,2024,БЫК,-20.29814838435317
1733962500000,SHORT,-2.37770360480641,0.0319044310781658,4.0327937249666,True,CHZ/USDT,0.0446004211119485,56.99999999999999,2024-12-12 00:15:00,2024,НЕЙТРАЛЬ,-11.571906902338924
1733977800000,SHORT,0.7411714311479788,0.5531622899385771,4.840589773649545,False,COMP/USDT,0.0076963751743784,42.0,2024-12-12 04:30:00,2024,НЕЙТРАЛЬ,-8.811064203598079
1734010200000,SHORT,2.948587850692677,0.8597103471330018,4.436276427556997,True,AAVE/USDT,-0.0088522024368046,52.6,2024-12-12 13:30:00,2024,НЕЙТРАЛЬ,-10.148088027163077
1734095700000,SHORT,0.8605984467793574,0.1803836807404942,4.355070808588381,True,ALGO/USDT,-0.0029638864296802,33.800000000000004,2024-12-13 13:15:00,2024,НЕЙТРАЛЬ,-9.39095683088223
1734420600000,SHORT,0.560392212997428,1.2024750392323331,4.406183796163735,False,BIGTIME/USDT,0.0069878576460961,3.8,2024-12-17 07:30:00,2024,НЕЙТРАЛЬ,0.8834714031170865
1734576300000,LONG,-2.000472514308528,-0.0914266351374784,4.4536137361906025,True,ATOM/USDT,0.0330907842958792,27.200000000000003,2024-12-19 02:45:00,2024,НЕЙТРАЛЬ,-20.807879970169886
1734576300000,LONG,-1.127977259126279,0.8362900664567892,6.266487133453024,True,DYDX/USDT,0.024235574802966,17.8,2024-12-19 02:45:00,2024,НЕЙТРАЛЬ,-20.807879970169886
1734576300000,LONG,-1.0915254237288026,-0.090105518180053,5.791949152542367,True,CRV/USDT,-0.0730687706105326,15.0,2024-12-19 02:45:00,2024,НЕЙТРАЛЬ,-20.807879970169886
1734576300000,LONG,-1.0593995439574249,0.1353776326612397,6.539143653407652,True,GALA/USDT,0.0574204948746584,26.4,2024-12-19 02:45:00,2024,НЕЙТРАЛЬ,-20.807879970169886
1734576300000,LONG,-0.9844307270233196,0.485853440990532,5.736316872427978,True,CFX/USDT,0.0214121579206059,36.4,2024-12-19 02:45:00,2024,НЕЙТРАЛЬ,-20.807879970169886
1734576300000,LONG,-0.9263688760806922,1.3848751842292113,5.184438040345808,False,CELO/USDT,0.0148603583851392,17.599999999999998,2024-12-19 02:45:00,2024,НЕЙТРАЛЬ,-20.807879970169886
1734576300000,LONG,-0.6560933940774466,0.1433898592180143,4.657616742596826,True,FET/USDT,0.080379253305768,21.6,2024-12-19 02:45:00,2024,НЕЙТРАЛЬ,-20.807879970169886
1734576300000,LONG,-0.6127134546819417,1.2531419644582165,5.033364608744612,False,EDU/USDT,0.0380738968957207,30.2,2024-12-19 02:45:00,2024,НЕЙТРАЛЬ,-20.807879970169886
1734576300000,LONG,-0.6113038732510807,0.3991019799763153,5.612628584659142,True,1000BONK/USDT,0.0462594254618137,6.0,2024-12-19 02:45:00,2024,НЕЙТРАЛЬ,-20.807879970169886
1734576300000,LONG,-0.5703638829246326,0.523282841228169,6.074240027121715,True,AR/USDT,0.0328873876615064,35.8,2024-12-19 02:45:00,2024,НЕЙТРАЛЬ,-20.807879970169886
1734576300000,LONG,-0.4324402308326555,0.3686485237493502,5.80692497938996,False,ALICE/USDT,0.1121195922033317,18.8,2024-12-19 02:45:00,2024,НЕЙТРАЛЬ,-20.807879970169886
1734576300000,LONG,-0.3856083086053505,0.3905307417461004,5.353044510385771,True,ARB/USDT,-0.0005747832336149,39.2,2024-12-19 02:45:00,2024,НЕЙТРАЛЬ,-20.807879970169886
1734576300000,LONG,-0.35,0.8815045482480124,5.278242205151386,False,COMP/USDT,-0.0510667066446276,38.8,2024-12-19 02:45:00,2024,НЕЙТРАЛЬ,-20.807879970169886
1734576300000,LONG,-0.35,1.0883876501051024,5.382745098039222,False,BICO/USDT,0.0927781007618881,,2024-12-19 02:45:00,2024,НЕЙТРАЛЬ,-20.807879970169886
1734576300000,LONG,-0.1642695356738495,0.766560875730689,4.87061834654587,False,ACE/USDT,0.0542937202273825,6.2,2024-12-19 02:45:00,2024,НЕЙТРАЛЬ,-20.807879970169886
1734576300000,LONG,-0.1339289885540739,1.699454739822465,5.516725064237328,False,API3/USDT,0.0536931610489055,23.4,2024-12-19 02:45:00,2024,НЕЙТРАЛЬ,-20.807879970169886
1734576300000,LONG,-0.121365499842333,0.6103609041861802,5.676442762535487,False,ASTR/USDT,0.0475312593172309,11.4,2024-12-19 02:45:00,2024,НЕЙТРАЛЬ,-20.807879970169886
1734576300000,LONG,-0.0533202878424488,0.3269520491441807,10.161753566468882,True,ARKM/USDT,0.0769643029375796,24.0,2024-12-19 02:45:00,2024,НЕЙТРАЛЬ,-20.807879970169886
1734576300000,LONG,-0.0305111821086259,0.42729389264369,4.985050585729496,True,DOT/USDT,0.0211962062578644,42.0,2024-12-19 02:45:00,2024,НЕЙТРАЛЬ,-20.807879970169886
1734576300000,LONG,0.0516064257028202,1.1912407709184547,5.335514242400056,False,EGLD/USDT,0.0278533896171756,23.8,2024-12-19 02:45:00,2024,НЕЙТРАЛЬ,-20.807879970169886
1734576300000,LONG,0.0608977221974021,0.4299433677780652,4.877561411344362,False,CKB/USDT,0.0434785640072889,22.4,2024-12-19 02:45:00,2024,НЕЙТРАЛЬ,-20.807879970169886
1734576300000,LONG,0.1920965268001563,0.6347908047525147,4.263448406278241,True,BCH/USDT,0.0730724357714688,63.4,2024-12-19 02:45:00,2024,НЕЙТРАЛЬ,-20.807879970169886
1734576300000,LONG,0.2059815950920273,0.5789479198445693,4.887423312883433,False,ARK/USDT,0.0467424426264422,34.8,2024-12-19 02:45:00,2024,НЕЙТРАЛЬ,-20.807879970169886
1734576300000,LONG,0.2785642925529747,0.3839250555299441,5.769949631603042,False,ENJ/USDT,0.0950120604471372,21.6,2024-12-19 02:45:00,2024,НЕЙТРАЛЬ,-20.807879970169886
1734576300000,LONG,0.2968440271257155,0.1313782608699155,4.699906103286384,True,ADA/USDT,0.0399595072098444,32.800000000000004,2024-12-19 02:45:00,2024,НЕЙТРАЛЬ,-20.807879970169886
1734576300000,LONG,0.2974820143884977,0.9988163406069924,4.800845323740989,True,FIL/USDT,0.0435826879383561,32.0,2024-12-19 02:45:00,2024,НЕЙТРАЛЬ,-20.807879970169886
1734576300000,LONG,0.323076923076929,0.5281823070515999,4.877572115384615,False,1INCH/USDT,0.0281538096269241,17.4,2024-12-19 02:45:00,2024,НЕЙТРАЛЬ,-20.807879970169886
1734576300000,LONG,0.3255825175789388,0.9915483673926988,6.245160623190405,False,BLUR/USDT,0.0460252470177973,26.200000000000003,2024-12-19 02:45:00,2024,НЕЙТРАЛЬ,-20.807879970169886
1734576300000,LONG,0.3500271700043167,0.2128944881960396,4.806250699228057,True,1000PEPE/USDT,0.0685601119515095,8.0,2024-12-19 02:45:00,2024,НЕЙТРАЛЬ,-20.807879970169886
1734576300000,LONG,0.3641287629092615,1.0099038024864624,6.134637076100479,True,CAKE/USDT,0.0535874054797335,8.0,2024-12-19 02:45:00,2024,НЕЙТРАЛЬ,-20.807879970169886
1734576300000,LONG,0.3803974221267413,0.2353158962569142,4.497894736842122,False,GAS/USDT,0.0378987219076725,8.799999999999999,2024-12-19 02:45:00,2024,НЕЙТРАЛЬ,-20.807879970169886
1734576300000,LONG,0.4217303005686373,0.7512688847281611,6.657798537774169,False,CHR/USDT,0.0825211723694039,20.6,2024-12-19 02:45:00,2024,НЕЙТРАЛЬ,-20.807879970169886
1734576300000,LONG,0.4587379509982501,0.8552986250576778,4.346435286042548,True,AAVE/USDT,-0.0421315395138472,50.8,2024-12-19 02:45:00,2024,НЕЙТРАЛЬ,-20.807879970169886
1734576300000,LONG,0.4756324799272895,0.548291241312433,5.291796697470088,False,COTI/USDT,0.0704052699847639,12.2,2024-12-19 02:45:00,2024,НЕЙТРАЛЬ,-20.807879970169886
1734576300000,LONG,0.4793612964728287,0.7448767482962623,4.62207578646331,True,AVAX/USDT,0.0489244145917844,60.2,2024-12-19 02:45:00,2024,НЕЙТРАЛЬ,-20.807879970169886
1734576300000,LONG,0.4797238004162549,0.4197414602249336,4.657703774540141,True,DOGE/USDT,0.0571743179862049,1.2,2024-12-19 02:45:00,2024,НЕЙТРАЛЬ,-20.807879970169886
1734576300000,LONG,0.4920515437611615,1.267107334998079,4.701148252105132,False,CYBER/USDT,-0.0125542906622261,4.2,2024-12-19 02:45:00,2024,НЕЙТРАЛЬ,-20.807879970169886
1734576300000,LONG,0.5543927648578819,0.3560451224939754,4.421963824289403,False,FLOW/USDT,0.0533235786136232,35.0,2024-12-19 02:45:00,2024,НЕЙТРАЛЬ,-20.807879970169886
1734576300000,LONG,0.5608653220559612,0.0771050146092392,5.759607460420739,True,CHZ/USDT,0.031661413395691,58.4,2024-12-19 02:45:00,2024,НЕЙТРАЛЬ,-20.807879970169886
1734576300000,LONG,0.5613001215066837,1.529827396716666,4.661117861482376,False,CTSI/USDT,0.0468841391546001,,2024-12-19 02:45:00,2024,НЕЙТРАЛЬ,-20.807879970169886
1734576300000,LONG,0.6263670864240168,0.3624404208484609,4.637474555804728,True,ETC/USDT,0.0060552969950448,38.2,2024-12-19 02:45:00,2024,НЕЙТРАЛЬ,-20.807879970169886
1734576300000,LONG,0.6736319979780115,0.2671579979320648,4.659433843043096,True,1000SHIB/USDT,0.0387115086968998,,2024-12-19 02:45:00,2024,НЕЙТРАЛЬ,-20.807879970169886
1734576300000,LONG,0.7758671952428128,0.7538521006526512,5.098247770069371,False,ACH/USDT,0.0395796287048001,25.2,2024-12-19 02:45:00,2024,НЕЙТРАЛЬ,-20.807879970169886
1734576300000,LONG,0.8384550084889631,0.453543968068415,5.251146010186763,False,BAT/USDT,0.0695501138031639,20.0,2024-12-19 02:45:00,2024,НЕЙТРАЛЬ,-20.807879970169886
1734576300000,LONG,0.9346308620956396,-0.3352862426890228,4.728710725893822,True,AXS/USDT,-0.0048958960507551,3.4000000000000004,2024-12-19 02:45:00,2024,НЕЙТРАЛЬ,-20.807879970169886
1734576300000,LONG,0.9551422605063952,0.3705656780205726,5.114539284782048,False,DASH/USDT,0.0420546147262295,12.6,2024-12-19 02:45:00,2024,НЕЙТРАЛЬ,-20.807879970169886
1734576300000,LONG,1.0550013982221311,0.2630958858941436,4.8681857855890005,True,APT/USDT,0.0332548867764886,14.2,2024-12-19 02:45:00,2024,НЕЙТРАЛЬ,-20.807879970169886
1734576300000,LONG,1.2461691939345665,0.8777757495457826,5.339372173450386,False,ANKR/USDT,0.0340609666731865,18.2,2024-12-19 02:45:00,2024,НЕЙТРАЛЬ,-20.807879970169886
1734576300000,LONG,1.256648199445991,-0.3695356317238661,5.160720221606645,True,ALGO/USDT,-0.0129176970994439,31.6,2024-12-19 02:45:00,2024,НЕЙТРАЛЬ,-20.807879970169886
1734576300000,LONG,1.4848623853211076,0.7146677495209455,5.087468280304497,False,ARPA/USDT,0.0617004797533535,22.8,2024-12-19 02:45:00,2024,НЕЙТРАЛЬ,-20.807879970169886
1734576300000,LONG,4.697344364730382,0.4180040027650883,5.047344364730382,False,AUCTION/USDT,0.1047741698864377,2.2,2024-12-19 02:45:00,2024,НЕЙТРАЛЬ,-20.807879970169886
1734632100000,LONG,1.593945143465822,0.3158971151945662,6.41302176952267,True,ARKM/USDT,0.1055510112236764,8.6,2024-12-19 18:15:00,2024,НЕЙТРАЛЬ,-25.492393347781068
1734633900000,LONG,-4.556494632535082,0.7448146053672061,4.206494632535082,False,ACH/USDT,0.0506778955644585,25.0,2024-12-19 18:45:00,2024,НЕЙТРАЛЬ,-25.576420734892896
1734640200000,LONG,3.419384308306458,0.1273093039960887,4.524965453707964,True,FET/USDT,0.0674505783495491,14.8,2024-12-19 20:30:00,2024,НЕЙТРАЛЬ,-26.60281772182535
1734640200000,LONG,3.4917147568013127,-0.4460539559504551,4.212382522671072,True,AXS/USDT,-0.0046861558342072,2.8000000000000003,2024-12-19 20:30:00,2024,НЕЙТРАЛЬ,-26.60281772182535
1734640200000,LONG,3.50846992803017,0.403934855590448,5.171047208395437,True,DOGE/USDT,0.1017627315099635,24.0,2024-12-19 20:30:00,2024,НЕЙТРАЛЬ,-26.60281772182535
1734640200000,LONG,3.668626336138268,0.4513674580258869,4.018626336138268,True,ADA/USDT,0.0210405231326579,43.2,2024-12-19 20:30:00,2024,НЕЙТРАЛЬ,-26.60281772182535
1734640200000,LONG,3.690828237909944,1.243263526846982,4.040828237909944,False,CYBER/USDT,0.0030380867659482,4.6,2024-12-19 20:30:00,2024,НЕЙТРАЛЬ,-26.60281772182535
1734640200000,LONG,3.710387148273796,1.2408621087788143,4.060387148273796,False,EDU/USDT,0.0423030694201102,29.8,2024-12-19 20:30:00,2024,НЕЙТРАЛЬ,-26.60281772182535
1734640200000,LONG,3.760985942615062,0.448754084093578,4.110985942615062,False,CKB/USDT,0.0330038555104126,17.599999999999998,2024-12-19 20:30:00,2024,НЕЙТРАЛЬ,-26.60281772182535
1734640200000,LONG,4.098370947886754,0.7256761278227782,4.448370947886754,False,COTI/USDT,0.0766809403272529,11.8,2024-12-19 20:30:00,2024,НЕЙТРАЛЬ,-26.60281772182535
1734640200000,LONG,4.430708895107259,0.8321673473427506,4.780708895107258,False,AGLD/USDT,0.0585389598371567,3.8,2024-12-19 20:30:00,2024,НЕЙТРАЛЬ,-26.60281772182535
1734687000000,LONG,-5.408307068887892,0.857378134815452,5.058307068887892,False,CHR/USDT,0.1123256885657617,20.4,2024-12-20 09:30:00,2024,НЕЙТРАЛЬ,-29.37746392294816
1734696900000,LONG,4.502511415525122,0.0189806022210264,4.852511415525122,False,FLOW/USDT,0.1048271838364796,34.2,2024-12-20 12:15:00,2024,НЕЙТРАЛЬ,-32.0212264008863
1734696900000,LONG,4.605674208144792,-0.2217417993805299,4.955674208144791,True,AXS/USDT,0.0517216873700816,75.2,2024-12-20 12:15:00,2024,НЕЙТРАЛЬ,-32.0212264008863
1734696900000,LONG,4.667290277290261,0.7865291346373648,5.017290277290261,True,AAVE/USDT,-0.0128725192591249,50.4,2024-12-20 12:15:00,2024,НЕЙТРАЛЬ,-32.0212264008863
1734696900000,LONG,4.758878648233492,1.2202024827183788,5.108878648233492,False,CYBER/USDT,0.0473061263999701,5.0,2024-12-20 12:15:00,2024,НЕЙТРАЛЬ,-32.0212264008863
1734696900000,LONG,4.770659340659328,0.1000566820624361,5.120659340659327,False,CKB/USDT,0.075151440205786,21.8,2024-12-20 12:15:00,2024,НЕЙТРАЛЬ,-32.0212264008863
1734696900000,LONG,4.973562617604004,1.1476164659465204,5.323562617604015,False,EDU/USDT,0.0818134156483161,29.4,2024-12-20 12:15:00,2024,НЕЙТРАЛЬ,-32.0212264008863
1734696900000,LONG,5.107759919638372,0.0490564656249864,5.457759919638372,False,BAT/USDT,0.1370642635889433,21.0,2024-12-20 12:15:00,2024,НЕЙТРАЛЬ,-32.0212264008863
1734696900000,LONG,5.241466441060352,0.5574011334435698,5.591466441060351,True,AVAX/USDT,0.067657057514215,62.4,2024-12-20 12:15:00,2024,НЕЙТРАЛЬ,-32.0212264008863
1734696900000,LONG,5.247542193415883,0.6057454449653701,5.597542193415894,False,EGLD/USDT,0.1122539459283396,23.0,2024-12-20 12:15:00,2024,НЕЙТРАЛЬ,-32.0212264008863
1734696900000,LONG,5.327078651685398,0.176208429175092,5.677078651685398,True,GALA/USDT,0.1016942011430956,25.0,2024-12-20 12:15:00,2024,НЕЙТРАЛЬ,-32.0212264008863
1734696900000,LONG,5.419825436408985,0.2128915768199311,5.7698254364089845,False,ARPA/USDT,0.093777997946079,22.8,2024-12-20 12:15:00,2024,НЕЙТРАЛЬ,-32.0212264008863
1734696900000,LONG,5.446470051224842,0.0259278624289358,5.7964700512248415,False,ENJ/USDT,0.1409466944116639,21.2,2024-12-20 12:15:00,2024,НЕЙТРАЛЬ,-32.0212264008863
1734696900000,LONG,5.466188524590158,-0.0234703476696108,5.816188524590157,True,CHZ/USDT,0.0784791950257805,56.8,2024-12-20 12:15:00,2024,НЕЙТРАЛЬ,-32.0212264008863
1734696900000,LONG,5.540050234970025,0.2451506382199813,5.890050234970024,True,ATOM/USDT,0.0695038221791119,27.200000000000003,2024-12-20 12:15:00,2024,НЕЙТРАЛЬ,-32.0212264008863
1734696900000,LONG,5.744265788454067,1.0770318963346963,6.094265788454078,False,BICO/USDT,0.1209980951223602,,2024-12-20 12:15:00,2024,НЕЙТРАЛЬ,-32.0212264008863
1734696900000,LONG,5.781624148795618,0.2695787826779057,6.131624148795618,True,1000SHIB/USDT,0.1002290076908838,,2024-12-20 12:15:00,2024,НЕЙТРАЛЬ,-32.0212264008863
1734696900000,LONG,6.251848539057829,-0.2830403437669928,6.601848539057829,False,DASH/USDT,0.0771689998582616,12.6,2024-12-20 12:15:00,2024,НЕЙТРАЛЬ,-32.0212264008863
1734696900000,LONG,6.3911539360569405,0.1035920278006512,6.74115393605694,True,1000PEPE/USDT,0.0812779988530785,8.4,2024-12-20 12:15:00,2024,НЕЙТРАЛЬ,-32.0212264008863
1734696900000,LONG,6.578002350943648,0.5815671331184955,6.928002350943648,True,AR/USDT,0.0701307988727782,35.2,2024-12-20 12:15:00,2024,НЕЙТРАЛЬ,-32.0212264008863
1734696900000,LONG,6.717580776540859,0.7126239616969481,7.067580776540859,False,COMP/USDT,0.0369649886506815,5.6000000000000005,2024-12-20 12:15:00,2024,НЕЙТРАЛЬ,-32.0212264008863
1734696900000,LONG,7.9714373356704655,0.1279498501592686,8.321437335670465,True,DOGE/USDT,0.1385480463716679,38.2,2024-12-20 12:15:00,2024,НЕЙТРАЛЬ,-32.0212264008863
1734725700000,SHORT,-4.706741902779991,0.7364408276087737,4.356741902779992,False,AUCTION/USDT,0.1533388706687714,1.4,2024-12-20 20:15:00,2024,НЕЙТРАЛЬ,-24.694740632103606
1734747300000,SHORT,-1.3221608484312768,0.9336067440910109,7.992980241146383,False,AGLD/USDT,-0.0099911776508278,45.4,2024-12-21 02:15:00,2024,НЕЙТРАЛЬ,-22.733881720767812
1734748200000,SHORT,0.3735090187408851,0.7863976735815236,5.692202180575781,False,AUCTION/USDT,0.1159203991981031,3.6,2024-12-21 02:30:00,2024,НЕЙТРАЛЬ,-22.712396405117353
1734789600000,LONG,-4.385256137966184,0.9903755507471668,4.035256137966185,True,APE/USDT,0.1175471287237327,52.6,2024-12-21 14:00:00,2024,НЕЙТРАЛЬ,-21.594970007128467
1734789600000,LONG,-1.6790017720023638,0.1713289346750159,4.245599527466049,True,ALGO/USDT,0.1030512805144975,19.8,2024-12-21 14:00:00,2024,НЕЙТРАЛЬ,-21.594970007128467
1734789600000,LONG,-1.1843018429354053,1.0180485909287376,4.1196538269965055,True,CAKE/USDT,0.1189303540052668,8.6,2024-12-21 14:00:00,2024,НЕЙТРАЛЬ,-21.594970007128467
1734811200000,LONG,-2.043430656934301,1.226970960119528,4.200671532846707,False,CYBER/USDT,0.0594917962263262,5.0,2024-12-21 20:00:00,2024,НЕЙТРАЛЬ,-22.184605847557208
1734816600000,SHORT,-8.43160552002692,1.0194644578324024,8.08160552002692,False,AGLD/USDT,-0.0119916762782064,0.2,2024-12-21 21:30:00,2024,НЕЙТРАЛЬ,-22.969429814923913
1734991200000,SHORT,1.8545152722443672,0.4259687365046997,4.269375830013257,True,GALA/USDT,0.1120308884472473,14.000000000000002,2024-12-23 22:00:00,2024,НЕЙТРАЛЬ,-19.347486268884325
1735001100000,SHORT,-5.470343703703695,0.8123491286454292,5.120343703703695,False,AGLD/USDT,0.0022934573890941,2.2,2024-12-24 00:45:00,2024,НЕЙТРАЛЬ,-15.989485919146052
1735023600000,SHORT,-0.4676913661613717,0.5643016364296558,4.601539403069372,False,AUCTION/USDT,0.1043083840157,0.0,2024-12-24 07:00:00,2024,НЕЙТРАЛЬ,-18.278443072765064
1735031700000,SHORT,-6.881874999999967,0.179990694415827,6.531874999999968,False,BAT/USDT,0.2717077214939115,20.4,2024-12-24 09:15:00,2024,НЕЙТРАЛЬ,-17.352915581742963
1735032600000,SHORT,-2.995113886847902,0.5547380621400809,4.181312760225314,False,DASH/USDT,0.1077196607313067,11.0,2024-12-24 09:30:00,2024,НЕЙТРАЛЬ,-17.972656609671
1735091100000,SHORT,-4.729080403245631,0.7137175924858347,4.379080403245632,False,AGLD/USDT,0.022176011045065,4.4,2024-12-25 01:45:00,2024,НЕЙТРАЛЬ,-9.258569316717047
1735102800000,SHORT,-8.949767871727607,0.4647143876181221,8.599767871727607,False,AUCTION/USDT,0.1360650483120822,4.6,2024-12-25 05:00:00,2024,НЕЙТРАЛЬ,-8.103769534541188
1735123500000,SHORT,2.26035653650254,0.4269848873296461,4.982937181663838,False,DASH/USDT,0.0771793514742823,11.4,2024-12-25 10:45:00,2024,НЕЙТРАЛЬ,-9.025126983642263
1735257600000,SHORT,1.881959468711496,0.7209810474726062,6.210233237482296,False,AGLD/USDT,-0.0215645865346162,3.8,2024-12-27 00:00:00,2024,НЕЙТРАЛЬ,1.1733203853384833
1735284600000,SHORT,-6.662483959670024,1.0659823992431152,6.312483959670025,False,EDU/USDT,0.081864805763244,26.200000000000003,2024-12-27 07:30:00,2024,НЕЙТРАЛЬ,-0.7736936873529998
1735394400000,SHORT,2.453738317757012,0.7414626655856043,4.311999999999994,False,ARPA/USDT,0.0262020101497659,22.4,2024-12-28 14:00:00,2024,НЕЙТРАЛЬ,2.3164138559501946
1735397100000,SHORT,-0.35,1.6095239732088589,4.157692307692303,False,CTSI/USDT,0.0916364119109884,,2024-12-28 14:45:00,2024,НЕЙТРАЛЬ,2.9175885175999894
1735481700000,SHORT,-7.914758290711094,0.6511204232232932,7.564758290711095,False,AGLD/USDT,-0.0310171730706858,2.0,2024-12-29 14:15:00,2024,НЕЙТРАЛЬ,3.3220185899547117
1735511400000,LONG,1.5441429339065025,0.5347531469395921,7.853842020419124,True,ARB/USDT,0.0126899512127737,38.2,2024-12-29 22:30:00,2024,НЕЙТРАЛЬ,1.424992643098355
1735539300000,SHORT,6.459491866510128,0.4248539583207166,6.809491866510127,False,ARK/USDT,0.1380808906114866,32.4,2024-12-30 06:15:00,2024,НЕЙТРАЛЬ,3.6262565053657325
1735565400000,SHORT,-5.529768868597506,0.7624893848600601,5.179768868597506,False,AGLD/USDT,0.0187332520118909,2.6,2024-12-30 13:30:00,2024,НЕЙТРАЛЬ,0.8551110187912214
1735776900000,SHORT,-2.784603501544796,0.729242827210371,10.406438722965984,False,AGLD/USDT,0.0469002724333231,2.0,2025-01-02 00:15:00,2025,НЕЙТРАЛЬ,-3.537615370092623
1735972200000,SHORT,0.1546989209885122,0.5331283955569783,4.140236686390518,False,BSV/USDT,0.0372972555432575,5.0,2025-01-04 06:30:00,2025,НЕЙТРАЛЬ,10.493923861611554
1736082000000,SHORT,1.434828953891906,0.1522174327679678,6.980036357626831,False,ARK/USDT,0.1045110262616365,35.6,2025-01-05 13:00:00,2025,НЕЙТРАЛЬ,7.052736746394284
1736151300000,SHORT,-0.6720611916264093,-0.0582077572985073,4.790080515297899,False,ARK/USDT,0.0837914720929567,1.0,2025-01-06 08:15:00,2025,НЕЙТРАЛЬ,8.213031720505326
1736358300000,LONG,0.4445661924900658,-0.1341650434339833,4.082032551582717,True,ARB/USDT,-0.0074802779763216,28.4,2025-01-08 17:45:00,2025,НЕЙТРАЛЬ,-4.643200821489835
1736358300000,LONG,0.8172016340822806,0.1302368662754619,4.751152611613676,True,GALA/USDT,0.0466232575880271,14.000000000000002,2025-01-08 17:45:00,2025,НЕЙТРАЛЬ,-4.643200821489835
1736358300000,LONG,1.2709893048128411,0.3394330376641319,4.2597872103386765,False,ACE/USDT,0.0819408569074584,5.0,2025-01-08 17:45:00,2025,НЕЙТРАЛЬ,-4.643200821489835
1736358300000,LONG,1.4880109823062853,0.3831095324621333,4.063842281879185,True,FET/USDT,-0.0170405519175766,9.2,2025-01-08 17:45:00,2025,НЕЙТРАЛЬ,-4.643200821489835
1736358300000,LONG,1.593018934701826,0.0804148019607926,4.054408069368256,True,1000BONK/USDT,0.0846408095237111,10.2,2025-01-08 17:45:00,2025,НЕЙТРАЛЬ,-4.643200821489835
1736358300000,LONG,2.2584491068896924,-0.6749522847807693,4.6814856818826325,False,COMP/USDT,0.0853632614827338,2.4,2025-01-08 17:45:00,2025,НЕЙТРАЛЬ,-4.643200821489835
1736358300000,LONG,2.266620048723269,0.6255086559827204,5.00478209870974,False,COTI/USDT,0.1249474125019195,10.6,2025-01-08 17:45:00,2025,НЕЙТРАЛЬ,-4.643200821489835
1736358300000,LONG,2.414641687886503,-0.2363073818094554,4.180647508184782,False,BICO/USDT,0.0428737255639431,,2025-01-08 17:45:00,2025,НЕЙТРАЛЬ,-4.643200821489835
1736358300000,LONG,2.494605840520491,0.3581792784677372,4.659706460886676,True,ARKM/USDT,0.0742556178347118,20.0,2025-01-08 17:45:00,2025,НЕЙТРАЛЬ,-4.643200821489835
1736358300000,LONG,4.332417582417579,0.0474942096145337,4.682417582417578,True,CRV/USDT,0.0720420955893174,16.0,2025-01-08 17:45:00,2025,НЕЙТРАЛЬ,-4.643200821489835
1736359200000,LONG,-5.371808677469943,0.365010892837538,5.021808677469943,True,ADA/USDT,0.0729914742553269,40.8,2025-01-08 18:00:00,2025,НЕЙТРАЛЬ,-3.3281550138857363
1736359200000,LONG,0.061845459894095,0.2643326550194205,4.484310649146906,True,FIL/USDT,0.1411185399671425,33.2,2025-01-08 18:00:00,2025,НЕЙТРАЛЬ,-3.3281550138857363
1736359200000,LONG,0.3494093876282239,0.4184677345369356,4.483866956792052,True,ATOM/USDT,0.0963200219908728,10.2,2025-01-08 18:00:00,2025,НЕЙТРАЛЬ,-3.3281550138857363
1736359200000,LONG,0.4688179246687599,-0.0608714098717052,4.782566622003861,True,DOT/USDT,0.1061997286035231,12.0,2025-01-08 18:00:00,2025,НЕЙТРАЛЬ,-3.3281550138857363
1736359200000,LONG,0.5961934246097519,0.3326124853093032,4.416852707770118,True,CAKE/USDT,0.0362095054702356,7.199999999999999,2025-01-08 18:00:00,2025,НЕЙТРАЛЬ,-3.3281550138857363
1736359200000,LONG,0.7082959641255636,0.1637224351279776,5.11063677130046,True,APE/USDT,0.0516928559004979,26.4,2025-01-08 18:00:00,2025,НЕЙТРАЛЬ,-3.3281550138857363
1736359200000,LONG,1.114788732394377,0.0930892401803491,4.709267605633805,True,ALGO/USDT,0.0974447798307812,36.8,2025-01-08 18:00:00,2025,НЕЙТРАЛЬ,-3.3281550138857363
1736359200000,LONG,1.3106778673399917,0.3686550149385206,5.271928717102068,False,ENJ/USDT,0.0955037136463208,18.2,2025-01-08 18:00:00,2025,НЕЙТРАЛЬ,-3.3281550138857363
1736359200000,LONG,1.4599547511312232,-0.1273308447636504,5.488009049773766,True,DYDX/USDT,0.0989229453357311,15.2,2025-01-08 18:00:00,2025,НЕЙТРАЛЬ,-3.3281550138857363
1736359200000,LONG,1.5532258064516138,0.1815930305366989,4.690016129032253,False,BIGTIME/USDT,0.08216491943069,4.2,2025-01-08 18:00:00,2025,НЕЙТРАЛЬ,-3.3281550138857363
1736359200000,LONG,2.224539887972716,0.6510927126754734,4.403437358661231,True,AAVE/USDT,0.0742352342420509,44.2,2025-01-08 18:00:00,2025,НЕЙТРАЛЬ,-3.3281550138857363
1736359200000,LONG,2.765850194467508,0.0523534347224413,4.892221299654763,False,BLUR/USDT,0.1054080636695597,23.4,2025-01-08 18:00:00,2025,НЕЙТРАЛЬ,-3.3281550138857363
1736393400000,SHORT,4.206584708656117,-0.0129988283870833,4.556584708656117,False,GAS/USDT,0.1596685409890439,0.2,2025-01-09 03:30:00,2025,НЕЙТРАЛЬ,-5.36589023257899
1736422200000,SHORT,5.111317730041671,0.3016122306188186,5.461317730041671,False,GAS/USDT,0.1477791970909625,0.2,2025-01-09 11:30:00,2025,НЕЙТРАЛЬ,-8.866323338944715
1736634600000,SHORT,4.314590443686014,0.7202604821914618,4.664590443686014,False,AGLD/USDT,0.1028712543416249,5.4,2025-01-11 22:30:00,2025,МЕДВЕДЬ,-12.709237748193358
1736779500000,LONG,1.51702090839269,-0.1364789710250103,4.694252252192855,True,ETH/USDT,0.0883548654544086,45.4,2025-01-13 14:45:00,2025,МЕДВЕДЬ,-21.789433425481096
1736839800000,SHORT,-1.1421886514369928,0.3331787073720473,4.051086956521734,False,BSV/USDT,0.0496234968331357,1.4,2025-01-14 07:30:00,2025,МЕДВЕДЬ,-17.432659188267984
1736987400000,SHORT,0.0502825523899095,-0.6759713411562929,5.02038203437721,True,ENS/USDT,0.055991162243807,37.6,2025-01-16 00:30:00,2025,МЕДВЕДЬ,2.8588144059855547
1737117900000,SHORT,-4.716886434811249,0.9155829383433884,4.366886434811249,False,EDU/USDT,0.1107932280029298,21.8,2025-01-17 12:45:00,2025,МЕДВЕДЬ,5.414788918947233
1737148500000,SHORT,3.047594960870389,0.005664410754627,6.196621492651253,False,ARPA/USDT,-0.0027846694766489,20.0,2025-01-17 21:15:00,2025,НЕЙТРАЛЬ,8.81701269393309
1737157500000,SHORT,-4.873760858456803,0.2091388680458495,4.523760858456804,True,1000BONK/USDT,0.0529010306298747,11.2,2025-01-17 23:45:00,2025,НЕЙТРАЛЬ,8.616773044816961
1737279900000,LONG,-4.811148459383766,-0.1378701734561213,4.461148459383766,True,GALA/USDT,0.0994154707924297,26.0,2025-01-19 09:45:00,2025,НЕЙТРАЛЬ,-1.7965766408591988
1737279900000,LONG,-4.350466763810406,0.2647940263013532,4.000466763810406,True,1000PEPE/USDT,0.078632470563458,35.8,2025-01-19 09:45:00,2025,НЕЙТРАЛЬ,-1.7965766408591988
1737318600000,SHORT,5.109584672956304,-0.05136516819734,5.459584672956304,True,1000BONK/USDT,-0.1540892684602603,11.8,2025-01-19 20:30:00,2025,НЕЙТРАЛЬ,2.1722981521671847
1737358200000,SHORT,1.192273149581926,-0.0588914193294293,5.0463115515639245,True,CFX/USDT,0.0694424038179947,29.4,2025-01-20 07:30:00,2025,НЕЙТРАЛЬ,3.5153253943995155
1737358200000,SHORT,2.031729200652517,0.3001063635085759,5.185271498485197,True,1000SHIB/USDT,0.0968821777237791,,2025-01-20 07:30:00,2025,НЕЙТРАЛЬ,3.5153253943995155
1737359100000,SHORT,1.5608045298609343,0.6531808044562221,4.358766461322783,True,ETC/USDT,0.1255716564241086,29.8,2025-01-20 07:45:00,2025,НЕЙТРАЛЬ,4.096389502269682
1737359100000,SHORT,2.284083044982688,0.4947956243391653,5.636029411764701,True,BCH/USDT,0.1841631204806361,57.4,2025-01-20 07:45:00,2025,НЕЙТРАЛЬ,4.096389502269682
1737359100000,SHORT,5.324858516164055,0.1079481331274476,7.282665322893234,True,FET/USDT,0.1159017594756249,25.0,2025-01-20 07:45:00,2025,НЕЙТРАЛЬ,4.096389502269682
1737396000000,LONG,-1.086262128821485,0.3101307558692427,4.004295675069484,True,1000SHIB/USDT,0.0418667272441437,,2025-01-20 18:00:00,2025,НЕЙТРАЛЬ,2.487320524826475
1737461700000,SHORT,-0.4387218829914949,-0.0154507341605476,5.102737331036981,True,DOGE/USDT,0.0232205250591232,29.8,2025-01-21 12:15:00,2025,НЕЙТРАЛЬ,-1.5464153414861848
1737477000000,SHORT,-4.859186015319948,-0.1923813152400592,4.509186015319949,True,1000BONK/USDT,-0.0464423396302171,0.2,2025-01-21 16:30:00,2025,НЕЙТРАЛЬ,-1.8729018717817347
1737889200000,SHORT,4.53017429193901,0.0917572723646197,7.052222222222204,False,ARPA/USDT,-0.0260123264463633,17.4,2025-01-26 11:00:00,2025,МЕДВЕДЬ,-3.3036394091670473
1737945900000,SHORT,6.600442036692368,0.3989087802981867,6.950442036692368,False,ACH/USDT,0.22219940711597,0.8,2025-01-27 02:45:00,2025,МЕДВЕДЬ,-6.393074124732951
1737963000000,LONG,0.9195064704389736,0.0394797371073563,4.213307218979943,True,1000PEPE/USDT,0.0538866083739936,32.6,2025-01-27 07:30:00,2025,МЕДВЕДЬ,-16.41714321567502
1737963000000,LONG,1.2080736543909365,0.5935619871566553,5.525070821529732,True,CRV/USDT,-0.0368761716392204,12.8,2025-01-27 07:30:00,2025,МЕДВЕДЬ,-16.41714321567502
1737963000000,LONG,2.153961965134715,0.0749402072769591,4.250079239302698,False,DASH/USDT,0.0097636277356321,9.0,2025-01-27 07:30:00,2025,МЕДВЕДЬ,-16.41714321567502
1737963900000,LONG,-0.1867410401927948,-0.2543269677484631,4.818782554614009,True,AR/USDT,-0.1476935808215089,25.0,2025-01-27 07:45:00,2025,МЕДВЕДЬ,-16.336087964838086
1737963900000,LONG,0.6496492458786458,0.1834378345134601,4.234145913714477,True,DOT/USDT,-0.139934304599562,21.6,2025-01-27 07:45:00,2025,МЕДВЕДЬ,-16.336087964838086
1737963900000,LONG,3.816886205634838,0.0700064689686735,4.166886205634838,True,ARKM/USDT,-0.1370409342904636,22.2,2025-01-27 07:45:00,2025,МЕДВЕДЬ,-16.336087964838086
1737963900000,LONG,3.880824372759862,0.2773342936064689,4.230824372759862,True,GALA/USDT,-0.0309101691692379,23.6,2025-01-27 07:45:00,2025,МЕДВЕДЬ,-16.336087964838086
1737997200000,SHORT,-8.552209879808387,0.554481024548794,8.202209879808388,False,ACH/USDT,0.1370667557635099,0.0,2025-01-27 17:00:00,2025,МЕДВЕДЬ,-11.512331740115961
1737999900000,SHORT,0.5437376725838307,0.2292182572330896,6.327644230769222,True,CFX/USDT,0.0462684274360644,27.0,2025-01-27 17:45:00,2025,МЕДВЕДЬ,-10.036807912359425
1738136700000,SHORT,-5.7012799109627,0.4995429032863889,5.3512799109627,False,ACH/USDT,0.1091878584681043,1.0,2025-01-29 07:45:00,2025,МЕДВЕДЬ,-11.40396525380698
1738255500000,SHORT,-6.710296507797031,0.6651137986131741,6.360296507797031,False,ACH/USDT,0.0394465840998694,2.0,2025-01-30 16:45:00,2025,МЕДВЕДЬ,-4.944987313018634
1738334700000,SHORT,0.4014434506962456,0.2363346609053517,4.762572172534809,True,1000PEPE/USDT,-0.0381274464203372,28.4,2025-01-31 14:45:00,2025,МЕДВЕДЬ,-4.716221920425262
1738339200000,SHORT,4.010263509642904,0.2138493905192587,4.360263509642904,False,COTI/USDT,-0.108159252323314,6.0,2025-01-31 16:00:00,2025,МЕДВЕДЬ,-2.511056699324171
1738387800000,SHORT,-6.025239867206572,0.541622681643992,5.675239867206572,False,ACH/USDT,-0.0259324692456225,4.0,2025-02-01 05:30:00,2025,МЕДВЕДЬ,-3.068573729603435
1738447200000,SHORT,7.024630261660974,0.0001640775963279,7.374630261660974,False,ARPA/USDT,0.0382367522739203,0.8,2025-02-01 22:00:00,2025,МЕДВЕДЬ,-11.624130519841907
1738524600000,LONG,-7.661492281303593,0.4896683430152392,7.311492281303593,True,CRV/USDT,0.0211220487131327,13.8,2025-02-02 19:30:00,2025,МЕДВЕДЬ,-21.919698802401733
1738524600000,LONG,-6.314772727272731,0.1844017392467457,5.964772727272732,True,DYDX/USDT,-0.013449315142793,10.2,2025-02-02 19:30:00,2025,МЕДВЕДЬ,-21.919698802401733
1738524600000,LONG,-6.211687608318887,0.1227893861655518,5.861687608318888,True,ARKM/USDT,0.0138765736024166,20.8,2025-02-02 19:30:00,2025,МЕДВЕДЬ,-21.919698802401733
1738524600000,LONG,-6.2043175487465065,0.2189868567229887,5.854317548746507,True,GALA/USDT,0.0150470131761214,2.4,2025-02-02 19:30:00,2025,МЕДВЕДЬ,-21.919698802401733
1738524600000,LONG,-6.12287829541351,0.4894074070983888,5.77287829541351,False,DASH/USDT,0.026228443925976,7.199999999999999,2025-02-02 19:30:00,2025,МЕДВЕДЬ,-21.919698802401733
1738524600000,LONG,-5.951012277624647,-0.4348419057604809,5.601012277624648,True,1000BONK/USDT,-0.0125663909223298,14.000000000000002,2025-02-02 19:30:00,2025,МЕДВЕДЬ,-21.919698802401733
1738524600000,LONG,-5.950243224461433,0.6432195891193253,5.600243224461433,False,COMP/USDT,0.0214511729928786,4.4,2025-02-02 19:30:00,2025,МЕДВЕДЬ,-21.919698802401733
1738524600000,LONG,-5.91247600767755,0.158396578127576,5.56247600767755,True,ALGO/USDT,0.0208038575284027,36.4,2025-02-02 19:30:00,2025,МЕДВЕДЬ,-21.919698802401733
1738524600000,LONG,-5.870398329585596,0.392819552481846,5.520398329585596,False,EGLD/USDT,0.0288792061348398,14.000000000000002,2025-02-02 19:30:00,2025,МЕДВЕДЬ,-21.919698802401733
1738524600000,LONG,-5.798227324049687,-0.3580280142934774,5.448227324049688,False,DUSK/USDT,0.0117001608614297,17.4,2025-02-02 19:30:00,2025,МЕДВЕДЬ,-21.919698802401733
1738524600000,LONG,-5.787676227515799,0.4911164390434159,5.437676227515799,False,CYBER/USDT,-0.0087251521633296,9.6,2025-02-02 19:30:00,2025,МЕДВЕДЬ,-21.919698802401733
1738524600000,LONG,-5.767572204746928,0.1978864678352725,5.417572204746929,False,BIGTIME/USDT,-0.0165986710197479,3.0,2025-02-02 19:30:00,2025,МЕДВЕДЬ,-21.919698802401733
1738524600000,LONG,-5.733637747336367,-0.2020834912020503,5.383637747336367,False,CHR/USDT,-0.0032387676068141,11.2,2025-02-02 19:30:00,2025,МЕДВЕДЬ,-21.919698802401733
1738524600000,LONG,-5.68583115959213,0.018743686637434,5.33583115959213,False,COTI/USDT,-0.0610596806509701,5.4,2025-02-02 19:30:00,2025,МЕДВЕДЬ,-21.919698802401733
1738524600000,LONG,-5.542283339928755,0.1642375120236585,5.192283339928755,False,API3/USDT,0.0028982756213622,5.6000000000000005,2025-02-02 19:30:00,2025,МЕДВЕДЬ,-21.919698802401733
1738524600000,LONG,-5.534734399174824,0.4513382365992622,5.1847343991748245,False,BAT/USDT,-0.033933180244498,19.8,2025-02-02 19:30:00,2025,МЕДВЕДЬ,-21.919698802401733
1738524600000,LONG,-5.523662031184154,-0.0489595299911218,5.173662031184154,False,ANKR/USDT,-0.0117725155936138,9.4,2025-02-02 19:30:00,2025,МЕДВЕДЬ,-21.919698802401733
1738524600000,LONG,-5.491294042280582,0.408364543192387,5.141294042280582,True,APE/USDT,-0.0242016780606611,26.200000000000003,2025-02-02 19:30:00,2025,МЕДВЕДЬ,-21.919698802401733
1738524600000,LONG,-5.427454831107618,0.3568631656556872,5.077454831107619,True,FIL/USDT,0.0192063120037517,12.6,2025-02-02 19:30:00,2025,МЕДВЕДЬ,-21.919698802401733
1738524600000,LONG,-5.424641096287708,-0.032651660508187,5.074641096287708,True,DOGE/USDT,-0.0073617378140712,23.4,2025-02-02 19:30:00,2025,МЕДВЕДЬ,-21.919698802401733
1738524600000,LONG,-5.404744038686006,0.2692707547958069,5.054744038686007,True,CHZ/USDT,0.0686975309360645,39.0,2025-02-02 19:30:00,2025,МЕДВЕДЬ,-21.919698802401733
1738524600000,LONG,-5.402073559767303,0.2465675190305043,5.052073559767304,True,DOT/USDT,0.0473779764891253,6.0,2025-02-02 19:30:00,2025,МЕДВЕДЬ,-21.919698802401733
1738524600000,LONG,-5.394822711744605,-0.1855969303520388,5.044822711744605,True,FET/USDT,-0.04096288848284,21.0,2025-02-02 19:30:00,2025,МЕДВЕДЬ,-21.919698802401733
1738524600000,LONG,-5.293178095015218,-0.2565666410524079,4.943178095015218,False,ENJ/USDT,0.0213966212752865,11.4,2025-02-02 19:30:00,2025,МЕДВЕДЬ,-21.919698802401733
1738524600000,LONG,-5.27232524964336,0.1569821218060215,4.92232524964336,False,CKB/USDT,0.0399720503019711,25.0,2025-02-02 19:30:00,2025,МЕДВЕДЬ,-21.919698802401733
1738524600000,LONG,-5.241447368421049,0.0448447562690602,4.8914473684210495,False,BICO/USDT,-0.0436676455998258,,2025-02-02 19:30:00,2025,МЕДВЕДЬ,-21.919698802401733
1738524600000,LONG,-5.198881506090806,0.5611610281128687,4.848881506090806,True,AXS/USDT,0.013692807461161,19.0,2025-02-02 19:30:00,2025,МЕДВЕДЬ,-21.919698802401733
1738524600000,LONG,-5.192048776877252,0.4535623198570631,4.842048776877252,True,AAVE/USDT,-0.0362132992058718,34.0,2025-02-02 19:30:00,2025,МЕДВЕДЬ,-21.919698802401733
1738524600000,LONG,-5.157712765957447,0.5439243305032861,4.807712765957447,False,CTSI/USDT,-0.0070003440067195,,2025-02-02 19:30:00,2025,МЕДВЕДЬ,-21.919698802401733
1738524600000,LONG,-5.095222929936302,0.2407763156758626,4.745222929936302,False,CELO/USDT,-0.0311455560728952,10.6,2025-02-02 19:30:00,2025,МЕДВЕДЬ,-21.919698802401733
1738524600000,LONG,-5.0670886075949255,-0.397510008590389,4.717088607594926,False,GAS/USDT,-0.0449886949585933,5.6000000000000005,2025-02-02 19:30:00,2025,МЕДВЕДЬ,-21.919698802401733
1738524600000,LONG,-5.051199372056527,0.1424365745689869,4.701199372056527,True,1000SHIB/USDT,0.0072008357276047,,2025-02-02 19:30:00,2025,МЕДВЕДЬ,-21.919698802401733
1738524600000,LONG,-5.042911877394644,0.2732280639409659,4.6929118773946445,True,ARB/USDT,-0.0019774396228058,4.0,2025-02-02 19:30:00,2025,МЕДВЕДЬ,-21.919698802401733
1738524600000,LONG,-4.986895333252096,0.1181263957951746,4.636895333252096,True,ADA/USDT,-0.0015340540815516,18.6,2025-02-02 19:30:00,2025,МЕДВЕДЬ,-21.919698802401733
1738524600000,LONG,-4.963023637857058,0.4032058919051498,4.613023637857058,False,ACE/USDT,0.0370692803339602,3.8,2025-02-02 19:30:00,2025,МЕДВЕДЬ,-21.919698802401733
1738524600000,LONG,-4.95918120805369,0.2196787268311503,4.60918120805369,False,EDU/USDT,0.0509011531665355,14.6,2025-02-02 19:30:00,2025,МЕДВЕДЬ,-21.919698802401733
1738524600000,LONG,-4.9264812795347295,-0.1464577219704227,4.57648127953473,False,1INCH/USDT,-0.0431701582451993,15.2,2025-02-02 19:30:00,2025,МЕДВЕДЬ,-21.919698802401733
1738524600000,LONG,-4.91221225710014,0.0868700512460775,4.56221225710014,True,1000PEPE/USDT,0.0019683398063307,11.0,2025-02-02 19:30:00,2025,МЕДВЕДЬ,-21.919698802401733
1738524600000,LONG,-4.820832904708021,-0.1221533959846272,4.470832904708021,True,ENS/USDT,-0.0153680487794675,11.6,2025-02-02 19:30:00,2025,МЕДВЕДЬ,-21.919698802401733
1738524600000,LONG,-4.789457057557462,0.010893606822421,4.439457057557463,True,AVAX/USDT,0.0013548650451469,23.4,2025-02-02 19:30:00,2025,МЕДВЕДЬ,-21.919698802401733
1738524600000,LONG,-4.770448898459502,-0.8929849904073291,4.420448898459503,False,AGLD/USDT,-0.0630833310229194,51.2,2025-02-02 19:30:00,2025,МЕДВЕДЬ,-21.919698802401733
1738524600000,LONG,-4.723700323815128,0.1032555414232882,4.373700323815128,True,CAKE/USDT,0.0752811041265815,3.2,2025-02-02 19:30:00,2025,МЕДВЕДЬ,-21.919698802401733
1738524600000,LONG,-4.719934201691966,-0.0673651263950763,4.369934201691966,False,BLUR/USDT,0.0162851838433857,22.8,2025-02-02 19:30:00,2025,МЕДВЕДЬ,-21.919698802401733
1738524600000,LONG,-4.70434380776341,0.0741247355438387,4.35434380776341,False,FLOW/USDT,-0.0217743077805078,21.2,2025-02-02 19:30:00,2025,МЕДВЕДЬ,-21.919698802401733
1738524600000,LONG,-4.7038754764930095,-0.1508309531451109,4.35387547649301,False,ALICE/USDT,-0.0048888300972027,0.8,2025-02-02 19:30:00,2025,МЕДВЕДЬ,-21.919698802401733
1738524600000,LONG,-4.69318662310206,0.489036920749326,4.34318662310206,True,ATOM/USDT,0.0516629184139534,2.6,2025-02-02 19:30:00,2025,МЕДВЕДЬ,-21.919698802401733
1738524600000,LONG,-4.631707005778202,0.2552857615994219,4.281707005778203,False,ASTR/USDT,-0.0597595604471429,8.0,2025-02-02 19:30:00,2025,МЕДВЕДЬ,-21.919698802401733
1738524600000,LONG,-4.524842641622549,0.189175141127602,4.17484264162255,False,AUCTION/USDT,-0.0263935185188408,9.0,2025-02-02 19:30:00,2025,МЕДВЕДЬ,-21.919698802401733
1738524600000,LONG,-4.46444285031086,-0.2263233186850073,4.11444285031086,False,ARK/USDT,-0.0578400731449161,37.4,2025-02-02 19:30:00,2025,МЕДВЕДЬ,-21.919698802401733
1738524600000,LONG,-4.4464876921423215,0.3612909396641126,4.096487692142322,True,BCH/USDT,0.0553598845985274,32.4,2025-02-02 19:30:00,2025,МЕДВЕДЬ,-21.919698802401733
1738548900000,LONG,4.493093649617016,-0.0200844013353316,10.819372374598462,True,ATOM/USDT,-0.018899757317208,1.2,2025-02-03 02:15:00,2025,МЕДВЕДЬ,-32.92287658332871
1738548900000,LONG,6.064030692139059,-0.5122837244027736,11.634512997181334,True,1000BONK/USDT,-0.05014298654324,14.000000000000002,2025-02-03 02:15:00,2025,МЕДВЕДЬ,-32.92287658332871
1738548900000,LONG,8.125439043013483,-0.26284158267973,10.881547467548993,False,AUCTION/USDT,-0.0815585571112366,9.2,2025-02-03 02:15:00,2025,МЕДВЕДЬ,-32.92287658332871
1738548900000,LONG,8.547873597164795,-0.5287371693169491,8.897873597164795,False,ARK/USDT,-0.0995049098322785,37.4,2025-02-03 02:15:00,2025,МЕДВЕДЬ,-32.92287658332871
1738548900000,LONG,9.595608983587658,-0.0229846725180434,9.945608983587666,False,BSV/USDT,-0.0048126382339105,5.800000000000001,2025-02-03 02:15:00,2025,МЕДВЕДЬ,-32.92287658332871
1738548900000,LONG,10.00952268431002,0.0335642788760718,10.35952268431002,True,DOT/USDT,-0.0017363244683386,2.4,2025-02-03 02:15:00,2025,МЕДВЕДЬ,-32.92287658332871
1738548900000,LONG,10.36452229299363,0.1679769851863247,10.71452229299363,False,BAT/USDT,-0.0416645178150923,19.0,2025-02-03 02:15:00,2025,МЕДВЕДЬ,-32.92287658332871
1738548900000,LONG,10.615973985992452,-0.0943024223503912,10.965973985992452,True,1000SHIB/USDT,-0.0219588972614095,,2025-02-03 02:15:00,2025,МЕДВЕДЬ,-32.92287658332871
1738548900000,LONG,10.907903670698069,0.2194020178180698,11.257903670698068,False,COMP/USDT,-0.0324234302691769,0.6,2025-02-03 02:15:00,2025,МЕДВЕДЬ,-32.92287658332871
1738548900000,LONG,11.560837040032348,0.1934556497374975,11.910837040032348,True,ALGO/USDT,0.0387304496177802,15.4,2025-02-03 02:15:00,2025,МЕДВЕДЬ,-32.92287658332871
1738549800000,LONG,3.89403183023873,0.0703198927648528,11.142705570291774,False,CELO/USDT,0.0024688200511908,9.0,2025-02-03 02:30:00,2025,МЕДВЕДЬ,-32.95129944542718
1738549800000,LONG,4.781362889983573,-1.1842609973923364,11.503971674876846,False,AGLD/USDT,-0.0114777545740994,51.0,2025-02-03 02:30:00,2025,МЕДВЕДЬ,-32.95129944542718
1738549800000,LONG,7.769843682153711,0.0597488099543689,11.425879287885364,False,1INCH/USDT,-0.0715468039677818,12.0,2025-02-03 02:30:00,2025,МЕДВЕДЬ,-32.95129944542718
1738549800000,LONG,9.057943782462573,-0.4191131463516331,9.407943782462572,False,GAS/USDT,-0.0478801321823909,7.6,2025-02-03 02:30:00,2025,МЕДВЕДЬ,-32.95129944542718
1738549800000,LONG,10.809044585987264,0.1125547197709004,11.159044585987264,False,CYBER/USDT,-0.031525749845277,9.6,2025-02-03 02:30:00,2025,МЕДВЕДЬ,-32.95129944542718
1738549800000,LONG,10.971084953940627,0.2182253528273799,11.321084953940629,True,CHZ/USDT,0.0048788430737559,20.0,2025-02-03 02:30:00,2025,МЕДВЕДЬ,-32.95129944542718
1738550700000,LONG,5.517215645908393,0.1686416495189712,11.988965517241382,True,AR/USDT,-0.0039753013122872,22.2,2025-02-03 02:45:00,2025,МЕДВЕДЬ,-32.82284962316067
1738550700000,LONG,10.553631647211413,0.0789232998939772,10.90363164721141,False,BIGTIME/USDT,-0.0068066599770319,3.0,2025-02-03 02:45:00,2025,МЕДВЕДЬ,-32.82284962316067
1738550700000,LONG,11.249508383811772,-0.2464165559644359,11.599508383811772,True,DOGE/USDT,-0.0809522115846886,21.0,2025-02-03 02:45:00,2025,МЕДВЕДЬ,-32.82284962316067
1738550700000,LONG,11.447246127366594,-0.1047921435396293,11.797246127366606,False,BLUR/USDT,0.0181736706689064,5.800000000000001,2025-02-03 02:45:00,2025,МЕДВЕДЬ,-32.82284962316067
1738550700000,LONG,11.530107724887213,0.069605549303386,11.880107724887212,True,AAVE/USDT,-0.0243468682199263,15.6,2025-02-03 02:45:00,2025,МЕДВЕДЬ,-32.82284962316067
1738551600000,LONG,-6.164240305149384,-0.4013428544950916,5.814240305149385,False,BICO/USDT,-0.0109839830696046,,2025-02-03 03:00:00,2025,МЕДВЕДЬ,-31.681418351601252
1738551600000,LONG,-4.709703860391322,0.0665747366355238,4.359703860391322,True,AXS/USDT,-0.0324201404161304,7.199999999999999,2025-02-03 03:00:00,2025,МЕДВЕДЬ,-31.681418351601252
1738551600000,LONG,4.488899446767182,-0.1528471456079173,4.838899446767182,True,AVAX/USDT,-0.0027885870015527,15.8,2025-02-03 03:00:00,2025,МЕДВЕДЬ,-31.681418351601252
1738551600000,LONG,4.697619047619067,-0.2395949932684319,5.047619047619067,False,ANKR/USDT,-0.0011012668849,6.0,2025-02-03 03:00:00,2025,МЕДВЕДЬ,-31.681418351601252
1738551600000,LONG,5.07254995242626,-0.7486074390953049,5.42254995242626,False,CHR/USDT,-0.0430847491547167,17.2,2025-02-03 03:00:00,2025,МЕДВЕДЬ,-31.681418351601252
1738551600000,LONG,5.13525824964132,0.1339605975699415,5.48525824964132,False,CKB/USDT,0.040015213642364,25.0,2025-02-03 03:00:00,2025,МЕДВЕДЬ,-31.681418351601252
1738551600000,LONG,5.155575221238941,0.1994212004133393,5.50557522123894,False,DASH/USDT,0.0438515988739608,7.199999999999999,2025-02-03 03:00:00,2025,МЕДВЕДЬ,-31.681418351601252
1738551600000,LONG,5.320443251838592,-0.3813377462526822,5.670443251838591,False,ENJ/USDT,0.0204922614513068,6.4,2025-02-03 03:00:00,2025,МЕДВЕДЬ,-31.681418351601252
1738551600000,LONG,5.409291377601591,-0.1557730929215501,5.759291377601591,True,ENS/USDT,0.0060165228513162,0.2,2025-02-03 03:00:00,2025,МЕДВЕДЬ,-31.681418351601252
1738551600000,LONG,6.568238993710699,0.1012512794371677,7.40649895178197,True,CRV/USDT,0.0124663511439131,11.2,2025-02-03 03:00:00,2025,МЕДВЕДЬ,-31.681418351601252
1738551600000,LONG,6.792453689644699,-0.0587981580365864,7.142453689644698,True,CAKE/USDT,0.2397523996070113,2.0,2025-02-03 03:00:00,2025,МЕДВЕДЬ,-31.681418351601252
1738551600000,LONG,8.684630111808863,-0.1945379735109419,9.034630111808864,True,ADA/USDT,0.1189919138329904,0.2,2025-02-03 03:00:00,2025,МЕДВЕДЬ,-31.681418351601252
1738552500000,LONG,3.815962526224392,0.1116698342821848,4.165962526224392,True,BNB/USDT,0.0713190376707802,11.2,2025-02-03 03:15:00,2025,МЕДВЕДЬ,-32.22884338471983
1738552500000,LONG,4.188378271993704,0.0705790349548385,4.538378271993704,False,ASTR/USDT,-0.0238019767959307,0.8,2025-02-03 03:15:00,2025,МЕДВЕДЬ,-32.22884338471983
1738552500000,LONG,5.893701671239704,-0.0460912766190308,6.243701671239704,True,ARB/USDT,0.0344087287342205,0.8,2025-02-03 03:15:00,2025,МЕДВЕДЬ,-32.22884338471983
1738553400000,LONG,4.724273447820348,0.180931767537597,5.074273447820348,True,APE/USDT,-0.000617595793038,20.6,2025-02-03 03:30:00,2025,МЕДВЕДЬ,-32.08978493508797
1738553400000,LONG,5.127993152488806,0.6611442301683415,5.477993152488805,True,ETC/USDT,0.029867762431908,4.8,2025-02-03 03:30:00,2025,МЕДВЕДЬ,-32.08978493508797
1738554300000,LONG,4.865190054301234,-0.2610908965852869,5.2151900543012335,True,ARKM/USDT,0.016159945442289,0.2,2025-02-03 03:45:00,2025,МЕДВЕДЬ,-31.38354174530113
1738554300000,LONG,4.949705014749274,-0.518992736064508,5.299705014749273,True,DYDX/USDT,-0.0288538207117949,7.399999999999999,2025-02-03 03:45:00,2025,МЕДВЕДЬ,-31.38354174530113
1738554300000,LONG,5.041930541368741,-0.141268445593188,5.39193054136874,True,GALA/USDT,0.0089854618108242,13.8,2025-02-03 03:45:00,2025,МЕДВЕДЬ,-31.38354174530113
1738612800000,SHORT,-4.452843601895716,0.0666579833412619,4.102843601895716,True,AAVE/USDT,0.0597695761038251,11.6,2025-02-03 20:00:00,2025,МЕДВЕДЬ,-18.18220062130584
1738612800000,SHORT,2.7763569257490097,0.0962581911364573,8.829293598738486,False,ACH/USDT,0.070168539274802,15.6,2025-02-03 20:00:00,2025,МЕДВЕДЬ,-18.18220062130584
1738624500000,SHORT,4.1364347826086885,0.4459465943279493,4.486434782608688,True,CRV/USDT,0.0504996653754365,2.0,2025-02-03 23:15:00,2025,МЕДВЕДЬ,-17.75918633653022
1738632600000,SHORT,4.572348860257667,-1.6032831221003263,4.922348860257666,False,ARPA/USDT,0.072371312023607,16.8,2025-02-04 01:30:00,2025,МЕДВЕДЬ,-17.890970085768192
1738681200000,SHORT,-7.926826712041617,0.094634700234521,7.576826712041617,False,ACH/USDT,0.0835031767603484,4.0,2025-02-04 15:00:00,2025,МЕДВЕДЬ,-21.732709901848345
1738698300000,SHORT,0.5738167552518371,0.2756962409027015,4.5584978486459145,True,1000SHIB/USDT,0.0974384085547518,,2025-02-04 19:45:00,2025,МЕДВЕДЬ,-20.559534129885794
1738698300000,SHORT,0.5933962264150952,0.5500972460025644,4.084905660377347,False,CELO/USDT,0.0632896406134205,10.0,2025-02-04 19:45:00,2025,МЕДВЕДЬ,-20.559534129885794
1738698300000,SHORT,4.308993115318403,0.0549282455757502,4.6589931153184025,False,ANKR/USDT,0.0828050163187863,9.6,2025-02-04 19:45:00,2025,МЕДВЕДЬ,-20.559534129885794
1738758600000,SHORT,3.863817172651571,-1.292491442846665,4.213817172651571,False,AGLD/USDT,0.1181385445772754,47.6,2025-02-05 12:30:00,2025,МЕДВЕДЬ,-18.034118049469072
1738950300000,SHORT,4.129166666666661,-1.65699176749179,4.479166666666661,False,ARPA/USDT,0.0584831107059893,1.6,2025-02-07 17:45:00,2025,МЕДВЕДЬ,-28.07466404214797
1738989900000,SHORT,3.062391093901259,-0.9240264017100271,5.243796385930932,False,AGLD/USDT,0.082594557585158,29.8,2025-02-08 04:45:00,2025,МЕДВЕДЬ,-28.734995963723648
1739027700000,SHORT,-4.842646110179314,0.279834421487857,4.492646110179314,True,CAKE/USDT,-0.0579873884431478,0.0,2025-02-08 15:15:00,2025,МЕДВЕДЬ,-25.331521543404584
1739043900000,SHORT,0.1443968358602509,-0.4981796818192605,5.7546802900461325,False,EDU/USDT,0.0827011578507409,14.4,2025-02-08 19:45:00,2025,МЕДВЕДЬ,-22.220189933802093
1739059200000,SHORT,0.5530704394942855,0.010661791583351,6.897095123419604,False,BIGTIME/USDT,0.0165047799520798,4.4,2025-02-09 00:00:00,2025,МЕДВЕДЬ,-20.13559632607252
1739075400000,SHORT,3.8697934595524734,0.6007992712193249,4.219793459552474,False,AUCTION/USDT,0.0797312879995781,11.6,2025-02-09 04:30:00,2025,МЕДВЕДЬ,-16.750100503746683
1739088000000,SHORT,7.385839523015513,0.771142387809853,9.2500176848062,True,CAKE/USDT,0.0577946053886817,6.2,2025-02-09 08:00:00,2025,МЕДВЕДЬ,-16.009892043296546
1739098800000,SHORT,4.515070828961163,0.2091553504777068,4.865070828961163,False,COTI/USDT,0.0126757381006598,3.2,2025-02-09 11:00:00,2025,МЕДВЕДЬ,-15.948580494294063
1739140200000,LONG,-5.572676729849635,0.1914030897761258,5.222676729849636,True,CAKE/USDT,0.0042128561677363,5.2,2025-02-09 22:30:00,2025,МЕДВЕДЬ,-4.722877493202954
1739140200000,LONG,-4.760522126711245,0.4753851849668242,4.410522126711245,False,CKB/USDT,0.0684592526017681,27.4,2025-02-09 22:30:00,2025,МЕДВЕДЬ,-4.722877493202954
1739140200000,LONG,-4.407131895302239,-0.998966058176102,4.05713189530224,False,AGLD/USDT,-0.0071842885256089,11.6,2025-02-09 22:30:00,2025,МЕДВЕДЬ,-4.722877493202954
1739140200000,LONG,-0.6463221195746846,-0.8664017779677003,5.177543431526342,True,1000BONK/USDT,0.061761332376655,8.0,2025-02-09 22:30:00,2025,МЕДВЕДЬ,-4.722877493202954
1739140200000,LONG,-0.5866303833412168,0.0223548290866378,4.200552137561132,False,BIGTIME/USDT,0.0023807482988083,4.8,2025-02-09 22:30:00,2025,МЕДВЕДЬ,-4.722877493202954
1739140200000,LONG,-0.3672294968986958,-0.5107608236034777,4.242307029634735,False,ENJ/USDT,0.0092551177514972,3.4000000000000004,2025-02-09 22:30:00,2025,МЕДВЕДЬ,-4.722877493202954
1739140200000,LONG,-0.1256841633019338,0.5210697848599448,5.94698295199642,True,AR/USDT,0.0417120303638039,6.2,2025-02-09 22:30:00,2025,МЕДВЕДЬ,-4.722877493202954
1739140200000,LONG,-0.0013328084579921,-0.0706645339206556,4.650871667978864,False,ACE/USDT,0.1112858988504496,7.000000000000001,2025-02-09 22:30:00,2025,МЕДВЕДЬ,-4.722877493202954
1739140200000,LONG,0.3419470114262349,0.4328073454251753,4.84770337324168,False,EGLD/USDT,0.0269410929822227,9.4,2025-02-09 22:30:00,2025,МЕДВЕДЬ,-4.722877493202954
1739140200000,LONG,0.4608762304340831,0.1905583715811427,4.539301274810384,True,ENS/USDT,0.0239382029907975,33.800000000000004,2025-02-09 22:30:00,2025,МЕДВЕДЬ,-4.722877493202954
1739140200000,LONG,0.5087786259541967,0.2443785578194979,4.295610687022914,False,CTSI/USDT,0.0402307902484896,,2025-02-09 22:30:00,2025,МЕДВЕДЬ,-4.722877493202954
1739140200000,LONG,0.5670343455316251,-0.1668529371805888,4.362522709576942,False,DUSK/USDT,-0.0243176147999211,17.599999999999998,2025-02-09 22:30:00,2025,МЕДВЕДЬ,-4.722877493202954
1739140200000,LONG,1.0482642237222932,0.4947876321012646,4.1697444551591,True,AXS/USDT,0.0291738316643422,18.2,2025-02-09 22:30:00,2025,МЕДВЕДЬ,-4.722877493202954
1739140200000,LONG,1.3769372693727,0.7556941419321613,4.346863468634683,True,ADA/USDT,0.0113246624866232,0.6,2025-02-09 22:30:00,2025,МЕДВЕДЬ,-4.722877493202954
1739140200000,LONG,1.3927736506707,0.0827273676481241,4.680720346442284,False,ACH/USDT,-0.0472916504854046,19.0,2025-02-09 22:30:00,2025,МЕДВЕДЬ,-4.722877493202954
1739140200000,LONG,1.598842874543242,0.038483031304944,4.1252740560292285,False,CYBER/USDT,0.0458440383423164,12.6,2025-02-09 22:30:00,2025,МЕДВЕДЬ,-4.722877493202954
1739140200000,LONG,2.0824120792228413,0.3451235452904618,4.136636794939381,False,BLUR/USDT,0.0771314173136962,2.6,2025-02-09 22:30:00,2025,МЕДВЕДЬ,-4.722877493202954
1739140200000,LONG,2.2120996719262567,-0.3200602611147125,5.2997969067333335,True,ARKM/USDT,-0.0390760980060237,8.200000000000001,2025-02-09 22:30:00,2025,МЕДВЕДЬ,-4.722877493202954
1739140200000,LONG,2.581596091205222,-0.0160305685789736,4.985760818985559,True,GALA/USDT,0.0574993940570177,25.4,2025-02-09 22:30:00,2025,МЕДВЕДЬ,-4.722877493202954
1739140200000,LONG,3.737153222364496,-0.208676698077086,4.087153222364496,True,DOT/USDT,0.0248357905580389,31.0,2025-02-09 22:30:00,2025,МЕДВЕДЬ,-4.722877493202954
1739179800000,SHORT,3.083109346365311,0.4144175872118144,4.160048869883924,False,COTI/USDT,0.0826891716499427,0.2,2025-02-10 09:30:00,2025,МЕДВЕДЬ,5.3506878837562555
1739228400000,SHORT,-5.088292011019288,-0.5166230762534392,11.07603305785123,False,CYBER/USDT,-0.1219579930780603,12.6,2025-02-10 23:00:00,2025,МЕДВЕДЬ,-5.907364606444437
1739367000000,SHORT,-5.643749999999994,-0.1544380127143806,5.293749999999994,False,CYBER/USDT,-0.1166200196453023,12.6,2025-02-12 13:30:00,2025,НЕЙТРАЛЬ,-3.4940211982132983
1739376900000,SHORT,-6.510281976374944,0.1590889987770944,6.160281976374944,True,CAKE/USDT,0.0431878307709442,13.0,2025-02-12 16:15:00,2025,НЕЙТРАЛЬ,0.3795623848664498
1739402100000,SHORT,-1.7908586341248234,0.2569344445768546,4.263188267293961,True,ENS/USDT,-0.0478052328851998,13.4,2025-02-12 23:15:00,2025,НЕЙТРАЛЬ,7.8139367310645635
1739421900000,SHORT,3.7153932584269698,0.4251589502625749,4.06539325842697,True,CAKE/USDT,0.0651345816292499,13.0,2025-02-13 04:45:00,2025,НЕЙТРАЛЬ,5.074377389258666
1739476800000,SHORT,5.491436464088382,-0.0437110875633349,5.841436464088382,False,AUCTION/USDT,-0.0162862573627679,0.2,2025-02-13 20:00:00,2025,НЕЙТРАЛЬ,9.3713244378552
1739534400000,SHORT,-4.740785498489415,-0.9446195574484704,4.390785498489415,True,1000BONK/USDT,-0.0525802483186895,20.6,2025-02-14 12:00:00,2025,НЕЙТРАЛЬ,7.015534470558693
1739557800000,SHORT,-0.0016893068617267,0.0187790697606599,4.32923487751073,False,COTI/USDT,0.0212073162010566,9.6,2025-02-14 18:30:00,2025,НЕЙТРАЛЬ,9.442682031208594
1739613600000,SHORT,1.6960075204600795,0.0467039920303962,4.626144658261431,False,COTI/USDT,-0.0928357456046025,1.2,2025-02-15 10:00:00,2025,НЕЙТРАЛЬ,9.909963134511768
1739699100000,SHORT,1.2837059329320717,0.4567255254824618,5.733276010318132,False,CTSI/USDT,-0.1723249838487148,,2025-02-16 09:45:00,2025,НЕЙТРАЛЬ,2.800407039214947
1739702700000,SHORT,-4.635920590302168,0.3672556035415024,4.285920590302168,False,ACH/USDT,-0.1690892579633126,12.2,2025-02-16 10:45:00,2025,НЕЙТРАЛЬ,2.41786989483298
1739702700000,SHORT,2.773680878007588,0.1086860254425182,4.618531025749256,False,ANKR/USDT,-0.1563591539120015,3.6,2025-02-16 10:45:00,2025,НЕЙТРАЛЬ,2.41786989483298
1739721600000,SHORT,-0.8969880368423013,0.2183627608281984,4.4164872781169535,True,CAKE/USDT,0.0271902211609752,8.4,2025-02-16 16:00:00,2025,НЕЙТРАЛЬ,2.8262269741079593
1739778300000,SHORT,5.81516190476188,0.4691854788887758,6.16516190476188,False,ARK/USDT,0.1827925785608966,8.200000000000001,2025-02-17 07:45:00,2025,НЕЙТРАЛЬ,2.134143537677713
1739782800000,SHORT,-5.30748855461084,-0.3263744222019459,4.9574885546108405,False,AGLD/USDT,-0.0460009638466726,37.4,2025-02-17 09:00:00,2025,НЕЙТРАЛЬ,2.8935037613158188
1739801700000,SHORT,2.299628864042093,0.342143697854418,8.357549563093087,False,API3/USDT,0.1024196676712771,8.0,2025-02-17 14:15:00,2025,НЕЙТРАЛЬ,4.629405811652642
1739804400000,SHORT,4.46166300366299,0.2815564108669344,4.811663003662989,False,CKB/USDT,0.0203521675318453,18.6,2025-02-17 15:00:00,2025,НЕЙТРАЛЬ,4.9497594812490275
1739806200000,SHORT,3.869143736246603,-0.3603721383950132,4.219143736246603,True,1000PEPE/USDT,-0.0477725157196717,13.4,2025-02-17 15:30:00,2025,НЕЙТРАЛЬ,4.146850036973948
1739855700000,SHORT,-5.647681302417358,0.0790931382934405,5.297681302417359,False,ACH/USDT,0.0388256498451547,1.7999999999999998,2025-02-18 05:15:00,2025,НЕЙТРАЛЬ,-4.684925301389287
1740026700000,SHORT,3.961171428992893,0.5924183118369765,4.311171428992893,True,APT/USDT,0.0193646560777925,9.6,2025-02-20 04:45:00,2025,НЕЙТРАЛЬ,-3.086000992110688
1740084300000,SHORT,0.6323704333050187,-0.0748179050439896,6.829725998300733,False,ACH/USDT,0.0683281058202238,6.4,2025-02-20 20:45:00,2025,НЕЙТРАЛЬ,-0.035312430283135354
1740098700000,SHORT,4.0434476723836,-0.0102495826089582,4.3934476723836,False,AGLD/USDT,-0.0045820995336375,13.0,2025-02-21 00:45:00,2025,НЕЙТРАЛЬ,-0.4501959635257291
1740114900000,SHORT,-3.669901089843392,0.1491171557182493,10.165573770491791,False,ASTR/USDT,-0.1897352660971905,0.0,2025-02-21 05:15:00,2025,НЕЙТРАЛЬ,0.20930857440095707
1740226500000,SHORT,-0.9388650963597562,-1.5927489515260234,5.696225910064247,False,ARPA/USDT,0.022274279512788,16.400000000000002,2025-02-22 12:15:00,2025,НЕЙТРАЛЬ,-2.557936335067612
1740268800000,SHORT,0.5373622441677377,-0.5782299180543732,4.10413625304135,True,ARKM/USDT,0.0506231572959875,15.6,2025-02-23 00:00:00,2025,НЕЙТРАЛЬ,0.5815316274306426
1740312900000,SHORT,-4.037603058012285,-0.5725042171296518,6.3591965222605085,False,AUCTION/USDT,-0.0066608951451572,21.4,2025-02-23 12:15:00,2025,НЕЙТРАЛЬ,-1.826154862738033
1740436200000,LONG,-4.905088640840449,-0.4955614021350415,4.55508864084045,False,CYBER/USDT,-0.0548990381402803,7.6,2025-02-24 22:30:00,2025,НЕЙТРАЛЬ,-10.044914875690015
1740436200000,LONG,-4.816567164179098,-0.0612651747674261,4.466567164179098,True,ALGO/USDT,0.0395748983083055,14.6,2025-02-24 22:30:00,2025,НЕЙТРАЛЬ,-10.044914875690015
1740436200000,LONG,-4.739912575655693,0.3946783427612209,4.389912575655694,True,ATOM/USDT,0.0126279921301232,2.0,2025-02-24 22:30:00,2025,НЕЙТРАЛЬ,-10.044914875690015
1740438000000,LONG,-1.26301039817398,0.3489646077032864,4.244509256910984,True,AR/USDT,-0.0211885766801374,8.0,2025-02-24 23:00:00,2025,НЕЙТРАЛЬ,-11.370653522743801
1740438000000,LONG,0.2827320804608594,-0.0705037170685681,5.007715553876673,False,ENJ/USDT,-0.001199363583823,4.2,2025-02-24 23:00:00,2025,НЕЙТРАЛЬ,-11.370653522743801
1740439800000,LONG,-0.7422337713277168,0.0292340723045943,4.308334967640719,False,COMP/USDT,-0.0761269516267602,4.4,2025-02-24 23:30:00,2025,НЕЙТРАЛЬ,-11.298549130756697
1740442500000,LONG,-0.9693560588151886,-0.3542464848810954,4.089834995981277,True,DOGE/USDT,-0.0542735646340588,34.8,2025-02-25 00:15:00,2025,НЕЙТРАЛЬ,-11.521758639424101
1740469500000,LONG,4.579254345837141,-0.1697710092283607,4.9292543458371405,False,ACE/USDT,-0.064211204260804,12.0,2025-02-25 07:45:00,2025,НЕЙТРАЛЬ,-12.028084597373512
1740470400000,LONG,-0.1731608730800208,-0.5208873421730981,4.606967461600633,True,AAVE/USDT,-0.0443448783958479,26.6,2025-02-25 08:00:00,2025,НЕЙТРАЛЬ,-11.050519521722746
1740470400000,LONG,0.1088775150017645,-0.6270966479055757,4.52308506883162,False,CKB/USDT,-0.0343856800892203,7.399999999999999,2025-02-25 08:00:00,2025,НЕЙТРАЛЬ,-11.050519521722746
1740470400000,LONG,0.3050218340611359,-0.3267952370864893,4.218340611353712,False,FLOW/USDT,-0.1222909761255414,20.0,2025-02-25 08:00:00,2025,НЕЙТРАЛЬ,-11.050519521722746
1740470400000,LONG,0.7915525114155261,0.4452849558425027,4.511073059360718,False,CTSI/USDT,0.0043642583310427,,2025-02-25 08:00:00,2025,НЕЙТРАЛЬ,-11.050519521722746
1740470400000,LONG,1.024775851763294,-0.5083492832289616,4.113986849970112,False,GAS/USDT,-0.046344727977826,14.4,2025-02-25 08:00:00,2025,НЕЙТРАЛЬ,-11.050519521722746
1740470400000,LONG,1.421921853702869,-0.2242186728119013,5.373330304407086,True,ALGO/USDT,-0.0429988199661854,14.000000000000002,2025-02-25 08:00:00,2025,НЕЙТРАЛЬ,-11.050519521722746
1740470400000,LONG,1.5228437654016846,-0.3844546549714424,4.7223755544603145,False,ANKR/USDT,-0.0885070959794362,3.4000000000000004,2025-02-25 08:00:00,2025,НЕЙТРАЛЬ,-11.050519521722746
1740470400000,LONG,1.7620811039143829,0.0987946992527744,5.185328076598148,True,AXS/USDT,-0.066123194977523,11.8,2025-02-25 08:00:00,2025,НЕЙТРАЛЬ,-11.050519521722746
1740470400000,LONG,1.895044184380216,-0.5214273834129501,4.490876522569865,False,ARK/USDT,-0.1335502749992602,39.6,2025-02-25 08:00:00,2025,НЕЙТРАЛЬ,-11.050519521722746
1740470400000,LONG,3.795936981757881,0.125025693725195,5.094859038142625,False,ALICE/USDT,-0.0624623124001457,16.400000000000002,2025-02-25 08:00:00,2025,НЕЙТРАЛЬ,-11.050519521722746
1740705300000,SHORT,5.341588018054971,-0.7060951850924349,5.69158801805497,False,CKB/USDT,-0.0007322459325231,19.6,2025-02-28 01:15:00,2025,МЕДВЕДЬ,-11.59278843341514
1740793500000,LONG,3.9993355233686674,-0.7810532843003629,4.349335523368668,False,CKB/USDT,-0.0680688102520528,4.6,2025-03-01 01:45:00,2025,МЕДВЕДЬ,-8.755158276945373
1741012200000,SHORT,4.877715754031541,-0.1997987537962681,5.907770689349631,True,BCH/USDT,-0.037425771607941,45.6,2025-03-03 14:30:00,2025,МЕДВЕДЬ,-3.3262176926961375
1741056300000,LONG,-1.562686567164188,-0.0702010845072837,4.196856343283583,False,DUSK/USDT,0.0594313986115435,0.8,2025-03-04 02:45:00,2025,МЕДВЕДЬ,-9.846087551171445
1741056300000,LONG,0.0683304810800493,-0.318103900195478,4.224301197946378,True,ARKM/USDT,-0.003702517203467,0.4,2025-03-04 02:45:00,2025,МЕДВЕДЬ,-9.846087551171445
1741056300000,LONG,0.373472668810299,-0.6056251444372096,4.146945337620565,True,ARB/USDT,-0.0327531400920639,0.2,2025-03-04 02:45:00,2025,МЕДВЕДЬ,-9.846087551171445
1741056300000,LONG,0.5478382147838193,0.0063160148064689,4.054393305439321,False,AGLD/USDT,-0.0507208633537138,29.2,2025-03-04 02:45:00,2025,МЕДВЕДЬ,-9.846087551171445
1741056300000,LONG,1.418273876837668,-0.0299982153496585,4.143682533155124,True,CFX/USDT,0.0341352780878232,1.7999999999999998,2025-03-04 02:45:00,2025,МЕДВЕДЬ,-9.846087551171445
1741056300000,LONG,2.939836427127371,0.0873012612593769,4.917607057526183,True,APE/USDT,0.0291721119720269,0.8,2025-03-04 02:45:00,2025,МЕДВЕДЬ,-9.846087551171445
1741099500000,SHORT,-4.495568824638585,0.136328462384952,4.145568824638586,False,COMP/USDT,0.0692522079889155,13.6,2025-03-04 14:45:00,2025,МЕДВЕДЬ,-7.8317941656314005
1741182300000,SHORT,-2.5454161640530755,-0.4535614391382163,5.381544028950532,True,ARB/USDT,-0.0509971215416175,3.0,2025-03-05 13:45:00,2025,МЕДВЕДЬ,-6.69650782147016
1741210200000,SHORT,-0.3020636594602349,0.1214995837864369,4.237764249077197,True,APT/USDT,0.0429275058654488,13.6,2025-03-05 21:30:00,2025,МЕДВЕДЬ,-5.890349762310354
1741239900000,SHORT,3.891468459152011,-0.4183850549626819,4.241468459152011,False,ARK/USDT,-0.0069890606684862,19.2,2025-03-06 05:45:00,2025,МЕДВЕДЬ,-4.813108919886233
1741240800000,SHORT,2.21334271743962,0.4031175813788247,4.027749790092351,True,BCH/USDT,-0.0083728106898122,48.6,2025-03-06 06:00:00,2025,МЕДВЕДЬ,-5.2295200978959455
1741310100000,LONG,1.70994090333475,-0.5615546123461815,4.062422963275636,True,1000BONK/USDT,-0.0265329089237217,3.0,2025-03-07 01:15:00,2025,МЕДВЕДЬ,-8.442918228678536
1741311000000,LONG,-0.3839805825242788,-0.2457041828230778,4.834898058252435,True,AVAX/USDT,0.0119608569532149,29.2,2025-03-07 01:30:00,2025,МЕДВЕДЬ,-5.364686914077699
1741356000000,SHORT,-7.547459430699641,-0.9048975120186264,7.197459430699642,False,AUCTION/USDT,-0.0245845891166756,0.8,2025-03-07 14:00:00,2025,МЕДВЕДЬ,-3.045863639065055
1741478400000,SHORT,-0.089599103736433,-0.3391328833702845,5.04986979955186,False,AUCTION/USDT,0.0011753342682323,6.2,2025-03-09 00:00:00,2025,МЕДВЕДЬ,-7.984284125508212
1741599900000,SHORT,1.6279078549848989,0.0034341760116336,4.816908987915404,True,1000PEPE/USDT,-0.0470564100638735,16.400000000000002,2025-03-10 09:45:00,2025,МЕДВЕДЬ,-17.153732980738024
1741600800000,SHORT,-3.8536727791576406,-0.3355311489004757,8.393753633144842,False,AUCTION/USDT,-0.0136325738034822,3.8,2025-03-10 10:00:00,2025,МЕДВЕДЬ,-17.44965028802098
1741610700000,SHORT,4.35792623111633,-0.4894043701243602,4.707926231116329,False,CKB/USDT,-0.0300617623558731,14.000000000000002,2025-03-10 12:45:00,2025,МЕДВЕДЬ,-16.64628341385909
1741634100000,LONG,-5.1064731534478085,0.1091345722307477,4.756473153447809,True,CFX/USDT,0.0039153158025106,2.8000000000000003,2025-03-10 19:15:00,2025,МЕДВЕДЬ,-18.895071045543876
1741634100000,LONG,-4.733940182054607,0.0097779422380268,4.383940182054607,True,ARKM/USDT,-0.0443951254767105,8.4,2025-03-10 19:15:00,2025,МЕДВЕДЬ,-18.895071045543876
1741634100000,LONG,-4.681985294117641,-0.072149401387488,4.331985294117642,True,DYDX/USDT,-0.0719072631584019,14.2,2025-03-10 19:15:00,2025,МЕДВЕДЬ,-18.895071045543876
1741634100000,LONG,-4.417269824374678,-0.4638667188579018,4.067269824374678,True,ALGO/USDT,-0.0465830233127369,9.8,2025-03-10 19:15:00,2025,МЕДВЕДЬ,-18.895071045543876
1741634100000,LONG,-4.393904052936303,-0.132589733344496,4.043904052936303,False,COTI/USDT,-0.0804941425573268,14.8,2025-03-10 19:15:00,2025,МЕДВЕДЬ,-18.895071045543876
1741634100000,LONG,-4.38608137044968,0.0989158031458792,4.03608137044968,False,CHR/USDT,-0.0838671990874525,10.2,2025-03-10 19:15:00,2025,МЕДВЕДЬ,-18.895071045543876
1741635000000,LONG,-5.141372715682111,-0.2270674060233983,4.791372715682112,True,APE/USDT,-0.0753705667967086,10.2,2025-03-10 19:30:00,2025,МЕДВЕДЬ,-18.221198987613445
1741635000000,LONG,-4.695290053733958,-0.1606418130953385,4.345290053733958,False,DUSK/USDT,-0.0857488910982021,19.2,2025-03-10 19:30:00,2025,МЕДВЕДЬ,-18.221198987613445
1741635000000,LONG,-4.588924870466324,0.4577056075631929,4.238924870466325,True,GALA/USDT,-0.053019509002388,11.0,2025-03-10 19:30:00,2025,МЕДВЕДЬ,-18.221198987613445
1741635000000,LONG,-4.493440736478716,-0.3178095028975469,4.143440736478716,True,DOGE/USDT,-0.0204474964794502,11.6,2025-03-10 19:30:00,2025,МЕДВЕДЬ,-18.221198987613445
1741635000000,LONG,-4.385040541927543,-0.1458587996661181,4.035040541927543,False,BLUR/USDT,-0.0076811343578077,30.8,2025-03-10 19:30:00,2025,МЕДВЕДЬ,-18.221198987613445
1741635900000,LONG,-4.604503033131132,0.0773377825634854,4.254503033131132,False,ACE/USDT,-0.0595711028407525,6.0,2025-03-10 19:45:00,2025,МЕДВЕДЬ,-15.52700226390567
1741655700000,LONG,3.97959582790093,-0.6644974638164459,4.3295958279009295,True,ARB/USDT,-0.0094189212545232,1.6,2025-03-11 01:15:00,2025,МЕДВЕДЬ,-19.370282646661813
1741656600000,LONG,0.5059201141226867,0.4872833649994323,4.353423680456479,False,BAT/USDT,-0.0437803547402528,10.6,2025-03-11 01:30:00,2025,МЕДВЕДЬ,-14.556596952202232
1741656600000,LONG,0.693429216018059,-0.0254964524708373,4.939170896785106,True,ATOM/USDT,-0.0633732571798566,1.4,2025-03-11 01:30:00,2025,МЕДВЕДЬ,-14.556596952202232
1741656600000,LONG,1.6004480759093207,-0.0212595252396962,4.872430152872957,False,1INCH/USDT,0.033927248341485,5.6000000000000005,2025-03-11 01:30:00,2025,МЕДВЕДЬ,-14.556596952202232
1741656600000,LONG,1.812162162162164,-0.3098933527339046,4.3418918918918905,False,FLOW/USDT,-0.0591366789695057,4.2,2025-03-11 01:30:00,2025,МЕДВЕДЬ,-14.556596952202232
1741656600000,LONG,2.029719065175661,0.3074282436711206,4.021396142478436,True,BCH/USDT,-0.0501933570664292,39.2,2025-03-11 01:30:00,2025,МЕДВЕДЬ,-14.556596952202232
1741656600000,LONG,2.1803011370736045,-0.4275326957465434,5.937167312257903,True,ENS/USDT,-0.0073890642751263,8.0,2025-03-11 01:30:00,2025,МЕДВЕДЬ,-14.556596952202232
1741656600000,LONG,2.3100985221674954,-0.2281984163260498,4.098095238095235,False,BSV/USDT,-0.0658227676323807,9.6,2025-03-11 01:30:00,2025,МЕДВЕДЬ,-14.556596952202232
1741656600000,LONG,2.4465284474445608,0.5648078786269405,5.587849566055923,False,DASH/USDT,-0.0687443489113632,1.7999999999999998,2025-03-11 01:30:00,2025,МЕДВЕДЬ,-14.556596952202232
1741656600000,LONG,2.475779036827196,-0.1381314359717853,4.109359065155808,False,ASTR/USDT,-0.0288304027054234,3.4000000000000004,2025-03-11 01:30:00,2025,МЕДВЕДЬ,-14.556596952202232
1741656600000,LONG,2.5815960912052143,0.0433578796306853,4.846579804560271,False,CELO/USDT,-0.0423908745860493,13.8,2025-03-11 01:30:00,2025,МЕДВЕДЬ,-14.556596952202232
1741656600000,LONG,2.7774433150899047,0.1241796197958259,5.158978368517072,True,DOT/USDT,-0.0550177457947858,0.2,2025-03-11 01:30:00,2025,МЕДВЕДЬ,-14.556596952202232
1741656600000,LONG,2.9521806853582726,0.1042213776815018,4.710404984423674,False,ANKR/USDT,-0.025813408170939,1.4,2025-03-11 01:30:00,2025,МЕДВЕДЬ,-14.556596952202232
1741656600000,LONG,3.188175046554933,-0.3093677665056863,6.333985102420852,False,BICO/USDT,0.0016731455750987,,2025-03-11 01:30:00,2025,МЕДВЕДЬ,-14.556596952202232
1741656600000,LONG,3.3490065525258887,-0.2793581429350405,6.548372437116883,True,1000BONK/USDT,-0.0765010769945655,11.2,2025-03-11 01:30:00,2025,МЕДВЕДЬ,-14.556596952202232
1741656600000,LONG,3.4209497206704023,0.2138353832411693,6.747081005586583,True,CFX/USDT,0.0417340168177859,9.8,2025-03-11 01:30:00,2025,МЕДВЕДЬ,-14.556596952202232
1741656600000,LONG,3.4762910798122126,-0.059680461584732,5.40201877934273,False,EGLD/USDT,-0.004018311384236,2.6,2025-03-11 01:30:00,2025,МЕДВЕДЬ,-14.556596952202232
1741656600000,LONG,3.5239080896315937,-0.4432132472699056,5.2603873908089644,False,GAS/USDT,0.0362482666761108,22.4,2025-03-11 01:30:00,2025,МЕДВЕДЬ,-14.556596952202232
1741656600000,LONG,3.662944983818773,-0.1462076628106267,6.545654184003694,False,ACH/USDT,-0.0197043443193251,23.0,2025-03-11 01:30:00,2025,МЕДВЕДЬ,-14.556596952202232
1741656600000,LONG,3.6732108317214736,-0.0418362245948248,6.046731141199231,True,FIL/USDT,-0.0119481941787287,2.0,2025-03-11 01:30:00,2025,МЕДВЕДЬ,-14.556596952202232
1741656600000,LONG,3.739177046010339,0.1288693514837959,4.272954937534356,True,BNB/USDT,0.0021933346757692,12.2,2025-03-11 01:30:00,2025,МЕДВЕДЬ,-14.556596952202232
1741656600000,LONG,3.744983614822282,-0.2338157922518205,4.094983614822293,True,AVAX/USDT,-0.0038016185255039,13.2,2025-03-11 01:30:00,2025,МЕДВЕДЬ,-14.556596952202232
1741656600000,LONG,3.823391745446159,-0.0689518684132562,6.230966105602941,False,BIGTIME/USDT,-0.0198449447423221,13.2,2025-03-11 01:30:00,2025,МЕДВЕДЬ,-14.556596952202232
1741656600000,LONG,3.837058183795533,-0.493049427275275,5.992495921696578,True,ALGO/USDT,-0.023119099308138,41.0,2025-03-11 01:30:00,2025,МЕДВЕДЬ,-14.556596952202232
1741656600000,LONG,3.842192192192188,-0.8121133164692333,4.192192192192188,True,AAVE/USDT,-0.0179860023517159,11.4,2025-03-11 01:30:00,2025,МЕДВЕДЬ,-14.556596952202232
1741656600000,LONG,4.138112566715181,0.159703235090053,6.443571081999027,True,CHZ/USDT,-0.0343075718223059,17.2,2025-03-11 01:30:00,2025,МЕДВЕДЬ,-14.556596952202232
1741656600000,LONG,4.21723236204504,-0.1102171310775779,4.56723236204504,False,BLUR/USDT,0.0122860911568944,1.6,2025-03-11 01:30:00,2025,МЕДВЕДЬ,-14.556596952202232
1741656600000,LONG,4.242120516845786,-0.2188946407897544,4.592120516845796,True,ETC/USDT,-0.0538958739260915,3.8,2025-03-11 01:30:00,2025,МЕДВЕДЬ,-14.556596952202232
1741656600000,LONG,4.250541404100464,0.0150049374779115,4.600541404100464,True,1000SHIB/USDT,0.0085014639159695,,2025-03-11 01:30:00,2025,МЕДВЕДЬ,-14.556596952202232
1741656600000,LONG,4.32383013570427,-0.2615187940254679,4.67383013570427,False,DUSK/USDT,-0.0510270711287307,7.000000000000001,2025-03-11 01:30:00,2025,МЕДВЕДЬ,-14.556596952202232
1741656600000,LONG,4.334512428298294,0.0363465549262933,4.684512428298284,True,DYDX/USDT,-0.0106192667946116,11.8,2025-03-11 01:30:00,2025,МЕДВЕДЬ,-14.556596952202232
1741656600000,LONG,4.387989823564403,-0.2664173932793237,5.992248727945539,True,DOGE/USDT,-0.0268890753086768,11.0,2025-03-11 01:30:00,2025,МЕДВЕДЬ,-14.556596952202232
1741656600000,LONG,4.430898876404481,0.1259669563247684,4.780898876404481,False,EDU/USDT,-0.0100503561240476,5.2,2025-03-11 01:30:00,2025,МЕДВЕДЬ,-14.556596952202232
1741656600000,LONG,4.448658536585364,-0.1999738121394182,4.798658536585363,False,ARPA/USDT,-0.1104503749335994,4.8,2025-03-11 01:30:00,2025,МЕДВЕДЬ,-14.556596952202232
1741656600000,LONG,4.579015354618572,0.1732428924273164,4.929015354618572,False,ENJ/USDT,7.407420137763673e-05,2.4,2025-03-11 01:30:00,2025,МЕДВЕДЬ,-14.556596952202232
1741656600000,LONG,4.588045438153618,0.0626283195192184,4.938045438153618,True,AR/USDT,-0.0417400149206034,2.6,2025-03-11 01:30:00,2025,МЕДВЕДЬ,-14.556596952202232
1741656600000,LONG,4.648410724156999,0.022824339202456,4.998410724156999,True,CAKE/USDT,0.0160006455818359,26.8,2025-03-11 01:30:00,2025,МЕДВЕДЬ,-14.556596952202232
1741656600000,LONG,4.982176656151417,0.3320740473107046,5.332176656151426,False,CTSI/USDT,0.0419301343137088,,2025-03-11 01:30:00,2025,МЕДВЕДЬ,-14.556596952202232
1741656600000,LONG,5.010219478737992,0.2827431348917793,5.360219478737991,True,GALA/USDT,-0.0279513786166,16.0,2025-03-11 01:30:00,2025,МЕДВЕДЬ,-14.556596952202232
1741656600000,LONG,5.045979100408887,-0.7090987490105093,5.395979100408886,False,CKB/USDT,-0.0382031954287896,17.4,2025-03-11 01:30:00,2025,МЕДВЕДЬ,-14.556596952202232
1741656600000,LONG,5.37310631602607,-0.621686834825838,5.72310631602607,True,FET/USDT,-0.0304273622932969,25.4,2025-03-11 01:30:00,2025,МЕДВЕДЬ,-14.556596952202232
1741656600000,LONG,5.398087431693999,0.1054626899167276,5.748087431693999,False,CYBER/USDT,-0.0143451788203861,7.8,2025-03-11 01:30:00,2025,МЕДВЕДЬ,-14.556596952202232
1741656600000,LONG,5.46512756829985,0.0011157512668362,5.815127568299849,True,ARKM/USDT,-0.0144685435272923,12.6,2025-03-11 01:30:00,2025,МЕДВЕДЬ,-14.556596952202232
1741656600000,LONG,5.512660944206012,0.3143098787861822,5.862660944206011,False,ALICE/USDT,0.0074907249512541,19.8,2025-03-11 01:30:00,2025,МЕДВЕДЬ,-14.556596952202232
1741656600000,LONG,5.750157232704393,-0.2293806113382243,6.100157232704393,True,APE/USDT,-0.0340216436152348,11.6,2025-03-11 01:30:00,2025,МЕДВЕДЬ,-14.556596952202232
1741656600000,LONG,5.876774054674627,-0.381474915998172,6.226774054674626,True,1000PEPE/USDT,-0.0448476421390945,6.800000000000001,2025-03-11 01:30:00,2025,МЕДВЕДЬ,-14.556596952202232
1741656600000,LONG,5.950224176582164,0.0404455750086576,6.300224176582164,False,COTI/USDT,-0.0347426449410607,5.6000000000000005,2025-03-11 01:30:00,2025,МЕДВЕДЬ,-14.556596952202232
1741657500000,LONG,0.9586498563676964,0.0783717068762117,7.682827960421318,False,ACE/USDT,-0.0142953412945838,8.799999999999999,2025-03-11 01:45:00,2025,МЕДВЕДЬ,-13.664868629091597
1741657500000,LONG,2.934072249589494,-0.2450259040915571,5.014876847290627,False,ARK/USDT,-0.0709389602885636,27.0,2025-03-11 01:45:00,2025,МЕДВЕДЬ,-13.664868629091597
1741659300000,LONG,4.372177419354832,0.2714094572596793,4.722177419354832,False,COMP/USDT,0.1027606690334025,2.6,2025-03-11 02:15:00,2025,МЕДВЕДЬ,-12.56433612462896
1741680000000,SHORT,5.923594518622599,-0.1239656325869165,6.273594518622598,True,ARKM/USDT,0.0553304332951736,12.6,2025-03-11 08:00:00,2025,МЕДВЕДЬ,-11.355258160369985
1741705200000,LONG,3.682085561497314,-0.3050785148053428,4.032085561497314,True,AAVE/USDT,-0.0415689892440586,4.0,2025-03-11 15:00:00,2025,МЕДВЕДЬ,-11.105405846066157
1741712400000,SHORT,-5.060044104942476,-0.0230811584395191,4.710044104942476,False,AUCTION/USDT,-0.019216939578226,6.6000000000000005,2025-03-11 17:00:00,2025,МЕДВЕДЬ,-9.210991239385196
1741962600000,SHORT,-6.151514531313946,0.0026889118822751,5.801514531313947,False,AUCTION/USDT,0.0329745596173709,7.399999999999999,2025-03-14 14:30:00,2025,МЕДВЕДЬ,-9.988039966376672
1742110200000,SHORT,-8.407572962645768,0.1548473121142409,8.057572962645768,False,AUCTION/USDT,0.0446168350290585,4.0,2025-03-16 07:30:00,2025,МЕДВЕДЬ,-3.3585556994855104
1742187600000,SHORT,-4.6395679042621065,-0.2039036023412243,4.289567904262107,True,CAKE/USDT,0.0906995055707196,3.4000000000000004,2025-03-17 05:00:00,2025,НЕЙТРАЛЬ,1.4350376084072747
1742211000000,SHORT,-4.063559937099304,0.1029173301392575,8.776625942502307,True,CAKE/USDT,0.1720247777245555,31.2,2025-03-17 11:30:00,2025,НЕЙТРАЛЬ,0.9840218697066749
1742238900000,SHORT,-5.945564458434685,-0.0251986491118454,5.595564458434685,False,API3/USDT,-0.069995801141268,22.0,2025-03-17 19:15:00,2025,НЕЙТРАЛЬ,11.200351861215252
1742306400000,SHORT,4.590848990953372,0.2007206689045547,10.35093945720248,False,CYBER/USDT,0.1563292361783687,2.4,2025-03-18 14:00:00,2025,НЕЙТРАЛЬ,6.453893687134116
1742310000000,SHORT,-6.474123148869832,0.2457206789149765,6.124123148869832,False,AUCTION/USDT,0.0009801997538447,3.4000000000000004,2025-03-18 15:00:00,2025,НЕЙТРАЛЬ,6.720348350598659
1742353200000,LONG,-0.5796113615103261,-0.1044522063607696,4.140811293477324,True,CAKE/USDT,0.1606620815045769,32.0,2025-03-19 03:00:00,2025,НЕЙТРАЛЬ,7.182498148015393
1742430600000,SHORT,3.7403032322559153,0.0118798075729555,6.366127957347533,True,1000BONK/USDT,0.0219235681476622,37.4,2025-03-20 00:30:00,2025,НЕЙТРАЛЬ,6.631513178611459
1742437800000,SHORT,0.1926220899702418,-1.0155849723744406,5.777612462804125,True,ARKM/USDT,0.0179704608343809,12.2,2025-03-20 02:30:00,2025,НЕЙТРАЛЬ,6.68012394517723
1742487300000,SHORT,4.218366561888633,0.296806733213993,4.568366561888633,False,AUCTION/USDT,-0.0154969255359896,0.0,2025-03-20 16:15:00,2025,НЕЙТРАЛЬ,7.382082688754743
1742520600000,SHORT,-2.703173039022469,-0.0328905682400412,4.4827906976744005,False,ACH/USDT,0.131373145455829,6.2,2025-03-21 01:30:00,2025,НЕЙТРАЛЬ,6.637737225383777
1742561100000,SHORT,-6.075376062786126,0.1053766551425002,5.725376062786126,True,CAKE/USDT,0.0923474557632765,31.6,2025-03-21 12:45:00,2025,НЕЙТРАЛЬ,0.8731333795859442
1742567400000,SHORT,4.774868986952905,0.0704256272272807,5.1248689869529045,False,ACH/USDT,-0.0538211403128808,4.2,2025-03-21 14:30:00,2025,НЕЙТРАЛЬ,1.1204466948462
1742589000000,SHORT,-4.824776785714272,0.5541500977531878,4.474776785714273,False,AUCTION/USDT,-0.017407111594828,2.8000000000000003,2025-03-21 20:30:00,2025,НЕЙТРАЛЬ,2.114507050777703
1742595300000,SHORT,-1.126666942080479,0.0116373990127958,4.899396843757743,True,1000BONK/USDT,-0.0053480657263266,22.2,2025-03-21 22:15:00,2025,НЕЙТРАЛЬ,1.7033410389497017
1742609700000,SHORT,4.7856641123882415,0.0817076407659919,5.135664112388241,False,ARPA/USDT,-0.2728409669340121,6.0,2025-03-22 02:15:00,2025,НЕЙТРАЛЬ,3.521376443900781
1742613300000,SHORT,0.1599095632095518,0.0650962930331135,4.420463729074444,False,AGLD/USDT,-0.0461459904791099,45.0,2025-03-22 03:15:00,2025,НЕЙТРАЛЬ,2.3858890631105023
1742667300000,SHORT,4.943737895416389,0.2000018024783184,8.847191736604263,False,CYBER/USDT,-0.042780268678077,2.2,2025-03-22 18:15:00,2025,НЕЙТРАЛЬ,2.422035886221696
1742688900000,SHORT,1.717565072918592,-0.5257244130426859,10.557744138822216,False,CKB/USDT,-0.059514444551021,4.6,2025-03-23 00:15:00,2025,НЕЙТРАЛЬ,1.2444587653283268
1742702400000,SHORT,3.670952087505779,-0.9289522186739484,7.608873825296551,True,ARKM/USDT,0.0497544792265521,3.6,2025-03-23 04:00:00,2025,НЕЙТРАЛЬ,2.5196894772180456
1742743800000,SHORT,0.6199909063352506,-0.0394843094328725,4.14599878751137,True,1000BONK/USDT,-0.0085156617217735,31.6,2025-03-23 15:30:00,2025,НЕЙТРАЛЬ,4.001092783979388
1742759100000,SHORT,5.429189661194544,0.3963035003287575,5.779189661194543,False,API3/USDT,0.0777191721150959,26.6,2025-03-23 19:45:00,2025,НЕЙТРАЛЬ,4.870052201577934
1742774400000,SHORT,-1.0215415609610492,-0.1940685582707958,4.760438740486476,True,1000BONK/USDT,-0.0024598922327252,2.0,2025-03-24 00:00:00,2025,НЕЙТРАЛЬ,5.497157658204921
1742803200000,SHORT,4.471897810218958,0.293142481487613,4.821897810218958,False,ANKR/USDT,0.2706663289590778,14.4,2025-03-24 08:00:00,2025,НЕЙТРАЛЬ,6.759829958849051
1742826600000,SHORT,0.9333999579213188,-0.1917215381502394,4.555663089978241,True,1000BONK/USDT,-0.0272831954128003,14.8,2025-03-24 14:30:00,2025,НЕЙТРАЛЬ,5.992637609775708
1742859900000,SHORT,4.713830111128012,0.0691972946163775,5.063830111128012,False,API3/USDT,0.054240876609204,7.199999999999999,2025-03-24 23:45:00,2025,НЕЙТРАЛЬ,5.40772560827576
1742949000000,SHORT,-0.3783553875236263,0.1275993773782142,4.34802457466918,False,AGLD/USDT,-0.005703526346419,43.6,2025-03-26 00:30:00,2025,НЕЙТРАЛЬ,7.783176177195383
1743138000000,SHORT,5.609309128796985,3.641194053176619e-05,5.959309128796985,False,API3/USDT,-0.0243907695504497,10.6,2025-03-28 05:00:00,2025,НЕЙТРАЛЬ,0.04476387787962777
1743211800000,SHORT,0.1427472040748654,0.1247937682496181,4.953493522312018,False,AUCTION/USDT,-0.0076048193111007,12.6,2025-03-29 01:30:00,2025,НЕЙТРАЛЬ,-1.9523704289336974
1743495300000,SHORT,8.383624454148483,0.5759358033913337,10.592794759825312,False,COMP/USDT,-0.0052933000691279,0.0,2025-04-01 08:15:00,2025,НЕЙТРАЛЬ,-10.150372438555378
1743599700000,SHORT,-6.356858924395928,-0.0405578055289434,6.006858924395928,False,BIGTIME/USDT,0.1279895822309167,13.2,2025-04-02 13:15:00,2025,МЕДВЕДЬ,-17.868283047361956
1743605100000,LONG,-1.605432158377607,0.4891641567807929,5.114099468855632,False,GAS/USDT,0.1748410214462615,28.8,2025-04-02 14:45:00,2025,МЕДВЕДЬ,-14.33444066695731
1743731100000,SHORT,4.364498381877004,0.3103282136590105,4.714498381877004,False,BIGTIME/USDT,0.2642889759930563,0.8,2025-04-04 01:45:00,2025,МЕДВЕДЬ,-19.27015850626891
1743819300000,SHORT,-3.2020877565463457,0.1104121245649598,4.097629157820221,False,AUCTION/USDT,-0.1435832970166355,46.6,2025-04-05 02:15:00,2025,МЕДВЕДЬ,-9.463588808070412
1743846300000,SHORT,3.7376897133220894,0.0379676612638293,5.753072512647554,False,AUCTION/USDT,-0.125524962666333,42.6,2025-04-05 09:45:00,2025,МЕДВЕДЬ,-5.945763323393482
1743903000000,SHORT,-5.365620167027527,0.4800075182613855,5.015620167027527,False,ARK/USDT,-0.0372949716083405,3.2,2025-04-06 01:30:00,2025,МЕДВЕДЬ,-5.489422666189481
1743927300000,SHORT,3.542806770098725,0.6438081736039599,9.184118476727791,False,ARK/USDT,0.0431150967952592,1.2,2025-04-06 08:15:00,2025,МЕДВЕДЬ,-8.702630862746258
1743968700000,LONG,-0.7601283880171201,0.0761209465328479,4.726765335235372,False,COTI/USDT,-0.0547876707541273,24.2,2025-04-06 19:45:00,2025,МЕДВЕДЬ,-15.219534050179211
1743973200000,LONG,3.655875299760201,-0.4254687078912933,4.005875299760201,False,BICO/USDT,-0.0472393461524781,,2025-04-06 21:00:00,2025,МЕДВЕДЬ,-16.172913671548084
1744009200000,LONG,3.7497182057559937,-0.6844604543215601,4.099718205755994,False,ASTR/USDT,-0.0577490328242192,7.399999999999999,2025-04-07 07:00:00,2025,МЕДВЕДЬ,-19.87314916636119
1744009200000,LONG,4.309291368262345,-0.0903249175342379,4.659291368262345,True,ETC/USDT,-0.0591656316938797,25.6,2025-04-07 07:00:00,2025,МЕДВЕДЬ,-19.87314916636119
1744010100000,LONG,2.118996405653099,-0.2625295171498013,4.390140951090539,True,BNB/USDT,-0.0313332573459616,24.2,2025-04-07 07:15:00,2025,МЕДВЕДЬ,-19.332267028259498
1744010100000,LONG,3.732086406743955,-0.294665541836187,4.082086406743955,True,CFX/USDT,-0.0549226523263474,1.0,2025-04-07 07:15:00,2025,МЕДВЕДЬ,-19.332267028259498
1744010100000,LONG,3.8445312500000095,-0.5350242967265523,4.194531249999999,False,CELO/USDT,-0.1312332403522576,18.2,2025-04-07 07:15:00,2025,МЕДВЕДЬ,-19.332267028259498
1744010100000,LONG,3.9154799901792248,-1.7045619287481577,4.265479990179225,True,ARKM/USDT,-0.0684439577447029,13.2,2025-04-07 07:15:00,2025,МЕДВЕДЬ,-19.332267028259498
1744010100000,LONG,3.982275971451225,-0.0182507199776578,4.332275971451225,True,ARB/USDT,-0.0180986910027682,5.0,2025-04-07 07:15:00,2025,МЕДВЕДЬ,-19.332267028259498
1744010100000,LONG,4.010268901013238,0.0876557999775157,4.360268901013238,False,COTI/USDT,-0.0896202246136661,13.4,2025-04-07 07:15:00,2025,МЕДВЕДЬ,-19.332267028259498
1744010100000,LONG,4.11359509759418,-0.2863868072438342,4.46359509759418,True,FIL/USDT,-0.0963810100245314,15.6,2025-04-07 07:15:00,2025,МЕДВЕДЬ,-19.332267028259498
1744010100000,LONG,4.226995385404204,-0.3041485232750957,4.576995385404204,False,DUSK/USDT,0.0374900230516109,15.8,2025-04-07 07:15:00,2025,МЕДВЕДЬ,-19.332267028259498
1744010100000,LONG,4.266620111731829,-0.3061439658484521,4.616620111731828,False,CHR/USDT,-0.0609505999432034,26.200000000000003,2025-04-07 07:15:00,2025,МЕДВЕДЬ,-19.332267028259498
1744010100000,LONG,4.48181818181819,-0.4027706501401321,4.83181818181819,False,CYBER/USDT,-0.0805130363364519,3.8,2025-04-07 07:15:00,2025,МЕДВЕДЬ,-19.332267028259498
1744010100000,LONG,5.026374745417511,-0.4508564508716369,5.376374745417511,False,EDU/USDT,-0.0452498747385931,2.6,2025-04-07 07:15:00,2025,МЕДВЕДЬ,-19.332267028259498
1744010100000,LONG,6.126106194690274,-0.5317006356366223,6.476106194690273,False,ALICE/USDT,-0.0710965494462259,19.8,2025-04-07 07:15:00,2025,МЕДВЕДЬ,-19.332267028259498
1744011000000,LONG,3.753007500185636,-0.6766444396041476,4.103007500185647,True,APT/USDT,-0.0409678324376753,15.0,2025-04-07 07:30:00,2025,МЕДВЕДЬ,-18.2364783954077
1744011000000,LONG,4.036643109540624,-0.5417722189735263,4.386643109540624,False,ANKR/USDT,-0.0699558085038427,4.6,2025-04-07 07:30:00,2025,МЕДВЕДЬ,-18.2364783954077
1744011000000,LONG,4.054247471743019,-0.6543622996363964,4.404247471743019,False,BLUR/USDT,-0.0298736997248495,7.6,2025-04-07 07:30:00,2025,МЕДВЕДЬ,-18.2364783954077
1744011000000,LONG,4.068137467476152,-0.4564388375579392,4.418137467476152,True,1000BONK/USDT,-0.0351813705733524,16.2,2025-04-07 07:30:00,2025,МЕДВЕДЬ,-18.2364783954077
1744011000000,LONG,4.118978930307931,0.0598846385846353,4.468978930307943,False,ENJ/USDT,-0.038238649065882,10.0,2025-04-07 07:30:00,2025,МЕДВЕДЬ,-18.2364783954077
1744011000000,LONG,4.570243902439013,-0.6982401295980498,4.9202439024390126,True,GALA/USDT,-0.045272438912375,6.4,2025-04-07 07:30:00,2025,МЕДВЕДЬ,-18.2364783954077
1744013700000,LONG,3.709514761765573,-0.2920841626148954,4.059514761765573,True,DOGE/USDT,-0.0651593947040612,28.8,2025-04-07 08:15:00,2025,МЕДВЕДЬ,-17.8663869696677
1744013700000,LONG,3.8362653061224674,0.3877905424508119,4.186265306122468,True,AR/USDT,0.0134121220494038,30.8,2025-04-07 08:15:00,2025,МЕДВЕДЬ,-17.8663869696677
1744035300000,SHORT,-6.685471100554215,0.1671124188483275,6.335471100554215,False,EDU/USDT,0.1383041915693583,0.2,2025-04-07 14:15:00,2025,МЕДВЕДЬ,-14.781423390620823
1744036200000,SHORT,-2.421146245059297,-0.1720551237365322,4.597438735177868,False,DUSK/USDT,0.0412027903012439,24.6,2025-04-07 14:30:00,2025,МЕДВЕДЬ,-14.676834160699803
1744036200000,SHORT,-2.275545571245188,0.2218244752597345,5.4501925545571135,False,CHR/USDT,-0.0541600440429351,26.200000000000003,2025-04-07 14:30:00,2025,МЕДВЕДЬ,-14.676834160699803
1744036200000,SHORT,-2.267808219178084,-0.1498340530741739,6.070684931506838,False,ALICE/USDT,-0.048627499861782,19.8,2025-04-07 14:30:00,2025,МЕДВЕДЬ,-14.676834160699803
1744036200000,SHORT,-1.976016260162606,-0.2967900110546557,5.19268292682926,False,CTSI/USDT,-0.0130475015907061,,2025-04-07 14:30:00,2025,МЕДВЕДЬ,-14.676834160699803
1744036200000,SHORT,-1.7116181549087246,-0.3410613336150801,5.713330044400589,True,1000BONK/USDT,-0.0242453744463679,10.6,2025-04-07 14:30:00,2025,МЕДВЕДЬ,-14.676834160699803
1744036200000,SHORT,-1.4455490634129502,-0.4905839701035098,4.919419144182839,False,ASTR/USDT,-0.0496635859028887,4.0,2025-04-07 14:30:00,2025,МЕДВЕДЬ,-14.676834160699803
1744036200000,SHORT,0.302404794416631,-0.0807499292215751,5.550113791533888,False,EGLD/USDT,-0.0388749455137097,15.0,2025-04-07 14:30:00,2025,МЕДВЕДЬ,-14.676834160699803
1744037100000,SHORT,-0.403333333333325,0.2533672061988412,5.756319999999988,False,COTI/USDT,-0.0402775757749489,16.2,2025-04-07 14:45:00,2025,МЕДВЕДЬ,-14.884826758298647
1744074900000,SHORT,7.108198810535241,0.1495687324259409,7.458198810535241,False,ARK/USDT,0.1332134805760617,15.0,2025-04-08 01:15:00,2025,МЕДВЕДЬ,-13.401270406861453
1744163100000,LONG,0.5175893410452348,0.4864064318839059,4.357198925841761,True,AR/USDT,0.0092274273750514,31.0,2025-04-09 01:45:00,2025,МЕДВЕДЬ,-18.051704288960497
1744163100000,LONG,1.5105169340463638,0.178461901956822,4.169076797385626,True,BCH/USDT,0.0179499513629703,19.4,2025-04-09 01:45:00,2025,МЕДВЕДЬ,-18.051704288960497
1744163100000,LONG,2.091613588110405,-0.52390867427882,5.16857749469214,False,CYBER/USDT,-0.0681770726847477,25.4,2025-04-09 01:45:00,2025,МЕДВЕДЬ,-18.051704288960497
1744163100000,LONG,2.278070843648828,0.2679218175942565,5.046714911445448,False,COTI/USDT,-0.0104090941974137,25.2,2025-04-09 01:45:00,2025,МЕДВЕДЬ,-18.051704288960497
1744163100000,LONG,2.672222222222218,-0.2970591633948901,4.110755555555556,True,DOT/USDT,-0.0076833521132941,27.800000000000004,2025-04-09 01:45:00,2025,МЕДВЕДЬ,-18.051704288960497
1744163100000,LONG,3.0282000527843698,0.2521914904018449,4.72058590657166,True,FET/USDT,-0.0533288272909348,3.0,2025-04-09 01:45:00,2025,МЕДВЕДЬ,-18.051704288960497
1744163100000,LONG,3.142063492063487,-0.4452512953797737,4.651984126984131,True,GALA/USDT,0.0071260380124881,26.200000000000003,2025-04-09 01:45:00,2025,МЕДВЕДЬ,-18.051704288960497
1744163100000,LONG,3.3765340431493374,-0.5571471198397544,4.294704398991319,False,CKB/USDT,-0.029842539787424,30.8,2025-04-09 01:45:00,2025,МЕДВЕДЬ,-18.051704288960497
1744163100000,LONG,3.459774040987917,-0.415938162443407,4.753231739358911,True,APE/USDT,0.0037966124888636,28.4,2025-04-09 01:45:00,2025,МЕДВЕДЬ,-18.051704288960497
1744163100000,LONG,3.794688452243347,-0.4134261974929541,4.144688452243347,True,1000BONK/USDT,-0.0415171330692688,11.4,2025-04-09 01:45:00,2025,МЕДВЕДЬ,-18.051704288960497
1744163100000,LONG,3.79560544542632,0.1720655920464748,4.1456054454263205,True,CAKE/USDT,-0.0756777403288316,6.6000000000000005,2025-04-09 01:45:00,2025,МЕДВЕДЬ,-18.051704288960497
1744163100000,LONG,3.8886006026113233,-0.2357055564460906,4.238600602611323,False,ACH/USDT,-0.0168856013885667,40.2,2025-04-09 01:45:00,2025,МЕДВЕДЬ,-18.051704288960497
1744163100000,LONG,4.837823683444881,-0.0176842226912937,5.187823683444881,False,API3/USDT,-0.0445298338999496,40.0,2025-04-09 01:45:00,2025,МЕДВЕДЬ,-18.051704288960497
1744167600000,SHORT,-7.713979635129386,0.3566166386911226,7.363979635129386,False,GAS/USDT,0.073910733292422,1.4,2025-04-09 03:00:00,2025,МЕДВЕДЬ,-18.42363260228869
1744224300000,SHORT,-0.7672843573271866,-0.0232807090838648,4.099868225992399,True,AVAX/USDT,0.046983673645946,14.4,2025-04-09 18:45:00,2025,МЕДВЕДЬ,-10.115356963801808
1744243200000,SHORT,1.000666891777807,-0.0213520975022765,4.550430525071751,False,BIGTIME/USDT,-0.0021594633919393,17.8,2025-04-10 00:00:00,2025,МЕДВЕДЬ,-3.908977169516076
1744398900000,SHORT,3.907207890743535,0.3475297435988586,4.257207890743535,False,GAS/USDT,0.0519304717522054,4.4,2025-04-11 19:15:00,2025,МЕДВЕДЬ,-4.091567603376562
1744401600000,SHORT,-4.463847568109642,-0.1047302443855351,4.113847568109643,True,1000BONK/USDT,-0.0416384537580314,47.8,2025-04-11 20:00:00,2025,МЕДВЕДЬ,-4.5837331262903955
1744418700000,SHORT,1.0695011337868516,0.2695096142806878,5.367310657596361,False,ACH/USDT,0.0306134719154883,3.4000000000000004,2025-04-12 00:45:00,2025,МЕДВЕДЬ,-5.957761767432585
1744450200000,SHORT,-8.164985014985007,0.0338205359325615,7.814985014985007,False,ARK/USDT,0.0081958287676788,26.0,2025-04-12 09:30:00,2025,МЕДВЕДЬ,-4.266593608556929
1744456500000,SHORT,-2.683333333333336,0.0145079656039492,4.312000000000001,False,CELO/USDT,-0.1057299253828565,19.0,2025-04-12 11:15:00,2025,МЕДВЕДЬ,-3.30330455115293
1744481700000,SHORT,4.560089710931427,0.2079008959249078,4.910089710931427,False,API3/USDT,0.1035463801331098,15.4,2025-04-12 18:15:00,2025,МЕДВЕДЬ,1.0422003219740072
1744494300000,SHORT,1.1344804318488548,-0.0084775978455813,4.631443994601876,False,ARPA/USDT,-0.0301769629041111,23.4,2025-04-12 21:45:00,2025,НЕЙТРАЛЬ,1.6114346630343723
1744504200000,SHORT,3.0252620545073308,-0.0369605915596079,8.521656184486355,False,CKB/USDT,0.0179413465622577,3.6,2025-04-13 00:30:00,2025,НЕЙТРАЛЬ,0.9292111369473388
1744540200000,SHORT,-0.5264359929425626,1.0773705478744646,4.03593413056263,True,FET/USDT,0.0795749062262207,10.8,2025-04-13 10:30:00,2025,НЕЙТРАЛЬ,2.2264620660850887
1744649100000,SHORT,0.9265957446808404,-0.3788419246470127,11.610425531914888,False,ALICE/USDT,0.1417931838933348,0.0,2025-04-14 16:45:00,2025,НЕЙТРАЛЬ,9.002757239298697
1744675200000,SHORT,-5.878794153471373,-0.2697463291072429,5.528794153471373,False,ARK/USDT,-0.1427804681443155,34.4,2025-04-15 00:00:00,2025,НЕЙТРАЛЬ,6.149540152011779
1744676100000,SHORT,-5.724250227203862,0.1819551464485014,5.374250227203862,False,ACH/USDT,-0.111372508622819,1.0,2025-04-15 00:15:00,2025,НЕЙТРАЛЬ,6.601830760788729
1744690500000,SHORT,-6.645730145175063,-0.6896813150051605,6.295730145175063,False,EDU/USDT,0.0651735353206758,16.0,2025-04-15 04:15:00,2025,НЕЙТРАЛЬ,4.802316834516807
1744718400000,SHORT,-0.0204745166959575,0.0277220650435847,4.22210017574691,False,ARK/USDT,-0.1612226680533788,24.0,2025-04-15 12:00:00,2025,НЕЙТРАЛЬ,5.335145527137519
1744749900000,SHORT,1.4180250783699062,-0.3265737273413504,5.758332288401237,False,API3/USDT,0.0603448345852745,8.200000000000001,2025-04-15 20:45:00,2025,НЕЙТРАЛЬ,8.101654111982604
1744758900000,SHORT,-4.94045325779036,0.326941339919425,4.590453257790361,False,GAS/USDT,-0.0766445636269722,11.4,2025-04-15 23:15:00,2025,НЕЙТРАЛЬ,9.553313649838946
1744775100000,SHORT,-0.5653063221765492,0.2097756885048576,4.933157173615175,False,ARK/USDT,-0.1604396911469162,49.6,2025-04-16 03:45:00,2025,НЕЙТРАЛЬ,10.264434763097864
1744782300000,SHORT,-4.94781808622502,0.4775046859584652,4.59781808622502,False,GAS/USDT,-0.0860988977686837,6.2,2025-04-16 05:45:00,2025,НЕЙТРАЛЬ,7.038682935163809
1744818300000,SHORT,-1.6058869701726857,0.3417724040851288,4.866248037676605,True,CRV/USDT,-0.1390987370553137,5.4,2025-04-16 15:45:00,2025,НЕЙТРАЛЬ,5.59023261751962
1744949700000,SHORT,-0.0570312499999915,-0.157994608573446,4.022070312499986,False,BICO/USDT,-0.0868670911504357,,2025-04-18 04:15:00,2025,НЕЙТРАЛЬ,1.1105349410125198
1744956000000,SHORT,4.129166666666659,-0.4351210968193588,4.479166666666659,False,ANKR/USDT,-0.0219417541576283,15.6,2025-04-18 06:00:00,2025,НЕЙТРАЛЬ,1.2811468495489975
1744970400000,SHORT,3.9500661011347247,0.4176831911087257,4.300066101134725,False,AGLD/USDT,-0.0075865378008546,8.799999999999999,2025-04-18 10:00:00,2025,НЕЙТРАЛЬ,2.171737476528235
1745124300000,SHORT,-4.738073719652667,0.461386856737741,4.388073719652668,False,ACE/USDT,-0.0578262550687593,28.6,2025-04-20 04:45:00,2025,НЕЙТРАЛЬ,3.269398306313931
1745166600000,LONG,-3.3845943758850927,-0.2048391042288241,4.112118146874371,False,ARK/USDT,0.1359153230594188,46.0,2025-04-20 16:30:00,2025,НЕЙТРАЛЬ,2.7834138343650006
1745172000000,SHORT,-7.763394971248137,0.4442664528866817,7.413394971248137,False,ENJ/USDT,0.217647542661511,0.4,2025-04-20 18:00:00,2025,НЕЙТРАЛЬ,0.3620221899358511
1745174700000,SHORT,-8.251716281895497,0.0723651655854611,7.901716281895498,False,ACH/USDT,-0.00949806854862,13.4,2025-04-20 18:45:00,2025,НЕЙТРАЛЬ,0.8282229432317378
1745202600000,SHORT,3.743836971232252,0.2445909460376,4.093836971232252,False,ACH/USDT,-0.0126823582245151,4.2,2025-04-21 02:30:00,2025,НЕЙТРАЛЬ,3.536519727847598
1745221500000,SHORT,-8.326120571540397,0.9223680959563428,7.976120571540396,False,ENJ/USDT,0.1274433174151751,0.0,2025-04-21 07:45:00,2025,НЕЙТРАЛЬ,6.6026211888467685
1745248500000,SHORT,-5.291847914963188,0.0921990359430203,4.941847914963188,False,ACE/USDT,-0.0906564426381108,28.8,2025-04-21 15:15:00,2025,НЕЙТРАЛЬ,5.4933508331258984
1745248500000,SHORT,4.083943348185856,0.4912265616728781,4.433943348185856,True,FET/USDT,0.0101542432189948,8.799999999999999,2025-04-21 15:15:00,2025,НЕЙТРАЛЬ,5.4933508331258984
1745249400000,SHORT,1.882142857142859,0.3834424187285751,10.150892857142836,False,ALICE/USDT,-0.2601297189143949,23.6,2025-04-21 15:30:00,2025,НЕЙТРАЛЬ,5.773193996097092
1745335800000,SHORT,-1.104147812971343,0.5609016469717903,5.141025641025612,True,CRV/USDT,0.0576420752194194,38.2,2025-04-22 15:30:00,2025,НЕЙТРАЛЬ,7.328236185942638
1745361000000,SHORT,0.783685037602421,0.1455713667048718,9.04768211920528,False,ENJ/USDT,0.1100844716630008,1.0,2025-04-22 22:30:00,2025,НЕЙТРАЛЬ,13.511795831766516
1745368200000,SHORT,-2.262151085760481,0.5234451004739697,8.932183198221443,True,1000PEPE/USDT,0.0350268820514657,45.6,2025-04-23 00:30:00,2025,НЕЙТРАЛЬ,14.860504149784838
1745545500000,SHORT,3.1164448141985583,0.2172327893942198,4.80599001663892,False,GAS/USDT,-0.0079877175953326,22.6,2025-04-25 01:45:00,2025,НЕЙТРАЛЬ,18.13031947944126
1745546400000,SHORT,4.424760903836042,-0.0595178128263186,4.774760903836041,False,EGLD/USDT,-0.0843612521304338,26.0,2025-04-25 02:00:00,2025,НЕЙТРАЛЬ,17.67107932102061
1745585100000,SHORT,-1.7155377142086097,0.6909063475863992,4.111156389151239,True,BCH/USDT,-0.0426888549735456,49.8,2025-04-25 12:45:00,2025,НЕЙТРАЛЬ,15.501378935604382
1745596800000,SHORT,-6.665514250309773,0.8490385639078402,6.315514250309773,False,BSV/USDT,0.0209712838641988,3.6,2025-04-25 16:00:00,2025,НЕЙТРАЛЬ,15.92283138574826
1745625600000,SHORT,-4.391373950885915,0.1920391005360048,4.041373950885915,True,1000BONK/USDT,-0.1795025051223523,49.2,2025-04-26 00:00:00,2025,НЕЙТРАЛЬ,16.807416932973286
1745635500000,SHORT,-0.3660102465577952,0.0549826176933569,4.330627601665055,True,ARKM/USDT,-0.0187420284265294,41.4,2025-04-26 02:45:00,2025,НЕЙТРАЛЬ,18.329985745548385
1745699400000,SHORT,6.037666342096702,0.0104017155880672,6.3876663420967015,False,ARPA/USDT,0.0109448979849232,25.2,2025-04-26 20:30:00,2025,НЕЙТРАЛЬ,14.601107419712067
1745716500000,SHORT,0.3070004531037588,0.8488875116516951,7.480516538287244,False,BSV/USDT,0.0144362689963078,16.400000000000002,2025-04-27 01:15:00,2025,НЕЙТРАЛЬ,13.35012528892806
1745718300000,SHORT,0.8943205287071442,0.3400994521685102,4.934887443205284,True,ENS/USDT,0.0153804025451633,41.8,2025-04-27 01:45:00,2025,НЕЙТРАЛЬ,11.273048984913403
1745757000000,SHORT,-0.0917503586800603,0.2154224841459003,4.674634146341458,False,GAS/USDT,-0.0960423345415629,5.6000000000000005,2025-04-27 12:30:00,2025,НЕЙТРАЛЬ,11.863663827316984
1745823600000,SHORT,-4.497602441150816,0.5903162281401737,4.147602441150816,False,DASH/USDT,-0.0642234019545911,13.6,2025-04-28 07:00:00,2025,НЕЙТРАЛЬ,8.445718880923126
1745829900000,SHORT,4.470563380281687,-0.4482446331967472,4.820563380281687,False,EDU/USDT,0.207362125154031,2.0,2025-04-28 08:45:00,2025,НЕЙТРАЛЬ,8.47383057308222
1745937900000,SHORT,4.374409448818902,0.0329125162406548,8.724146981627271,False,CELO/USDT,-0.268461022523389,20.6,2025-04-29 14:45:00,2025,НЕЙТРАЛЬ,8.807522299366244
1746066600000,SHORT,-5.148374461417903,0.3471650726666649,4.798374461417903,False,AGLD/USDT,-0.0441818207424795,15.6,2025-05-01 02:30:00,2025,НЕЙТРАЛЬ,2.3699180776924123
1746086400000,SHORT,1.5636960600375236,-7.13529768763831e-05,4.477598499061906,False,ARPA/USDT,0.1243145100272943,26.0,2025-05-01 08:00:00,2025,НЕЙТРАЛЬ,5.019148610103952
1746157500000,SHORT,4.175986361422294,0.8123035367631334,4.5259863614222935,False,BSV/USDT,0.0264857285480374,26.6,2025-05-02 03:45:00,2025,НЕЙТРАЛЬ,2.8833411467008685
1746596700000,SHORT,-6.008914728682167,0.1403037037369407,9.24147286821704,False,CYBER/USDT,-0.1790616322775547,19.4,2025-05-07 05:45:00,2025,НЕЙТРАЛЬ,-8.787246407438715
1746679500000,SHORT,-1.2730174455129737,0.699536715110803,4.54843908568113,True,BCH/USDT,0.0538240661996954,7.199999999999999,2025-05-08 04:45:00,2025,НЕЙТРАЛЬ,-3.4916517286312896
1746723600000,SHORT,-1.6101120099564414,0.1020772158557713,6.312590748807288,True,1000BONK/USDT,-0.0827029563977092,47.8,2025-05-08 17:00:00,2025,НЕЙТРАЛЬ,-0.5074433675519741
1746739800000,SHORT,0.968132916256082,1.1888648468377332,6.92857220348788,True,1000PEPE/USDT,0.1230463356176845,51.4,2025-05-08 21:30:00,2025,НЕЙТРАЛЬ,1.391407433762959
1746755100000,SHORT,3.096538345258496,0.0084787157234811,5.879522321878447,False,EGLD/USDT,-0.0962344207838805,29.0,2025-05-09 01:45:00,2025,НЕЙТРАЛЬ,4.269016117289837
1746779400000,SHORT,-6.03649059938147,0.1011304440533368,5.686490599381471,True,1000BONK/USDT,-0.0863954208143372,47.8,2025-05-09 08:30:00,2025,НЕЙТРАЛЬ,6.261719520057629
1746779400000,SHORT,-6.022605533274408,0.8184337773504942,5.6726055332744085,True,1000SHIB/USDT,0.0066624046176782,,2025-05-09 08:30:00,2025,НЕЙТРАЛЬ,6.261719520057629
1746779400000,SHORT,-5.719896973599465,0.2352992671643924,5.369896973599466,True,ARKM/USDT,0.0018988133604364,45.2,2025-05-09 08:30:00,2025,НЕЙТРАЛЬ,6.261719520057629
1746779400000,SHORT,-5.209090909090892,0.1349550973514391,4.8590909090908925,True,GALA/USDT,-0.0335102389249445,43.0,2025-05-09 08:30:00,2025,НЕЙТРАЛЬ,6.261719520057629
1746779400000,SHORT,-4.494169198410829,-0.697587650891225,4.14416919841083,False,API3/USDT,-0.0510039609895533,58.6,2025-05-09 08:30:00,2025,НЕЙТРАЛЬ,6.261719520057629
1746779400000,SHORT,-4.441995912806522,-0.1724473017325283,4.091995912806523,False,ENJ/USDT,0.008815737963923,31.6,2025-05-09 08:30:00,2025,НЕЙТРАЛЬ,6.261719520057629
1746779400000,SHORT,-2.627605533031244,0.9191253692733542,5.120045313617927,True,FET/USDT,0.0630029319667967,46.8,2025-05-09 08:30:00,2025,НЕЙТРАЛЬ,6.261719520057629
1746779400000,SHORT,-2.480406714009036,-0.1444202336721456,4.638347320852139,False,EDU/USDT,-0.0743070490711148,21.6,2025-05-09 08:30:00,2025,НЕЙТРАЛЬ,6.261719520057629
1746779400000,SHORT,-1.4894941147007188,-0.3499336458287962,4.369271224643109,False,BIGTIME/USDT,-0.0328319593922327,30.8,2025-05-09 08:30:00,2025,НЕЙТРАЛЬ,6.261719520057629
1746779400000,SHORT,-0.8405968928863454,0.2334528871667638,4.072526573998341,True,APE/USDT,-0.0284946647049465,54.6,2025-05-09 08:30:00,2025,НЕЙТРАЛЬ,6.261719520057629
1746779400000,SHORT,-0.8129831841013393,0.6670454199320358,4.124498798864373,True,CAKE/USDT,-0.0758779776447463,47.2,2025-05-09 08:30:00,2025,НЕЙТРАЛЬ,6.261719520057629
1746779400000,SHORT,-0.6701707577374543,0.0202095942030486,5.170490928495177,True,ARB/USDT,-0.0012861379141504,48.4,2025-05-09 08:30:00,2025,НЕЙТРАЛЬ,6.261719520057629
1746779400000,SHORT,-0.5516129032258121,0.058669976110929,4.748790322580632,False,CHR/USDT,-0.000705331790195,31.0,2025-05-09 08:30:00,2025,НЕЙТРАЛЬ,6.261719520057629
1746779400000,SHORT,-0.4935750179468813,0.7279069511155838,4.332160804020083,False,BICO/USDT,-0.075054785464523,,2025-05-09 08:30:00,2025,НЕЙТРАЛЬ,6.261719520057629
1746779400000,SHORT,-0.4828740157480414,0.4904795908744497,5.87770669291337,True,DOGE/USDT,0.0672075070583325,70.6,2025-05-09 08:30:00,2025,НЕЙТРАЛЬ,6.261719520057629
1746779400000,SHORT,-0.2451562172363201,-0.024252725938438,4.1698259593206055,True,ETC/USDT,-0.0303852197422228,44.4,2025-05-09 08:30:00,2025,НЕЙТРАЛЬ,6.261719520057629
1746779400000,SHORT,-0.0179013922595418,0.658721186801246,4.8095925405543385,True,ADA/USDT,-0.0125854794754873,53.2,2025-05-09 08:30:00,2025,НЕЙТРАЛЬ,6.261719520057629
1746779400000,SHORT,0.078424742414048,0.4328383777408178,4.252621888609553,False,ACH/USDT,-0.0566799558371921,56.39999999999999,2025-05-09 08:30:00,2025,НЕЙТРАЛЬ,6.261719520057629
1746779400000,SHORT,0.759083500168323,0.7852130231727323,4.11169498432044,True,APT/USDT,-0.0296825209859572,60.8,2025-05-09 08:30:00,2025,НЕЙТРАЛЬ,6.261719520057629
1746779400000,SHORT,1.171210013908197,0.2499875159884323,5.784066411682884,True,ENS/USDT,0.0198106214701103,53.400000000000006,2025-05-09 08:30:00,2025,НЕЙТРАЛЬ,6.261719520057629
1746779400000,SHORT,1.6120821710557314,0.2706725437294167,4.591593778071959,True,AAVE/USDT,0.0133155373094084,54.400000000000006,2025-05-09 08:30:00,2025,НЕЙТРАЛЬ,6.261719520057629
1746779400000,SHORT,2.477162621757171,0.5859844030236816,5.02424633519848,True,ETH/USDT,0.1226201565401481,68.0,2025-05-09 08:30:00,2025,НЕЙТРАЛЬ,6.261719520057629
1746781200000,SHORT,2.8797436135122347,1.071492567667237,8.237036607880848,True,1000PEPE/USDT,0.0702263244537298,51.4,2025-05-09 09:00:00,2025,НЕЙТРАЛЬ,6.46529821851245
1746782100000,SHORT,1.2373015873015838,0.353033908702366,4.545502645502629,False,1INCH/USDT,-0.0563921142380601,37.4,2025-05-09 09:15:00,2025,НЕЙТРАЛЬ,6.435479914329245
1746837900000,SHORT,-6.646346526432315,0.5161332139104258,6.296346526432315,False,ACE/USDT,0.0284094362882819,28.4,2025-05-10 00:45:00,2025,НЕЙТРАЛЬ,10.010974463692468
1746837900000,SHORT,-3.977324617934084,0.5783468426853812,4.713864849935541,False,CKB/USDT,-0.1014639263342649,39.2,2025-05-10 00:45:00,2025,НЕЙТРАЛЬ,10.010974463692468
1746837900000,SHORT,-3.6608522378908734,-0.1188380957693188,4.543225015328019,False,EDU/USDT,-0.1106427635363524,21.6,2025-05-10 00:45:00,2025,НЕЙТРАЛЬ,10.010974463692468
1746837900000,SHORT,-1.3822580645161229,0.4717154354440143,4.182580645161283,False,CTSI/USDT,0.0486218922942488,,2025-05-10 00:45:00,2025,НЕЙТРАЛЬ,10.010974463692468
1746837900000,SHORT,-0.541204588910134,0.4032508379929333,4.135564053537286,False,ALICE/USDT,-0.0834909949196049,25.6,2025-05-10 00:45:00,2025,НЕЙТРАЛЬ,10.010974463692468
1746837900000,SHORT,-0.1672291945899772,0.4767676924106296,4.475602128264481,True,CAKE/USDT,-0.0791055246697976,47.0,2025-05-10 00:45:00,2025,НЕЙТРАЛЬ,10.010974463692468
1746843300000,SHORT,5.285328386157136,0.095495108562788,5.635328386157136,False,AUCTION/USDT,0.2094870638907233,67.2,2025-05-10 02:15:00,2025,НЕЙТРАЛЬ,11.044093747912909
1746867600000,SHORT,0.5771217712177139,1.2948591425356002,4.786050123001217,True,1000PEPE/USDT,0.0118460504557313,48.4,2025-05-10 09:00:00,2025,НЕЙТРАЛЬ,12.998833301673029
1746867600000,SHORT,1.7776595744680872,0.0209389352413035,4.330969267139468,False,CELO/USDT,-0.1168687982386481,22.4,2025-05-10 09:00:00,2025,НЕЙТРАЛЬ,12.998833301673029
1746922500000,SHORT,-5.94621495327102,0.252421820648547,5.59621495327102,True,GALA/USDT,-0.0571221420633662,43.0,2025-05-11 00:15:00,2025,БЫК,21.674684515094476
1746922500000,SHORT,-5.401728553136988,0.2610149487148859,5.051728553136988,True,ARKM/USDT,-0.0615314982932915,45.2,2025-05-11 00:15:00,2025,БЫК,21.674684515094476
1746922500000,SHORT,-5.14396103896103,0.0555157263264019,4.79396103896103,False,CYBER/USDT,-0.2146978776799276,35.8,2025-05-11 00:15:00,2025,БЫК,21.674684515094476
1746922500000,SHORT,-4.538437120086452,0.3505504042740123,4.188437120086452,False,ACE/USDT,-0.1218998888002985,28.4,2025-05-11 00:15:00,2025,БЫК,21.674684515094476
1746922500000,SHORT,-3.697034644744558,-0.6741028087100778,5.070581327069866,False,EDU/USDT,-0.0998544653812913,21.6,2025-05-11 00:15:00,2025,БЫК,21.674684515094476
1746922500000,SHORT,-2.7162884927066435,0.2867047134321778,4.819189627228523,True,AXS/USDT,-0.1459400913167914,73.0,2025-05-11 00:15:00,2025,БЫК,21.674684515094476
1746922500000,SHORT,-2.61763717805151,0.2230472690822823,5.3075121313922855,False,AGLD/USDT,-0.0969906245646698,71.39999999999999,2025-05-11 00:15:00,2025,БЫК,21.674684515094476
1746922500000,SHORT,-2.5846368715083816,0.0264106514054835,4.595903165735553,False,ALICE/USDT,-0.096931010500333,25.6,2025-05-11 00:15:00,2025,БЫК,21.674684515094476
1746922500000,SHORT,-2.0328350821619554,0.4124176632368628,4.241704612947917,True,CFX/USDT,-0.0926070854773552,37.2,2025-05-11 00:15:00,2025,БЫК,21.674684515094476
1746922500000,SHORT,-1.5459265245674505,0.7993871778047871,4.13892494008422,True,ETH/USDT,-0.0409658509003095,68.4,2025-05-11 00:15:00,2025,БЫК,21.674684515094476
1746922500000,SHORT,-1.4045344983428754,0.5968281574059023,4.032163302199457,True,APE/USDT,-0.1344638059680614,54.6,2025-05-11 00:15:00,2025,БЫК,21.674684515094476
1746922500000,SHORT,-0.8567567567567478,0.3633206323429962,4.069721283783764,False,1INCH/USDT,-0.0785963923841358,37.4,2025-05-11 00:15:00,2025,БЫК,21.674684515094476
1746922500000,SHORT,-0.7471571906354467,0.0630062438082351,4.157692307692284,False,COMP/USDT,-0.0890945027239122,68.8,2025-05-11 00:15:00,2025,БЫК,21.674684515094476
1746922500000,SHORT,-0.5850056196996096,-0.1750051561898401,4.717012363339125,False,ENJ/USDT,-0.0925441723376889,31.6,2025-05-11 00:15:00,2025,БЫК,21.674684515094476
1746922500000,SHORT,-0.4479491888582927,0.8361624880134675,6.127040097949189,True,1000SHIB/USDT,-0.134620577963228,,2025-05-11 00:15:00,2025,БЫК,21.674684515094476
1746922500000,SHORT,-0.35,0.7524711170377499,4.399676244435444,True,ALGO/USDT,-0.0845112333114863,57.4,2025-05-11 00:15:00,2025,БЫК,21.674684515094476
1746922500000,SHORT,-0.2860153563144871,0.1398883813315654,4.728185235543462,False,BLUR/USDT,-0.0739342631462017,48.0,2025-05-11 00:15:00,2025,БЫК,21.674684515094476
1746922500000,SHORT,-0.2524199843871995,0.6092926651198519,4.939168618266965,True,DOT/USDT,-0.0868927862365396,49.4,2025-05-11 00:15:00,2025,БЫК,21.674684515094476
1746922500000,SHORT,-0.2139455782312923,0.4483094205479458,4.120952380952367,True,DYDX/USDT,-0.0699129103250867,29.2,2025-05-11 00:15:00,2025,БЫК,21.674684515094476
1746922500000,SHORT,0.2773525721455463,0.3851116104732544,4.201254705144272,True,CRV/USDT,-0.0339862492162394,43.4,2025-05-11 00:15:00,2025,БЫК,21.674684515094476
1746922500000,SHORT,2.3360179885527472,0.924332785231188,6.504165985282088,True,DOGE/USDT,0.0005101106573706,70.6,2025-05-11 00:15:00,2025,БЫК,21.674684515094476
1746974700000,SHORT,2.3184280052840154,0.2893607463694393,7.481321003963008,False,GAS/USDT,-0.1553571384630067,55.400000000000006,2025-05-11 14:45:00,2025,БЫК,22.583681062316874
1747018800000,SHORT,-4.544865626840944,0.5148521269840731,4.1948656268409446,True,1000PEPE/USDT,-0.0117291618125134,51.6,2025-05-12 03:00:00,2025,БЫК,24.253935784658776
1747035900000,SHORT,3.8309361806779534,0.9769066786574416,4.180936180677954,True,DOGE/USDT,-0.0799998831152269,45.6,2025-05-12 07:45:00,2025,БЫК,26.150059959651927
1747036800000,SHORT,-0.0687609858989914,1.5485753610389426,5.130666770829249,True,AVAX/USDT,-0.0552297265951288,61.6,2025-05-12 08:00:00,2025,БЫК,25.35959578137913
1747036800000,SHORT,0.9248847700304104,0.050861624986564,5.867304109051672,True,CFX/USDT,-0.0286759437494082,37.2,2025-05-12 08:00:00,2025,БЫК,25.35959578137913
1747049400000,SHORT,3.662894632206741,0.4322247561961824,4.0128946322067405,True,CAKE/USDT,-0.0920860342403468,45.4,2025-05-12 11:30:00,2025,БЫК,28.784831003565657
1747076400000,LONG,-1.0708387942332975,0.032066735510119,4.024049803407601,False,CYBER/USDT,-0.1766254677219274,35.8,2025-05-12 19:00:00,2025,БЫК,20.66357368543962
1747077300000,LONG,-0.6740982749607995,-0.0854653305674865,4.125394668060633,True,CFX/USDT,-0.0224800918010075,37.2,2025-05-12 19:15:00,2025,БЫК,21.198035836998507
1747134000000,SHORT,-2.6923423423423243,0.1071478911165606,5.721621621621597,False,ALICE/USDT,-0.1184407472760211,25.6,2025-05-13 11:00:00,2025,БЫК,24.928304186987827
1747173600000,SHORT,-0.3124295554164099,0.5558743731467352,5.638447088290535,True,ARKM/USDT,-0.0369111490747871,45.2,2025-05-13 22:00:00,2025,БЫК,31.452549548536968
1747184400000,SHORT,1.2134594492466086,-0.017689106039891,4.004813187851288,False,EGLD/USDT,-0.1243880742785654,29.4,2025-05-14 01:00:00,2025,БЫК,29.20189163874065
1747378800000,SHORT,1.4129407351837893,-0.138057910815839,4.777006751687916,False,ARPA/USDT,-0.1078153768062887,27.4,2025-05-16 07:00:00,2025,БЫК,1.2940633928499867
1747394100000,SHORT,3.914991239597013,0.0482337833791577,4.264991239597013,False,API3/USDT,-0.0682469780679132,54.6,2025-05-16 11:15:00,2025,БЫК,0.6778945631752964
1747710900000,SHORT,0.6195290858725772,-0.1796431710076209,4.050831024930736,True,CRV/USDT,0.052044748614748,45.0,2025-05-20 03:15:00,2025,НЕЙТРАЛЬ,-3.6451079152683254
1748003400000,LONG,3.9330212234706585,0.2532633482246316,4.283021223470659,True,CRV/USDT,0.0639623643357807,45.8,2025-05-23 12:30:00,2025,НЕЙТРАЛЬ,-1.2141014152412088
1748322900000,SHORT,-4.749320089641801,0.4342099391726834,4.399320089641801,True,CAKE/USDT,0.0749964740840125,44.4,2025-05-27 05:15:00,2025,НЕЙТРАЛЬ,-3.193036975953417
1748567700000,LONG,-2.703651176825582,-0.1404701006212509,5.578460525593911,True,1000BONK/USDT,-0.0557351363930137,45.0,2025-05-30 01:15:00,2025,НЕЙТРАЛЬ,-14.038458859507196
1748567700000,LONG,-1.8274166314900784,0.4469691791431642,4.382271000422118,False,ARPA/USDT,-0.0924880901810889,29.8,2025-05-30 01:15:00,2025,НЕЙТРАЛЬ,-14.038458859507196
1748567700000,LONG,-1.3599416127505155,0.6710273278497628,7.427047498816462,False,COTI/USDT,0.0307688101262809,32.0,2025-05-30 01:15:00,2025,НЕЙТРАЛЬ,-14.038458859507196
1748568600000,LONG,-3.2261362094695385,0.6028859958018192,4.5471577804911245,False,DUSK/USDT,-0.0049254113291952,29.0,2025-05-30 01:30:00,2025,НЕЙТРАЛЬ,-14.672141505523689
1748568600000,LONG,-2.9970588235294264,0.5964963531870805,4.551911764705875,False,CTSI/USDT,-0.048181347184197,,2025-05-30 01:30:00,2025,НЕЙТРАЛЬ,-14.672141505523689
1748568600000,LONG,-2.482816286960744,0.48751373999521,4.021231216674755,True,ALGO/USDT,-0.0581601576533232,28.2,2025-05-30 01:30:00,2025,НЕЙТРАЛЬ,-14.672141505523689
1748568600000,LONG,-2.315065502183408,0.6565474724086092,4.7843231441048015,False,1INCH/USDT,-0.0602765336638184,6.4,2025-05-30 01:30:00,2025,НЕЙТРАЛЬ,-14.672141505523689
1748568600000,LONG,-2.2282150974996933,0.3270210894284642,4.832360330183034,False,AGLD/USDT,-0.0586085032714348,70.39999999999999,2025-05-30 01:30:00,2025,НЕЙТРАЛЬ,-14.672141505523689
1748568600000,LONG,-1.6907455853498994,-0.1101091299338914,4.962230215827349,True,ARKM/USDT,-0.021901526582225,40.8,2025-05-30 01:30:00,2025,НЕЙТРАЛЬ,-14.672141505523689
1748568600000,LONG,-1.2682148195601033,0.4721287280780918,5.32438607730086,False,CKB/USDT,-0.0736981776354071,42.0,2025-05-30 01:30:00,2025,НЕЙТРАЛЬ,-14.672141505523689
1748568600000,LONG,-1.240081944051988,0.5399644149400998,4.004591692568522,True,ADA/USDT,-0.1419005681494708,3.8,2025-05-30 01:30:00,2025,НЕЙТРАЛЬ,-14.672141505523689
1748651400000,LONG,-4.371306376360803,0.3252856219092601,4.021306376360803,False,EDU/USDT,-0.0071582038646355,22.6,2025-05-31 00:30:00,2025,НЕЙТРАЛЬ,-13.688715631787158
1748651400000,LONG,0.7048523206751113,0.7894555770626832,4.208772855133624,False,COTI/USDT,0.03794353645872,29.0,2025-05-31 00:30:00,2025,НЕЙТРАЛЬ,-13.688715631787158
1748651400000,LONG,2.819213355970568,0.3000186758527565,4.249632144878335,False,ARK/USDT,-0.0429953708622672,25.4,2025-05-31 00:30:00,2025,НЕЙТРАЛЬ,-13.688715631787158
1748654100000,LONG,4.2808597285068055,0.6695676384006211,4.630859728506805,False,ARPA/USDT,-0.0806191978575087,10.0,2025-05-31 01:15:00,2025,НЕЙТРАЛЬ,-15.48607005695914
1748764800000,SHORT,3.8214796283059367,0.5211495914741022,4.171479628305937,False,EDU/USDT,-0.0103242384851909,23.0,2025-06-01 08:00:00,2025,НЕЙТРАЛЬ,-10.016629042028164
1748970900000,SHORT,3.975197368421039,0.5447953345827734,4.325197368421039,False,COMP/USDT,0.1176562519909032,67.2,2025-06-03 17:15:00,2025,НЕЙТРАЛЬ,-8.819570345176592
1749033000000,SHORT,4.317224780242788,0.4169124654511137,6.702574298869799,False,COMP/USDT,-0.0020881449728759,75.4,2025-06-04 10:30:00,2025,НЕЙТРАЛЬ,-8.818885232053825
1749159900000,LONG,0.4630081300813117,-0.0299456279846276,4.082655826558274,False,CYBER/USDT,0.1122912866735135,31.2,2025-06-05 21:45:00,2025,НЕЙТРАЛЬ,-15.699186971836632
1749222900000,SHORT,3.991961392137504,0.2350726915124807,4.341961392137504,False,API3/USDT,0.014408244042148,53.2,2025-06-06 15:15:00,2025,НЕЙТРАЛЬ,-5.6093764637893395
1749289500000,SHORT,0.36090047393365,0.353348387536906,4.81587677725118,False,ALICE/USDT,-0.075298666793993,7.8,2025-06-07 09:45:00,2025,НЕЙТРАЛЬ,1.0540676516445635
1749468600000,SHORT,-2.695798261349526,0.2268609440087073,6.0021664136884185,False,API3/USDT,0.0227798308794406,52.2,2025-06-09 11:30:00,2025,НЕЙТРАЛЬ,1.6882353465090816
1749510900000,SHORT,-5.897912992357435,-0.3378144966259282,5.547912992357436,False,COMP/USDT,-0.1440588558471173,66.0,2025-06-09 23:15:00,2025,НЕЙТРАЛЬ,0.3008170252192133
1749561300000,SHORT,-3.446291255529092,-0.3793773988753277,6.27226947941476,False,COMP/USDT,-0.1208972857398281,76.6,2025-06-10 13:15:00,2025,НЕЙТРАЛЬ,2.403263807500877
1749860100000,SHORT,1.5463574915508786,-1.0680342826912472,7.117236199774683,False,COMP/USDT,-0.1644869555599113,74.6,2025-06-14 00:15:00,2025,НЕЙТРАЛЬ,-1.7848278394772543
1749864600000,SHORT,2.0977806788511804,-0.2529329644265986,4.195463446475181,False,GAS/USDT,-0.0601916206844423,58.4,2025-06-14 01:30:00,2025,НЕЙТРАЛЬ,-2.5918109234186746
1749974400000,SHORT,0.3214628297362168,0.1665108659286255,5.302973621103098,False,ARPA/USDT,-0.0012884583646903,33.800000000000004,2025-06-15 08:00:00,2025,МЕДВЕДЬ,-4.78716124305329
1750442400000,LONG,-3.017946257197701,-0.2868053680399102,4.318618042226481,True,AR/USDT,0.0206247171652755,28.6,2025-06-20 18:00:00,2025,МЕДВЕДЬ,-4.6154527446017335
1750543200000,LONG,-0.8741700640652208,0.2584279771334276,4.132382061735585,False,1INCH/USDT,-0.003056587633518,28.2,2025-06-21 22:00:00,2025,МЕДВЕДЬ,-10.464540592306488
1750544100000,LONG,-1.2999136442141686,0.9988459387028622,4.755505181347157,False,COTI/USDT,-0.0685472267338203,12.0,2025-06-21 22:15:00,2025,МЕДВЕДЬ,-10.234178280868516
1750544100000,LONG,-1.2640767824497263,0.3272113155382,4.309872029250459,True,CRV/USDT,-0.075701997563636,25.2,2025-06-21 22:15:00,2025,МЕДВЕДЬ,-10.234178280868516
1750603500000,LONG,-4.402985462097616,-0.2533006880027721,4.052985462097617,True,ARKM/USDT,-0.0150466302422752,42.6,2025-06-22 14:45:00,2025,МЕДВЕДЬ,-15.428347163041034
1750624200000,LONG,1.991690179934312,0.8896183467521812,4.307553540866825,True,1000PEPE/USDT,0.0082973520608578,56.99999999999999,2025-06-22 20:30:00,2025,МЕДВЕДЬ,-14.960600968367727
1750624200000,LONG,3.082700993676605,0.1230248099767546,8.585817524841916,False,BIGTIME/USDT,0.01577658254952,38.2,2025-06-22 20:30:00,2025,МЕДВЕДЬ,-14.960600968367727
1750625100000,LONG,0.5787925696594436,-0.4112879038908851,4.621362229102174,False,ALICE/USDT,-0.1029990728059192,30.0,2025-06-22 20:45:00,2025,МЕДВЕДЬ,-14.522999465384506
1750659300000,SHORT,0.9441919191919133,0.1350431835040404,6.125505050505043,False,CKB/USDT,-0.0732647854412376,39.6,2025-06-23 06:15:00,2025,МЕДВЕДЬ,-14.690185979537052
1750725000000,SHORT,-1.5988174077578066,0.3332445598391612,5.310255439924298,False,BIGTIME/USDT,-0.0175331641746211,39.6,2025-06-24 00:30:00,2025,МЕДВЕДЬ,-4.81822803317396
1750778100000,SHORT,-4.832645069039838,0.3188785660226481,4.482645069039839,True,APT/USDT,0.181281996592648,75.0,2025-06-24 15:15:00,2025,МЕДВЕДЬ,-1.1185911021766026
1750815900000,SHORT,-1.4095580970000134,0.6122416465000601,4.0701852124371865,True,BCH/USDT,-0.0063504196244618,11.6,2025-06-25 01:45:00,2025,МЕДВЕДЬ,-1.0405614223609971
1751289300000,LONG,-4.629157427937916,-0.4119137371073207,4.279157427937916,False,BSV/USDT,-0.0442757224001699,2.6,2025-06-30 13:15:00,2025,НЕЙТРАЛЬ,8.891709454214725
1751391900000,SHORT,-9.281992516370442,-0.1138224293335922,8.931992516370443,False,ARPA/USDT,-0.1994445336318232,9.6,2025-07-01 17:45:00,2025,НЕЙТРАЛЬ,-4.239856189008739
1751464800000,SHORT,-3.1233755942947727,0.0884811329452207,6.923085050184887,False,ARK/USDT,-0.0108860653791268,21.8,2025-07-02 14:00:00,2025,НЕЙТРАЛЬ,-1.0792053900311238
1751465700000,SHORT,-0.6279708130646284,-1.10492361898258,8.001980542043077,False,GAS/USDT,0.0600137565445255,8.200000000000001,2025-07-02 14:15:00,2025,НЕЙТРАЛЬ,0.09553176656725837
1751508900000,SHORT,-5.162512309207287,0.3574998477519083,4.812512309207287,True,1000BONK/USDT,-0.0459921885407999,45.2,2025-07-03 02:15:00,2025,НЕЙТРАЛЬ,4.0013107594626725
1751630400000,SHORT,-1.7792520247737031,0.392907245847948,9.474654597427332,False,ARK/USDT,-0.0037060445304234,2.4,2025-07-04 12:00:00,2025,НЕЙТРАЛЬ,3.7456884682514513
1751891400000,SHORT,1.389712278353966,-0.5494026010381549,4.259652057544323,False,GAS/USDT,-0.2050692070696333,7.199999999999999,2025-07-07 12:30:00,2025,НЕЙТРАЛЬ,-0.44132598430908776
1751965200000,SHORT,1.670202020202022,0.0198681475119586,4.014814814814812,False,CELO/USDT,-0.2379683795126085,0.2,2025-07-08 09:00:00,2025,НЕЙТРАЛЬ,0.41146761734996984
1751981400000,SHORT,-0.3230820995962279,0.3464611064432668,7.778627187079391,False,CKB/USDT,-0.1651526508856942,51.8,2025-07-08 13:30:00,2025,НЕЙТРАЛЬ,3.1080515005313503
1752002100000,SHORT,0.3006180871828198,-0.3644163420946321,8.97918022121013,False,DUSK/USDT,0.004483232381884,22.8,2025-07-08 19:15:00,2025,НЕЙТРАЛЬ,5.555743504485012
1752021000000,SHORT,-0.2718546496483468,0.3439007910162329,5.499192498046358,False,CKB/USDT,-0.1362270341826315,1.6,2025-07-09 00:30:00,2025,НЕЙТРАЛЬ,5.0298086849766115
1752054300000,SHORT,4.715874730021575,0.0098230131736278,5.065874730021575,False,ALICE/USDT,-0.0890617657708493,31.4,2025-07-09 09:45:00,2025,НЕЙТРАЛЬ,4.633199663062449
1752071400000,SHORT,-3.313489805595069,-0.4389243006937636,4.294879089615914,False,COMP/USDT,0.0252583681931406,75.0,2025-07-09 14:30:00,2025,НЕЙТРАЛЬ,3.7456532538499676
1752192000000,SHORT,-4.774032541776608,-0.3655353418398486,4.424032541776608,True,CFX/USDT,0.1025102171637027,55.00000000000001,2025-07-11 00:00:00,2025,НЕЙТРАЛЬ,9.233828655513864
1752204600000,SHORT,-6.564805520702609,-0.1791962093008433,6.214805520702609,False,CYBER/USDT,0.0078348395466352,22.8,2025-07-11 03:30:00,2025,НЕЙТРАЛЬ,11.830160789453481
1752214500000,SHORT,-9.686737864077651,0.9534826027441528,9.336737864077651,False,1INCH/USDT,-0.0450877783252234,17.8,2025-07-11 06:15:00,2025,НЕЙТРАЛЬ,16.114370207588447
1752237900000,SHORT,-10.528576563623265,1.213244762550848,10.178576563623263,False,1INCH/USDT,-0.1090520269161555,51.8,2025-07-11 12:45:00,2025,НЕЙТРАЛЬ,17.23064315700111
1752248700000,SHORT,-4.762085673110365,0.8893050067948665,4.412085673110365,True,DOGE/USDT,-0.1041726067066586,82.6,2025-07-11 15:45:00,2025,НЕЙТРАЛЬ,18.178512183778516
1752307200000,SHORT,11.394802240112003,0.4836828983991748,11.744802240112003,False,ARK/USDT,-0.0493471145688454,6.6000000000000005,2025-07-12 08:00:00,2025,НЕЙТРАЛЬ,18.284811749585593
1752358500000,SHORT,-4.930716510903408,1.8619708917426587,4.580716510903408,False,1INCH/USDT,-0.2945663870922058,52.2,2025-07-12 22:15:00,2025,НЕЙТРАЛЬ,15.905869279143248
1752371100000,SHORT,-4.758839027706941,0.4752585263488239,4.408839027706941,False,BIGTIME/USDT,0.062133807607894,33.4,2025-07-13 01:45:00,2025,НЕЙТРАЛЬ,17.10515482808065
1752384600000,SHORT,-9.9106761282092,0.3531116827978467,9.5606761282092,False,AUCTION/USDT,-0.2240507344398018,0.0,2025-07-13 05:30:00,2025,НЕЙТРАЛЬ,19.310536778979014
1752392700000,SHORT,-1.7916058394160412,0.0919865975697059,6.5595985401459735,True,ARKM/USDT,0.0565522765141821,61.0,2025-07-13 07:45:00,2025,НЕЙТРАЛЬ,18.828956463671254
1752415200000,SHORT,-0.4364304235090717,-0.2189080307646005,4.4611063094209005,False,ARPA/USDT,0.0894666171755631,40.0,2025-07-13 14:00:00,2025,НЕЙТРАЛЬ,17.759952818016234
1752420600000,SHORT,-1.0512076353720388,1.0119898998403882,5.496688741721859,True,ALGO/USDT,0.0685294224977788,70.39999999999999,2025-07-13 15:30:00,2025,НЕЙТРАЛЬ,17.877219515655398
1752445800000,LONG,4.445572041265807,0.2838496264154387,4.795572041265807,False,BLUR/USDT,-0.0377284855167155,63.2,2025-07-13 22:30:00,2025,НЕЙТРАЛЬ,14.993327446679483
1752468300000,SHORT,4.627728962487307,1.1526018099010376,4.977728962487307,True,ALGO/USDT,-0.0464133310569065,70.39999999999999,2025-07-14 04:45:00,2025,НЕЙТРАЛЬ,20.649292070440072
1752474600000,SHORT,-3.671256038647341,-0.909371649712936,8.113224637681148,False,COMP/USDT,-0.0517044880948308,73.2,2025-07-14 06:30:00,2025,НЕЙТРАЛЬ,19.996675599328483
1752632100000,SHORT,-4.598354876615727,-0.1127110072587194,4.248354876615728,False,CYBER/USDT,0.0513949909108753,20.200000000000003,2025-07-16 02:15:00,2025,БЫК,18.980952467873834
1752632100000,SHORT,-3.504246100519931,-0.1233976701691448,8.018058925476582,False,BSV/USDT,-0.1432175951589978,31.0,2025-07-16 02:15:00,2025,БЫК,18.980952467873834
1752632100000,SHORT,-2.273301084042433,0.8834700924382024,4.290643820181058,True,ENS/USDT,0.1075777998798379,68.4,2025-07-16 02:15:00,2025,БЫК,18.980952467873834
1752708600000,SHORT,-5.05879120879119,0.6783066131161941,4.70879120879119,True,CRV/USDT,0.0358698308276636,55.400000000000006,2025-07-16 23:30:00,2025,БЫК,15.343207829984895
1752754500000,SHORT,5.035029617662903,0.5062363056176482,6.6733979536887365,False,CYBER/USDT,0.0138052597352098,19.6,2025-07-17 12:15:00,2025,БЫК,14.702752293481126
1752764400000,SHORT,-0.3719432985166245,0.1067601803360709,6.000364258755363,False,ACH/USDT,0.0056572117889909,75.6,2025-07-17 15:00:00,2025,БЫК,14.512678487833774
1752808500000,SHORT,0.6455328653478022,0.646402778936206,4.268474792597314,False,API3/USDT,-0.0183605118597117,29.2,2025-07-18 03:15:00,2025,БЫК,9.94920063974124
1752815700000,SHORT,1.0501680201624053,0.9142022152193064,8.684080089610747,True,APE/USDT,0.0025608760911149,75.8,2025-07-18 05:15:00,2025,БЫК,10.581562277294509
1752829200000,SHORT,-5.139534737107551,1.4922357112491025,4.789534737107552,True,ETC/USDT,0.057189099372886,64.0,2025-07-18 09:00:00,2025,БЫК,10.466804451510336
1752844500000,SHORT,4.80850023288308,-0.6941929436097085,5.15850023288308,False,ACE/USDT,0.0015304360398911,18.6,2025-07-18 13:15:00,2025,БЫК,9.878196723781974
1752855300000,LONG,-4.716501152686655,0.1061676227399518,4.366501152686655,True,1000BONK/USDT,-0.0335623284721968,43.4,2025-07-18 16:15:00,2025,БЫК,7.033439311679713
1752917400000,SHORT,1.5440609951845905,0.4927594590732844,4.550272873194211,False,BSV/USDT,-0.069615992112071,30.6,2025-07-19 09:30:00,2025,БЫК,6.069904287369809
1752921000000,SHORT,-1.5207109408258843,0.1126941100504858,4.591251596424003,False,ARK/USDT,-0.1099447675981241,31.2,2025-07-19 10:30:00,2025,БЫК,6.486109835427845
1752939000000,SHORT,0.7856466876971583,-0.7446725897603804,5.061876971608827,False,ACE/USDT,0.0403433414512607,18.6,2025-07-19 15:30:00,2025,БЫК,10.292908007557033
1752974100000,SHORT,-3.311472110408274,0.7136930890766181,4.654600345025854,False,GAS/USDT,0.0531385198271386,44.6,2025-07-20 01:15:00,2025,БЫК,11.30296382883068
1752994800000,SHORT,-7.736071900424159,0.2024646631479335,7.386071900424159,True,CFX/USDT,0.2150254862057483,53.400000000000006,2025-07-20 07:00:00,2025,БЫК,11.060870034957826
1752994800000,SHORT,-1.0127093836396162,0.0915979328630852,5.813319238900618,False,ACH/USDT,0.0562571494949355,74.2,2025-07-20 07:00:00,2025,БЫК,11.060870034957826
1753009200000,SHORT,-6.35201342281879,0.3352035846611425,6.002013422818791,False,CKB/USDT,-0.1441776404102694,52.6,2025-07-20 11:00:00,2025,БЫК,12.079294920377237
1753031700000,SHORT,5.002385565512242,0.417449834454285,10.19014981143824,False,ACH/USDT,-0.005517874563857,73.8,2025-07-20 17:15:00,2025,БЫК,13.883446459646642
1753032600000,SHORT,7.486483710008795,0.901862605084553,7.836483710008794,False,CKB/USDT,0.0160579661002279,0.8,2025-07-20 17:30:00,2025,БЫК,12.954111510849453
1753033500000,SHORT,3.6622686771761255,0.3577485762442441,4.012268677176126,True,FIL/USDT,0.0148614318408738,53.8,2025-07-20 17:45:00,2025,БЫК,12.348012507849116
1753068600000,SHORT,-7.702615171458254,0.7417718720506205,7.352615171458254,False,BLUR/USDT,0.013414311254755,61.2,2025-07-21 03:30:00,2025,БЫК,11.358942712079923
1753073100000,SHORT,-0.4472762645914405,1.3924819130329,5.526862145636459,False,BIGTIME/USDT,-0.0500928239154502,32.0,2025-07-21 04:45:00,2025,БЫК,10.03586825661299
1753092000000,SHORT,1.314429530201338,0.9704862143762608,4.419704697986568,True,APE/USDT,-0.0595851159621489,74.0,2025-07-21 10:00:00,2025,БЫК,12.38224533568859
1753124400000,SHORT,5.818562352700061,0.5982307026067365,6.168562352700061,False,API3/USDT,-0.0182225714202873,28.6,2025-07-21 19:00:00,2025,БЫК,16.27081743622033
1753198200000,SHORT,-0.0826955543050191,0.7779999003373027,6.279477349465383,True,ENS/USDT,-0.0517836734714416,66.2,2025-07-22 15:30:00,2025,БЫК,13.333804290141648
1753209900000,LONG,5.904645659857433,0.6446017311422304,6.254645659857433,True,CFX/USDT,0.0797743674358275,51.8,2025-07-22 18:45:00,2025,БЫК,11.626095708869922
1753252200000,SHORT,3.933965728274161,0.17984646477588,7.297674418604652,False,CTSI/USDT,-0.0612938137935167,,2025-07-23 06:30:00,2025,БЫК,10.062103895450669
1753255800000,SHORT,3.742456773703204,-0.00279701052942,4.092456773703204,False,ARK/USDT,-0.2158436300661448,32.2,2025-07-23 07:30:00,2025,БЫК,8.931635102896163
1753264800000,SHORT,4.15478058347634,0.1059958526446671,4.50478058347634,False,DUSK/USDT,-0.0935641986437506,30.6,2025-07-23 10:00:00,2025,БЫК,7.550445640863224
1753266600000,SHORT,6.549713914174238,0.2710481098167123,6.899713914174238,False,GAS/USDT,0.0773083556705112,42.4,2025-07-23 10:30:00,2025,БЫК,8.698647579218033
1753276500000,SHORT,5.006154747948401,-0.4974808584235138,5.356154747948401,False,ARPA/USDT,-0.0005680139644805,37.8,2025-07-23 13:15:00,2025,БЫК,7.249522986908941
1753438500000,SHORT,4.260888252148996,0.1172049666793382,4.610888252148996,True,CRV/USDT,-0.0022732942466357,52.400000000000006,2025-07-25 10:15:00,2025,БЫК,-5.269848898857477
1753497900000,SHORT,-6.013026166097832,0.1942678102460494,5.663026166097833,False,CKB/USDT,-0.0369062891227921,51.4,2025-07-26 02:45:00,2025,НЕЙТРАЛЬ,-1.208752591798229
1753517700000,LONG,-0.4851351351351389,0.3309702468054379,4.746081081081087,False,CTSI/USDT,-0.0329473797620409,,2025-07-26 08:15:00,2025,НЕЙТРАЛЬ,-1.0495115128090204
1753528500000,SHORT,-0.35,0.8201197595899496,4.172970297029677,False,CHR/USDT,0.0572144030916231,34.4,2025-07-26 11:15:00,2025,НЕЙТРАЛЬ,-1.4886230393754418
1753537500000,SHORT,3.866768759571205,-0.4864262097933442,4.216768759571205,False,ARPA/USDT,0.0087918376624906,36.2,2025-07-26 13:45:00,2025,НЕЙТРАЛЬ,-0.3262201812274823
1753609500000,SHORT,1.3335016835016735,0.7679825972203477,4.915375982042642,False,ANKR/USDT,-0.0041309109800192,34.0,2025-07-27 09:45:00,2025,НЕЙТРАЛЬ,-5.831916606778181
1753769700000,SHORT,-6.465842336259263,0.5750986518307042,6.115842336259264,True,CFX/USDT,0.0565552119792219,50.8,2025-07-29 06:15:00,2025,НЕЙТРАЛЬ,-6.9712170377553
1753769700000,SHORT,-4.218743615934628,0.3718769441338496,6.942271024855288,False,ACH/USDT,0.0325292237172344,69.39999999999999,2025-07-29 06:15:00,2025,НЕЙТРАЛЬ,-6.9712170377553
1753772400000,SHORT,-0.1694945848375482,0.4641300458497521,5.912454873646203,False,BAT/USDT,-0.0219425473001592,45.4,2025-07-29 07:00:00,2025,НЕЙТРАЛЬ,-6.829749852257272
1753774200000,SHORT,6.06640077530936,0.2066856795104036,6.416400775309359,False,CKB/USDT,-0.0247835123147746,4.4,2025-07-29 07:30:00,2025,НЕЙТРАЛЬ,-5.626941324221896
1753783200000,SHORT,1.763459399332593,0.7413526455865447,8.277141268075622,False,CYBER/USDT,-6.7227933662785e-05,17.2,2025-07-29 10:00:00,2025,НЕЙТРАЛЬ,-6.435423341887142
1753916400000,SHORT,-5.119359882277189,0.5244800904064092,4.76935988227719,True,CFX/USDT,0.0745135189467876,1.7999999999999998,2025-07-30 23:00:00,2025,НЕЙТРАЛЬ,-6.77402849021525
1753937100000,SHORT,1.0854066985645887,0.135565831898699,5.845560871876651,False,CYBER/USDT,-0.0865739409229198,16.2,2025-07-31 04:45:00,2025,НЕЙТРАЛЬ,-2.5200989606422306
1753937100000,SHORT,2.5411564625850303,0.4575965833197983,5.133049886621315,False,BAT/USDT,-0.1101196617088973,37.4,2025-07-31 04:45:00,2025,НЕЙТРАЛЬ,-2.5200989606422306
1754057700000,LONG,4.050584083718664,0.4103533787940241,4.400584083718663,True,CFX/USDT,0.0372941515077966,21.4,2025-08-01 14:15:00,2025,НЕЙТРАЛЬ,-8.150620353838939
1754193600000,SHORT,-4.838481545702246,0.4990104510106072,8.936185286103541,True,CFX/USDT,0.0276120479337728,26.8,2025-08-03 04:00:00,2025,НЕЙТРАЛЬ,-14.409009704987685
1754368200000,SHORT,5.109285091543143,0.1755771482922323,5.459285091543142,False,BICO/USDT,-0.0821270227973477,,2025-08-05 04:30:00,2025,НЕЙТРАЛЬ,-7.15450752105512
1754370000000,SHORT,1.8134615384615405,0.8362858426656836,5.60432692307691,False,ALICE/USDT,-0.0068237982247951,24.8,2025-08-05 05:00:00,2025,НЕЙТРАЛЬ,-6.67919139260163
1754700300000,SHORT,-1.6944520081688237,-0.1868562254897131,4.550289312457443,False,CKB/USDT,0.0644060506962584,45.2,2025-08-09 00:45:00,2025,НЕЙТРАЛЬ,10.155221603410169
1754726400000,SHORT,-2.3995303159692565,-0.0975446452950785,4.582664389410753,False,BICO/USDT,-0.0266677889028427,,2025-08-09 08:00:00,2025,НЕЙТРАЛЬ,13.146251425718724
1754850600000,SHORT,0.5726401703335668,0.2029647111296993,9.269339957416593,False,EDU/USDT,-0.0841052908004036,29.6,2025-08-10 18:30:00,2025,БЫК,12.790522379449076
1754852400000,SHORT,1.258040201005027,0.102677754490523,5.2393969849246185,False,CYBER/USDT,0.0783530451581704,19.0,2025-08-10 19:00:00,2025,БЫК,13.170007957733343
1754991000000,SHORT,-6.240070467648938,-0.0383587432378675,5.890070467648938,False,EDU/USDT,0.0004235449740794,27.0,2025-08-12 09:30:00,2025,БЫК,4.291453093074038
1755096300000,SHORT,-4.426586391437304,0.4301752202696355,4.076586391437305,True,ARB/USDT,0.0334331378797892,64.0,2025-08-13 14:45:00,2025,БЫК,13.281010963793982
1755131400000,SHORT,4.903684041184022,0.5338784163978078,5.253684041184021,True,ARKM/USDT,-0.0240832962662818,54.0,2025-08-14 00:30:00,2025,БЫК,14.152750283714244
1755177300000,LONG,-1.1169749605233508,-0.3905323202355741,4.280803067899858,False,ARK/USDT,-0.0749788445968979,28.000000000000004,2025-08-14 13:15:00,2025,БЫК,3.211565032991226
1755177300000,LONG,0.5368324657798221,0.4458262413768011,5.893348756506662,True,ARB/USDT,-0.0432672975697993,63.4,2025-08-14 13:15:00,2025,БЫК,3.211565032991226
1755342900000,SHORT,-8.480539609644083,0.7351364561184339,8.130539609644083,False,CTSI/USDT,0.2507436102785812,,2025-08-16 11:15:00,2025,БЫК,-5.609036123253125
1755348300000,SHORT,4.648973330186433,0.4164799429844041,4.998973330186432,False,API3/USDT,-0.0228970676076343,0.4,2025-08-16 12:45:00,2025,НЕЙТРАЛЬ,-5.73897543207007
1755360000000,SHORT,6.097985989492118,0.3818557560456283,6.447985989492118,False,CHR/USDT,0.2402771962073997,30.4,2025-08-16 16:00:00,2025,НЕЙТРАЛЬ,-3.499648556326862
1755440100000,SHORT,1.3620894479385024,-3.122531077481339,5.101222921034224,False,CYBER/USDT,0.0834289493647961,1.6,2025-08-17 14:15:00,2025,НЕЙТРАЛЬ,-0.09170049395999524
1755507600000,SHORT,2.743753676038112,0.2714519228601687,6.895424067756728,False,API3/USDT,-0.0991408270022795,0.0,2025-08-18 09:00:00,2025,НЕЙТРАЛЬ,-7.3244666204072555
1755676800000,SHORT,6.820799536500567,1.3411734847370906,7.170799536500566,False,API3/USDT,0.0171074304221953,0.8,2025-08-20 08:00:00,2025,НЕЙТРАЛЬ,-10.463866800891308
1755727200000,SHORT,-2.0246411483253564,0.1553028169500764,6.696438824333539,False,API3/USDT,0.0197752365164133,6.2,2025-08-20 22:00:00,2025,НЕЙТРАЛЬ,-8.843155446881894
1755758700000,SHORT,-5.667963364191442,-0.107584673228537,5.317963364191442,False,API3/USDT,0.0187334242028947,4.8,2025-08-21 06:45:00,2025,НЕЙТРАЛЬ,-9.485344170897358
1755912600000,SHORT,2.8948377581120943,0.0090228744487635,4.334593724859195,False,GAS/USDT,-0.0970062726430262,39.4,2025-08-23 01:30:00,2025,НЕЙТРАЛЬ,3.5151324005402995
1755960300000,SHORT,2.3828819482363195,0.4353436858642229,5.7657311346510856,True,AAVE/USDT,-0.1024991722927827,65.2,2025-08-23 14:45:00,2025,НЕЙТРАЛЬ,1.8963866591583667
1755996300000,SHORT,3.838898186889805,0.5373743854762452,4.188898186889805,False,AUCTION/USDT,0.0166850977527585,16.6,2025-08-24 00:45:00,2025,НЕЙТРАЛЬ,2.4688812797666992
1756063800000,SHORT,1.2539823008849482,0.4971880352726615,4.0168694690265365,True,GALA/USDT,-0.0511671859533018,44.0,2025-08-24 19:30:00,2025,НЕЙТРАЛЬ,1.4891378060472804
1756063800000,SHORT,3.754233589015535,0.4731672062898322,4.104233589015535,True,DOGE/USDT,0.018588556908152,56.00000000000001,2025-08-24 19:30:00,2025,НЕЙТРАЛЬ,1.4891378060472804
1756064700000,SHORT,1.0522140221402307,-0.0938404064986567,4.556273062730591,True,ALGO/USDT,0.0142012260241603,57.2,2025-08-24 19:45:00,2025,НЕЙТРАЛЬ,1.1176328553722414
1756064700000,SHORT,1.0699002818122696,0.2776178577459551,4.789908952959023,True,ADA/USDT,-0.0428111345030932,56.99999999999999,2025-08-24 19:45:00,2025,НЕЙТРАЛЬ,1.1176328553722414
1756097100000,SHORT,-0.4587251970644198,-0.4442035853165842,5.152786083174775,False,GAS/USDT,-0.1028371654987234,13.8,2025-08-25 04:45:00,2025,НЕЙТРАЛЬ,3.442131635715151
1756149300000,SHORT,-6.159436619718303,-0.300904172430347,5.809436619718303,False,EDU/USDT,0.0053075568908009,19.2,2025-08-25 19:15:00,2025,НЕЙТРАЛЬ,-2.5843603909902257
1756198800000,SHORT,5.8766500622664894,0.490195480088353,7.294769613947688,False,CTSI/USDT,3.7483167583506845e-05,,2025-08-26 09:00:00,2025,НЕЙТРАЛЬ,-2.989770330817448
1756200600000,SHORT,0.0053250744261935,-0.2806689427629361,4.576692595793712,False,BICO/USDT,0.0636325229584732,,2025-08-26 09:30:00,2025,НЕЙТРАЛЬ,-3.9523158162616037
1756255500000,SHORT,-5.492947903430735,-0.8601877869661869,5.142947903430735,False,CKB/USDT,0.0622360873475582,13.6,2025-08-27 00:45:00,2025,НЕЙТРАЛЬ,2.3619716585772332
1756301400000,SHORT,-5.055783450704212,-0.6194646279849907,4.705783450704212,False,BICO/USDT,0.0887117710414507,,2025-08-27 13:30:00,2025,НЕЙТРАЛЬ,1.6241719185475567
1756357200000,SHORT,2.6288994621431603,-0.4256117710305048,7.686594952420346,False,ARPA/USDT,0.1046198098503486,30.2,2025-08-28 05:00:00,2025,НЕЙТРАЛЬ,-0.5331558732463382
1756389600000,SHORT,-0.4851643598615918,-0.6409578123273196,5.321507352941163,True,CFX/USDT,-0.0023751757580046,51.6,2025-08-28 14:00:00,2025,НЕЙТРАЛЬ,1.391289955100783
1756397700000,SHORT,1.0374066168623366,0.429012941372571,10.5762006403415,False,CTSI/USDT,0.4171653295296509,,2025-08-28 16:15:00,2025,НЕЙТРАЛЬ,3.163383777830564
1756428300000,SHORT,7.516944402363266,0.2736053938822633,7.8669444023632655,False,BIGTIME/USDT,0.2146540722879762,22.4,2025-08-29 00:45:00,2025,НЕЙТРАЛЬ,3.1487799760935187
1756440000000,SHORT,4.081350114416464,0.2973790327632485,4.431350114416464,False,AGLD/USDT,0.0495539911330397,64.4,2025-08-29 04:00:00,2025,НЕЙТРАЛЬ,2.4238529751959836
1756449900000,LONG,-2.052472638832588,-0.8673056897488146,6.604499391974061,False,CKB/USDT,0.0377876508712732,28.8,2025-08-29 06:45:00,2025,НЕЙТРАЛЬ,1.785043948323084
1756555200000,SHORT,0.0054670837480531,0.1289962863595156,5.434082183989735,False,AGLD/USDT,0.0719413084548098,64.4,2025-08-30 12:00:00,2025,НЕЙТРАЛЬ,-8.437853098473408
1756568700000,SHORT,1.4515357353809786,-0.7458274810772271,6.1454026383146125,True,CFX/USDT,0.0873880679052875,51.0,2025-08-30 15:45:00,2025,НЕЙТРАЛЬ,-7.7235608976278955
1756604700000,SHORT,-0.2742424242424157,0.1865174966457049,5.922878787878768,True,AXS/USDT,-0.1113386919219844,63.6,2025-08-31 01:45:00,2025,НЕЙТРАЛЬ,-6.642092685228768
1756616400000,SHORT,1.7430232558139551,-0.5086870641152607,4.032093023255806,False,FLOW/USDT,-0.0165384410814237,28.2,2025-08-31 05:00:00,2025,НЕЙТРАЛЬ,-6.040113282014098
1756718100000,SHORT,3.758336772595954,0.2854157015506633,4.108336772595955,True,FIL/USDT,-0.0391400411169255,6.0,2025-09-01 09:15:00,2025,НЕЙТРАЛЬ,-1.6243582926880884
1757181600000,SHORT,4.368702879462238,-0.2160975150750271,4.718702879462238,False,API3/USDT,0.0528468852916478,17.0,2025-09-06 18:00:00,2025,НЕЙТРАЛЬ,-2.093873049423267
1757355300000,SHORT,-5.247937968643484,-0.181577131972453,4.897937968643484,True,ARKM/USDT,0.0057813429819258,2.0,2025-09-08 18:15:00,2025,НЕЙТРАЛЬ,4.208766137146269
1757377800000,SHORT,-2.266279069767448,-0.7463616079714002,6.252688372093012,False,BIGTIME/USDT,-0.0828491011221085,18.6,2025-09-09 00:30:00,2025,НЕЙТРАЛЬ,4.7255418531288225
1757414700000,SHORT,4.341950232348973,-0.1359428742587354,6.689971518512953,True,ARKM/USDT,0.050527952865554,0.0,2025-09-09 10:45:00,2025,НЕЙТРАЛЬ,4.541119515508951
1757553300000,SHORT,-4.566231884057967,0.1442114081690708,4.216231884057967,False,ACE/USDT,-0.1782210702206499,5.800000000000001,2025-09-11 01:15:00,2025,НЕЙТРАЛЬ,3.904771349154623
1757591100000,SHORT,1.4482322462663872,-0.4306365832051853,5.879015544041443,True,ARKM/USDT,0.0173367122253306,46.400000000000006,2025-09-11 11:45:00,2025,НЕЙТРАЛЬ,6.136933407279588
1757636100000,SHORT,-0.6776792598303878,-0.9327900361709364,5.461931380107921,False,CKB/USDT,-0.1411080172182696,48.4,2025-09-12 00:15:00,2025,НЕЙТРАЛЬ,7.644504804823349
1757662200000,SHORT,-1.1885241974125471,0.3587503202742831,4.124728477878922,True,1000BONK/USDT,-0.1639083147096635,27.800000000000004,2025-09-12 07:30:00,2025,НЕЙТРАЛЬ,6.15015485442485
1757691900000,SHORT,2.615599051008306,-0.7782523001045415,4.821233689205211,False,CTSI/USDT,0.1120257646967471,,2025-09-12 15:45:00,2025,НЕЙТРАЛЬ,6.816694828897285
1757812500000,SHORT,3.5241396263520044,0.0839841088865615,4.363284169124881,False,ARK/USDT,0.1028432558748599,17.599999999999998,2025-09-14 01:15:00,2025,НЕЙТРАЛЬ,8.842254290889628
1758079800000,SHORT,0.677423420670687,-0.7909521811021077,5.923726224123435,True,CAKE/USDT,0.0091268546018461,20.4,2025-09-17 03:30:00,2025,НЕЙТРАЛЬ,-0.06039143401173619
1758269700000,SHORT,3.912295081967217,-0.9265085908553082,9.573639344262292,False,EDU/USDT,0.121182472419077,14.6,2025-09-19 08:15:00,2025,НЕЙТРАЛЬ,0.3703298402451871
1758439800000,SHORT,1.730031695721086,-0.0730812207775402,4.830190174326442,False,AUCTION/USDT,-0.1134336895003416,8.200000000000001,2025-09-21 07:30:00,2025,НЕЙТРАЛЬ,-3.9028141835407535
1758522600000,LONG,-4.766611733684912,-1.868193789519326,9.30388925510876,False,EDU/USDT,-0.1349625554878593,22.4,2025-09-22 06:30:00,2025,НЕЙТРАЛЬ,-10.04610394724893
1758522600000,LONG,-3.5634609039920724,-1.2867705319186482,8.010221049158678,True,CFX/USDT,0.0063876819815732,35.0,2025-09-22 06:30:00,2025,НЕЙТРАЛЬ,-10.04610394724893
1758522600000,LONG,-3.28764988009592,-0.7756366256355421,11.836031175059937,False,CYBER/USDT,-0.0409607779450868,6.6000000000000005,2025-09-22 06:30:00,2025,НЕЙТРАЛЬ,-10.04610394724893
1758522600000,LONG,-3.0556513200960063,-0.3969161858872544,7.043835915339303,False,CKB/USDT,0.0203240319753483,43.6,2025-09-22 06:30:00,2025,НЕЙТРАЛЬ,-10.04610394724893
1758522600000,LONG,-2.857836990595614,0.1615935931059919,4.831818181818189,True,DYDX/USDT,0.0480226349924726,27.0,2025-09-22 06:30:00,2025,НЕЙТРАЛЬ,-10.04610394724893
1758522600000,LONG,-2.8443310657596457,0.017675247131959,6.856235827664402,False,CHR/USDT,-0.0128019170759504,20.4,2025-09-22 06:30:00,2025,НЕЙТРАЛЬ,-10.04610394724893
1758522600000,LONG,-2.500406997934644,-1.2070389877633692,7.943141781071555,False,API3/USDT,-0.0361906299425562,97.2,2025-09-22 06:30:00,2025,НЕЙТРАЛЬ,-10.04610394724893
1758522600000,LONG,-2.329551881661971,-0.0831742476013548,7.8257559277789825,False,ACH/USDT,-0.0125156372788586,46.6,2025-09-22 06:30:00,2025,НЕЙТРАЛЬ,-10.04610394724893
1758522600000,LONG,-2.218431296224208,0.154573392004915,5.5650707149344765,False,BLUR/USDT,0.040061468313853,41.2,2025-09-22 06:30:00,2025,НЕЙТРАЛЬ,-10.04610394724893
1758522600000,LONG,-1.813768115942035,0.3139310096940588,5.458391304347824,True,1000BONK/USDT,0.0274656119789753,16.8,2025-09-22 06:30:00,2025,НЕЙТРАЛЬ,-10.04610394724893
1758522600000,LONG,-1.5504573170731826,-0.0450924496566967,7.381397675304885,True,ENS/USDT,0.0206759743229849,50.2,2025-09-22 06:30:00,2025,НЕЙТРАЛЬ,-10.04610394724893
1758522600000,LONG,-1.518770453482937,0.0172741975211501,7.1983637213651255,True,ALGO/USDT,0.0441534969985549,48.6,2025-09-22 06:30:00,2025,НЕЙТРАЛЬ,-10.04610394724893
1758522600000,LONG,-1.444890510948906,0.0223779807602345,6.849635036496353,False,CELO/USDT,-0.1470569207737907,19.0,2025-09-22 06:30:00,2025,НЕЙТРАЛЬ,-10.04610394724893
1758522600000,LONG,-1.366002032004075,0.6936106049033033,6.3777241554483055,True,CHZ/USDT,-0.0098747633109702,52.2,2025-09-22 06:30:00,2025,НЕЙТРАЛЬ,-10.04610394724893
1758522600000,LONG,-1.3310554803788763,-0.7928354248940158,5.089377537212452,True,FET/USDT,-0.0115020852301348,52.400000000000006,2025-09-22 06:30:00,2025,НЕЙТРАЛЬ,-10.04610394724893
1758522600000,LONG,-1.190197693574956,0.4440991548333837,4.373410214168036,True,1000SHIB/USDT,-0.0106548690156108,,2025-09-22 06:30:00,2025,НЕЙТРАЛЬ,-10.04610394724893
1758522600000,LONG,-1.1753094910591515,-0.1696827727175397,5.57984869325998,False,BAT/USDT,0.0443793050360234,38.6,2025-09-22 06:30:00,2025,НЕЙТРАЛЬ,-10.04610394724893
1758522600000,LONG,-1.144701986754971,-1.7262688020842996,8.619337748344375,False,CTSI/USDT,-0.0343432255653313,,2025-09-22 06:30:00,2025,НЕЙТРАЛЬ,-10.04610394724893
1758522600000,LONG,-1.1173667205169595,-0.8433665736182941,5.494386106623584,False,BIGTIME/USDT,-0.0240425590382332,11.0,2025-09-22 06:30:00,2025,НЕЙТРАЛЬ,-10.04610394724893
1758522600000,LONG,-1.1005117125312645,-0.4551829923611985,6.3541050716397525,True,ARB/USDT,0.072539347887615,34.4,2025-09-22 06:30:00,2025,НЕЙТРАЛЬ,-10.04610394724893
1758522600000,LONG,-1.0909062139319976,-0.3392483901626473,10.259235265646518,True,AAVE/USDT,0.0669061625572822,40.400000000000006,2025-09-22 06:30:00,2025,НЕЙТРАЛЬ,-10.04610394724893
1758522600000,LONG,-1.06651662686019,-0.5475915300094593,7.425353665258132,True,ARKM/USDT,-0.0092246824407517,41.8,2025-09-22 06:30:00,2025,НЕЙТРАЛЬ,-10.04610394724893
1758522600000,LONG,-0.9745316012990234,0.4285742284917835,5.679765176117916,True,DOT/USDT,0.1010794757934659,29.0,2025-09-22 06:30:00,2025,НЕЙТРАЛЬ,-10.04610394724893
1758522600000,LONG,-0.8627310777816429,0.6530771058160588,4.0452703174049445,True,BCH/USDT,0.1619898595007189,48.2,2025-09-22 06:30:00,2025,НЕЙТРАЛЬ,-10.04610394724893
1758522600000,LONG,-0.8283544606553567,0.6535064190991242,5.4268835206888255,True,ATOM/USDT,0.0029280876104126,55.400000000000006,2025-09-22 06:30:00,2025,НЕЙТРАЛЬ,-10.04610394724893
1758522600000,LONG,-0.7816546762589878,0.0140479282748604,7.329208633093528,False,ANKR/USDT,0.0647203696208787,24.6,2025-09-22 06:30:00,2025,НЕЙТРАЛЬ,-10.04610394724893
1758522600000,LONG,-0.7767425320056892,0.2183222431001569,7.107396870554769,False,DASH/USDT,0.0036774284869398,21.6,2025-09-22 06:30:00,2025,НЕЙТРАЛЬ,-10.04610394724893
1758522600000,LONG,-0.669937014636936,0.3991905889972204,4.832996695654246,True,ETH/USDT,-0.0047124444610517,6.2,2025-09-22 06:30:00,2025,НЕЙТРАЛЬ,-10.04610394724893
1758522600000,LONG,-0.5903846153846111,0.3225097556883547,8.129006410256402,False,ENJ/USDT,-0.0226101982115606,34.599999999999994,2025-09-22 06:30:00,2025,НЕЙТРАЛЬ,-10.04610394724893
1758522600000,LONG,-0.5177852348993295,-0.2522448298742462,6.89568552253116,False,COMP/USDT,-0.0373778477195635,14.6,2025-09-22 06:30:00,2025,НЕЙТРАЛЬ,-10.04610394724893
1758522600000,LONG,-0.3742954324587085,-0.6081430880802181,5.750072886297376,True,ADA/USDT,-0.010839717278981,37.8,2025-09-22 06:30:00,2025,НЕЙТРАЛЬ,-10.04610394724893
1758523500000,LONG,-3.113985435286319,-0.26100927890338,8.831098973849711,False,AGLD/USDT,0.031455657998919,54.2,2025-09-22 06:45:00,2025,НЕЙТРАЛЬ,-9.937346660171592
1758523500000,LONG,-2.853995737879598,0.3944412398526786,5.717900905700587,False,DUSK/USDT,0.0306969252881398,15.6,2025-09-22 06:45:00,2025,НЕЙТРАЛЬ,-9.937346660171592
1758523500000,LONG,-2.383413937129045,-0.80349007110861,8.387337876456387,False,AUCTION/USDT,-0.0278658874662287,5.2,2025-09-22 06:45:00,2025,НЕЙТРАЛЬ,-9.937346660171592
1758523500000,LONG,-2.148180664269085,-0.3119655161822663,8.673365771102187,False,COTI/USDT,-0.0578829916550214,24.0,2025-09-22 06:45:00,2025,НЕЙТРАЛЬ,-9.937346660171592
1758523500000,LONG,-2.1199115044247696,-1.6752436078782942,9.319075712881007,False,ACE/USDT,0.0183548072576963,3.8,2025-09-22 06:45:00,2025,НЕЙТРАЛЬ,-9.937346660171592
1758523500000,LONG,-2.008868566567424,0.3367418205841351,6.279455550829434,False,1INCH/USDT,0.0856489716004791,38.8,2025-09-22 06:45:00,2025,НЕЙТРАЛЬ,-9.937346660171592
1758523500000,LONG,-1.9983516483516497,0.0179631739768849,5.23021978021978,False,FLOW/USDT,-0.0809856051305597,22.6,2025-09-22 06:45:00,2025,НЕЙТРАЛЬ,-9.937346660171592
1758523500000,LONG,-1.6060532687651223,0.014415908905551,4.569839588377719,False,EGLD/USDT,0.0004660128046744,30.0,2025-09-22 06:45:00,2025,НЕЙТРАЛЬ,-9.937346660171592
1758523500000,LONG,-1.484539227228947,-0.3969306508121396,5.880980413143532,False,BICO/USDT,0.0284007186892292,,2025-09-22 06:45:00,2025,НЕЙТРАЛЬ,-9.937346660171592
1758523500000,LONG,-1.4629296235679297,0.0109126757209014,6.859639934533552,True,AR/USDT,0.0121093031921423,40.400000000000006,2025-09-22 06:45:00,2025,НЕЙТРАЛЬ,-9.937346660171592
1758523500000,LONG,-1.2933962264150962,-0.2531702110696968,4.634782608695655,False,BSV/USDT,0.0151620790855522,20.0,2025-09-22 06:45:00,2025,НЕЙТРАЛЬ,-9.937346660171592
1758523500000,LONG,-1.2759259259259266,-0.5423882096073862,7.377469135802471,False,ALICE/USDT,-0.067869651889965,15.6,2025-09-22 06:45:00,2025,НЕЙТРАЛЬ,-9.937346660171592
1758523500000,LONG,-1.2623492994460743,-0.680489564939333,6.504855001629184,False,GAS/USDT,0.0178546117525961,27.6,2025-09-22 06:45:00,2025,НЕЙТРАЛЬ,-9.937346660171592
1758523500000,LONG,-1.148959494611663,0.1316264491361027,7.191192865105907,True,APE/USDT,0.0896264177781294,53.6,2025-09-22 06:45:00,2025,НЕЙТРАЛЬ,-9.937346660171592
1758523500000,LONG,-1.1296004547669285,-0.004669167018957,4.623517947052118,True,APT/USDT,0.0320258702227374,52.0,2025-09-22 06:45:00,2025,НЕЙТРАЛЬ,-9.937346660171592
1758523500000,LONG,-0.8781997555439129,-0.475179998532817,5.335485419940645,False,ASTR/USDT,0.0554997335682893,36.6,2025-09-22 06:45:00,2025,НЕЙТРАЛЬ,-9.937346660171592
1758523500000,LONG,-0.8350088183421374,0.1165514985279441,5.267416225749557,True,FIL/USDT,-0.0251217329651622,4.8,2025-09-22 06:45:00,2025,НЕЙТРАЛЬ,-9.937346660171592
1758523500000,LONG,-0.7378474466709715,0.152809542204309,6.551389786683896,True,GALA/USDT,0.0479224419189867,33.0,2025-09-22 06:45:00,2025,НЕЙТРАЛЬ,-9.937346660171592
1758523500000,LONG,-0.5042416452442152,-0.7836492339204628,4.422739625413151,True,CAKE/USDT,0.0520619725355324,19.4,2025-09-22 06:45:00,2025,НЕЙТРАЛЬ,-9.937346660171592
1758523500000,LONG,-0.429242564577538,0.4404197242801284,5.091592055161062,True,1000PEPE/USDT,-0.0098314948192656,43.8,2025-09-22 06:45:00,2025,НЕЙТРАЛЬ,-9.937346660171592
1758523500000,LONG,-0.4091652323579993,-0.0842488454131911,5.496283347676414,True,ETC/USDT,0.03935164255354,4.0,2025-09-22 06:45:00,2025,НЕЙТРАЛЬ,-9.937346660171592
1758523500000,LONG,-0.3624911521005963,0.2941946403812721,5.455822958737554,True,DOGE/USDT,0.031804314882285,28.2,2025-09-22 06:45:00,2025,НЕЙТРАЛЬ,-9.937346660171592
1758523500000,LONG,-0.2594202898550824,-0.5731455546859733,5.899094202898552,True,AXS/USDT,0.0119518825609206,57.2,2025-09-22 06:45:00,2025,НЕЙТРАЛЬ,-9.937346660171592
1758523500000,LONG,-0.2553478466635088,0.0034795636910067,5.631803123521045,False,ARK/USDT,0.0783866391139321,16.8,2025-09-22 06:45:00,2025,НЕЙТРАЛЬ,-9.937346660171592
1758978000000,SHORT,4.447297297297294,-1.0787942874291363,7.348108108108109,False,EDU/USDT,-0.0514318918215455,14.2,2025-09-27 13:00:00,2025,НЕЙТРАЛЬ,-10.970251863859337
1759321800000,SHORT,-5.965173465497511,0.2809475680967803,5.615173465497511,False,DASH/USDT,-0.0220885014808337,23.0,2025-10-01 12:30:00,2025,НЕЙТРАЛЬ,-1.5260485406066226
1759347000000,SHORT,-1.3879500486539094,0.1896416089218886,11.133571196886122,False,DASH/USDT,0.1730608989949293,20.200000000000003,2025-10-01 19:30:00,2025,НЕЙТРАЛЬ,0.6935122112617376
1759369500000,SHORT,-1.4214285714285526,0.0135093661116526,4.956785714285685,False,CELO/USDT,-0.086628037756546,18.2,2025-10-02 01:45:00,2025,НЕЙТРАЛЬ,4.269431468565477
1759408200000,SHORT,-7.533333333333315,1.8593802825539512,7.183333333333315,False,DASH/USDT,-0.01599294688121,10.6,2025-10-02 12:30:00,2025,НЕЙТРАЛЬ,6.780010345242838
1759447800000,SHORT,-5.047791584843689,0.362334013799618,4.6977915848436895,True,CAKE/USDT,0.1236919655309118,26.8,2025-10-02 23:30:00,2025,НЕЙТРАЛЬ,11.424570917400956
1759464000000,SHORT,-5.550651465798039,0.0234381938619146,5.200651465798039,False,CELO/USDT,-0.1769023017620372,18.2,2025-10-03 04:00:00,2025,НЕЙТРАЛЬ,9.1231949429472
1759491900000,SHORT,4.279287369640771,1.23629933027442,4.629287369640771,False,DASH/USDT,-0.0332313469055848,23.8,2025-10-03 11:45:00,2025,НЕЙТРАЛЬ,9.479249653081778
1759500900000,SHORT,-5.578034682080915,0.7317718728345999,5.228034682080915,False,CELO/USDT,-0.2046642472183494,2.2,2025-10-03 14:15:00,2025,НЕЙТРАЛЬ,9.098179003638297
1759509000000,SHORT,1.2878081075575456,-0.3300419216474321,4.439494805459356,False,ASTR/USDT,0.1030558776835953,32.6,2025-10-03 16:30:00,2025,НЕЙТРАЛЬ,11.497239400296033
1759509900000,SHORT,0.2157022789720404,0.5394503016787155,4.822983675448502,True,AR/USDT,0.0686584101620709,40.0,2025-10-03 16:45:00,2025,НЕЙТРАЛЬ,9.659747504961869
1759511700000,SHORT,-1.1482583454281494,-0.3739705960621132,4.012119013062387,True,ARKM/USDT,-0.0859517901312478,40.2,2025-10-03 17:15:00,2025,НЕЙТРАЛЬ,7.544677602168159
1759545000000,SHORT,-1.2865244536940796,0.1371724337500789,4.4748178980228905,False,BSV/USDT,0.0447721764339251,18.6,2025-10-04 02:30:00,2025,НЕЙТРАЛЬ,6.412354259537045
1759609800000,SHORT,-0.9214285714285796,0.4121408653552297,5.2863428571428575,False,DASH/USDT,-0.017625140786715,23.8,2025-10-04 20:30:00,2025,НЕЙТРАЛЬ,5.174091868448915
1759634100000,SHORT,-5.451595744680845,0.7917430292974345,5.1015957446808455,False,CELO/USDT,-0.1107914762588521,18.4,2025-10-05 03:15:00,2025,НЕЙТРАЛЬ,7.584145029047773
1759652100000,SHORT,4.583273579702145,0.4927580138763597,4.933273579702145,False,DUSK/USDT,0.0581292928103127,14.2,2025-10-05 08:15:00,2025,НЕЙТРАЛЬ,10.916217068157486
1759678200000,SHORT,1.2645348601950397,-0.4305635561657569,4.602108202160797,False,ASTR/USDT,0.1012940319468142,32.6,2025-10-05 15:30:00,2025,НЕЙТРАЛЬ,7.961581051981104
1759721400000,SHORT,-4.717730522866067,-0.3052164503557721,4.367730522866068,False,ASTR/USDT,0.1727591274185767,13.0,2025-10-06 03:30:00,2025,НЕЙТРАЛЬ,4.616096197512909
1759725000000,SHORT,5.100540540540539,0.0487182374466818,5.450540540540539,False,ALICE/USDT,-0.0291041799782639,12.2,2025-10-06 04:30:00,2025,НЕЙТРАЛЬ,4.28540701967961
1759735800000,SHORT,-2.317137236750752,-0.1808644187115189,4.246077296921988,False,CKB/USDT,-0.0194106069514672,41.4,2025-10-06 07:30:00,2025,НЕЙТРАЛЬ,5.3582679567739095
1759736700000,SHORT,-7.205225134408595,-0.1315035949777629,6.855225134408595,True,CAKE/USDT,-0.0067983525974532,26.8,2025-10-06 07:45:00,2025,НЕЙТРАЛЬ,5.479569234282222
1759815000000,SHORT,-5.161648204095312,-0.20475931040258,4.811648204095312,False,API3/USDT,0.1945129011124148,85.2,2025-10-07 05:30:00,2025,НЕЙТРАЛЬ,9.201571577517454
1759840200000,SHORT,2.373773958769958,0.8975535847880858,4.180065541287195,True,BNB/USDT,-0.043778055066718,7.8,2025-10-07 12:30:00,2025,НЕЙТРАЛЬ,8.94426503964051
1759923000000,SHORT,-3.182097100472023,-0.438331602812112,4.155091031692517,False,BAT/USDT,0.070473287013969,35.8,2025-10-08 11:30:00,2025,НЕЙТРАЛЬ,-0.7508098793469364
1759941000000,SHORT,-4.380165289256202,0.4797216926161706,4.030165289256202,False,DASH/USDT,0.0673054711864356,23.8,2025-10-08 16:30:00,2025,НЕЙТРАЛЬ,0.3601635469071218
1759955400000,SHORT,1.878412256267412,0.0220170372444703,4.490807799442888,False,ALICE/USDT,0.0672577537330176,12.4,2025-10-08 20:30:00,2025,НЕЙТРАЛЬ,1.1096694262752616
1759978800000,LONG,-5.219624837646107,0.1603415699642951,4.869624837646107,True,CAKE/USDT,-0.1157577692708395,27.200000000000003,2025-10-09 03:00:00,2025,НЕЙТРАЛЬ,-2.960703211707222
1760018400000,SHORT,-5.2028824330458345,-1.5728977516756166,4.852882433045835,False,ACE/USDT,-0.0797943840331193,3.4000000000000004,2025-10-09 14:00:00,2025,НЕЙТРАЛЬ,-4.285646662011739
1760048100000,SHORT,-4.670040080160312,0.8491808860993443,4.320040080160313,False,DASH/USDT,-0.0122204564827115,2.6,2025-10-09 22:15:00,2025,НЕЙТРАЛЬ,-4.66235616589738
1760076000000,SHORT,-8.34461641991923,1.0731542682465964,7.99461641991923,False,DASH/USDT,-0.1495242678766434,24.4,2025-10-10 06:00:00,2025,НЕЙТРАЛЬ,-2.365410344421731
1760081400000,SHORT,-5.013919977616116,0.4317829181789278,4.663919977616116,False,DUSK/USDT,-0.0837456631096657,14.000000000000002,2025-10-10 07:30:00,2025,НЕЙТРАЛЬ,-2.7957582532372904
1760081400000,SHORT,3.807692307692303,0.2034072189515133,4.157692307692303,False,CELO/USDT,-0.1130119140118702,20.6,2025-10-10 07:30:00,2025,НЕЙТРАЛЬ,-2.7957582532372904
1760131800000,LONG,-1.533199612580665,0.3233905756264607,11.265264452966504,True,ETH/USDT,0.2605097134897488,1.6,2025-10-10 21:30:00,2025,НЕЙТРАЛЬ,-37.37986951121983
1760131800000,LONG,0.1900784408201392,0.5146079482522435,9.01732287216016,True,BTC/USDT,0.2232541445466885,13.0,2025-10-10 21:30:00,2025,НЕЙТРАЛЬ,-37.37986951121983
1760132700000,LONG,-3.79070278184481,-0.1280450193142538,7.598682284041012,False,BAT/USDT,0.0995230796065028,36.8,2025-10-10 21:45:00,2025,НЕЙТРАЛЬ,-33.60398311991136
1760132700000,LONG,11.559341010876516,0.1920594315887955,11.909341010876515,True,FIL/USDT,0.2993876173152163,40.8,2025-10-10 21:45:00,2025,НЕЙТРАЛЬ,-33.60398311991136
1760134500000,LONG,-0.0232026143790846,-2.214246352692532,10.726143790849662,False,ALICE/USDT,0.0191772075949405,0.2,2025-10-10 22:15:00,2025,НЕЙТРАЛЬ,-37.385535166366104
1760134500000,LONG,5.610945529290854,-0.6775072463805719,9.00966084275437,False,BSV/USDT,0.2414349289805475,0.2,2025-10-10 22:15:00,2025,НЕЙТРАЛЬ,-37.385535166366104
1760135400000,LONG,-8.17167645488521,0.8110970289084901,9.508809396689797,False,DASH/USDT,-0.1820530384838022,3.2,2025-10-10 22:30:00,2025,НЕЙТРАЛЬ,-35.54052746162292
1760135400000,LONG,-5.523927502494173,-0.5858158025678215,5.173927502494173,False,COMP/USDT,-0.1072662786279917,41.6,2025-10-10 22:30:00,2025,НЕЙТРАЛЬ,-35.54052746162292
1760135400000,LONG,4.882825880114178,,5.232825880114178,False,AUCTION/USDT,-0.296846259683855,5.800000000000001,2025-10-10 22:30:00,2025,НЕЙТРАЛЬ,-35.54052746162292
1760135400000,LONG,5.196195528436764,-0.5165608059240733,7.3640316925458835,True,AAVE/USDT,-0.136351492940014,61.8,2025-10-10 22:30:00,2025,НЕЙТРАЛЬ,-35.54052746162292
1760135400000,LONG,5.7327619683271696,0.3536125398494512,11.099673866877,True,1000PEPE/USDT,-0.1352780314430874,44.4,2025-10-10 22:30:00,2025,НЕЙТРАЛЬ,-35.54052746162292
1760135400000,LONG,7.039529675251964,-1.14635148491558,7.389529675251963,False,1INCH/USDT,-0.1554958444508444,39.2,2025-10-10 22:30:00,2025,НЕЙТРАЛЬ,-35.54052746162292
1760135400000,LONG,7.071428571428565,-0.7767264346766575,7.421428571428565,False,CELO/USDT,-0.2022472742127297,20.8,2025-10-10 22:30:00,2025,НЕЙТРАЛЬ,-35.54052746162292
1760135400000,LONG,7.690540540540541,-0.6357410893798172,11.819391891891897,True,AXS/USDT,-0.1699094808676657,56.2,2025-10-10 22:30:00,2025,НЕЙТРАЛЬ,-35.54052746162292
1760135400000,LONG,7.872222222222225,,10.84604444444444,False,GAS/USDT,-0.2108618052509055,35.8,2025-10-10 22:30:00,2025,НЕЙТРАЛЬ,-35.54052746162292
1760135400000,LONG,8.423976915005253,0.1103073217330601,8.773976915005253,False,ANKR/USDT,-0.0441952667259414,20.0,2025-10-10 22:30:00,2025,НЕЙТРАЛЬ,-35.54052746162292
1760135400000,LONG,8.453059895833345,-0.4280428627659148,8.803059895833332,False,BIGTIME/USDT,-0.1312334555868888,8.6,2025-10-10 22:30:00,2025,НЕЙТРАЛЬ,-35.54052746162292
1760135400000,LONG,8.943556701030943,0.3442047543830988,9.293556701030942,True,ETC/USDT,-0.1363179762350868,44.8,2025-10-10 22:30:00,2025,НЕЙТРАЛЬ,-35.54052746162292
1760135400000,LONG,8.987071211463311,-2.508992392876793,9.33707121146331,True,CFX/USDT,0.0677057599864532,47.4,2025-10-10 22:30:00,2025,НЕЙТРАЛЬ,-35.54052746162292
1760135400000,LONG,9.02478474784749,-1.5525530649109367,9.374784747847489,False,EDU/USDT,-0.2823059962532661,20.0,2025-10-10 22:30:00,2025,НЕЙТРАЛЬ,-35.54052746162292
1760135400000,LONG,10.316115460598516,,10.666115460598515,True,ENS/USDT,-0.2201971021797371,47.4,2025-10-10 22:30:00,2025,НЕЙТРАЛЬ,-35.54052746162292
1760135400000,LONG,10.570520262280988,-0.6325603227693581,10.920520262280988,True,1000SHIB/USDT,-0.1760817048387333,,2025-10-10 22:30:00,2025,НЕЙТРАЛЬ,-35.54052746162292
1760135400000,LONG,10.819288811795325,-2.122925179258223,11.169288811795324,False,ACH/USDT,0.1210060988195346,39.0,2025-10-10 22:30:00,2025,НЕЙТРАЛЬ,-35.54052746162292
1760135400000,LONG,10.89347261311974,,11.24347261311974,False,BLUR/USDT,-0.3072658583899862,40.0,2025-10-10 22:30:00,2025,НЕЙТРАЛЬ,-35.54052746162292
1760136300000,LONG,6.109446333171432,0.689942384318338,11.210992391128377,True,ADA/USDT,-0.2173510998068423,46.400000000000006,2025-10-10 22:45:00,2025,НЕЙТРАЛЬ,-33.77784395662441
1760136300000,LONG,7.080825767401641,-0.4683131346150799,8.856182447038483,True,APT/USDT,-0.0810593652058382,6.2,2025-10-10 22:45:00,2025,НЕЙТРАЛЬ,-33.77784395662441
1760136300000,LONG,8.359766925638189,-0.8562363944153394,8.709766925638188,False,CYBER/USDT,0.0446180197566976,26.6,2025-10-10 22:45:00,2025,НЕЙТРАЛЬ,-33.77784395662441
1760136300000,LONG,10.752309058614555,-0.5195752563422897,11.102309058614557,True,ARB/USDT,-0.1319756356844463,57.2,2025-10-10 22:45:00,2025,НЕЙТРАЛЬ,-33.77784395662441
1760137200000,LONG,2.618108620145251,0.022326228065345,6.512230291548253,True,DOGE/USDT,0.0869287759225063,63.4,2025-10-10 23:00:00,2025,НЕЙТРАЛЬ,-34.16160696915374
1760137200000,LONG,5.445275590551185,,5.795275590551185,False,FLOW/USDT,-0.2005854420407768,21.4,2025-10-10 23:00:00,2025,НЕЙТРАЛЬ,-34.16160696915374
1760137200000,LONG,7.085961203680675,,10.217930862969416,False,ENJ/USDT,-0.2965117298944827,32.0,2025-10-10 23:00:00,2025,НЕЙТРАЛЬ,-34.16160696915374
1760137200000,LONG,7.913608115518187,0.0886875293876622,8.263608115518187,True,CAKE/USDT,-0.3074321726979561,28.000000000000004,2025-10-10 23:00:00,2025,НЕЙТРАЛЬ,-34.16160696915374
1760137200000,LONG,8.210568143388556,-0.7709125872396454,8.560568143388569,True,CHZ/USDT,-0.158273992652259,52.2,2025-10-10 23:00:00,2025,НЕЙТРАЛЬ,-34.16160696915374
1760137200000,LONG,8.703007742704003,-0.8219618248759681,11.582310899344838,True,ALGO/USDT,-0.0421786923252214,47.2,2025-10-10 23:00:00,2025,НЕЙТРАЛЬ,-34.16160696915374
1760137200000,LONG,8.976616746085782,-1.9416472773911464,9.32661674608578,False,ACE/USDT,-0.298937936427304,3.8,2025-10-10 23:00:00,2025,НЕЙТРАЛЬ,-34.16160696915374
1760137200000,LONG,9.354326241134748,,9.704326241134748,True,DOT/USDT,-0.3366595031023551,47.4,2025-10-10 23:00:00,2025,НЕЙТРАЛЬ,-34.16160696915374
1760137200000,LONG,9.562947658402193,,9.912947658402192,True,FET/USDT,-0.1179761177851897,44.4,2025-10-10 23:00:00,2025,НЕЙТРАЛЬ,-34.16160696915374
1760137200000,LONG,9.790861534864694,-0.2557933049146919,11.051446607048916,False,ASTR/USDT,0.1371685265426364,34.4,2025-10-10 23:00:00,2025,НЕЙТРАЛЬ,-34.16160696915374
1760137200000,LONG,9.82176546599904,,10.171765465999028,False,BICO/USDT,-0.2254793565290354,,2025-10-10 23:00:00,2025,НЕЙТРАЛЬ,-34.16160696915374
1760137200000,LONG,9.91724661695665,-0.1110718057759367,10.26724661695665,True,AR/USDT,-0.2328844594883529,38.6,2025-10-10 23:00:00,2025,НЕЙТРАЛЬ,-34.16160696915374
1760137200000,LONG,9.9406978601086,-0.6692002059731665,10.2906978601086,True,1000BONK/USDT,-0.2140462342004323,4.2,2025-10-10 23:00:00,2025,НЕЙТРАЛЬ,-34.16160696915374
1760137200000,LONG,11.084010152284252,-0.2682852926256192,11.434010152284252,False,COTI/USDT,-0.2246144061706691,18.8,2025-10-10 23:00:00,2025,НЕЙТРАЛЬ,-34.16160696915374
1760138100000,LONG,-8.484065172174706,-0.7404045638428901,8.134065172174706,False,AGLD/USDT,0.243304529193979,47.2,2025-10-10 23:15:00,2025,НЕЙТРАЛЬ,-31.17825223408537
1760138100000,LONG,-4.277881519639415,-3.7670079904252174,7.74700579523503,False,ARPA/USDT,-0.2440620289858722,24.6,2025-10-10 23:15:00,2025,НЕЙТРАЛЬ,-31.17825223408537
1760138100000,LONG,-2.1181728880157134,,8.918467583497057,False,CTSI/USDT,-0.2916205812071202,,2025-10-10 23:15:00,2025,НЕЙТРАЛЬ,-31.17825223408537
1760138100000,LONG,-0.2837236275268038,,9.638959460952186,False,EGLD/USDT,-0.2775626679395914,26.4,2025-10-10 23:15:00,2025,НЕЙТРАЛЬ,-31.17825223408537
1760138100000,LONG,0.5432290461424603,-0.0619346654132005,8.07038922571389,True,AVAX/USDT,-0.2623253863584634,55.60000000000001,2025-10-10 23:15:00,2025,НЕЙТРАЛЬ,-31.17825223408537
1760138100000,LONG,1.5840159271899807,-1.0496805885880998,10.196274175199104,False,ARK/USDT,-0.1425093417459427,8.799999999999999,2025-10-10 23:15:00,2025,НЕЙТРАЛЬ,-31.17825223408537
1760138100000,LONG,7.739500860585192,-0.3962687686741499,11.110843373493976,False,CHR/USDT,-0.1983088406477788,18.2,2025-10-10 23:15:00,2025,НЕЙТРАЛЬ,-31.17825223408537
1760138100000,LONG,7.860533515731864,-0.2052576278608176,8.210533515731864,True,ATOM/USDT,0.0532967665027163,70.6,2025-10-10 23:15:00,2025,НЕЙТРАЛЬ,-31.17825223408537
1760138100000,LONG,10.079764745993849,-0.7365902654041684,10.429764745993849,False,CKB/USDT,-0.1073224395559332,40.6,2025-10-10 23:15:00,2025,НЕЙТРАЛЬ,-31.17825223408537
1760139000000,LONG,-5.592966751918166,-0.1178205686849721,8.332097186700775,False,DUSK/USDT,-0.2502901086541735,14.000000000000002,2025-10-10 23:30:00,2025,НЕЙТРАЛЬ,-29.65280947365804
1760198400000,SHORT,2.803988868274583,-1.7962840951699937,6.3167594310451145,False,ARPA/USDT,-0.2320311610660445,2.4,2025-10-11 16:00:00,2025,НЕЙТРАЛЬ,-24.23998414473442
1760217300000,LONG,3.9220120270608976,2.733790640218192,4.272012027060898,True,AR/USDT,-0.2126555324873242,0.4,2025-10-11 21:15:00,2025,НЕЙТРАЛЬ,-29.042911337447237
1760218200000,LONG,-1.7836917562724026,-2.194241751369875,5.660215053763451,False,ALICE/USDT,0.0155635727878339,13.0,2025-10-11 21:30:00,2025,НЕЙТРАЛЬ,-29.120116845039213
1760218200000,LONG,0.98422281521015,5.153193458368875,4.142858201764136,True,1000BONK/USDT,-0.1989330764390898,3.0,2025-10-11 21:30:00,2025,НЕЙТРАЛЬ,-29.120116845039213
1760219100000,LONG,-0.3802388872089474,1.3148931695537218,4.309706682794071,True,ARKM/USDT,-0.2828125238077482,0.2,2025-10-11 21:45:00,2025,НЕЙТРАЛЬ,-28.54791276552523
1760219100000,LONG,1.5328451882845204,1.5976445062193152,4.471548117154802,True,CRV/USDT,-0.3066824605827983,33.800000000000004,2025-10-11 21:45:00,2025,НЕЙТРАЛЬ,-28.54791276552523
1760258700000,SHORT,-2.7324321524756545,0.6029245651879982,5.058379946136306,False,DUSK/USDT,-0.2372328237047522,14.000000000000002,2025-10-12 08:45:00,2025,НЕЙТРАЛЬ,-29.577993768181223
1760268600000,SHORT,-4.539183673469387,0.0096530148665578,4.189183673469388,False,BAT/USDT,0.0713650729963762,26.4,2025-10-12 11:30:00,2025,НЕЙТРАЛЬ,-27.921325710476356
1760289300000,SHORT,2.6150300863347,0.1391693293782423,4.122368535798379,True,CFX/USDT,0.0864424870178381,44.0,2025-10-12 17:15:00,2025,НЕЙТРАЛЬ,-21.488086695060083
1760292000000,SHORT,0.9126262626262636,-0.6337017270212119,4.8590909090909,False,EDU/USDT,-0.2454528503694845,1.0,2025-10-12 18:00:00,2025,НЕЙТРАЛЬ,-20.62724014336918
1760293800000,SHORT,2.114788732394349,2.704477467556531,4.714612676056338,True,CRV/USDT,-0.2970477874426353,8.0,2025-10-12 18:30:00,2025,НЕЙТРАЛЬ,-21.919373219373224
1760301900000,SHORT,-4.551101928374651,-0.5496441237437748,7.456391184573002,False,API3/USDT,-0.0799964214102019,1.7999999999999998,2025-10-12 20:45:00,2025,МЕДВЕДЬ,-19.50423334801546
1760347800000,SHORT,-8.541624365482217,-1.5817565741141555,8.191624365482218,False,ALICE/USDT,0.056036019673591,13.0,2025-10-13 09:30:00,2025,МЕДВЕДЬ,-19.922828036210653
1760351400000,SHORT,2.591977662762184,-0.0547999837923557,4.097793516752922,False,ACE/USDT,-0.2890934175499635,4.0,2025-10-13 10:30:00,2025,МЕДВЕДЬ,-19.691076997563112
1760354100000,SHORT,-2.76827138378862,0.3354521364753046,9.86735333631885,False,BAT/USDT,0.1025035066092909,37.4,2025-10-13 11:15:00,2025,МЕДВЕДЬ,-22.691119088496958
1760357700000,LONG,7.173396334478812,0.8136308222859301,7.523396334478812,False,ARK/USDT,-0.1323894444062601,0.0,2025-10-13 12:15:00,2025,МЕДВЕДЬ,-21.422260263153742
1760374800000,SHORT,-6.222222222222218,0.0294805870940128,5.872222222222218,False,CELO/USDT,-0.1883529483604035,2.6,2025-10-13 17:00:00,2025,МЕДВЕДЬ,-20.25274292410763
1760386500000,SHORT,-7.301193633952257,-1.7058882636255923,6.951193633952258,False,ARPA/USDT,-0.2337825471063676,8.4,2025-10-13 20:15:00,2025,МЕДВЕДЬ,-18.89770530011217
1760389200000,SHORT,-7.075699558173755,-0.5363995429582731,6.725699558173756,False,EDU/USDT,-0.2410227940972397,1.4,2025-10-13 21:00:00,2025,МЕДВЕДЬ,-18.29143697949353
1760403600000,SHORT,4.612918595886717,1.1865206761916092,4.962918595886717,True,CAKE/USDT,-0.2762713434584841,15.0,2025-10-14 01:00:00,2025,МЕДВЕДЬ,-18.773984716521504
1760410800000,SHORT,-8.085249621785163,-1.1106807109106946,7.735249621785163,False,ARPA/USDT,-0.2408385701231005,3.0,2025-10-14 03:00:00,2025,МЕДВЕДЬ,-20.335266674900737
1760419800000,SHORT,11.515784499054798,-0.4840003857050798,11.865784499054795,False,ALICE/USDT,0.0372592805086524,0.2,2025-10-14 05:30:00,2025,МЕДВЕДЬ,-23.023283012651557
1760420700000,LONG,-4.682496513249644,1.8006738116999883,4.3324965132496445,False,CHR/USDT,-0.1696224167606468,18.4,2025-10-14 05:45:00,2025,МЕДВЕДЬ,-22.91352904170911
1760487300000,SHORT,5.09354838709678,-0.8460246610413341,9.19758064516129,False,ALICE/USDT,0.005945372899579,0.2,2025-10-15 00:15:00,2025,МЕДВЕДЬ,-18.27216892634401
1760517000000,SHORT,-7.600222504767951,-0.0931333702239321,7.250222504767952,False,EDU/USDT,-0.2129364656375439,6.2,2025-10-15 08:30:00,2025,МЕДВЕДЬ,-16.8208331144746
1760518800000,SHORT,9.979999999999974,0.7428258669597615,10.329999999999972,False,CYBER/USDT,0.0647631729292804,22.0,2025-10-15 09:00:00,2025,МЕДВЕДЬ,-17.28081536584857
1760620500000,SHORT,3.5937896645512204,-0.6469120802135023,11.257524932003603,False,ARPA/USDT,-0.1542206170795707,1.0,2025-10-16 13:15:00,2025,МЕДВЕДЬ,-19.82801688304003
1760622300000,SHORT,5.73280038759689,-0.2735775614103644,6.0828003875968895,False,BAT/USDT,0.0460042923558088,37.2,2025-10-16 13:45:00,2025,МЕДВЕДЬ,-19.361264761674462
1760622300000,SHORT,6.237931352648097,1.1099175836516617,9.110260195608031,False,DUSK/USDT,-0.1250899291764214,14.6,2025-10-16 13:45:00,2025,МЕДВЕДЬ,-19.361264761674462
1760633100000,LONG,-5.557512953367884,-1.2577775356146017,5.207512953367885,False,ALICE/USDT,0.0323813552571466,14.2,2025-10-16 16:45:00,2025,МЕДВЕДЬ,-19.64683805357023
1760633100000,LONG,-5.442596491228059,2.9148926415719427,5.09259649122806,True,FET/USDT,-0.0422110056568345,43.2,2025-10-16 16:45:00,2025,МЕДВЕДЬ,-19.64683805357023
1760633100000,LONG,-4.955419136325148,2.0064844469877148,4.605419136325148,False,ENJ/USDT,-0.0451772604244834,25.8,2025-10-16 16:45:00,2025,МЕДВЕДЬ,-19.64683805357023
1760633100000,LONG,-4.899412110523223,3.05811483465173,4.549412110523224,False,BIGTIME/USDT,-0.0723196379150199,15.6,2025-10-16 16:45:00,2025,МЕДВЕДЬ,-19.64683805357023
1760633100000,LONG,-4.437622549019597,2.182576059060998,4.087622549019597,True,AXS/USDT,-0.0618582905918732,49.8,2025-10-16 16:45:00,2025,МЕДВЕДЬ,-19.64683805357023
1760691600000,LONG,4.910682926829272,-0.0538130466237852,5.2606829268292605,False,CYBER/USDT,0.0245593343843283,5.2,2025-10-17 09:00:00,2025,МЕДВЕДЬ,-30.04060756875479
1760719500000,SHORT,2.2141025641025665,-0.9365878145862896,6.729487179487155,False,ALICE/USDT,0.0252812680165308,13.8,2025-10-17 16:45:00,2025,МЕДВЕДЬ,-24.349697038177005
1760760000000,SHORT,-1.0565217391304325,0.1272231474063734,5.751086956521728,False,EDU/USDT,-0.0642680424650633,6.0,2025-10-18 04:00:00,2025,МЕДВЕДЬ,0.5917060467961921
1760850900000,SHORT,-2.0642012708733644,-1.3964712815220093,4.672469336485896,False,API3/USDT,0.0554365715091572,13.2,2025-10-19 05:15:00,2025,МЕДВЕДЬ,0.9531653769503379
1760877900000,SHORT,-0.1548780487804783,-1.3808365167742316,4.521686411149818,False,API3/USDT,0.062496470967108,6.2,2025-10-19 12:45:00,2025,МЕДВЕДЬ,-0.1335246482429664
1760889600000,SHORT,-4.828568360773067,4.829453808624683,4.478568360773068,False,AUCTION/USDT,0.0657873687288265,11.8,2025-10-19 16:00:00,2025,МЕДВЕДЬ,-4.8757300458918245
1760890500000,SHORT,-1.1123007623007553,2.5630495216244533,6.868503118503106,True,FET/USDT,-0.0054861675256624,41.6,2025-10-19 16:15:00,2025,МЕДВЕДЬ,-4.972584448860879
1760907600000,SHORT,4.129166666666665,-0.8959111715807933,4.479166666666664,False,ALICE/USDT,-0.1030786883031226,8.200000000000001,2025-10-19 21:00:00,2025,МЕДВЕДЬ,-6.72368754680488
1760918400000,SHORT,-2.681606217616576,0.8897862959615095,7.315803108808283,False,CHR/USDT,0.1043122938175291,11.4,2025-10-20 00:00:00,2025,МЕДВЕДЬ,-6.459173913023264
1760962500000,SHORT,6.041762879596375,3.2477914538663053,6.391762879596374,False,AUCTION/USDT,-0.021155681207468,0.2,2025-10-20 12:15:00,2025,МЕДВЕДЬ,-5.160972264813113
1760962500000,SHORT,8.857727044656286,0.1256931733723364,9.207727044656286,False,EDU/USDT,-0.1194648356841898,7.399999999999999,2025-10-20 12:15:00,2025,МЕДВЕДЬ,-5.160972264813113
1761065100000,SHORT,-4.490315315315302,-0.08518003073884,4.140315315315302,False,EDU/USDT,0.1067819120326819,9.6,2025-10-21 16:45:00,2025,МЕДВЕДЬ,-4.496640264768165
1761066000000,SHORT,4.651033271337057,-0.5758469818615433,5.647675139491609,False,DASH/USDT,0.0678391453228855,0.6,2025-10-21 17:00:00,2025,МЕДВЕДЬ,-4.936720814002621
1761067800000,SHORT,4.847066069428873,-0.7731161567732237,5.197066069428873,False,AGLD/USDT,0.0969024535868064,44.8,2025-10-21 17:30:00,2025,МЕДВЕДЬ,-4.674683072334085
1761214500000,SHORT,2.0122047244094508,0.0272836403760078,4.643700787401574,False,CELO/USDT,-0.1159357428828216,4.2,2025-10-23 10:15:00,2025,МЕДВЕДЬ,-7.0573101189538185
1761286500000,SHORT,-6.445610302351608,3.1632896531236074,6.095610302351608,True,APE/USDT,0.023796612302486,2.2,2025-10-24 06:15:00,2025,МЕДВЕДЬ,1.6637943187617577
1761459300000,SHORT,3.6542613636363552,-1.2667406202900338,4.004261363636355,False,ALICE/USDT,-0.0689986903989298,9.0,2025-10-26 06:15:00,2025,НЕЙТРАЛЬ,2.2089044448196926
1761492600000,SHORT,-2.730952380952378,0.5218636431753259,6.62142857142856,False,EDU/USDT,0.0235621827931709,20.8,2025-10-26 15:30:00,2025,НЕЙТРАЛЬ,1.8423797779281048
1761552900000,SHORT,3.765760869565205,-0.8180998326076863,4.1157608695652055,False,AGLD/USDT,-0.080559196614831,44.4,2025-10-27 08:15:00,2025,НЕЙТРАЛЬ,0.6869956602318372
1761796800000,SHORT,4.617089678510979,1.9038296356931632,4.967089678510979,False,CKB/USDT,-0.1751526776184659,14.2,2025-10-30 04:00:00,2025,НЕЙТРАЛЬ,1.4731517982605191
1761894900000,SHORT,-2.345464852607708,-1.2662661300549227,6.653091458805744,False,API3/USDT,-0.130391335393346,25.4,2025-10-31 07:15:00,2025,НЕЙТРАЛЬ,-7.4017717026238214
1761984000000,SHORT,-5.168758191349921,0.0936983673645336,4.818758191349922,False,DASH/USDT,0.0350004075250229,22.4,2025-11-01 08:00:00,2025,МЕДВЕДЬ,-4.577881872928247
1762045200000,SHORT,-4.86833142857142,1.838646964961084,4.51833142857142,True,AR/USDT,-0.0814981161703925,27.4,2025-11-02 01:00:00,2025,МЕДВЕДЬ,-3.758191479797368
1762047900000,SHORT,-2.1386855241264624,1.809214209963926,6.558319467554072,False,AUCTION/USDT,-0.0308019557961291,8.6,2025-11-02 01:45:00,2025,МЕДВЕДЬ,-3.4924603444403903
1762069500000,SHORT,-8.193797496647266,0.228131674827289,7.843797496647266,False,DASH/USDT,0.0550555368381895,3.8,2025-11-02 07:45:00,2025,МЕДВЕДЬ,-2.6146892347853057
1762070400000,SHORT,5.511494031574879,0.8123086320274755,5.861494031574878,False,DUSK/USDT,-0.1370759605676088,6.800000000000001,2025-11-02 08:00:00,2025,МЕДВЕДЬ,-3.063147070990907
1762131600000,SHORT,4.076104621635334,-0.1578189356588438,4.426104621635334,False,BAT/USDT,-0.0133779223149662,29.6,2025-11-03 01:00:00,2025,МЕДВЕДЬ,-8.145925800150355
1762184700000,LONG,-0.5891963004305483,1.7989403743387005,6.0234890767022815,False,AUCTION/USDT,-0.0425492661736182,4.4,2025-11-03 15:45:00,2025,МЕДВЕДЬ,-17.421602713937368
1762185600000,LONG,-2.5731722958529306,2.8557933779544973,4.519880290722523,False,GAS/USDT,-0.0495524670923133,8.6,2025-11-03 16:00:00,2025,МЕДВЕДЬ,-16.98648629854483
1762185600000,LONG,-2.0394061776211974,0.1868014427234525,5.133739465540387,True,BCH/USDT,-0.008656617284075,39.6,2025-11-03 16:00:00,2025,МЕДВЕДЬ,-16.98648629854483
1762185600000,LONG,-0.6119858527639582,1.9652400101237075,7.274037201991114,False,ENJ/USDT,0.0555172964048073,0.8,2025-11-03 16:00:00,2025,МЕДВЕДЬ,-16.98648629854483
1762186500000,LONG,-4.616865063187934,3.3421105662205544,4.266865063187934,True,1000BONK/USDT,0.0168303650758331,0.4,2025-11-03 16:15:00,2025,МЕДВЕДЬ,-16.605498288496435
1762186500000,LONG,-3.207142857142868,2.045457157227998,5.631941391941407,False,BIGTIME/USDT,-0.0262463473063202,12.0,2025-11-03 16:15:00,2025,МЕДВЕДЬ,-16.605498288496435
1762186500000,LONG,-2.8039877300613485,-1.3422081834634356,6.641911527284463,False,API3/USDT,-0.0222848795329195,23.6,2025-11-03 16:15:00,2025,МЕДВЕДЬ,-16.605498288496435
1762186500000,LONG,-2.7698822759973893,1.0712965983564209,5.972923479398311,False,1INCH/USDT,-0.0029564345088482,5.6000000000000005,2025-11-03 16:15:00,2025,МЕДВЕДЬ,-16.605498288496435
1762186500000,LONG,-2.5498595834308366,1.3539545069333818,4.70985256260238,False,BLUR/USDT,0.0791727342247873,2.6,2025-11-03 16:15:00,2025,МЕДВЕДЬ,-16.605498288496435
1762186500000,LONG,-2.4690616991917915,2.174166600362998,4.402577370392269,True,AAVE/USDT,0.0597398139855812,12.0,2025-11-03 16:15:00,2025,МЕДВЕДЬ,-16.605498288496435
1762186500000,LONG,-1.778666356568542,1.395421726275295,8.117529403947115,False,ASTR/USDT,-0.0076682111837848,13.2,2025-11-03 16:15:00,2025,МЕДВЕДЬ,-16.605498288496435
1762186500000,LONG,-1.6559701492537426,-0.2753325163763127,4.764179104477615,False,ARPA/USDT,-0.0713742301811386,14.6,2025-11-03 16:15:00,2025,МЕДВЕДЬ,-16.605498288496435
1762186500000,LONG,-1.5497670355271,1.554863525504009,5.3053232382061815,False,EGLD/USDT,-0.0524218514495304,20.8,2025-11-03 16:15:00,2025,МЕДВЕДЬ,-16.605498288496435
1762186500000,LONG,-1.344200497100254,0.5881160729377231,10.501284175642082,False,ACE/USDT,-0.034989474189831,6.0,2025-11-03 16:15:00,2025,МЕДВЕДЬ,-16.605498288496435
1762233300000,SHORT,-7.844664310954051,2.6946037941492245,7.494664310954051,False,BICO/USDT,0.0353263001590875,,2025-11-04 05:15:00,2025,МЕДВЕДЬ,-15.590701933366752
1762233300000,SHORT,6.846294976843603,0.3347957826600621,7.196294976843602,False,DASH/USDT,0.0196554402841684,1.6,2025-11-04 05:15:00,2025,МЕДВЕДЬ,-15.590701933366752
1762234200000,SHORT,-6.329193329455092,0.5415311230161552,5.979193329455092,False,DUSK/USDT,-0.0299241760633208,7.399999999999999,2025-11-04 05:30:00,2025,МЕДВЕДЬ,-15.957281912828725
1762288200000,LONG,0.9897947548460612,2.6422252000478985,5.69994298745724,True,APE/USDT,0.0651436551374561,14.8,2025-11-04 20:30:00,2025,МЕДВЕДЬ,-16.278450494419367
1762292700000,LONG,3.3736641078857565,-0.4226368072647965,5.225482844136324,True,ETH/USDT,0.1178843530552531,47.8,2025-11-04 21:45:00,2025,МЕДВЕДЬ,-17.1305629963814
1762292700000,LONG,3.789621409921678,-2.216526139025958,4.139621409921678,False,AGLD/USDT,0.0424221419481186,44.2,2025-11-04 21:45:00,2025,МЕДВЕДЬ,-17.1305629963814
1762292700000,LONG,4.052076802507826,1.1520398027370995,4.402076802507826,True,ADA/USDT,0.0472488981794883,50.2,2025-11-04 21:45:00,2025,МЕДВЕДЬ,-17.1305629963814
1762292700000,LONG,4.149369604497088,0.1972722371048651,4.499369604497088,True,APT/USDT,0.1086976761575833,2.6,2025-11-04 21:45:00,2025,МЕДВЕДЬ,-17.1305629963814
1762292700000,LONG,4.283544749823824,2.3477781972227034,5.999903100775187,True,1000BONK/USDT,0.0490124353372153,47.6,2025-11-04 21:45:00,2025,МЕДВЕДЬ,-17.1305629963814
1762292700000,LONG,4.869013237063763,1.9914934717657928,5.219013237063763,True,GALA/USDT,0.0618801712043325,22.2,2025-11-04 21:45:00,2025,МЕДВЕДЬ,-17.1305629963814
1762307100000,LONG,3.815161975570892,0.0083453380612188,4.165161975570892,False,BAT/USDT,0.0189607306233784,32.6,2025-11-05 01:45:00,2025,МЕДВЕДЬ,-17.50754320885471
1762379100000,SHORT,-7.603111353711768,1.1850504735341458,7.253111353711768,False,1INCH/USDT,0.0874790609722497,17.0,2025-11-05 21:45:00,2025,МЕДВЕДЬ,-14.51078462168202
1762426800000,SHORT,8.576052963429992,0.245599002828051,8.926052963429992,False,DASH/USDT,-0.0125331233782888,16.6,2025-11-06 11:00:00,2025,МЕДВЕДЬ,-12.969136005644287
1762443000000,SHORT,-7.181549295774652,0.5806338120141128,6.831549295774653,False,DUSK/USDT,0.0050843731940669,1.7999999999999998,2025-11-06 15:30:00,2025,МЕДВЕДЬ,-10.276631743451187
1762460100000,SHORT,-7.455939683707252,1.6653949512677966,7.105939683707252,True,AR/USDT,-0.0458798007933696,1.0,2025-11-06 20:15:00,2025,МЕДВЕДЬ,-5.834556747600233
1762462800000,SHORT,-7.392857142857131,0.8582785819517474,7.042857142857131,True,FIL/USDT,0.0593003622356279,0.8,2025-11-06 21:00:00,2025,МЕДВЕДЬ,-6.756059270345832
1762479900000,SHORT,-11.853370786516848,0.7512800104604429,11.503370786516848,False,DUSK/USDT,-0.0201224253588065,0.0,2025-11-07 01:45:00,2025,МЕДВЕДЬ,-7.136726776562058
1762480800000,SHORT,-4.970744458385604,1.514524539633424,4.620744458385604,True,FET/USDT,0.0732506268758243,26.8,2025-11-07 02:00:00,2025,МЕДВЕДЬ,-6.618529226803805
1762534800000,SHORT,-9.58865284974092,2.157852734731882,9.23865284974092,True,FIL/USDT,0.1156026483782521,0.2,2025-11-07 17:00:00,2025,МЕДВЕДЬ,2.4019889080130086
1762534800000,SHORT,1.1478562280750508,0.9486561702603342,5.5554318169163,True,ETC/USDT,0.0732957043869179,17.8,2025-11-07 17:00:00,2025,МЕДВЕДЬ,2.4019889080130086
1762540200000,SHORT,-8.549840616283687,1.5826210286638167,8.199840616283687,True,AR/USDT,0.0920070966556135,1.0,2025-11-07 18:30:00,2025,МЕДВЕДЬ,4.773117790090531
1762544700000,SHORT,9.85957978989494,3.785908437345325,10.20957978989494,True,FET/USDT,-0.021165056516505,4.2,2025-11-07 19:45:00,2025,МЕДВЕДЬ,3.0759307325787466
1762580700000,LONG,-8.020372492836684,0.0570819466501749,7.670372492836683,False,DASH/USDT,-0.0565945921972279,35.0,2025-11-08 05:45:00,2025,МЕДВЕДЬ,0.9043357082572756
1762611300000,SHORT,2.9482791586998176,0.8445526460417278,8.01907265774377,False,ACH/USDT,-0.1063065159825775,40.8,2025-11-08 14:15:00,2025,МЕДВЕДЬ,-1.5855831316596791
1762638300000,SHORT,4.114705882352941,1.88330987120974,4.46470588235294,False,FLOW/USDT,-0.0959590161118541,29.6,2025-11-08 21:45:00,2025,МЕДВЕДЬ,-0.3776973622829083
1762648200000,SHORT,0.7100706713780894,-1.0395249545555203,8.038103651354527,False,API3/USDT,-0.1215704120821984,83.39999999999999,2025-11-09 00:30:00,2025,МЕДВЕДЬ,-1.1313653732928586
1762655400000,SHORT,2.680602171767032,1.3347288361839107,6.824945705824262,False,EGLD/USDT,0.0483210286684829,30.4,2025-11-09 02:30:00,2025,НЕЙТРАЛЬ,-3.803762001641864
1762661700000,LONG,-3.9549026676279775,1.4843441683158405,5.439545782263893,True,AR/USDT,0.0497165665751201,21.8,2025-11-09 04:15:00,2025,НЕЙТРАЛЬ,-4.016219008703715
1762718400000,SHORT,-7.743862383121536,1.637785475682094,7.393862383121537,False,COTI/USDT,-0.1390327479522045,19.2,2025-11-09 20:00:00,2025,НЕЙТРАЛЬ,1.3262892036190466
1762728300000,SHORT,2.9748279594834903,0.6354568799721013,4.456870022423252,False,ACH/USDT,-0.0840969794671837,2.2,2025-11-09 22:45:00,2025,НЕЙТРАЛЬ,-0.3276924209935861
1762785900000,SHORT,3.1422766957689787,0.5091579305777064,7.979113498992593,False,ACE/USDT,-0.2123179598398089,7.399999999999999,2025-11-10 14:45:00,2025,НЕЙТРАЛЬ,4.6983615077159975
1762817400000,SHORT,1.9227272727272744,3.1614287497083504,4.859090909090895,True,DYDX/USDT,-0.007060898001968,18.4,2025-11-10 23:30:00,2025,НЕЙТРАЛЬ,13.594120134856514
1762817400000,SHORT,4.145057034220532,1.0160274118309147,4.495057034220531,True,CRV/USDT,-0.0781977520966012,36.8,2025-11-10 23:30:00,2025,НЕЙТРАЛЬ,13.594120134856514
1762830900000,SHORT,-0.1063616675690276,1.6109314516801312,5.784731997834316,True,FET/USDT,-0.0841866137979527,41.6,2025-11-11 03:15:00,2025,НЕЙТРАЛЬ,12.261069462023599
1762958700000,SHORT,3.93015873015872,1.1515800748544327,4.28015873015872,False,COMP/USDT,-0.0771826820297187,32.6,2025-11-12 14:45:00,2025,НЕЙТРАЛЬ,11.449751802258202
1763109000000,SHORT,7.026380368098137,0.1318127522309145,7.376380368098137,True,DYDX/USDT,0.0824989546162054,28.6,2025-11-14 08:30:00,2025,НЕЙТРАЛЬ,-4.128883774453385
1763136000000,SHORT,-0.3910060142154198,0.0284221715044711,6.949193548387095,False,DASH/USDT,0.0200193733483918,36.0,2025-11-14 16:00:00,2025,НЕЙТРАЛЬ,-5.181819636491652
1763190000000,SHORT,-0.3976190476190423,0.4968814048078584,5.028428571428548,True,FIL/USDT,-0.0659703140920324,28.4,2025-11-15 07:00:00,2025,НЕЙТРАЛЬ,-8.146549291800692
1763236800000,SHORT,2.5743587649076995,-0.255314936997602,4.80620813592548,False,API3/USDT,0.0551967651285964,25.4,2025-11-15 20:00:00,2025,МЕДВЕДЬ,-8.728153931687983
1763252100000,SHORT,-7.388530854340127,0.1313165981108734,7.038530854340127,False,DASH/USDT,0.0645084991538128,0.0,2025-11-16 00:15:00,2025,МЕДВЕДЬ,-10.854214468603862
1763316000000,LONG,-5.135939257592808,0.1826252624905911,4.785939257592808,True,GALA/USDT,0.0331214322433663,14.2,2025-11-16 18:00:00,2025,МЕДВЕДЬ,-12.072824784656099
1763316000000,LONG,-1.356634637382761,0.0027923210057345,4.040745824754079,True,AR/USDT,-0.0476934529151626,34.0,2025-11-16 18:00:00,2025,МЕДВЕДЬ,-12.072824784656099
1763316000000,LONG,-0.8230713245996972,0.5359056657309478,4.145778748180486,True,FET/USDT,-0.0127097720541205,33.4,2025-11-16 18:00:00,2025,МЕДВЕДЬ,-12.072824784656099
1763385300000,SHORT,-6.165156766976514,0.1992548315655597,5.815156766976514,False,DUSK/USDT,0.0134969749087158,3.0,2025-11-17 13:15:00,2025,МЕДВЕДЬ,-13.191395071879853
1763389800000,LONG,-4.484615384615376,0.0427698340384335,4.134615384615376,True,DYDX/USDT,0.125003225947319,29.0,2025-11-17 14:30:00,2025,МЕДВЕДЬ,-12.130391202946338
1763491500000,SHORT,4.514977404777264,0.3943047972102173,4.864977404777264,True,FET/USDT,0.0531865909641392,37.0,2025-11-18 18:45:00,2025,МЕДВЕДЬ,-11.090067973616769
1763561700000,SHORT,8.083734939759033,-0.6349720247141326,10.773092369477908,False,ALICE/USDT,-0.101111433123794,11.2,2025-11-19 14:15:00,2025,МЕДВЕДЬ,-15.219157816430972
1763578800000,LONG,3.836709982279968,-0.004153638882005,4.186709982279968,False,BAT/USDT,0.063551140221722,18.2,2025-11-19 19:00:00,2025,МЕДВЕДЬ,-13.056815475546124
1763600400000,SHORT,-0.0394409937888195,-0.1051695456742879,8.50258799171841,False,CYBER/USDT,0.0232456532374747,29.8,2025-11-20 01:00:00,2025,МЕДВЕДЬ,-10.889675666049598
1763613000000,SHORT,3.846415069743177,0.6573418275704479,4.196415069743177,False,DUSK/USDT,-0.003125470321411,3.8,2025-11-20 04:30:00,2025,МЕДВЕДЬ,-11.072065987769308
1763622000000,SHORT,-4.760655737704915,-0.3617430688523373,4.410655737704915,False,ALICE/USDT,-0.1212628004833194,18.4,2025-11-20 07:00:00,2025,МЕДВЕДЬ,-11.388946094912416
1763711100000,LONG,-3.0833831217326337,-0.1023375827880485,8.490440627333834,False,DASH/USDT,0.0972007370180579,3.2,2025-11-21 07:45:00,2025,МЕДВЕДЬ,-14.04318167788769
1763712000000,LONG,-6.907917261055644,-0.1863314282871648,6.557917261055644,True,ALGO/USDT,0.0082495849211647,25.6,2025-11-21 08:00:00,2025,МЕДВЕДЬ,-12.799810740176854
1763712000000,LONG,-6.687322074788893,-0.0249310824706569,6.337322074788894,True,ADA/USDT,-0.0267699661954396,9.0,2025-11-21 08:00:00,2025,МЕДВЕДЬ,-12.799810740176854
1763712000000,LONG,-4.899950334974744,0.566684113622889,4.549950334974744,True,BCH/USDT,0.0417074817630585,6.0,2025-11-21 08:00:00,2025,МЕДВЕДЬ,-12.799810740176854
1763712000000,LONG,-4.600120771230866,-0.5587935844777683,4.250120771230867,True,BTC/USDT,-0.0461428477788918,39.6,2025-11-21 08:00:00,2025,МЕДВЕДЬ,-12.799810740176854
1763712000000,LONG,-4.538481675392655,-0.2503073585313209,9.521815008725994,True,FET/USDT,-0.0010919624119919,16.400000000000002,2025-11-21 08:00:00,2025,МЕДВЕДЬ,-12.799810740176854
1763712000000,LONG,-3.726079560324522,-0.0662307342792961,9.69335252551689,True,AR/USDT,-0.0566241373546661,3.8,2025-11-21 08:00:00,2025,МЕДВЕДЬ,-12.799810740176854
1763712000000,LONG,-3.195528455284556,0.7060479544034228,6.784552845528448,False,FLOW/USDT,-0.0763838423165562,28.6,2025-11-21 08:00:00,2025,МЕДВЕДЬ,-12.799810740176854
1763712000000,LONG,-2.8739005736137777,-0.3047841092393291,5.637667304015301,True,ATOM/USDT,0.0533633054481518,6.800000000000001,2025-11-21 08:00:00,2025,МЕДВЕДЬ,-12.799810740176854
1763712000000,LONG,-2.834472049689436,0.2713921838405207,11.240165631469976,True,APE/USDT,0.0512658250083856,0.6,2025-11-21 08:00:00,2025,МЕДВЕДЬ,-12.799810740176854
1763712000000,LONG,-2.547871801368127,0.4332285854676501,8.433620471243982,True,AAVE/USDT,-0.0125927601058014,13.6,2025-11-21 08:00:00,2025,МЕДВЕДЬ,-12.799810740176854
1763712000000,LONG,-1.9671493042497168,-0.3219314454237431,8.136517487777356,True,AVAX/USDT,-0.0051096456533005,9.4,2025-11-21 08:00:00,2025,МЕДВЕДЬ,-12.799810740176854
1763712000000,LONG,-1.9172782874617709,-0.0020159531171472,7.884212538226302,False,ARK/USDT,0.0102353204790096,15.4,2025-11-21 08:00:00,2025,МЕДВЕДЬ,-12.799810740176854
1763712000000,LONG,-1.590694789081886,-0.3733294820098872,5.990074441687331,False,BSV/USDT,-0.0594469923063869,11.8,2025-11-21 08:00:00,2025,МЕДВЕДЬ,-12.799810740176854
1763712900000,LONG,-6.880569212280122,0.3370541008977799,6.530569212280122,True,1000BONK/USDT,-0.0018929751904694,12.8,2025-11-21 08:15:00,2025,МЕДВЕДЬ,-13.281452658884563
1763712900000,LONG,-6.012360059072938,0.134725613111745,5.662360059072938,True,CAKE/USDT,-0.0151656324895383,5.2,2025-11-21 08:15:00,2025,МЕДВЕДЬ,-13.281452658884563
1763712900000,LONG,-5.716617052944917,0.8607099180020434,5.3666170529449175,True,DOGE/USDT,-0.0078139303144067,2.8000000000000003,2025-11-21 08:15:00,2025,МЕДВЕДЬ,-13.281452658884563
1763712900000,LONG,-5.377671068427369,-0.2799215863492448,5.027671068427369,False,1INCH/USDT,-0.0764878022206023,37.4,2025-11-21 08:15:00,2025,МЕДВЕДЬ,-13.281452658884563
1763712900000,LONG,-5.178397081026671,0.1633859095304083,4.828397081026671,True,1000SHIB/USDT,-0.002037906991999,,2025-11-21 08:15:00,2025,МЕДВЕДЬ,-13.281452658884563
1763712900000,LONG,-2.379966167230537,0.2090283477983016,7.094441759304012,False,GAS/USDT,0.0012736527127941,29.0,2025-11-21 08:15:00,2025,МЕДВЕДЬ,-13.281452658884563
1763712900000,LONG,-2.1171517671517672,0.0043869848578573,11.665661815661824,False,COTI/USDT,-0.0186088550769971,10.2,2025-11-21 08:15:00,2025,МЕДВЕДЬ,-13.281452658884563
1763712900000,LONG,-1.995171957671968,-0.4329653612863351,6.242766203703709,False,ASTR/USDT,0.0102751814053735,29.4,2025-11-21 08:15:00,2025,МЕДВЕДЬ,-13.281452658884563
1763712900000,LONG,-1.2485879332477503,-0.2196284944321956,8.107060333761241,False,ANKR/USDT,0.0132011259469124,9.0,2025-11-21 08:15:00,2025,МЕДВЕДЬ,-13.281452658884563
1763712900000,LONG,-0.35,-0.5872778078939579,7.824528301886797,False,CELO/USDT,-0.1433929970885965,26.200000000000003,2025-11-21 08:15:00,2025,МЕДВЕДЬ,-13.281452658884563
1763712900000,LONG,-0.1913957176843736,-0.4174000417037798,7.732038065027743,False,CKB/USDT,0.0226471746247625,42.6,2025-11-21 08:15:00,2025,МЕДВЕДЬ,-13.281452658884563
1763714700000,LONG,-5.170597338285356,0.4812183336698925,4.820597338285356,False,DUSK/USDT,-0.0460311799865111,22.6,2025-11-21 08:45:00,2025,МЕДВЕДЬ,-14.009209224066154
1763728200000,LONG,0.019232235165199,-0.1142067080079531,4.829119321565558,True,1000PEPE/USDT,-0.0101095748878658,16.400000000000002,2025-11-21 12:30:00,2025,МЕДВЕДЬ,-11.873623428032593
1763728200000,LONG,0.4473143096936688,-0.056515011973295,4.065421737305915,True,DOT/USDT,-0.0058930686313444,14.000000000000002,2025-11-21 12:30:00,2025,МЕДВЕДЬ,-11.873623428032593
1763765100000,SHORT,-1.4107814486593009,0.5853317310437381,4.241805036339801,True,BCH/USDT,0.0814965096718705,15.8,2025-11-21 22:45:00,2025,МЕДВЕДЬ,-14.305731118479715
1763793900000,LONG,0.5278346744696358,-0.2308968689923053,4.019604974396482,False,DASH/USDT,0.0065871845275739,14.2,2025-11-22 06:45:00,2025,МЕДВЕДЬ,-14.996485815280275
1763846100000,SHORT,0.9833333333333344,-0.6479028259649839,7.878222222222206,False,ALICE/USDT,-0.1983178096919988,4.8,2025-11-22 21:15:00,2025,МЕДВЕДЬ,-13.466608963434517
1763863200000,SHORT,-5.707142857142849,-0.6900699537942662,5.35714285714285,False,CTSI/USDT,0.1637398056819725,,2025-11-23 02:00:00,2025,МЕДВЕДЬ,-12.279706114532779
1763874900000,SHORT,3.3440686784599487,-0.1971531380797855,5.414151925078029,False,1INCH/USDT,-0.1045087514138627,2.6,2025-11-23 05:15:00,2025,МЕДВЕДЬ,-12.429911248467839
1763885700000,SHORT,9.202767527675244,-0.5039659407596732,9.552767527675243,False,ALICE/USDT,-0.0656331409394148,0.0,2025-11-23 08:15:00,2025,МЕДВЕДЬ,-12.250799516025596
1763892000000,SHORT,-6.384159123392088,-0.3345617230648839,6.034159123392088,False,BICO/USDT,-0.0870889406056528,,2025-11-23 10:00:00,2025,МЕДВЕДЬ,-12.651869286173495
1764135900000,SHORT,3.276684411911495,-0.1204153976431576,5.506055564797852,False,DASH/USDT,-0.0933537565979588,28.2,2025-11-26 05:45:00,2025,МЕДВЕДЬ,-3.6688121102463276
1764168300000,SHORT,2.691994361181199,-0.4121531061623589,5.419928772814949,False,BICO/USDT,0.0342519766590452,,2025-11-26 14:45:00,2025,МЕДВЕДЬ,-6.944240526377365
1764169200000,SHORT,-2.4189655172413813,0.3936985111042252,4.4964597701149325,False,BAT/USDT,0.0453331045804302,18.2,2025-11-26 15:00:00,2025,МЕДВЕДЬ,-7.157874935923098
1764170100000,SHORT,-4.354306144900188,-0.2301153172448194,4.004306144900188,False,DASH/USDT,-0.019462580274949,4.0,2025-11-26 15:15:00,2025,МЕДВЕДЬ,-6.271491125364675
1764186300000,SHORT,-0.182943534914808,-0.3339135366716477,4.053291012362178,False,COTI/USDT,-0.0031388826845109,2.2,2025-11-26 19:45:00,2025,МЕДВЕДЬ,1.3629691669209465
1764190800000,SHORT,-1.8908929276965685,-0.8015107890344642,8.463492690636102,False,ACE/USDT,0.0470557274036642,0.2,2025-11-26 21:00:00,2025,МЕДВЕДЬ,-0.7120216351836017
1764226800000,SHORT,0.4917025346724177,-1.183686161962315,7.111382113821108,False,ACH/USDT,-0.0746854164506553,35.0,2025-11-27 07:00:00,2025,МЕДВЕДЬ,-3.398356311784351
1764297000000,SHORT,1.5447015425888737,0.0980892314577583,4.487575452716282,False,AUCTION/USDT,-0.0016824809303687,26.200000000000003,2025-11-28 02:30:00,2025,НЕЙТРАЛЬ,1.2299646146521792
1764358200000,SHORT,4.476814159292022,-0.2162657772441576,4.826814159292022,False,COMP/USDT,0.045033256693379,0.0,2025-11-28 19:30:00,2025,НЕЙТРАЛЬ,4.9434702144846465
1764368100000,SHORT,2.1922415129437254,0.0538703153244725,4.9332971632305,False,AUCTION/USDT,0.1196612287255814,3.8,2025-11-28 22:15:00,2025,НЕЙТРАЛЬ,5.561139402602821
1764386100000,SHORT,-0.7099476439790542,0.1961499344605619,6.667212041884797,True,CHZ/USDT,0.0026437932808768,12.0,2025-11-29 03:15:00,2025,НЕЙТРАЛЬ,5.65731782749701
1764401400000,SHORT,-2.4091165725672665,-0.0420259932826754,4.2640318830953134,False,ARK/USDT,-0.0036985976702725,5.6000000000000005,2025-11-29 07:30:00,2025,НЕЙТРАЛЬ,5.146349502370362
1764492300000,SHORT,3.7770783847981018,-0.4971754169898079,4.707482185273129,False,COMP/USDT,0.0335637633995874,0.6,2025-11-30 08:45:00,2025,НЕЙТРАЛЬ,2.097654065659982
1764513000000,SHORT,-0.6640265177948352,-0.5564794035632622,4.184612700628035,False,COTI/USDT,-0.0879408830620217,16.6,2025-11-30 14:30:00,2025,НЕЙТРАЛЬ,2.7557216495912806
1764547200000,SHORT,4.023096446700494,-0.5315745187644396,4.373096446700494,False,COMP/USDT,0.061120986801738,0.8,2025-12-01 00:00:00,2025,НЕЙТРАЛЬ,-0.857832002942005
1764550800000,LONG,-5.106912096168285,0.7844165779753891,4.756912096168286,False,BAT/USDT,-0.0117477166905235,9.6,2025-12-01 01:00:00,2025,НЕЙТРАЛЬ,-3.428859606177692
1764729900000,SHORT,-0.4181663258350346,-0.638667999798747,5.496182685753221,False,COTI/USDT,-0.0372621224291542,22.6,2025-12-03 02:45:00,2025,НЕЙТРАЛЬ,-1.735155886185663
1764922500000,SHORT,-7.761354504212567,0.1124653393740697,7.411354504212567,False,EGLD/USDT,0.0699843492800304,0.0,2025-12-05 08:15:00,2025,НЕЙТРАЛЬ,-4.465828969223351
1764950400000,SHORT,-0.4706272617611768,0.1869053386350366,4.0022677925211045,False,EGLD/USDT,-0.1346568825311726,0.0,2025-12-05 16:00:00,2025,НЕЙТРАЛЬ,-7.474713480644874
1765007100000,SHORT,7.621671388101975,-0.8162484561442748,7.971671388101975,False,ACE/USDT,-0.1852038244056066,0.6,2025-12-06 07:45:00,2025,НЕЙТРАЛЬ,-6.067150592666093
1765028700000,SHORT,-5.04912280701752,-0.92637364363609,4.69912280701752,False,ALICE/USDT,-0.2515092639329954,19.4,2025-12-06 13:45:00,2025,НЕЙТРАЛЬ,-5.735841451898938
1765267200000,SHORT,0.1456157072054777,-0.8625997142859029,6.991765154403358,False,ACE/USDT,-0.1064769558183658,7.8,2025-12-09 08:00:00,2025,НЕЙТРАЛЬ,4.079127977391995
1765275300000,SHORT,-4.901909039865245,-0.3300924379352371,4.5519090398652455,False,ENJ/USDT,0.0189311833742244,0.0,2025-12-09 10:15:00,2025,НЕЙТРАЛЬ,3.1312742447396236
1765287000000,SHORT,-2.933979328165377,-2.388153447432035,4.187596899224806,False,CTSI/USDT,-0.179388641443174,,2025-12-09 13:30:00,2025,НЕЙТРАЛЬ,2.6312009010730053
1765391400000,SHORT,7.280772113943034,-0.8610619675035405,7.630772113943034,False,ACE/USDT,-0.1049659703060645,26.0,2025-12-10 18:30:00,2025,НЕЙТРАЛЬ,-2.1292758128522546
1765395000000,SHORT,4.472335025380708,-2.398024614512753,8.955329949238564,False,CTSI/USDT,-0.3488347235273432,,2025-12-10 19:30:00,2025,НЕЙТРАЛЬ,-1.6635892203573144
1765399500000,SHORT,4.049782289228757,-0.6925296172891964,4.399782289228757,True,APT/USDT,0.0019364808581517,30.2,2025-12-10 20:45:00,2025,НЕЙТРАЛЬ,-2.499179776841487
1765490400000,SHORT,1.3242239274503058,-0.4927177567970607,4.463132193930908,False,AGLD/USDT,-0.0721861417233926,35.8,2025-12-11 22:00:00,2025,НЕЙТРАЛЬ,-2.806849848717363
1765842300000,SHORT,4.857321365716269,-1.0018960619631134,5.207321365716268,False,ACE/USDT,0.416329979721615,19.4,2025-12-15 23:45:00,2025,НЕЙТРАЛЬ,-10.713570012443597
1765907100000,SHORT,-0.2831848552338479,-0.136914432522927,5.169799554565682,False,API3/USDT,0.0341898012116657,85.39999999999999,2025-12-16 17:45:00,2025,МЕДВЕДЬ,-15.775915394233946
1765985400000,SHORT,3.829635949943103,-0.307850069622487,4.179635949943103,True,1000BONK/USDT,-0.040434351164765,29.0,2025-12-17 15:30:00,2025,МЕДВЕДЬ,-12.850486437126097
1766150100000,SHORT,1.1165081252477354,-1.1982546047742249,6.30289338089575,False,ACE/USDT,0.2316041960695587,6.800000000000001,2025-12-19 13:15:00,2025,МЕДВЕДЬ,-14.168426735364603
1766166300000,SHORT,-3.0017051153460383,-0.8840840257154265,4.4435368605817445,True,APT/USDT,0.0568391895435873,68.8,2025-12-19 17:45:00,2025,МЕДВЕДЬ,-10.121444743100405
1766241900000,SHORT,-0.6029866479269183,-0.8758175787736799,6.587252283907219,False,CYBER/USDT,-0.0706077084079735,29.8,2025-12-20 14:45:00,2025,МЕДВЕДЬ,-10.345321069085195
1766245500000,SHORT,2.7257097791798084,-0.7854226049995487,4.096845425867488,False,ARPA/USDT,-0.098236157751886,34.4,2025-12-20 15:45:00,2025,МЕДВЕДЬ,-10.812027761880227
1766358000000,LONG,-3.287628181927859,-0.4956746058386557,6.109518639160324,True,AAVE/USDT,0.0583507673970373,4.4,2025-12-21 23:00:00,2025,МЕДВЕДЬ,-8.005551209932666
1766592000000,SHORT,-3.487365743357829,-0.4290496316370626,7.727529677784039,True,CFX/USDT,0.1333697831310156,16.8,2025-12-24 16:00:00,2025,МЕДВЕДЬ,-2.6308067024679413
1766601900000,SHORT,-0.8898110661268586,-1.124018036023119,4.811920827710293,False,API3/USDT,-0.0398641318141177,56.2,2025-12-24 18:45:00,2025,МЕДВЕДЬ,0.4722741722712587
1766621700000,SHORT,-3.115471875419528,-0.2346837702812534,5.739817425157733,True,CFX/USDT,0.068335420118517,3.8,2025-12-25 00:15:00,2025,МЕДВЕДЬ,1.6139313485244888
1766836800000,SHORT,-5.811405244928248,-0.4017249549908023,5.461405244928248,False,GAS/USDT,0.2492507959041435,20.0,2025-12-27 12:00:00,2025,НЕЙТРАЛЬ,-0.9672135272645987
1766837700000,LONG,-1.25909090909091,-0.7209788294794317,10.27,False,FLOW/USDT,-0.0354648527834553,25.8,2025-12-27 12:15:00,2025,НЕЙТРАЛЬ,-0.7598157973351338
1766851200000,SHORT,1.2446843853820573,-0.8941393061503076,4.720753045404205,False,DASH/USDT,-0.0394714197733616,26.200000000000003,2025-12-27 16:00:00,2025,НЕЙТРАЛЬ,0.17091663963302306
1766882700000,SHORT,-4.864285714285703,0.0301892563849185,4.514285714285704,False,CELO/USDT,-0.3664777483428508,24.8,2025-12-28 00:45:00,2025,НЕЙТРАЛЬ,1.690100068952094
1766888100000,SHORT,-7.871599999999995,0.7592714367771223,7.521599999999995,False,FLOW/USDT,-0.0435811844619074,0.6,2025-12-28 02:15:00,2025,НЕЙТРАЛЬ,2.525510204081638
1766894400000,SHORT,-0.0198459280997755,-0.3609298309591943,4.163352898019058,False,ARK/USDT,0.0823917427595299,31.8,2025-12-28 04:00:00,2025,НЕЙТРАЛЬ,2.438952894978963
1766916900000,SHORT,2.7955399061032886,-0.4254095538974068,4.726384976525818,False,BIGTIME/USDT,-0.002601252161959,4.8,2025-12-28 10:15:00,2025,НЕЙТРАЛЬ,3.0114689081913726
1766968200000,LONG,-6.138073394495421,0.0394965332075526,5.788073394495421,False,FLOW/USDT,-0.0459323097136533,8.799999999999999,2025-12-29 00:30:00,2025,НЕЙТРАЛЬ,2.917464719882068
1767101400000,SHORT,-2.0028925619834723,0.0375639326949006,7.760330578512383,False,CELO/USDT,-0.3631332991915852,3.8,2025-12-30 13:30:00,2025,НЕЙТРАЛЬ,2.591975146156078
1767135600000,SHORT,-5.482441113490356,-0.9069715721386729,5.132441113490357,False,AGLD/USDT,-0.1410070266734261,36.0,2025-12-30 23:00:00,2025,НЕЙТРАЛЬ,0.9883354831151436
1767142800000,SHORT,2.190578687367673,-0.5980051424494836,4.110503410962116,False,CYBER/USDT,0.0996053353696604,64.0,2025-12-31 01:00:00,2025,НЕЙТРАЛЬ,0.661342634751716
1767153600000,SHORT,5.13702768587845,-0.926022465865177,5.4870276858784495,False,AUCTION/USDT,0.0724299682570019,38.2,2025-12-31 04:00:00,2025,НЕЙТРАЛЬ,1.3839959680783442
1767177900000,SHORT,-2.477659574468086,0.2478780280795972,5.095859071150761,True,CHZ/USDT,-0.0966521671742407,1.2,2025-12-31 10:45:00,2025,НЕЙТРАЛЬ,2.434221894387145
1767254400000,SHORT,0.2247126436781614,-0.666845567840048,7.7936781609195345,False,ALICE/USDT,-0.1867734988656577,17.8,2026-01-01 08:00:00,2026,НЕЙТРАЛЬ,-2.551670665109379
1767333600000,SHORT,0.5539548022598817,0.3467850559262797,5.082666666666653,True,CHZ/USDT,-0.0428368744751563,40.6,2026-01-02 06:00:00,2026,НЕЙТРАЛЬ,2.829052247558006
1767357000000,LONG,2.1816455696202555,-0.5683070510203159,4.0860759493671,False,FLOW/USDT,-0.156499469132362,13.4,2026-01-02 12:30:00,2026,НЕЙТРАЛЬ,4.398700778399711
1767362400000,SHORT,-5.22503063725488,-0.0235794383799755,4.875030637254881,True,1000PEPE/USDT,0.0237797867485989,50.8,2026-01-02 14:00:00,2026,НЕЙТРАЛЬ,3.7854393278706766
1767375900000,SHORT,-8.463575009641342,-0.6625328127586894,8.113575009641343,False,CKB/USDT,-0.0443321102539643,46.6,2026-01-02 17:45:00,2026,НЕЙТРАЛЬ,7.4392690976599285
1767450600000,SHORT,0.6809278350515472,-0.2652460579398208,5.470103092783481,False,FLOW/USDT,-0.1257029165012122,43.0,2026-01-03 14:30:00,2026,НЕЙТРАЛЬ,6.131527914345025
1767469500000,SHORT,0.320391061452506,-0.6990903417093687,4.311999999999992,False,ACH/USDT,0.1772059120411702,49.4,2026-01-03 19:45:00,2026,НЕЙТРАЛЬ,6.316870290762322
1767486600000,SHORT,0.5853395689304581,-1.095444102376601,4.2157381049206775,True,FET/USDT,0.074836838180421,32.4,2026-01-04 00:30:00,2026,НЕЙТРАЛЬ,5.736076051345407
1767586500000,SHORT,-4.789025257915329,-0.979132284529456,4.439025257915329,True,FET/USDT,-0.0430616834741241,15.4,2026-01-05 04:15:00,2026,НЕЙТРАЛЬ,5.506373410233278
1767625200000,SHORT,0.2981669029775045,-0.4706558580518947,5.0133076767267495,False,BICO/USDT,-0.142014815956461,,2026-01-05 15:00:00,2026,НЕЙТРАЛЬ,10.639966401139588
1767629700000,SHORT,-0.2241346758967903,-0.900174252029101,6.549024543738183,True,FIL/USDT,0.1686918744319199,55.00000000000001,2026-01-05 16:15:00,2026,НЕЙТРАЛЬ,12.368437900202123
1767632400000,SHORT,2.8998165426145426,-1.3309798900759189,5.956924205891573,True,1000SHIB/USDT,0.2256745955527151,,2026-01-05 17:00:00,2026,НЕЙТРАЛЬ,12.095991393824256
1767645000000,SHORT,-1.2772175268728994,-0.119988449293477,5.386190202674971,True,1000BONK/USDT,0.0065796272484482,32.0,2026-01-05 20:30:00,2026,НЕЙТРАЛЬ,14.32649317699527
1767660300000,SHORT,-0.5798850574712798,-0.7735832983985815,4.773149425287342,False,GAS/USDT,-0.1102850173661831,62.6,2026-01-06 00:45:00,2026,НЕЙТРАЛЬ,14.512628727027055
1767681900000,SHORT,-2.6640495867768617,-0.5440173039246107,4.245685950413223,True,FET/USDT,-0.0606541687951308,16.6,2026-01-06 06:45:00,2026,НЕЙТРАЛЬ,15.217617603094968
1767746700000,SHORT,4.568426103646837,-0.7236651310775699,6.436396353166983,False,CYBER/USDT,-0.0529524230324531,74.0,2026-01-07 00:45:00,2026,НЕЙТРАЛЬ,13.106507878476737
1767759300000,SHORT,2.607965749870254,-0.9819977847233154,4.203736377789314,False,AUCTION/USDT,-0.1482790889562246,7.6,2026-01-07 04:15:00,2026,НЕЙТРАЛЬ,13.88792373540002
1767797100000,LONG,-1.80579105116678,-1.391066528058944,4.099314921858285,False,API3/USDT,0.0318490236582454,88.8,2026-01-07 14:45:00,2026,НЕЙТРАЛЬ,12.703612677232968
1767839400000,SHORT,-0.4190607734806553,-0.5131183389523284,4.282907458563499,False,ARK/USDT,-0.0197173269033593,22.4,2026-01-08 02:30:00,2026,НЕЙТРАЛЬ,13.432230449265603
1767852900000,SHORT,1.3054809843400397,-1.4110139908775117,5.146711409395966,False,BIGTIME/USDT,-0.0834137395029951,53.400000000000006,2026-01-08 06:15:00,2026,НЕЙТРАЛЬ,12.319824278590087
1767929400000,SHORT,1.778565346956153,-1.5060144214655742,7.259940400170269,False,BIGTIME/USDT,-0.2367641037572957,65.0,2026-01-09 03:30:00,2026,НЕЙТРАЛЬ,5.294409975773751
1768053600000,SHORT,-1.806310679611652,0.0219701629416996,4.682038834951451,True,DYDX/USDT,-0.0071265602925974,26.4,2026-01-10 14:00:00,2026,НЕЙТРАЛЬ,2.668901270599333
1768058100000,SHORT,-0.35,0.0390633554716309,4.965116279069762,False,CELO/USDT,-0.3105423896214206,29.4,2026-01-10 15:15:00,2026,НЕЙТРАЛЬ,2.853070617143827
1768232700000,SHORT,-5.553420614499763,0.174437646977963,5.203420614499764,False,DUSK/USDT,-0.1197600976933357,5.0,2026-01-12 15:45:00,2026,НЕЙТРАЛЬ,-4.608670293708816
1768262400000,SHORT,-5.420415155179351,0.5053385176916397,5.070415155179352,False,DUSK/USDT,-0.0592125904261609,0.2,2026-01-13 00:00:00,2026,НЕЙТРАЛЬ,-7.177434804076476
1768306500000,SHORT,7.032796208530785,0.2023243077175747,7.382796208530784,False,DASH/USDT,0.0620385385687815,56.39999999999999,2026-01-13 12:15:00,2026,НЕЙТРАЛЬ,-5.877063773780766
1768311900000,SHORT,-1.4489010989011,-0.8116952487087217,4.157692307692303,False,ALICE/USDT,-0.3609678915234612,18.0,2026-01-13 13:45:00,2026,НЕЙТРАЛЬ,-4.832168249094515
1768311900000,SHORT,3.786100746268648,0.0122271115878377,4.136100746268648,True,AXS/USDT,0.1211768215296544,54.6,2026-01-13 13:45:00,2026,НЕЙТРАЛЬ,-4.832168249094515
1768323600000,SHORT,-3.0611111111111087,-0.0852944011235167,4.445733333333321,True,DOT/USDT,-0.0189226620772605,66.8,2026-01-13 17:00:00,2026,НЕЙТРАЛЬ,-0.29448365272464194
1768330800000,SHORT,4.5827739998233605,-0.2227673252745111,4.93277399982336,False,ACH/USDT,-0.0460016119925862,36.8,2026-01-13 19:00:00,2026,НЕЙТРАЛЬ,-0.7264743539295626
1768346100000,SHORT,5.075425841296203,-0.3455923418262428,5.425425841296202,True,APE/USDT,0.0874664082041153,60.4,2026-01-13 23:15:00,2026,НЕЙТРАЛЬ,0.40823148575110935
1768347000000,SHORT,0.4912934887389262,-0.6933871175176873,4.4927175532381,True,1000BONK/USDT,-0.0120023139382797,43.8,2026-01-13 23:30:00,2026,НЕЙТРАЛЬ,-0.13886885356260703
1768349700000,SHORT,-0.2805072967338488,-0.5755550425411118,4.935128561501034,False,CKB/USDT,-0.0914409867139036,43.2,2026-01-14 00:15:00,2026,НЕЙТРАЛЬ,1.2977582398643883
1768352400000,SHORT,-6.188567730802413,0.0276857905784782,5.8385677308024135,True,AXS/USDT,0.1421824184806065,13.8,2026-01-14 01:00:00,2026,НЕЙТРАЛЬ,2.4507075946817225
1768356000000,SHORT,-6.4011467889908165,-0.4595292682167077,6.051146788990817,False,BLUR/USDT,-0.0115630957537056,61.6,2026-01-14 02:00:00,2026,НЕЙТРАЛЬ,2.519920592869862
1768374900000,SHORT,-5.278003182179787,0.2364322190172987,4.928003182179787,True,AXS/USDT,0.1505240357631154,13.8,2026-01-14 07:15:00,2026,НЕЙТРАЛЬ,0.5721467198846364
1768377600000,SHORT,-4.528853538123957,-0.2592745412475004,4.178853538123957,False,BLUR/USDT,-0.0135035045934381,61.6,2026-01-14 08:00:00,2026,НЕЙТРАЛЬ,0.3866331765673081
1768389300000,SHORT,-6.814527119106016,0.6973488461610557,6.464527119106016,False,DASH/USDT,0.0806490039999517,0.6,2026-01-14 11:15:00,2026,НЕЙТРАЛЬ,0.8036060807150025
1768543200000,SHORT,-1.1323871906841203,-1.129793015514094,4.059425036390078,False,AUCTION/USDT,0.0625641743173656,86.4,2026-01-16 06:00:00,2026,НЕЙТРАЛЬ,-0.802907610848097
1768549500000,SHORT,-4.642039800995013,-0.8222242009976053,4.292039800995013,True,AXS/USDT,0.1342079763681791,1.2,2026-01-16 07:45:00,2026,НЕЙТРАЛЬ,-0.473683787702911
1768559400000,SHORT,-4.603591539623672,0.34774826394543,4.253591539623672,False,DUSK/USDT,0.0117086274345763,2.6,2026-01-16 10:30:00,2026,НЕЙТРАЛЬ,0.48519495973833315
1768564800000,SHORT,-1.2440397350993495,-0.3018367763781254,7.7726821192052915,False,AGLD/USDT,-0.0954660704831885,38.2,2026-01-16 12:00:00,2026,НЕЙТРАЛЬ,0.6488711504303968
1768603500000,SHORT,-11.443384818615993,0.5488686463447762,11.093384818615991,False,DUSK/USDT,0.0087211762155316,0.2,2026-01-16 22:45:00,2026,НЕЙТРАЛЬ,0.6240381655894134
1768640400000,LONG,3.7038441284886834,1.4501228644726476,4.053844128488684,False,DASH/USDT,0.0085347176966268,17.8,2026-01-17 09:00:00,2026,НЕЙТРАЛЬ,2.5062196050883556
1768642200000,SHORT,-5.495106649937243,-0.0381078703920801,5.145106649937244,True,AXS/USDT,0.1437896589964036,0.2,2026-01-17 09:30:00,2026,НЕЙТРАЛЬ,1.7097356192652957
1768662900000,SHORT,0.2813131313131275,-0.2433754064539514,4.605808080808063,True,GALA/USDT,0.0407974933938519,46.8,2026-01-17 15:15:00,2026,НЕЙТРАЛЬ,3.8538219925016604
1768663800000,SHORT,2.527334679454826,-0.3718868351330651,6.071933366986344,False,BLUR/USDT,0.0603333481943558,0.6,2026-01-17 15:30:00,2026,НЕЙТРАЛЬ,4.0802003189660985
1768665600000,SHORT,7.225900681596869,0.404392820997382,7.575900681596869,True,AXS/USDT,0.1449717432486305,0.2,2026-01-17 16:00:00,2026,НЕЙТРАЛЬ,4.646397812331027
1768666500000,SHORT,3.9636723634847777,-0.7054710017273769,4.313672363484778,True,APE/USDT,0.1092183563402817,48.6,2026-01-17 16:15:00,2026,НЕЙТРАЛЬ,4.273641105220049
1768671000000,SHORT,4.011642294713132,0.3660797726205795,4.361642294713132,False,ENJ/USDT,-0.0054782747798452,0.4,2026-01-17 17:30:00,2026,НЕЙТРАЛЬ,4.177266851152906
1768729500000,SHORT,-5.119495556390036,1.415308562053286,4.769495556390036,False,DASH/USDT,-0.0119347327004845,22.0,2026-01-18 09:45:00,2026,НЕЙТРАЛЬ,1.1195631258002492
1768737600000,SHORT,-0.7124009060022628,-1.3633645019217655,4.684575311438264,False,API3/USDT,0.0371608970732591,62.0,2026-01-18 12:00:00,2026,НЕЙТРАЛЬ,1.5066394279877438
1768740300000,SHORT,6.020688998857991,-1.0353948315059351,6.3706889988579904,False,BIGTIME/USDT,0.0039490584632483,62.2,2026-01-18 12:45:00,2026,НЕЙТРАЛЬ,0.9835072284630542
1768752000000,SHORT,3.0738625812442004,0.8662271102244201,5.8644614670380655,False,DASH/USDT,-0.0073331093575374,22.0,2026-01-18 16:00:00,2026,НЕЙТРАЛЬ,3.63530291103511
1768782600000,LONG,-2.234658876743311,-0.3133762271572636,5.072672446287209,False,ARK/USDT,0.1532204227593726,46.6,2026-01-19 00:30:00,2026,НЕЙТРАЛЬ,-3.7528598652744662
1768782600000,LONG,-0.6064102564102566,0.0081936157504018,8.73615384615385,True,CRV/USDT,-0.0045476207365103,4.4,2026-01-19 00:30:00,2026,НЕЙТРАЛЬ,-3.7528598652744662
1768782600000,LONG,-0.2417280207882056,-0.5999962687242268,7.661996535296642,True,1000BONK/USDT,0.133178290850859,13.4,2026-01-19 00:30:00,2026,НЕЙТРАЛЬ,-3.7528598652744662
1768782600000,LONG,4.8812357846853685,0.8054499034808277,8.778405357594144,False,DASH/USDT,0.0038142894358592,11.8,2026-01-19 00:30:00,2026,НЕЙТРАЛЬ,-3.7528598652744662
1768783500000,LONG,-2.26333708497467,-0.0985734222857804,6.350075032826856,False,ASTR/USDT,0.1940208532224958,15.6,2026-01-19 00:45:00,2026,НЕЙТРАЛЬ,-4.581581404298213
1768783500000,LONG,-1.6693925815285104,-1.3651943563390223,9.036470002489416,False,API3/USDT,0.0839837258446661,57.2,2026-01-19 00:45:00,2026,НЕЙТРАЛЬ,-4.581581404298213
1768783500000,LONG,-1.5803485987696675,-0.7705774789367162,8.00068352699931,False,1INCH/USDT,0.0899030668916567,26.6,2026-01-19 00:45:00,2026,НЕЙТРАЛЬ,-4.581581404298213
1768783500000,LONG,-0.9799734748010468,-0.535057882170752,5.390782493368686,False,AGLD/USDT,0.1035207638790211,7.8,2026-01-19 00:45:00,2026,НЕЙТРАЛЬ,-4.581581404298213
1768783500000,LONG,-0.91497175141243,0.0154982789233392,8.185875706214675,True,DYDX/USDT,0.0556179589488465,24.4,2026-01-19 00:45:00,2026,НЕЙТРАЛЬ,-4.581581404298213
1768783500000,LONG,-0.7078399479505497,0.2734525704915163,8.019128171763178,False,ENJ/USDT,0.1163315070068611,11.0,2026-01-19 00:45:00,2026,НЕЙТРАЛЬ,-4.581581404298213
1768783500000,LONG,-0.6733629749393772,-0.5558333323058718,7.150848827809216,False,CKB/USDT,0.0933621779603828,32.800000000000004,2026-01-19 00:45:00,2026,НЕЙТРАЛЬ,-4.581581404298213
1768783500000,LONG,-0.4898245837040878,-0.9564240985170676,5.939570357188265,True,1000SHIB/USDT,0.1379084214412594,,2026-01-19 00:45:00,2026,НЕЙТРАЛЬ,-4.581581404298213
1768783500000,LONG,-0.4706757843926031,-0.4112305929268304,6.275583266291224,False,COMP/USDT,0.036170454758611,29.0,2026-01-19 00:45:00,2026,НЕЙТРАЛЬ,-4.581581404298213
1768783500000,LONG,0.1088394062078247,-0.2590161425309847,7.834682860998658,True,AR/USDT,0.1224888346688409,55.60000000000001,2026-01-19 00:45:00,2026,НЕЙТРАЛЬ,-4.581581404298213
1768783500000,LONG,0.2326050769870929,-0.7382530763144086,11.585226799833546,True,FET/USDT,0.1543563699727469,8.4,2026-01-19 00:45:00,2026,НЕЙТРАЛЬ,-4.581581404298213
1768783500000,LONG,0.6374021109976289,-0.1829988634044426,6.647940074906357,True,ETC/USDT,0.1362664170033753,24.0,2026-01-19 00:45:00,2026,НЕЙТРАЛЬ,-4.581581404298213
1768783500000,LONG,1.15884495317377,0.1258141794184627,10.622736732570251,False,COTI/USDT,0.146009167404281,21.4,2026-01-19 00:45:00,2026,НЕЙТРАЛЬ,-4.581581404298213
1768807800000,SHORT,-8.021108179419512,2.4250061676321337,7.671108179419511,False,DUSK/USDT,0.0558886340886988,1.6,2026-01-19 07:30:00,2026,НЕЙТРАЛЬ,-4.040690690893362
1768828500000,SHORT,8.26453072891852,-0.7560288910238876,8.61453072891852,False,ARPA/USDT,0.1175310595898848,5.2,2026-01-19 13:15:00,2026,НЕЙТРАЛЬ,-2.474109119916379
1768853700000,SHORT,5.166652097902082,0.5097030278670183,5.516652097902082,False,COTI/USDT,0.0751933436475911,21.4,2026-01-19 20:15:00,2026,НЕЙТРАЛЬ,-1.6614355977247919
1768886100000,SHORT,4.7759424603174425,0.421932999550717,5.125942460317442,True,AXS/USDT,0.0656610561664308,6.0,2026-01-20 05:15:00,2026,НЕЙТРАЛЬ,-3.6592578316166966
1768898700000,LONG,3.937434406467174,0.8410356681886282,4.287434406467174,False,DASH/USDT,-0.0782915206900764,17.599999999999998,2026-01-20 08:45:00,2026,НЕЙТРАЛЬ,-5.877563954487042
1769018400000,LONG,4.204941599281235,0.8678179217167256,4.554941599281235,True,AXS/USDT,0.0541093398957681,18.2,2026-01-21 18:00:00,2026,НЕЙТРАЛЬ,-13.736588454638193
1769085900000,LONG,-5.489193675889322,0.6540835053528579,5.139193675889322,False,DUSK/USDT,0.0481918128138974,27.6,2026-01-22 12:45:00,2026,НЕЙТРАЛЬ,-10.887766843940106
1769142600000,SHORT,3.221428571428574,0.0653954657541208,5.076190476190448,False,FLOW/USDT,-0.2812534474725143,14.6,2026-01-23 04:30:00,2026,НЕЙТРАЛЬ,-6.417531209029248
1769162400000,SHORT,-4.788028372900994,1.1108864058186263,4.438028372900995,False,DASH/USDT,0.0252472851845261,23.4,2026-01-23 10:00:00,2026,НЕЙТРАЛЬ,-8.49523557395483
1769173200000,LONG,4.895250204056005,0.5084356598861431,5.2452502040560045,False,DUSK/USDT,0.0564464169656094,38.4,2026-01-23 13:00:00,2026,НЕЙТРАЛЬ,-8.298407665265033
1769217300000,LONG,4.136099089206134,0.5055860693174967,4.486099089206133,False,DUSK/USDT,0.0838637061384648,21.6,2026-01-24 01:15:00,2026,НЕЙТРАЛЬ,-10.193932718687842
1769315400000,SHORT,8.17953772263357,0.5981230750102943,8.52953772263357,False,DUSK/USDT,-0.1125734021811134,3.0,2026-01-25 04:30:00,2026,НЕЙТРАЛЬ,-10.925053114859445
1769317200000,SHORT,5.787424949966649,-0.8335643371940185,6.857304869913275,False,ARPA/USDT,-0.104127674174704,4.0,2026-01-25 05:00:00,2026,НЕЙТРАЛЬ,-11.22625607319213
1769323500000,SHORT,-4.632613723978413,-0.876720806564195,4.282613723978414,False,AUCTION/USDT,-0.1130706918933124,10.0,2026-01-25 06:45:00,2026,НЕЙТРАЛЬ,-10.846038883404535
1769354100000,SHORT,8.51441008497003,0.186972032373579,8.86441008497003,False,AUCTION/USDT,0.1139717898776876,0.2,2026-01-25 15:15:00,2026,НЕЙТРАЛЬ,-11.381140544626506
1769359500000,LONG,-4.691891891891903,0.0402763553846526,4.341891891891903,False,FLOW/USDT,-0.3343060778907691,80.2,2026-01-25 16:45:00,2026,НЕЙТРАЛЬ,-13.639776147094251
1769476500000,SHORT,-1.9125000000000068,-0.2945950281773512,8.135937499999985,False,GAS/USDT,-0.1265013474364398,64.0,2026-01-27 01:15:00,2026,НЕЙТРАЛЬ,-6.3262001935798615
1769484600000,SHORT,-4.613026019916474,0.7074818161248558,4.263026019916475,False,DASH/USDT,-0.1461326982251264,63.0,2026-01-27 03:30:00,2026,НЕЙТРАЛЬ,-5.639357623276087
1769518800000,LONG,0.7601622544833556,-0.1743487509376596,6.174722459436371,False,1INCH/USDT,0.276448071554857,52.400000000000006,2026-01-27 13:00:00,2026,НЕЙТРАЛЬ,-4.87773578243213
1769642100000,SHORT,7.259534246575339,0.0392701426522067,7.609534246575339,True,ARKM/USDT,0.1104445274608507,2.0,2026-01-28 23:15:00,2026,НЕЙТРАЛЬ,-3.7160466193096706
1769682600000,SHORT,-6.863274336283178,-1.182401513987198,6.513274336283178,False,ARPA/USDT,-0.0039203993754048,9.2,2026-01-29 10:30:00,2026,НЕЙТРАЛЬ,-7.9559599362963915
1769701500000,LONG,-4.444383871631345,0.0869038500322891,4.094383871631345,True,CHZ/USDT,0.0482758748404396,61.4,2026-01-29 15:45:00,2026,НЕЙТРАЛЬ,-9.365972815602069
1769701500000,LONG,0.7445832163906861,0.1422344389915458,4.077575077182161,False,BICO/USDT,-0.1520748502268905,,2026-01-29 15:45:00,2026,НЕЙТРАЛЬ,-9.365972815602069
1769701500000,LONG,3.9647651006711526,-0.7927639871748856,4.314765100671153,False,ALICE/USDT,-0.2360913099265916,19.2,2026-01-29 15:45:00,2026,НЕЙТРАЛЬ,-9.365972815602069
1769728500000,SHORT,3.850804649083572,0.1085569024196412,4.200804649083572,True,AXS/USDT,0.032127475190322,26.6,2026-01-29 23:15:00,2026,НЕЙТРАЛЬ,-9.178438233558495
1769843700000,SHORT,4.673704866561995,-2.015353118042905,5.023704866561995,False,ARPA/USDT,0.0417057719682952,8.6,2026-01-31 07:15:00,2026,НЕЙТРАЛЬ,-12.778569794251716
1769870700000,LONG,-5.210800541719955,0.277605583756491,4.860800541719955,True,AAVE/USDT,-0.1431009514299858,6.800000000000001,2026-01-31 14:45:00,2026,НЕЙТРАЛЬ,-18.0619192472876
1769870700000,LONG,-4.51984382177308,0.3624262237073101,4.16984382177308,False,ACH/USDT,-0.1345479295569631,48.6,2026-01-31 14:45:00,2026,НЕЙТРАЛЬ,-18.0619192472876
1769871600000,LONG,-4.922857142857155,-0.7325825444638785,4.572857142857155,False,ALICE/USDT,-0.2584944962495041,19.4,2026-01-31 15:00:00,2026,НЕЙТРАЛЬ,-17.801848829530485
1769872500000,LONG,-4.719387755102048,0.0372844947728022,4.369387755102048,False,CELO/USDT,-0.3435603052360497,7.000000000000001,2026-01-31 15:15:00,2026,НЕЙТРАЛЬ,-17.57251120394081
1769872500000,LONG,-4.404634994206265,0.4491024424001636,4.054634994206265,False,API3/USDT,-0.0935359156716767,76.2,2026-01-31 15:15:00,2026,НЕЙТРАЛЬ,-17.57251120394081
1769880600000,LONG,-7.0608279193736445,0.0580444067677262,6.710827919373645,False,FLOW/USDT,-0.3733902151261506,2.0,2026-01-31 17:30:00,2026,НЕЙТРАЛЬ,-21.571924108920836
1769882400000,LONG,-4.9709987045106585,-0.0041792192963122,4.620998704510659,False,ASTR/USDT,0.0285552432210823,12.4,2026-01-31 18:00:00,2026,НЕЙТРАЛЬ,-21.55901595500505
1769885100000,LONG,1.8166666666666709,0.1344317618261135,7.245766666666663,False,BICO/USDT,-0.0755386945441374,,2026-01-31 18:45:00,2026,НЕЙТРАЛЬ,-22.6417136634584
1769885100000,LONG,1.965099364884236,-0.3818467095855739,6.652530219217365,False,AUCTION/USDT,-0.0681430767783033,12.4,2026-01-31 18:45:00,2026,НЕЙТРАЛЬ,-22.6417136634584
1769885100000,LONG,2.3446107784431227,-0.2409226492523319,5.2551497005988015,False,GAS/USDT,-0.0938494851617315,5.2,2026-01-31 18:45:00,2026,НЕЙТРАЛЬ,-22.6417136634584
1769885100000,LONG,2.636039948258769,-0.1651986124371491,5.788549733734269,True,ETH/USDT,-0.0150127517343044,0.4,2026-01-31 18:45:00,2026,НЕЙТРАЛЬ,-22.6417136634584
1769885100000,LONG,2.8587819294912418,-0.1339674719425304,5.235539370909857,True,ETC/USDT,-0.0290162326498931,27.0,2026-01-31 18:45:00,2026,НЕЙТРАЛЬ,-22.6417136634584
1769885100000,LONG,2.8838863675817805,0.3717298543831153,6.043697145549684,True,1000PEPE/USDT,-0.1542222077010211,28.8,2026-01-31 18:45:00,2026,НЕЙТРАЛЬ,-22.6417136634584
1769885100000,LONG,2.9386963371406023,0.6686233986269724,7.122715636077192,True,DOGE/USDT,-0.0414939151645591,0.2,2026-01-31 18:45:00,2026,НЕЙТРАЛЬ,-22.6417136634584
1769885100000,LONG,3.4803130148270083,-0.3321068942236844,5.1248558484349305,False,ANKR/USDT,-0.0765836712584293,28.6,2026-01-31 18:45:00,2026,НЕЙТРАЛЬ,-22.6417136634584
1769885100000,LONG,3.5048752834467125,-0.474829257249134,6.675374149659871,False,BLUR/USDT,-0.0874936407697641,7.000000000000001,2026-01-31 18:45:00,2026,НЕЙТРАЛЬ,-22.6417136634584
1769885100000,LONG,3.6610650069156168,0.3558708712185486,5.471161825726142,False,DASH/USDT,-0.0759643469263193,64.4,2026-01-31 18:45:00,2026,НЕЙТРАЛЬ,-22.6417136634584
1769885100000,LONG,3.733069341781063,0.2267884707287709,5.774551214361146,True,ADA/USDT,-0.071049528770896,26.200000000000003,2026-01-31 18:45:00,2026,НЕЙТРАЛЬ,-22.6417136634584
1769885100000,LONG,3.735801838610832,0.2373159328815399,6.715832482124613,True,AVAX/USDT,-0.0099362922439978,23.0,2026-01-31 18:45:00,2026,НЕЙТРАЛЬ,-22.6417136634584
1769885100000,LONG,3.740992478444319,-0.3593401696480804,6.6284168042561165,False,CYBER/USDT,-0.1315807160945521,13.6,2026-01-31 18:45:00,2026,НЕЙТРАЛЬ,-22.6417136634584
1769885100000,LONG,3.860526315789459,0.0217994788718496,7.161943319838067,True,AR/USDT,-0.0904876664800366,31.4,2026-01-31 18:45:00,2026,НЕЙТРАЛЬ,-22.6417136634584
1769885100000,LONG,3.8694092827004254,-0.7169499939281484,4.82225738396624,True,ATOM/USDT,-0.0387364713952129,30.6,2026-01-31 18:45:00,2026,НЕЙТРАЛЬ,-22.6417136634584
1769885100000,LONG,4.004283399716465,-0.7744495846724531,5.563309255383793,True,CAKE/USDT,-0.0573655176964115,37.8,2026-01-31 18:45:00,2026,НЕЙТРАЛЬ,-22.6417136634584
1769885100000,LONG,4.149852463853653,-0.1679662664055091,7.345780466214211,True,ENS/USDT,-0.0132068627708893,4.8,2026-01-31 18:45:00,2026,НЕЙТРАЛЬ,-22.6417136634584
1769885100000,LONG,4.32625899280574,0.0210032502548214,7.472661870503602,True,CRV/USDT,-0.1210118369471456,42.0,2026-01-31 18:45:00,2026,НЕЙТРАЛЬ,-22.6417136634584
1769885100000,LONG,4.378627999068244,-0.0487050195822199,5.920172373631509,True,CHZ/USDT,-0.0504492769490916,63.8,2026-01-31 18:45:00,2026,НЕЙТРАЛЬ,-22.6417136634584
1769885100000,LONG,4.384513274336277,-0.6465376778586451,6.034955752212395,False,AGLD/USDT,-0.0768663625293289,13.8,2026-01-31 18:45:00,2026,НЕЙТРАЛЬ,-22.6417136634584
1769885100000,LONG,4.384693877551021,-0.9805475616113908,6.241306122448981,False,BAT/USDT,-0.0516609065334346,20.8,2026-01-31 18:45:00,2026,НЕЙТРАЛЬ,-22.6417136634584
1769885100000,LONG,4.500746268656721,0.0147758114132228,6.549850746268677,True,ARB/USDT,-0.0389560362876339,13.4,2026-01-31 18:45:00,2026,НЕЙТРАЛЬ,-22.6417136634584
1769885100000,LONG,4.547543961633479,-0.2627068580602447,6.907062926900158,True,1000BONK/USDT,-0.0753550721532131,2.4,2026-01-31 18:45:00,2026,НЕЙТРАЛЬ,-22.6417136634584
1769885100000,LONG,4.608832335329341,0.0525317300630873,5.673053892215572,True,CFX/USDT,-0.0621934325319128,2.0,2026-01-31 18:45:00,2026,НЕЙТРАЛЬ,-22.6417136634584
1769885100000,LONG,4.620178926441357,-1.374223431171638,6.345427435387682,True,FIL/USDT,-0.0246231116875985,17.8,2026-01-31 18:45:00,2026,НЕЙТРАЛЬ,-22.6417136634584
1769885100000,LONG,4.656469586751269,-0.5877641008929084,5.006469586751269,True,1000SHIB/USDT,-0.0292047766785536,,2026-01-31 18:45:00,2026,НЕЙТРАЛЬ,-22.6417136634584
1769885100000,LONG,4.817645854657123,-0.0850769650876418,5.167645854657122,True,BCH/USDT,0.0661139333083244,61.8,2026-01-31 18:45:00,2026,НЕЙТРАЛЬ,-22.6417136634584
1769885100000,LONG,4.852312138728319,-0.3664541570071621,6.063005780346821,True,APT/USDT,-0.0632703851154012,40.8,2026-01-31 18:45:00,2026,НЕЙТРАЛЬ,-22.6417136634584
1769885100000,LONG,4.859849246231159,-0.3806195335856766,5.209849246231158,True,ALGO/USDT,-0.0978332931371305,8.200000000000001,2026-01-31 18:45:00,2026,НЕЙТРАЛЬ,-22.6417136634584
1769885100000,LONG,4.877159432746024,-0.9397053794969328,5.227159432746023,False,ENJ/USDT,0.1097895753890379,4.6,2026-01-31 18:45:00,2026,НЕЙТРАЛЬ,-22.6417136634584
1769885100000,LONG,4.894361413043477,-0.2159906541628296,5.244361413043476,True,DOT/USDT,-0.0252311667557379,45.2,2026-01-31 18:45:00,2026,НЕЙТРАЛЬ,-22.6417136634584
1769885100000,LONG,4.895540897097607,-0.17170240178707,5.2455408970976185,False,CKB/USDT,-0.0663879987057658,7.399999999999999,2026-01-31 18:45:00,2026,НЕЙТРАЛЬ,-22.6417136634584
1769885100000,LONG,4.972004241781554,-0.0969819740761648,5.322004241781554,False,COMP/USDT,-0.0148924191680747,19.6,2026-01-31 18:45:00,2026,НЕЙТРАЛЬ,-22.6417136634584
1769885100000,LONG,5.010134003350082,-0.4974201373957602,6.312060301507541,True,FET/USDT,-0.0564531162855421,8.799999999999999,2026-01-31 18:45:00,2026,НЕЙТРАЛЬ,-22.6417136634584
1769885100000,LONG,5.1484894259818805,-0.9831694095843736,6.26392749244713,False,BIGTIME/USDT,-0.0819583978529997,33.4,2026-01-31 18:45:00,2026,НЕЙТРАЛЬ,-22.6417136634584
1769885100000,LONG,5.302173913043474,0.0102820392955735,6.368695652173916,True,GALA/USDT,-0.1005094609758486,50.8,2026-01-31 18:45:00,2026,НЕЙТРАЛЬ,-22.6417136634584
1769885100000,LONG,5.458713069604407,-0.2654927065822024,10.135202804206314,False,ACE/USDT,-0.0592577626292368,72.2,2026-01-31 18:45:00,2026,НЕЙТРАЛЬ,-22.6417136634584
1769885100000,LONG,5.488888888888896,0.0140165859046214,5.838888888888896,False,CHR/USDT,-0.1191636131581882,19.0,2026-01-31 18:45:00,2026,НЕЙТРАЛЬ,-22.6417136634584
1769885100000,LONG,5.561023255813949,-0.4245542770308422,5.911023255813949,False,ARK/USDT,0.0027468112924315,16.8,2026-01-31 18:45:00,2026,НЕЙТРАЛЬ,-22.6417136634584
1769885100000,LONG,5.703194782224195,-0.2382391109620391,6.053194782224194,False,EGLD/USDT,-0.082991772539817,20.6,2026-01-31 18:45:00,2026,НЕЙТРАЛЬ,-22.6417136634584
1769885100000,LONG,6.004035357417383,0.0741063499917827,6.354035357417383,False,COTI/USDT,-0.0831701375577493,21.8,2026-01-31 18:45:00,2026,НЕЙТРАЛЬ,-22.6417136634584
1769885100000,LONG,6.157003891050589,0.0340113933304992,6.507003891050589,False,CTSI/USDT,-0.1147146106914685,,2026-01-31 18:45:00,2026,НЕЙТРАЛЬ,-22.6417136634584
1769885100000,LONG,6.476104100946381,-0.2702244141719041,6.82610410094637,True,ARKM/USDT,0.0861207698806575,10.2,2026-01-31 18:45:00,2026,НЕЙТРАЛЬ,-22.6417136634584
1769885100000,LONG,6.595428773919209,-0.6088144468779975,8.143160878809356,True,APE/USDT,-0.0365442267016221,3.0,2026-01-31 18:45:00,2026,НЕЙТРАЛЬ,-22.6417136634584
1769886000000,LONG,1.6005851755526588,-0.5415886909071357,4.448764629388816,False,BSV/USDT,-0.0860585987696527,4.8,2026-01-31 19:00:00,2026,НЕЙТРАЛЬ,-21.650931228396015
1769886000000,LONG,3.5259689922480653,0.0265312921669277,6.482945736434116,True,DYDX/USDT,-0.0834009266161136,25.6,2026-01-31 19:00:00,2026,НЕЙТРАЛЬ,-21.650931228396015
1769886000000,LONG,5.844088176352704,-0.1352228935329977,6.194088176352704,False,1INCH/USDT,0.1019673666241781,45.8,2026-01-31 19:00:00,2026,НЕЙТРАЛЬ,-21.650931228396015
1769940900000,SHORT,-4.4007699076110764,-0.4275048686677203,4.050769907611077,False,ARK/USDT,-0.0251232697418102,61.8,2026-02-01 10:15:00,2026,НЕЙТРАЛЬ,-17.86105781259339
1769940900000,SHORT,8.734083448056749,0.0071878256997035,9.084083448056749,False,ASTR/USDT,-0.0839983399723386,29.6,2026-02-01 10:15:00,2026,НЕЙТРАЛЬ,-17.86105781259339
1769954400000,SHORT,1.4518018018018035,-0.1163461670654791,5.156869369369367,True,AXS/USDT,-0.0468986046532625,66.60000000000001,2026-02-01 14:00:00,2026,НЕЙТРАЛЬ,-18.778949003164247
1770021900000,SHORT,7.520834083948825,-0.4242817861594593,7.870834083948824,False,AUCTION/USDT,-0.0492147178890576,0.2,2026-02-02 08:45:00,2026,НЕЙТРАЛЬ,-18.876931258396773
1770080400000,SHORT,3.70117270788912,-0.2758746782987131,10.504142552543405,False,CYBER/USDT,0.0517824216309558,28.2,2026-02-03 01:00:00,2026,МЕДВЕДЬ,-17.546597372725685
1770104700000,SHORT,4.686061166190548,-0.2948328025444952,5.036061166190548,False,ANKR/USDT,0.0660097230693582,36.4,2026-02-03 07:45:00,2026,МЕДВЕДЬ,-16.634246072661092
1770119100000,SHORT,3.6523489932885833,0.0340305790830335,4.002348993288583,False,CTSI/USDT,-0.2066989358737027,,2026-02-03 11:45:00,2026,МЕДВЕДЬ,-17.058827910696067
1770145200000,LONG,3.669253910950657,0.0238439423472019,4.019253910950657,False,API3/USDT,-0.0482830099820352,77.60000000000001,2026-02-03 19:00:00,2026,МЕДВЕДЬ,-19.04935783100369
1770145200000,LONG,3.679075511644325,0.4016639444228995,4.029075511644325,False,COTI/USDT,-0.1011401213011236,21.6,2026-02-03 19:00:00,2026,МЕДВЕДЬ,-19.04935783100369
1770145200000,LONG,3.814341085271309,0.0264202785477969,4.164341085271319,True,DYDX/USDT,-0.1251071837793615,25.2,2026-02-03 19:00:00,2026,МЕДВЕДЬ,-19.04935783100369
1770145200000,LONG,4.104166666666656,-0.6091921208814891,4.454166666666656,False,1INCH/USDT,-0.0564394661442017,52.400000000000006,2026-02-03 19:00:00,2026,МЕДВЕДЬ,-19.04935783100369
1770146100000,LONG,3.858636815920397,0.0576896213682907,4.208636815920397,False,FLOW/USDT,-0.1944279480656255,96.2,2026-02-03 19:15:00,2026,МЕДВЕДЬ,-18.52534321111669
1770146100000,LONG,4.288410041841019,-0.9738125845461274,4.638410041841008,False,BAT/USDT,-0.0488695151166087,22.4,2026-02-03 19:15:00,2026,МЕДВЕДЬ,-18.52534321111669
1770229800000,LONG,-3.631887528827384,-0.4831222591628624,4.491750931346443,False,CYBER/USDT,0.0575659787287065,8.6,2026-02-04 18:30:00,2026,МЕДВЕДЬ,-18.330619249914115
1770273900000,LONG,-4.91781447645819,-0.3035751698927521,5.975122979620519,False,EDU/USDT,-0.0621464661109776,34.8,2026-02-05 06:45:00,2026,МЕДВЕДЬ,-20.58870433097311
1770308100000,LONG,-5.851739130434781,-0.3616397078016604,5.501739130434782,True,DYDX/USDT,-0.1779131569671651,25.2,2026-02-05 16:15:00,2026,МЕДВЕДЬ,-20.610138833535785
1770308100000,LONG,-4.917045750499172,-0.3866607244043543,4.567045750499172,True,AAVE/USDT,-0.1123316127720089,5.6000000000000005,2026-02-05 16:15:00,2026,МЕДВЕДЬ,-20.610138833535785
1770308100000,LONG,-4.8199184189359885,-0.1915424544408358,4.469918418935989,True,ETC/USDT,-0.0639584275854744,1.7999999999999998,2026-02-05 16:15:00,2026,МЕДВЕДЬ,-20.610138833535785
1770308100000,LONG,-4.723001776198911,-0.7019503174119173,4.373001776198911,True,APT/USDT,-0.1001180341664541,43.0,2026-02-05 16:15:00,2026,МЕДВЕДЬ,-20.610138833535785
1770308100000,LONG,-4.572468004424081,-0.6687406598224045,4.222468004424082,True,1000BONK/USDT,-0.0720862377248117,19.6,2026-02-05 16:15:00,2026,МЕДВЕДЬ,-20.610138833535785
1770326100000,LONG,-4.503140096618355,-0.7395520712086251,4.153140096618356,False,BSV/USDT,-0.1196785314186998,1.6,2026-02-05 21:15:00,2026,МЕДВЕДЬ,-26.626682948128543
1770332400000,LONG,-6.882435775451948,-0.5029560635939447,6.532435775451948,True,AAVE/USDT,-0.1672586323139226,5.6000000000000005,2026-02-05 23:00:00,2026,МЕДВЕДЬ,-25.828663169861
1770337800000,LONG,-0.8438271604938166,-0.5052357676449426,9.777654320987644,False,COMP/USDT,-0.1290818882996235,24.6,2026-02-06 00:30:00,2026,МЕДВЕДЬ,-27.959391939780005
1770337800000,LONG,0.0316793893129748,-0.4034990951149328,10.193893129770997,False,CTSI/USDT,-0.2580218757397259,,2026-02-06 00:30:00,2026,МЕДВЕДЬ,-27.959391939780005
1770337800000,LONG,0.7958207695091141,0.3762837732782131,8.561235074176818,False,DUSK/USDT,-0.0143999894484036,42.2,2026-02-06 00:30:00,2026,МЕДВЕДЬ,-27.959391939780005
1770337800000,LONG,1.4232151189920792,-0.4840314034462353,10.046686887540826,False,AUCTION/USDT,-0.0928783800751359,5.4,2026-02-06 00:30:00,2026,МЕДВЕДЬ,-27.959391939780005
1770337800000,LONG,1.5139798488664835,-0.7900161283963916,10.69692695214106,True,AR/USDT,-0.1291367357256775,15.8,2026-02-06 00:30:00,2026,МЕДВЕДЬ,-27.959391939780005
1770337800000,LONG,1.692553191489373,-0.878423325897826,11.330638297872335,True,APE/USDT,-0.1156686480320031,6.6000000000000005,2026-02-06 00:30:00,2026,МЕДВЕДЬ,-27.959391939780005
1770337800000,LONG,1.7981481481481505,-1.43852774070668,9.60533333333334,False,BIGTIME/USDT,-0.1382298364316729,60.6,2026-02-06 00:30:00,2026,МЕДВЕДЬ,-27.959391939780005
1770337800000,LONG,2.081002431002431,-0.6255206101316478,8.383783783783784,False,ASTR/USDT,-0.0147161841238811,12.2,2026-02-06 00:30:00,2026,МЕДВЕДЬ,-27.959391939780005
1770337800000,LONG,2.1330037334724583,-1.334138314848357,7.339807946264097,True,BNB/USDT,-0.1276546199770818,73.8,2026-02-06 00:30:00,2026,МЕДВЕДЬ,-27.959391939780005
1770337800000,LONG,2.1903257227460418,-1.170745715529642,8.34094911556145,True,CAKE/USDT,-0.146859119867226,67.80000000000001,2026-02-06 00:30:00,2026,МЕДВЕДЬ,-27.959391939780005
1770337800000,LONG,2.2385889868912567,-0.6686655646348658,6.883192961513802,True,BCH/USDT,-0.066004812290267,59.4,2026-02-06 00:30:00,2026,МЕДВЕДЬ,-27.959391939780005
1770337800000,LONG,2.2815789473684163,-0.6366466694455221,11.057105263157895,True,GALA/USDT,-0.1079998749416597,26.0,2026-02-06 00:30:00,2026,МЕДВЕДЬ,-27.959391939780005
1770337800000,LONG,2.316666666666669,0.0505314980120859,9.605333333333318,False,CELO/USDT,-0.2941692344857634,36.6,2026-02-06 00:30:00,2026,МЕДВЕДЬ,-27.959391939780005
1770337800000,LONG,2.320900261486735,-0.8357956585749277,10.653604781471802,True,ENS/USDT,-0.126150256608543,7.199999999999999,2026-02-06 00:30:00,2026,МЕДВЕДЬ,-27.959391939780005
1770337800000,LONG,2.3527027027026994,0.0228411299486685,10.308494208494206,False,CHR/USDT,-0.1531642732872565,13.6,2026-02-06 00:30:00,2026,МЕДВЕДЬ,-27.959391939780005
1770337800000,LONG,2.5732643118148406,-0.4758997730969858,8.3148599269184,True,AVAX/USDT,-0.1643385332105904,42.6,2026-02-06 00:30:00,2026,МЕДВЕДЬ,-27.959391939780005
1770337800000,LONG,2.5808617234468936,-0.2848440220968357,9.06620741482966,False,EGLD/USDT,-0.1327023021611195,28.000000000000004,2026-02-06 00:30:00,2026,МЕДВЕДЬ,-27.959391939780005
1770337800000,LONG,2.983333333333336,-1.219456842802822,11.186781609195402,True,FIL/USDT,-0.1233694551796844,8.6,2026-02-06 00:30:00,2026,МЕДВЕДЬ,-27.959391939780005
1770337800000,LONG,3.020786516853936,-0.9842321834562228,10.60606741573034,False,1INCH/USDT,-0.1412090887908084,11.8,2026-02-06 00:30:00,2026,МЕДВЕДЬ,-27.959391939780005
1770337800000,LONG,3.3772006344171417,-0.1087829464990411,8.364551942902445,True,AXS/USDT,-0.1313552319624197,55.2,2026-02-06 00:30:00,2026,МЕДВЕДЬ,-27.959391939780005
1770337800000,LONG,3.460669875651823,-0.0604319912477147,9.01825110308865,False,BICO/USDT,-0.1698747943897629,,2026-02-06 00:30:00,2026,МЕДВЕДЬ,-27.959391939780005
1770337800000,LONG,3.496153846153845,-0.6601983382843493,10.644543828264757,True,ARKM/USDT,-0.1102798161305975,2.8000000000000003,2026-02-06 00:30:00,2026,МЕДВЕДЬ,-27.959391939780005
1770337800000,LONG,3.4961538461538497,-1.0384058846030888,9.886538461538462,True,DYDX/USDT,-0.2169933425091453,25.2,2026-02-06 00:30:00,2026,МЕДВЕДЬ,-27.959391939780005
1770337800000,LONG,3.539789303079427,-0.9415598306077608,9.725985953538617,False,BLUR/USDT,-0.0988160184888242,3.4000000000000004,2026-02-06 00:30:00,2026,МЕДВЕДЬ,-27.959391939780005
1770337800000,LONG,3.646194100856323,-1.161756321990439,10.450237868696478,True,ARB/USDT,-0.0995223293601402,39.2,2026-02-06 00:30:00,2026,МЕДВЕДЬ,-27.959391939780005
1770337800000,LONG,3.729601990049767,-1.1598885510810517,10.716417910447754,True,APT/USDT,-0.1172103219492805,47.0,2026-02-06 00:30:00,2026,МЕДВЕДЬ,-27.959391939780005
1770337800000,LONG,3.85711974110032,-2.09403002686566,10.194714131607348,False,ARPA/USDT,-0.086463390820268,12.6,2026-02-06 00:30:00,2026,МЕДВЕДЬ,-27.959391939780005
1770337800000,LONG,3.8931192660550393,-0.755786858352129,8.646444954128436,True,ALGO/USDT,-0.1439030479029173,1.7999999999999998,2026-02-06 00:30:00,2026,МЕДВЕДЬ,-27.959391939780005
1770337800000,LONG,4.003393085787442,-0.7195127165707755,8.342381562099877,False,GAS/USDT,-0.1200210250101231,13.2,2026-02-06 00:30:00,2026,МЕДВЕДЬ,-27.959391939780005
1770337800000,LONG,4.054276985743383,-0.6662724675135097,9.488238289205707,True,ETC/USDT,-0.0890172207637591,11.6,2026-02-06 00:30:00,2026,МЕДВЕДЬ,-27.959391939780005
1770337800000,LONG,4.1545045045045,-0.3532684967956068,10.098525798525811,True,DOT/USDT,-0.1439481859685479,56.00000000000001,2026-02-06 00:30:00,2026,МЕДВЕДЬ,-27.959391939780005
1770337800000,LONG,4.294305197198674,-0.7905476461838523,9.964983413195723,False,API3/USDT,-0.1184273944859463,77.8,2026-02-06 00:30:00,2026,МЕДВЕДЬ,-27.959391939780005
1770337800000,LONG,4.357302353651178,-0.3582481755566802,10.167712733856368,False,ACE/USDT,-0.1251473553230517,80.4,2026-02-06 00:30:00,2026,МЕДВЕДЬ,-27.959391939780005
1770337800000,LONG,4.366981132075477,-1.1988647369893208,8.953207547169807,False,BAT/USDT,-0.1074459906493247,29.2,2026-02-06 00:30:00,2026,МЕДВЕДЬ,-27.959391939780005
1770337800000,LONG,4.483084205281508,-0.8872678848304947,9.83781763826608,False,ENJ/USDT,-0.1156104502585859,4.8,2026-02-06 00:30:00,2026,МЕДВЕДЬ,-27.959391939780005
1770337800000,LONG,4.582432432432434,-0.6668545823561848,10.202635135135136,True,FET/USDT,-0.1411100457450782,37.6,2026-02-06 00:30:00,2026,МЕДВЕДЬ,-27.959391939780005
1770337800000,LONG,4.855552589428725,-0.527571124890845,9.428964228510416,True,CHZ/USDT,-0.1601630212609147,60.2,2026-02-06 00:30:00,2026,МЕДВЕДЬ,-27.959391939780005
1770337800000,LONG,4.8775379229871705,-1.2717354450991976,8.280653442240373,False,ANKR/USDT,0.0307461758097807,2.0,2026-02-06 00:30:00,2026,МЕДВЕДЬ,-27.959391939780005
1770337800000,LONG,4.908451082096227,-0.946879309594188,9.66192094437488,True,1000SHIB/USDT,-0.1118308967844712,,2026-02-06 00:30:00,2026,МЕДВЕДЬ,-27.959391939780005
1770337800000,LONG,4.920362765229294,-1.005496501702417,8.693634496919922,True,CFX/USDT,-0.0742135289991647,2.8000000000000003,2026-02-06 00:30:00,2026,МЕДВЕДЬ,-27.959391939780005
1770337800000,LONG,4.976176713459949,-0.3923026345038956,9.232658959537575,True,ADA/USDT,-0.1508885132959078,2.0,2026-02-06 00:30:00,2026,МЕДВЕДЬ,-27.959391939780005
1770337800000,LONG,5.013716038562662,-0.8351657782433364,10.436021034180536,True,1000BONK/USDT,-0.0751846792347093,37.0,2026-02-06 00:30:00,2026,МЕДВЕДЬ,-27.959391939780005
1770337800000,LONG,8.063606770833326,-1.0331989672626674,8.413606770833326,False,CYBER/USDT,0.0271690498699881,65.2,2026-02-06 00:30:00,2026,МЕДВЕДЬ,-27.959391939780005
1770337800000,LONG,9.167216856892017,-0.9397508816437066,9.517216856892016,True,1000PEPE/USDT,-0.1422085292053607,17.0,2026-02-06 00:30:00,2026,МЕДВЕДЬ,-27.959391939780005
1770384600000,SHORT,-7.145656427313637,-1.0114470024365658,6.795656427313637,False,CYBER/USDT,0.0300125494798496,21.8,2026-02-06 13:30:00,2026,МЕДВЕДЬ,-20.709157607278726
1770397200000,SHORT,2.4372468417886552,-0.1052059500036783,7.2186284339282,False,AUCTION/USDT,-0.0628836504811156,17.8,2026-02-06 17:00:00,2026,МЕДВЕДЬ,-17.169482631350775
1770400800000,SHORT,-1.1374015748031503,-0.3537929813716503,4.248818897637783,True,CRV/USDT,-0.1432777753376654,2.2,2026-02-06 18:00:00,2026,МЕДВЕДЬ,-17.571293819735345
1770400800000,SHORT,-1.115974601894776,0.066203882997871,6.567486393872185,False,FLOW/USDT,-0.0328392086479953,89.4,2026-02-06 18:00:00,2026,МЕДВЕДЬ,-17.571293819735345
1770400800000,SHORT,0.6163097414468464,0.3176322506344265,4.04586053799946,False,DASH/USDT,-0.1019192131610459,27.0,2026-02-06 18:00:00,2026,МЕДВЕДЬ,-17.571293819735345
1770401700000,SHORT,-4.841005665722385,-0.5712321659172557,4.491005665722385,False,BSV/USDT,-0.1123307854720407,8.0,2026-02-06 18:15:00,2026,МЕДВЕДЬ,-17.484789830699142
1770401700000,SHORT,-1.194265489024548,-0.9390610183582468,4.044151188466021,True,1000PEPE/USDT,-0.0812066747298149,9.8,2026-02-06 18:15:00,2026,МЕДВЕДЬ,-17.484789830699142
1770401700000,SHORT,-0.3034161490683167,-1.0770760552790917,4.6452950310558805,True,1000BONK/USDT,-0.0511330931098792,44.8,2026-02-06 18:15:00,2026,МЕДВЕДЬ,-17.484789830699142
1770401700000,SHORT,-0.1163551401869253,-0.6208458428068081,4.04953271028038,True,GALA/USDT,-0.0711448336236283,7.399999999999999,2026-02-06 18:15:00,2026,МЕДВЕДЬ,-17.484789830699142
1770401700000,SHORT,0.343298118190819,-0.8488893251135163,4.0417959722680585,True,ENS/USDT,-0.064284350848133,11.2,2026-02-06 18:15:00,2026,МЕДВЕДЬ,-17.484789830699142
1770401700000,SHORT,1.237301587301589,0.0098031205961319,4.280158730158715,False,ALICE/USDT,-0.2507972203258519,12.4,2026-02-06 18:15:00,2026,МЕДВЕДЬ,-17.484789830699142
1770420600000,SHORT,-1.2113116382109146,-0.3493976450783524,4.014176311065263,True,BCH/USDT,-0.0047859802787459,60.4,2026-02-06 23:30:00,2026,МЕДВЕДЬ,-17.354876142882546
1770426000000,SHORT,7.342205726405094,-0.6249507883871384,7.692205726405094,False,API3/USDT,0.1622776030076295,85.0,2026-02-07 01:00:00,2026,МЕДВЕДЬ,-18.492923787768362
1770508800000,SHORT,-1.2325383483925154,-0.6112779809318768,6.411998318974571,False,EGLD/USDT,-0.0478234209748623,43.6,2026-02-08 00:00:00,2026,МЕДВЕДЬ,-11.380443127242861
1770526800000,SHORT,-3.608806159038173,0.3472578282315019,7.662244252267435,False,DUSK/USDT,-0.0096013486767406,5.2,2026-02-08 05:00:00,2026,МЕДВЕДЬ,-11.733991695638895
1770529500000,SHORT,-4.563350944929876,0.3363258435468674,4.213350944929877,False,AUCTION/USDT,-0.0711666990306669,14.4,2026-02-08 05:45:00,2026,МЕДВЕДЬ,-11.57371991024072
1770547500000,SHORT,3.170710059171604,-0.5916901781946622,8.401153846153838,False,API3/USDT,0.1096461711743752,1.7999999999999998,2026-02-08 10:45:00,2026,МЕДВЕДЬ,-10.629175848454741
1770564600000,SHORT,-8.094008751262177,0.392268066786109,7.744008751262177,False,DUSK/USDT,0.0509862500846085,3.8,2026-02-08 15:30:00,2026,МЕДВЕДЬ,-8.318319423685072
1770610500000,SHORT,-5.55264765784111,0.2455417746474846,5.20264765784111,True,AXS/USDT,-0.0198573663481945,5.4,2026-02-09 04:15:00,2026,МЕДВЕДЬ,-9.872166337607291
1770779700000,SHORT,5.694132814620458,0.3932804298218361,6.044132814620458,False,DUSK/USDT,-0.0054838138137409,6.0,2026-02-11 03:15:00,2026,МЕДВЕДЬ,-14.517071157465328
1770820200000,SHORT,-0.4393255917820555,-1.023486490929658,4.734881643590891,False,EGLD/USDT,-0.1458268323269677,13.8,2026-02-11 14:30:00,2026,МЕДВЕДЬ,-14.009562187559304
1770820200000,SHORT,-0.35,-1.0418390496642698,4.352525252525232,True,DYDX/USDT,-0.1821659599087367,13.6,2026-02-11 14:30:00,2026,МЕДВЕДЬ,-14.009562187559304
1770820200000,SHORT,-0.1704022988505785,-0.9982353008276208,4.551221264367816,True,ENS/USDT,0.0114548500759896,5.0,2026-02-11 14:30:00,2026,МЕДВЕДЬ,-14.009562187559304
1770821100000,SHORT,-1.341649269311071,-0.3598140700099221,5.168423799582439,True,ATOM/USDT,-0.0025834516581916,23.4,2026-02-11 14:45:00,2026,МЕДВЕДЬ,-13.891724175053922
1770849000000,SHORT,1.4476031957390083,0.0209373321000727,4.173102529960043,True,AXS/USDT,0.1135032209101737,6.6000000000000005,2026-02-11 22:30:00,2026,МЕДВЕДЬ,-11.73639504631267
1770885900000,SHORT,0.8748468941382314,-0.6997399503687902,4.643700787401563,False,AGLD/USDT,-0.0313302747564357,44.8,2026-02-12 08:45:00,2026,МЕДВЕДЬ,-9.113736549432245
1770964200000,SHORT,-0.1561639852684669,0.4087467825763436,6.074200426439226,False,AUCTION/USDT,0.0119153283315681,40.0,2026-02-13 06:30:00,2026,МЕДВЕДЬ,0.6622380210798529
1770984900000,SHORT,-3.248550724637684,-0.3454871345046205,5.448248792270529,False,BSV/USDT,0.0190448887391848,0.2,2026-02-13 12:15:00,2026,МЕДВЕДЬ,-0.11636120711787656
1770985800000,SHORT,-8.184272300469477,-0.5636158936889977,7.834272300469477,False,COMP/USDT,-0.0350701493416624,23.4,2026-02-13 12:30:00,2026,МЕДВЕДЬ,-0.15517630768818735
1770990300000,SHORT,-1.2884164222873924,-0.9164231759393952,5.790518084066448,True,CFX/USDT,0.0008050801004354,18.8,2026-02-13 13:45:00,2026,МЕДВЕДЬ,-0.8185988408588085
1770991200000,SHORT,-4.66267157683293,-0.8263464564100484,4.312671576832931,True,ENS/USDT,-0.0076973959217245,14.8,2026-02-13 14:00:00,2026,МЕДВЕДЬ,-1.2972881536065073
1771018200000,SHORT,4.265996258185214,-0.1608024139267173,4.615996258185214,False,COMP/USDT,0.1637047988116283,0.8,2026-02-13 21:30:00,2026,МЕДВЕДЬ,-0.9925919393244553
1771030800000,SHORT,-2.7721453287197177,-0.1045674899977752,5.714117647058801,True,AXS/USDT,0.1246278490817158,9.8,2026-02-14 01:00:00,2026,МЕДВЕДЬ,0.02165665606229661
1771030800000,SHORT,1.3662974915652044,-0.7528130904264021,5.376059850374053,True,ENS/USDT,-0.0941268099911661,0.0,2026-02-14 01:00:00,2026,МЕДВЕДЬ,0.02165665606229661
1771073100000,SHORT,-0.2391352549889103,0.0396491954848563,4.569977827050974,False,FLOW/USDT,-0.0926884334327825,54.8,2026-02-14 12:45:00,2026,МЕДВЕДЬ,1.0840990617571378
1771136100000,SHORT,2.4119465146865364,-0.4395728757193908,6.587987724682141,False,COMP/USDT,0.1699067020951671,1.4,2026-02-15 06:15:00,2026,НЕЙТРАЛЬ,5.619820973441514
1771279200000,SHORT,0.6848071495766764,-2.0522973030266853,4.2629350893697024,False,ARPA/USDT,-0.0663150782890746,27.6,2026-02-16 22:00:00,2026,НЕЙТРАЛЬ,1.9852664268981024
1771380900000,SHORT,-0.5620141342756106,-1.006674545897527,5.063363957597158,False,CYBER/USDT,0.0407145903007253,85.8,2026-02-18 02:15:00,2026,НЕЙТРАЛЬ,3.172363540010592
1771647300000,SHORT,-0.35,-0.7156632037053534,4.958029513888888,False,AGLD/USDT,-0.0641684386325491,45.8,2026-02-21 04:15:00,2026,НЕЙТРАЛЬ,-3.35015366348963
1771647300000,SHORT,0.5981668773704224,-0.9213920894622468,5.372060682680136,False,BIGTIME/USDT,-0.0269640604536673,0.6,2026-02-21 04:15:00,2026,НЕЙТРАЛЬ,-3.35015366348963
1771660800000,SHORT,5.067346938775507,-0.5369548702691217,5.417346938775506,False,CTSI/USDT,-0.1649628385852893,,2026-02-21 08:00:00,2026,НЕЙТРАЛЬ,-4.026274996722373
1771755300000,SHORT,-4.381465093412002,-1.4121468878700048,6.118780727630279,False,ARPA/USDT,-0.2204034657992228,16.400000000000002,2026-02-22 10:15:00,2026,НЕЙТРАЛЬ,-7.313643410852716
1771758900000,SHORT,-7.303593249927251,-0.8090028788720793,6.953593249927251,False,AGLD/USDT,0.2393023748607812,0.6,2026-02-22 11:15:00,2026,НЕЙТРАЛЬ,-8.08450704225352
1771804800000,SHORT,4.106077348066287,-1.2005887980665568,4.456077348066287,False,ARPA/USDT,-0.1941946078465244,1.2,2026-02-23 00:00:00,2026,НЕЙТРАЛЬ,-7.084721044191699
1771959600000,SHORT,-4.389999999999978,-0.9262701480372512,4.039999999999979,False,DUSK/USDT,0.0248233350746637,27.0,2026-02-24 19:00:00,2026,МЕДВЕДЬ,-10.244894083817385
1771985700000,SHORT,6.2069395017793525,-0.8759254441287729,6.556939501779352,False,DUSK/USDT,0.0375644142974683,32.800000000000004,2026-02-25 02:15:00,2026,МЕДВЕДЬ,-6.338224070991705
1772045100000,SHORT,-4.503791708796748,-0.7917756321667145,4.153791708796748,False,AGLD/USDT,0.1803497503982024,3.8,2026-02-25 18:45:00,2026,МЕДВЕДЬ,1.849364061068015
1772052300000,SHORT,5.369052132701417,-0.6234855453320319,5.7190521327014165,True,APT/USDT,0.0829974757257435,94.2,2026-02-25 20:45:00,2026,МЕДВЕДЬ,2.5270107424993027
1772057700000,SHORT,4.18634741225459,0.0238715062638056,4.53634741225459,True,DOT/USDT,0.0364896315123041,77.2,2026-02-25 22:15:00,2026,МЕДВЕДЬ,3.413444462972337
1772061300000,SHORT,3.7606810035842178,-1.1780718636021696,4.110681003584218,True,AXS/USDT,0.0053325033515006,60.4,2026-02-25 23:15:00,2026,МЕДВЕДЬ,1.373714929365255
1772179200000,SHORT,0.55909090909091,0.0377875704077989,5.770909090909084,False,ALICE/USDT,-0.2853393420192358,23.8,2026-02-27 08:00:00,2026,МЕДВЕДЬ,0.8577881863394476
1772187300000,SHORT,4.791902003379194,-0.6375642531845382,5.141902003379194,False,FLOW/USDT,0.0097964568488426,40.400000000000006,2026-02-27 10:15:00,2026,МЕДВЕДЬ,-1.2903102681979361
1772215200000,SHORT,-10.356451612903228,0.0383973465321025,10.006451612903229,False,ALICE/USDT,-0.0272040520965329,24.0,2026-02-27 18:00:00,2026,НЕЙТРАЛЬ,-3.0011434001733948
1772263800000,LONG,-4.604107648725219,-0.5381413656250496,4.25410764872522,True,GALA/USDT,0.0816812047351546,33.6,2026-02-28 07:30:00,2026,НЕЙТРАЛЬ,-8.118921172734666
1772263800000,LONG,-4.511663160499952,-0.7620276452366186,4.161663160499953,False,DUSK/USDT,-0.0908167285575977,74.2,2026-02-28 07:30:00,2026,НЕЙТРАЛЬ,-8.118921172734666
1772263800000,LONG,-4.47743445692885,-0.1848063093632238,4.12743445692885,False,EDU/USDT,0.0233410409925677,36.8,2026-02-28 07:30:00,2026,НЕЙТРАЛЬ,-8.118921172734666
1772263800000,LONG,-4.442585428755633,-0.3998419561628561,4.092585428755633,True,AR/USDT,0.083324741903945,18.8,2026-02-28 07:30:00,2026,НЕЙТРАЛЬ,-8.118921172734666
1772263800000,LONG,-3.4717481789802203,-0.3850549811018132,4.346097814776272,True,FIL/USDT,0.0609738392705922,65.0,2026-02-28 07:30:00,2026,НЕЙТРАЛЬ,-8.118921172734666
1772263800000,LONG,-2.3908163265306217,-0.6273390550269835,4.1924578527063066,False,COTI/USDT,0.0050728680797963,23.8,2026-02-28 07:30:00,2026,НЕЙТРАЛЬ,-8.118921172734666
1772323200000,SHORT,3.193307086614165,-0.5071201004400037,5.038582677165345,False,CTSI/USDT,-0.2113286045447775,,2026-03-01 00:00:00,2026,НЕЙТРАЛЬ,-2.8009734577924936
1772396100000,SHORT,5.419230769230775,-0.478582232916095,6.729487179487166,False,ALICE/USDT,0.0419292940610059,1.7999999999999998,2026-03-01 20:15:00,2026,НЕЙТРАЛЬ,-4.930516612631097
1772710200000,SHORT,-0.8650554675118731,-1.153781483513649,11.267828843106166,False,AGLD/USDT,0.0045141420293406,7.000000000000001,2026-03-05 11:30:00,2026,НЕЙТРАЛЬ,-1.6786954333341875
1772759700000,SHORT,1.4531088082901609,-0.7857904571450834,4.436725388601019,False,ANKR/USDT,0.2011972991220838,44.8,2026-03-06 01:15:00,2026,НЕЙТРАЛЬ,-1.5887325621114279
1772766000000,SHORT,-7.810985720865949,-0.2501193625648922,7.460985720865949,False,BICO/USDT,0.0290769448350812,,2026-03-06 03:00:00,2026,НЕЙТРАЛЬ,-1.280534629885105
1772772300000,SHORT,-10.903717472118942,-0.7794830480523497,10.553717472118942,False,AGLD/USDT,-0.0098343533713464,2.8000000000000003,2026-03-06 04:45:00,2026,НЕЙТРАЛЬ,-3.2712853354675664
1772776800000,SHORT,2.1021761458467094,-0.3828471153888378,4.240403132622913,False,ASTR/USDT,-0.0549846695418583,68.8,2026-03-06 06:00:00,2026,НЕЙТРАЛЬ,-3.2203718797902847
1772794800000,SHORT,2.444411177644701,-0.5220555860515229,8.75843313373252,False,FLOW/USDT,-0.0082953767897488,51.8,2026-03-06 11:00:00,2026,НЕЙТРАЛЬ,-2.7680401945327118
1772841600000,SHORT,1.6680436847103437,-0.3896431540081231,5.824596391263047,False,FLOW/USDT,-0.0411370215304211,28.2,2026-03-07 00:00:00,2026,НЕЙТРАЛЬ,-2.6009741908949833
1772858700000,SHORT,-1.036884396060136,-0.0856506191153138,4.940629860031097,False,ASTR/USDT,-0.0725173224594545,50.4,2026-03-07 04:45:00,2026,НЕЙТРАЛЬ,-2.3816017788619472
1773053100000,SHORT,2.902032520325206,-0.8038596322558679,5.192682926829272,False,ALICE/USDT,-0.3473555149472145,27.200000000000003,2026-03-09 10:45:00,2026,НЕЙТРАЛЬ,-3.335337658158166
1773063900000,SHORT,5.057679671457899,-0.3141068476361212,5.407679671457899,False,FLOW/USDT,0.0162382107857673,62.6,2026-03-09 13:45:00,2026,НЕЙТРАЛЬ,-0.589164237123424
1773126000000,SHORT,-0.2038723818801812,-0.318371927958018,4.013005358012651,False,BICO/USDT,-0.1251957024534465,,2026-03-10 07:00:00,2026,НЕЙТРАЛЬ,-1.9395241588931966
1773137700000,SHORT,5.317623011743711,0.2704499781603741,5.667623011743711,False,FLOW/USDT,0.0875404609535026,16.400000000000002,2026-03-10 10:15:00,2026,НЕЙТРАЛЬ,1.9092606504146792
1773187200000,SHORT,3.946875000000001,0.0130900466146058,7.352343749999989,False,CTSI/USDT,-0.2227559550103962,,2026-03-11 00:00:00,2026,НЕЙТРАЛЬ,-0.7117810705204175
1773225900000,SHORT,2.304867256637174,0.0320816510777327,7.781289506953215,False,ACE/USDT,-0.1563304926000598,71.8,2026-03-11 10:45:00,2026,НЕЙТРАЛЬ,-2.1620460237040007
1773246600000,SHORT,-1.1715426745778166,-0.2837436556656867,5.28982199908716,False,BICO/USDT,-0.1000643582596495,,2026-03-11 16:30:00,2026,НЕЙТРАЛЬ,-3.20754867995538
1773257400000,SHORT,0.2452380952380917,0.0362133406872423,6.270238095238093,False,CHR/USDT,-0.3973595510865964,15.4,2026-03-11 19:30:00,2026,НЕЙТРАЛЬ,-3.9624775916564214
1773277200000,SHORT,4.758462033462008,-0.2495020686636176,5.108462033462008,False,API3/USDT,-0.1532792450176458,28.8,2026-03-12 01:00:00,2026,НЕЙТРАЛЬ,-3.5046768025763453
1773321300000,SHORT,-2.309686450167975,-0.4924356054049438,4.455767077267617,False,ARK/USDT,-0.1642398684334287,13.8,2026-03-12 13:15:00,2026,НЕЙТРАЛЬ,-2.969282013057434
1773575100000,SHORT,1.8226010863005448,-0.1249902073871114,7.200543150271561,False,GAS/USDT,-0.2807043280200789,75.8,2026-03-15 11:45:00,2026,НЕЙТРАЛЬ,5.873577023010634
1773585900000,SHORT,4.0601334180431925,-0.2627489124582325,4.410133418043192,True,CFX/USDT,0.0746825934614101,60.0,2026-03-15 14:45:00,2026,НЕЙТРАЛЬ,5.731083158029648
1773620100000,SHORT,-3.0745206861755885,-0.471030627976612,8.09323915237134,False,1INCH/USDT,-0.0342706284716073,63.6,2026-03-16 00:15:00,2026,НЕЙТРАЛЬ,7.685700406923934
1773630900000,SHORT,-1.600000000000001,0.0449418773531047,4.061249999999985,False,CELO/USDT,-0.4308863211327796,44.2,2026-03-16 03:15:00,2026,НЕЙТРАЛЬ,7.691198854072434
1773632700000,SHORT,-0.7688481675392673,-0.0770043232494088,4.4485340314136135,True,AR/USDT,-0.0726365378533135,72.39999999999999,2026-03-16 03:45:00,2026,НЕЙТРАЛЬ,8.864113823595366
1773650700000,SHORT,-5.36029178803208,0.077962705343601,5.01029178803208,True,1000PEPE/USDT,0.0723115280778596,65.2,2026-03-16 08:45:00,2026,НЕЙТРАЛЬ,8.520883928736955
1773666000000,SHORT,-5.134215328467138,0.1378615065587771,4.7842153284671385,True,FET/USDT,-0.0503554155310952,11.8,2026-03-16 13:00:00,2026,НЕЙТРАЛЬ,7.863520747199059
1773747900000,SHORT,0.7829029114386569,-0.9675281885882184,4.466439273967592,False,ASTR/USDT,-0.0841597508602653,72.0,2026-03-17 11:45:00,2026,НЕЙТРАЛЬ,7.808755217012086
1773752400000,SHORT,-1.3911502231036112,-0.3008826007904364,9.40009915716408,False,ENJ/USDT,0.0862223898278554,37.8,2026-03-17 13:00:00,2026,НЕЙТРАЛЬ,6.418823271590057
1773765900000,SHORT,-0.497182506307823,-0.5672594996750947,4.602186711522275,False,ANKR/USDT,-0.02661371216514,7.199999999999999,2026-03-17 16:45:00,2026,НЕЙТРАЛЬ,5.464512997289505
1773767700000,LONG,2.454878048780483,-0.5758192163479162,4.67707317073172,False,EDU/USDT,0.0568356449070426,35.2,2026-03-17 17:15:00,2026,НЕЙТРАЛЬ,6.252772888257363
1773786600000,SHORT,3.3562937062937133,0.2197631678761787,5.279930069930059,False,COTI/USDT,-0.1649948687219182,25.0,2026-03-17 22:30:00,2026,НЕЙТРАЛЬ,8.813833710045028
1773804600000,SHORT,1.7711680953072828,-0.3565133868615826,5.03594362923143,True,1000BONK/USDT,0.0767210434476189,68.2,2026-03-18 03:30:00,2026,НЕЙТРАЛЬ,9.59298565208142
1773809100000,SHORT,-6.352675585284271,-0.1386278723161476,6.002675585284272,False,ENJ/USDT,-0.1390946009671986,0.8,2026-03-18 04:45:00,2026,НЕЙТРАЛЬ,8.860747342326015
1773811800000,SHORT,-8.583333333333304,0.0306779593167512,8.233333333333304,False,CHR/USDT,-0.318420893267255,4.2,2026-03-18 05:30:00,2026,НЕЙТРАЛЬ,10.086062321924471
1773816300000,SHORT,-6.728787878787871,0.009089821563304,6.378787878787871,False,CTSI/USDT,-0.2152947604987456,,2026-03-18 06:45:00,2026,НЕЙТРАЛЬ,8.720779572614612
1773817200000,SHORT,3.636201609812192,-0.7524088767968639,8.219432732847817,False,AUCTION/USDT,-0.0830945882049492,81.8,2026-03-18 07:00:00,2026,НЕЙТРАЛЬ,8.51706532415748
1773992700000,SHORT,-1.9694331983805684,-0.364412995784027,4.157692307692303,True,APT/USDT,-0.0411265350414188,23.200000000000003,2026-03-20 07:45:00,2026,НЕЙТРАЛЬ,-0.9898865201795781
1774012500000,SHORT,-2.8293388429752087,-0.9747795771669848,6.1024793388429766,False,ALICE/USDT,-0.3447944389217608,8.6,2026-03-20 13:15:00,2026,НЕЙТРАЛЬ,-3.3404054243431514
1774039500000,SHORT,-4.361216582719874,-1.9133604536172624,4.011216582719874,False,ANKR/USDT,0.0022224008386027,8.4,2026-03-20 20:45:00,2026,НЕЙТРАЛЬ,-2.0926565230362737
1774139400000,LONG,-0.35,-0.2127707397053423,5.214788732394378,False,CHR/USDT,-0.1573470492274609,22.4,2026-03-22 00:30:00,2026,НЕЙТРАЛЬ,-3.0691198305489555
1774139400000,LONG,-0.2392580287929247,-0.6066873360260271,4.605980066445184,True,APE/USDT,0.0045746766185419,13.6,2026-03-22 00:30:00,2026,НЕЙТРАЛЬ,-3.0691198305489555
1774185300000,SHORT,5.001079136690638,0.109877663792619,5.351079136690638,False,DUSK/USDT,0.2329213961902081,17.599999999999998,2026-03-22 13:15:00,2026,НЕЙТРАЛЬ,-4.0160413635805305
1774267200000,SHORT,-0.9961719208928996,-0.0261640090821397,5.347405521832775,False,DUSK/USDT,0.2212778441743298,29.6,2026-03-23 12:00:00,2026,НЕЙТРАЛЬ,-7.408762685402031
1774347300000,SHORT,-6.025752271401196,0.2455877620308737,5.675752271401197,False,DUSK/USDT,0.1710388059955019,35.4,2026-03-24 10:15:00,2026,НЕЙТРАЛЬ,-7.417354744734378
1774385100000,SHORT,3.283060853769304,0.014625618571441,4.581653042688444,False,BAT/USDT,0.0487313707061598,0.2,2026-03-24 20:45:00,2026,НЕЙТРАЛЬ,-7.537985753333986
1774458900000,SHORT,2.9467032967033,0.0133539529776964,8.01538461538461,True,DYDX/USDT,-0.2616856540783912,29.8,2026-03-25 17:15:00,2026,НЕЙТРАЛЬ,-0.4852250970096561
1774542600000,SHORT,-4.577137713771356,-0.7543487573644065,4.227137713771357,False,ENJ/USDT,-0.0459706491354681,1.2,2026-03-26 16:30:00,2026,НЕЙТРАЛЬ,-3.08619563498177
1774772100000,SHORT,3.917744389501708,-1.1361587569409055,4.267744389501708,False,ANKR/USDT,-0.0436776458891529,3.4000000000000004,2026-03-29 08:15:00,2026,НЕЙТРАЛЬ,-3.8922658114558475
1774825200000,LONG,2.4319833459500364,-0.2693133894700377,4.017051476154423,True,CFX/USDT,-0.1426943799975054,64.0,2026-03-29 23:00:00,2026,НЕЙТРАЛЬ,-4.76669626122127
1775010600000,SHORT,-4.620208333333322,-0.2620497677123102,4.270208333333322,True,ALGO/USDT,-0.03435312317201,68.60000000000001,2026-04-01 02:30:00,2026,НЕЙТРАЛЬ,-5.629762468417809
1775034000000,SHORT,-4.6601771921853645,-0.2043470296165516,4.310177192185365,False,BLUR/USDT,-0.0199854420417365,0.0,2026-04-01 09:00:00,2026,НЕЙТРАЛЬ,-4.819185917469316
1775116800000,SHORT,3.872493438320198,-0.2736846222653538,4.222493438320198,False,DUSK/USDT,-0.0071730064018594,62.2,2026-04-02 08:00:00,2026,НЕЙТРАЛЬ,-4.482897773239436
1775150100000,SHORT,3.9313455657492207,-1.05947901787343,8.68389398572886,False,ARPA/USDT,-0.1456795694145025,36.8,2026-04-02 17:15:00,2026,НЕЙТРАЛЬ,-3.962801501941071
1775151900000,SHORT,-8.816921119592866,1.296988528833786,8.466921119592866,False,CTSI/USDT,0.0759104639732226,,2026-04-02 17:45:00,2026,НЕЙТРАЛЬ,-4.5002506640520075
1775191500000,SHORT,1.1897775876817906,-0.5075874708891029,4.3325919589392505,False,BICO/USDT,-0.0828661832042363,,2026-04-03 04:45:00,2026,НЕЙТРАЛЬ,-2.776658695827039
1775217600000,SHORT,1.9488505747126457,-0.1846612663617015,6.503557744937039,False,GAS/USDT,0.0267194547224654,2.4,2026-04-03 12:00:00,2026,НЕЙТРАЛЬ,1.3380053613382237
1775261700000,SHORT,-4.304154727793693,-0.5368442163635002,10.473696275071608,False,GAS/USDT,0.017198540065698,4.2,2026-04-04 00:15:00,2026,НЕЙТРАЛЬ,0.49939673349878033
1775563200000,SHORT,-2.4552631578947364,-1.0382396247721422,5.019999999999998,False,BSV/USDT,-0.1419498046964256,57.8,2026-04-07 12:00:00,2026,НЕЙТРАЛЬ,0.35219880256718294
1775607300000,SHORT,-2.1419075144508595,0.6141654181917566,6.097687861271655,False,COMP/USDT,0.0850374669577855,90.2,2026-04-08 00:15:00,2026,НЕЙТРАЛЬ,5.179367544318081
1775628000000,SHORT,7.260062893081761,-0.6126246963675148,7.610062893081761,False,EDU/USDT,0.0257210648467944,28.8,2026-04-08 06:00:00,2026,НЕЙТРАЛЬ,3.358593262515319
1775662200000,SHORT,-5.891589548176341,0.752999327424356,5.541589548176342,False,COMP/USDT,0.1085134733704895,90.2,2026-04-08 15:30:00,2026,НЕЙТРАЛЬ,1.983899199243111
1775662200000,SHORT,0.7768079381096485,-0.7456042511578658,4.314698957282198,False,DUSK/USDT,-0.0810425152223274,91.8,2026-04-08 15:30:00,2026,НЕЙТРАЛЬ,1.983899199243111
1775667600000,SHORT,-7.95961682945152,-0.747870185245183,7.609616829451521,False,ENJ/USDT,0.3576437718268068,0.0,2026-04-08 17:00:00,2026,НЕЙТРАЛЬ,1.78567522489268
1775685600000,SHORT,-5.79095335725268,-0.8116751334035753,5.44095335725268,False,BLUR/USDT,0.0274318926361799,32.0,2026-04-08 22:00:00,2026,НЕЙТРАЛЬ,1.6812440759012337
1775708100000,SHORT,-5.267863720073658,-0.7708344490608975,4.917863720073658,False,BLUR/USDT,0.2208553627548931,1.4,2026-04-09 04:15:00,2026,НЕЙТРАЛЬ,4.0103985615713045
1775802600000,SHORT,-4.680747663551385,0.6322842117199182,4.330747663551385,True,CFX/USDT,0.1492360594938514,46.8,2026-04-10 06:30:00,2026,НЕЙТРАЛЬ,2.6833529289985947
1775817000000,SHORT,-6.756283618581894,0.4245156431663491,6.406283618581894,False,DASH/USDT,-0.036067827075194,55.00000000000001,2026-04-10 10:30:00,2026,НЕЙТРАЛЬ,2.5337258202274726
1775819700000,SHORT,-0.1576923076923117,0.7949149277852006,9.84778846153846,False,COMP/USDT,-0.2627877459941095,7.000000000000001,2026-04-10 11:15:00,2026,НЕЙТРАЛЬ,2.460408264776459
1775867400000,SHORT,4.902271231073069,0.6259366359553497,5.252271231073069,False,DASH/USDT,0.0073999197744409,14.000000000000002,2026-04-11 00:30:00,2026,НЕЙТРАЛЬ,4.089028605591372
1775903400000,SHORT,4.353589560243109,-0.7320458470546304,4.703589560243109,False,DUSK/USDT,-0.0187166210617191,70.6,2026-04-11 10:30:00,2026,НЕЙТРАЛЬ,2.928426819102059
1775925000000,SHORT,-7.575163612565421,-0.5153846909569869,7.225163612565422,False,ENJ/USDT,0.2579626992065297,55.60000000000001,2026-04-11 16:30:00,2026,НЕЙТРАЛЬ,3.253544973544975
1775982600000,SHORT,-6.189825581395332,-0.1848617778153838,5.839825581395332,False,CTSI/USDT,0.0890740398774364,,2026-04-12 08:30:00,2026,НЕЙТРАЛЬ,2.4771578423760876
1776002400000,SHORT,7.126049730236911,-0.300796799359258,7.476049730236911,False,ENJ/USDT,0.1717508624282978,12.6,2026-04-12 14:00:00,2026,НЕЙТРАЛЬ,1.7952057125099508
1776022200000,SHORT,-6.3795612510860025,-0.8620907511553023,6.029561251086003,False,EDU/USDT,0.0486218226826458,4.8,2026-04-12 19:30:00,2026,НЕЙТРАЛЬ,2.1211936371503537
1776029400000,SHORT,4.580975188909372,-0.3690296016726708,4.930975188909372,False,DUSK/USDT,0.0903993537369307,89.60000000000001,2026-04-12 21:30:00,2026,НЕЙТРАЛЬ,2.524097089743571
1776060900000,LONG,-3.116135792120716,-0.6277587882214236,4.060687342833207,True,DOT/USDT,0.0765233017255474,6.0,2026-04-13 06:15:00,2026,НЕЙТРАЛЬ,-0.24694477572147489
1776254400000,SHORT,-4.020441233893018,0.3177086315660505,4.921397891448652,False,AGLD/USDT,-0.0565516032370346,61.0,2026-04-15 12:00:00,2026,НЕЙТРАЛЬ,-0.6559996059657347
1776270600000,SHORT,-11.30082339579783,-0.1576941908530242,10.95082339579783,False,ENJ/USDT,0.0552375111900695,40.0,2026-04-15 16:30:00,2026,НЕЙТРАЛЬ,1.3479617621274254
1776270600000,SHORT,-7.698108108108109,-0.8318450362999437,7.348108108108109,False,CTSI/USDT,-0.1006037390655635,,2026-04-15 16:30:00,2026,НЕЙТРАЛЬ,1.3479617621274254
1776275100000,SHORT,-0.6842884431709676,0.3141873453927021,5.544914040114592,True,CHZ/USDT,0.1035186663650438,47.4,2026-04-15 17:45:00,2026,НЕЙТРАЛЬ,1.5233276940821217
1776296700000,SHORT,-5.618546113572273,-0.6556973960722102,5.268546113572273,False,BLUR/USDT,-0.0209995778474269,9.6,2026-04-15 23:45:00,2026,НЕЙТРАЛЬ,3.568101670104462
1776319200000,SHORT,-4.991991341991322,-0.2434049123551933,4.641991341991322,True,ARKM/USDT,0.0063113263872888,16.0,2026-04-16 06:00:00,2026,НЕЙТРАЛЬ,5.397736888371418
1776346200000,SHORT,3.762307692307678,0.4108187852535157,4.112307692307678,True,AR/USDT,-0.0474560730762043,72.0,2026-04-16 13:30:00,2026,НЕЙТРАЛЬ,6.972018402814251
1776347100000,SHORT,-4.62665198237884,0.0162228740565665,4.27665198237884,True,DYDX/USDT,-0.2021292078316855,28.8,2026-04-16 13:45:00,2026,НЕЙТРАЛЬ,5.114077572749465
1776362400000,SHORT,5.3145742884708165,-0.3426384775007448,5.664574288470816,False,DUSK/USDT,0.0948117100716229,85.0,2026-04-16 18:00:00,2026,НЕЙТРАЛЬ,5.663566057647429
1776371400000,SHORT,5.03042977743667,0.0180119570812777,5.38042977743667,True,DYDX/USDT,-0.1530204810464217,3.4000000000000004,2026-04-16 20:30:00,2026,НЕЙТРАЛЬ,5.690529145842859
1776421800000,SHORT,-6.3101626016259855,-0.4325271295467229,5.960162601625986,False,CHR/USDT,-0.175390014370271,18.6,2026-04-17 10:30:00,2026,НЕЙТРАЛЬ,7.314955308512094
1776441600000,SHORT,2.9416914534999044,-0.7777476883131842,10.105254808645626,False,EDU/USDT,-0.1066039903460456,28.2,2026-04-17 16:00:00,2026,НЕЙТРАЛЬ,8.468321925208787
1776443400000,SHORT,-6.058757549611725,-0.3787364753982966,5.708757549611725,False,CHR/USDT,-0.1916927520119498,18.4,2026-04-17 16:30:00,2026,НЕЙТРАЛЬ,9.401726372110508
1776473100000,SHORT,-11.4135135135135,0.044021033151113,11.0635135135135,False,ALICE/USDT,-0.3871351343013605,34.8,2026-04-18 00:45:00,2026,НЕЙТРАЛЬ,8.15353059534888
1776473100000,SHORT,-5.129712339137027,-0.1945452642278724,4.779712339137028,False,ACE/USDT,-0.0749359679139099,51.0,2026-04-18 00:45:00,2026,НЕЙТРАЛЬ,8.15353059534888
1776474000000,LONG,-5.806610676866792,-0.2977638376900866,5.456610676866792,False,ENJ/USDT,0.0044720063155053,86.6,2026-04-18 01:00:00,2026,НЕЙТРАЛЬ,8.342697652407526
1776476700000,SHORT,-5.416177498252968,0.0177574728459299,5.066177498252968,True,DYDX/USDT,-0.0185879790774615,7.8,2026-04-18 01:45:00,2026,НЕЙТРАЛЬ,8.192371736741222
1776492900000,SHORT,3.956762372497168,1.0081923072297925,10.985530789573083,False,COMP/USDT,-0.2071407438601017,5.6000000000000005,2026-04-18 06:15:00,2026,НЕЙТРАЛЬ,9.354179725101808
1776497400000,SHORT,-9.086999999999968,0.0408722587596299,8.736999999999968,False,ALICE/USDT,-0.1492884592584912,34.8,2026-04-18 07:30:00,2026,НЕЙТРАЛЬ,10.022831050228298
1776510000000,SHORT,1.5315331010452922,-0.1606928561749481,11.41337979094074,False,BIGTIME/USDT,-0.0756537948009308,45.8,2026-04-18 11:00:00,2026,НЕЙТРАЛЬ,6.575498741658182
1776523500000,SHORT,-6.49175715695952,0.9882750324978756,6.14175715695952,False,API3/USDT,0.2303181948738513,1.6,2026-04-18 14:45:00,2026,НЕЙТРАЛЬ,7.47152447763445
1776578400000,SHORT,-2.648095863427443,-1.111523458143685,8.76260669730792,False,BLUR/USDT,-0.0839203701517745,4.8,2026-04-19 06:00:00,2026,НЕЙТРАЛЬ,4.509907612224562
1776592800000,SHORT,3.557380607814753,0.1937124488656826,9.517149059334292,True,ARKM/USDT,-0.0429668634255175,58.2,2026-04-19 10:00:00,2026,НЕЙТРАЛЬ,4.327858534815531
1776593700000,SHORT,-5.212140468227421,0.015812216261186,4.862140468227421,True,DYDX/USDT,-0.0337633395725663,5.6000000000000005,2026-04-19 10:15:00,2026,НЕЙТРАЛЬ,4.321832470343656
1776595500000,LONG,-3.1147610121836937,-1.2744618816960636,4.574859418931593,False,EDU/USDT,-0.1320444581728829,10.8,2026-04-19 10:45:00,2026,НЕЙТРАЛЬ,4.988196845113702
1776663000000,SHORT,6.26539782484258,-1.5812356572552857,6.61539782484258,False,ALICE/USDT,-0.1273555058149612,21.8,2026-04-20 05:30:00,2026,НЕЙТРАЛЬ,4.9379329879611795
1776663900000,SHORT,1.2044041450777168,-1.8225016029241712,4.998855785837636,False,EDU/USDT,-0.0788123891703551,1.0,2026-04-20 05:45:00,2026,НЕЙТРАЛЬ,5.092844428436849
1776694500000,SHORT,-1.7198630136986313,-0.2266011250390711,4.037205479452042,False,FLOW/USDT,-0.0242108196817075,51.4,2026-04-20 14:15:00,2026,НЕЙТРАЛЬ,6.604774724404516
1776697200000,SHORT,-5.1985618307789165,-1.832462755249984,4.848561830778917,False,EDU/USDT,-0.077694705933433,0.2,2026-04-20 15:00:00,2026,НЕЙТРАЛЬ,5.505820051531107
1776719700000,SHORT,-7.632911392405025,-1.7174627601290386,7.282911392405025,False,EDU/USDT,0.0579857713047643,0.0,2026-04-20 21:15:00,2026,НЕЙТРАЛЬ,6.33611594672524
1776756600000,SHORT,0.4266990291262157,-0.3774309960445317,4.049077669902908,False,CHR/USDT,0.0105025820974921,6.4,2026-04-21 07:30:00,2026,НЕЙТРАЛЬ,4.651567734442885
1776882600000,SHORT,4.1032676056338175,-0.9250001944048988,4.453267605633817,False,BLUR/USDT,0.0390863142034901,30.6,2026-04-22 18:30:00,2026,НЕЙТРАЛЬ,5.362003731748921
1776992400000,SHORT,3.733772455089809,-0.0612909462789865,4.083772455089809,True,CHZ/USDT,-0.0150928247105552,82.6,2026-04-24 01:00:00,2026,НЕЙТРАЛЬ,-2.1716878994980537
1777012200000,SHORT,-5.274783861671447,-0.5241347472460934,4.924783861671448,False,CTSI/USDT,-0.0971711684815585,,2026-04-24 06:30:00,2026,НЕЙТРАЛЬ,-1.8596628191471232
1777048200000,SHORT,0.9116201859229832,-2.1175378489491568,9.024634794156702,False,ALICE/USDT,-0.1054822960839287,38.0,2026-04-24 16:30:00,2026,НЕЙТРАЛЬ,-3.6505208226424
1777048200000,SHORT,10.43590909090908,-0.4998285029253052,10.78590909090908,True,APE/USDT,0.2321454338720038,0.0,2026-04-24 16:30:00,2026,НЕЙТРАЛЬ,-3.6505208226424
1777050900000,SHORT,-11.013212435233148,-1.1826276238279678,10.663212435233149,False,API3/USDT,-0.0240885760525156,48.2,2026-04-24 17:15:00,2026,НЕЙТРАЛЬ,-2.775638658448465
1777089600000,SHORT,10.68304768182816,-0.3124329273298467,11.03304768182816,False,API3/USDT,0.272844702011376,0.8,2026-04-25 04:00:00,2026,НЕЙТРАЛЬ,-0.9204593747737966
1777090500000,SHORT,3.743557772236056,-0.4069198386298317,4.093557772236056,False,CHR/USDT,-0.0103444499551799,16.0,2026-04-25 04:15:00,2026,НЕЙТРАЛЬ,-0.5086080818626049
1777091400000,SHORT,-5.066733386709355,0.5013595626512678,4.716733386709356,True,AXS/USDT,0.0687354279960466,92.6,2026-04-25 04:30:00,2026,НЕЙТРАЛЬ,-0.5923812064136391
1777099500000,SHORT,-7.378589341692765,-2.11841525930477,7.028589341692765,False,ALICE/USDT,-0.1183897569888747,38.0,2026-04-25 06:45:00,2026,НЕЙТРАЛЬ,-1.2018636513100311
1777113000000,SHORT,-7.902083333333324,0.99539348303451,7.552083333333324,True,AXS/USDT,0.077007452667097,16.400000000000002,2026-04-25 10:30:00,2026,НЕЙТРАЛЬ,0.5245890774125184
1777189500000,SHORT,-7.805319148936152,-0.2391886577793131,7.455319148936152,False,CKB/USDT,-0.1271473749930787,36.8,2026-04-26 07:45:00,2026,НЕЙТРАЛЬ,3.74111921527589
1777202100000,SHORT,0.1352227613586369,0.5540797678255595,4.414644905160997,False,COMP/USDT,-0.1935266123709223,9.6,2026-04-26 11:15:00,2026,НЕЙТРАЛЬ,3.4781390389925226
1777362300000,SHORT,6.834430803571419,-2.1313201640620045,7.184430803571419,True,APE/USDT,0.0269289305661458,20.0,2026-04-28 07:45:00,2026,НЕЙТРАЛЬ,0.4476381589042955
1777417200000,SHORT,-2.292397856664428,-0.3796330290558244,4.196450100468829,True,AXS/USDT,0.0712907090900382,85.39999999999999,2026-04-28 23:00:00,2026,НЕЙТРАЛЬ,0.6620173698874687
1777435200000,SHORT,4.961260253542127,-1.1391263003009409,5.311260253542127,False,API3/USDT,0.0692646734398065,12.4,2026-04-29 04:00:00,2026,НЕЙТРАЛЬ,-0.5270016310899905
1777446900000,SHORT,4.922255834053583,-0.6438228097126517,8.044281186977807,False,CTSI/USDT,-0.0760053484801295,,2026-04-29 07:15:00,2026,НЕЙТРАЛЬ,-1.2868946337438625
1777464000000,SHORT,3.8400419287211673,-0.2531800688891211,4.190041928721167,True,FIL/USDT,0.0953912672272759,70.6,2026-04-29 12:00:00,2026,НЕЙТРАЛЬ,-2.1977754255086746
1777533300000,SHORT,1.308163265306117,-1.877065972913132,4.521811224489772,True,APE/USDT,-0.0108284638006878,3.2,2026-04-30 07:15:00,2026,НЕЙТРАЛЬ,-0.6355360639421603
1777620600000,SHORT,3.8289004739336447,-2.105764313581237,4.178900473933645,False,EDU/USDT,-0.0803240982453279,27.4,2026-05-01 07:30:00,2026,НЕЙТРАЛЬ,-1.6409039675298276
1777651200000,SHORT,-3.4135838150289017,-1.7832524722838998,6.503526011560686,True,APE/USDT,0.0160070256004525,5.4,2026-05-01 16:00:00,2026,НЕЙТРАЛЬ,-1.8998828294149006
1777653000000,SHORT,-5.449519194077684,-0.3822446797809198,5.0995191940776845,False,DUSK/USDT,0.0640787893412746,68.2,2026-05-01 16:30:00,2026,НЕЙТРАЛЬ,-1.77561568865916
1777654800000,SHORT,-2.5831566994701,-0.3551991393869988,4.134330052990156,False,CHR/USDT,0.0444157616986416,18.0,2026-05-01 17:00:00,2026,НЕЙТРАЛЬ,-1.6487525399345282
1777769100000,SHORT,-0.3239583333333362,-0.7318171302780944,4.035130208333313,False,API3/USDT,-0.0516273256860883,13.6,2026-05-03 00:45:00,2026,НЕЙТРАЛЬ,-0.8688990479629288
1777769100000,SHORT,2.636685858222373,-0.5213865107927818,7.049226340410196,False,CYBER/USDT,0.0359923532885001,68.60000000000001,2026-05-03 00:45:00,2026,НЕЙТРАЛЬ,-0.8688990479629288
1777831200000,SHORT,1.1565913370998158,0.6503877566703042,4.077777777777769,False,BAT/USDT,-0.025741071574155,67.4,2026-05-03 18:00:00,2026,НЕЙТРАЛЬ,-1.5582829554343425
1777835700000,SHORT,-0.942885375494064,-0.9543954760404938,4.066205533596825,False,ARPA/USDT,-0.161228882608588,44.6,2026-05-03 19:15:00,2026,НЕЙТРАЛЬ,-1.5659919654046839
1777868100000,SHORT,5.229937304075239,-0.0361314063634645,6.902821316614399,False,DASH/USDT,0.0564904282663719,63.4,2026-05-04 04:15:00,2026,НЕЙТРАЛЬ,-0.08997963387800123
1777923900000,SHORT,1.438685524126455,0.2302741714939155,4.180158069883508,False,COMP/USDT,-0.1554990670225303,13.2,2026-05-04 19:45:00,2026,НЕЙТРАЛЬ,1.9280934063403588
1777959000000,SHORT,-6.66499250374812,-0.0777394547008517,6.314992503748121,False,ACE/USDT,-0.035778270431723,99.8,2026-05-05 05:30:00,2026,НЕЙТРАЛЬ,1.9786697320943847
1777989600000,SHORT,2.1801204819277165,-1.6911272366951284,4.408674698795165,True,APE/USDT,-0.0093584800521403,30.2,2026-05-05 14:00:00,2026,НЕЙТРАЛЬ,3.0676250302920205
1778018400000,SHORT,-4.7938073394495335,0.0147670488592024,5.159719036697238,True,GALA/USDT,0.0511036664191296,37.0,2026-05-05 22:00:00,2026,НЕЙТРАЛЬ,2.7885862971533837
1778021100000,SHORT,1.6637371214486407,0.3904433859190979,9.584717452388356,True,CFX/USDT,0.1296726901373174,25.2,2026-05-05 22:45:00,2026,НЕЙТРАЛЬ,2.813154587398836
1778043600000,SHORT,-2.176484018264842,-0.279087787072314,6.253881278538802,True,FIL/USDT,0.1129505090747189,75.2,2026-05-06 05:00:00,2026,НЕЙТРАЛЬ,2.4066330282626724
1778052600000,SHORT,5.0374538745387465,-0.0788436384882146,9.33070110701104,True,ARKM/USDT,0.1184228554516239,64.0,2026-05-06 07:30:00,2026,НЕЙТРАЛЬ,3.0327365994835653
1778058000000,SHORT,-1.5214391967273992,-0.1095481694388034,8.394124209743378,False,DASH/USDT,-0.0166499572029156,77.0,2026-05-06 09:00:00,2026,НЕЙТРАЛЬ,4.827752229961746
1778153400000,SHORT,-4.786082474226799,0.0153761602281693,4.436082474226799,True,DYDX/USDT,0.0760335831562645,34.2,2026-05-07 11:30:00,2026,БЫК,5.622975503656125
1778186700000,SHORT,4.351880877742943,0.0330986985799065,4.701880877742942,True,DYDX/USDT,0.0795403163913316,34.0,2026-05-07 20:45:00,2026,БЫК,5.624841106683542
1778251500000,SHORT,4.580655586334236,0.0063185326176667,4.930655586334235,True,GALA/USDT,0.1240121505498468,48.2,2026-05-08 14:45:00,2026,БЫК,5.403353029925229
1778268600000,SHORT,-2.9370406189555163,-0.7205492585417445,4.68933752417793,False,FLOW/USDT,-0.0562216580293013,43.4,2026-05-08 19:30:00,2026,БЫК,7.704754303022843
1778269500000,SHORT,-2.2486458187910072,-0.0342207101477508,4.136688538321915,True,1000BONK/USDT,-0.061978706055182,60.8,2026-05-08 19:45:00,2026,БЫК,7.909566195993023
1778304600000,SHORT,0.442910447761198,-0.591734350601636,4.5337453358208695,True,GALA/USDT,0.0651323487064819,48.0,2026-05-09 05:30:00,2026,БЫК,9.872972195714969
1778316300000,SHORT,2.906704980842908,-2.2664293808310383,4.783397190293737,False,ALICE/USDT,-0.0517075375552182,14.8,2026-05-09 08:45:00,2026,БЫК,9.521603959910241
1778317200000,SHORT,6.362424607961386,-0.5207104094636998,6.712424607961386,False,ACE/USDT,0.1334920580522172,3.0,2026-05-09 09:00:00,2026,БЫК,8.923815812227831
1778390100000,SHORT,2.208271745309831,-0.0572216733467719,4.747640704945994,False,BSV/USDT,0.1261016281780044,40.400000000000006,2026-05-10 05:15:00,2026,БЫК,8.292171971386185
1778439600000,SHORT,4.116616616616602,0.0431117640340859,4.4666166166166015,True,1000BONK/USDT,-0.0195129062540682,59.4,2026-05-10 19:00:00,2026,БЫК,10.559943843382113
1778445000000,SHORT,-5.205360065466437,0.4607599133347687,4.855360065466438,True,ENS/USDT,-0.0135764730362631,60.6,2026-05-10 20:30:00,2026,БЫК,8.501577408862504
1778445900000,SHORT,4.9914441231502,0.0251571585011819,5.3414441231502,True,APT/USDT,-0.0812719280105706,53.6,2026-05-10 20:45:00,2026,БЫК,8.068366704336638
1778544000000,SHORT,1.421396606377027,-1.5778585793143265,5.648834607495791,False,EDU/USDT,0.0325123415494647,26.4,2026-05-12 00:00:00,2026,БЫК,8.95454224107458
1778770800000,SHORT,-5.473287856274484,0.911964499466765,5.123287856274485,True,CFX/USDT,0.0983059526602517,66.2,2026-05-14 15:00:00,2026,БЫК,1.101245826916586
1778810400000,SHORT,2.6882823577071124,0.2827435796572951,4.850779825805137,False,DUSK/USDT,0.0760189899129107,54.400000000000006,2026-05-15 02:00:00,2026,БЫК,0.6660299033834249
1778916600000,LONG,-0.8964480874317033,0.4188241316023344,4.70387067395263,False,CHR/USDT,-0.0372313700054058,20.4,2026-05-16 07:30:00,2026,НЕЙТРАЛЬ,-11.24008468966316
1779010200000,SHORT,-4.500287907869467,0.4045950732555532,4.150287907869467,False,DUSK/USDT,0.0486030190454846,51.8,2026-05-17 09:30:00,2026,НЕЙТРАЛЬ,-10.879227208394365
1779031800000,SHORT,3.7453063802905713,0.5823000905607294,4.095306380290571,False,DUSK/USDT,0.0534741889861624,51.6,2026-05-17 15:30:00,2026,НЕЙТРАЛЬ,-11.686917163217213
1779035400000,SHORT,4.276666666666647,-1.7474224260445337,4.626666666666647,True,APE/USDT,0.003121823323944,14.2,2026-05-17 16:30:00,2026,НЕЙТРАЛЬ,-12.616580696448587
1779061500000,LONG,1.2280494739835084,0.2234072309049697,4.7931617856127495,False,ACH/USDT,-0.0006779705382823,70.39999999999999,2026-05-17 23:45:00,2026,НЕЙТРАЛЬ,-14.371134427191206
1779062400000,LONG,-0.1787671232876633,0.0330290361204359,5.677654109589037,False,BICO/USDT,0.059271943666965,,2026-05-18 00:00:00,2026,НЕЙТРАЛЬ,-14.53893501039903
1779063300000,LONG,0.680927835051565,-2.494166604802829,6.3879460745440015,False,ALICE/USDT,-0.0428864022699537,30.0,2026-05-18 00:15:00,2026,НЕЙТРАЛЬ,-14.264648961260262
1779063300000,LONG,1.828447276940896,-1.6592985607150224,4.551402085747399,False,EDU/USDT,-0.0175804170268986,23.8,2026-05-18 00:15:00,2026,НЕЙТРАЛЬ,-14.264648961260262
1779136200000,SHORT,4.219574319609195,-2.615454237703632,4.5695743196091945,False,ALICE/USDT,-0.0729269169491778,0.0,2026-05-18 20:30:00,2026,НЕЙТРАЛЬ,-13.902780419922378
1779204600000,SHORT,-4.913121167265786,-0.3665607345459566,4.563121167265787,False,ENJ/USDT,0.0035068195730729,19.6,2026-05-19 15:30:00,2026,НЕЙТРАЛЬ,-10.97208305499887
1779571800000,SHORT,2.0153088042049885,0.4121645578837409,4.319908015768704,True,DYDX/USDT,0.0312142913167264,37.0,2026-05-23 21:30:00,2026,НЕЙТРАЛЬ,-1.1118531228766937
1779660900000,LONG,-0.318125181106938,0.4866879816861185,4.000831643002029,True,BCH/USDT,0.0630222596269491,1.4,2026-05-24 22:15:00,2026,НЕЙТРАЛЬ,-3.899429392549525
1779702300000,SHORT,0.3063245823388961,-0.6529019660733151,4.309606205250599,False,API3/USDT,-0.0796085097575349,56.6,2026-05-25 09:45:00,2026,НЕЙТРАЛЬ,1.2912423775702009
1779798600000,SHORT,2.4242749054224384,0.0175402706644388,4.600378310214361,True,ARKM/USDT,0.0236241096584955,40.6,2026-05-26 12:30:00,2026,НЕЙТРАЛЬ,-0.541701699406355
1779799500000,SHORT,2.110317460317465,0.7056476131189248,4.200555555555543,True,FET/USDT,-0.0248764783864828,93.4,2026-05-26 12:45:00,2026,НЕЙТРАЛЬ,-0.38988305867285744
1780016400000,SHORT,-3.398780487804881,0.2391358057072727,4.493728222996507,True,ALGO/USDT,0.0293818936731992,17.4,2026-05-29 01:00:00,2026,НЕЙТРАЛЬ,-8.375706282307743
1780022700000,SHORT,-0.8916666666666648,0.4642642382533249,4.144833333333323,True,FET/USDT,-0.0188545686577203,76.4,2026-05-29 02:45:00,2026,НЕЙТРАЛЬ,-9.946542215087051
1780107300000,SHORT,3.7560267857142926,0.436502714360047,4.106026785714293,True,ALGO/USDT,0.0366804424330446,70.0,2026-05-30 02:15:00,2026,НЕЙТРАЛЬ,-3.492344490650534
1780110000000,SHORT,0.0499999999999915,-0.2791186390354795,5.114399999999986,True,AXS/USDT,0.105462127519779,81.6,2026-05-30 03:00:00,2026,НЕЙТРАЛЬ,-3.214913667649988
1780134300000,SHORT,0.0741781548250215,-0.8221402704904414,4.27087310003534,False,CTSI/USDT,0.0354927958120363,,2026-05-30 09:45:00,2026,НЕЙТРАЛЬ,-0.9685287598281078
1780169400000,SHORT,-2.0583333333333305,-0.2772094608605906,4.14483333333332,True,AR/USDT,0.0663388434609138,63.8,2026-05-30 19:30:00,2026,НЕЙТРАЛЬ,-3.807612098540697
1780275600000,SHORT,4.340490566037732,-0.7184786638851034,4.690490566037732,False,ALICE/USDT,-0.0808912615102265,22.8,2026-06-01 01:00:00,2026,НЕЙТРАЛЬ,-3.5925964028042268
1780278300000,SHORT,-6.927667140825024,-0.4130094421372195,6.5776671408250245,True,APE/USDT,0.0783711996818278,88.6,2026-06-01 01:45:00,2026,НЕЙТРАЛЬ,-3.7518993713080926
1780416000000,LONG,-2.993256801080455,0.802830292409752,5.108990931892735,True,1000BONK/USDT,0.0326063946996155,56.6,2026-06-02 16:00:00,2026,НЕЙТРАЛЬ,-7.88107614730757
1780501500000,SHORT,-2.148279906176711,-0.1782999417014993,4.96602814698984,True,AR/USDT,0.0233115265862034,64.2,2026-06-03 15:45:00,2026,НЕЙТРАЛЬ,-8.957161604799408
1780539300000,LONG,-6.111896974652498,-0.0738708019801007,5.761896974652498,True,FET/USDT,0.0146528387674021,80.4,2026-06-04 02:15:00,2026,НЕЙТРАЛЬ,-11.880174859707566
1780539300000,LONG,-1.864269073966219,-0.8116385624816815,7.384100174723359,False,CHR/USDT,0.0007860230686463,23.8,2026-06-04 02:15:00,2026,НЕЙТРАЛЬ,-11.880174859707566
1780539300000,LONG,-1.7576070679844418,-0.4521886901650556,4.30113806528902,False,ENJ/USDT,-0.0271851263792233,98.8,2026-06-04 02:15:00,2026,НЕЙТРАЛЬ,-11.880174859707566
1780539300000,LONG,-1.7394455577822323,0.5750627653208881,4.149472277889124,True,ETC/USDT,-0.0771351299006775,46.2,2026-06-04 02:15:00,2026,НЕЙТРАЛЬ,-11.880174859707566
1780539300000,LONG,-1.7226487036095617,0.7644387161969455,5.267259786476868,True,CRV/USDT,-0.0771860127631622,33.0,2026-06-04 02:15:00,2026,НЕЙТРАЛЬ,-11.880174859707566
1780539300000,LONG,-1.6256516916250645,0.0158883321820468,4.004880754298394,True,ATOM/USDT,-0.0390725416519254,62.6,2026-06-04 02:15:00,2026,НЕЙТРАЛЬ,-11.880174859707566
1780539300000,LONG,-1.5621212121212151,0.673760276033791,4.529696969696966,False,BIGTIME/USDT,-0.0150277626379471,14.4,2026-06-04 02:15:00,2026,НЕЙТРАЛЬ,-11.880174859707566
1780539300000,LONG,-1.366673444489631,-0.915775827845342,4.7193981293208696,False,CTSI/USDT,-0.061703472718353,,2026-06-04 02:15:00,2026,НЕЙТРАЛЬ,-11.880174859707566
1780539300000,LONG,-1.2012213175425497,0.0810371296997964,4.432642487046637,False,API3/USDT,-0.040070406845629,46.8,2026-06-04 02:15:00,2026,НЕЙТРАЛЬ,-11.880174859707566
1780539300000,LONG,-1.105700325732888,0.262947256854368,5.366188925081417,True,APT/USDT,-0.0414101908983382,35.0,2026-06-04 02:15:00,2026,НЕЙТРАЛЬ,-11.880174859707566
1780539300000,LONG,-1.0243737957610848,0.3458508256852906,4.526204238921001,True,ALGO/USDT,-0.0892954066036499,1.7999999999999998,2026-06-04 02:15:00,2026,НЕЙТРАЛЬ,-11.880174859707566
1780539300000,LONG,-0.9957046603031916,0.0791627313663352,4.708408197641754,True,AAVE/USDT,-0.1224527205237949,65.60000000000001,2026-06-04 02:15:00,2026,НЕЙТРАЛЬ,-11.880174859707566
1780539300000,LONG,-0.9811992786293888,-0.142675256028254,5.154643823264202,False,ALICE/USDT,-0.1202058761747475,23.200000000000003,2026-06-04 02:15:00,2026,НЕЙТРАЛЬ,-11.880174859707566
1780539300000,LONG,-0.9757822277847236,0.4365089094186454,5.104067584480587,True,1000BONK/USDT,-0.0319431782756151,47.0,2026-06-04 02:15:00,2026,НЕЙТРАЛЬ,-11.880174859707566
1780539300000,LONG,-0.9406238464377984,0.532267963156301,5.599667774086374,True,GALA/USDT,-0.0358205901340165,18.0,2026-06-04 02:15:00,2026,НЕЙТРАЛЬ,-11.880174859707566
1780539300000,LONG,-0.9092841163310812,0.5486953709658897,5.095413870246084,True,ARB/USDT,-0.0660350578099243,12.4,2026-06-04 02:15:00,2026,НЕЙТРАЛЬ,-11.880174859707566
1780539300000,LONG,-0.8266949152542393,0.7168803748273425,4.524576271186442,False,ACH/USDT,-0.0423877154370174,71.39999999999999,2026-06-04 02:15:00,2026,НЕЙТРАЛЬ,-11.880174859707566
1780539300000,LONG,-0.8227387330601897,1.0583310937431132,4.353356445004727,False,ASTR/USDT,-0.0190192640229373,63.0,2026-06-04 02:15:00,2026,НЕЙТРАЛЬ,-11.880174859707566
1780539300000,LONG,-0.7097122302158305,0.1696571340253181,4.040030832476878,True,ADA/USDT,-0.1079669197269122,51.2,2026-06-04 02:15:00,2026,НЕЙТРАЛЬ,-11.880174859707566
1780539300000,LONG,-0.5400237529691134,-0.2093903572515026,5.699429928741091,False,BICO/USDT,-0.0444609068107349,,2026-06-04 02:15:00,2026,НЕЙТРАЛЬ,-11.880174859707566
1780539300000,LONG,-0.5293262456769595,0.6177182739387519,4.1567183297041215,True,AVAX/USDT,-0.1082601922947165,41.6,2026-06-04 02:15:00,2026,НЕЙТРАЛЬ,-11.880174859707566
1780539300000,LONG,-0.4083544057576369,0.5604160756128844,4.7410231472476205,True,ENS/USDT,-0.0591419016033332,41.8,2026-06-04 02:15:00,2026,НЕЙТРАЛЬ,-11.880174859707566
1780539300000,LONG,0.0561765693185677,0.2871412313697803,4.871675058744537,True,1000PEPE/USDT,-0.075846021870442,23.0,2026-06-04 02:15:00,2026,НЕЙТРАЛЬ,-11.880174859707566
1780539300000,LONG,3.749191685912249,-0.0894462254295108,4.099191685912249,False,COMP/USDT,-0.1046655490199309,51.4,2026-06-04 02:15:00,2026,НЕЙТРАЛЬ,-11.880174859707566
1780539300000,LONG,4.148380379453961,0.3449077017954253,4.498380379453961,False,AGLD/USDT,-0.0251655813104216,12.0,2026-06-04 02:15:00,2026,НЕЙТРАЛЬ,-11.880174859707566
1780540200000,LONG,-5.009498207885308,0.2603915385212949,7.161075268817217,True,ARKM/USDT,-0.0970802597824154,60.6,2026-06-04 02:30:00,2026,НЕЙТРАЛЬ,-11.400046495421783
1780540200000,LONG,-4.63194349398769,-0.1787965960294635,6.976556848176767,False,DUSK/USDT,0.050840508022092,35.0,2026-06-04 02:30:00,2026,НЕЙТРАЛЬ,-11.400046495421783
1780540200000,LONG,-4.579195088676663,0.3059274249144882,5.849467939972718,False,DASH/USDT,-0.0499624635706737,69.8,2026-06-04 02:30:00,2026,НЕЙТРАЛЬ,-11.400046495421783
1780540200000,LONG,-3.696080305927356,0.0204109951640204,5.732982791587008,True,AXS/USDT,0.0100291263830224,60.6,2026-06-04 02:30:00,2026,НЕЙТРАЛЬ,-11.400046495421783
1780540200000,LONG,-3.1936018957346,0.2473391369125424,4.473854660347542,False,GAS/USDT,-0.0593774903505384,39.8,2026-06-04 02:30:00,2026,НЕЙТРАЛЬ,-11.400046495421783
1780540200000,LONG,-2.9791079812206456,0.2860622651458675,4.731111111111106,False,EGLD/USDT,-0.0384620104220108,44.0,2026-06-04 02:30:00,2026,НЕЙТРАЛЬ,-11.400046495421783
1780540200000,LONG,-2.9435374149659843,0.4069425139436726,6.870365646258486,True,AR/USDT,-0.0094690127877215,66.0,2026-06-04 02:30:00,2026,НЕЙТРАЛЬ,-11.400046495421783
1780540200000,LONG,-2.737332521315463,0.6987114425238076,5.958976857490859,False,CYBER/USDT,-0.034305932588145,46.400000000000006,2026-06-04 02:30:00,2026,НЕЙТРАЛЬ,-11.400046495421783
1780540200000,LONG,-2.2547619047619185,-0.0288600328658188,5.339780219780228,True,APE/USDT,0.0029250799749249,85.2,2026-06-04 02:30:00,2026,НЕЙТРАЛЬ,-11.400046495421783
1780540200000,LONG,-2.2058172733761534,-0.1703418983593745,5.637259100642406,False,ARK/USDT,-0.1132273257487706,19.6,2026-06-04 02:30:00,2026,НЕЙТРАЛЬ,-11.400046495421783
1780540200000,LONG,-2.0919485517520755,0.3388200980410998,6.5400850719060095,True,CFX/USDT,-0.1467399490221448,54.0,2026-06-04 02:30:00,2026,НЕЙТРАЛЬ,-11.400046495421783
1780540200000,LONG,-2.0513232514177706,0.6528787020309602,5.200189035916825,True,DOT/USDT,-0.0653766918631631,54.8,2026-06-04 02:30:00,2026,НЕЙТРАЛЬ,-11.400046495421783
1780540200000,LONG,-1.857808292945606,0.389451129371263,5.454119547657508,False,BLUR/USDT,-0.0531163580071612,73.4,2026-06-04 02:30:00,2026,НЕЙТРАЛЬ,-11.400046495421783
1780540200000,LONG,-1.85733835779452,0.3465567624725627,4.254779849266157,True,1000SHIB/USDT,-0.1299068655253265,,2026-06-04 02:30:00,2026,НЕЙТРАЛЬ,-11.400046495421783
1780540200000,LONG,-1.8205882352941245,0.8995675174894828,5.63155080213904,False,CELO/USDT,-0.0290769592057318,38.2,2026-06-04 02:30:00,2026,НЕЙТРАЛЬ,-11.400046495421783
1780540200000,LONG,-1.7692139737991257,0.0418098585273434,4.544868995633183,False,ARPA/USDT,-0.0670241340816566,41.0,2026-06-04 02:30:00,2026,НЕЙТРАЛЬ,-11.400046495421783
1780540200000,LONG,-1.6546629620681377,0.4816394571704946,4.732181686397678,False,ANKR/USDT,-0.0698239203034523,65.8,2026-06-04 02:30:00,2026,НЕЙТРАЛЬ,-11.400046495421783
1780540200000,LONG,-1.5673330355148467,0.1843818648682809,4.5423162832253725,True,DOGE/USDT,-0.1476944826821613,50.0,2026-06-04 02:30:00,2026,НЕЙТРАЛЬ,-11.400046495421783
1780540200000,LONG,-1.557547169811322,-0.2503574210448451,4.062264150943394,False,BSV/USDT,-0.0015945293699252,31.2,2026-06-04 02:30:00,2026,НЕЙТРАЛЬ,-11.400046495421783
1780540200000,LONG,-1.53577075098814,0.457910733549163,4.109354413702236,False,1INCH/USDT,-0.0896500365394035,33.0,2026-06-04 02:30:00,2026,НЕЙТРАЛЬ,-11.400046495421783
1780540200000,LONG,-1.3446714031971667,0.2799602692688194,5.116767317939608,False,FLOW/USDT,-0.0729433356831047,17.0,2026-06-04 02:30:00,2026,НЕЙТРАЛЬ,-11.400046495421783
1780540200000,LONG,-0.658008213552356,0.0183664898546037,5.725154004106782,False,BAT/USDT,-0.0477289249085644,59.0,2026-06-04 02:30:00,2026,НЕЙТРАЛЬ,-11.400046495421783
1780540200000,LONG,-0.262126537785577,0.3999726596650113,5.206151142354989,False,CKB/USDT,-0.0503584171741716,28.4,2026-06-04 02:30:00,2026,НЕЙТРАЛЬ,-11.400046495421783
1780540200000,LONG,0.6634030728996375,0.0937805936060601,4.0725645635828736,True,CAKE/USDT,-0.0014113225405563,52.0,2026-06-04 02:30:00,2026,НЕЙТРАЛЬ,-11.400046495421783
1780542000000,LONG,-4.926072234762982,0.613189568957732,4.576072234762982,True,FIL/USDT,0.0043986112584049,21.2,2026-06-04 03:00:00,2026,НЕЙТРАЛЬ,-10.363745740184315
1780542000000,LONG,-3.2911764705882245,-0.4817566899000441,4.30754901960783,False,ACE/USDT,-0.1058377316843974,22.6,2026-06-04 03:00:00,2026,НЕЙТРАЛЬ,-10.363745740184315
1780632000000,LONG,-0.5934570906877732,-0.7417923652594568,4.122945830797323,True,ADA/USDT,-0.079418860886678,59.4,2026-06-05 04:00:00,2026,НЕЙТРАЛЬ,-13.276900313315771
1780641900000,LONG,-3.58250296559904,0.6595947516364952,5.326393831553966,True,AAVE/USDT,-0.1316363347484546,17.2,2026-06-05 06:45:00,2026,НЕЙТРАЛЬ,-17.638825349105723
1780641900000,LONG,1.030846325167028,0.0950583937287152,4.074832962138085,True,CFX/USDT,-0.1051544898699945,61.4,2026-06-05 06:45:00,2026,НЕЙТРАЛЬ,-17.638825349105723
1780643700000,LONG,-1.347506234413966,0.3584979946103941,4.40236907730673,True,FIL/USDT,-0.0116485315430787,28.000000000000004,2026-06-05 07:15:00,2026,НЕЙТРАЛЬ,-17.292120087056713
1780644600000,LONG,-4.5667857142857216,0.1158570050463491,4.216785714285722,True,ARB/USDT,-0.0911949236851403,12.2,2026-06-05 07:30:00,2026,НЕЙТРАЛЬ,-15.703317207981005
1780644600000,LONG,-1.2892611145898611,-0.8193845372409345,4.170632435817166,False,CHR/USDT,-0.048447304630709,23.8,2026-06-05 07:30:00,2026,НЕЙТРАЛЬ,-15.703317207981005
1780644600000,LONG,-1.1284120394395296,-0.0993446713746592,4.335599377270357,False,BICO/USDT,-0.0790511724613807,,2026-06-05 07:30:00,2026,НЕЙТРАЛЬ,-15.703317207981005
1780644600000,LONG,-0.5516129032258066,0.6011306230118124,4.119153225806458,True,DOT/USDT,-0.0978061309276555,43.2,2026-06-05 07:30:00,2026,НЕЙТРАЛЬ,-15.703317207981005
1780644600000,LONG,-0.1916719442685221,0.2481902832787245,4.846168461051297,False,DASH/USDT,-0.087372384854687,4.8,2026-06-05 07:30:00,2026,НЕЙТРАЛЬ,-15.703317207981005
1780644600000,LONG,1.7287746170678324,0.9190386866843608,5.1541028446389525,True,CRV/USDT,-0.1021234772984883,1.4,2026-06-05 07:30:00,2026,НЕЙТРАЛЬ,-15.703317207981005
1780644600000,LONG,1.9639462163852328,0.398360898862265,4.103439649781121,False,EDU/USDT,0.0593586891402717,14.2,2026-06-05 07:30:00,2026,НЕЙТРАЛЬ,-15.703317207981005
1780645500000,LONG,-3.6796337402885713,-0.4882452445064836,4.172918978912328,False,ACE/USDT,-0.1029468238365845,22.6,2026-06-05 07:45:00,2026,НЕЙТРАЛЬ,-16.042236381219432
1780677900000,LONG,-4.454489337822671,0.736887760421983,4.104489337822671,False,BIGTIME/USDT,-0.0448318817355171,14.4,2026-06-05 16:45:00,2026,МЕДВЕДЬ,-19.00097504682835
1780688700000,LONG,3.676392067124332,0.2225432934134714,4.026392067124332,True,APT/USDT,-0.0899260738867406,36.2,2026-06-05 19:45:00,2026,МЕДВЕДЬ,-20.799867938947315
1780722900000,LONG,-1.013227708179797,0.1834454363083952,4.6347826086956525,True,DYDX/USDT,-0.0810185283681217,40.0,2026-06-06 05:15:00,2026,МЕДВЕДЬ,-23.238495295757478
1780722900000,LONG,0.4637432188065081,-0.1468667358790355,4.807233273056067,True,ARKM/USDT,-0.0489341439063436,18.6,2026-06-06 05:15:00,2026,МЕДВЕДЬ,-23.238495295757478
1780722900000,LONG,0.8512480499220031,0.2205405038727673,4.421762870514815,True,APT/USDT,-0.0592174743728793,52.400000000000006,2026-06-06 05:15:00,2026,МЕДВЕДЬ,-23.238495295757478
1780722900000,LONG,0.9182010333489872,0.0095614667872395,4.420995772663212,True,CFX/USDT,-0.0690885856127209,65.0,2026-06-06 05:15:00,2026,МЕДВЕДЬ,-23.238495295757478
1780722900000,LONG,3.669253910950653,0.657512854691082,4.019253910950653,False,BIGTIME/USDT,-0.0260703012846346,14.4,2026-06-06 05:15:00,2026,МЕДВЕДЬ,-23.238495295757478
1780722900000,LONG,3.684506242905788,1.0496473996516669,4.034506242905788,True,CRV/USDT,-0.022105558597778,5.0,2026-06-06 05:15:00,2026,МЕДВЕДЬ,-23.238495295757478
1780722900000,LONG,4.077707006369429,-0.1747195157504586,4.427707006369428,False,COTI/USDT,-0.0354512360034279,12.6,2026-06-06 05:15:00,2026,МЕДВЕДЬ,-23.238495295757478
1780722900000,LONG,4.079585798816568,-0.4016930404701069,4.429585798816568,True,APE/USDT,0.0333034201341266,71.39999999999999,2026-06-06 05:15:00,2026,МЕДВЕДЬ,-23.238495295757478
1780722900000,LONG,4.643437945791716,0.0596636479932381,4.993437945791715,True,FIL/USDT,-0.0204537039073994,2.6,2026-06-06 05:15:00,2026,МЕДВЕДЬ,-23.238495295757478
1780723800000,LONG,0.8695121951219423,0.1944193335092722,4.378992918961455,False,FLOW/USDT,-0.0472430807487235,15.0,2026-06-06 05:30:00,2026,МЕДВЕДЬ,-23.075506644975636
1780723800000,LONG,1.2380654475457191,0.4123738222952151,4.210274302213657,True,1000BONK/USDT,-0.0579985261794443,37.2,2026-06-06 05:30:00,2026,МЕДВЕДЬ,-23.075506644975636
1780723800000,LONG,2.7555900621117893,0.4953795376994941,4.428364389233953,False,ALICE/USDT,-0.0897007917787047,12.6,2026-06-06 05:30:00,2026,МЕДВЕДЬ,-23.075506644975636
1780723800000,LONG,3.7147135416666734,0.0675753607486601,4.0647135416666735,True,ARB/USDT,-0.0436965102952097,9.0,2026-06-06 05:30:00,2026,МЕДВЕДЬ,-23.075506644975636
1780723800000,LONG,3.794697633654693,0.4034893085704447,4.144697633654693,False,CYBER/USDT,-0.0349618579731526,45.2,2026-06-06 05:30:00,2026,МЕДВЕДЬ,-23.075506644975636
1780723800000,LONG,3.85130434782608,0.537616343863744,4.20130434782609,False,BLUR/USDT,-0.0333640413230373,18.6,2026-06-06 05:30:00,2026,МЕДВЕДЬ,-23.075506644975636
1780830000000,SHORT,4.356721742395775,0.2160455690619136,4.706721742395774,False,CTSI/USDT,-0.0949539970407303,,2026-06-07 11:00:00,2026,МЕДВЕДЬ,-19.354384281973253
1780834500000,SHORT,-5.185352151274305,0.2689449064571799,4.835352151274305,False,DASH/USDT,-0.0299844246823918,7.6,2026-06-07 12:15:00,2026,МЕДВЕДЬ,-20.248501022424016
1780910100000,LONG,0.8819538017324361,-0.8955798390551835,4.517338787295481,True,BCH/USDT,0.0839994092087027,17.2,2026-06-08 09:15:00,2026,МЕДВЕДЬ,-17.537367174497504
1780938000000,SHORT,0.1378048780487832,0.1445490736845023,4.132601626016267,True,ARKM/USDT,-0.0297076094642734,27.800000000000004,2026-06-08 17:00:00,2026,МЕДВЕДЬ,-16.71135695756636
1781273700000,SHORT,3.17526439482961,0.526947484647365,7.430611045828431,False,ENJ/USDT,0.0343448210584316,95.4,2026-06-12 14:15:00,2026,МЕДВЕДЬ,1.9107253213665243
1781277300000,SHORT,0.6237510584250533,0.0647518491895486,5.098433530906014,False,CTSI/USDT,-0.0563270403757666,,2026-06-12 15:15:00,2026,МЕДВЕДЬ,4.008686210640611
1781279100000,SHORT,0.4510986495765692,0.148125772797956,4.225680933852138,True,DOGE/USDT,0.0704739677318436,50.4,2026-06-12 15:45:00,2026,МЕДВЕДЬ,3.1658622647631307
1781541900000,SHORT,2.894516947616463,1.238209935710776,5.572249410911722,True,ENS/USDT,-0.0418725194668053,33.0,2026-06-15 16:45:00,2026,НЕЙТРАЛЬ,4.872292730009553
1781770500000,SHORT,4.384661572052397,1.000699626702046,4.734661572052397,False,ENJ/USDT,-0.0048781745940762,27.200000000000003,2026-06-18 08:15:00,2026,НЕЙТРАЛЬ,2.897216005815051
1781854200000,SHORT,-5.617151294865963,-0.1334606406572335,5.267151294865964,False,BICO/USDT,-0.0839290955110473,,2026-06-19 07:30:00,2026,НЕЙТРАЛЬ,-1.0007278354856652
1781894700000,SHORT,-10.77445556209533,0.5556967177896077,10.42445556209533,False,BICO/USDT,0.2173572328061339,,2026-06-19 18:45:00,2026,НЕЙТРАЛЬ,-0.4760845928737101
1781911800000,SHORT,0.6098603839441448,0.7010586561933319,8.877137870855142,False,ALICE/USDT,0.0171806779004767,11.0,2026-06-19 23:30:00,2026,НЕЙТРАЛЬ,0.23092736305434514
1781916300000,SHORT,-0.1864231188658607,0.2839570727594874,4.456379498364228,False,DASH/USDT,-0.0810522569355459,78.2,2026-06-20 00:45:00,2026,НЕЙТРАЛЬ,-0.4670746145199467
1781928000000,SHORT,-5.61088129496402,0.0078245216044388,5.260881294964021,True,AXS/USDT,0.0833112993460514,74.4,2026-06-20 04:00:00,2026,НЕЙТРАЛЬ,-0.8325541074941989
1781956800000,SHORT,6.464846538187001,0.6087564145057599,6.814846538187001,False,ALICE/USDT,0.1589788864585469,1.6,2026-06-20 12:00:00,2026,НЕЙТРАЛЬ,-1.2895663913763455
1781958600000,SHORT,-4.256441342150377,-0.010861180692848,5.495554739162363,False,ACE/USDT,-0.1104956853282886,16.8,2026-06-20 12:30:00,2026,НЕЙТРАЛЬ,-1.1870912917630094
1781985600000,SHORT,-1.6756006628003348,3.1286151376658924,7.114084507042233,False,BICO/USDT,0.0879667542487112,,2026-06-20 20:00:00,2026,НЕЙТРАЛЬ,-0.8463621395817245
1781987400000,SHORT,-8.623915900131399,0.7967443573350373,8.2739159001314,False,ALICE/USDT,0.162283331566871,0.8,2026-06-20 20:30:00,2026,НЕЙТРАЛЬ,-0.9890934122631811
1782006300000,SHORT,-6.64368992895945,0.2104199948604821,6.29368992895945,False,ACE/USDT,-0.0748978314733817,0.8,2026-06-21 01:45:00,2026,НЕЙТРАЛЬ,-0.3227892081082151
1782009000000,SHORT,5.031160949868055,1.6025582746397746,5.381160949868055,False,ALICE/USDT,0.144486804647884,0.2,2026-06-21 02:30:00,2026,НЕЙТРАЛЬ,-0.3595432937499421
1782027000000,SHORT,-5.343357329842903,0.0099756287244276,4.993357329842903,False,EDU/USDT,-0.0391150379621894,22.0,2026-06-21 07:30:00,2026,НЕЙТРАЛЬ,0.9979601643324676
1782144000000,SHORT,4.23515283842795,0.3113828286846795,5.9938864628820845,False,ARPA/USDT,-0.151158376936892,43.4,2026-06-22 16:00:00,2026,НЕЙТРАЛЬ,-6.742756982175862
1782243900000,SHORT,-4.456389879987024,-0.2782036821911353,4.106389879987025,False,EDU/USDT,-0.0566947431660576,22.0,2026-06-23 19:45:00,2026,НЕЙТРАЛЬ,-8.64109400533241
1782281700000,SHORT,-7.959616829451547,0.6462456174986515,7.609616829451547,False,ALICE/USDT,0.0981783315997065,6.800000000000001,2026-06-24 06:15:00,2026,НЕЙТРАЛЬ,-8.779059230274417
1782324900000,LONG,-2.454340201665942,0.1505902894687537,4.496054362121877,False,BICO/USDT,-0.0051868640064779,,2026-06-24 18:15:00,2026,НЕЙТРАЛЬ,-12.327042798431348
1782396900000,LONG,0.5042141230068384,-1.2421371830822014,4.217596810933936,True,CHZ/USDT,-0.0240831715586244,36.2,2026-06-25 14:15:00,2026,МЕДВЕДЬ,-12.073073585683996
1782396900000,LONG,0.8127906976744078,0.6885943996814294,4.462949260042301,True,CRV/USDT,-0.0251393985454003,26.4,2026-06-25 14:15:00,2026,МЕДВЕДЬ,-12.073073585683996
1782397800000,LONG,-2.206946354883089,-0.2494274263318914,5.682702888583227,False,EDU/USDT,-0.0368158154197439,22.4,2026-06-25 14:30:00,2026,МЕДВЕДЬ,-11.320629599530452
1782397800000,LONG,-1.822794217919012,0.0634051571959253,4.283649256784394,True,ARB/USDT,0.021473467026727,31.2,2026-06-25 14:30:00,2026,МЕДВЕДЬ,-11.320629599530452
1782397800000,LONG,-1.312695547533087,-0.553118397953795,4.319193742478928,True,FET/USDT,0.0028436741680412,93.4,2026-06-25 14:30:00,2026,МЕДВЕДЬ,-11.320629599530452
1782397800000,LONG,-1.226494023904375,0.5850250207835433,4.311832669322704,False,EGLD/USDT,0.0151643741687262,2.0,2026-06-25 14:30:00,2026,МЕДВЕДЬ,-11.320629599530452
1782397800000,LONG,-1.137037037037037,0.0637197760409309,4.592638888888896,False,CTSI/USDT,0.0277725910348341,,2026-06-25 14:30:00,2026,МЕДВЕДЬ,-11.320629599530452
1782397800000,LONG,-1.136275911365266,0.2831503767116949,4.219585418155826,False,BLUR/USDT,-0.0529765832727738,55.2,2026-06-25 14:30:00,2026,МЕДВЕДЬ,-11.320629599530452
1782397800000,LONG,-0.5683406113537119,-0.0573536787400883,4.17480349344979,False,API3/USDT,-0.0479309524360928,42.4,2026-06-25 14:30:00,2026,МЕДВЕДЬ,-11.320629599530452
1782397800000,LONG,-0.2478549540347292,0.1862582908561763,4.068028600612873,False,GAS/USDT,-0.0407607981921572,26.0,2026-06-25 14:30:00,2026,МЕДВЕДЬ,-11.320629599530452
1782397800000,LONG,-0.1295414462081218,0.9441099838093652,4.256349206349212,True,GALA/USDT,0.0295227844460664,56.39999999999999,2026-06-25 14:30:00,2026,МЕДВЕДЬ,-11.320629599530452
1782397800000,LONG,0.2047850208044388,-0.2719363244991064,5.278085991678218,True,FIL/USDT,0.0113273665784479,74.2,2026-06-25 14:30:00,2026,МЕДВЕДЬ,-11.320629599530452
1782397800000,LONG,0.3040447504302899,0.5283422145146507,4.143855421686746,False,ENJ/USDT,-0.0149889005946531,66.2,2026-06-25 14:30:00,2026,МЕДВЕДЬ,-11.320629599530452
1782397800000,LONG,0.3319288845591931,1.0786122207017526,4.112201656113005,True,ENS/USDT,0.0231466532527072,87.4,2026-06-25 14:30:00,2026,МЕДВЕДЬ,-11.320629599530452
1782397800000,LONG,0.6086342744583171,0.1227297586204486,4.816940249507542,False,DUSK/USDT,-0.011557236919111,24.0,2026-06-25 14:30:00,2026,МЕДВЕДЬ,-11.320629599530452
1782397800000,LONG,1.1098540145985485,0.3804278094993857,4.059975669099742,False,BAT/USDT,0.0014915138556709,31.6,2026-06-25 14:30:00,2026,МЕДВЕДЬ,-11.320629599530452
1782398700000,LONG,-0.7596346059315093,0.0899629106831179,4.220694740291656,False,CELO/USDT,-0.0099994645076785,48.4,2026-06-25 14:45:00,2026,МЕДВЕДЬ,-11.71505849382476
1782465300000,SHORT,0.1157351962741041,0.4413887945768558,4.17052561543578,True,APE/USDT,-0.0557536092598185,56.8,2026-06-26 09:15:00,2026,МЕДВЕДЬ,-7.5427480101033115
1782470700000,SHORT,-6.739904901243594,0.5613129346827177,6.389904901243594,False,AGLD/USDT,0.1694167404409605,5.0,2026-06-26 10:45:00,2026,МЕДВЕДЬ,-8.565268665539055
1782492300000,SHORT,-9.772569778633295,1.351849093819891,9.422569778633296,False,AGLD/USDT,0.1085864232441551,0.8,2026-06-26 16:45:00,2026,МЕДВЕДЬ,-6.747376779563225
1782545400000,SHORT,-3.349999999999996,0.4715868195927701,11.165833333333335,False,BSV/USDT,-0.0034306363913424,16.6,2026-06-27 07:30:00,2026,МЕДВЕДЬ,-7.162814601668161
1782623700000,SHORT,-4.439334670678695,-0.2203705672426401,4.089334670678695,False,EDU/USDT,-0.0463234854293888,20.4,2026-06-28 05:15:00,2026,МЕДВЕДЬ,-10.223718437717144
1782650700000,SHORT,-2.5096244131455525,0.1778842951933958,11.695586854460087,False,GAS/USDT,-0.0453450309241648,6.2,2026-06-28 12:45:00,2026,МЕДВЕДЬ,-9.389551674407581
1782726300000,SHORT,-4.941759112519779,0.3517466088308019,4.591759112519779,False,ALICE/USDT,-0.1088851160618885,24.0,2026-06-29 09:45:00,2026,МЕДВЕДЬ,-8.380818855641403
1782788400000,SHORT,5.522193436960263,0.0967156585768884,10.087478411053526,False,GAS/USDT,-0.0609399874847503,0.8,2026-06-30 03:00:00,2026,МЕДВЕДЬ,-6.802294385141355
1782878400000,SHORT,-4.581878698224843,0.2193382199875804,4.231878698224843,False,BSV/USDT,-0.1460585993071373,28.4,2026-07-01 04:00:00,2026,МЕДВЕДЬ,-5.223373025035455
1782882900000,SHORT,5.844900605012959,0.1252958071124116,6.194900605012959,True,DYDX/USDT,0.1083298192363764,32.4,2026-07-01 05:15:00,2026,МЕДВЕДЬ,-5.791923604297278
1782897300000,SHORT,-5.522936338714566,0.3511347091556888,5.172936338714567,False,CELO/USDT,-0.097324950290549,2.4,2026-07-01 09:15:00,2026,МЕДВЕДЬ,-6.113996395365046
1782925200000,SHORT,-4.585047951176984,-0.1799816403725856,4.235047951176984,False,CTSI/USDT,-0.0003060068824726,,2026-07-01 17:00:00,2026,МЕДВЕДЬ,1.350732600732607
1783017900000,SHORT,4.845744680851059,-0.0036365755140614,5.195744680851059,False,BICO/USDT,0.0744981000651814,,2026-07-02 18:45:00,2026,МЕДВЕДЬ,3.3420256546251026
1783070100000,SHORT,-10.634200913242006,0.7563238882890437,10.284200913242008,False,ARPA/USDT,0.5290059043663912,44.0,2026-07-03 09:15:00,2026,НЕЙТРАЛЬ,4.018748268913019
1783175400000,SHORT,1.4759281801582569,-0.0826385874811339,5.855264759586128,False,BICO/USDT,0.0144874131317625,,2026-07-04 14:30:00,2026,НЕЙТРАЛЬ,3.7464961300127664
1783287000000,SHORT,-6.533118741058624,0.3264101613298946,6.183118741058625,False,ALICE/USDT,0.0945039238281612,30.0,2026-07-05 21:30:00,2026,НЕЙТРАЛЬ,6.020795770356657
1783297800000,SHORT,0.6645846544070938,-0.2577394666222583,4.084305643627145,False,EDU/USDT,-0.0323758141130065,23.8,2026-07-06 00:30:00,2026,НЕЙТРАЛЬ,6.160499443176837
1783358100000,SHORT,-7.906590683845369,0.0846699897458315,7.55659068384537,False,BLUR/USDT,0.2150295194946736,72.39999999999999,2026-07-06 17:15:00,2026,НЕЙТРАЛЬ,3.563375352170084
1783426500000,SHORT,3.751049868766408,0.4471537239920709,4.347539370078743,False,ENJ/USDT,0.0018759246449225,80.4,2026-07-07 12:15:00,2026,НЕЙТРАЛЬ,7.026840450997495
1783428300000,SHORT,-8.639089692101724,-0.00707744039845,8.289089692101724,False,AGLD/USDT,-0.1715247211572932,5.0,2026-07-07 12:45:00,2026,НЕЙТРАЛЬ,7.073796553603162
1783472400000,SHORT,4.466529379461818,0.023137219302872,4.816529379461818,False,AGLD/USDT,-0.131027130455495,5.0,2026-07-08 01:00:00,2026,НЕЙТРАЛЬ,5.95895106513411
1783494900000,SHORT,-0.771052631578941,0.388537593510475,7.298375939849599,False,AUCTION/USDT,-0.2870864060117559,24.2,2026-07-08 07:15:00,2026,НЕЙТРАЛЬ,3.264913947840775
1783541700000,SHORT,-0.91753688989784,-0.6031414850041594,5.65085130533484,False,ARPA/USDT,-0.0291998957121794,44.0,2026-07-08 20:15:00,2026,НЕЙТРАЛЬ,0.3251371672424286
1783704600000,SHORT,-2.042637390577892,0.0167873009815524,4.966895499618601,True,1000PEPE/USDT,0.0174759973782041,11.8,2026-07-10 17:30:00,2026,НЕЙТРАЛЬ,-2.26795472658875
1783774800000,SHORT,-0.4331600831600942,-0.400285247446478,4.2202494802494686,False,CTSI/USDT,-0.0605033624252455,,2026-07-11 13:00:00,2026,НЕЙТРАЛЬ,-1.1689334086711078
1783775700000,SHORT,2.3644686299615927,-0.0903386398660787,6.695569782330326,False,ANKR/USDT,-0.0963742773459838,51.2,2026-07-11 13:15:00,2026,НЕЙТРАЛЬ,-1.0776050664595915
1783779300000,SHORT,-4.5126444159178405,0.2803926979332825,4.162644415917841,False,CHR/USDT,0.0610243360175731,28.4,2026-07-11 14:15:00,2026,НЕЙТРАЛЬ,-0.9380378338278983
1783872900000,SHORT,-1.8893073117097288,-0.1478164822407279,6.916822429906527,False,AGLD/USDT,-0.1487096259091303,5.0,2026-07-12 16:15:00,2026,НЕЙТРАЛЬ,-0.8052973821303211
1783916100000,LONG,0.5032423208191134,-0.2418872728502726,4.638481228668934,False,ALICE/USDT,-0.1860921029583421,30.0,2026-07-13 04:15:00,2026,НЕЙТРАЛЬ,-3.7131210430352724
1784317500000,SHORT,1.2862786348761044,-0.1074570882996246,4.145067788686287,True,GALA/USDT,-0.1119277910511769,57.4,2026-07-17 19:45:00,2026,НЕЙТРАЛЬ,-2.145472638530499
1784371500000,SHORT,-2.1509478672985907,-0.6545188318297234,4.292985781990518,False,GAS/USDT,-0.2068002577859444,1.6,2026-07-18 10:45:00,2026,НЕЙТРАЛЬ,-3.116129411927615
1784414700000,LONG,-4.819667288557221,-0.5921377713400132,4.469667288557221,False,ACE/USDT,-0.3223484561696401,13.0,2026-07-18 22:45:00,2026,НЕЙТРАЛЬ,-2.9017844221688183
1784486700000,SHORT,-4.532957357007712,-0.3968680883366492,4.182957357007712,False,ACE/USDT,-0.2730086572238811,13.0,2026-07-19 18:45:00,2026,НЕЙТРАЛЬ,-3.6827450199540754
1784514600000,SHORT,-11.009280875455952,0.4655910182680987,10.659280875455952,False,ACE/USDT,-0.0084248137998521,13.0,2026-07-20 02:30:00,2026,НЕЙТРАЛЬ,-1.6177973784678945
1784538000000,SHORT,-5.877695452222778,1.4547890820030718,5.527695452222779,False,ACE/USDT,0.1258943432322131,13.0,2026-07-20 09:00:00,2026,НЕЙТРАЛЬ,-3.007003290357307
1784548800000,SHORT,-2.022809753331444,-1.413747828690617,4.73629146583497,False,ANKR/USDT,-0.1519388538042271,51.2,2026-07-20 12:00:00,2026,НЕЙТРАЛЬ,-1.118586491685536
1784709900000,SHORT,-0.0276792908944419,-0.4623731099305472,5.2301369863013685,False,ALICE/USDT,0.013163499239204,30.0,2026-07-22 08:45:00,2026,НЕЙТРАЛЬ,-1.300956989515506
1784731500000,SHORT,4.058212560386462,-1.358805425485434,5.56938405797101,False,BLUR/USDT,-0.0603095277158376,72.39999999999999,2026-07-22 14:45:00,2026,НЕЙТРАЛЬ,-1.4007369813460124
1784815200000,LONG,4.28141970519783,-0.0436529576873974,4.63141970519783,False,CHR/USDT,0.1721936390804783,28.4,2026-07-23 14:00:00,2026,НЕЙТРАЛЬ,-2.0579625993367268
1784916000000,SHORT,-2.6431303669008632,-0.1261985693690624,7.092369242779063,False,ACE/USDT,0.0882071566431912,13.0,2026-07-24 18:00:00,2026,НЕЙТРАЛЬ,-3.471372966350461
1784984400000,SHORT,-1.3479454065159966,-0.1918082896247873,4.7747872028177065,False,EDU/USDT,0.0334692588194527,23.8,2026-07-25 13:00:00,2026,НЕЙТРАЛЬ,-2.3034408704028286
1784998800000,SHORT,0.9701320132013166,-0.1295780457591691,6.03773377337733,False,CKB/USDT,-0.2305380381488252,30.6,2026-07-25 17:00:00,2026,НЕЙТРАЛЬ,-1.6930899260960863
1785004200000,SHORT,-5.356700819672129,0.207911111772911,5.00670081967213,True,1000SHIB/USDT,0.2913201236110687,,2026-07-25 18:30:00,2026,НЕЙТРАЛЬ,-1.1960716787991765
1785194100000,SHORT,-11.868405450845044,1.8823401751342173,11.518405450845044,False,COTI/USDT,0.0378985694521343,18.4,2026-07-27 23:15:00,2026,НЕЙТРАЛЬ,-4.654196493144647
1785321000000,SHORT,-5.896206326235267,0.9233253787580148,5.546206326235267,False,COTI/USDT,-0.0076762395776369,18.4,2026-07-29 10:30:00,2026,НЕЙТРАЛЬ,-7.557908430021021
1785343500000,SHORT,-0.1766276080588403,1.8924825664847085,10.81749865486938,False,COTI/USDT,-0.0043450911563605,18.4,2026-07-29 16:45:00,2026,НЕЙТРАЛЬ,-9.795872962901164
1785372300000,SHORT,-9.7451573985747,1.8609890437727363,9.3951573985747,False,COTI/USDT,-0.0048792726806778,18.4,2026-07-30 00:45:00,2026,НЕЙТРАЛЬ,-9.23347320005649
1785395700000,SHORT,-3.2965930018416283,-0.902415526500336,4.40989871086556,False,CTSI/USDT,-0.0881741827385422,,2026-07-30 07:15:00,2026,НЕЙТРАЛЬ,-7.364958050798764
