ts,side,net,rr,stop_pct,liquid,symbol
1644307200000,SHORT,-10.365858332232051,-1.4616189539832296,10.015858332232051,True,DYDX/USDT
1644307200000,SHORT,-7.047160148975789,-0.437348965067152,6.697160148975789,True,XRP/USDT
1644307200000,SHORT,-5.862450943157356,-1.0749669034617417,5.512450943157356,True,ETC/USDT
1644307200000,SHORT,5.441522430236661,-0.767538491210099,5.791522430236661,False,DASH/USDT
1644307200000,SHORT,5.966178170409505,-0.17504823264149483,6.316178170409505,True,XLM/USDT
1644307200000,SHORT,6.237082712575182,-1.1647531173052905,6.587082712575182,True,AAVE/USDT
1644307200000,SHORT,6.9519879796578525,0.06487306437248484,7.301987979657852,True,VET/USDT
1644307200000,SHORT,8.416760669298737,0.850704452376551,8.766760669298737,True,DOGE/USDT
1644321600000,SHORT,-11.448808962264138,-1.2787665352107849,11.098808962264139,False,ARPA/USDT
1644321600000,SHORT,-7.750352455942985,0.04491733497434844,7.400352455942985,True,LTC/USDT
1644321600000,SHORT,11.465073904179395,-2.683599590868581,11.815073904179394,True,FIL/USDT
1644350400000,SHORT,-4.579015484169149,-1.274526340217438,4.22901548416915,False,ARPA/USDT
1644523200000,SHORT,-8.4805999476028,-1.5396642193702592,8.1305999476028,True,ETC/USDT
1644566400000,SHORT,9.30698913815856,-1.186337900983095,9.65698913815856,False,ARPA/USDT
1645516800000,LONG,-9.713636363636365,-1.2914997860550503,9.363636363636365,False,ZEN/USDT
1645516800000,LONG,-8.570036607687623,-0.9584258219656965,8.220036607687623,False,RLC/USDT
1645516800000,LONG,9.244778141055583,-1.3604131476106793,9.594778141055583,True,HBAR/USDT
1645531200000,LONG,-9.396183040555204,-2.3532267758150462,9.046183040555205,False,DASH/USDT
1645531200000,LONG,-8.92132516703785,-0.39886149546020716,8.57132516703785,False,RVN/USDT
1645531200000,LONG,-8.055036429228261,-2.492975554383066,7.705036429228261,False,1INCH/USDT
1645531200000,LONG,-7.276488127507332,-0.7256445177098634,6.926488127507333,True,XLM/USDT
1645531200000,LONG,7.265656738559844,-0.3138678066397752,7.615656738559844,True,ADA/USDT
1645531200000,LONG,7.994287671232875,-0.24505123288028663,8.344287671232875,True,AVAX/USDT
1645560000000,LONG,-6.293396226415081,-0.8146933474518435,5.943396226415081,True,SUSHI/USDT
1645704000000,LONG,9.634465029319275,-0.32363027555691953,9.984465029319274,True,DOGE/USDT
1645718400000,LONG,8.086537615486154,-1.1538375696107026,8.436537615486154,True,FIL/USDT
1645718400000,LONG,10.198339451891053,1.1104079939659401,10.548339451891053,False,KSM/USDT
1645718400000,LONG,11.12171411265901,0.7564638579418267,11.471714112658999,True,ICP/USDT
1645718400000,LONG,11.151886032078664,-1.1182201105744742,11.501886032078664,False,RSR/USDT
1646193600000,SHORT,-7.889196292318973,,7.539196292318973,False,WAVES/USDT
1646208000000,SHORT,-11.028432101058886,0.6710965277064245,10.678432101058887,True,RUNE/USDT
1646236800000,SHORT,-11.275712157884925,1.3651278215465599,10.925712157884925,True,RUNE/USDT
1646913600000,SHORT,7.635623436196832,,7.985623436196832,False,WAVES/USDT
1647374400000,SHORT,8.214317658219278,4.595274857749804,8.564317658219277,True,RUNE/USDT
1647403200000,SHORT,-0.05208778800183467,2.7244245057927805,10.534103740720262,True,GRT/USDT
1647432000000,SHORT,4.2079973637561725,2.8604330723200246,4.557997363756172,True,GRT/USDT
1647475200000,SHORT,4.482066683010544,2.8454136932692915,11.881588624662903,True,GRT/USDT
1647590400000,SHORT,-7.304623380129584,1.9816296919109606,6.9546233801295845,True,AAVE/USDT
1647720000000,SHORT,-4.435188770571157,2.645595507751913,9.349332042594382,True,SNX/USDT
1647763200000,SHORT,-8.241831797235015,1.2094150808700153,7.891831797235016,False,LPT/USDT
1647763200000,SHORT,-5.8076733003873295,1.2372315399656382,5.45767330038733,False,IOTA/USDT
1647777600000,SHORT,-8.626231074525942,1.3696062121700385,8.276231074525942,False,QTUM/USDT
1647792000000,SHORT,-7.12806373646047,2.3671410837263567,6.778063736460471,True,NEO/USDT
1647806400000,SHORT,4.069155657667987,1.8372240334537848,4.419155657667987,False,QTUM/USDT
1647835200000,SHORT,-4.429334707094492,1.8271857992717075,4.0793347070944925,False,QTUM/USDT
1647993600000,SHORT,-1.8476441552613796,0.8957104255080666,8.95275970383665,True,BCH/USDT
1648022400000,SHORT,0.27430632630410656,0.8765704383076285,6.923584905660367,True,BCH/USDT
1648051200000,SHORT,-6.00255418937761,2.2272246418163797,5.652554189377611,False,QTUM/USDT
1648080000000,SHORT,-10.717187500000005,2.221054220738478,10.367187500000005,False,QTUM/USDT
1648152000000,SHORT,-5.848637891385084,3.0740710421401785,5.498637891385084,True,ADA/USDT
1648180800000,SHORT,4.813780638335366,3.0632335978753344,5.163780638335366,True,ADA/USDT
1648209600000,SHORT,-8.773188405797097,3.325338665483954,8.423188405797097,False,ARPA/USDT
1648209600000,SHORT,-8.399373093866467,0.3244167065181254,8.049373093866468,False,RSR/USDT
1648209600000,SHORT,-6.714142194744959,3.0730956818121653,6.364142194744959,True,ADA/USDT
1648209600000,SHORT,-5.2709214200239245,2.4868591701232328,4.920921420023925,True,SOL/USDT
1648224000000,SHORT,-6.749669211195914,1.9690823766180579,6.399669211195914,False,ANKR/USDT
1648224000000,SHORT,-3.9320525532969723,2.6112080324875517,10.543827466534434,False,QTUM/USDT
1648238400000,SHORT,-7.524037812288992,2.4409500793890664,7.174037812288993,True,ALGO/USDT
1648252800000,SHORT,-11.21323024054982,0.5763811121485799,10.86323024054982,True,MASK/USDT
1648252800000,SHORT,6.503281295171998,2.789569402837254,6.853281295171998,True,AXS/USDT
1648368000000,SHORT,-6.686218404639441,5.7183963984599515,6.336218404639442,False,MTL/USDT
1648382400000,SHORT,-8.772800784121525,0.2949615648726444,8.422800784121526,False,SKL/USDT
1648396800000,SHORT,-9.947393364928903,,9.597393364928903,False,ZRX/USDT
1648425600000,SHORT,5.528225154861293,,5.878225154861292,False,ZRX/USDT
1648468800000,SHORT,-11.279434882775437,1.8995209752184112,10.929434882775437,True,VET/USDT
1648468800000,SHORT,-9.563771016813428,3.5832853170302816,9.213771016813428,False,COTI/USDT
1648468800000,SHORT,-8.486218006085556,4.1197930811405366,8.136218006085556,False,KAVA/USDT
1648468800000,SHORT,-7.061872146118717,2.8082887836695236,6.711872146118718,True,ICP/USDT
1648468800000,SHORT,-6.590621414070069,1.3224080291710822,6.24062141407007,False,YFI/USDT
1648468800000,SHORT,4.331971519424839,,4.681971519424839,False,ZRX/USDT
1648483200000,SHORT,-6.2967143664093435,1.926844081669228,5.946714366409344,False,CHR/USDT
1648483200000,SHORT,6.371464646464632,2.426825215127221,6.721464646464631,False,EGLD/USDT
1648483200000,SHORT,7.062878305653574,2.114765493028451,7.412878305653574,False,IOST/USDT
1648497600000,SHORT,-12.026814011676395,2.8060359692359578,11.676814011676395,False,TLM/USDT
1648497600000,SHORT,-11.586272806255419,3.785023231014662,11.23627280625542,True,TRB/USDT
1648497600000,SHORT,-10.375713586690567,3.0538920408447208,10.025713586690568,True,COMP/USDT
1648497600000,SHORT,-10.271723202170941,1.6594943430465368,9.921723202170941,False,ALICE/USDT
1648497600000,SHORT,-10.109193292894922,2.7431242533722657,9.759193292894922,True,CHZ/USDT
1648497600000,SHORT,-9.809131736526927,0.5759652765907943,9.459131736526928,True,MASK/USDT
1648497600000,SHORT,-9.427147458840356,1.871944281851336,9.077147458840356,True,DYDX/USDT
1648497600000,SHORT,-9.266625463535203,0.3044135013143411,8.916625463535203,True,CELO/USDT
1648497600000,SHORT,-9.130740536059664,3.5530203703014616,8.780740536059664,True,THETA/USDT
1648497600000,SHORT,-9.100914076782448,1.5438044715739914,8.750914076782449,True,AR/USDT
1648497600000,SHORT,-9.062066968037973,4.099547335486739,8.712066968037973,False,KAVA/USDT
1648497600000,SHORT,-8.818382309984216,3.0814602392070753,8.468382309984216,False,ENJ/USDT
1648497600000,SHORT,-8.61522744795681,-0.3034686038959576,8.26522744795681,False,KSM/USDT
1648497600000,SHORT,-8.480889624824187,0.6193980157848059,8.130889624824187,False,RLC/USDT
1648497600000,SHORT,-8.400411425328658,2.3085157370141434,8.050411425328658,True,SOL/USDT
1648497600000,SHORT,-8.351665050113139,4.092133393435163,8.00166505011314,False,ONT/USDT
1648497600000,SHORT,-8.228743201330499,1.3129174885669688,7.878743201330499,False,YFI/USDT
1648497600000,SHORT,-8.084042663085581,5.6676862912789865,7.734042663085582,False,MTL/USDT
1648497600000,SHORT,-7.706857844798378,2.591943227583658,7.356857844798379,True,HBAR/USDT
1648497600000,SHORT,-7.239773759229259,3.5005552808932268,6.889773759229259,True,NEO/USDT
1648497600000,SHORT,-6.900366568914947,1.2181500739168336,6.5503665689149475,True,FLOW/USDT
1648497600000,SHORT,-6.749167630057796,2.49518231981707,6.399167630057796,False,STORJ/USDT
1648497600000,SHORT,-6.721555426581516,1.8295649603983908,6.371555426581517,False,1INCH/USDT
1648497600000,SHORT,-6.3258914728681965,5.338555073748367,5.975891472868197,True,CRV/USDT
1648497600000,SHORT,-5.964428139352511,0.3828417072974612,5.614428139352511,True,MANA/USDT
1648497600000,SHORT,-4.7844373734451855,1.8451231181652121,4.434437373445186,True,TRX/USDT
1648497600000,SHORT,-4.751106576675547,3.081779924841224,4.401106576675548,True,LTC/USDT
1648497600000,SHORT,-3.6483312273975086,1.680272569812578,5.378149100257062,True,XLM/USDT
1648497600000,SHORT,-0.7552454239140272,2.2907624648744664,6.511091885984868,True,DOT/USDT
1648497600000,SHORT,-0.03359842654352346,1.553844328140847,6.7756712844193405,True,ADA/USDT
1648497600000,SHORT,0.09106463878326782,0.35480281503858146,11.325372623574127,True,GALA/USDT
1648497600000,SHORT,0.380234517623919,2.1491758557350598,8.370762533352046,True,DOGE/USDT
1648497600000,SHORT,5.568657407407394,-0.19127122876356087,5.918657407407394,True,XRP/USDT
1648497600000,SHORT,7.9132400183570315,2.8090306147457578,8.263240018357031,True,ICP/USDT
1648512000000,SHORT,-7.9176800239907,3.5486292770572425,7.5676800239907,False,COTI/USDT
1648512000000,SHORT,-7.496872028902811,1.9314128521298606,7.146872028902811,False,CHR/USDT
1648526400000,SHORT,-6.606918902622827,-0.804252121387441,6.256918902622828,True,CELO/USDT
1648526400000,SHORT,-6.392569358543906,0.5513862196608892,6.042569358543906,True,MASK/USDT
1648526400000,SHORT,-5.277371320364933,0.4143167256438015,4.927371320364934,True,DYDX/USDT
1648526400000,SHORT,-4.437883556254902,3.3552890028669538,4.087883556254902,True,THETA/USDT
1648526400000,SHORT,4.922886230300232,-0.18906804752943696,5.272886230300232,True,XRP/USDT
1648526400000,SHORT,6.782425068119878,2.301256571709675,7.132425068119877,True,ICP/USDT
1648555200000,SHORT,-8.888464410427575,2.8278282542173936,8.538464410427576,False,KAVA/USDT
1648555200000,SHORT,-5.807510148849764,2.299517119267821,5.457510148849765,True,ICP/USDT
1648555200000,SHORT,8.970618854829365,2.6796365613750126,9.320618854829364,False,KNC/USDT
1648569600000,SHORT,-8.905668502047149,0.27310218871826236,8.55566850204715,True,FLOW/USDT
1648569600000,SHORT,-8.527503489824392,2.6035429671943726,8.177503489824392,True,NEO/USDT
1648569600000,SHORT,-1.692673671920602,-0.8076754031700942,11.278546409807344,True,CELO/USDT
1648569600000,SHORT,4.506618197784018,-0.039105454094397515,4.856618197784018,True,AR/USDT
1648584000000,SHORT,-9.259695897565479,3.171516792779869,8.909695897565479,True,RUNE/USDT
1648598400000,SHORT,-6.910810566310822,3.5536024440281464,6.560810566310822,True,NEO/USDT
1648641600000,SHORT,0.7906844106463894,-1.7169157290782537,11.59578127829078,False,DUSK/USDT
1648641600000,SHORT,8.152378001043825,2.360341124000377,8.502378001043825,True,CHZ/USDT
1648641600000,SHORT,8.441788541526897,1.2264155685785494,8.791788541526897,True,AAVE/USDT
1648670400000,SHORT,8.48559731543624,0.5696996002427758,8.835597315436239,True,AAVE/USDT
1648670400000,SHORT,9.797986621630546,2.3438946100054845,10.147986621630546,True,CHZ/USDT
1648684800000,SHORT,-9.132883608538044,-1.700153468141189,8.782883608538045,False,DUSK/USDT
1648699200000,SHORT,3.879998214923226,0.5674401704854661,4.229998214923226,True,AAVE/USDT
1648713600000,SHORT,5.202049854981579,-1.694108406669629,5.552049854981578,False,DUSK/USDT
1648728000000,SHORT,-11.824684756584196,3.3350452998514957,11.474684756584196,True,DYDX/USDT
1648728000000,SHORT,-10.740444649546637,3.0099439420639142,10.390444649546637,False,RSR/USDT
1648728000000,SHORT,-8.638204421701749,4.87750639417211,8.28820442170175,True,COMP/USDT
1648728000000,SHORT,-8.29422953759445,,7.944229537594451,False,ZRX/USDT
1648728000000,SHORT,6.510553772070617,2.0056192706918976,6.860553772070617,True,TRX/USDT
1648728000000,SHORT,9.551330135194059,5.1493346674966185,9.901330135194058,True,SUSHI/USDT
1648742400000,SHORT,-9.096315789473671,4.310094577363778,8.746315789473671,True,TRB/USDT
1648886400000,SHORT,7.024877916440581,2.6077109168817945,7.374877916440581,True,SNX/USDT
1649030400000,SHORT,9.577318874019364,2.5987102116619516,9.927318874019363,False,ZRX/USDT
1649160000000,SHORT,11.641673783091365,,11.991673783091365,True,CELO/USDT
1649188800000,SHORT,7.592088091353987,0.41309380009591434,7.942088091353987,False,COTI/USDT
1649217600000,LONG,11.090364092906466,-1.317884244045272,11.440364092906465,False,KNC/USDT
1649217600000,SHORT,11.649066874027968,0.9603521369643636,11.999066874027967,True,DOGE/USDT
1649304000000,LONG,-6.736641399416912,0.8393389705807616,6.386641399416912,False,EGLD/USDT
1649304000000,LONG,-5.70139106118773,1.616575368600882,5.35139106118773,True,XLM/USDT
1649318400000,LONG,-11.947009324009317,2.3879554672134446,11.597009324009317,True,ETC/USDT
1649318400000,LONG,-7.403788221737527,-0.5494215375699745,8.415831927239815,True,CHZ/USDT
1649318400000,LONG,-6.739243391066558,-0.8032611874470869,6.389243391066558,True,HBAR/USDT
1649318400000,LONG,-6.670657584490424,-0.6493251343675623,6.320657584490425,False,IOTA/USDT
1649332800000,LONG,-5.295927935646618,1.591262566853493,4.945927935646618,True,XLM/USDT
1649347200000,LONG,-4.662551302454134,-0.5499103564060762,4.312551302454135,True,CHZ/USDT
1649736000000,LONG,1.7789143126732405,-0.1865688923427447,8.61960252403138,True,AAVE/USDT
1649736000000,LONG,3.890585619887489,1.6461341789115027,4.240585619887489,True,BNB/USDT
1649736000000,LONG,7.810165975103731,0.9816548941652588,8.16016597510373,False,ANKR/USDT
1649750400000,LONG,-2.2288302333082455,-0.5211376437343195,8.572602408343192,True,GRT/USDT
1649750400000,LONG,-1.8620132560066338,0.771360169147797,5.514219138359563,True,ADA/USDT
1649750400000,LONG,-1.4871897393291098,-1.9148342783687813,5.8394641188077605,False,YFI/USDT
1649750400000,LONG,-1.3163843715903774,0.10174892639792021,6.925255884033871,True,FIL/USDT
1649750400000,LONG,-1.0558823529411705,0.5762478806319867,6.583284890426759,True,MANA/USDT
1649750400000,LONG,-0.7759903050482211,-2.1630224026730227,7.734906722812518,True,GALA/USDT
1649750400000,LONG,-0.41527415143602864,,7.67012075718015,True,VET/USDT
1649750400000,LONG,0.11315215910639831,0.9019902763882575,7.593134450347355,True,ALGO/USDT
1649750400000,LONG,3.0838191255739655,0.3625648986908168,6.2513475743661475,False,ONT/USDT
1649750400000,LONG,3.091363180755106,-3.0974552982111976,4.030838623454721,True,TRX/USDT
1649750400000,LONG,7.471258473839743,-1.2196188689652956,7.821258473839743,True,FLOW/USDT
1649750400000,LONG,9.22424424725523,0.2487617310392225,9.57424424725523,False,RSR/USDT
1649750400000,LONG,9.54983680130559,0.2357520781516416,9.89983680130559,True,SNX/USDT
1650297600000,LONG,-4.015314043754416,-0.22091347799733815,7.371171489061405,False,ROSE/USDT
1650297600000,LONG,-0.24078200087375018,-0.8704446951492575,7.443206640454345,True,AXS/USDT
1650297600000,LONG,6.311067708333338,0.4975348067326779,6.661067708333326,True,MANA/USDT
1650297600000,LONG,6.556014271151885,-0.24016189060744358,6.906014271151885,True,VET/USDT
1650297600000,LONG,7.590983142088112,,7.940983142088112,False,ZRX/USDT
1650312000000,LONG,6.113748016283733,-0.3303512736309264,6.463748016283732,False,ENJ/USDT
1650355200000,SHORT,-7.0320421560485435,-0.559860864705362,6.682042156048544,True,XMR/USDT
1650369600000,SHORT,10.613577524667662,,10.963577524667661,False,MTL/USDT
1650585600000,SHORT,2.8714964370546396,0.65005847381751,11.482497030878843,True,TRX/USDT
1650614400000,SHORT,6.489860988526018,0.2887400982975841,6.839860988526017,True,XMR/USDT
1650614400000,SHORT,8.877608886290556,,9.227608886290556,True,TRX/USDT
1650888000000,LONG,-7.233996906191292,0.17349127303287587,6.8839969061912925,True,AR/USDT
1650902400000,LONG,-9.098086627417995,-2.058833571245004,8.748086627417996,True,PEOPLE/USDT
1650902400000,LONG,-8.890650755085513,2.0999935072706073,8.540650755085514,True,CHZ/USDT
1650902400000,LONG,-8.797526881720424,1.1594097221319295,8.447526881720425,False,TLM/USDT
1650902400000,LONG,-8.646575984990625,-0.49779047637658697,8.296575984990625,True,AXS/USDT
1650902400000,LONG,-7.839130044843054,-0.2348486428276409,7.489130044843054,True,VET/USDT
1650902400000,LONG,-7.712377389018102,0.16970783875196754,7.362377389018103,True,MANA/USDT
1650902400000,LONG,-7.55176261549395,0.2590335206384975,7.2017626154939505,True,ALGO/USDT
1650902400000,LONG,-7.521599445700542,0.24546294640173688,7.171599445700543,False,ENJ/USDT
1650902400000,LONG,-7.474517734909766,0.0025830450792648893,7.124517734909766,True,ICP/USDT
1650902400000,LONG,-7.197478719965533,-0.7740321859779759,6.847478719965533,True,FIL/USDT
1650902400000,LONG,-7.090310465698542,1.2284945957615692,6.740310465698542,True,NEO/USDT
1650902400000,LONG,-7.056306037059183,-0.868765624730736,6.706306037059183,True,ETC/USDT
1650902400000,LONG,-6.9077659574468,0.7293863198749413,6.557765957446801,True,TRB/USDT
1650902400000,LONG,-6.877808461283539,-0.4804245764576277,6.52780846128354,True,GALA/USDT
1650902400000,LONG,-6.87343597603454,0.5950648620528954,6.52343597603454,True,AVAX/USDT
1650902400000,LONG,-6.834071054164229,-0.2067142119092228,6.48407105416423,True,XRP/USDT
1650902400000,LONG,-6.702173036200456,0.3546366232179421,6.3521730362004565,False,DASH/USDT
1650902400000,LONG,-6.489226792784857,-0.662121841813843,6.139226792784857,True,HBAR/USDT
1650902400000,LONG,-6.449926362297515,0.07136639428633075,6.0999263622975155,True,FLOW/USDT
1650902400000,LONG,-6.370046334150978,0.6749558492103741,6.020046334150979,True,ATOM/USDT
1650902400000,LONG,-6.203072983354682,-0.4120281152755723,5.853072983354682,False,ONE/USDT
1650902400000,LONG,-6.137008519870872,0.04664922182024584,5.787008519870873,True,XLM/USDT
1650902400000,LONG,7.62786323984616,0.4713453063879893,7.97786323984616,False,COTI/USDT
1650945600000,SHORT,-10.167927640776133,,9.817927640776134,True,APE/USDT
1650974400000,SHORT,-8.294976030496128,-0.8477407423931237,7.944976030496129,False,KAVA/USDT
1651032000000,LONG,-7.595639056500268,0.7230042551221646,7.245639056500268,True,TRB/USDT
1651032000000,LONG,-6.5116694471610215,-0.6454563748683427,6.161669447161022,True,HBAR/USDT
1651032000000,LONG,-6.306134867642191,0.6597061680448761,5.9561348676421915,True,ATOM/USDT
1651032000000,LONG,-6.000491307634168,-0.18920353442271762,5.6504913076341685,True,XRP/USDT
1651377600000,LONG,2.848887343532682,-1.181513301888839,7.9727862772369,False,RAY/USDT
1651377600000,LONG,7.224129768866617,0.5019559962695112,7.574129768866617,True,CHZ/USDT
1651392000000,LONG,9.664818140996857,0.4195468920143988,10.014818140996857,True,NEAR/USDT
1651406400000,LONG,-11.113258724117912,-0.29807138636348607,10.763258724117913,True,FIL/USDT
1651406400000,LONG,-10.069879062736222,-0.14739409888386434,9.719879062736222,False,RSR/USDT
1651406400000,LONG,-8.791635782747605,1.2178649251546854,8.441635782747605,False,RLC/USDT
1651406400000,LONG,-8.587124289195778,-0.05234806337653656,8.237124289195778,False,ENJ/USDT
1651406400000,LONG,-7.944936708860765,-1.1689460303195924,8.998960216998203,False,RAY/USDT
1651406400000,LONG,-6.36764335223692,3.116289209834743,8.3570415879017,False,ANKR/USDT
1651406400000,LONG,-6.009150043365136,-0.5396067242145065,9.228035559410229,False,ONT/USDT
1651406400000,LONG,-5.997506150749272,-3.4482216666305905,9.69913889510177,False,STORJ/USDT
1651406400000,LONG,-5.984585463436327,-0.5412488784166173,6.925983551900421,True,SOL/USDT
1651406400000,LONG,-5.399899111086883,-0.232976535162476,9.059159077275465,True,CHZ/USDT
1651406400000,LONG,-5.265020670647683,,8.222875516766203,False,SFP/USDT
1651406400000,LONG,5.376692368008372,0.15062977193542126,5.72669236800836,True,DOT/USDT
1651406400000,LONG,5.790220141700402,-0.9668730715276324,6.140220141700402,True,ADA/USDT
1651406400000,LONG,6.392591931453053,-0.3538215949549917,6.7425919314530525,False,QTUM/USDT
1651406400000,LONG,6.40708053691275,0.6540987846956176,6.75708053691275,False,DASH/USDT
1651406400000,LONG,6.585607321131434,-0.6896593803273788,6.9356073211314335,False,BAT/USDT
1651406400000,LONG,6.688556067588342,0.6619860885703615,7.038556067588342,True,NEO/USDT
1651406400000,LONG,6.835541570056313,-0.1109517279719886,7.185541570056313,True,AVAX/USDT
1651406400000,LONG,7.599965745604031,0.15767624815954073,7.949965745604031,False,RVN/USDT
1651406400000,LONG,7.67509933774836,0.9973019718228772,8.025099337748347,True,TRB/USDT
1651406400000,LONG,7.856093489148574,-0.8537641963218479,8.206093489148573,True,VET/USDT
1651406400000,LONG,8.06709292412618,-0.8845416500469084,8.41709292412618,True,THETA/USDT
1651406400000,LONG,8.112994870445883,-0.8762255853141616,8.462994870445883,True,MANA/USDT
1651406400000,LONG,8.377471698113208,-0.723388236719875,8.727471698113208,True,ICP/USDT
1651406400000,LONG,8.516341735134382,0.0821595461628331,8.866341735134382,True,UNI/USDT
1651406400000,LONG,8.695981112277012,-0.010472335804636896,9.045981112277012,True,FLOW/USDT
1651406400000,LONG,8.832063579644318,-0.07688447440436533,9.182063579644328,False,DUSK/USDT
1651406400000,LONG,8.953218073752987,-0.6771461812697525,9.303218073752998,False,ZEN/USDT
1651406400000,LONG,9.00916049382715,-0.45220568793537563,9.359160493827149,True,GALA/USDT
1651406400000,LONG,9.31408839779006,-1.3179556426843897,9.66408839779006,True,SNX/USDT
1651406400000,LONG,9.6125193262267,-1.9078990250451082,9.9625193262267,True,ZEC/USDT
1651406400000,LONG,9.939651773981591,-1.4024540497065394,10.289651773981591,True,SAND/USDT
1651420800000,LONG,6.316475430281873,-0.9954784365534296,6.6664754302818725,False,ONE/USDT
1651435200000,LONG,-8.763679882856499,-0.3362805319321076,8.4136798828565,False,ROSE/USDT
1651435200000,LONG,-7.266717901208578,-0.09188913826057496,6.916717901208578,False,DUSK/USDT
1651435200000,LONG,-6.7681032596806014,-0.14586445290212255,6.418103259680602,False,RSR/USDT
1651435200000,LONG,-6.4876973684210455,0.9879612473554338,6.137697368421046,True,TRB/USDT
1651435200000,LONG,-6.289595959595961,-0.32133280616995114,5.9395959595959615,True,CELO/USDT
1651435200000,LONG,-6.049790177693269,-1.6195866573954105,5.699790177693269,True,MANA/USDT
1651435200000,LONG,-5.970596072931283,-0.47040622597502235,5.620596072931283,True,GALA/USDT
1651435200000,LONG,-5.0311163895487025,-0.05165347653526828,4.681116389548703,False,ENJ/USDT
1651435200000,LONG,-4.858365310821175,-0.7105330595493906,4.508365310821175,True,ICP/USDT
1651435200000,LONG,-4.691891891891896,0.622433306475748,4.341891891891897,False,RVN/USDT
1651435200000,LONG,-4.617810434538028,0.08070186120366785,4.2678104345380286,True,UNI/USDT
1651435200000,LONG,-4.491487455197129,-0.41119977529618373,4.1414874551971295,False,QTUM/USDT
1651435200000,LONG,4.933374986417477,-0.650874363592023,5.283374986417477,True,ETC/USDT
1651435200000,LONG,5.181697952218425,-0.879401572979697,5.531697952218424,True,THETA/USDT
1651435200000,LONG,7.527926140342691,-1.3688837347577076,7.877926140342691,True,SAND/USDT
1651464000000,LONG,-4.909046834979878,-0.05138264850137671,4.5590468349798785,False,ENJ/USDT
1651737600000,SHORT,7.127080604833902,1.3361155731159287,7.477080604833902,True,TRX/USDT
1651896000000,LONG,-11.377687186775377,-0.0030458718606551616,11.027687186775378,True,GMT/USDT
1652155200000,LONG,-12.082174215422066,0.01199579458043775,11.732174215422067,True,MANA/USDT
1652155200000,LONG,-11.924018305284916,0.7412084188690488,11.574018305284916,True,BCH/USDT
1652155200000,LONG,-11.76680829015544,0.8754711195618678,11.41680829015544,True,NEO/USDT
1652155200000,LONG,-11.746622114216281,-0.6345493967407226,11.396622114216282,True,VET/USDT
1652155200000,LONG,-11.614715684232454,-0.4916337133272922,11.264715684232455,False,BAT/USDT
1652155200000,LONG,-11.180494037478702,-0.6970738517470328,10.830494037478703,True,LINK/USDT
1652155200000,LONG,-11.09592411260711,-0.59320682882353,10.74592411260711,True,ETC/USDT
1652155200000,LONG,-10.996687929342478,-0.26935556846768305,10.646687929342479,True,LTC/USDT
1652155200000,LONG,-10.96838898215508,0.4335914265593917,10.61838898215508,True,BNB/USDT
1652155200000,LONG,-10.95688902470968,-0.27428842388159347,10.60688902470968,True,HBAR/USDT
1652155200000,LONG,-10.528810975609744,-1.0004558161544257,10.178810975609744,True,XLM/USDT
1652155200000,LONG,-10.475886990801571,-0.5047117762264285,10.125886990801572,False,ONT/USDT
1652155200000,LONG,-10.454824387011259,0.3665762969526502,10.10482438701126,False,DASH/USDT
1652155200000,LONG,-10.019211393140859,-0.7647779945849462,9.66921139314086,True,XRP/USDT
1652155200000,LONG,-7.997421802546156,-1.0184943211642419,7.647421802546156,True,ETH/USDT
1652169600000,LONG,-12.207638353630328,0.0701059310900235,11.857638353630328,True,UNI/USDT
1652169600000,LONG,-11.831492066620669,-1.8691225543606793,11.48149206662067,True,ZEC/USDT
1652169600000,LONG,-11.518118366706736,0.2596650445487014,11.168118366706736,False,LPT/USDT
1652169600000,LONG,-11.253046982504422,-0.318378549687652,10.903046982504423,False,KSM/USDT
1652169600000,LONG,-11.141430371770639,,10.79143037177064,False,1INCH/USDT
1652169600000,LONG,-10.097733961153615,-0.9273900106869177,9.747733961153616,False,RAY/USDT
1652169600000,LONG,-6.708656172228525,-1.705953137060837,6.3586561722285255,True,BTC/USDT
1652184000000,LONG,-12.181836047164508,-0.8232149353231979,11.831836047164508,True,LINK/USDT
1652184000000,LONG,-12.110170498218153,-1.7290535755301815,11.760170498218153,False,KAVA/USDT
1652184000000,LONG,-11.937279792746105,-0.38854724950711916,11.587279792746106,True,HBAR/USDT
1652184000000,LONG,-11.86872763419482,0.3565257252887029,11.51872763419482,False,API3/USDT
1652184000000,LONG,-11.410474595198226,-0.11055363796376348,11.060474595198226,False,DUSK/USDT
1652184000000,LONG,-11.382630597014932,,11.032630597014933,False,ZRX/USDT
1652184000000,LONG,-10.717176812585487,-1.4297463586333883,10.367176812585488,True,FIL/USDT
1652184000000,LONG,-10.709214915972945,0.4190060608373295,10.359214915972945,True,BNB/USDT
1652184000000,LONG,-10.6445566502463,-0.2646858473027492,10.2945566502463,True,LTC/USDT
1652184000000,LONG,-10.576026634693617,0.6918308280733508,10.226026634693618,True,BCH/USDT
1652184000000,LONG,-9.88727388024831,-0.6156543682075787,9.53727388024831,True,XLM/USDT
1652184000000,LONG,-9.430549597855212,0.1742732381376095,9.080549597855212,False,DASH/USDT
1652184000000,LONG,-9.34891661830142,-0.7546704717635431,8.99891661830142,True,XRP/USDT
1652184000000,LONG,-8.543122216724406,-0.4182036781858122,8.193122216724406,False,IOTA/USDT
1652198400000,LONG,-6.802637178902582,-3.29055893258498,6.452637178902583,False,STORJ/USDT
1652198400000,LONG,-6.560655523635424,0.278318265608094,6.210655523635424,False,ALICE/USDT
1652212800000,LONG,-5.073167307443087,0.6907343427911056,4.723167307443087,True,BCH/USDT
1652227200000,LONG,-5.796112167300391,0.6119449577180471,5.446112167300392,True,AAVE/USDT
1652227200000,LONG,-5.549786324786314,0.3576948999088394,5.199786324786315,False,API3/USDT
1652227200000,LONG,-5.526581535962454,0.011469170652218625,5.1765815359624545,True,MANA/USDT
1652227200000,LONG,-4.736192925042873,-3.2822417549242253,4.386192925042874,False,STORJ/USDT
1652227200000,LONG,-4.412767665952886,0.2771942953707743,4.062767665952887,False,ALICE/USDT
1652241600000,LONG,-5.050232288037157,,4.700232288037157,False,1INCH/USDT
1652356800000,LONG,1.883319892056205,-2.247239237485647,8.492105834548214,True,BTC/USDT
1652385600000,LONG,5.346106572205354,-2.230895593083072,5.696106572205354,True,BTC/USDT
1652385600000,LONG,6.668254625793982,-0.28650498992265844,7.018254625793982,False,QTUM/USDT
1652385600000,LONG,7.213845324039495,-0.5376075358564864,7.563845324039506,True,XLM/USDT
1652385600000,LONG,7.218631284916201,-3.5606679347908603,7.568631284916201,False,BAT/USDT
1652385600000,LONG,8.204131717924815,-5.66359609939144,8.554131717924815,True,LTC/USDT
1652385600000,LONG,8.992558139534887,-0.9024663514538415,9.342558139534887,True,ADA/USDT
1652385600000,LONG,9.157417889327482,-6.343046115863326,9.507417889327481,True,BNB/USDT
1652385600000,LONG,9.225412647374057,-0.7650365931570436,9.575412647374057,True,UNI/USDT
1652385600000,LONG,10.137263922518159,-5.632806169494305,10.487263922518158,True,DOGE/USDT
1652385600000,LONG,10.456810860561433,-2.948994930965239,10.806810860561443,True,DOT/USDT
1652385600000,LONG,11.55851088333527,-2.109299575899883,11.90851088333527,True,HBAR/USDT
1652385600000,LONG,11.648483849703359,-2.1714031377618044,11.998483849703359,False,ARPA/USDT
1652400000000,LONG,-10.155930930930923,-1.3238792687791998,9.805930930930923,False,RAY/USDT
1652400000000,LONG,-1.4314398189483364,-2.1461567846642557,11.182872189569474,True,ETH/USDT
1652400000000,LONG,11.416494542894025,-1.2536252831300785,11.766494542894025,False,EGLD/USDT
1652414400000,LONG,-0.1629092609915807,-1.2432760253665232,11.211973807296536,True,FIL/USDT
1653206400000,SHORT,-10.152420800956369,-0.588327890389544,9.80242080095637,True,PEOPLE/USDT
1653321600000,SHORT,10.020210911626272,-0.9051037647534567,10.370210911626272,True,NEO/USDT
1653336000000,SHORT,-11.300749185667737,0.013745358542662166,10.950749185667737,True,SUSHI/USDT
1653537600000,SHORT,-2.3426650366748247,1.251888762628811,8.674682151589234,True,TRX/USDT
1653998400000,SHORT,8.768800315706399,-0.41352749201578193,9.118800315706398,True,ADA/USDT
1654012800000,SHORT,10.13142984014209,-0.1592563571937816,10.48142984014209,True,AAVE/USDT
1654027200000,SHORT,9.461206896551706,-0.3388607318236881,9.811206896551706,True,ADA/USDT
1654027200000,SHORT,11.128241091736172,0.08619823378112484,11.478241091736171,False,CHR/USDT
1655020800000,LONG,-10.998103792415165,-0.7022831509166709,10.648103792415165,True,CELO/USDT
1655035200000,LONG,-11.787458405957848,0.7822352590308554,11.437458405957848,True,GALA/USDT
1655035200000,LONG,-11.765372046254395,0.7868078820740212,11.415372046254395,False,RLC/USDT
1655035200000,LONG,-11.379857621440534,1.1920345402395787,11.029857621440534,False,RVN/USDT
1655035200000,LONG,-11.3519746835443,1.8214618227090595,11.0019746835443,False,CHR/USDT
1655035200000,LONG,-10.660980622431008,-2.788689573555354,10.310980622431009,False,SFP/USDT
1655035200000,LONG,-10.577301927194874,-0.7264024572481834,10.227301927194874,True,CRV/USDT
1655035200000,LONG,-10.577128523650277,0.3421487767431434,10.227128523650277,True,CHZ/USDT
1655035200000,LONG,-10.384942170818507,-0.5680533027571144,10.034942170818507,True,COMP/USDT
1655035200000,LONG,-10.372809917355367,-0.15103121287998234,10.022809917355367,True,SUSHI/USDT
1655035200000,LONG,-9.884872736814481,0.19861673777514605,9.534872736814481,True,ATOM/USDT
1655035200000,LONG,-9.196766843207284,-0.39221059473669134,8.846766843207284,False,ZEN/USDT
1655035200000,LONG,-9.161853943652712,0.181256686152527,8.811853943652713,False,IOST/USDT
1655035200000,LONG,-9.059787713695288,0.43727369130202876,8.709787713695288,False,ENJ/USDT
1655035200000,LONG,-9.00200394218133,-0.3931619487391095,8.65200394218133,True,FIL/USDT
1655035200000,LONG,-8.873945829486013,0.22497371560025456,8.523945829486014,False,ZRX/USDT
1655035200000,LONG,-8.517699680511187,1.18884102154847,8.167699680511188,False,ANKR/USDT
1655035200000,LONG,-8.460968260345528,-0.6847289298741237,8.110968260345528,False,ONT/USDT
1655035200000,LONG,-8.331360144600087,0.4546372919289033,7.981360144600087,True,UNI/USDT
1655035200000,LONG,-8.026905829596423,1.0987287216878006,7.676905829596422,False,DASH/USDT
1655035200000,LONG,-7.954029304029319,1.5449526913895812,7.60402930402932,False,IOTA/USDT
1655035200000,LONG,-7.932587377420177,3.0600185451610202,7.582587377420177,True,ZEC/USDT
1655035200000,LONG,-7.644911171333935,-0.423608098662818,7.294911171333935,False,QTUM/USDT
1655035200000,LONG,-7.462004248595271,-1.208417601127674,7.112004248595271,True,ETH/USDT
1655035200000,LONG,-7.341379849812267,-2.0890529790703423,6.991379849812267,False,YFI/USDT
1655035200000,LONG,-6.94843462982189,1.1668387010699175,6.598434629821891,True,XLM/USDT
1655035200000,LONG,-6.408844765342961,-0.7115270676413654,6.058844765342961,True,XRP/USDT
1655035200000,LONG,-5.9753362367106595,,5.62533623671066,True,TRX/USDT
1655049600000,LONG,-10.030858204482804,3.531939489166774,9.680858204482805,True,MANA/USDT
1655136000000,LONG,-11.076858145143609,0.32847751296518624,10.72685814514361,False,ENJ/USDT
1655136000000,LONG,-9.431527969237463,0.41490245170124984,9.081527969237463,False,IOST/USDT
1655136000000,LONG,9.63140596035934,2.2552007053013305,9.98140596035934,True,DOT/USDT
1655150400000,LONG,-10.310964658169171,0.8100952385644099,9.960964658169171,False,RLC/USDT
1655150400000,LONG,10.265975454930183,-0.015834543916535368,10.615975454930183,True,CHZ/USDT
1655150400000,LONG,11.141024330402784,-0.3339178675210323,11.491024330402784,False,ROSE/USDT
1655164800000,LONG,-11.980872876391334,0.9917731132727671,11.630872876391335,False,CHR/USDT
1655164800000,LONG,-11.629548054919896,-1.832492358390928,11.279548054919896,True,NEAR/USDT
1655164800000,LONG,-10.5319646799117,0.22435086660699047,10.181964679911701,False,ENJ/USDT
1655164800000,LONG,-10.090942360475749,0.20223244426399462,9.74094236047575,True,ATOM/USDT
1655164800000,LONG,-8.078592162554425,-1.061656456212866,11.586792452830199,False,ONE/USDT
1655164800000,LONG,7.897636686916567,-0.5709680283126141,8.247636686916566,False,IOST/USDT
1655164800000,LONG,9.58418001104362,0.37661872309327055,9.934180011043619,True,DOT/USDT
1655164800000,LONG,11.116934942991286,-3.274599869760305,11.466934942991285,False,SFP/USDT
1655179200000,LONG,-11.914360012186107,-0.8918447553066269,11.564360012186107,True,BNB/USDT
1655179200000,LONG,-11.861701642335774,0.7490665461799465,11.511701642335774,False,DASH/USDT
1655179200000,LONG,-11.17568563845474,-0.8287076445431989,10.82568563845474,True,HBAR/USDT
1655179200000,LONG,-10.8305816634155,-0.6950550673557061,11.792285866288362,True,FIL/USDT
1655179200000,LONG,-9.54673973896918,-1.4210802523485957,9.19673973896918,True,BTC/USDT
1655179200000,LONG,-6.6023540489642185,0.898678458301148,10.626741996233527,False,IOTA/USDT
1655179200000,LONG,-6.531330951317549,0.8795252697985634,10.942384993300566,True,XLM/USDT
1655179200000,LONG,8.214153894275869,-1.7704378713171725,8.564153894275869,True,XRP/USDT
1655179200000,LONG,11.128381700238986,-0.9236801911163934,11.478381700238986,False,ZEN/USDT
1655179200000,LONG,11.346790503407357,-0.7897650231488511,11.696790503407357,True,LTC/USDT
1655193600000,LONG,-10.421351642434033,-1.1717801970494817,10.071351642434033,True,RUNE/USDT
1655193600000,LONG,-10.358298052497883,-0.6452354690550061,10.008298052497883,True,AAVE/USDT
1655193600000,LONG,-10.292166344293996,-1.6334978515433114,9.942166344293996,True,FLOW/USDT
1655193600000,LONG,-9.353416538836987,-0.226163501678209,9.003416538836987,True,ETC/USDT
1655193600000,LONG,-9.251312259965427,-1.8891720640668568,8.901312259965428,True,ETH/USDT
1655193600000,LONG,-8.854949095022624,-1.5652216130573762,8.504949095022624,True,APE/USDT
1655193600000,LONG,-8.122062947958863,0.10725323956092245,7.772062947958863,True,ATOM/USDT
1655193600000,LONG,6.6435866626614475,-1.193318805756811,6.993586662661447,False,IOST/USDT
1655193600000,LONG,7.888769906644704,0.3207135050561434,8.238769906644704,True,UNI/USDT
1655193600000,LONG,10.528868672311296,-2.9869967385568907,10.878868672311295,True,DOGE/USDT
1655208000000,LONG,-10.921881876595373,,10.571881876595373,True,BNB/USDT
1655208000000,LONG,-8.783390965306138,-1.3831144291563569,8.433390965306138,True,BTC/USDT
1655222400000,LONG,-6.4627382246301615,-1.4743730813196012,6.112738224630162,True,ETH/USDT
1655222400000,LONG,-5.037008905185959,-0.6334263562512735,4.68700890518596,True,RUNE/USDT
1655236800000,LONG,-5.443787142085366,-5.590113223701945,5.093787142085366,True,DOGE/USDT
1655236800000,LONG,-5.333708791208793,-0.2241206706097404,4.983708791208794,True,ETC/USDT
1655236800000,LONG,-4.53999013364427,,4.189990133644271,True,BNB/USDT
1655625600000,LONG,4.445940138376658,-2.300321905977032,10.896296747843591,True,BTC/USDT
1655841600000,SHORT,7.322526551145873,2.900203601673359,7.6725265511458725,False,STORJ/USDT
1655884800000,SHORT,1.219713758079414,1.4193151287243628,11.907510003077853,False,WAVES/USDT
1656072000000,SHORT,5.214784053156149,-3.125155039422886,7.464285714285703,True,XRP/USDT
1656100800000,SHORT,-12.148411910669966,,11.798411910669966,False,ARPA/USDT
1656100800000,SHORT,5.47360959651035,-3.1062372092350037,5.82360959651035,True,XRP/USDT
1656129600000,SHORT,-5.928947368421043,,5.578947368421043,False,ARPA/USDT
1656144000000,SHORT,11.341452991452973,-0.0018123521738250116,11.691452991452973,False,YFI/USDT
1656158400000,SHORT,-10.5350388553998,,10.1850388553998,False,DUSK/USDT
1656158400000,SHORT,-6.843101367658872,-1.1250280040259333,6.4931013676588725,False,DASH/USDT
1656158400000,SHORT,9.739640539191212,-2.352612303203536,10.089640539191212,True,NEAR/USDT
1656172800000,SHORT,-8.926169198689294,-0.001804494844087721,8.576169198689295,False,YFI/USDT
1656187200000,SHORT,5.336526012946498,-2.364083476905608,5.686526012946498,True,NEAR/USDT
1656201600000,SHORT,7.498049490538562,1.916403262973351,7.848049490538561,False,YFI/USDT
1656216000000,SHORT,4.679987908101565,-2.362539167255925,5.029987908101565,True,NEAR/USDT
1656259200000,SHORT,9.386171938361702,-1.2263241538790568,9.736171938361702,True,SAND/USDT
1656273600000,SHORT,-10.466460120749899,-2.024937888226323,10.116460120749899,False,ZRX/USDT
1656273600000,SHORT,9.296811451135234,0.8674278307269885,9.646811451135234,True,COMP/USDT
1656288000000,SHORT,9.678509451502945,0.8882961320265907,10.028509451502945,True,GMT/USDT
1656331200000,SHORT,9.851338538761834,-1.2874111175618852,10.201338538761833,True,DOGE/USDT
1656403200000,SHORT,8.116921119592856,-0.6750044565771082,8.466921119592856,True,CHZ/USDT
1656604800000,LONG,-0.9330009205277731,-3.0655185523206985,6.571402270635163,True,XRP/USDT
1656619200000,LONG,1.1713190453484503,-1.8166516837494062,7.108133611062306,True,BTC/USDT
1656619200000,LONG,2.4781363306744,-1.7734735453474753,9.879586656997828,False,ANKR/USDT
1656619200000,LONG,3.367472118959111,1.2204643500378483,7.342007434944244,False,IOTA/USDT
1657008000000,SHORT,-10.4127514953779,-0.9266539832477758,10.062751495377901,True,DYDX/USDT
1657036800000,SHORT,-9.345907377490555,-0.9242915617799187,8.995907377490555,True,DYDX/USDT
1657065600000,SHORT,-8.139935064935043,-0.9253332219304552,7.789935064935043,True,DYDX/USDT
1657267200000,SHORT,-9.96109671848014,-2.5411804526777635,9.611096718480141,True,AAVE/USDT
1657267200000,SHORT,-7.847670083876961,0.310622885929044,7.497670083876962,True,JASMY/USDT
1657267200000,SHORT,-6.160989010988996,-1.6081061685618883,5.810989010988997,False,RAY/USDT
1657267200000,SHORT,5.368438050499093,-1.8726234083987754,5.718438050499093,True,XRP/USDT
1657310400000,SHORT,-4.389192962859519,-2.5263073696308673,4.039192962859519,True,AAVE/USDT
1657310400000,SHORT,9.976836959949528,-2.023828141736874,10.326836959949528,False,ZRX/USDT
1657411200000,SHORT,5.964650068316367,-0.9044802400949545,6.314650068316366,True,HBAR/USDT
1657411200000,SHORT,6.8320632870519695,0.3508215084105009,7.182063287051969,True,UNI/USDT
1657440000000,SHORT,5.944088273195857,0.35196042940516753,6.2940882731958565,True,UNI/USDT
1657454400000,SHORT,8.450673267326717,-1.3561873827160276,8.800673267326717,True,AAVE/USDT
1657454400000,SHORT,11.243235425011123,-0.49662965910897466,11.593235425011123,False,ONE/USDT
1657483200000,SHORT,7.098229493500666,-0.49649489827390564,7.448229493500666,False,ONE/USDT
1657627200000,LONG,-6.620059880239528,2.3401854577483845,6.270059880239528,False,BAT/USDT
1658016000000,SHORT,7.03758029978585,1.8378591495351575,7.387580299785849,False,RAY/USDT
1658088000000,SHORT,-7.788233766233767,4.438253331121741,7.438233766233767,True,ETC/USDT
1658160000000,SHORT,-11.547929569987593,-0.4198928081943431,11.197929569987593,True,APE/USDT
1658160000000,SHORT,-10.576292466765137,-0.16851815366006975,10.226292466765138,False,RVN/USDT
1658160000000,SHORT,-9.034348599377497,2.1675237253404056,8.684348599377497,True,AVAX/USDT
1658160000000,SHORT,-8.220165745856338,1.1522511264188338,7.870165745856338,True,GRT/USDT
1658160000000,SHORT,-7.659840055632818,-0.08395110387307383,7.309840055632819,True,FIL/USDT
1658160000000,SHORT,-7.540491355777956,4.9710905015261115,7.190491355777956,True,ETC/USDT
1658160000000,SHORT,-6.445111111111106,-0.673934771675547,6.095111111111106,True,ADA/USDT
1658160000000,SHORT,4.41603119584055,-0.5815969827893944,11.370808058925467,False,LPT/USDT
1658160000000,SHORT,8.158059516428999,3.0673137957175745,8.508059516428998,True,AR/USDT
1658188800000,SHORT,-7.608737610850279,1.5592537291106099,7.25873761085028,True,APE/USDT
1658188800000,SHORT,-7.278942727188316,2.178721580000064,6.928942727188316,True,GRT/USDT
1658188800000,SHORT,-6.286081330868747,0.3050535622036897,5.936081330868747,False,RVN/USDT
1658188800000,SHORT,-5.911225346202265,0.5429484027801288,5.561225346202265,True,ADA/USDT
1658203200000,SHORT,-9.260576426499988,3.590468423775768,8.910576426499988,True,ETH/USDT
1658203200000,SHORT,-9.141656441717773,,8.791656441717773,True,ENS/USDT
1658203200000,SHORT,-7.21006884681584,2.7548705942063005,6.860068846815841,True,AVAX/USDT
1658203200000,SHORT,11.351351351351338,4.860703338148399,11.701351351351338,True,ETC/USDT
1658217600000,SHORT,-5.344601981551064,1.5738431566127435,4.994601981551065,True,APE/USDT
1658217600000,SHORT,-5.135557184750724,1.0963065595469998,4.785557184750725,False,RVN/USDT
1658232000000,SHORT,-7.206006963842569,3.89912103499783,6.856006963842569,True,ETH/USDT
1658232000000,SHORT,-4.5210043588812,,4.1710043588812,True,ENS/USDT
1658232000000,SHORT,10.887126459528977,6.001977289502326,11.237126459528977,True,ETC/USDT
1658246400000,SHORT,-7.166430161380061,1.6782450908381648,6.816430161380062,True,OP/USDT
1658260800000,SHORT,6.509897671835934,6.011995708138874,6.859897671835934,True,ETC/USDT
1658289600000,SHORT,6.388175675675668,,6.738175675675667,True,SOL/USDT
1658289600000,SHORT,8.078368248308267,6.265332033697407,8.428368248308267,True,ETC/USDT
1658304000000,SHORT,8.11908805031445,2.921247420558899,8.469088050314449,False,ANKR/USDT
1658318400000,SHORT,8.193134252169472,3.778624178741258,8.543134252169471,True,FLOW/USDT
1658318400000,SHORT,9.507121588089325,,9.857121588089324,False,WAVES/USDT
1658332800000,SHORT,-2.6461203483768916,0.5516007850864549,8.896575613618364,True,ADA/USDT
1658332800000,SHORT,4.136007593868672,1.896826027329547,8.579580930952025,True,DOGE/USDT
1658332800000,SHORT,4.7074197045670125,1.427741600450469,5.057419704567012,True,HBAR/USDT
1658332800000,SHORT,4.8248947569843015,0.2977740333169562,5.174894756984301,True,VET/USDT
1658332800000,SHORT,5.346413151776818,1.7831171126824943,5.6964131517768175,False,IOTA/USDT
1658332800000,SHORT,5.569275738876251,1.430423981148186,5.919275738876251,False,ENJ/USDT
1658332800000,SHORT,7.452547770700637,0.7686324170406711,10.202229299363045,False,ONE/USDT
1658332800000,SHORT,7.473310701584217,2.922823706702579,7.823310701584217,False,ANKR/USDT
1658347200000,SHORT,1.4232401934443804,3.850884062145925,8.438259000537343,True,FLOW/USDT
1658347200000,SHORT,3.519653767820782,1.034074173671686,8.961344195519326,False,ALICE/USDT
1658491200000,SHORT,-8.23160607271273,1.5934824177713562,7.88160607271273,True,ENS/USDT
1659096000000,SHORT,-9.019783105022825,0.4642223372516743,8.669783105022825,False,CTK/USDT
1659096000000,SHORT,9.300177267987468,2.2125473109210545,9.650177267987468,False,QTUM/USDT
1659110400000,SHORT,-7.9918979907264145,2.3527965256354038,7.641897990726415,True,OP/USDT
1659110400000,SHORT,5.835300207039346,,11.5396221532091,False,RVN/USDT
1659139200000,SHORT,6.697612847222213,2.241457621161259,7.047612847222212,False,QTUM/USDT
1659211200000,SHORT,9.02057931963623,-1.4145873118107006,9.37057931963623,True,IMX/USDT
1659225600000,SHORT,11.012564892212904,,11.362564892212903,False,WOO/USDT
1659254400000,SHORT,6.333710895361365,2.952795841448313,6.683710895361364,False,YFI/USDT
1659268800000,SHORT,-8.389653986041466,1.8552394935861332,8.039653986041467,False,CTK/USDT
1659283200000,SHORT,6.668126603934971,2.955221332792398,7.018126603934971,False,YFI/USDT
1659297600000,SHORT,4.473576053918331,-0.9035512122438192,8.0276199286375,True,HBAR/USDT
1659369600000,SHORT,-11.412785388127839,-1.2599152289050402,11.062785388127839,True,PEOPLE/USDT
1659513600000,SHORT,4.032025677603411,1.5731654628503773,4.38202567760341,False,CTK/USDT
1659974400000,SHORT,-10.081820559769794,0.48010978354093403,9.731820559769794,False,RSR/USDT
1659974400000,SHORT,-2.344401679496152,2.8960050351124607,8.406822953114068,True,AVAX/USDT
1659988800000,SHORT,6.475709451664976,-0.4341268878748228,6.8257094516649754,True,XLM/USDT
1660017600000,SHORT,-0.6066058672584655,1.3619431963467241,6.567445731326699,True,GRT/USDT
1660017600000,SHORT,-0.20880138060871234,-1.5035075622852185,8.962558832758052,True,XLM/USDT
1660032000000,SHORT,-3.6256716967243174,0.23611864153015338,7.97846889952151,False,DASH/USDT
1660046400000,SHORT,-8.853121295930436,-0.3170477432245003,8.503121295930436,True,ZEC/USDT
1660089600000,SHORT,-10.875196545946624,0.4790173787936044,10.525196545946624,False,RSR/USDT
1660089600000,SHORT,-7.8199551569506704,-0.31597689685154473,7.469955156950671,True,ZEC/USDT
1660320000000,SHORT,5.774405868981188,,6.124405868981188,False,ANKR/USDT
1660363200000,SHORT,6.368346253229981,3.3198314504314235,10.893701550387567,False,ONE/USDT
1660392000000,SHORT,7.3927561837455515,3.321606874390678,7.742756183745551,False,ONE/USDT
1660478400000,SHORT,-7.860522476008758,,7.5105224760087586,True,CHZ/USDT
1660507200000,SHORT,-6.115472312703571,0.17831326973011882,5.765472312703571,True,CHZ/USDT
1660536000000,SHORT,-12.134732824427475,-0.9305908404484261,11.784732824427476,True,DOGE/USDT
1660536000000,SHORT,-6.891869781087765,0.17863759057239842,6.541869781087765,True,CHZ/USDT
1660694400000,SHORT,-7.775567456028294,0.44255933164628436,7.425567456028294,True,CHZ/USDT
1660953600000,LONG,8.650108401084012,0.5940175180675902,9.000108401084011,False,RLC/USDT
1660968000000,LONG,-5.791068139963175,-0.04130208736495161,5.441068139963176,True,CRV/USDT
1660968000000,LONG,-3.3936700485222797,1.1928655899477119,6.398397294515506,True,HBAR/USDT
1660968000000,LONG,-2.655159165751923,-0.41070608421952787,6.647530186608126,True,CELO/USDT
1661068800000,LONG,4.768095706728998,1.2754357283784015,6.7487956698240845,True,ETH/USDT
1661774400000,LONG,2.382527588018915,-0.7952540415879448,8.525380977404097,True,AVAX/USDT
1662249600000,SHORT,5.286562073669831,-1.0798953907883126,5.636562073669831,True,AXS/USDT
1662768000000,SHORT,10.825010557432417,-0.8948163298596697,11.175010557432417,True,JASMY/USDT
1662811200000,SHORT,-10.484848776728944,-1.2786937923135304,10.134848776728944,False,RVN/USDT
1662940800000,SHORT,-8.258325624421825,-1.1222220762020314,7.908325624421825,True,APE/USDT
1663041600000,SHORT,7.3174909090909015,-0.22538536147201887,7.667490909090901,True,HBAR/USDT
1663041600000,SHORT,10.366470977344136,0.13829961285656406,10.716470977344136,True,GRT/USDT
1663070400000,SHORT,6.8573427625639525,-0.2254756039060266,11.060442371351177,True,HBAR/USDT
1663603200000,LONG,-6.862850910052457,0.3085767272263877,6.512850910052458,True,ETH/USDT
1663603200000,LONG,5.722105263157877,-0.9162284546905556,6.0721052631578765,False,KSM/USDT
1663617600000,LONG,-8.84781152005282,-0.8181768649726077,8.49781152005282,True,ETC/USDT
1663920000000,SHORT,-10.859204114780708,0.5003360505674193,10.509204114780708,True,ALGO/USDT
1663948800000,SHORT,-8.904754849137937,-0.00863279060594292,8.554754849137938,False,RSR/USDT
1664164800000,SHORT,2.9221010332950597,-1.2153453765570876,11.41245694603903,True,INJ/USDT
1664740800000,SHORT,4.738244400866967,1.0878513647371535,11.945938693363606,False,RSR/USDT
1664856000000,SHORT,-5.00394388565377,0.9186822587379644,4.653943885653771,False,SFP/USDT
1664884800000,SHORT,6.422824928249256,0.9441077594798769,6.772824928249256,False,COTI/USDT
1665460800000,LONG,-11.066203770326664,0.5225147190415074,10.716203770326665,False,RSR/USDT
1665475200000,LONG,-10.17975704912218,-1.6398729764352662,9.82975704912218,True,JASMY/USDT
1665475200000,LONG,-5.1634848776728814,-1.7303674702880987,4.813484877672882,True,FIL/USDT
1665475200000,LONG,-4.748629679144382,-1.1932590342086302,4.398629679144382,True,DOGE/USDT
1665489600000,LONG,-12.132582112896342,0.5168178278977732,11.782582112896343,False,RSR/USDT
1665489600000,LONG,-5.743707165109041,0.7016553872809355,5.393707165109041,False,ALICE/USDT
1665518400000,LONG,-4.796478511207061,0.5637614200204291,4.4464785112070615,True,CHZ/USDT
1665619200000,SHORT,-6.525017642907529,-0.37708031657201135,6.175017642907529,True,DYDX/USDT
1665662400000,LONG,-3.3070306483905663,-0.16331481975513942,9.543708609271514,False,RSR/USDT
1665662400000,LONG,-2.679703722461387,0.4572856048464231,9.060673588250191,False,KSM/USDT
1665662400000,LONG,-1.5518489984591723,-0.27567318916857125,8.933497688751924,True,IMX/USDT
1665662400000,LONG,-1.2815943571998945,-0.9905607507788761,7.889619377162625,True,ADA/USDT
1665662400000,LONG,-0.4765677137268427,-1.7407503648672724,9.374065124841792,True,GRT/USDT
1665662400000,LONG,-0.25082644628098794,-1.4328062834895856,10.780859504132236,True,NEAR/USDT
1665662400000,LONG,0.3705764611689336,-0.7693757812382451,5.688110488390712,False,IOTA/USDT
1665662400000,LONG,0.7095287885124689,-1.8023662467183137,11.238784330126881,True,OP/USDT
1665662400000,LONG,1.416358892011242,0.3861063982365206,6.703853873946213,True,ICP/USDT
1665662400000,LONG,2.5740353697749154,0.674796637450899,6.831792604501608,False,COTI/USDT
1665662400000,LONG,2.690845251900525,-0.2996321903700445,6.2863677361164845,True,NEO/USDT
1665662400000,LONG,2.968903318903309,0.4758498296827819,6.710084976751656,True,MANA/USDT
1665662400000,LONG,3.076791277258566,-0.16329776855325243,6.156875834445934,True,VET/USDT
1665662400000,LONG,3.3200885579592105,-1.163313756245996,9.779340882054894,True,ETC/USDT
1665662400000,LONG,3.683613445378161,-0.051873945438236806,7.864273709483786,False,ENJ/USDT
1665662400000,LONG,4.373961297666483,-1.6194691947193494,8.017245304496306,False,ONE/USDT
1665662400000,LONG,4.388154613466325,-1.976368659195646,7.460498753117224,False,STORJ/USDT
1665662400000,LONG,4.410154383385411,0.16331959018120484,8.142602462782575,False,ROSE/USDT
1665662400000,LONG,4.590119760479036,-0.34059719085081686,6.717814371257477,False,ANKR/USDT
1665662400000,LONG,5.086603984360455,-1.2959266356101606,7.65080990504562,False,RLC/USDT
1665662400000,LONG,5.295350342022569,0.8372548852016364,5.645350342022569,True,COMP/USDT
1665662400000,LONG,5.385640052787878,-0.6690173764163063,5.735640052787877,False,ZEN/USDT
1665662400000,LONG,5.435234899328863,0.439434297076621,7.446281879194637,True,SAND/USDT
1665662400000,LONG,5.4499999999999975,0.3978773580250881,7.212533333333345,False,ALICE/USDT
1665662400000,LONG,5.908064516129042,0.5615508257964618,8.147354838709667,True,ALGO/USDT
1665662400000,LONG,5.987095825984711,-3.0963503072597653,6.3370958259847106,False,SKL/USDT
1665662400000,LONG,7.0821336988239345,0.16028231170339186,7.432133698823934,True,ATOM/USDT
1665662400000,LONG,7.235633203263573,0.19699060062913953,7.585633203263573,False,BAT/USDT
1665662400000,LONG,7.281731325998854,-2.122180708094983,7.631731325998854,True,JASMY/USDT
1665662400000,LONG,7.727109974424563,-0.993398907596969,8.077109974424562,True,CRV/USDT
1665662400000,LONG,7.760141005554766,-0.939988801673532,8.110141005554766,True,AAVE/USDT
1665662400000,LONG,8.888775971093052,-1.7611574905078822,9.238775971093052,False,STG/USDT
1665662400000,LONG,10.246041308089506,-1.339500615577935,10.596041308089506,True,INJ/USDT
1665662400000,LONG,10.889770004791558,-0.05091355231640809,11.239770004791568,True,SNX/USDT
1665676800000,LONG,-1.814435146443516,,10.520292887029283,False,KNC/USDT
1665676800000,LONG,-1.7294613531859122,0.5791267191707491,9.185022991022555,True,APE/USDT
1665676800000,LONG,-1.2626246408652966,-2.2351960350873883,9.634764238634448,True,GMT/USDT
1665676800000,LONG,-0.7859577992850265,0.4736525515119684,6.984915860144744,False,IOST/USDT
1665676800000,LONG,-0.35,-1.4802234808568009,5.366056910569096,False,RAY/USDT
1665676800000,LONG,-0.35,-1.1786349575975383,8.022059811827964,True,DOGE/USDT
1665676800000,LONG,-0.16981981981982364,0.06767881928808106,10.180180180180171,True,AXS/USDT
1665676800000,LONG,-0.1570119009327725,-2.408195314278719,8.862206497265998,False,RVN/USDT
1665676800000,LONG,-0.05029970029968889,0.14688764070617372,9.064835164835156,True,THETA/USDT
1665676800000,LONG,0.048831992023363746,0.18992140969676907,7.2586211808275705,False,KAVA/USDT
1665676800000,LONG,0.3007791017415289,0.04295907301957121,7.373125572868923,True,BCH/USDT
1665676800000,LONG,0.39131876706984514,-0.6297430289573255,6.13495903238392,True,LTC/USDT
1665676800000,LONG,0.40261780104712186,-2.921178150789593,11.52277486910994,True,SOL/USDT
1665676800000,LONG,0.4219298245614159,-1.6500555044081977,8.835719298245607,False,CHR/USDT
1665676800000,LONG,0.5643593045717966,-0.9638510141210769,7.554410817772059,False,YFI/USDT
1665676800000,LONG,0.6407529722589104,-0.03787796360661898,8.4656538969617,True,FLOW/USDT
1665676800000,LONG,0.6552313057749545,0.271002455297103,7.9393373679351775,False,MTL/USDT
1665676800000,LONG,0.8175444735000611,0.9954396983059922,6.362564914736107,True,BNB/USDT
1665676800000,LONG,1.3354851906398406,-1.8499771153223883,9.044755359188345,True,DOT/USDT
1665676800000,LONG,1.4982490272373665,-1.7263911762715554,8.698852140077824,True,FIL/USDT
1665676800000,LONG,1.6116893607200544,-1.331271607007049,9.584318024463428,False,LPT/USDT
1665676800000,LONG,1.613601532567046,0.4858067056839,7.557854406130274,False,ONT/USDT
1665676800000,LONG,1.6846646571213362,-0.6801117726835796,8.339110776186887,False,QTUM/USDT
1665676800000,LONG,2.109016393442625,3.2023553445227555,9.425546448087422,True,CELO/USDT
1665676800000,LONG,2.14679897567223,-0.18214136277813278,8.661523687580019,True,AVAX/USDT
1665676800000,LONG,2.479581993569134,0.42428020165704394,7.929774919614147,False,API3/USDT
1665676800000,LONG,2.6884875084402378,-1.721034032018156,8.78224172856179,True,RUNE/USDT
1665676800000,LONG,2.707624460995678,-0.5361522260572936,8.683241865934933,True,ZEC/USDT
1665676800000,LONG,2.908539374017433,-1.0629467254571183,10.402515363727304,True,LINK/USDT
1665676800000,LONG,4.551036757775688,-1.4003487311247473,9.320923656927423,True,MASK/USDT
1665676800000,LONG,7.079916567342071,0.4700466915008283,7.429916567342071,False,WAVES/USDT
1665676800000,LONG,8.17011242973141,0.31972164072756576,8.52011242973142,False,ARPA/USDT
1665691200000,LONG,-1.4924017003188168,-0.7347145893138426,8.06091923485654,True,ADA/USDT
1665691200000,LONG,-0.8121072088724588,-0.26961165991349995,8.961552680221805,True,IMX/USDT
1665691200000,LONG,0.4073263088574294,-2.8347460041690944,11.13338821205137,True,NEAR/USDT
1665691200000,LONG,1.8081600504095672,0.2095880727842235,8.341335853812236,True,MANA/USDT
1665691200000,LONG,3.376545072825086,0.428244812835749,9.523002230678395,True,SAND/USDT
1665691200000,LONG,3.4669934640522926,-0.8666830438009411,10.773930283224399,True,ETC/USDT
1665691200000,LONG,3.58382352941177,-0.6015036060370753,8.36397058823528,False,ANKR/USDT
1665691200000,LONG,5.4175502475968615,-3.0548761610682234,7.182872123507127,False,SKL/USDT
1665691200000,LONG,7.253706972639008,0.15921185015415193,7.603706972639007,True,ATOM/USDT
1665691200000,LONG,9.682916145181489,0.10040524660154845,10.032916145181488,True,CRV/USDT
1665691200000,LONG,9.8301801801802,-2.048123973525481,10.1801801801802,True,JASMY/USDT
1665705600000,LONG,-2.7235810113519117,,11.720743034055724,False,KNC/USDT
1666094400000,SHORT,5.887759999999985,-1.2073848856449052,6.237759999999985,False,STORJ/USDT
1666137600000,SHORT,10.191329011345225,1.4750548226767837,10.541329011345224,False,ANKR/USDT
1666224000000,SHORT,-5.443704926048136,0.5333548721824554,5.093704926048137,True,AAVE/USDT
1666353600000,LONG,-6.122008781558737,0.12476402463560159,5.772008781558737,True,AXS/USDT
1666353600000,LONG,3.8927813789039596,0.5630607934012969,6.233824395992933,True,PEOPLE/USDT
1666368000000,LONG,3.621119133574012,-0.7620776441964034,6.328790613718407,True,GALA/USDT
1666368000000,LONG,5.198878020713471,-1.046787585672488,5.54887802071347,True,ADA/USDT
1666382400000,LONG,-5.392367256637176,0.12197043251988314,5.042367256637176,True,AXS/USDT
1666800000000,SHORT,5.117894362094626,1.870453894939514,5.467894362094626,False,KAVA/USDT
1666857600000,SHORT,-9.691256304447503,0.5778515029645022,9.341256304447503,True,OP/USDT
1666857600000,SHORT,-8.230813953488358,,7.880813953488358,True,DOGE/USDT
1666857600000,SHORT,-5.39145454545452,0.9291925568793896,5.0414545454545205,True,THETA/USDT
1666872000000,SHORT,-5.188988164307254,-1.3087447280095978,4.8389881643072545,False,STORJ/USDT
1666872000000,SHORT,-5.019375812743806,-0.01927069422697519,4.669375812743806,True,RUNE/USDT
1666872000000,SHORT,-4.7685132743362555,0.38927053155117564,4.418513274336256,False,QTUM/USDT
1666872000000,SHORT,2.559379968203495,2.4935882228025807,5.705675675675667,False,ROSE/USDT
1666900800000,SHORT,-11.940929203539804,,11.590929203539805,True,DOGE/USDT
1666900800000,SHORT,-9.859645061728381,0.1612416290886888,9.509645061728381,True,MASK/USDT
1666900800000,SHORT,-7.890074673304285,-0.07913035799127158,7.540074673304285,True,FLOW/USDT
1666900800000,SHORT,-7.737165332597288,0.2763264920695667,7.387165332597288,False,SKL/USDT
1666900800000,SHORT,-7.192732802994855,1.3594111215394111,6.842732802994855,True,OP/USDT
1666900800000,SHORT,-5.593430925408257,1.4405561730651335,5.243430925408258,True,UNI/USDT
1666900800000,SHORT,-5.573227852282476,2.128474313811954,5.223227852282476,True,ETH/USDT
1666900800000,SHORT,-5.272887184757684,-1.6218543835840686,4.922887184757684,True,ATOM/USDT
1666915200000,SHORT,-5.961623108665755,0.5010662392590597,5.611623108665755,False,CHR/USDT
1667030400000,SHORT,-6.537631027253652,-1.1541075211587606,6.187631027253652,False,ONE/USDT
1667044800000,SHORT,-11.897729379054663,,11.547729379054664,True,MASK/USDT
1667044800000,SHORT,5.54365384615384,1.037341374722426,5.89365384615384,False,SFP/USDT
1667059200000,SHORT,-4.83994326972664,-0.5862175917072537,4.48994326972664,False,ONE/USDT
1667073600000,SHORT,-11.984137115839228,1.0966144304253023,11.634137115839229,True,PEOPLE/USDT
1667073600000,SHORT,4.911075268817198,1.039459219627006,5.261075268817198,False,SFP/USDT
1667088000000,SHORT,5.588671209540029,0.05125366726235863,5.938671209540028,True,FLOW/USDT
1667131200000,SHORT,-7.017398480079817,1.7616009051838832,6.667398480079817,False,DUSK/USDT
1667131200000,SHORT,-3.79827586206897,1.649766402397447,6.955224660397071,False,ONE/USDT
1667131200000,SHORT,1.6920070011668562,0.64726866985054,10.365110851808614,False,ALICE/USDT
1667131200000,SHORT,5.920238095238077,1.4561016612151854,6.270238095238077,True,TRB/USDT
1667131200000,SHORT,7.785937499999996,1.2935954863154242,8.135937499999995,True,MANA/USDT
1667145600000,SHORT,8.43692307692307,1.0618520026994958,8.78692307692307,True,SAND/USDT
1667160000000,SHORT,11.495817187143823,,11.845817187143822,True,GALA/USDT
1667174400000,SHORT,-9.013821405121455,16.150183408948916,8.663821405121455,True,DOGE/USDT
1667188800000,SHORT,7.16892278360342,,7.518922783603419,True,GALA/USDT
1667217600000,SHORT,6.607720057720049,,6.957720057720048,True,GALA/USDT
1667232000000,SHORT,-7.607225433525994,2.3209002513723163,7.257225433525995,True,LINK/USDT
1667246400000,SHORT,-11.620312499999994,1.0839792345950163,11.270312499999994,True,INJ/USDT
1667361600000,SHORT,7.763687659264626,7.155282269404717,8.113687659264626,True,DOGE/USDT
1667433600000,LONG,5.102369980250178,-1.6173446429949392,5.4523699802501655,False,RVN/USDT
1667433600000,LONG,5.921143375680597,-0.03734841688667645,6.271143375680596,True,APE/USDT
1667433600000,LONG,6.092360967541859,0.7783483866095218,6.442360967541859,True,COMP/USDT
1667548800000,SHORT,8.272045344910762,0.7867767443621615,8.622045344910761,False,API3/USDT
1667678400000,SHORT,6.886016049091324,1.8024969993693891,7.236016049091323,True,ALGO/USDT
1667764800000,SHORT,7.509341223024193,1.4619383106588713,7.859341223024193,True,CHZ/USDT
1668038400000,LONG,10.99971500949969,1.0481324438128667,11.34971500949969,True,HBAR/USDT
1668052800000,LONG,-11.382707283554735,,11.032707283554736,False,QTUM/USDT
1668052800000,LONG,-10.418876080691643,,10.068876080691643,False,ONT/USDT
1668052800000,LONG,-6.018202764976951,,10.993629032258065,False,IOST/USDT
1668052800000,LONG,-5.494326950557307,-1.5079525450822238,11.84001143183766,True,ADA/USDT
1668052800000,LONG,-1.1539303260384086,-3.137468055136414,9.829164805716834,False,EGLD/USDT
1668052800000,LONG,-0.4983447845096907,,10.38053560274829,True,XMR/USDT
1668052800000,LONG,5.717161104243924,,10.662309435517104,True,BCH/USDT
1668052800000,LONG,7.555181158338053,-1.3639908369507543,7.905181158338063,True,BTC/USDT
1668052800000,LONG,8.403889278206021,,8.753889278206021,True,TRX/USDT
1668052800000,LONG,10.552258450493573,,10.902258450493573,True,NEO/USDT
1668067200000,LONG,-11.771912350597601,,11.421912350597601,False,API3/USDT
1668067200000,LONG,10.054729729729734,-0.09546631543688913,10.404729729729734,False,ARPA/USDT
1668067200000,LONG,10.550118133490859,-10.455206322549715,10.900118133490858,False,RLC/USDT
1668067200000,LONG,11.071220043572984,,11.421220043572983,False,WAVES/USDT
1668081600000,LONG,-5.816434076709068,-1.3304075661689694,10.596467825055862,True,BTC/USDT
1668096000000,LONG,-11.352600544299959,,11.002600544299959,False,STORJ/USDT
1668096000000,LONG,-9.914785164167004,,9.564785164167004,False,DUSK/USDT
1668801600000,SHORT,9.503043116595016,2.4364821899576117,9.853043116595016,False,SFP/USDT
1668830400000,SHORT,11.478501925805789,0.8478175571864525,11.828501925805789,True,CHZ/USDT
1669118400000,LONG,1.445162509448219,-0.8103757616848648,6.611318972033263,True,DOT/USDT
1669118400000,LONG,2.4905905438235867,1.0553961374274896,7.771444589796296,True,UNI/USDT
1669118400000,LONG,6.3869241929633676,0.30499589388357984,6.736924192963367,True,GRT/USDT
1669118400000,LONG,6.58812888032542,0.6266394110016796,6.9381288803254195,True,ATOM/USDT
1669579200000,SHORT,-10.167518248175167,2.2958541763796307,9.817518248175167,True,DOGE/USDT
1669752000000,SHORT,7.4484224965706325,0.44813091658821097,7.798422496570632,True,TRB/USDT
1669982400000,SHORT,8.123019517795647,0.590887828282284,9.07481056257172,True,JASMY/USDT
1670241600000,SHORT,3.857697878195373,1.0234318505610058,4.207697878195373,True,AVAX/USDT
1670241600000,SHORT,5.749104234527666,-1.6356979053833411,6.099104234527665,True,IMX/USDT
1670256000000,SHORT,4.643143907266034,-0.7892029426901578,4.993143907266034,False,YFI/USDT
1670356800000,SHORT,4.960037684138403,-0.675855032392189,10.642685851318937,True,AXS/USDT
1671249600000,LONG,-6.100378469301924,1.5609783498473,5.750378469301924,False,API3/USDT
1671249600000,LONG,-5.9785695708712625,0.6720001507234017,5.628569570871263,True,AR/USDT
1671249600000,LONG,-5.140358902181553,1.3840049878803886,4.790358902181553,True,HBAR/USDT
1671249600000,LONG,-3.7873765310153993,3.3507661451139548,5.814816278150918,False,KSM/USDT
1671249600000,LONG,-3.2150807431845805,-1.0871955518514869,7.294061469005028,False,YFI/USDT
1671249600000,LONG,-2.76723922548407,0.35389100003074214,10.469275452841979,False,WAVES/USDT
1671249600000,LONG,-0.35,0.9682025855625764,5.563859208045259,True,SNX/USDT
1671249600000,LONG,7.145672995422955,-0.34546667835988065,7.495672995422955,True,BNB/USDT
1671264000000,LONG,-8.23000541125541,0.8401294368868323,7.88000541125541,True,ICP/USDT
1671264000000,LONG,-7.179209979209976,-3.167985629835936,6.829209979209977,True,ALGO/USDT
1671264000000,LONG,-5.916159355416289,1.8418208039936437,5.566159355416289,False,ALICE/USDT
1671264000000,LONG,-4.6435082872928195,2.3352094291196313,4.29350828729282,False,DUSK/USDT
1671264000000,LONG,1.9482635342185852,0.47117097292141374,5.188253319713996,False,RVN/USDT
1671278400000,LONG,-6.4774459974587195,0.8872746526102903,6.12744599745872,False,EGLD/USDT
1671278400000,LONG,-5.702364864864844,1.4122152361545484,5.352364864864844,False,API3/USDT
1671278400000,LONG,-4.907068564390311,1.153493241335793,4.5570685643903115,False,IOST/USDT
1671278400000,LONG,-4.8545334739061685,-1.1392061326214593,4.504533473906169,False,YFI/USDT
1671278400000,LONG,-4.641872701914535,0.3503698576951045,9.129776847977686,False,WAVES/USDT
1671278400000,LONG,-3.4391089108910937,3.4342300482720183,5.591009900990093,False,KSM/USDT
1671278400000,LONG,4.998906097922216,0.09370815280113966,7.6326816469891225,True,BNB/USDT
1671292800000,LONG,-5.559573590096285,1.2160409540918016,5.209573590096285,True,ICP/USDT
1671307200000,LONG,-7.898636790974609,,7.5486367909746095,True,FIL/USDT
1671307200000,LONG,-5.8705619412515935,0.11566936670703988,5.520561941251594,True,FLOW/USDT
1671307200000,LONG,-5.650450831220061,-0.30329396844172485,5.300450831220061,True,APE/USDT
1671307200000,LONG,-5.319639419992303,0.5324338292926458,4.969639419992303,True,AR/USDT
1671307200000,LONG,3.764905768132508,0.34160973467166966,4.114905768132508,False,STG/USDT
1671307200000,LONG,4.089253941002034,2.8113700809487985,4.4392539410020335,False,MTL/USDT
1671321600000,LONG,-5.075934579439262,2.4360928214916155,4.725934579439262,False,COTI/USDT
1671321600000,LONG,-4.755793808577106,1.766637262308467,4.405793808577107,False,CTK/USDT
1671336000000,LONG,-4.909588821072918,,4.559588821072919,True,FIL/USDT
1671494400000,LONG,-2.923340195573857,-0.12472557394825175,8.612609366958313,True,GALA/USDT
1671494400000,LONG,0.3975560667050143,0.7617055031064341,4.56166379145102,True,UNI/USDT
1671508800000,LONG,-7.344617092119874,-3.5152129472819356,6.994617092119874,True,ALGO/USDT
1671508800000,LONG,-3.436419753086423,0.05307147613708005,7.890329218106988,True,SUSHI/USDT
1671508800000,LONG,-1.0325938566552821,0.6533822757106323,6.42491467576791,False,ANKR/USDT
1671508800000,LONG,0.23100558659217685,0.6468409700211544,6.939240223463687,True,SAND/USDT
1671508800000,LONG,0.6926940960969462,1.5505650700300482,6.354769620966608,False,IOST/USDT
1671508800000,LONG,3.8755416498452475,1.6537580301940757,6.726631678105234,True,DOGE/USDT
1672142400000,SHORT,6.634729064039389,-0.4850923064597515,6.984729064039389,True,LDO/USDT
1672272000000,LONG,-2.690597255851501,2.4877958967512503,6.013236481033101,True,TRB/USDT
1672300800000,LONG,4.040719647942017,0.13261909071646114,4.390719647942016,True,ETC/USDT
1672387200000,LONG,3.6297713280562895,-0.8400848796886848,5.736587510993852,False,LPT/USDT
1672416000000,LONG,5.4549079754601095,-0.591244325780722,5.804907975460109,True,GALA/USDT
1672430400000,LONG,4.444672131147541,0.6349378918771849,4.79467213114754,False,ONE/USDT
1672646400000,LONG,7.460152838427945,-2.780135672881787,7.810152838427944,False,KAVA/USDT
1672747200000,SHORT,5.882462173314977,0.4305654449277389,6.2324621733149765,True,JASMY/USDT
1672761600000,SHORT,-9.441635361883275,-1.6787104324263329,9.091635361883275,True,LDO/USDT
1672761600000,SHORT,-4.759183780937317,-0.5940846433239028,4.409183780937317,True,OP/USDT
1672776000000,SHORT,5.445890410958893,0.9022614418940199,5.795890410958893,True,JASMY/USDT
1672848000000,SHORT,-3.0213212415572617,1.5100104309325932,8.086817940350596,True,SOL/USDT
1672848000000,SHORT,-0.22102321582114728,-0.6858304596492635,7.458125537403247,True,MASK/USDT
1672876800000,SHORT,-7.430949907235625,2.2014878678944894,7.080949907235626,True,LDO/USDT
1672876800000,SHORT,-5.165726062143296,-0.04839805223965589,4.8157260621432965,True,SNX/USDT
1672876800000,SHORT,-4.552960102960098,1.5068550718761622,4.202960102960098,True,SOL/USDT
1672905600000,SHORT,4.529076232224946,-0.14974585727923412,4.8790762322249455,True,ETC/USDT
1672920000000,SHORT,-7.744548994159622,-0.19258747575758653,7.3945489941596225,True,NEAR/USDT
1672934400000,SHORT,-5.477646459773798,-0.14901401179896412,5.127646459773798,True,ETC/USDT
1673006400000,LONG,5.323168392788648,2.1129421633506857,5.673168392788647,True,TRX/USDT
1673121600000,SHORT,-8.603493356193741,-0.06731503505856823,8.253493356193742,True,GALA/USDT
1673150400000,SHORT,-4.632877882152,0.843282436837438,4.282877882152,True,GALA/USDT
1673265600000,SHORT,-7.941171028284425,3.7671955563558526,7.591171028284426,True,LDO/USDT
1673265600000,SHORT,-3.8111786716557527,,8.431587153102592,True,ADA/USDT
1673280000000,SHORT,-9.903535514764563,-0.9874986025211926,9.553535514764564,True,OP/USDT
1673280000000,SHORT,-8.90156960381033,-2.3006821767690298,8.55156960381033,True,APE/USDT
1673280000000,SHORT,-6.9242433434445285,-0.01480352777888456,6.574243343444529,False,WOO/USDT
1673280000000,SHORT,-5.445106082036747,1.0284359097331643,5.0951060820367475,True,COMP/USDT
1673280000000,SHORT,-4.354774774774762,1.550036798089357,4.004774774774762,True,ATOM/USDT
1673294400000,SHORT,-10.23764328735183,-0.5150360696249632,9.88764328735183,True,SAND/USDT
1673294400000,SHORT,-9.870060944641942,-0.787904596667468,9.520060944641942,True,MANA/USDT
1673294400000,SHORT,-9.099609984399349,-0.22633308886251413,8.74960998439935,True,CRV/USDT
1673294400000,SHORT,-8.837755102040793,-3.0862272601028287,8.487755102040794,True,FLOW/USDT
1673294400000,SHORT,-8.283160267796147,0.10045288574524758,7.933160267796147,True,AXS/USDT
1673294400000,SHORT,-7.809344827586203,0.8595498573981811,7.459344827586204,False,ENJ/USDT
1673294400000,SHORT,-7.758931698774068,3.764854754852125,7.408931698774069,True,LDO/USDT
1673294400000,SHORT,-6.652834943301132,-0.9091469211422853,6.302834943301132,True,IMX/USDT
1673294400000,SHORT,-6.164776632302388,0.3286252470230864,5.814776632302388,True,VET/USDT
1673294400000,SHORT,-6.0388349514562965,-0.25813820238310764,5.688834951456297,True,ENS/USDT
1673294400000,SHORT,-5.926156489558534,0.2947502195027125,5.576156489558534,True,DOGE/USDT
1673294400000,SHORT,-5.845307739183416,-0.004527487410188334,5.495307739183416,True,NEAR/USDT
1673294400000,SHORT,-5.487100557021386,-0.14065178499179634,5.137100557021387,True,NEO/USDT
1673294400000,SHORT,-5.375914786967404,1.568037406864701,5.025914786967404,False,ROSE/USDT
1673294400000,SHORT,-5.276450450450425,0.6130343217189818,4.926450450450425,False,STORJ/USDT
1673294400000,SHORT,-4.969379068602908,-0.9220717953851294,4.619379068602909,True,ALGO/USDT
1673294400000,SHORT,-4.95866197183098,-0.4571498326330042,4.608661971830981,True,INJ/USDT
1673294400000,SHORT,-4.903560209424065,-1.4098108597259258,4.553560209424066,False,YFI/USDT
1673294400000,SHORT,-4.740196006460133,-0.1943962062623841,4.390196006460133,True,BNB/USDT
1673294400000,SHORT,-4.725795053003521,1.0410918836927283,4.375795053003522,True,PEOPLE/USDT
1673294400000,SHORT,-4.699253128784812,0.34749065840476495,4.349253128784812,False,SKL/USDT
1673294400000,SHORT,-4.698295059151001,0.736626543745474,4.348295059151002,True,RUNE/USDT
1673294400000,SHORT,-4.6513297872340456,-1.379063112016951,4.301329787234046,True,DOT/USDT
1673294400000,SHORT,-4.592580402482596,-0.7702887814525603,4.242580402482596,False,KNC/USDT
1673294400000,SHORT,-4.544223484848467,,4.194223484848467,True,ADA/USDT
1673294400000,SHORT,-4.536334106728524,0.23203254143156682,4.186334106728524,True,ZEC/USDT
1673294400000,SHORT,-4.507192800725092,-0.4757236847069592,4.157192800725093,False,IOST/USDT
1673308800000,SHORT,-10.266087419375033,1.7181562301494182,9.916087419375033,True,SOL/USDT
1673308800000,SHORT,-10.131333973128593,-0.9628119831549777,9.781333973128593,True,OP/USDT
1673308800000,SHORT,-7.94650214592272,-2.2758469338128764,7.59650214592272,True,APE/USDT
1673308800000,SHORT,-7.211682242990641,-0.20247287701979305,6.861682242990641,False,KAVA/USDT
1673308800000,SHORT,-6.839696807083437,-1.0464282391692417,6.489696807083438,True,FIL/USDT
1673308800000,SHORT,-5.4754757437684205,-2.2490508698195133,5.125475743768421,True,AR/USDT
1673308800000,SHORT,-5.110456730769229,-0.1637250360900693,4.76045673076923,False,RSR/USDT
1673308800000,SHORT,-4.824465691788496,1.0201156838305145,4.474465691788496,True,COMP/USDT
1673323200000,SHORT,-9.600859571180195,-0.5138961099623617,9.250859571180195,True,SAND/USDT
1673323200000,SHORT,-8.619865067466256,-0.17561129821743754,8.269865067466256,False,ANKR/USDT
1673323200000,SHORT,-8.593012422360221,-0.2254798901522461,8.243012422360222,True,CRV/USDT
1673323200000,SHORT,-7.920624784259562,0.8598871679403272,7.570624784259563,False,ENJ/USDT
1673323200000,SHORT,-7.7696762141967435,-0.7773360168332203,7.419676214196744,True,MANA/USDT
1673323200000,SHORT,-7.434560119289686,0.10150370424457716,7.084560119289686,True,AXS/USDT
1673323200000,SHORT,-6.982586558044795,-3.0140639966985354,6.632586558044795,False,MTL/USDT
1673323200000,SHORT,-5.910889395667034,1.579624333652253,5.560889395667035,True,GRT/USDT
1673323200000,SHORT,-5.626017375400076,0.1440895929211982,5.276017375400077,True,HBAR/USDT
1673323200000,SHORT,-5.48130958354238,1.568022678478306,5.1313095835423805,False,ROSE/USDT
1673323200000,SHORT,-5.352127659574455,0.609989706238397,5.002127659574455,False,STORJ/USDT
1673323200000,SHORT,-5.135814116002789,0.7355725866887528,4.785814116002789,True,RUNE/USDT
1673323200000,SHORT,-4.843528064146611,-0.41398337204187247,4.493528064146611,True,VET/USDT
1673323200000,SHORT,-4.745150259067339,-0.9083805017079399,4.395150259067339,True,IMX/USDT
1673337600000,SHORT,-9.070373688251841,-0.24875150237868565,8.720373688251842,False,WAVES/USDT
1673337600000,SHORT,-6.868276972624788,-1.0456210467379428,6.518276972624788,True,FIL/USDT
1673337600000,SHORT,4.023763511300345,-1.1000058361925653,4.373763511300345,True,GMT/USDT
1673337600000,SHORT,4.100733412396215,1.7152230505811257,4.450733412396215,True,SOL/USDT
1673337600000,SHORT,9.167743403093722,3.7539581323327695,9.517743403093721,True,LDO/USDT
1673352000000,SHORT,-6.751436119766968,-3.011201003286089,6.401436119766968,False,MTL/USDT
1673352000000,SHORT,5.549752964426869,-0.1756478213858745,5.8997529644268685,False,ANKR/USDT
1673366400000,SHORT,6.214334350786553,,6.564334350786552,True,GALA/USDT
1673366400000,SHORT,10.688901132694372,4.903468637815907,11.038901132694372,True,LDO/USDT
1673380800000,SHORT,-12.334861028976915,,11.984861028976916,False,WOO/USDT
1673395200000,SHORT,-9.515115286080261,1.2161079593004516,9.165115286080262,True,PEOPLE/USDT
1673395200000,SHORT,-7.679787234042547,-0.7187424880154082,7.329787234042548,True,IMX/USDT
1673395200000,SHORT,-6.363726835964302,-1.2195550230537229,6.013726835964302,True,CHZ/USDT
1673395200000,SHORT,-5.7589138576779,-0.5747782565568568,5.4089138576779,True,DYDX/USDT
1673395200000,SHORT,-4.728415300546421,0.10191653806444405,4.378415300546421,True,AVAX/USDT
1673409600000,SHORT,-10.205735464398916,-0.7363286814568168,9.855735464398917,True,APT/USDT
1673424000000,SHORT,-10.891944546231827,,10.541944546231827,False,WOO/USDT
1673510400000,SHORT,-9.345083798882653,,8.995083798882654,True,AVAX/USDT
1673524800000,SHORT,-10.096306413301658,-1.0692246938844667,9.746306413301658,False,WAVES/USDT
1673524800000,SHORT,-6.71743838685585,0.25025021588975577,6.36743838685585,False,ONE/USDT
1673524800000,SHORT,-4.693693816398803,-1.5981510393049438,4.343693816398804,True,XRP/USDT
1673539200000,SHORT,-6.098168701442843,,5.748168701442843,True,AVAX/USDT
1673683200000,SHORT,-8.766298500629503,2.3082215580324363,8.416298500629503,True,AR/USDT
1673683200000,SHORT,-7.792252188313201,-1.6648539650119867,7.442252188313201,True,FIL/USDT
1673683200000,SHORT,-7.645846394984311,0.8714065909704533,7.295846394984311,True,PEOPLE/USDT
1673683200000,SHORT,-7.278304239401479,-0.18561924270749655,6.92830423940148,True,CRV/USDT
1673683200000,SHORT,-7.220454545454523,1.8726249774888184,6.870454545454523,True,TRB/USDT
1673683200000,SHORT,-6.4852726063829715,1.5202278488818546,6.135272606382972,True,THETA/USDT
1673683200000,SHORT,-6.31464413184967,1.3037296558149114,5.964644131849671,False,1INCH/USDT
1673683200000,SHORT,-6.000630455868081,1.5206800560713782,5.6506304558680815,True,VET/USDT
1673683200000,SHORT,-1.941852877199921,1.8839705580423063,8.392228594028072,False,DUSK/USDT
1673683200000,SHORT,-1.211450107681268,2.7110665915197494,5.916223977027982,False,CHR/USDT
1673683200000,SHORT,-0.6777399056109001,0.42916953439958533,6.387952281069722,True,NEO/USDT
1673683200000,SHORT,-0.6620356612184235,-0.09729993020042922,6.112332838038622,True,LINK/USDT
1673683200000,SHORT,0.06670005609424651,,5.942327109544012,True,BCH/USDT
1673683200000,SHORT,0.11728971962616863,0.6342026846114893,7.037441588785037,True,RUNE/USDT
1673683200000,SHORT,0.516242038216564,-0.5639530463366929,4.618649681528644,True,XRP/USDT
1673683200000,SHORT,0.6203196347032005,-0.3149001073109233,6.0821347031963295,True,ADA/USDT
1673683200000,SHORT,1.4369415807560153,-0.35548803499593923,9.847457044673519,True,MASK/USDT
1673683200000,SHORT,3.0204859563085162,-0.1438013029735506,7.16404369148461,True,ETC/USDT
1673683200000,SHORT,3.140136570561466,2.601975033834967,7.893994089928895,True,ATOM/USDT
1673683200000,SHORT,4.946614190209175,1.3523775102145932,5.296614190209175,True,ZEC/USDT
1673683200000,SHORT,5.042828084978158,0.6743843653992063,5.392828084978158,True,UNI/USDT
1673697600000,SHORT,-12.2672068636797,,11.9172068636797,True,SNX/USDT
1673697600000,SHORT,-11.804888677653862,0.7095174130039839,11.454888677653862,True,APT/USDT
1673697600000,SHORT,-11.70962752383936,1.3962453370935461,11.359627523839361,True,SOL/USDT
1673697600000,SHORT,-10.404539579967675,0.8207843934158067,10.054539579967676,False,KSM/USDT
1673697600000,SHORT,-7.038238028823787,-2.9172194552468302,6.688238028823787,False,MTL/USDT
1673697600000,SHORT,-1.5241682974559754,,9.67245596868883,False,ZRX/USDT
1673697600000,SHORT,2.2302289953233414,0.3735334572423412,6.414078374455712,True,TRX/USDT
1673697600000,SHORT,6.261635664612421,0.8361923893546434,6.611635664612421,True,XMR/USDT
1673712000000,SHORT,-10.476166783461798,,10.126166783461798,False,KNC/USDT
1673712000000,SHORT,-9.034210526315784,1.0105104516291976,8.684210526315784,False,COTI/USDT
1673712000000,SHORT,-8.40801104972374,0.9267509532026859,8.05801104972374,True,PEOPLE/USDT
1673712000000,SHORT,-8.072580645161272,-1.6475387315863868,7.722580645161272,True,FIL/USDT
1673712000000,SHORT,-7.856478209658416,0.41360118486267866,7.506478209658416,True,RUNE/USDT
1673712000000,SHORT,-7.423311736855209,0.6854965275409984,7.073311736855209,False,EGLD/USDT
1673712000000,SHORT,-7.363520749665314,1.8471680698534463,7.0135207496653145,True,TRB/USDT
1673712000000,SHORT,-7.349803536345767,1.4914038229361448,6.999803536345768,True,VET/USDT
1673712000000,SHORT,-7.261196388261855,2.270581253549456,6.911196388261855,True,AR/USDT
1673712000000,SHORT,-6.909241603466947,1.4800349322269004,6.559241603466948,False,ROSE/USDT
1673712000000,SHORT,-6.879813664596255,-0.18279546883888811,6.529813664596255,True,CRV/USDT
1673712000000,SHORT,-6.873765301815108,0.524283363694538,6.523765301815108,False,1INCH/USDT
1673712000000,SHORT,-6.6265978695073136,1.4875634248713512,6.276597869507314,True,THETA/USDT
1673712000000,SHORT,-5.421197072660724,0.2609438209495479,5.071197072660724,False,ONT/USDT
1673712000000,SHORT,2.8407179115300853,2.664324830433595,6.991515591007971,False,CHR/USDT
1673712000000,SHORT,3.427335984095429,0.48167461217321267,7.558290258449284,True,NEO/USDT
1673712000000,SHORT,3.784446310382281,0.2030081643675174,4.134446310382281,True,BNB/USDT
1673712000000,SHORT,4.185115154961616,0.9363692634975002,9.397441000852995,False,YFI/USDT
1673712000000,SHORT,4.348674145843945,-0.5534632370884798,4.6986741458439445,True,XRP/USDT
1673712000000,SHORT,4.809181269327041,-0.7603090535884088,5.159181269327041,True,LINK/USDT
1673712000000,SHORT,5.250471698113189,-0.011751149496671217,5.600471698113188,True,BCH/USDT
1673712000000,SHORT,5.427053561054949,-0.4551301543634257,5.777053561054949,True,XLM/USDT
1673712000000,SHORT,5.830987188556135,2.506419978842497,6.180987188556134,True,ATOM/USDT
1673712000000,SHORT,6.249311729280159,-0.30988334749406116,6.599311729280159,True,ADA/USDT
1673712000000,SHORT,6.671450428396578,0.4581182583068175,7.0214504283965775,True,UNI/USDT
1673726400000,SHORT,-11.682999999999973,,11.332999999999974,True,SNX/USDT
1673726400000,SHORT,-9.243478260869546,1.4742484991688396,8.893478260869546,False,KSM/USDT
1673726400000,SHORT,-6.655222929936291,-2.9164928344821868,6.305222929936291,False,MTL/USDT
1673726400000,SHORT,3.6908958130477125,,9.138510223953245,False,ZRX/USDT
1673726400000,SHORT,4.4103626943005265,0.36590973541127264,6.1952234455958495,True,TRX/USDT
1673726400000,SHORT,5.384919005247535,1.109383769689075,5.7349190052475345,True,XMR/USDT
1673726400000,SHORT,5.94941027801179,1.6891630163541358,6.2994102780117895,True,APT/USDT
1673740800000,SHORT,-11.175525578135952,-0.5652252878504057,10.825525578135952,True,MANA/USDT
1673740800000,SHORT,-10.502560521415251,-0.15135294094757412,10.152560521415252,True,NEAR/USDT
1673740800000,SHORT,-10.047477477477448,,9.697477477477449,False,ONE/USDT
1673740800000,SHORT,-6.994358080943433,1.1540078940677048,6.644358080943434,True,AAVE/USDT
1673740800000,SHORT,-6.099039156191296,0.9289317607727221,5.749039156191296,False,YFI/USDT
1673740800000,SHORT,2.2145380434782576,,6.653923233695641,True,DOT/USDT
1673740800000,SHORT,3.8199447123867523,0.6136904203498175,4.169944712386752,True,DOGE/USDT
1673740800000,SHORT,5.525288937809562,1.0698325322942968,5.875288937809562,True,AXS/USDT
1673755200000,SHORT,-7.83454288407161,2.4826456031594994,7.48454288407161,True,SAND/USDT
1673755200000,SHORT,-7.196894103727073,,6.846894103727073,True,COMP/USDT
1673755200000,SHORT,-5.361685261303572,0.8149218081981315,5.0116852613035725,True,HBAR/USDT
1673755200000,SHORT,-4.642942773128245,-0.9739850681989077,4.292942773128245,False,STG/USDT
1673755200000,SHORT,5.612837092289355,1.3723181841539311,11.557576025069501,True,SOL/USDT
1673755200000,SHORT,6.546912751677843,-1.2256141612954852,6.896912751677843,True,DYDX/USDT
1673769600000,SHORT,-8.349484801648613,-0.2680646893136912,7.999484801648612,True,MANA/USDT
1673769600000,SHORT,-6.980068337129841,1.1516343748241786,6.630068337129841,True,AAVE/USDT
1673769600000,SHORT,-6.579976905311766,-0.14983224346633095,6.229976905311767,True,NEAR/USDT
1673769600000,SHORT,-5.225650152549751,0.9255791368142108,4.875650152549752,False,YFI/USDT
1673784000000,SHORT,-5.830561555075589,,10.806587473002145,False,KNC/USDT
1673784000000,SHORT,6.316103983794715,1.3735958255827,6.666103983794715,True,SOL/USDT
1673812800000,SHORT,-5.0468563070340045,1.3712016477898612,4.696856307034005,True,SOL/USDT
1673827200000,SHORT,10.877334032668957,,11.227334032668956,True,APT/USDT
1673856000000,SHORT,-6.750654022236743,0.4562703957195298,6.400654022236743,True,FIL/USDT
1673856000000,SHORT,-6.659162995594699,3.6711130338469022,6.3091629955947,False,BAT/USDT
1673856000000,SHORT,-6.1874091546601955,1.0696058222403293,5.837409154660196,True,AAVE/USDT
1673856000000,SHORT,-5.623058542413367,1.9575909363603905,5.273058542413367,False,STORJ/USDT
1673856000000,SHORT,3.9085829766999525,1.5483125135269498,4.258582976699953,True,VET/USDT
1673856000000,SHORT,4.680722630895703,0.06462006622024324,5.030722630895703,True,ALGO/USDT
1673856000000,SHORT,5.9385992311388645,1.4255928266918731,6.288599231138864,True,GRT/USDT
1673856000000,SHORT,7.892017879948899,1.8124099699362561,8.242017879948898,True,TRB/USDT
1673856000000,SHORT,9.355549110595508,,9.705549110595507,True,COMP/USDT
1673856000000,SHORT,10.818088569103583,0.987472247106879,11.168088569103583,False,WAVES/USDT
1673870400000,SHORT,-12.018122786304586,1.0208281324270014,11.668122786304586,True,CRV/USDT
1673870400000,SHORT,-7.085916666666659,3.397908265947373,6.735916666666659,False,ENJ/USDT
1673870400000,SHORT,8.161088082901545,0.04026878883742091,8.511088082901544,False,WOO/USDT
1673870400000,SHORT,10.629830985915493,4.578218434670334,10.979830985915493,False,ONE/USDT
1673913600000,SHORT,8.176043165467624,-0.49403698562461973,8.526043165467623,True,CELO/USDT
1673942400000,SHORT,4.800924608819345,-0.05618101192595836,5.150924608819345,True,CELO/USDT
1673985600000,SHORT,7.566613325574626,0.8866613856725702,7.916613325574626,False,KSM/USDT
1674000000000,SHORT,6.039760420085303,1.0904200175321106,6.389760420085302,True,IMX/USDT
1674014400000,SHORT,-5.999653193016001,2.1084474791356995,5.649653193016001,True,AAVE/USDT
1674043200000,SHORT,-7.974260712130352,1.4644619560215257,7.6242607121303525,False,KSM/USDT
1674072000000,SHORT,-11.775839361899449,2.134546817267356,11.425839361899449,True,HBAR/USDT
1674302400000,SHORT,-4.451704945751716,2.1715487037063603,4.101704945751717,True,HBAR/USDT
1674302400000,SHORT,8.125333174678708,3.312582052735525,8.475333174678708,False,KNC/USDT
1674345600000,SHORT,-8.933410441767062,0.8574832308583931,8.583410441767063,True,APT/USDT
1674417600000,SHORT,8.166228748068006,2.731974241913733,8.516228748068006,True,INJ/USDT
1674417600000,SHORT,9.000325581395334,4.334023768881751,9.350325581395333,True,CRV/USDT
1674446400000,SHORT,5.913505894413121,2.9845065989214756,6.263505894413121,True,INJ/USDT
1674446400000,SHORT,9.000325581395334,3.701359905804256,9.350325581395333,True,CRV/USDT
1674460800000,SHORT,-6.600663544106167,,6.2506635441061675,False,STG/USDT
1674489600000,SHORT,-7.910534218428942,,7.560534218428942,False,STG/USDT
1674489600000,SHORT,6.07181846783073,,6.42181846783073,True,AXS/USDT
1674518400000,SHORT,6.371772006246391,,6.721772006246391,True,AXS/USDT
1674561600000,SHORT,6.644504585258205,0.7066680421707178,6.994504585258205,True,CHZ/USDT
1674633600000,SHORT,-9.818984729673934,3.766956527910889,9.468984729673934,False,COTI/USDT
1674734400000,SHORT,-8.12693518386036,2.548227743353212,7.776935183860359,False,DUSK/USDT
1674806400000,SHORT,7.530156182212569,6.505369275281339,7.880156182212569,False,COTI/USDT
1674864000000,SHORT,-5.9572288272420355,2.7327366226195053,5.607228827242036,False,WAVES/USDT
1674892800000,SHORT,6.762314423007946,2.724339415493515,7.112314423007946,False,WAVES/USDT
1674950400000,SHORT,-4.651132725929559,0.22588707423661103,4.301132725929559,True,AVAX/USDT
1675065600000,SHORT,-1.115027322404372,,9.946338797814173,False,ALICE/USDT
1675252800000,SHORT,-10.021968190854858,4.073129523421996,9.671968190854859,True,DYDX/USDT
1675281600000,SHORT,-5.502960472363446,,5.152960472363446,False,SFP/USDT
1675353600000,SHORT,-7.763084112149519,1.6205416610441965,7.4130841121495195,True,INJ/USDT
1675382400000,SHORT,-11.952409638554203,0.6794452823743791,11.602409638554203,True,OP/USDT
1675382400000,SHORT,-7.409645293315126,1.61958361199736,7.059645293315127,True,INJ/USDT
1675540800000,SHORT,1.912931034482749,1.3665718432320555,11.59455818965517,True,TRB/USDT
1675598400000,SHORT,-9.662565812565807,1.2055815300845156,9.312565812565808,False,BAT/USDT
1675656000000,SHORT,-11.827474807350313,1.1613886232056698,11.477474807350314,True,JASMY/USDT
1675684800000,LONG,-9.98810791498833,2.179463629433147,9.63810791498833,True,APT/USDT
1675800000000,SHORT,10.534908757362153,2.085147835485728,10.884908757362153,False,LPT/USDT
1675814400000,SHORT,8.668958554728993,1.7799809631761354,9.018958554728993,False,ARPA/USDT
1675843200000,SHORT,-4.846943317835579,2.0863550045801666,4.496943317835579,False,LPT/USDT
1675886400000,SHORT,9.76158362786454,0.686088384370029,10.11158362786454,True,GRT/USDT
1676073600000,LONG,-0.3563387423935033,0.40744075878683367,4.4267811866125735,True,XMR/USDT
1676203200000,SHORT,8.816298342541433,1.1014398431552561,9.166298342541433,True,HBAR/USDT
1676577600000,SHORT,-5.974697151309594,0.03278965801866329,7.817831730891845,True,BTC/USDT
1676592000000,SHORT,0.6216710004105569,2.2763668842406837,5.598453537703571,False,DASH/USDT
1676721600000,SHORT,-8.843521126760551,,8.493521126760552,True,ICP/USDT
1676750400000,SHORT,-5.152279807419969,,4.8022798074199695,True,ICP/USDT
1676822400000,SHORT,-7.30906432748537,0.16394192216151277,6.95906432748537,True,VET/USDT
1676822400000,SHORT,-5.78446528129749,0.42399077522628986,5.4344652812974905,True,LINK/USDT
1676822400000,SHORT,9.212109196278755,-0.3457300579929195,9.562109196278755,False,WOO/USDT
1676822400000,SHORT,10.631089055793975,-0.2059195191277352,10.981089055793975,True,ICP/USDT
1676836800000,SHORT,6.011643835616428,2.928303916331111,6.3616438356164275,True,DOT/USDT
1676851200000,SHORT,10.072125334263436,9.560319211851382,10.422125334263436,True,FIL/USDT
1676880000000,SHORT,11.370444005920058,-0.43262947391160206,11.720444005920058,False,WAVES/USDT
1676908800000,SHORT,4.222191930207187,,4.572191930207187,False,MTL/USDT
1676908800000,SHORT,9.86712218649518,-0.4343644063152134,10.21712218649518,False,WAVES/USDT
1676923200000,SHORT,10.392823316386917,0.8629349978697076,10.742823316386916,False,IOST/USDT
1676937600000,SHORT,7.0963419456894075,,7.446341945689407,False,MTL/USDT
1676952000000,SHORT,8.561796037213254,0.8558241240246995,8.911796037213254,False,IOST/USDT
1676966400000,SHORT,-9.772084314145076,1.1629247193552898,9.422084314145076,False,ARPA/USDT
1676966400000,SHORT,5.416742819843319,1.4922792262953075,5.766742819843318,True,VET/USDT
1676966400000,SHORT,7.680248469571476,1.1923070645570573,11.6772056175729,False,ONT/USDT
1676966400000,SHORT,8.480585541380417,2.3666508922303717,8.830585541380417,False,CTK/USDT
1676966400000,SHORT,11.490451993461713,1.2233294615232035,11.840451993461713,True,NEO/USDT
1676980800000,SHORT,5.380713943459502,0.5146173718470577,5.730713943459501,True,BCH/USDT
1677024000000,SHORT,6.421673819742487,2.737477186695082,6.771673819742487,True,NEO/USDT
1677024000000,SHORT,6.963121823502221,1.2069576447957187,7.313121823502221,False,1INCH/USDT
1677052800000,SHORT,6.650015356265342,1.1806429101871385,7.000015356265342,False,1INCH/USDT
1677153600000,SHORT,8.887908309455575,-0.9248626597258565,9.237908309455575,False,RVN/USDT
1677225600000,SHORT,2.1762710964865724,2.0381447066632474,11.15935675618298,False,YFI/USDT
1678003200000,LONG,-4.304238329238337,0.5281352569304552,11.828578009828014,False,MAGIC/USDT
1678392000000,LONG,-6.491302376201701,0.9745081777583126,6.141302376201701,True,ATOM/USDT
1678420800000,LONG,-5.03907717811752,-0.43999384835986804,4.68907717811752,True,ATOM/USDT
1678449600000,LONG,-10.194535899708747,-1.1147448825150519,9.844535899708747,False,YFI/USDT
1678449600000,LONG,5.076700734589582,2.232616348769071,5.4267007345895815,True,ADA/USDT
1678449600000,LONG,5.353762271471401,1.089919720884958,5.7037622714714,True,ETC/USDT
1678449600000,LONG,5.465616246498591,0.8173657016478436,5.815616246498591,False,CTK/USDT
1678449600000,LONG,5.957815359587873,0.6683029899063635,6.307815359587873,True,AVAX/USDT
1678449600000,LONG,6.000155364649975,-0.3772711171214116,6.350155364649974,True,DOT/USDT
1678449600000,LONG,6.170205600850774,1.7248568457896956,6.520205600850773,False,QNT/USDT
1678449600000,LONG,7.058003427592112,0.6025884920442367,7.408003427592112,True,HBAR/USDT
1678449600000,LONG,7.060846953937581,-1.4913489685169772,7.410846953937581,True,CHZ/USDT
1678449600000,LONG,7.5676650366748195,-0.19416422026601404,7.917665036674819,True,ICP/USDT
1678449600000,LONG,8.231003289473689,0.6389314046409392,8.581003289473689,True,JASMY/USDT
1678449600000,LONG,9.299699682683585,-1.6309543922364291,9.649699682683584,True,SOL/USDT
1678449600000,LONG,9.665855592145382,-1.3049224319800943,10.015855592145382,False,WOO/USDT
1678464000000,LONG,3.8196267035909934,1.1955672176257723,4.1696267035909935,True,ETH/USDT
1678464000000,LONG,4.295963373742573,0.4081191753942459,4.645963373742573,True,XLM/USDT
1678464000000,LONG,4.830609192276316,1.0423425114680114,5.180609192276315,True,BCH/USDT
1678464000000,LONG,6.890309142731858,-0.7755352717371045,7.240309142731857,True,THETA/USDT
1678464000000,LONG,6.92278395229059,-1.446123470965172,7.27278395229059,True,AXS/USDT
1678464000000,LONG,7.123715124816427,-1.118781323304236,7.473715124816427,False,CHR/USDT
1678464000000,LONG,7.343533800587853,-0.2828754909292569,7.693533800587852,False,1INCH/USDT
1678464000000,LONG,7.4102839600920944,-0.7964316541149156,7.760283960092094,True,MANA/USDT
1678464000000,LONG,7.514333413790332,-1.3021962542203778,7.864333413790332,True,ENS/USDT
1678464000000,LONG,8.212430939226525,-0.30571479361435044,8.562430939226525,True,SUSHI/USDT
1678464000000,LONG,8.555900541097662,-0.5888981531653826,8.905900541097662,True,COMP/USDT
1678464000000,LONG,9.334303630363033,-0.7012422417860464,9.684303630363033,True,AR/USDT
1678464000000,LONG,10.171272960273374,2.393806419397896,10.521272960273386,True,GRT/USDT
1678478400000,LONG,-10.045811518324602,-1.5898849761684848,9.695811518324602,True,CELO/USDT
1678478400000,LONG,-6.083401699384697,-1.6762396019209957,5.7334016993846975,True,AAVE/USDT
1678478400000,LONG,7.498951571206989,1.0748842612032092,7.848951571206989,True,ETC/USDT
1678478400000,LONG,7.757046395120888,-2.22264246124429,8.107046395120888,False,IOST/USDT
1678478400000,LONG,7.792256097560969,-0.19316161415790248,8.142256097560969,True,ICP/USDT
1678478400000,LONG,7.976361483820041,0.15888896990136933,8.32636148382004,False,API3/USDT
1678478400000,LONG,8.17313865358894,-1.2052032017832028,8.523138653588939,False,RVN/USDT
1678478400000,LONG,8.36623376623378,0.11822059638362796,8.71623376623378,True,GMT/USDT
1678478400000,LONG,9.674612579762977,-4.308860364860922,10.024612579762989,False,MTL/USDT
1678478400000,LONG,11.276828537170253,-0.11655181066466842,11.626828537170253,True,FET/USDT
1678492800000,LONG,-6.293648558014756,-1.4485024262969717,5.943648558014757,True,AXS/USDT
1678492800000,LONG,-5.919195008563735,0.6444686775223731,5.569195008563735,False,SFP/USDT
1678492800000,LONG,-4.817909774436091,0.04808576863101366,4.467909774436091,True,DOGE/USDT
1678492800000,LONG,5.049902482269499,1.0398429479902465,5.399902482269499,True,BCH/USDT
1678492800000,LONG,5.186208020308051,0.6761329237745747,5.536208020308051,True,ETH/USDT
1678492800000,LONG,5.8094436967249905,-0.40686729261067595,6.15944369672499,False,1INCH/USDT
1678507200000,SHORT,-11.14716296213559,1.0121267051313338,10.797162962135591,False,KAVA/USDT
1678550400000,LONG,6.08802235597592,0.09332387073161971,6.43802235597592,True,TRX/USDT
1678564800000,LONG,7.810598340845255,-0.02439583531438743,8.160598340845254,False,DUSK/USDT
1678824000000,SHORT,9.15406350914961,0.5047713339523269,9.50406350914961,False,KAVA/USDT
1678852800000,SHORT,6.098491454482023,1.8588728957941996,6.448491454482022,False,KAVA/USDT
1678867200000,SHORT,5.311563118695194,4.001217105748694,5.661563118695193,False,WOO/USDT
1678867200000,SHORT,6.405655466161839,2.1885726210321477,6.755655466161839,True,ATOM/USDT
1679126400000,SHORT,6.544957644211358,-0.8743851763193294,6.894957644211358,False,ONT/USDT
1679140800000,SHORT,-9.313660578386582,-0.02801986201662889,8.963660578386582,False,DUSK/USDT
1679140800000,SHORT,1.008024691358039,2.2621117818626053,4.428578741342953,True,BNB/USDT
1679140800000,SHORT,9.114291460751625,2.7791895049009563,9.464291460751625,False,MINA/USDT
1679140800000,SHORT,10.117033935654465,2.033384752734024,10.467033935654465,True,INJ/USDT
1679169600000,SHORT,11.235390318360231,1.5250995871181547,11.585390318360231,True,GALA/USDT
1679184000000,SHORT,10.802006084806992,3.0816038501869496,11.152006084806992,False,ARPA/USDT
1679212800000,SHORT,9.896011458792419,0.6932707052491357,10.246011458792418,True,GMT/USDT
1679241600000,SHORT,6.707507035259053,4.412762166043317,7.057507035259053,True,MASK/USDT
1679284800000,SHORT,11.124580854515953,0.6801711073896074,11.474580854515953,False,API3/USDT
1679472000000,SHORT,-3.6697831978319764,-1.2501840264552144,11.60300361336945,True,XRP/USDT
1680091200000,SHORT,-6.391310344827566,0.4208802681239732,6.041310344827567,True,XLM/USDT
1680091200000,SHORT,7.58031973539138,0.09876989614955217,7.93031973539138,True,XRP/USDT
1680120000000,SHORT,-6.276513138470603,0.6559878029410764,5.926513138470604,True,XLM/USDT
1680120000000,SHORT,7.998422800221338,0.31942177455815207,8.348422800221337,True,XRP/USDT
1680220800000,SHORT,4.9083195440338425,0.8617740052718926,10.516252987681542,False,1INCH/USDT
1680321600000,SHORT,-8.424975424799891,0.689908240739825,8.074975424799891,True,HBAR/USDT
1680321600000,SHORT,0.5194060583874863,2.830580107961732,5.1098471675665555,True,XLM/USDT
1680350400000,SHORT,-6.747597378958858,0.09684282606205437,6.397597378958858,False,BAT/USDT
1680379200000,SHORT,11.33080593849417,1.0698713769259574,11.680805938494169,False,ANKR/USDT
1680393600000,SHORT,-8.479663730984761,1.6368090614989173,8.129663730984761,True,INJ/USDT
1680393600000,SHORT,6.26684782608695,-0.0925409085761574,6.61684782608695,False,ZRX/USDT
1680436800000,SHORT,-9.30642848077166,0.19161006182921847,8.95642848077166,True,DOGE/USDT
1680580800000,SHORT,-2.07031076581576,1.9055334165669433,11.320754716981119,True,INJ/USDT
1680724800000,SHORT,3.76916354556803,2.179915679522683,4.11916354556803,True,RUNE/USDT
1680753600000,SHORT,7.08202180611519,-0.40567571739761715,7.4320218061151895,False,STG/USDT
1680811200000,SHORT,11.306000000000003,1.2137988597362643,11.656000000000002,False,ONT/USDT
1680840000000,SHORT,11.19256688113782,2.4372756570936005,11.54256688113782,False,ONT/USDT
1680868800000,SHORT,8.501392663043474,2.4328866428269165,8.851392663043473,False,ONT/USDT
1680883200000,SHORT,-9.32836897066136,0.0959562775583938,8.97836897066136,False,ACH/USDT
1680897600000,SHORT,4.12204227753153,2.4330594096456144,4.472042277531529,False,ONT/USDT
1680897600000,SHORT,5.842492046659595,1.0653205287028167,6.192492046659595,False,ENJ/USDT
1680926400000,SHORT,6.770919689119151,1.0658545449762233,7.120919689119151,False,ENJ/USDT
1680984000000,SHORT,2.9928916389978792,0.768754741283757,8.133572290974943,True,CHZ/USDT
1680998400000,SHORT,2.2334505691264863,1.1160037607431006,8.458434582427412,False,KNC/USDT
1681185600000,SHORT,-7.542964413973205,-1.1007191802141547,7.192964413973205,True,JASMY/USDT
1681214400000,SHORT,-6.249430338541647,-1.0986698660314806,5.899430338541648,True,JASMY/USDT
1681257600000,SHORT,-8.862608966376076,1.650840105751381,8.512608966376076,True,INJ/USDT
1681257600000,SHORT,-5.732364676153737,-0.693312858504416,5.382364676153737,True,SOL/USDT
1681286400000,SHORT,-5.713512696493347,1.6531573584693449,5.3635126964933475,True,INJ/USDT
1681473600000,SHORT,-11.359775344534645,2.659202313929747,11.009775344534646,False,WOO/USDT
1681473600000,SHORT,-9.157896542623378,0.0302653010619032,8.807896542623379,False,DUSK/USDT
1681473600000,SHORT,-6.193819687798642,-0.489295936265991,5.843819687798642,True,OP/USDT
1681473600000,SHORT,-6.079475449832243,0.623505837440859,5.729475449832243,False,ROSE/USDT
1681473600000,SHORT,-6.0468907093650905,1.0459058649338164,5.696890709365091,True,ICP/USDT
1681473600000,SHORT,-5.3325600813185146,2.7617619908554194,4.982560081318515,True,ENS/USDT
1681473600000,SHORT,-5.0527434842249646,-0.379322164330052,4.702743484224965,True,DOT/USDT
1681473600000,SHORT,-4.642273472254733,-0.030796350877901196,4.292273472254734,True,ADA/USDT
1681473600000,SHORT,-4.430238834951438,1.2301351355290049,4.080238834951438,True,ETH/USDT
1681516800000,SHORT,-5.851492537313425,2.081915141269615,5.501492537313426,True,FET/USDT
1681560000000,SHORT,-6.5867998981669995,0.3038680356183874,6.236799898167,True,INJ/USDT
1681617600000,SHORT,7.668764602803728,-1.3983127495819878,8.018764602803728,True,JASMY/USDT
1681617600000,SHORT,7.887320987654306,3.546401673874068,8.237320987654305,False,WOO/USDT
1681632000000,SHORT,6.674758983347933,,7.024758983347932,False,TLM/USDT
1681646400000,SHORT,5.944670984837307,-1.395916673778954,6.294670984837307,True,JASMY/USDT
1681660800000,SHORT,3.806044425459192,,4.156044425459192,False,TLM/USDT
1681675200000,SHORT,-7.19340653454739,0.9280355521801861,6.84340653454739,False,COTI/USDT
1681675200000,SHORT,5.533234519104076,-0.0479072983624268,5.883234519104076,False,ONT/USDT
1681675200000,SHORT,7.885392787251867,5.203467472001137,8.235392787251866,False,WOO/USDT
1681689600000,SHORT,-5.553027740189434,-0.29641877744834233,5.203027740189435,True,ICP/USDT
1681689600000,SHORT,4.321646820939108,2.972368017844053,4.671646820939108,True,NEO/USDT
1681689600000,SHORT,9.876472374013343,0.5301344517439841,10.226472374013342,False,SKL/USDT
1681704000000,SHORT,-6.6247782002534805,0.41520646671893274,6.274778200253481,False,ONE/USDT
1681704000000,SHORT,-4.624249869315204,0.9269764655000835,4.274249869315204,False,COTI/USDT
1681704000000,SHORT,5.043571042679637,0.05130696922614704,5.393571042679636,False,CHR/USDT
1681704000000,SHORT,8.726676881171251,-0.04781483913692866,9.07667688117125,False,ONT/USDT
1681718400000,SHORT,9.575799750727022,-0.102837420182672,9.925799750727021,False,HIGH/USDT
1681732800000,SHORT,-6.269297465540236,1.8664590622082713,5.919297465540236,True,DOGE/USDT
1681732800000,SHORT,-6.06751640585563,-0.3760480299745529,5.717516405855631,True,ICP/USDT
1681732800000,SHORT,6.838736263736264,0.051109795815230306,7.1887362637362635,False,CHR/USDT
1681747200000,SHORT,-5.450041614648359,-0.24906664477934937,5.100041614648359,False,ONE/USDT
1681761600000,SHORT,10.333114446529066,2.0149543993193904,10.683114446529066,True,INJ/USDT
1681819200000,SHORT,8.475253320216407,1.2361878982089087,8.825253320216406,False,COTI/USDT
1681833600000,SHORT,-5.578339594289998,-0.3626830884787478,5.228339594289999,True,ICP/USDT
1681876800000,SHORT,3.9610449892882627,2.5380053569406877,4.311044989288263,True,LINK/USDT
1681876800000,SHORT,7.325656041512208,-0.35766457082745856,7.675656041512208,True,ICP/USDT
1682812800000,SHORT,7.6726587052168345,-0.7773809927526857,8.022658705216834,True,ICP/USDT
1682884800000,SHORT,-7.109199828840387,0.8363498074596334,6.759199828840387,False,RLC/USDT
1682913600000,SHORT,-7.706389845094655,0.8279389245111153,7.356389845094656,False,RLC/USDT
1682956800000,SHORT,-0.5376172607880011,0.9204292645492538,9.285600375234518,True,PEOPLE/USDT
1683057600000,SHORT,7.047343300166677,0.8189068426896928,7.397343300166677,False,RLC/USDT
1683144000000,LONG,7.737794955248157,0.21510905977396302,8.087794955248157,False,SSV/USDT
1683532800000,LONG,-6.836634844868735,-0.13113619215300248,6.486634844868735,False,ONE/USDT
1683532800000,LONG,-6.321185972663266,1.4662030474459655,5.971185972663267,False,CTK/USDT
1683590400000,LONG,1.289799888827131,1.2723963089044994,5.786548082267927,False,CTK/USDT
1683604800000,LONG,-3.1637561411344355,0.7306579561437903,10.942384993300566,False,ZRX/USDT
1683604800000,LONG,1.278664495114008,0.040967214533972535,7.985884907709012,False,MINA/USDT
1683619200000,LONG,-5.3976190476190355,-1.8893112295074814,5.047619047619036,True,NEO/USDT
1683619200000,LONG,-4.738227513227514,0.12234614283315401,4.388227513227514,False,KNC/USDT
1683633600000,LONG,6.782927200731033,1.390557081482976,7.132927200731032,False,CKB/USDT
1683720000000,LONG,-5.189896289094148,-1.2465292279887241,4.839896289094148,False,GMX/USDT
1683878400000,LONG,0.8992192379762659,-0.09370282434552726,7.835103060587133,True,OP/USDT
1683921600000,LONG,0.5449005230519981,0.6844810756012463,4.149146353756376,True,BTC/USDT
1684195200000,SHORT,0.7831213825711277,-0.6162218933834,7.7732371402950875,True,GRT/USDT
1684310400000,SHORT,-9.64004937333839,0.9394929338898892,9.290049373338391,False,ACH/USDT
1684324800000,SHORT,2.7542128603104152,-0.9776203266078246,6.769663374319696,True,MANA/USDT
1684324800000,SHORT,6.85100187852224,-0.0051350337616139115,10.72567313713209,True,GALA/USDT
1684368000000,SHORT,10.27309840996991,1.253414482452491,10.62309840996991,True,LDO/USDT
1684411200000,SHORT,-5.102069995731964,-1.3254939457799195,4.752069995731964,True,SNX/USDT
1684425600000,SHORT,8.199526627218924,-0.10549495480212157,8.549526627218924,False,HIGH/USDT
1684483200000,SHORT,3.7143144260830616,-0.6437918045974889,9.08016971862438,True,MASK/USDT
1684512000000,SHORT,5.187888888888887,-0.6412443786232632,5.537888888888887,True,MASK/USDT
1684944000000,LONG,4.536682808716691,-0.848795004342585,4.886682808716702,True,SAND/USDT
1684944000000,SHORT,7.853399213576157,0.07577166278776717,8.203399213576157,False,WAVES/USDT
1685361600000,SHORT,1.9148752399232256,-0.3382588219034237,6.113934740882914,False,ANKR/USDT
1685361600000,SHORT,7.002722700454576,-0.9841631004574908,7.352722700454575,False,MAGIC/USDT
1685390400000,SHORT,4.893816838421133,-1.033401842391805,5.243816838421132,False,MAGIC/USDT
1685448000000,SHORT,3.083476394849778,0.0907958831874276,7.857176919408667,False,IOTA/USDT
1685505600000,SHORT,-5.1769722071688395,-1.0106833240213904,4.82697220716884,True,GRT/USDT
1685505600000,SHORT,-4.955269868253278,-2.833568233799362,4.605269868253278,True,FIL/USDT
1685505600000,SHORT,-4.650962861072881,1.9219358469747858,4.300962861072882,True,XRP/USDT
1685505600000,SHORT,-4.526029929577456,0.012835234143955224,4.176029929577457,False,QNT/USDT
1685534400000,SHORT,-5.240707350901507,1.8813058096839985,4.890707350901508,True,XRP/USDT
1685923200000,SHORT,4.309303160919529,-0.6194221889619305,4.659303160919529,False,ROSE/USDT
1685995200000,LONG,-3.5063845050215217,0.08474357582016895,10.455954088952643,False,SSV/USDT
1686009600000,LONG,-4.632478896438141,-1.1882838091375327,6.088634959851763,True,HBAR/USDT
1686009600000,LONG,-3.7604142405589704,-2.19485745232746,6.752054566627855,True,AAVE/USDT
1686024000000,LONG,-10.380763008897281,-1.4421508466893027,10.030763008897281,False,ID/USDT
1686024000000,LONG,-7.746557458839184,-0.31551949440449983,7.396557458839184,False,YFI/USDT
1686024000000,LONG,-6.532681992337175,-1.595092423107907,6.182681992337176,False,ONE/USDT
1686024000000,LONG,-6.358361102696145,-2.6010991188651547,6.008361102696146,True,COMP/USDT
1686024000000,LONG,6.590059642147111,-0.560426348559647,6.94005964214711,False,SSV/USDT
1686052800000,LONG,-7.2880903225806435,-1.4414122327837593,6.938090322580644,False,ID/USDT
1686052800000,LONG,-7.04102564102563,-0.5618810756208628,6.691025641025631,False,SSV/USDT
1686052800000,LONG,-5.5258394160584,-1.5109106039124287,5.1758394160584,True,GALA/USDT
1686052800000,LONG,-4.623403822692147,-0.6498723549659049,4.273403822692147,False,ZEN/USDT
1686052800000,LONG,5.0606364801367025,0.3293464659013916,5.410636480136702,True,CFX/USDT
1686067200000,LONG,-9.916510338946924,-0.8146342526177969,9.566510338946925,False,ASTR/USDT
1686067200000,LONG,-8.016582703610418,-2.341280845416441,7.666582703610418,False,ALICE/USDT
1686067200000,LONG,-7.157988077496288,-0.8062905267817859,6.807988077496288,False,1INCH/USDT
1686067200000,LONG,-6.956024999999994,-0.8371603242226829,6.6060249999999945,True,GRT/USDT
1686067200000,LONG,-5.668349792927693,-2.376445386301786,5.318349792927694,False,COTI/USDT
1686067200000,LONG,-5.64507070707072,-2.195971188381789,5.29507070707072,False,RSR/USDT
1686067200000,LONG,-4.917614373356696,,4.5676143733566965,True,BNB/USDT
1686081600000,LONG,-6.756722034778085,-1.4394827032062725,6.4067220347780856,False,ID/USDT
1686096000000,LONG,-5.34568520206625,-0.7962104797566704,4.995685202066251,False,1INCH/USDT
1686412800000,LONG,-8.307957957957965,,10.18018018018019,True,CRV/USDT
1686412800000,LONG,-3.054662461025299,-1.375972015795976,10.030708433036036,True,XMR/USDT
1686412800000,LONG,-2.552898550724639,0.8927821316309968,9.210386473429958,False,QNT/USDT
1686412800000,LONG,0.034615384615384936,,11.899711538461538,False,QTUM/USDT
1686412800000,LONG,2.938129295931637,-0.624853694886026,11.727624001486156,False,YFI/USDT
1686412800000,LONG,3.6235099337748524,0.04819308745731767,7.562913907284768,True,TRX/USDT
1686427200000,LONG,-9.549846203140023,,9.199846203140023,True,SOL/USDT
1686427200000,LONG,-7.331791976939696,,6.9817919769396966,False,MINA/USDT
1686427200000,LONG,-5.890922836796414,-0.6790992297050071,10.512174422007615,True,GRT/USDT
1686427200000,LONG,-5.347012764837481,-1.5774148390523441,4.997012764837481,False,IOST/USDT
1686427200000,LONG,-5.344132220628504,,8.295240578954227,True,ENS/USDT
1686427200000,LONG,-3.4650667514303803,,7.652320406865859,False,IOTA/USDT
1686427200000,LONG,-2.7749422632794354,,4.905080831408772,False,ZRX/USDT
1686427200000,LONG,-2.5917153996101296,,8.365399610136464,False,TLM/USDT
1686427200000,LONG,-2.5149621463673832,,6.695948997210775,True,ETC/USDT
1686427200000,LONG,-1.9460533952408507,,4.890559102340875,True,BCH/USDT
1686427200000,LONG,-1.3158725048293678,,5.7568576947842915,True,VET/USDT
1686427200000,LONG,-0.4602292768959314,,6.146604938271594,True,HBAR/USDT
1686427200000,LONG,-0.20274869109947083,,6.270255235602086,False,ZEN/USDT
1686427200000,LONG,-0.005765920826165727,,6.55389175750622,True,LINK/USDT
1686427200000,LONG,1.5470189701896935,,7.775248419150854,True,ALGO/USDT
1686427200000,LONG,1.948190175237003,-0.7817862974083558,9.493823613904041,True,FIL/USDT
1686427200000,LONG,4.073445631333876,,4.423445631333876,False,ASTR/USDT
1686427200000,LONG,4.324163527586966,,4.674163527586965,True,DOT/USDT
1686427200000,LONG,5.056525486333423,,5.406525486333411,True,UNI/USDT
1686427200000,LONG,6.250923675255234,,6.600923675255223,True,ATOM/USDT
1686427200000,LONG,6.519904891304346,,6.869904891304346,False,RLC/USDT
1686441600000,LONG,-5.991071428571436,,5.641071428571436,True,CRV/USDT
1686441600000,LONG,-5.6177849037987215,-1.2519490768623731,5.267784903798722,False,ANKR/USDT
1686441600000,LONG,4.249472927647348,,4.599472927647348,False,QTUM/USDT
1686441600000,LONG,6.652202810482331,,7.002202810482331,True,ADA/USDT
1686456000000,LONG,-6.37262766385203,-0.677920307480551,6.02262766385203,True,GRT/USDT
1686456000000,LONG,-6.360662505688837,,6.010662505688837,True,SOL/USDT
1686456000000,LONG,-4.558384754990918,0.4394123594687822,4.208384754990918,False,YFI/USDT
1686456000000,LONG,-4.52197209057399,-1.5829954169156963,4.17197209057399,False,IOST/USDT
1686456000000,LONG,-4.325822699798525,,5.5360913364674325,True,ENS/USDT
1686456000000,LONG,-3.5963768115941996,,4.28799999999999,False,ZRX/USDT
1686456000000,LONG,-0.08666886109281968,,7.235461926706168,False,COTI/USDT
1686456000000,LONG,3.651553021111384,,4.001553021111384,False,MINA/USDT
1686456000000,LONG,3.896593121349769,,4.246593121349769,True,VET/USDT
1686456000000,LONG,3.9370185800418436,,4.287018580041844,True,ATOM/USDT
1686456000000,LONG,4.8992340508047345,,5.249234050804734,True,LINK/USDT
1686470400000,LONG,3.7689289698772668,,4.118928969877267,True,ADA/USDT
1686484800000,LONG,-5.377338744126444,-0.7395593303867258,5.027338744126444,True,APE/USDT
1686499200000,LONG,-5.050658398407586,,10.695911805236564,True,APT/USDT
1686499200000,LONG,-4.79036544850498,-0.6229902214759979,4.440365448504981,True,SNX/USDT
1686499200000,LONG,-4.641894531250006,,4.291894531250007,False,TLM/USDT
1686499200000,LONG,-1.9063435776201683,-1.9608311326384151,6.192434988179664,True,AR/USDT
1686499200000,LONG,-1.5418951132300385,,6.954588796185949,True,ZEC/USDT
1686499200000,LONG,4.4025322283609505,-1.0733924263866232,4.75253222836095,True,GALA/USDT
1686499200000,LONG,4.706330275229361,-0.2619298651349187,5.056330275229361,False,ONE/USDT
1686556800000,LONG,5.653856867366613,-5.562330592638232,6.003856867366613,True,BNB/USDT
1686571200000,LONG,5.273120989917507,-1.8838165781227985,5.623120989917506,False,GMX/USDT
1686816000000,LONG,6.3173949579831765,,6.667394957983176,True,CRV/USDT
1686844800000,LONG,0.9403225806451626,,9.305161290322593,True,CRV/USDT
1687406400000,SHORT,-10.784301939671055,,10.434301939671055,True,BCH/USDT
1687420800000,SHORT,-8.374479371316289,-0.12378336218968508,8.02447937131629,True,GALA/USDT
1687420800000,SHORT,-8.14274023736598,-0.6500738181366907,7.792740237365979,False,WOO/USDT
1687420800000,SHORT,-7.840320449289708,-2.464564506754458,7.490320449289708,False,KAVA/USDT
1687420800000,SHORT,-6.512283105022827,-2.9946751455320695,6.162283105022827,True,GMT/USDT
1687420800000,SHORT,-6.217860798362303,2.412971155973264,5.867860798362304,True,ETC/USDT
1687420800000,SHORT,-6.077390180878524,,5.727390180878524,True,DOGE/USDT
1687420800000,SHORT,-5.956418039895908,,5.6064180398959085,False,TLM/USDT
1687420800000,SHORT,-5.948312545854704,0.35905005117596733,5.5983125458547045,True,ENS/USDT
1687420800000,SHORT,-5.649514777238637,-1.7112749561934242,5.299514777238637,False,RSR/USDT
1687420800000,SHORT,-5.587783630470019,0.22083757722553568,5.23778363047002,False,WAVES/USDT
1687420800000,SHORT,-5.466326530612227,-4.444936136460156,5.116326530612227,False,STORJ/USDT
1687420800000,SHORT,-5.241831238779163,-0.8556965390446992,4.891831238779163,False,ANKR/USDT
1687420800000,SHORT,-5.237034417727479,0.14999047758991496,4.887034417727479,False,YFI/USDT
1687420800000,SHORT,-5.184216679657048,0.22217151318457942,4.8342166796570485,False,CHR/USDT
1687420800000,SHORT,-4.925883069427503,-1.608082277215196,4.575883069427503,True,VET/USDT
1687420800000,SHORT,-4.842922975641863,-0.511134557481728,4.492922975641863,False,1INCH/USDT
1687420800000,SHORT,-4.598818897637784,,4.2488188976377845,False,ENJ/USDT
1687420800000,SHORT,-3.1465111051164376,-0.628023541375998,5.981953061775011,True,ARB/USDT
1687420800000,SHORT,-2.711665715915561,0.04277431108376432,7.028625213918974,True,NEO/USDT
1687420800000,SHORT,-1.4423902980929522,1.0286973832573822,5.666913534530638,False,GMX/USDT
1687420800000,SHORT,-0.8644440047487066,0.9684207705650764,5.698021369212488,False,ROSE/USDT
1687420800000,SHORT,-0.7893255758727027,-1.4482113173849798,5.617495844217493,True,SOL/USDT
1687420800000,SHORT,0.9616940862605475,0.22032697774524612,10.951393211797821,True,OP/USDT
1687420800000,SHORT,4.213155463155462,-1.91410118556121,4.563155463155462,False,LPT/USDT
1687435200000,SHORT,-5.391071428571399,-0.4666696512092472,5.041071428571399,False,ZRX/USDT
1687449600000,SHORT,-7.529069767441845,-0.12240279373404868,7.179069767441845,True,GALA/USDT
1687449600000,SHORT,-5.053853046594979,-0.85176094867893,4.703853046594979,False,ANKR/USDT
1687449600000,SHORT,-4.908389472035086,0.14803797149515122,4.558389472035087,False,YFI/USDT
1687449600000,SHORT,3.7359510219112333,1.0228071755682877,4.085951021911233,False,GMX/USDT
1687464000000,SHORT,-7.196386946386935,-0.9182268406787278,6.846386946386936,False,MINA/USDT
1687464000000,SHORT,3.4978355924792193,0.5967332290414878,11.527284652383033,True,FET/USDT
1687579200000,SHORT,-9.93438563742176,,9.58438563742176,True,BCH/USDT
1687579200000,SHORT,-5.264102564102541,0.9346912360384402,4.914102564102541,True,ALGO/USDT
1687579200000,SHORT,-4.248956617243266,1.14127955860832,9.002580999450839,True,VET/USDT
1687608000000,SHORT,-8.25807745800791,,7.90807745800791,True,BCH/USDT
1687608000000,SHORT,-7.164107526881718,-1.2265592876442344,6.814107526881719,False,RSR/USDT
1687608000000,SHORT,-5.4056034482758575,-1.2752271206267773,5.055603448275858,True,NEAR/USDT
1687608000000,SHORT,-4.9572823696804855,-1.495042666031036,4.607282369680486,True,CHZ/USDT
1687608000000,SHORT,0.3272009029345475,-0.755734849359325,9.896336169473841,True,AXS/USDT
1687608000000,SHORT,1.6786851720564968,2.0859425536384903,7.941331733653276,True,ETC/USDT
1687608000000,SHORT,4.125647213690209,-2.029948972189133,8.83804300131635,True,GMT/USDT
1687622400000,SHORT,-7.102046783625723,-0.3770900318567095,6.752046783625723,False,ZRX/USDT
1687665600000,SHORT,4.423788840628127,-0.6411241013674069,4.773788840628127,True,AXS/USDT
1687680000000,SHORT,-9.830619734962298,,9.480619734962298,True,BCH/USDT
1687680000000,SHORT,11.111102806842718,,11.461102806842717,False,KNC/USDT
1687694400000,SHORT,-5.478105590062103,0.3735341731126201,5.128105590062104,False,ONT/USDT
1687694400000,SHORT,-5.398146788990804,-2.102956858746452,5.048146788990804,False,STORJ/USDT
1687694400000,SHORT,-4.664230127848788,-0.6538007405336095,4.314230127848789,False,IOTA/USDT
1687694400000,SHORT,4.650187946372616,-1.4647819747915354,5.000187946372615,True,CHZ/USDT
1687694400000,SHORT,5.041858237547878,-0.3728412723374285,5.391858237547877,False,ZRX/USDT
1687694400000,SHORT,6.020297951582868,0.5940293933795336,6.3702979515828675,True,TRB/USDT
1687694400000,SHORT,6.418999087313656,-0.4667145017337121,6.768999087313656,False,1INCH/USDT
1687694400000,SHORT,8.514203612479475,0.8458006791120494,8.864203612479475,False,ENJ/USDT
1687694400000,SHORT,10.339641434262946,,10.689641434262946,True,CELO/USDT
1687708800000,SHORT,3.8477156898434566,-2.303405406161347,4.197715689843457,False,KAVA/USDT
1687708800000,SHORT,5.984052586453261,,6.334052586453261,True,SUSHI/USDT
1687708800000,SHORT,10.03519259629812,-0.9327573071243648,10.38519259629812,False,RVN/USDT
1687723200000,SHORT,4.042530437643961,0.8428874698602822,4.392530437643961,False,ENJ/USDT
1687723200000,SHORT,4.941889400921664,0.5894916329520403,5.291889400921663,True,TRB/USDT
1687723200000,SHORT,5.9202380952380995,1.9685924779376018,6.270238095238099,True,CELO/USDT
1687737600000,SHORT,-5.293401685746627,0.24385799546875414,4.943401685746627,True,XMR/USDT
1687737600000,SHORT,4.581687898089156,0.982911802709669,4.931687898089156,False,KSM/USDT
1687737600000,SHORT,9.086484419804997,-2.300354606108055,9.436484419804996,False,KAVA/USDT
1687752000000,SHORT,-8.021345995045415,,7.671345995045415,True,COMP/USDT
1687809600000,SHORT,10.155727762803217,-0.07212277226253658,10.505727762803216,True,NEAR/USDT
1687939200000,SHORT,-6.445377565252034,0.12400346872792292,6.095377565252035,True,XLM/USDT
1688126400000,SHORT,-9.733008817046283,-0.10955892188348539,9.383008817046283,True,COMP/USDT
1688126400000,SHORT,2.1921361393053322,-0.8342339659801223,10.386972716267799,True,XLM/USDT
1688155200000,SHORT,6.347921519440946,-0.10842853511332787,6.697921519440945,True,COMP/USDT
1688169600000,SHORT,3.03307535452776,0.10133008333784144,6.08242654555565,True,XLM/USDT
1688184000000,SHORT,-8.14598979219832,-0.1080618826490958,7.79598979219832,True,COMP/USDT
1688212800000,SHORT,6.492728929541604,1.9288552784859492,6.842728929541604,True,BCH/USDT
1688270400000,SHORT,0.8227078891258018,1.0531369876796075,6.8939943141435505,True,INJ/USDT
1688371200000,SHORT,4.872090227690553,1.150530744781976,5.222090227690552,False,YFI/USDT
1688400000000,SHORT,4.39421007927519,1.150005740505795,4.74421007927519,False,YFI/USDT
1688414400000,SHORT,8.064886731391576,-0.35792351906024633,8.414886731391576,True,CELO/USDT
1688428800000,SHORT,8.890565305171616,1.7937556134517407,11.959349277838156,True,GRT/USDT
1688443200000,SHORT,3.692179261862902,1.1167190156330975,8.07809753954307,True,FIL/USDT
1688443200000,SHORT,10.081313131313125,-0.35470180230962944,10.431313131313125,True,CELO/USDT
1688457600000,SHORT,9.973092815058523,1.7679674484617136,10.323092815058523,True,GRT/USDT
1688486400000,SHORT,8.354007285974488,-1.5728702177296439,8.704007285974487,True,APT/USDT
1688544000000,SHORT,3.7452890792291256,0.1290894428426637,8.233257494646674,True,AAVE/USDT
1688774400000,LONG,-2.8919420437214054,0.004897480590791502,6.6357905439755935,True,APE/USDT
1689004800000,LONG,4.4747261345852865,-0.829623866539126,4.824726134585286,False,RVN/USDT
1689163200000,SHORT,6.810587709719038,-1.7581929914900818,7.160587709719038,False,KAVA/USDT
1689278400000,SHORT,-6.908456486042693,0.30941000657053336,6.558456486042694,False,KNC/USDT
1689321600000,SHORT,4.5808780357619385,1.3353330083476118,4.930878035761938,True,MASK/USDT
1689321600000,SHORT,8.063130162346884,-0.0652200099098812,8.413130162346883,True,ADA/USDT
1689336000000,SHORT,6.197014254526771,,6.54701425452677,True,XRP/USDT
1689350400000,SHORT,-9.465821014782245,-0.6654454576666164,9.115821014782245,True,HBAR/USDT
1689350400000,SHORT,-8.273397913561828,2.0392965443725752,7.9233979135618275,False,BAT/USDT
1689350400000,SHORT,-7.515101368913527,2.0463039179426694,7.165101368913527,True,UNI/USDT
1689350400000,SHORT,-7.451002358490553,3.6501467378017716,7.101002358490553,True,LINK/USDT
1689350400000,SHORT,-1.693283582089549,1.0951562862646955,9.431791044776096,True,PEOPLE/USDT
1689350400000,SHORT,-0.398239266763147,1.6158272392833388,9.186525164817473,True,AXS/USDT
1689350400000,SHORT,-0.07640218878248944,1.7386495482865862,9.424418604651152,True,NEAR/USDT
1689350400000,SHORT,0.2055555555555605,1.766226302310091,7.953276643990925,False,IOST/USDT
1689350400000,SHORT,1.1399428855227227,1.88109413881463,10.412192699279851,True,MANA/USDT
1689350400000,SHORT,1.750673801030516,1.5253324565788149,9.006183115338876,False,ROSE/USDT
1689350400000,SHORT,2.413385146804843,1.6806656679618215,8.788255613126065,False,TLM/USDT
1689350400000,SHORT,2.5911764705882434,1.705669187474195,7.016666666666657,False,CTK/USDT
1689350400000,SHORT,3.701565377532232,-0.41357337586918913,8.550583179864935,False,UMA/USDT
1689350400000,SHORT,3.7948794796582033,2.826848143263659,7.092411682183393,True,THETA/USDT
1689350400000,SHORT,5.0918004058291855,2.1546385030900232,9.0700055340343,False,COTI/USDT
1689350400000,SHORT,6.628613925068338,0.30626130904920895,10.412252773757817,False,KNC/USDT
1689350400000,SHORT,9.348657888072943,-0.20880500044977385,11.919967080273466,True,AAVE/USDT
1689379200000,SHORT,-5.134043454244138,0.6853896848804948,4.784043454244139,True,SOL/USDT
1689379200000,SHORT,4.674646346798871,2.4950944151760663,5.02464634679887,True,LINK/USDT
1689854400000,SHORT,7.258695652173918,0.012687818571150117,10.29068068424802,True,HBAR/USDT
1689868800000,SHORT,8.125391699557456,,8.475391699557456,True,XLM/USDT
1689897600000,SHORT,3.7792094363407114,,4.1292094363407115,True,XLM/USDT
1689969600000,SHORT,7.727272727272723,1.8025381526684277,8.077272727272723,True,SNX/USDT
1690027200000,SHORT,3.711986381779765,,10.79158253111056,True,TRX/USDT
1690056000000,SHORT,4.101252385496177,,4.4512523854961765,True,TRX/USDT
1690185600000,SHORT,5.073925088652477,-0.5997666718785061,5.423925088652477,False,ZEN/USDT
1690300800000,SHORT,-10.700662154208356,-0.22253544820428203,10.350662154208356,False,KNC/USDT
1690329600000,SHORT,-6.450058411214946,-1.65657923551086,6.100058411214946,False,KNC/USDT
1690372800000,LONG,4.657523992322458,1.4501386659325584,5.007523992322458,False,SKL/USDT
1690372800000,LONG,6.430576421891757,-2.258076018447549,6.780576421891757,True,1000PEPE/USDT
1690416000000,SHORT,-9.026448490102567,-1.6241621289938535,8.676448490102567,False,KNC/USDT
1690488000000,SHORT,6.125583864118877,1.6035049460338202,6.475583864118876,False,NMR/USDT
1690516800000,SHORT,6.203717026378882,-0.03554596966018802,6.553717026378882,True,TRB/USDT
1690804800000,SHORT,-5.616674766128052,0.8161191954073752,8.945711335196197,True,OP/USDT
1690891200000,LONG,5.377793696275074,0.6019976289915868,5.727793696275073,False,CHR/USDT
1690920000000,LONG,-0.458283703302653,-0.25563091145805056,5.320086626962646,True,APE/USDT
1690948800000,SHORT,-6.804394693200655,-0.6381529379891029,6.454394693200656,False,HIGH/USDT
1691064000000,LONG,4.178391910465338,-1.3132115748373063,4.528391910465338,False,GMX/USDT
1691280000000,LONG,3.918429661941118,-1.3131444273502135,4.268429661941118,False,EDU/USDT
1691280000000,LONG,4.568870056497177,-1.1023652767615482,4.918870056497177,False,API3/USDT
1691294400000,LONG,5.584593232541401,-1.1285706925587293,5.934593232541401,False,MAV/USDT
1691438400000,LONG,3.829437169127895,-1.8814875893787073,5.244719977709665,True,THETA/USDT
1691452800000,SHORT,7.868421052631575,,8.218421052631575,False,HIGH/USDT
1691467200000,LONG,4.616689953891293,-1.8835981357898046,4.966689953891293,True,THETA/USDT
1691524800000,SHORT,1.7952766277756806,-0.2651143928256639,6.830636055701908,False,ID/USDT
1691582400000,SHORT,5.113960396039594,0.06473256659713812,5.463960396039593,True,HBAR/USDT
1691683200000,SHORT,-2.53605393330141,-1.234817309281394,5.189364927397463,False,RLC/USDT
1691812800000,SHORT,-4.608026905829595,0.5068318122225071,4.258026905829595,True,RUNE/USDT
1691841600000,SHORT,-7.137237731923009,0.5737044266448207,6.7872377319230095,False,ASTR/USDT
1691856000000,SHORT,-8.760728582866287,0.6381683701267408,8.410728582866287,False,TLM/USDT
1691928000000,SHORT,4.71209102091018,-1.21317655636149,5.06209102091018,True,JASMY/USDT
1691985600000,SHORT,-6.9739002932551095,,6.62390029325511,True,RUNE/USDT
1692028800000,SHORT,7.5805224564619476,0.5291817764315169,7.930522456461947,True,FET/USDT
1692057600000,SHORT,3.8457459926017274,-1.0245134859236318,4.1957459926017275,False,CKB/USDT
1692057600000,SHORT,8.127383694150156,0.0110973105806166,8.477383694150156,True,FET/USDT
1692072000000,SHORT,4.429106858054219,-3.021750316022672,4.779106858054218,True,CFX/USDT
1692086400000,SHORT,4.5422996878251745,-1.7873043228979655,4.892299687825174,False,ALICE/USDT
1692100800000,SHORT,-11.450480109739354,11.364074026202337,11.100480109739355,True,RUNE/USDT
1692129600000,SHORT,-9.24143426294819,10.621588619287623,8.89143426294819,True,RUNE/USDT
1692144000000,LONG,-10.627336276674017,-1.563363393763252,10.277336276674017,False,BLUR/USDT
1692144000000,LONG,-9.796148459383756,-0.7098675930949949,9.446148459383757,True,SUI/USDT
1692144000000,LONG,-7.749756542909309,-1.133215510043732,7.3997565429093095,False,IOTA/USDT
1692230400000,LONG,-8.891068164011498,0.903173343166484,8.541068164011499,False,KAVA/USDT
1692230400000,LONG,-5.513272578572256,-2.4943713012958573,5.163272578572256,True,LDO/USDT
1692230400000,LONG,-5.083514099783086,-1.8451666202348642,4.733514099783086,True,ADA/USDT
1692230400000,LONG,-4.904713375796167,-0.8429841553142268,4.554713375796167,True,DOT/USDT
1692244800000,LONG,-6.598532115532891,-1.797921095387805,6.248532115532892,False,WAVES/USDT
1692244800000,LONG,-5.692563510392599,-1.6810068091384212,5.3425635103925995,False,ROSE/USDT
1692244800000,LONG,-4.7076998288926895,-0.6246143099801562,4.35769982889269,True,ETC/USDT
1692244800000,LONG,-4.558101045296173,-1.0002521417352535,4.208101045296173,True,AVAX/USDT
1692259200000,LONG,-7.5213055003313425,0.6849399059489335,7.171305500331343,False,KAVA/USDT
1692259200000,LONG,-5.887444841353221,-0.43808128262160534,5.537444841353222,True,DOT/USDT
1692259200000,LONG,-4.703139745916525,-1.6622915740104052,4.3531397459165255,True,ADA/USDT
1692288000000,LONG,-8.481625683060122,-0.35547736619703,8.131625683060122,False,MTL/USDT
1692316800000,LONG,-1.1284584732669714,-0.18394366805545395,11.226980595207566,True,ETH/USDT
1692316800000,LONG,-0.6904084901882328,-2.5933951599015552,10.90086103323989,True,ARB/USDT
1692316800000,LONG,1.4577826575426518,-0.7679669752753066,11.776039219691544,False,QNT/USDT
1692331200000,LONG,-4.665890323463665,-2.241838559241444,7.013682193530725,True,BNB/USDT
1692345600000,LONG,-1.7487383463197772,-0.18287410852857633,11.685309390002905,True,ETH/USDT
1692345600000,LONG,-0.9239795918367334,,10.918558673469386,False,RVN/USDT
1692345600000,LONG,-0.7097122302158196,,11.345899280575537,False,UMA/USDT
1692360000000,LONG,-4.4071726004580505,-5.373515693586283,4.057172600458051,True,STX/USDT
1692360000000,LONG,-1.9316174276335323,,4.971113100567001,True,JASMY/USDT
1692360000000,LONG,-1.2136246455272,-0.498276137124112,4.418825728280485,True,ETC/USDT
1692360000000,LONG,-1.2005467800728946,-5.029186437644799,4.115978128797084,True,GMT/USDT
1692360000000,LONG,-0.765800415800421,-0.9016765541784619,4.620917959379503,True,DOGE/USDT
1692360000000,LONG,-0.5150165016501698,-10.116999605697877,4.783209570957087,False,1INCH/USDT
1692360000000,LONG,4.027127912505941,,4.377127912505941,False,BLUR/USDT
1692360000000,LONG,4.136227489893436,,4.486227489893436,False,MTL/USDT
1692360000000,LONG,4.783939393939404,-0.8761382851178944,5.133939393939404,True,SNX/USDT
1692360000000,LONG,5.101829374024624,,5.451829374024624,True,APT/USDT
1692388800000,LONG,5.06282051282052,,5.412820512820519,False,BLUR/USDT
1692403200000,LONG,4.179900025203729,-0.6619605618577011,4.5299000252037285,True,XLM/USDT
1692403200000,LONG,6.571174808235763,-1.2083389567432314,6.9211748082357625,True,SUI/USDT
1692417600000,LONG,4.144498381877021,,4.494498381877021,False,BLUR/USDT
1692446400000,LONG,3.966305390370237,,4.316305390370237,True,XRP/USDT
1692734400000,LONG,-5.192105263157887,0.6897857136586699,7.856210526315788,True,CRV/USDT
1692734400000,LONG,-0.8334254143646358,-0.6551751424560853,4.686957379636944,True,AVAX/USDT
1692734400000,LONG,3.8275374691709465,-1.8625204461460432,4.177537469170947,True,BNB/USDT
1692734400000,LONG,6.2556921995783545,0.21691950441006505,6.605692199578354,False,SSV/USDT
1692748800000,LONG,2.4720300409649445,-0.3976570804945405,4.474965862539824,True,DOT/USDT
1692763200000,LONG,-2.1482836756339845,-0.5666053753085392,7.711888921029805,True,SOL/USDT
1692763200000,LONG,-1.164364207221352,-0.6426088356067677,5.210655416012573,True,AVAX/USDT
1693224000000,SHORT,-10.152886750555131,0.20602574704870605,9.802886750555132,True,TRB/USDT
1693238400000,LONG,4.293101132220299,-0.7395596737456439,4.643101132220298,False,KNC/USDT
1693310400000,LONG,-6.061249241964814,0.976437000617896,5.711249241964814,False,HFT/USDT
1693324800000,LONG,-11.659926139434342,,11.309926139434342,False,MAGIC/USDT
1693353600000,SHORT,-11.936973880092001,1.3768976366387002,11.586973880092001,True,TRB/USDT
1693382400000,SHORT,-9.62256643032269,1.8336365248763413,9.27256643032269,True,TRB/USDT
1693454400000,SHORT,-7.909172861659386,-0.7643809797593688,7.559172861659387,False,API3/USDT
1693972800000,SHORT,-8.453225806451597,0.11389508330299368,8.103225806451597,False,TLM/USDT
1693972800000,SHORT,1.561186059584034,-2.959933733716942,4.772812441446508,False,KNC/USDT
1693972800000,SHORT,8.088377192982449,0.6545770881045362,8.438377192982449,False,CTK/USDT
1694001600000,SHORT,9.858843830888683,-0.09919610351258656,10.208843830888682,True,SNX/USDT
1694001600000,SHORT,10.148100558659207,0.646159134867521,10.498100558659207,False,CTK/USDT
1694030400000,SHORT,7.110114126004413,-0.7493030620065251,7.460114126004413,False,LQTY/USDT
1694059200000,SHORT,3.711102621370625,-0.749543756691544,4.061102621370625,False,LQTY/USDT
1694131200000,SHORT,0.39301105228939825,-1.1048206718301368,11.180505247515539,False,DUSK/USDT
1694160000000,SHORT,-12.052727706247012,-0.5774326603820661,11.702727706247012,False,DUSK/USDT
1694203200000,SHORT,5.067069199457249,1.703721425732003,5.417069199457249,True,TRB/USDT
1694217600000,SHORT,4.46587677725117,,4.8158767772511695,False,COTI/USDT
1694260800000,SHORT,0.8454992967651197,,9.89268635724332,False,ACH/USDT
1694275200000,SHORT,4.258294930875567,-2.339038961136137,7.988958774442652,False,WAVES/USDT
1694289600000,SHORT,1.4809859154929685,,10.047464788732388,False,ACH/USDT
1694304000000,SHORT,2.7319088771684696,-2.308989360982579,7.55943318294464,False,WAVES/USDT
1694318400000,SHORT,-10.979900332225913,,10.629900332225914,False,STORJ/USDT
1694318400000,SHORT,5.13793103448274,-1.2314254413867678,5.48793103448274,False,UMA/USDT
1694419200000,SHORT,-6.228816568047335,-0.28808618995839075,5.878816568047335,False,MTL/USDT
1694448000000,SHORT,-5.663819351800992,-1.3753770416174724,5.313819351800992,False,MTL/USDT
1694476800000,LONG,-5.4203349282296625,-1.1428714635946688,5.070334928229663,True,CRV/USDT
1694476800000,LONG,-4.889057350032961,-1.158452520527959,4.539057350032961,True,ICP/USDT
1694476800000,LONG,1.392301458670988,-1.1093289103731685,4.46089951377634,True,ADA/USDT
1694476800000,LONG,1.7666403963071424,-2.0700054539635646,6.339022742625534,True,SUI/USDT
1694476800000,LONG,2.421728370619682,0.4457156950523653,5.135973074638677,True,IMX/USDT
1694476800000,LONG,3.0633021259996065,0.08957611082943953,5.103179247123071,True,APT/USDT
1694476800000,LONG,3.721844307020724,-2.9826785032900176,4.071844307020724,True,MANA/USDT
1694476800000,LONG,4.098274231678491,-2.921510481075972,4.44827423167849,True,AXS/USDT
1694476800000,LONG,4.130514446793516,-1.532475494636086,4.480514446793515,True,CHZ/USDT
1694476800000,LONG,4.202370231394617,-0.9524170328833668,4.552370231394617,True,GRT/USDT
1694476800000,LONG,4.284782608695655,-0.38106564448588814,4.634782608695654,False,EGLD/USDT
1694476800000,LONG,4.36530933819871,-1.4319423736268202,4.7153093381987095,True,LTC/USDT
1694476800000,LONG,4.382650225772822,-2.479745206682796,4.732650225772821,True,SAND/USDT
1694476800000,LONG,4.4076033272679975,0.49376622431007333,4.757603327267997,False,ROSE/USDT
1694476800000,LONG,4.574070202464782,-3.020641144575025,4.924070202464781,True,SOL/USDT
1694476800000,LONG,5.055856714791613,-0.9514112415410925,5.405856714791613,True,COMP/USDT
1694476800000,LONG,5.084763948497846,-0.8350391943134113,5.434763948497846,False,ZRX/USDT
1694476800000,LONG,5.093460135487232,0.024951421455371697,5.443460135487232,True,DYDX/USDT
1694476800000,LONG,5.286739659367382,-3.8087112298202226,5.6367396593673815,True,FLOW/USDT
1694476800000,LONG,5.614049534022723,0.09382654134336611,5.964049534022723,True,ARB/USDT
1694476800000,LONG,6.029268292682911,-1.7743172251572035,6.3792682926829105,False,BLUR/USDT
1694476800000,LONG,6.811736004108904,-3.3415787276888516,7.161736004108904,False,YGG/USDT
1694476800000,LONG,7.642833589799966,-1.8522204273449634,7.992833589799965,False,MAGIC/USDT
1694505600000,LONG,3.9505312420946157,0.09169349968703695,6.151353402479133,True,ARB/USDT
1694505600000,LONG,4.984733341544524,-0.9476809913580042,5.334733341544523,True,GRT/USDT
1694851200000,SHORT,8.923969021632562,-0.2648253015476912,9.273969021632562,False,MTL/USDT
1694865600000,SHORT,-11.472767736714323,1.1593943688947188,11.122767736714323,True,ARKM/USDT
1694865600000,SHORT,-2.3831201836366565,-4.165379451415255,9.887620921462524,False,KNC/USDT
1694865600000,SHORT,0.727708451503115,-1.5520503725116819,5.022007941009631,True,VET/USDT
1694865600000,SHORT,3.6945662888122173,-0.7370507873673526,4.044566288812217,False,LQTY/USDT
1694894400000,SHORT,-6.098605748605746,1.4780610021165046,11.874731874731856,False,MAV/USDT
1694894400000,SHORT,-5.308949096880132,-4.167168435173075,7.612512315270931,False,KNC/USDT
1694894400000,SHORT,7.849999999999989,-1.5017359843559213,8.199999999999989,True,WLD/USDT
1694908800000,SHORT,-1.2310572687224677,-0.9025299987547961,5.602202643171784,True,FLOW/USDT
1694908800000,SHORT,5.325957120980073,-0.3841600497476509,5.6759571209800725,False,KAVA/USDT
1694952000000,SHORT,-4.350388349514552,1.1102761476107175,4.0003883495145525,False,EGLD/USDT
1695297600000,SHORT,5.502480070859148,,5.852480070859148,True,IMX/USDT
1695326400000,SHORT,3.8214903129656945,,4.171490312965695,True,IMX/USDT
1695384000000,SHORT,7.6724564619615006,,8.0224564619615,True,IMX/USDT
1695470400000,SHORT,-7.0932548179871375,0.1924277364945917,6.743254817987138,True,CRV/USDT
1695556800000,SHORT,-3.4134573304157576,-0.8458160024778013,8.918045222465338,False,KNC/USDT
1695600000000,SHORT,-1.1312500000000005,2.443120610899036,6.56875,True,CRV/USDT
1695628800000,SHORT,-4.771917808219168,2.444274260647784,4.421917808219169,True,CRV/USDT
1695672000000,SHORT,4.584501977705845,-1.1322339118574611,4.934501977705844,True,APT/USDT
1695916800000,SHORT,-5.351562499999976,0.7845597483891524,5.001562499999976,True,PEOPLE/USDT
1695945600000,SHORT,-9.392262801204804,0.41310164487798623,9.042262801204805,False,MAGIC/USDT
1695974400000,SHORT,-5.985555088309488,,5.635555088309489,True,COMP/USDT
1696003200000,SHORT,-4.464493978449183,,4.114493978449183,True,COMP/USDT
1696032000000,SHORT,-7.037193841847426,-0.10404057558368335,6.687193841847426,False,STORJ/USDT
1696032000000,SHORT,-6.251072485207096,1.942238112608998,5.901072485207096,False,MAV/USDT
1696046400000,SHORT,-6.707949722494268,1.9085307232904096,6.3579497224942685,True,MANA/USDT
1696046400000,SHORT,-5.357220216606481,0.33716126060874946,5.007220216606481,True,RUNE/USDT
1696075200000,SHORT,-7.307760423929724,-2.4873293086472636,6.957760423929725,True,PENDLE/USDT
1696089600000,SHORT,-5.810338651904907,0.6645628679481476,5.460338651904907,True,CHZ/USDT
1696104000000,SHORT,-8.85943668753009,-2.4156133165146985,8.50943668753009,True,ARKM/USDT
1696147200000,SHORT,-8.670726234190102,-0.9341641280590315,8.320726234190102,False,YGG/USDT
1696176000000,SHORT,-9.56188811188809,-1.2156214960796075,9.21188811188809,False,YGG/USDT
1696204800000,SHORT,-5.293518518518519,-1.2106298924741423,4.94351851851852,False,YGG/USDT
1696233600000,SHORT,4.160494752623659,0.8452176816232222,4.510494752623659,False,HIGH/USDT
1696233600000,SHORT,5.081177606177591,,5.431177606177591,False,CHR/USDT
1696233600000,SHORT,6.436941495926928,1.7397686002620902,6.786941495926928,False,GMX/USDT
1696233600000,SHORT,8.399873631002512,0.935214027035488,8.749873631002512,False,STORJ/USDT
1696248000000,SHORT,-2.914971751412439,3.0788606657129027,5.734333333333335,False,WOO/USDT
1696248000000,SHORT,3.6999549549549307,1.039529020019637,4.049954954954931,False,ARPA/USDT
1696248000000,SHORT,3.7043078626799555,1.2840404777969168,4.054307862679956,True,UNI/USDT
1696248000000,SHORT,3.710606060606049,0.9523505525099308,4.060606060606049,False,KSM/USDT
1696248000000,SHORT,3.922413320542691,0.5273484477987335,4.272413320542691,True,ATOM/USDT
1696248000000,SHORT,4.125167464114835,1.879041034154232,4.4751674641148345,False,ID/USDT
1696248000000,SHORT,4.285548387096765,-0.15657988660167962,4.635548387096764,False,RVN/USDT
1696248000000,SHORT,4.288105891126022,-0.2169449300673094,4.638105891126021,True,CFX/USDT
1696248000000,SHORT,4.364787339268058,-3.5713381807602986,4.7147873392680575,True,DYDX/USDT
1696248000000,SHORT,4.462597480503881,1.051769176167048,4.8125974805038805,False,SSV/USDT
1696248000000,SHORT,5.140255376344065,-0.8157550160643875,5.490255376344065,True,GALA/USDT
1696248000000,SHORT,5.81290172333488,-0.8652862242798801,6.16290172333488,True,ARKM/USDT
1696248000000,SHORT,6.080938337801593,-0.6256162687242677,6.430938337801592,False,BLUR/USDT
1696248000000,SHORT,6.655964405964383,0.5865223776134691,7.005964405964383,True,RUNE/USDT
1696262400000,SHORT,4.410637160573012,0.7572491909361494,4.760637160573012,True,OP/USDT
1696262400000,SHORT,5.103583765112258,1.9492127103344432,5.453583765112258,False,QTUM/USDT
1696276800000,SHORT,-5.569275870923556,1.1693054999052512,5.219275870923556,True,SOL/USDT
1696276800000,SHORT,-1.9465732087227439,-0.2083220909084575,4.444489329490195,True,BTC/USDT
1696276800000,SHORT,5.446424407306642,0.04481980433389858,5.796424407306642,True,STX/USDT
1696305600000,SHORT,6.627042101475349,-0.29131538601096996,6.977042101475349,True,MASK/USDT
1696363200000,SHORT,6.675846354166639,-0.7739298524763338,7.025846354166639,True,GALA/USDT
1696881600000,LONG,0.0374300473525605,0.8966558190288044,4.784997847610849,True,HBAR/USDT
1696896000000,LONG,-4.563602798289936,1.4973208618287124,4.213602798289936,True,ZEC/USDT
1696910400000,LONG,-1.5192176870748342,0.8980173316340474,5.9589923469387704,True,HBAR/USDT
1697140800000,LONG,-0.8974452554744463,-1.6357399616965405,11.09476885644768,True,RUNE/USDT
1697356800000,SHORT,-11.784386281588443,,11.434386281588443,False,ZRX/USDT
1697385600000,SHORT,-3.515949954288419,0.6607560524007224,10.801053059289586,True,TRB/USDT
1697472000000,SHORT,0.48983203359328864,0.6211577238896585,4.692261547690443,True,VET/USDT
1697472000000,SHORT,1.2211868503746626,-0.7235415622865513,4.615542663766014,False,ROSE/USDT
1697472000000,SHORT,3.972477149785471,0.6917834831237981,4.322477149785471,True,XLM/USDT
1697486400000,SHORT,-10.787490761271235,-0.2344882734938789,10.437490761271235,True,STX/USDT
1697486400000,SHORT,8.811770853125571,0.9139012169627224,9.16177085312557,False,RLC/USDT
1697515200000,SHORT,3.3208985336088968,0.886265964507246,8.581832496801491,False,RLC/USDT
1697515200000,SHORT,5.13965174129352,0.5230870933921841,5.489651741293519,False,TLM/USDT
1697529600000,SHORT,8.370080591000658,,8.720080591000658,False,UMA/USDT
1697544000000,SHORT,4.5090909090908955,1.3053445877086487,4.859090909090895,False,ALICE/USDT
1697558400000,SHORT,9.253385240352051,,9.60338524035205,False,UMA/USDT
1697572800000,SHORT,-4.978833792470136,0.40089230398147085,4.628833792470136,True,APE/USDT
1697587200000,SHORT,10.910618556701019,,11.260618556701019,False,ZRX/USDT
1697630400000,SHORT,3.870818181818166,0.26702239273604544,4.220818181818166,True,APE/USDT
1697774400000,LONG,5.365015974440893,-6.558708753490506,5.715015974440893,False,HFT/USDT
1697803200000,LONG,6.6076257213520275,-0.6710487183074105,6.957625721352027,False,SSV/USDT
1697817600000,SHORT,-10.870721599219905,0.3678169746126473,10.520721599219906,True,STX/USDT
1697832000000,SHORT,-5.626308605341216,2.3913077194333474,5.2763086053412165,True,INJ/USDT
1697846400000,SHORT,-5.722162465885361,0.3665119100010663,5.372162465885362,True,STX/USDT
1697918400000,SHORT,-5.173355674201955,2.421273030786361,4.823355674201955,True,INJ/USDT
1697932800000,SHORT,-6.321564919863121,,5.9715649198631215,True,APT/USDT
1697947200000,SHORT,-6.129142212189597,2.8802848231663796,5.779142212189598,True,SOL/USDT
1697961600000,SHORT,-7.849725184126633,,7.499725184126634,True,LINK/USDT
1697990400000,SHORT,-4.49454855195911,,4.144548551959111,True,LINK/USDT
1698033600000,SHORT,-4.516439909297042,-1.2810081955939596,4.1664399092970426,False,ONT/USDT
1698033600000,SHORT,-4.452503576537905,-1.5060601580220367,4.102503576537905,True,GALA/USDT
1698048000000,SHORT,-8.602873563218383,,8.252873563218383,True,LINK/USDT
1698048000000,SHORT,-8.152689527651694,,7.802689527651693,True,APT/USDT
1698062400000,SHORT,-5.305901234567913,-3.9424702152390556,4.955901234567913,True,DYDX/USDT
1698062400000,SHORT,-4.453253258644819,2.660892717993291,4.103253258644819,False,QNT/USDT
1698076800000,SHORT,-8.508053527980525,,8.158053527980526,True,LINK/USDT
1698105600000,SHORT,-11.565859672719107,0.8071644394150758,11.215859672719107,False,AGLD/USDT
1698105600000,SHORT,-1.0895234182415758,,10.766803615447811,True,PEOPLE/USDT
1698120000000,SHORT,-11.125843975843964,,10.775843975843964,True,LINK/USDT
1698120000000,SHORT,-9.516934557979313,,9.166934557979314,True,APT/USDT
1698120000000,SHORT,-6.89106334209201,3.668556402042567,6.54106334209201,True,LDO/USDT
1698120000000,SHORT,-5.440155945419085,-1.8540634625218875,5.0901559454190854,True,IMX/USDT
1698120000000,SHORT,-5.113138905592295,,4.763138905592295,True,DOGE/USDT
1698120000000,SHORT,-4.962195121951211,-1.1523694078765119,4.612195121951212,False,QTUM/USDT
1698120000000,SHORT,-4.942379045008948,2.221914268094674,4.592379045008949,False,QNT/USDT
1698120000000,SHORT,-4.758410704533021,-2.321804679048919,4.408410704533021,False,ONT/USDT
1698120000000,SHORT,-4.588419938866673,-2.2575913780937036,4.238419938866674,True,DOT/USDT
1698120000000,SHORT,-0.6994757863205223,-4.166099189012085,4.906889665501728,False,BAT/USDT
1698120000000,SHORT,-0.16124621395021868,0.05195993176041507,4.988973267196342,True,BNB/USDT
1698120000000,SHORT,4.420194986072419,1.3433365292970205,4.770194986072418,True,UNI/USDT
1698120000000,SHORT,5.445568235110187,-0.8859523305732375,5.795568235110187,True,BCH/USDT
1698120000000,SHORT,6.632866884500638,0.6560113897397576,6.982866884500638,True,STX/USDT
1698120000000,SHORT,8.274493927125494,4.898948276679695,8.624493927125494,True,AAVE/USDT
1698134400000,SHORT,0.30306122448979766,,10.043428571428556,True,PEOPLE/USDT
1698148800000,SHORT,-11.088461538461535,-3.778542295972262,10.738461538461536,False,ACH/USDT
1698148800000,SHORT,-10.187962264150942,2.2234336416167126,9.837962264150942,False,GMX/USDT
1698148800000,SHORT,-10.075609756097545,-2.071666830077424,9.725609756097546,True,MASK/USDT
1698148800000,SHORT,-8.928184931506845,0.858622524551277,8.578184931506845,True,ARB/USDT
1698148800000,SHORT,-8.83309024612579,-2.7463453702511385,8.48309024612579,False,EDU/USDT
1698148800000,SHORT,-8.764581373471295,-0.4230792302568633,8.414581373471295,True,SUI/USDT
1698148800000,SHORT,-8.547637795275566,-0.31686396098644753,8.197637795275567,True,PENDLE/USDT
1698148800000,SHORT,-8.539304556354915,-0.9485597272661088,8.189304556354916,True,RUNE/USDT
1698148800000,SHORT,-8.117892878163623,-1.1163011691762543,7.767892878163623,True,JASMY/USDT
1698148800000,SHORT,-8.029019073569456,-1.4309723309814817,7.679019073569456,True,GALA/USDT
1698148800000,SHORT,-7.830516538287268,-1.5581764035571921,7.480516538287269,True,SNX/USDT
1698148800000,SHORT,-7.6946594222104325,-2.322407728191431,7.344659422210433,True,NEO/USDT
1698148800000,SHORT,-7.687984226397585,-0.5508690522251032,7.337984226397586,False,ZEN/USDT
1698148800000,SHORT,-7.567241379310322,-1.9382434720572306,7.217241379310322,True,SEI/USDT
1698148800000,SHORT,-7.471410579345076,-1.9846824387842146,7.121410579345076,True,GMT/USDT
1698148800000,SHORT,-7.461908024973325,,7.111908024973325,True,DOGE/USDT
1698148800000,SHORT,-7.409204470742928,0.5172468952380038,7.0592044707429285,False,DUSK/USDT
1698148800000,SHORT,-7.381740914419669,-0.8642868661554228,7.031740914419669,True,ARKM/USDT
1698148800000,SHORT,-7.3394892359645265,1.2085221736272433,6.989489235964527,False,MAV/USDT
1698148800000,SHORT,-7.310158572844382,-0.33554436398800686,6.960158572844382,False,CHR/USDT
1698148800000,SHORT,-7.283066132264534,,6.933066132264535,True,AR/USDT
1698148800000,SHORT,-7.174937447873208,-1.004752895924699,6.824937447873208,True,APE/USDT
1698148800000,SHORT,-7.16431483908546,-2.5471143011371433,6.81431483908546,True,ATOM/USDT
1698148800000,SHORT,-7.124084778420029,-2.266870035914816,6.774084778420029,True,DOT/USDT
1698148800000,SHORT,-7.0876950354609844,2.572149352037222,6.737695035460985,False,EGLD/USDT
1698148800000,SHORT,-6.961339372371391,-0.8296867040285778,6.611339372371392,True,IMX/USDT
1698148800000,SHORT,-6.901362375591442,-1.406421473244965,6.5513623755914425,False,KAVA/USDT
1698148800000,SHORT,-6.886269430051793,1.7074677707993846,6.536269430051793,False,ALICE/USDT
1698148800000,SHORT,-6.65519894894892,-1.083792955608109,6.30519894894892,False,RLC/USDT
1698148800000,SHORT,-6.5055555555555555,1.4727508914797616,6.155555555555556,False,TLM/USDT
1698148800000,SHORT,-6.498857368006286,-1.2094515143219529,6.148857368006286,True,HBAR/USDT
1698148800000,SHORT,-6.442592592592597,-0.40996475973030533,6.092592592592597,True,SAND/USDT
1698148800000,SHORT,-6.429368029739753,-1.6052181646496018,6.079368029739753,False,ANKR/USDT
1698148800000,SHORT,-6.389557859728043,1.0376189157924887,6.039557859728044,True,AVAX/USDT
1698148800000,SHORT,-6.388646995322059,1.316501777279036,6.038646995322059,True,ADA/USDT
1698148800000,SHORT,-6.224660831509827,-1.7609893857008436,5.874660831509828,True,AXS/USDT
1698148800000,SHORT,-5.936102514288278,0.19610113421057362,5.586102514288278,True,TRB/USDT
1698148800000,SHORT,-5.885721596724661,0.8305772044689707,5.535721596724661,True,ALGO/USDT
1698148800000,SHORT,-5.859359346163982,-0.5520687320502013,5.509359346163983,True,ENS/USDT
1698148800000,SHORT,-5.853200883002193,-2.328056939454938,5.503200883002194,False,ONT/USDT
1698148800000,SHORT,-5.655772769089228,-0.6934974566611755,5.305772769089228,False,STG/USDT
1698148800000,SHORT,-5.625341480948945,1.0980910959664871,5.275341480948946,False,1INCH/USDT
1698148800000,SHORT,-5.431365113759467,0.6392342937905905,5.0813651137594675,True,VET/USDT
1698148800000,SHORT,-5.005791569863907,0.33046521480964997,4.655791569863907,True,ETH/USDT
1698148800000,SHORT,-4.280712858094596,-4.15030721092469,7.784077281812104,False,IOTA/USDT
1698148800000,SHORT,-3.1843023255814,-1.1536185633481784,4.965116279069763,False,DASH/USDT
1698148800000,SHORT,-2.7197742007601216,-0.27239941040793597,8.574245472837019,True,COMP/USDT
1698148800000,SHORT,-1.9117390271426067,1.1940132494400122,5.1431371384450735,True,BTC/USDT
1698148800000,SHORT,-1.643103448275851,-0.5722010295596743,7.001077586206882,True,CELO/USDT
1698148800000,SHORT,-1.6042962996027326,-0.08821480826973231,6.760424943087974,True,BNB/USDT
1698148800000,SHORT,-1.4489010989011026,3.4094348081491,6.804519424237726,True,CHZ/USDT
1698148800000,SHORT,-0.3867556971330352,-0.7644901120044553,6.825275667728474,True,ETC/USDT
1698148800000,SHORT,-0.37936426369108206,-1.2141092263145374,7.339113199236515,True,LTC/USDT
1698148800000,SHORT,-0.08812849162011172,0.5221854147739825,6.008414804469262,False,YFI/USDT
1698148800000,SHORT,0.20156715111189427,0.381296912617316,5.8497811241463715,True,XLM/USDT
1698148800000,SHORT,1.2477558238809463,5.642363994461431,11.260946456884986,True,AAVE/USDT
1698148800000,SHORT,1.4948855450616234,-0.8816628587658956,8.335881222987013,True,BCH/USDT
1698148800000,SHORT,1.788084632516699,0.6584721334838954,11.66286562731997,True,STX/USDT
1698148800000,SHORT,5.498623610375848,,5.8486236103758475,True,FIL/USDT
1698177600000,SHORT,-10.640215954164807,-2.338773454559962,10.290215954164807,True,DYDX/USDT
1698177600000,SHORT,-8.365384615384615,,8.015384615384615,False,ACH/USDT
1698177600000,SHORT,-6.468508287292807,-0.39958720427548844,6.118508287292808,True,SUI/USDT
1698177600000,SHORT,-5.950345293499453,,5.600345293499453,True,DOGE/USDT
1698177600000,SHORT,-5.947169485674821,-3.0054212013222963,5.597169485674821,True,MASK/USDT
1698177600000,SHORT,-5.932730204227863,-0.4948152298183672,5.582730204227864,True,ADA/USDT
1698177600000,SHORT,-5.64190966893225,,5.2919096689322505,True,AR/USDT
1698177600000,SHORT,-5.608781258982467,-0.44215537010736966,5.258781258982467,True,JASMY/USDT
1698177600000,SHORT,-5.381760797342175,-1.4794475882277458,5.031760797342176,True,GALA/USDT
1698177600000,SHORT,-5.317640692640684,0.6615507503452217,4.967640692640685,True,VET/USDT
1698177600000,SHORT,-5.226516961299555,,4.876516961299555,True,DOT/USDT
1698177600000,SHORT,-5.10204245738179,0.19469673809422286,4.7520424573817905,False,DUSK/USDT
1698177600000,SHORT,-5.085709570957091,-3.98320860190884,4.735709570957091,False,EDU/USDT
1698177600000,SHORT,-4.8087261004891,2.2776784830018135,4.4587261004891,True,ARB/USDT
1698177600000,SHORT,-4.798700475435801,,4.4487004754358015,True,IMX/USDT
1698177600000,SHORT,-4.736296296296283,,4.386296296296283,False,TLM/USDT
1698177600000,SHORT,-4.719036061026341,1.8343475557833542,4.369036061026342,False,EGLD/USDT
1698177600000,SHORT,-4.616333204431957,0.3112582799793744,4.266333204431957,True,ETH/USDT
1698177600000,SHORT,-4.519503980404149,-1.8775075924617892,4.16950398040415,True,GMT/USDT
1698177600000,SHORT,-4.458860759493648,1.7250666873238276,4.108860759493648,False,ALICE/USDT
1698177600000,SHORT,0.5394893880538219,,10.074210437426098,False,WAVES/USDT
1698177600000,SHORT,1.0589639256650027,-0.728847506363132,5.020788291023914,True,ETC/USDT
1698177600000,SHORT,3.952582159624399,,4.302582159624399,True,FIL/USDT
1698177600000,SHORT,3.9535714285714234,,4.3035714285714235,True,CELO/USDT
1698192000000,SHORT,-4.71165953545231,3.9798914400340517,4.36165953545231,True,CHZ/USDT
1698206400000,SHORT,-10.981520778072484,-2.2791790856344396,10.631520778072485,True,DYDX/USDT
1698206400000,SHORT,-5.440909090909083,-3.028745444574758,5.090909090909084,False,RSR/USDT
1698206400000,SHORT,-5.385016420361227,1.183311796880584,5.035016420361227,False,MAV/USDT
1698206400000,SHORT,-5.265725578769057,-0.3807357031063672,4.915725578769058,True,ICP/USDT
1698206400000,SHORT,-5.208017424064028,-0.399600673653109,4.858017424064029,True,SUI/USDT
1698206400000,SHORT,-4.996333333333322,-1.3886018521988317,4.646333333333322,True,GALA/USDT
1698206400000,SHORT,-4.890872483221471,,4.540872483221471,True,AR/USDT
1698206400000,SHORT,-4.79973591549295,1.5879797411098644,4.44973591549295,True,OP/USDT
1698206400000,SHORT,-4.697982062780256,-1.1714611731123026,4.347982062780257,True,NEAR/USDT
1698206400000,SHORT,-4.636143931256698,0.16045546388202625,4.2861439312566985,False,1INCH/USDT
1698206400000,SHORT,-4.606607495069025,-0.9632989125402802,4.256607495069026,True,FLOW/USDT
1698206400000,SHORT,-4.532580645161264,-1.315262679399271,4.182580645161265,True,CELO/USDT
1698206400000,SHORT,-4.485705092847922,-1.0081171352520808,4.135705092847922,True,XRP/USDT
1698206400000,SHORT,-4.414959319526635,,4.064959319526635,False,RLC/USDT
1698206400000,SHORT,-0.912851782363975,-3.1740886493454963,7.047601179308494,True,FIL/USDT
1698206400000,SHORT,-0.3900045719510757,,8.1300262887187,False,WAVES/USDT
1698206400000,SHORT,0.0374415497662009,1.6602037064493598,9.184288577154282,False,KNC/USDT
1698220800000,SHORT,-9.907436918990687,,9.557436918990687,True,CFX/USDT
1698235200000,SHORT,-0.9446088794925936,1.6577422425784507,7.98683932346721,False,KNC/USDT
1698307200000,SHORT,-8.346716211545091,11.449108158934425,7.996716211545091,True,FET/USDT
1698307200000,SHORT,-7.782256431885273,,7.432256431885273,True,INJ/USDT
1698307200000,SHORT,-6.763768115942006,-3.1819385329906322,6.413768115942006,True,DYDX/USDT
1698307200000,SHORT,-4.901682143400827,1.5878809505838862,7.140371441619721,True,APT/USDT
1698307200000,SHORT,-4.010270078180537,-2.465079691509109,10.030597014925366,False,YGG/USDT
1698307200000,SHORT,4.223698053655955,0.5728005830624471,4.573698053655955,True,ARKM/USDT
1698321600000,SHORT,-10.338068181818171,,9.988068181818171,False,GMX/USDT
1698321600000,SHORT,-9.563016234690952,0.5351708437037552,9.213016234690953,True,AVAX/USDT
1698321600000,SHORT,-9.12150225660863,-1.0065826526900532,8.771502256608631,False,EDU/USDT
1698321600000,SHORT,-8.88416731821735,2.7680128900853997,8.534167318217351,True,APE/USDT
1698321600000,SHORT,-8.751592718998847,1.5475839925149604,8.401592718998847,True,JASMY/USDT
1698321600000,SHORT,-8.237825651302597,4.457548135550197,7.887825651302596,False,ID/USDT
1698321600000,SHORT,-7.949121706398979,1.914339295870525,7.5991217063989795,False,ALICE/USDT
1698321600000,SHORT,-7.42324701195218,1.8825357993910672,7.07324701195218,False,ROSE/USDT
1698321600000,SHORT,-7.23760493827161,-2.175510665365542,6.88760493827161,False,RSR/USDT
1698321600000,SHORT,-6.924603174603164,0.3153010806819252,6.574603174603165,False,CHR/USDT
1698321600000,SHORT,-6.896276759192866,,6.546276759192867,True,GRT/USDT
1698321600000,SHORT,-6.802919438285278,0.1814178289086541,6.452919438285278,False,NMR/USDT
1698321600000,SHORT,-6.3736413043478155,2.393244212016045,6.023641304347816,False,TLM/USDT
1698321600000,SHORT,-5.64700232214481,0.28254845277047,5.29700232214481,True,AXS/USDT
1698321600000,SHORT,-4.818925379339018,,10.911660777385144,False,STG/USDT
1698321600000,SHORT,-4.792597129856471,0.6941427512169713,4.4425971298564715,True,ADA/USDT
1698321600000,SHORT,-4.752743022136655,5.096674823587703,4.402743022136655,False,QNT/USDT
1698321600000,SHORT,-4.0739494362828825,-0.9508732187469755,8.83252476938844,True,MASK/USDT
1698321600000,SHORT,-2.84371737869708,-0.5228058851065304,5.418731877053929,True,HBAR/USDT
1698321600000,SHORT,-2.7095023595023617,2.07642994111418,7.464285714285693,True,ARB/USDT
1698321600000,SHORT,-2.4928571428571473,4.933593135047046,5.622040816326515,False,CKB/USDT
1698321600000,SHORT,-0.7387688984881164,-0.35725025465799165,7.015550755939523,True,SNX/USDT
1698321600000,SHORT,-0.35,0.45176343921732337,6.855956017104457,False,ACH/USDT
1698321600000,SHORT,0.7966591166477793,1.433433417633214,6.817228199320495,True,DOGE/USDT
1698336000000,SHORT,-11.160943542150022,-1.2767010950814883,10.810943542150023,False,ENJ/USDT
1698336000000,SHORT,-8.789796264855696,-0.34729061369839065,8.439796264855696,False,MAGIC/USDT
1698336000000,SHORT,-1.5297026502908921,,11.224725274725262,False,CYBER/USDT
1698350400000,SHORT,-10.523534158149538,,10.173534158149538,True,GALA/USDT
1698350400000,SHORT,-5.6610697492162885,1.9379052634190188,5.311069749216289,False,ROSE/USDT
1698350400000,SHORT,-5.259374999999997,0.3108554843640733,4.909374999999997,False,CHR/USDT
1698350400000,SHORT,-4.755020161290326,,4.405020161290326,True,GRT/USDT
1698350400000,SHORT,-3.347013651877135,3.3627959816839437,6.868280716723529,True,ARB/USDT
1698350400000,SHORT,-1.8510141987829538,,4.9793103448275895,False,STG/USDT
1698350400000,SHORT,3.7709523809523797,2.8622690826784756,4.12095238095238,False,ACH/USDT
1698350400000,SHORT,4.609736408566707,0.8711971936206616,4.959736408566707,True,MASK/USDT
1698350400000,SHORT,4.609924885241337,1.4769443735588974,4.959924885241336,True,DOGE/USDT
1698364800000,SHORT,-7.881661442006262,-1.2641452015649914,7.531661442006262,False,ENJ/USDT
1698364800000,SHORT,-4.354651162790693,-0.34493251998385566,4.004651162790694,False,MAGIC/USDT
1698379200000,SHORT,-7.646340766152089,,7.296340766152089,True,GALA/USDT
1698408000000,SHORT,3.9239397321428675,,4.273939732142868,True,GALA/USDT
1698523200000,SHORT,7.498417312661493,-0.42508308867064437,7.848417312661493,False,QTUM/USDT
1698537600000,SHORT,-5.844327990135637,0.02448216364411075,5.494327990135638,True,RUNE/USDT
1698537600000,SHORT,7.3917894162575095,1.0202470903859941,7.741789416257509,True,NEO/USDT
1698566400000,SHORT,-7.090979808010573,-0.40765353859448655,6.740979808010573,False,QTUM/USDT
1698566400000,SHORT,8.012392344497597,-0.08336234142798839,8.362392344497596,False,ONT/USDT
1698624000000,SHORT,7.771686414990336,5.112260760324451,8.121686414990336,True,FET/USDT
1698638400000,SHORT,-5.819219817767637,0.5286973570648583,5.469219817767637,True,SAND/USDT
1698638400000,SHORT,-3.4072708560358294,,6.481462646809533,True,XMR/USDT
1698638400000,SHORT,0.22937427578215175,-0.5586690330861289,9.714020857473908,False,RVN/USDT
1698638400000,SHORT,4.917752355316277,-0.13127237372328088,5.267752355316277,True,MANA/USDT
1698667200000,SHORT,3.8518918198774155,-0.13101194990212564,4.201891819877416,True,MANA/USDT
1698681600000,SHORT,4.271991084695371,0.13768749687462187,4.62199108469537,True,GALA/USDT
1698681600000,SHORT,9.393098274568633,,9.743098274568633,False,ID/USDT
1698710400000,SHORT,5.220455764075066,0.6610831541515572,5.570455764075065,True,AXS/USDT
1698710400000,SHORT,6.4226652675760745,1.6853169450365288,6.772665267576074,True,GMT/USDT
1698710400000,SHORT,8.227380952380946,0.2026191233299454,8.577380952380945,False,ARPA/USDT
1698724800000,SHORT,-5.933826247689447,-0.10532844645415257,5.583826247689448,True,ALGO/USDT
1698724800000,SHORT,-5.411000238530628,0.19710282853430436,5.061000238530628,False,API3/USDT
1698724800000,SHORT,4.6415126367408455,,4.991512636740845,True,GRT/USDT
1698724800000,SHORT,7.775646967941283,,8.125646967941282,False,ID/USDT
1698739200000,SHORT,5.146463815789457,-0.09805825275784766,5.496463815789457,False,ARPA/USDT
1698739200000,SHORT,10.220218674071484,2.5478300652538315,10.570218674071484,False,ZRX/USDT
1698753600000,SHORT,-8.861461661341842,0.2508002841659279,8.511461661341842,False,SKL/USDT
1698753600000,SHORT,-6.522583643122664,-0.10258779279124133,6.172583643122664,True,ALGO/USDT
1698753600000,SHORT,-5.509705159705153,0.09693978161789482,9.171744471744466,False,KAVA/USDT
1698753600000,SHORT,-1.5918075198344361,-0.6983975671630899,7.1158330458778885,False,DASH/USDT
1698840000000,SHORT,-9.779133858267704,0.19401395380931358,9.429133858267704,False,MTL/USDT
1698840000000,SHORT,-5.279410395203979,-0.6655260215821778,4.92941039520398,True,ETC/USDT
1698868800000,SHORT,4.062644849102237,0.1852007677989919,4.412644849102237,False,MTL/USDT
1698883200000,SHORT,9.887899532655377,1.0193592595467196,10.237899532655376,True,SOL/USDT
1698897600000,SHORT,-7.83873720136517,1.3421016667438228,7.48873720136517,True,NEAR/USDT
1698897600000,SHORT,3.748132028718446,0.18536512705051011,4.098132028718446,False,MTL/USDT
1698897600000,SHORT,5.277235172617284,1.1629805148099668,5.627235172617284,False,QTUM/USDT
1698926400000,SHORT,-5.461689189189173,1.332834680756852,5.111689189189173,True,NEAR/USDT
1698926400000,SHORT,-1.6468607483865094,2.0175734673595227,4.221940413101953,True,BTC/USDT
1698926400000,SHORT,-0.8669701056417191,1.0806131409463202,11.617284783097324,True,SOL/USDT
1698969600000,SHORT,-7.696998635743504,2.70117767337623,7.346998635743504,True,NEAR/USDT
1698998400000,SHORT,-4.8458167330677115,2.5879123297446016,4.495816733067712,True,NEAR/USDT
1699185600000,SHORT,-7.399786845310576,0.8577921972559924,7.049786845310576,False,1INCH/USDT
1699185600000,SHORT,11.033340362716133,,11.383340362716133,False,EGLD/USDT
1699200000000,SHORT,-7.829115372044874,0.9289239729189328,7.479115372044874,True,IMX/USDT
1699214400000,SHORT,-8.8501514004542,1.5051205978712483,8.5001514004542,True,PEOPLE/USDT
1699228800000,SHORT,7.805353982300867,,8.155353982300866,False,EGLD/USDT
1699257600000,SHORT,-8.096867749419946,1.0200377990111489,7.746867749419946,False,KSM/USDT
1699257600000,SHORT,3.9240955031492555,4.93841998707532,4.274095503149256,True,NEO/USDT
1699257600000,SHORT,9.211228148812186,,9.561228148812186,False,EGLD/USDT
1699286400000,SHORT,4.32087155963302,1.0212345735886732,4.67087155963302,False,KSM/USDT
1699286400000,SHORT,5.576530764080043,5.272159764561036,5.926530764080042,True,NEO/USDT
1699315200000,SHORT,-8.336813717597794,1.6070843391515859,7.986813717597794,False,ASTR/USDT
1699315200000,SHORT,4.984513618677018,0.8476206204611954,5.3345136186770175,True,XLM/USDT
1699315200000,SHORT,5.317694031941712,2.313642696550676,5.6676940319417115,True,ADA/USDT
1699315200000,SHORT,6.136158969161706,1.2871942226207216,6.486158969161705,True,XRP/USDT
1699315200000,SHORT,7.340526315789452,0.9111080030388509,7.690526315789452,True,GMT/USDT
1699344000000,SHORT,-10.01417593198167,1.5821634272526317,9.66417593198167,False,ASTR/USDT
1699344000000,SHORT,-6.779661346827554,-0.311963502994971,6.4296613468275545,True,COMP/USDT
1699344000000,SHORT,-6.181549067315465,1.43362466676448,5.831549067315465,True,ALGO/USDT
1699344000000,SHORT,-4.725241201250149,0.7295232974000648,4.375241201250149,True,DOGE/USDT
1699344000000,SHORT,6.039904901243586,1.2596915305263752,6.389904901243586,True,XRP/USDT
1699344000000,SHORT,8.899151074151051,0.6935617894414726,9.249151074151051,True,HBAR/USDT
1699358400000,SHORT,-12.08399503722083,1.7254341375272428,11.733995037220831,True,AR/USDT
1699358400000,SHORT,-11.985895117540679,0.1459880557015138,11.635895117540679,False,YGG/USDT
1699358400000,SHORT,-8.325065322881663,1.1371183874430268,7.975065322881663,False,ZEN/USDT
1699401600000,SHORT,5.747877204441528,4.111296737766749,6.097877204441527,False,ENJ/USDT
1699502400000,SHORT,8.73510431041478,1.681467388480969,9.08510431041478,False,ZEN/USDT
1699531200000,SHORT,2.671841029221104,0.10110482231514437,10.032911139922199,True,AAVE/USDT
1699531200000,SHORT,8.041009239516693,0.21774900942235706,8.391009239516693,True,SUI/USDT
1699531200000,SHORT,10.856980161645822,,11.206980161645822,False,MINA/USDT
1699531200000,SHORT,10.932555962933709,2.2168410019102023,11.282555962933708,True,TRB/USDT
1699545600000,SHORT,-12.30839670690014,2.506912838113377,11.95839670690014,True,LINK/USDT
1699545600000,SHORT,-9.602815013404818,-0.2687793985815157,9.252815013404819,False,YFI/USDT
1699545600000,SHORT,-8.942883463841536,-0.8526320772253722,8.592883463841536,True,FIL/USDT
1699545600000,SHORT,-1.6634795807634681,1.9705946714391986,6.087720160991207,True,BTC/USDT
1699574400000,SHORT,-12.284967912946408,2.462676530564271,11.934967912946409,True,LINK/USDT
1699574400000,SHORT,0.4169725669230536,2.5171745606607705,5.06190929644753,True,BTC/USDT
1699617600000,SHORT,-8.132140523846271,0.6553651620232863,7.78214052384627,True,OP/USDT
1699617600000,SHORT,3.045092145461713,-0.41830530904338564,8.03477382477579,True,ETC/USDT
1699646400000,SHORT,-8.342894880670434,,7.992894880670433,True,JASMY/USDT
1699660800000,SHORT,7.027325610677391,-0.40892204237516305,7.37732561067739,True,ETC/USDT
1699675200000,SHORT,-9.098554356206613,0.28273428872364675,8.748554356206613,True,IMX/USDT
1699675200000,SHORT,-5.931853211009166,,5.581853211009166,True,JASMY/USDT
1699704000000,SHORT,6.312643171806155,,6.662643171806154,True,JASMY/USDT
1699732800000,SHORT,7.279889758179232,,7.629889758179232,True,JASMY/USDT
1699747200000,SHORT,-12.202788129985015,1.123666449658533,11.852788129985015,True,SOL/USDT
1699776000000,SHORT,-9.593495742667926,,9.243495742667927,False,DUSK/USDT
1699790400000,SHORT,9.286988001654931,0.3997297162613265,9.636988001654931,False,BAT/USDT
1699804800000,SHORT,-11.106447098671879,1.3754904582274012,10.75644709867188,True,SOL/USDT
1699833600000,SHORT,-11.761858349577645,2.622438701533497,11.411858349577646,True,DYDX/USDT
1699833600000,SHORT,8.55658248696127,,8.90658248696127,True,AVAX/USDT
1699862400000,SHORT,10.182869003175995,,10.532869003175994,True,AVAX/USDT
1699891200000,SHORT,7.049205147615443,-0.010286129093987306,7.399205147615443,True,FIL/USDT
1699891200000,SHORT,8.057437762524337,1.721331860789562,8.407437762524337,True,ATOM/USDT
1699920000000,SHORT,-9.110214529497794,8.942343121020654,8.760214529497794,False,YFI/USDT
1699920000000,SHORT,8.144131688880059,0.8814476536667872,11.074219216232335,True,FIL/USDT
1699963200000,SHORT,-11.070779220779217,0.3860805768218092,10.720779220779217,True,SEI/USDT
1699992000000,SHORT,-7.989024390243882,0.17931251643117335,7.639024390243883,True,SEI/USDT
1700107200000,SHORT,8.135798929663585,0.040092862888686985,8.485798929663584,True,ARKM/USDT
1700121600000,SHORT,10.374511591560312,2.148893427348806,10.724511591560312,True,DYDX/USDT
1700150400000,SHORT,-10.235356104651158,6.643982858749345,9.885356104651159,True,AVAX/USDT
1700150400000,SHORT,-9.534988880652325,7.454080653304435,9.184988880652325,False,YFI/USDT
1700179200000,SHORT,-5.768372459204111,7.7651262282998355,5.418372459204111,False,YFI/USDT
1700251200000,SHORT,9.68157424585995,9.983851044453786,10.03157424585995,False,YFI/USDT
1700496000000,SHORT,9.38291645822908,0.9774937639352254,9.732916458229079,True,NEAR/USDT
1700496000000,SHORT,10.14192782526115,1.9489439590431812,10.49192782526115,True,FET/USDT
1700524800000,SHORT,10.305011303692512,1.4761636395174063,10.655011303692511,False,CHR/USDT
1700740800000,SHORT,-10.055642570281112,0.21578375624511978,9.705642570281112,False,BLUR/USDT
1700884800000,SHORT,10.713274903805038,3.5687027052242115,11.063274903805038,True,SEI/USDT
1700899200000,SHORT,10.734125776594398,-1.4045849918040805,11.084125776594398,False,MINA/USDT
1700928000000,SHORT,8.013698206555347,-1.4059085499012487,8.363698206555346,False,MINA/USDT
1701000000000,SHORT,5.240647163120562,2.101068973128793,5.590647163120561,True,VET/USDT
1701000000000,SHORT,6.448140371925596,1.0524877312108172,6.798140371925595,True,APE/USDT
1701100800000,SHORT,1.7025203742831287,0.6314795276050291,9.17047992755808,True,AXS/USDT
1701230400000,SHORT,1.5255477651183247,2.1562527378515943,7.912602979842223,False,CTK/USDT
1701590400000,SHORT,-6.598094558793541,1.3101956446593754,6.248094558793541,False,BSV/USDT
1701604800000,SHORT,6.600410534469399,-0.6692527525417521,6.950410534469398,False,CYBER/USDT
1701619200000,SHORT,-8.003035509736536,1.2342129419265524,7.653035509736536,False,BIGTIME/USDT
1701619200000,SHORT,-4.5489310009718125,2.114825622877285,4.198931000971813,True,ZEC/USDT
1701676800000,SHORT,-11.171419597989939,2.227404687200862,10.821419597989939,False,MAV/USDT
1701676800000,SHORT,-6.753013219284598,1.0605267485968424,6.403013219284598,False,BSV/USDT
1701676800000,SHORT,-6.269973632168739,1.1224248584624508,5.919973632168739,True,ALGO/USDT
1701676800000,SHORT,-4.685442404006654,1.8661442605576917,4.335442404006654,True,NEO/USDT
1701676800000,SHORT,11.336058416139716,,11.686058416139716,False,IOTA/USDT
1701691200000,SHORT,-11.467304573467388,0.622178402344137,11.117304573467388,True,PENDLE/USDT
1701691200000,SHORT,-1.765650806134491,-0.1977849500157497,11.021542797221114,False,LQTY/USDT
1701705600000,SHORT,-4.821890114142003,1.053635825506424,4.4718901141420035,False,BSV/USDT
1701720000000,SHORT,-10.25524542829644,0.2339256002969082,9.90524542829644,True,PENDLE/USDT
1701734400000,SHORT,-4.837491361437446,1.878656737457077,4.4874913614374465,True,BCH/USDT
1701748800000,SHORT,-6.975225225225207,0.23298635546798757,6.625225225225208,True,PENDLE/USDT
1701748800000,SHORT,-6.395615275813292,1.3438919068498647,6.045615275813292,True,JASMY/USDT
1701748800000,SHORT,-6.389237057220701,1.8819165850098234,6.039237057220701,False,RSR/USDT
1701748800000,SHORT,-6.065068493150665,,5.715068493150666,False,EGLD/USDT
1701748800000,SHORT,-1.7678912090745076,0.9224284793908879,11.909873678783185,True,MASK/USDT
1701748800000,SHORT,-0.07212065813528146,-1.6348971106938586,10.377674588665437,True,SUSHI/USDT
1701763200000,SHORT,-8.197968605724835,-0.17260905414301056,7.8479686057248355,False,ACH/USDT
1701763200000,SHORT,-7.788790035587193,1.682848597125699,7.438790035587194,False,ZEN/USDT
1701777600000,SHORT,-5.9103660682857955,1.3399566481928986,5.560366068285796,True,JASMY/USDT
1701777600000,SHORT,-5.267231726283035,0.23284506583355527,4.917231726283036,True,PENDLE/USDT
1701777600000,SHORT,0.4732570105479812,0.750115876008414,11.679547208644191,True,MASK/USDT
1701820800000,SHORT,4.630490377010268,0.7530943102761869,4.980490377010268,True,MASK/USDT
1701820800000,SHORT,4.739807555238753,2.4403864503717014,5.089807555238752,False,ANKR/USDT
1701820800000,SHORT,8.081116504854368,-0.0599801383053394,8.431116504854367,True,CFX/USDT
1701835200000,SHORT,-6.236658031088062,1.4312883486421821,5.8866580310880625,True,FLOW/USDT
1701835200000,SHORT,-5.0330284552845415,0.8490445525835816,4.683028455284542,True,GALA/USDT
1701835200000,SHORT,2.250743069448413,3.0303208094542344,11.794798513861096,False,MAV/USDT
1701835200000,SHORT,3.9040026297470756,0.5993214318882073,8.60855441256089,True,PENDLE/USDT
1701849600000,SHORT,-9.314844851904072,-2.2326641471589643,8.964844851904072,False,SLP/USDT
1701849600000,SHORT,-7.860520786432533,0.5901535928619098,7.510520786432533,True,HBAR/USDT
1701849600000,SHORT,-7.5159621451103975,2.246157122834611,7.165962145110398,False,ENJ/USDT
1701849600000,SHORT,-5.296560598970512,0.9720487723390282,4.946560598970512,False,RVN/USDT
1701892800000,SHORT,-12.307126475548047,1.6911358993056684,11.957126475548048,True,1000PEPE/USDT
1701892800000,SHORT,-7.686842105263162,1.4963932364165222,10.604505263157884,True,DOGE/USDT
1701892800000,SHORT,-4.3803093500173755,-1.2390396910585297,4.030309350017376,False,SLP/USDT
1701921600000,SHORT,3.748464687819856,-0.30364691470962574,4.098464687819856,True,DOGE/USDT
1701921600000,SHORT,9.008507853403124,0.6368111025654226,9.358507853403124,False,ACH/USDT
1701936000000,SHORT,-5.870686055182704,0.3538799968205543,5.520686055182704,True,HBAR/USDT
1701936000000,SHORT,-5.325292766934546,1.9973557246209064,4.975292766934547,True,ADA/USDT
1701936000000,SHORT,7.0978538663171555,1.3256381858806705,7.447853866317155,True,JASMY/USDT
1701993600000,SHORT,-8.925577557755764,-0.20784205525696814,8.575577557755764,False,SLP/USDT
1701993600000,SHORT,-5.2128520919269095,1.6797536307867853,4.86285209192691,False,KAVA/USDT
1702022400000,SHORT,-6.436538461538455,-0.20753125308464473,6.0865384615384555,False,SLP/USDT
1702123200000,SHORT,9.61925117924527,2.7292112100111487,9.96925117924527,False,SLP/USDT
1702137600000,SHORT,4.446619005064041,1.7983298646359203,4.7966190050640405,True,XRP/USDT
1702137600000,SHORT,4.711620591039059,2.7814327730718746,5.061620591039059,True,FIL/USDT
1702137600000,SHORT,5.549739368998616,2.5067991743596734,5.899739368998616,True,DOT/USDT
1702137600000,SHORT,9.578257562954182,2.9931135499051984,9.928257562954181,True,ADA/USDT
1702152000000,SHORT,-8.136386975579182,2.5664036659783784,7.786386975579182,True,AVAX/USDT
1702152000000,SHORT,-4.8670834255366024,1.7764950967703768,4.517083425536603,True,CHZ/USDT
1702152000000,SHORT,4.140531520395528,2.109528977903917,4.490531520395527,False,1INCH/USDT
1702152000000,SHORT,4.950042607584131,1.2040358843240824,5.300042607584131,False,RVN/USDT
1702152000000,SHORT,4.961085089773598,2.6812444775227693,5.311085089773598,False,QNT/USDT
1702152000000,SHORT,5.483479443772668,1.991531772497999,5.833479443772668,False,CTK/USDT
1702152000000,SHORT,6.35877922077921,2.7132032292942725,6.70877922077921,True,ENS/USDT
1702152000000,SHORT,8.278375149342873,2.762399209754923,8.628375149342872,False,ONE/USDT
1702152000000,SHORT,8.356204658266485,-0.8127513705323945,8.706204658266484,True,ATOM/USDT
1702166400000,SHORT,5.168637302133513,2.4930968849142205,5.518637302133513,True,DOT/USDT
1702166400000,SHORT,7.615918677239748,3.204370278663736,7.965918677239747,True,ADA/USDT
1702180800000,SHORT,-5.6817417536981845,2.5625901466939265,5.331741753698185,True,AVAX/USDT
1702180800000,SHORT,3.876334519572939,2.7470438763833114,4.226334519572939,False,ONE/USDT
1702180800000,SHORT,4.303759934787029,2.8318616092774485,4.653759934787028,True,ENS/USDT
1702180800000,SHORT,7.117916877850976,2.476715632216766,7.467916877850976,True,ALGO/USDT
1702195200000,SHORT,-4.8861923326835335,3.127244002398222,4.536192332683534,False,KSM/USDT
1702195200000,SHORT,3.7314671814671656,4.123302135760735,4.081467181467166,True,XLM/USDT
1702195200000,SHORT,4.52609756097559,1.460085738663318,4.876097560975589,False,DASH/USDT
1702195200000,SHORT,8.705791911249928,0.48137421884055737,9.055791911249928,True,IMX/USDT
1702209600000,SHORT,7.187758717135919,1.8781344617587468,7.537758717135919,True,MANA/USDT
1702224000000,SHORT,-5.2058860109230425,0.48010950919204576,4.855886010923043,True,IMX/USDT
1702224000000,SHORT,8.437625113739744,1.941636949318157,8.787625113739743,True,SAND/USDT
1702252800000,SHORT,-0.19691924990434134,1.9455813641909836,10.35686949866054,True,SAND/USDT
1702368000000,SHORT,-12.322930250938517,0.5214196761544199,11.972930250938518,True,IMX/USDT
1702483200000,LONG,5.5752840362025955,-2.698940424944898,5.9252840362025845,False,STG/USDT
1702584000000,SHORT,-11.788223608602857,2.558174289749219,11.438223608602858,True,INJ/USDT
1702598400000,SHORT,-7.882737427108711,2.6771490555435595,7.532737427108711,False,WOO/USDT
1702612800000,SHORT,-11.967808985068736,2.731588204730117,11.617808985068736,True,INJ/USDT
1702627200000,SHORT,-11.13716928978393,2.7607791683742837,10.78716928978393,False,WOO/USDT
1702656000000,SHORT,6.8309326171874885,1.5413286591627124,7.180932617187488,True,HBAR/USDT
1702684800000,SHORT,-12.052503032307841,0.7113792524296578,11.702503032307842,False,STORJ/USDT
1702713600000,SHORT,10.496226712977569,2.827989669528523,10.846226712977568,False,WOO/USDT
1702742400000,SHORT,7.184574402026755,3.1177964553041693,7.534574402026754,False,WOO/USDT
1702756800000,SHORT,8.507766224120303,0.5646416708160301,8.857766224120303,True,AR/USDT
1702771200000,SHORT,-9.389330375151255,-1.241014586900375,9.039330375151255,False,LPT/USDT
1702814400000,SHORT,4.111900485000886,1.9958346572673864,4.461900485000886,True,FIL/USDT
1702843200000,SHORT,11.437643760098835,,11.787643760098835,True,ICP/USDT
1702857600000,SHORT,-11.654460394770567,,11.304460394770567,False,LPT/USDT
1702929600000,LONG,-7.688921071687175,-2.0142317390960685,7.338921071687175,True,RUNE/USDT
1702929600000,LONG,4.884771573604068,0.9714313167008546,6.246573604060916,False,DASH/USDT
1702929600000,LONG,5.351990317374932,0.6091173581769435,7.057504034427106,False,POLYX/USDT
1702929600000,LONG,5.884691605433099,2.327185466929342,6.604787352482737,False,GMX/USDT
1702929600000,LONG,5.92308494783905,0.13298228109121202,6.27308494783905,False,KNC/USDT
1702929600000,LONG,7.57276399307559,0.9272553774720741,7.9227639930755895,True,AXS/USDT
1702929600000,LONG,7.798462484624848,1.4078941796194977,8.148462484624847,False,MINA/USDT
1702929600000,LONG,7.821052631578947,0.554155555360549,8.171052631578947,True,GALA/USDT
1702944000000,LONG,6.149517555615111,-0.30715057713630084,6.49951755561511,True,SNX/USDT
1702972800000,SHORT,-10.101199050927875,-0.8610966271119469,9.751199050927875,True,STX/USDT
1703016000000,SHORT,-10.461088538091966,4.033012535747552,10.111088538091966,True,INJ/USDT
1703116800000,SHORT,-11.32396657871591,0.7726745903648544,10.97396657871591,True,ARKM/USDT
1703116800000,SHORT,8.604234346799931,-0.8910287833059658,8.95423434679993,True,STX/USDT
1703131200000,SHORT,6.69518654997696,-0.12231885596038683,7.045186549976959,False,CTK/USDT
1703145600000,SHORT,3.992061563385962,-0.8913360798298156,4.342061563385962,True,STX/USDT
1703174400000,SHORT,8.175121112125241,-0.8898512840870811,8.525121112125241,True,STX/USDT
1703217600000,SHORT,-9.615363128491598,-2.3654477358438113,9.265363128491598,True,FLOW/USDT
1703217600000,SHORT,-8.568089252042732,0.28665381112929017,8.218089252042732,True,DOT/USDT
1703232000000,SHORT,-10.400186942766746,-0.7630179562534775,10.050186942766747,True,NEAR/USDT
1703232000000,SHORT,-5.840473390179369,2.3170016896791212,5.490473390179369,False,KSM/USDT
1703232000000,SHORT,-2.16818181818181,0.4065070688886374,10.069480519480514,True,ALGO/USDT
1703289600000,SHORT,-10.642933102043875,1.2400983813783581,10.292933102043875,True,ARB/USDT
1703289600000,SHORT,-9.26887581553559,1.2101057492067422,8.918875815535591,True,GRT/USDT
1703289600000,SHORT,-9.173216995447632,2.2998643449557794,8.823216995447632,True,CELO/USDT
1703289600000,SHORT,-8.756990997893103,-0.14037292802734683,8.406990997893104,False,MAGIC/USDT
1703289600000,SHORT,-8.751889408909687,2.5018629875324185,8.401889408909687,False,ROSE/USDT
1703289600000,SHORT,4.982500235782311,3.497430166910728,5.332500235782311,True,ETC/USDT
1703318400000,SHORT,-10.668812740116485,-1.14789774534795,10.318812740116485,True,OP/USDT
1703318400000,SHORT,-9.784558108209218,1.6039467823659013,9.434558108209218,True,ARB/USDT
1703318400000,SHORT,-9.082348234289968,0.8624950330218464,8.732348234289969,True,APT/USDT
1703318400000,SHORT,-7.000254381006211,-0.13917029313427068,6.650254381006211,False,MAGIC/USDT
1703318400000,SHORT,-6.75312687258264,1.1853554959014392,6.40312687258264,True,GRT/USDT
1703347200000,SHORT,-4.944795783926188,1.0554910441107228,4.594795783926188,True,APT/USDT
1703404800000,SHORT,-8.985992920609672,0.546410837855798,8.635992920609672,False,CAKE/USDT
1703419200000,SHORT,-6.378675136116125,1.0534891562356123,6.028675136116125,True,APT/USDT
1703433600000,SHORT,11.621177545161936,0.25454360632564554,11.971177545161936,True,OP/USDT
1703448000000,SHORT,-11.651199657240772,0.0507760265339151,11.301199657240772,False,MINA/USDT
1703448000000,SHORT,-7.992998027613407,0.26824250455587556,7.642998027613407,True,DOT/USDT
1703448000000,SHORT,-7.51326530612244,-0.7782268639743557,7.16326530612244,False,STG/USDT
1703448000000,SHORT,-7.293413877900117,-0.9795866181836309,6.9434138779001175,False,API3/USDT
1703448000000,SHORT,-5.914465983906353,1.5894803743740646,5.564465983906353,False,ARPA/USDT
1703462400000,SHORT,-9.235241867261383,2.084444052232639,8.885241867261383,False,ROSE/USDT
1703462400000,SHORT,-7.147346575748572,-1.5385579040986777,6.7973465757485725,True,UNI/USDT
1703462400000,SHORT,-5.0605863192182285,1.354966191708953,4.710586319218229,False,CKB/USDT
1703462400000,SHORT,5.938525889646951,1.483890372153975,6.288525889646951,True,OP/USDT
1703462400000,SHORT,9.150265327395038,0.4916029795733803,9.500265327395038,True,AR/USDT
1703491200000,SHORT,-10.879351535836161,,10.529351535836161,False,KSM/USDT
1703491200000,SHORT,-8.45188664656304,2.0831655045193065,8.10188664656304,False,ROSE/USDT
1703491200000,SHORT,-6.41299493896992,-1.6410171139359866,6.06299493896992,True,UNI/USDT
1703505600000,SHORT,9.222833333333329,,9.572833333333328,True,AXS/USDT
1703505600000,SHORT,9.362683670640397,0.9299006201667424,9.712683670640397,False,CYBER/USDT
1703520000000,SHORT,-11.700856567013762,-1.3969524650886609,11.350856567013762,False,MINA/USDT
1703520000000,SHORT,-6.565261251939986,0.8533428897017542,6.215261251939986,True,ENS/USDT
1703520000000,SHORT,6.481547338671667,0.4953075451969751,6.831547338671666,True,LDO/USDT
1703520000000,SHORT,8.2997430626927,,8.6497430626927,False,HIGH/USDT
1703534400000,SHORT,8.912185941929804,,9.262185941929804,True,AXS/USDT
1703548800000,SHORT,8.172077317186766,-3.3706826390084665,8.522077317186765,False,ONE/USDT
1703563200000,SHORT,-9.24176880316119,0.12930587378474007,8.89176880316119,False,AGLD/USDT
1703563200000,SHORT,6.351570680628268,-1.4986593397946006,8.807120418848163,True,FLOW/USDT
1703563200000,SHORT,6.382156862745082,1.588528288960195,6.732156862745081,False,1INCH/USDT
1703563200000,SHORT,8.049009600808493,,8.399009600808492,True,AXS/USDT
1703563200000,SHORT,9.422587794067518,,9.772587794067517,False,KSM/USDT
1703577600000,SHORT,4.008651162790705,-3.342280538022478,4.3586511627907045,False,ONE/USDT
1703592000000,SHORT,-8.610953522439726,0.12902650830047516,8.260953522439726,False,AGLD/USDT
1703592000000,SHORT,4.124199869366442,-3.2265044054575385,11.33889614630957,True,SAND/USDT
1703592000000,SHORT,4.6171641791044795,3.0556100517025895,4.967164179104479,False,SLP/USDT
1703592000000,SHORT,5.459731299927366,,11.277954144620818,True,AXS/USDT
1703592000000,SHORT,9.033773584905644,-2.5538711576029907,9.383773584905644,True,MANA/USDT
1703592000000,SHORT,10.576193996747005,2.0670905607981167,10.926193996747005,False,ROSE/USDT
1703606400000,SHORT,-8.971493388644014,0.65942704047654,8.621493388644014,False,CKB/USDT
1703606400000,SHORT,-6.567625093353236,1.381622025811236,6.217625093353236,False,ENJ/USDT
1703606400000,SHORT,1.2974302061753953,0.813113030004806,7.364634507250653,True,ENS/USDT
1703606400000,SHORT,10.261483390607092,,10.611483390607091,False,RSR/USDT
1703620800000,SHORT,6.675069194575137,3.6393151624842224,7.025069194575137,False,QNT/USDT
1703635200000,SHORT,-11.780193236714952,-2.490074738767011,11.430193236714953,True,UNI/USDT
1703635200000,SHORT,-8.703101550775381,1.4306467527547855,8.353101550775381,False,HFT/USDT
1703635200000,SHORT,-0.30900799344128344,,11.53466898954704,True,ENS/USDT
1703635200000,SHORT,0.9211527766743478,-0.28881894666117397,11.559545562882318,False,TWT/USDT
1703635200000,SHORT,7.647246011754805,0.1816422208587585,7.997246011754805,False,ARPA/USDT
1703635200000,SHORT,9.062749478701214,-0.3491688424855412,9.412749478701214,False,ID/USDT
1703635200000,SHORT,9.25728845698032,,9.607288456980319,True,SUI/USDT
1703649600000,SHORT,-8.22517605633801,0.6689896556297105,7.875176056338009,False,CAKE/USDT
1703649600000,SHORT,-6.206436890147923,-1.1262997097880818,5.856436890147924,False,STG/USDT
1703664000000,SHORT,-11.248548826487827,1.1600703879724146,10.898548826487827,False,DUSK/USDT
1703664000000,SHORT,3.9346765039727303,1.4298909453932915,4.28467650397273,False,ARPA/USDT
1703664000000,SHORT,8.836822181297308,1.5518674525801757,9.186822181297307,True,SEI/USDT
1703664000000,SHORT,8.972257683215124,,9.322257683215124,True,SUI/USDT
1703692800000,SHORT,4.400341951626348,1.4314137670242093,4.750341951626347,False,ARPA/USDT
1703692800000,SHORT,7.187687034716577,1.3701163776754175,7.537687034716576,False,MINA/USDT
1703707200000,SHORT,7.0632548776710875,-1.679841278004578,7.413254877671087,True,GMT/USDT
1703721600000,SHORT,-9.246466236423718,,8.896466236423718,False,ASTR/USDT
1703736000000,SHORT,10.147725752508354,-0.31593798162761977,10.497725752508353,False,MAGIC/USDT
1703750400000,SHORT,5.332690854119416,-0.7504071416115368,5.682690854119415,False,STG/USDT
1703764800000,SHORT,1.6149236765183512,1.3613876220512569,11.571126989282215,True,COMP/USDT
1703779200000,SHORT,9.425170497600396,,9.775170497600396,True,AAVE/USDT
1703779200000,SHORT,11.135191956124304,1.4845388053817934,11.485191956124304,False,SKL/USDT
1703793600000,SHORT,2.1190671486167103,0.7491795349378754,11.976799666342274,False,CAKE/USDT
1703793600000,SHORT,2.3438952856832524,2.123885000281888,5.131184631141179,True,BNB/USDT
1703808000000,SHORT,0.2608656095658918,0.2194039433829763,7.900064985703123,True,UNI/USDT
1703822400000,SHORT,-11.791799192974114,,11.441799192974115,False,BSV/USDT
1703894400000,SHORT,-11.091734467455614,0.8837902383411304,10.741734467455615,True,SEI/USDT
1704052800000,SHORT,-8.138928939237887,1.4568063453212885,7.788928939237887,False,CHR/USDT
1704240000000,SHORT,6.652975609756091,-0.027829482622528382,7.00297560975609,True,CFX/USDT
1704268800000,SHORT,7.032347090999489,1.0702310168982079,7.382347090999489,False,GMX/USDT
1704268800000,SHORT,7.997845468053473,-0.027495141904533463,8.347845468053473,True,CFX/USDT
1704268800000,SHORT,10.393811394891937,,10.743811394891937,False,ASTR/USDT
1704369600000,SHORT,9.136636636636625,2.7983976050287045,9.486636636636625,False,CHR/USDT
1704398400000,SHORT,9.160034870205346,2.768971673696096,9.510034870205345,False,CHR/USDT
1704412800000,SHORT,9.69822893037863,-0.36008177847546485,10.04822893037863,False,YGG/USDT
1704427200000,SHORT,6.548684210526278,2.7461570406673377,6.898684210526278,False,CHR/USDT
1704700800000,LONG,7.930413131685723,-1.957892458397044,8.280413131685723,False,ILV/USDT
1704700800000,LONG,8.13945416004241,-1.4402549948992103,8.48945416004241,False,RVN/USDT
1704700800000,LONG,8.814920828258208,-1.181939376260427,9.164920828258207,True,COMP/USDT
1704700800000,LONG,9.734191320213752,-1.11541675928382,10.084191320213751,True,HBAR/USDT
1704715200000,LONG,5.66069209651784,0.7031019148437727,11.003236526513515,False,RLC/USDT
1704715200000,LONG,6.620729418074539,1.4175085184980971,6.970729418074539,True,CHZ/USDT
1704715200000,LONG,8.226981132075473,0.735220322241253,8.576981132075481,True,CRV/USDT
1704715200000,LONG,8.49521754294184,-0.46942695383467836,8.845217542941839,True,NEO/USDT
1704715200000,LONG,8.786469306211409,-1.935128204022411,9.136469306211408,False,DASH/USDT
1704715200000,LONG,10.29692364714603,-0.400883133635475,10.64692364714603,False,CTK/USDT
1704715200000,LONG,11.166678117485398,1.0001911571971414,11.516678117485398,False,STORJ/USDT
1704729600000,LONG,2.1678346621905065,-2.523738216450278,9.420688208141001,False,ONT/USDT
1704729600000,LONG,7.838807912545555,0.1036352751687133,8.188807912545554,False,UMA/USDT
1704729600000,LONG,8.600098796479267,0.02624213320350395,8.950098796479267,False,GAS/USDT
1704729600000,LONG,10.749341711549976,0.31490261118594504,11.099341711549975,False,HFT/USDT
1704729600000,LONG,11.159201269140574,-1.7954057882191905,11.509201269140574,False,ARK/USDT
1704988800000,SHORT,-11.948145019480746,,11.598145019480746,True,ETC/USDT
1705017600000,SHORT,-6.681418060200662,,6.3314180602006624,True,ETC/USDT
1705060800000,SHORT,8.835490339044828,-1.9488848777367447,9.185490339044827,True,BCH/USDT
1705075200000,SHORT,5.558024606971955,-0.34941812673803035,5.908024606971955,True,LTC/USDT
1705075200000,SHORT,7.044969501747645,,11.704132684531555,True,ETC/USDT
1705248000000,SHORT,4.595756358768395,0.09055326248990758,4.945756358768395,True,TRX/USDT
1705262400000,SHORT,-10.747725598373675,-0.15238063705910862,10.397725598373675,True,TIA/USDT
1705435200000,SHORT,-7.004373728567267,1.924345677212732,6.6543737285672675,True,CHZ/USDT
1705464000000,SHORT,-5.2760157211857095,,4.92601572118571,True,CHZ/USDT
1705492800000,SHORT,7.239999041135287,,7.589999041135287,True,CHZ/USDT
1705521600000,SHORT,7.940220207253875,,8.290220207253874,True,APE/USDT
1705564800000,SHORT,10.754896626768213,-0.9869617338548613,11.104896626768213,True,TRB/USDT
1705593600000,SHORT,-10.538312267657986,0.24388995568758018,10.188312267657986,False,GAS/USDT
1705694400000,LONG,-10.791847979655278,1.8338393754415259,10.441847979655279,False,KAS/USDT
1705694400000,LONG,-7.81962339205455,-0.5082412236815035,7.46962339205455,True,IMX/USDT
1705694400000,LONG,-7.177976190476195,-1.3434345015172404,6.827976190476195,True,ADA/USDT
1705694400000,LONG,-7.009356879283071,0.22650424500552424,6.659356879283071,False,RVN/USDT
1705694400000,LONG,-5.226766435530584,-1.3163073893228472,4.876766435530584,True,XLM/USDT
1705694400000,LONG,6.743620877129392,-1.3230697540060234,7.093620877129392,False,DASH/USDT
1705708800000,LONG,-6.2313867576015936,,5.881386757601594,False,SFP/USDT
1705723200000,LONG,-5.695803750227565,-1.0337632625444735,5.3458037502275655,True,XRP/USDT
1705723200000,LONG,-5.301850552534631,-1.3308805136395825,4.951850552534632,True,XLM/USDT
1705780800000,SHORT,-12.162327506899702,-0.08830230486598943,11.812327506899702,False,RLC/USDT
1705881600000,SHORT,-11.26454209065678,8.757920061074282,10.91454209065678,False,UMA/USDT
1706040000000,LONG,-7.034919302776001,-0.9767921997479024,6.684919302776001,False,ILV/USDT
1706040000000,LONG,1.8382326671876834,-0.48793672512333175,6.255063079155968,True,AAVE/USDT
1706040000000,LONG,1.9859073359073358,-0.11369618246538284,4.572857142857147,True,XRP/USDT
1706040000000,LONG,4.0273296377712,1.7857535978910068,10.25761253942464,False,MINA/USDT
1706040000000,LONG,4.528048780487807,-1.4337049468612972,7.47041901188242,True,ALGO/USDT
1706040000000,LONG,4.57525570416994,0.733297739983463,6.465554681353273,True,DOT/USDT
1706040000000,LONG,5.674393248737226,-0.8016781227582898,8.947135641246776,False,STRAX/USDT
1706040000000,LONG,6.066334211516746,0.011762131215547728,6.416334211516745,True,VET/USDT
1706040000000,LONG,7.001473477406684,-7.064201673302708,7.351473477406683,False,POLYX/USDT
1706040000000,LONG,7.361507128309577,-1.5999947691567873,7.711507128309576,False,ARK/USDT
1706040000000,LONG,7.770680197476684,-0.30372787965754244,8.120680197476684,False,KSM/USDT
1706040000000,LONG,8.142188619750613,-0.041609382757251595,11.374602264583633,True,STX/USDT
1706040000000,LONG,8.301332984840563,-0.9875499361163506,11.384654338734975,True,AVAX/USDT
1706040000000,LONG,8.599556160492364,1.4462136826435137,8.949556160492364,True,ARB/USDT
1706040000000,LONG,8.725171055359738,-1.741317104388574,9.075171055359737,False,ROSE/USDT
1706068800000,LONG,3.9930543572044805,-0.708452943747125,4.343054357204481,False,YFI/USDT
1706083200000,LONG,3.8654060381013777,0.04101261573877182,4.215406038101378,False,CAKE/USDT
1706299200000,SHORT,-9.330634104541543,-0.42067482593030914,8.980634104541544,False,ZRX/USDT
1706385600000,SHORT,6.020926021727866,-0.40874104305280734,6.370926021727866,False,ZRX/USDT
1706414400000,SHORT,6.867802661473533,0.6284081936334085,7.217802661473533,False,EDU/USDT
1706414400000,SHORT,10.269821766135552,0.2156509191400236,10.619821766135551,False,ZRX/USDT
1706457600000,SHORT,-6.683757869808826,-0.7279725568897703,6.333757869808826,True,AVAX/USDT
1706572800000,SHORT,6.060466823253064,0.6391945390778004,6.4104668232530635,False,STORJ/USDT
1706601600000,SHORT,4.619514140681651,0.640950871242513,4.9695141406816505,False,STORJ/USDT
1706644800000,SHORT,8.363559322033888,1.8578795142409017,8.713559322033888,True,SEI/USDT
1706659200000,SHORT,4.822730496453889,-0.35168597348004527,5.172730496453888,False,EGLD/USDT
1706688000000,SHORT,-8.461300930381782,1.379402180811473,8.111300930381782,False,MAGIC/USDT
1706688000000,SHORT,-6.733970767356871,,6.383970767356871,False,CKB/USDT
1706745600000,SHORT,0.3244604316546683,,11.59727967625899,False,CKB/USDT
1706904000000,SHORT,-6.643687577151832,-0.15987298542669043,6.293687577151832,True,LINK/USDT
1706932800000,SHORT,-7.234381350191909,-0.15959304143990682,6.8843813501919096,True,LINK/USDT
1707091200000,SHORT,8.094767238361912,0.5148925079488691,8.444767238361912,False,NMR/USDT
1707177600000,SHORT,8.674848484848468,0.524008447028438,9.024848484848468,False,NMR/USDT
1707220800000,SHORT,-2.3886266094420603,0.6911516651292575,5.987198745460528,True,TRX/USDT
1707249600000,SHORT,-3.160614201868232,0.6892240789726911,6.1536661982309555,True,TRX/USDT
1707278400000,SHORT,-8.889731142643758,1.1712557679648665,8.539731142643758,False,COTI/USDT
1707278400000,SHORT,-5.835243098731652,1.7451022565296277,5.485243098731653,True,OP/USDT
1707292800000,LONG,4.48861930965483,1.6522655330806237,4.838619309654829,True,ZEC/USDT
1707292800000,SHORT,-11.387325285895784,-0.128853762959315,11.037325285895784,False,CHR/USDT
1707321600000,LONG,-6.140164440670114,,11.22982320697908,True,XMR/USDT
1707321600000,LONG,0.5289062499999987,1.652778127719597,5.460253906249997,True,ZEC/USDT
1707321600000,LONG,4.259305742622739,-0.54765888843945,4.60930574262275,True,AR/USDT
1707321600000,SHORT,-11.528594147582679,0.10996998821483743,11.178594147582679,False,CHR/USDT
1707364800000,SHORT,-2.749934248376762,0.6791456343676682,4.537215418755645,True,TRX/USDT
1707480000000,SHORT,-5.420591190755312,0.016256248312442247,5.070591190755312,True,STX/USDT
1707494400000,SHORT,7.891788520839553,2.3160230461706357,8.241788520839552,False,COTI/USDT
1707508800000,SHORT,0.33480121742437874,-1.1153278940057219,5.031672056305866,True,RUNE/USDT
1707508800000,SHORT,1.812162162162159,1.334064808060497,10.157493857493845,False,RVN/USDT
1707523200000,SHORT,7.837979717637696,2.313435669761389,8.187979717637695,False,COTI/USDT
1707537600000,SHORT,-5.101756078734056,-1.1400272241234217,4.751756078734056,True,RUNE/USDT
1707552000000,SHORT,-6.579611905456652,1.3169552374428266,6.229611905456652,True,SUI/USDT
1707552000000,SHORT,-6.319766593727192,-1.2796027836939436,5.969766593727193,True,WLD/USDT
1707624000000,SHORT,-6.194557243423474,0.5426469553200751,5.844557243423474,True,IMX/USDT
1707652800000,SHORT,-10.503325056258243,0.056143307587287215,10.153325056258243,True,1000BONK/USDT
1707696000000,SHORT,-7.90430671133686,-0.9223934198523712,9.481249324543377,False,STRAX/USDT
1707696000000,SHORT,-5.030283296541566,-4.265196000701178,4.680283296541567,True,BCH/USDT
1707724800000,SHORT,-4.999164976738618,1.870991423285262,4.649164976738619,False,POLYX/USDT
1707782400000,SHORT,-8.64323565657948,1.0260556993265006,8.29323565657948,True,IMX/USDT
1707782400000,SHORT,-5.825038884419406,0.09342001638904869,5.475038884419407,True,OP/USDT
1707782400000,SHORT,-5.1156352004178,0.6853255781755695,4.7656352004178,True,AXS/USDT
1707796800000,SHORT,-8.827164033002372,-0.6388596400993225,8.477164033002373,False,API3/USDT
1707825600000,SHORT,-10.342417595152543,-3.2000083024162174,9.992417595152544,True,TRB/USDT
1707825600000,SHORT,-7.849906774394012,-0.6760691600271411,7.499906774394012,True,NEAR/USDT
1707825600000,SHORT,-4.605777460770312,1.4177551066711018,4.255777460770313,False,TWT/USDT
1707840000000,SHORT,-8.54044076622651,-0.8611929680789431,8.19044076622651,True,WLD/USDT
1707868800000,SHORT,-5.186907550910052,-0.8522614326034104,4.836907550910053,True,WLD/USDT
1707969600000,SHORT,5.189905586152622,1.4925545305829593,5.539905586152622,True,PYTH/USDT
1707969600000,SHORT,6.286888586956513,-2.3358643807134105,6.636888586956513,False,BLUR/USDT
1707969600000,SHORT,8.668706536856723,-0.16031508150981946,9.018706536856723,False,BIGTIME/USDT
1707998400000,SHORT,-11.998637715645438,1.01926201919083,11.648637715645439,True,STX/USDT
1707998400000,SHORT,-6.323464801215486,2.3995088764089947,5.973464801215487,True,IMX/USDT
1707998400000,SHORT,7.084995911692554,-0.5247844027047185,7.434995911692553,True,1000PEPE/USDT
1708027200000,SHORT,-12.013879922530643,0.5819953723482051,11.663879922530644,False,ARPA/USDT
1708027200000,SHORT,-8.192870100165624,1.0119936903086186,7.842870100165624,True,STX/USDT
1708027200000,SHORT,-6.436968144352851,10.685372377743708,6.086968144352851,False,CKB/USDT
1708027200000,SHORT,-3.378471662637652,2.0193086774471594,5.869977168949755,False,LQTY/USDT
1708027200000,SHORT,6.12139768036171,-2.4347224022977785,6.47139768036171,True,APT/USDT
1708027200000,SHORT,8.825480345496201,-0.5121215401032675,9.1754803454962,False,API3/USDT
1708041600000,SHORT,-9.558295331161755,3.4557318948243485,9.208295331161755,False,SKL/USDT
1708056000000,SHORT,-10.397622077302358,0.5030120875813707,10.047622077302359,False,ARPA/USDT
1708056000000,SHORT,-9.521345875542679,-0.726299250062823,9.171345875542679,True,AR/USDT
1708056000000,SHORT,-8.309033662624646,-2.062924677558837,7.959033662624646,True,TRB/USDT
1708056000000,SHORT,-4.9949539828625715,1.0114584734994814,4.644953982862572,True,STX/USDT
1708056000000,SHORT,0.2835797254487862,2.9227799354491335,6.125237592397032,True,FLOW/USDT
1708056000000,SHORT,6.878289079656607,-2.4404512504918774,7.228289079656607,True,APT/USDT
1708070400000,SHORT,5.590208040043795,2.2071202635246747,5.940208040043794,True,SUSHI/USDT
1708084800000,SHORT,-8.11771428571427,-0.7334034349701182,7.76771428571427,True,AR/USDT
1708084800000,SHORT,-5.5620930232558035,1.0127001549334533,5.212093023255804,False,HFT/USDT
1708084800000,SHORT,-5.174943389653357,-0.9243915981592548,4.824943389653358,True,FIL/USDT
1708084800000,SHORT,-4.986278195488709,-0.5746638175461892,4.63627819548871,True,CRV/USDT
1708084800000,SHORT,-4.374345125573856,2.4748988716941884,4.0243451255738565,True,UNI/USDT
1708084800000,SHORT,3.828619032858025,0.6467864210815458,4.178619032858025,True,NEO/USDT
1708084800000,SHORT,6.452061855670099,2.203266797316561,6.8020618556700985,True,RUNE/USDT
1708084800000,SHORT,6.640806376721855,-2.7649184196398786,6.990806376721855,False,GAS/USDT
1708084800000,SHORT,8.443911944385928,,8.793911944385927,True,VET/USDT
1708099200000,SHORT,-12.242913033758104,0.09311298990157195,11.892913033758104,False,CHR/USDT
1708099200000,SHORT,-9.03697738176833,-0.6676986516038083,8.68697738176833,False,NMR/USDT
1708099200000,SHORT,-7.785651478816951,-1.3710933591322867,7.435651478816951,False,YGG/USDT
1708099200000,SHORT,-7.599786142001696,3.0117946220564016,7.249786142001696,False,STEEM/USDT
1708099200000,SHORT,-6.371544176174036,1.9028391633832018,6.021544176174037,False,SLP/USDT
1708099200000,SHORT,1.629833664532268,0.40160510780554465,8.38335173327443,False,AGLD/USDT
1708099200000,SHORT,3.857792207792214,2.209285710402192,4.207792207792214,True,SUSHI/USDT
1708099200000,SHORT,4.613707729468594,,4.963707729468593,False,QTUM/USDT
1708113600000,SHORT,-12.075591677503247,2.538733509416252,11.725591677503248,True,ARKM/USDT
1708113600000,SHORT,-4.8111809261490635,-2.2532488575540066,4.461180926149064,True,AR/USDT
1708113600000,SHORT,11.193131749460036,,11.543131749460036,True,VET/USDT
1708128000000,SHORT,-10.426909782232963,1.2221743386573607,10.076909782232963,False,RLC/USDT
1708128000000,SHORT,-9.159457579972157,-0.669637240791663,8.809457579972158,False,NMR/USDT
1708156800000,SHORT,-10.859832272990145,1.2217436950952103,10.509832272990145,False,RLC/USDT
1708156800000,SHORT,-7.495267397628081,,7.145267397628081,True,VET/USDT
1708156800000,SHORT,-7.268123869411645,-0.30334807004622505,6.918123869411645,True,AR/USDT
1708156800000,SHORT,-6.097190230341533,0.16784254773697507,5.747190230341533,False,STRAX/USDT
1708171200000,SHORT,-7.860649971862687,1.5641304976578665,7.510649971862687,False,STORJ/USDT
1708171200000,SHORT,-7.17425553152553,-0.41121967962837686,6.82425553152553,True,FIL/USDT
1708171200000,SHORT,-5.536387434554957,-0.31649343399153135,5.186387434554957,True,CHZ/USDT
1708214400000,SHORT,-10.1254391645754,2.438250784639307,9.7754391645754,True,AR/USDT
1708228800000,SHORT,-8.535118084762201,-0.36674285697660824,8.185118084762202,False,NMR/USDT
1708243200000,SHORT,-6.215534115040153,2.780209206463072,5.865534115040154,True,GRT/USDT
1708286400000,SHORT,-6.902783505154627,1.0747965845094571,6.552783505154627,True,FET/USDT
1708286400000,SHORT,-5.0346016593808445,,4.684601659380845,False,ZEN/USDT
1708300800000,SHORT,-8.300122694073137,2.792900508524335,7.950122694073136,False,RLC/USDT
1708315200000,SHORT,9.742253201344107,,10.092253201344107,False,ZEN/USDT
1708344000000,SHORT,-7.149687954435272,2.778047665322885,6.799687954435273,False,RLC/USDT
1708344000000,SHORT,7.621893838565711,,7.971893838565711,True,GRT/USDT
1708358400000,SHORT,-6.855157879697091,0.5193192678615076,6.505157879697092,False,ARPA/USDT
1708358400000,SHORT,3.3855469908093627,2.0324973460982356,9.964245478802253,False,NMR/USDT
1708358400000,SHORT,10.397916666666651,0.01955076708248245,10.74791666666665,False,CYBER/USDT
1708372800000,SHORT,-10.542591535513322,,10.192591535513323,True,GRT/USDT
1708387200000,SHORT,-9.243708807669256,2.026619069868056,8.893708807669256,False,NMR/USDT
1708387200000,SHORT,-6.208057956278579,1.875265800342776,5.8580579562785795,True,MASK/USDT
1708387200000,SHORT,-5.863879957127551,0.5861449540833537,5.513879957127552,False,ONE/USDT
1708387200000,SHORT,0.21503967299831894,0.20566052415472297,8.324723491223835,False,TLM/USDT
1708387200000,SHORT,0.7363350485991887,2.935017095492666,9.614800294045585,True,THETA/USDT
1708387200000,SHORT,3.8743288241415166,2.0276576481304045,4.224328824141517,False,GMX/USDT
1708387200000,SHORT,5.846727676095375,-1.3615235182482597,6.1967276760953744,False,YGG/USDT
1708401600000,SHORT,-10.368486144690335,,10.018486144690335,True,HBAR/USDT
1708401600000,SHORT,9.306541932059432,1.4399347775015152,9.656541932059431,False,STORJ/USDT
1708416000000,SHORT,4.337096774193543,-1.340468427276678,4.6870967741935425,False,YGG/USDT
1708416000000,SHORT,8.632783823290563,2.8736380702694375,8.982783823290562,True,THETA/USDT
1708430400000,SHORT,-11.526021452949761,,11.176021452949762,True,HBAR/USDT
1708430400000,SHORT,-9.44156037991857,2.4443562754048864,9.09156037991857,True,FIL/USDT
1708430400000,SHORT,-8.512319333446694,-0.36120948304178685,8.162319333446694,True,CHZ/USDT
1708430400000,SHORT,-0.22953189536484678,0.9308239820129928,10.17349701698025,True,APE/USDT
1708430400000,SHORT,3.729566434399381,1.4237139719664322,9.140688464058108,False,MTL/USDT
1708430400000,SHORT,3.9863764044943815,1.1213298909718683,11.675316011235957,False,KAS/USDT
1708444800000,SHORT,-6.095959811885422,7.031892112037605,5.745959811885422,True,FET/USDT
1708444800000,SHORT,-5.880564703992287,,11.781042654028415,False,ACH/USDT
1708459200000,SHORT,3.8361863418426734,,4.1861863418426735,True,FIL/USDT
1708473600000,SHORT,-10.52477234676792,,10.17477234676792,False,ACH/USDT
1708488000000,SHORT,-9.634390721073215,,9.284390721073216,True,FIL/USDT
1708488000000,SHORT,-9.534451702296124,8.973970456821377,9.184451702296125,True,FET/USDT
1708488000000,SHORT,-8.324318030605454,2.1916183309827257,7.974318030605454,False,ANKR/USDT
1708488000000,SHORT,3.6867939354719277,,4.036793935471928,True,HBAR/USDT
1708502400000,SHORT,-11.840495867768587,,11.490495867768587,True,MASK/USDT
1708502400000,SHORT,-8.133566932438077,-0.35084579842661934,7.7835669324380765,True,CHZ/USDT
1708516800000,SHORT,-11.073774993912158,2.5347590222819387,10.723774993912158,False,RLC/USDT
1708516800000,SHORT,-10.913209059931848,7.675243700954922,10.563209059931848,True,FET/USDT
1708776000000,SHORT,-3.034563758389264,1.081812745737603,9.724161073825504,True,CRV/USDT
1708776000000,SHORT,0.052395657870114576,2.680838990350199,7.092416869424155,False,CAKE/USDT
1708790400000,SHORT,8.978632031613186,,9.328632031613186,True,SUSHI/USDT
1708804800000,SHORT,6.052054794520536,3.4725328890862572,6.402054794520535,False,CAKE/USDT
1708819200000,SHORT,9.32493642622339,,9.67493642622339,True,SUSHI/USDT
1708977600000,SHORT,-11.494731064763984,,11.144731064763985,False,ALICE/USDT
1708992000000,SHORT,6.751921446736352,1.944788293502749,7.101921446736352,False,RSR/USDT
1708992000000,SHORT,11.069021891383493,4.509657830651859,11.419021891383492,False,COTI/USDT
1709020800000,SHORT,7.268881317433264,1.909209817888763,7.618881317433264,False,RSR/USDT
1709035200000,SHORT,-6.463713255009008,2.125363168505218,6.113713255009008,False,TLM/USDT
1709035200000,SHORT,-6.215578281206988,-0.30103995912691855,5.8655782812069885,True,ATOM/USDT
1709035200000,SHORT,-5.081637801718249,0.6935371404836678,4.731637801718249,True,LTC/USDT
1709035200000,SHORT,5.325096322241666,2.105257986649863,5.675096322241665,True,ZEC/USDT
1709035200000,SHORT,7.42626520204001,1.3184626862095528,7.77626520204001,False,RVN/USDT
1709049600000,SHORT,-5.867598229109014,,5.517598229109014,False,ALICE/USDT
1709064000000,SHORT,-7.928927974342349,0.16027734130549698,7.578927974342349,True,BCH/USDT
1709064000000,SHORT,9.013417963417949,2.093993876826844,9.363417963417948,True,PYTH/USDT
1709078400000,SHORT,-8.085315985130089,-0.4622917048151481,7.735315985130089,False,SKL/USDT
1709078400000,SHORT,-7.79197845949668,,7.4419784594966805,True,THETA/USDT
1709078400000,SHORT,-7.128150105708218,-0.9352650155921304,6.778150105708218,True,DOGE/USDT
1709078400000,SHORT,-5.967639872953806,2.0765885182865214,5.617639872953807,False,ENJ/USDT
1709078400000,SHORT,5.71899411449973,2.0273297281433917,6.06899411449973,False,WAVES/USDT
1709092800000,SHORT,10.589046887009967,,10.939046887009967,True,GALA/USDT
1709107200000,SHORT,-7.135250584263812,,6.785250584263812,True,THETA/USDT
1709107200000,SHORT,-6.747489539748938,2.143816839788382,6.397489539748938,False,ENJ/USDT
1709107200000,SHORT,3.8825947346678142,1.9913349851033841,4.232594734667814,False,WAVES/USDT
1709121600000,SHORT,5.101436562420531,,5.451436562420531,True,GALA/USDT
1709121600000,SHORT,7.433091775134356,-0.39178052923987106,7.783091775134356,True,INJ/USDT
1709121600000,SHORT,11.372620904836177,6.133019204601713,11.722620904836177,False,ALICE/USDT
1709136000000,SHORT,-9.448113913629202,2.2500743460752863,9.098113913629202,False,ROSE/USDT
1709136000000,SHORT,9.034348119413036,2.4407915937884606,9.384348119413035,True,RUNE/USDT
1709150400000,SHORT,-6.103978779840842,,5.753978779840843,True,GALA/USDT
1709164800000,SHORT,4.552079995069633,2.148112133172578,4.9020799950696325,True,1000PEPE/USDT
1709193600000,SHORT,-4.100735850643341,,11.155781683626262,True,APT/USDT
1709208000000,SHORT,9.174934078683673,4.3586738677372034,9.524934078683673,True,COMP/USDT
1709208000000,SHORT,10.418082777833048,7.867958311648697,10.768082777833047,True,1000PEPE/USDT
1709222400000,SHORT,-6.551780325890151,1.925895857786091,6.201780325890152,True,ETC/USDT
1709222400000,SHORT,5.798929384965821,0.13667535911994907,6.148929384965821,True,ALGO/USDT
1709236800000,SHORT,-11.551276245368454,-0.3610286414259839,11.201276245368454,False,SKL/USDT
1709236800000,SHORT,-11.192337917485247,0.39146036569654385,10.842337917485247,True,NEO/USDT
1709236800000,SHORT,-10.58348979112883,3.6915593751958786,10.23348979112883,False,ENJ/USDT
1709236800000,SHORT,-9.836684391540835,-0.1960299797622604,9.486684391540836,True,AVAX/USDT
1709236800000,SHORT,-9.112908147696062,2.367087485618955,8.762908147696063,True,ADA/USDT
1709236800000,SHORT,-8.099323176694623,0.9911285205114628,7.749323176694624,False,HIGH/USDT
1709236800000,SHORT,-7.880078954273289,2.2648358608953556,7.530078954273289,True,SOL/USDT
1709236800000,SHORT,-7.070002500312529,0.8103206191256308,6.720002500312529,True,LTC/USDT
1709236800000,SHORT,-6.4080645161290235,,6.058064516129024,False,QTUM/USDT
1709236800000,SHORT,-6.285809042370198,2.745716496885791,5.935809042370199,True,ETH/USDT
1709236800000,SHORT,-4.577549331490286,7.021968422968216,4.2275493314902866,True,BTC/USDT
1709236800000,SHORT,7.4955987717502355,,7.845598771750235,True,APT/USDT
1709265600000,SHORT,-8.205517679299499,2.0402906196924397,7.855517679299499,False,ROSE/USDT
1709265600000,SHORT,8.150516565728514,0.946845038305141,8.500516565728514,True,AR/USDT
1709280000000,SHORT,-12.213292598570444,,11.863292598570444,True,PEOPLE/USDT
1709280000000,SHORT,-8.93230151020046,,8.58230151020046,True,1000BONK/USDT
1709280000000,SHORT,-6.087007485399351,,5.737007485399351,True,DOGE/USDT
1709280000000,SHORT,7.476876090750435,0.6664730368286264,7.826876090750434,False,RSR/USDT
1709323200000,SHORT,-5.479982387838327,2.164754036207827,5.129982387838328,True,SOL/USDT
1709352000000,SHORT,-10.487329146656803,0.6755125470266498,10.137329146656803,True,FET/USDT
1709366400000,SHORT,-6.4538439377726675,,6.103843937772668,False,QNT/USDT
1709366400000,SHORT,8.400117549028359,1.015278282992688,8.750117549028358,True,PENDLE/USDT
1709380800000,SHORT,-10.393707427830009,,10.04370742783001,True,UNI/USDT
1709380800000,SHORT,9.996027019174887,,10.346027019174887,True,DOGE/USDT
1709395200000,SHORT,11.624743777452418,,11.974743777452417,True,MEME/USDT
1709409600000,SHORT,6.496058091286287,,6.846058091286286,True,DOGE/USDT
1709424000000,SHORT,9.547982770997825,1.7479503715573743,9.897982770997825,True,1000PEPE/USDT
1709438400000,SHORT,-11.466135135135127,2.2854530148160324,11.116135135135128,False,DASH/USDT
1709438400000,SHORT,-10.732670667666904,1.3351679973500246,10.382670667666904,False,QTUM/USDT
1709438400000,SHORT,-10.712993421052637,,10.362993421052638,False,BAT/USDT
1709438400000,SHORT,-10.705687425822966,0.4904733410735277,10.355687425822966,True,NEO/USDT
1709438400000,SHORT,-10.30290151205556,4.160193000111555,9.95290151205556,False,ENJ/USDT
1709438400000,SHORT,-10.29007967397775,-0.8529426177909595,9.94007967397775,True,APE/USDT
1709438400000,SHORT,-10.099963552423771,,9.749963552423772,True,ETC/USDT
1709438400000,SHORT,-9.999999999999993,2.94775302422213,9.649999999999993,False,ONT/USDT
1709438400000,SHORT,-9.364696382428933,-0.26056323163698775,9.014696382428934,False,IOTA/USDT
1709438400000,SHORT,-9.267449069973413,2.7664336146806114,8.917449069973413,True,FLOW/USDT
1709438400000,SHORT,-8.472236909303923,2.484517996496295,8.122236909303924,False,DUSK/USDT
1709438400000,SHORT,-8.31704260651627,2.056897256138317,7.967042606516271,True,ALGO/USDT
1709438400000,SHORT,-8.174830699774251,3.9596364731897142,7.824830699774251,False,KNC/USDT
1709438400000,SHORT,-7.096661101836395,2.071846073756669,6.746661101836396,True,XLM/USDT
1709438400000,SHORT,-6.26602239689889,3.272075460458688,5.9160223968988905,False,KAVA/USDT
1709438400000,SHORT,7.038259200722501,7.718337458452306,7.3882592007225005,True,LTC/USDT
1709438400000,SHORT,9.782388274867852,0.987961575646438,10.132388274867852,False,HIGH/USDT
1709438400000,SHORT,10.826419524690467,0.7434902570569674,11.176419524690466,False,GAS/USDT
1709438400000,SHORT,11.035778402298606,,11.385778402298605,True,BCH/USDT
1709452800000,SHORT,-10.084383499546682,,9.734383499546682,True,GALA/USDT
1709452800000,SHORT,11.363114754098357,,11.713114754098356,False,BSV/USDT
1709467200000,SHORT,-8.181914893617005,1.4359866380326227,7.831914893617005,True,ALGO/USDT
1709467200000,SHORT,-4.8291666666666675,3.1639303987234566,4.479166666666668,True,XLM/USDT
1709467200000,SHORT,5.680765671987036,0.8942497862763543,6.0307656719870355,False,HIGH/USDT
1709467200000,SHORT,11.191677852348992,,11.541677852348991,True,AXS/USDT
1709481600000,SHORT,10.07094559585492,,10.420945595854919,True,BCH/USDT
1709496000000,SHORT,-8.167172107398095,4.6039331213663335,7.817172107398094,False,ENJ/USDT
1709496000000,SHORT,-7.695373681797331,,7.345373681797331,False,BSV/USDT
1709510400000,SHORT,7.905272799287044,3.0510194722775417,8.255272799287043,True,FIL/USDT
1709510400000,SHORT,8.060553747360995,,8.410553747360995,True,BCH/USDT
1709524800000,SHORT,-6.688254905696313,4.56385603315696,6.338254905696314,False,ENJ/USDT
1709539200000,SHORT,6.515709849797805,2.283628268636671,6.865709849797804,False,TLM/USDT
1709539200000,SHORT,9.493263337687123,3.022351656657389,9.843263337687123,True,FIL/USDT
1709539200000,SHORT,10.225271306612642,,10.575271306612642,False,SLP/USDT
1709553600000,SHORT,10.373405072282898,,10.723405072282898,True,MEME/USDT
1709568000000,SHORT,6.975985915492941,1.2736005817005258,7.32598591549294,True,JASMY/USDT
1709568000000,SHORT,7.286868390129253,,7.636868390129252,False,SLP/USDT
1709568000000,SHORT,8.937564766839365,1.7409350766381393,9.287564766839365,False,ONT/USDT
1709582400000,SHORT,9.033229516051724,2.8991332864311876,9.383229516051724,True,XLM/USDT
1709582400000,SHORT,9.367178021978004,0.12445194072727889,9.717178021978004,False,SKL/USDT
1709596800000,SHORT,-9.283276813515409,3.955939270999877,8.933276813515409,False,WAVES/USDT
1709596800000,SHORT,7.297102972080443,2.2551376408031025,7.647102972080442,False,ONT/USDT
1709596800000,SHORT,11.40949979625101,7.541932142663408,11.75949979625101,True,1000PEPE/USDT
1709611200000,SHORT,-4.589222303763883,4.854092740396915,4.239222303763883,True,BTC/USDT
1709611200000,SHORT,8.501299763679317,5.098742977195763,8.851299763679316,False,ENJ/USDT
1709611200000,SHORT,10.494248168892712,1.8778528121570228,10.844248168892712,False,POLYX/USDT
1709640000000,SHORT,3.7144780996180278,4.71568125099467,4.064478099618028,True,BTC/USDT
1709640000000,SHORT,6.778163719894174,4.0126723768220485,7.128163719894173,True,XLM/USDT
1709640000000,SHORT,9.080570652173906,1.6857317755701706,9.430570652173905,True,CRV/USDT
1709697600000,LONG,-1.6340975043528685,-0.29172841401585037,4.712144515380149,True,TRX/USDT
1709712000000,LONG,8.056025588113913,1.1400492853901087,8.406025588113913,True,SEI/USDT
1709712000000,LONG,8.840929878048776,-1.2359372281715424,9.190929878048776,False,BLUR/USDT
1709712000000,LONG,10.61064459676244,-0.818017691984013,10.960644596762439,False,API3/USDT
1709712000000,LONG,10.740055928084086,2.6660036170372177,11.090055928084086,False,RLC/USDT
1709726400000,LONG,4.015462648839222,0.9005187974407953,4.365462648839221,False,KAS/USDT
1709740800000,LONG,5.981001890359171,1.136878925685106,6.331001890359171,True,SEI/USDT
1709784000000,SHORT,7.562292891501862,,7.9122928915018615,True,UNI/USDT
1709784000000,SHORT,11.632169675667035,,11.982169675667034,False,RSR/USDT
1709841600000,SHORT,4.912368815592205,1.6037317277642162,5.262368815592205,False,RSR/USDT
1710028800000,SHORT,6.032021276595743,4.02232013167501,6.382021276595743,False,LPT/USDT
1710072000000,SHORT,-8.34305354558611,5.90093186566806,7.993053545586111,True,RUNE/USDT
1710086400000,SHORT,3.5247725126125924,4.142270080704593,11.238289294846693,True,GRT/USDT
1710086400000,SHORT,5.724374388368515,1.140334711810506,11.47560464140918,False,ILV/USDT
1710100800000,SHORT,3.8173931265716576,4.314763032613015,4.167393126571658,False,NMR/USDT
1710100800000,SHORT,10.73444854637747,1.1512819657551934,11.08444854637747,False,YGG/USDT
1710144000000,SHORT,8.709274661508688,1.1505421328490666,9.059274661508688,False,YGG/USDT
1710144000000,SHORT,9.581019494204414,1.5646163573511518,9.931019494204413,True,GALA/USDT
1710172800000,SHORT,9.90113525929853,1.9245039916487616,10.251135259298529,False,EDU/USDT
1710187200000,SHORT,-10.11169831065928,2.9827577208136917,9.76169831065928,True,NEAR/USDT
1710187200000,SHORT,-9.074504259971333,3.760726934289757,8.724504259971333,False,ID/USDT
1710230400000,SHORT,11.152522035643047,2.0887293639347653,11.502522035643047,False,MINA/USDT
1710302400000,SHORT,-7.137101677634613,2.597728096387237,6.787101677634613,True,AVAX/USDT
1710331200000,SHORT,6.874251818290189,1.5648269646093633,7.224251818290188,False,STG/USDT
1710331200000,SHORT,8.597633947913145,2.820666002028311,8.947633947913145,False,DUSK/USDT
1710345600000,SHORT,-5.687094761504545,0.9961760557793823,5.337094761504545,False,ACH/USDT
1710345600000,SHORT,6.260939002243351,,6.6109390022433505,False,ARPA/USDT
1710345600000,SHORT,8.63874598070739,6.917860788278719,8.988745980707389,True,RUNE/USDT
1710360000000,SHORT,-4.470460687170248,2.9780117317588783,4.120460687170248,True,NEAR/USDT
1710360000000,SHORT,6.663225524268848,2.827690067017023,7.013225524268847,False,DUSK/USDT
1710374400000,SHORT,4.278182888960268,,4.628182888960268,False,ARPA/USDT
1710388800000,SHORT,9.157116564417167,1.0305094863941984,9.507116564417167,False,CAKE/USDT
1710417600000,SHORT,-6.578762949421065,0.4664838896506382,6.228762949421065,False,ZEN/USDT
1710417600000,SHORT,6.487004702273595,5.735913764968563,6.837004702273594,True,BNB/USDT
1710417600000,SHORT,10.997975243523731,2.3297334277159734,11.34797524352373,False,CAKE/USDT
1710432000000,SHORT,-8.011207665021095,2.9821552155791187,7.661207665021094,True,SOL/USDT
1710489600000,SHORT,-10.649519770524343,3.2674281425465908,10.299519770524343,True,SOL/USDT
1710489600000,SHORT,11.200761655639317,6.040995890645613,11.550761655639317,False,ZRX/USDT
1710532800000,SHORT,9.096808510638276,0.3891687612405733,9.446808510638276,False,ACH/USDT
1710561600000,SHORT,-6.632761166482106,0.388732529870418,6.282761166482106,False,ACH/USDT
1710604800000,SHORT,-10.687067573640773,3.203633260181021,10.337067573640773,True,SOL/USDT
1710676800000,LONG,-11.059188080328221,1.482431752543421,10.709188080328222,True,FIL/USDT
1710676800000,LONG,-10.251964032181728,0.48944668906739097,9.901964032181729,True,VET/USDT
1710676800000,LONG,-10.127095772629557,,9.777095772629558,True,UNI/USDT
1710849600000,LONG,-2.6557216054654256,-0.3671371073377512,11.947275832621699,False,BLUR/USDT
1710849600000,LONG,-1.1078072480596584,-0.8363125480964778,11.968123204791302,True,ARB/USDT
1710849600000,LONG,-0.7457963695919246,1.3422518757994804,10.76167371821118,False,WOO/USDT
1710864000000,LONG,-1.5107142857142963,0.5744091631123619,10.804107142857147,True,CELO/USDT
1710864000000,LONG,1.9947475333720255,0.2649310872201142,8.551433546140453,False,YFI/USDT
1710864000000,LONG,7.009307359307361,1.7638971354246595,9.645837495837506,True,MANA/USDT
1710864000000,LONG,10.649478369731534,-1.0769495498181403,10.999478369731534,True,TRB/USDT
1710907200000,LONG,2.4842154686699707,-0.7058024466985625,6.274850606112345,True,TRX/USDT
1710907200000,LONG,6.1385304445453,-1.0736513870639495,6.4885304445453,True,TRB/USDT
1710907200000,LONG,6.891882657869921,0.26255166215065906,7.241882657869931,False,YFI/USDT
1710907200000,LONG,7.4659241063866,1.7448360591879903,7.8159241063866,True,MANA/USDT
1710921600000,LONG,7.1990053239602485,2.092989830736896,7.549005323960248,True,ETH/USDT
1710936000000,LONG,2.546052404757802,,5.37007412515084,True,TRX/USDT
1711324800000,SHORT,8.282876147059397,1.38343644698291,8.632876147059397,True,CFX/USDT
1711353600000,SHORT,-5.181691986364792,1.3881737531157576,4.831691986364793,True,CFX/USDT
1711382400000,SHORT,6.781160693370811,1.3841506131850174,7.131160693370811,True,CFX/USDT
1711396800000,SHORT,5.973708824725502,2.563830970672284,7.988714924766155,False,CHR/USDT
1711411200000,SHORT,-9.61952380952379,0.7926857181091935,9.26952380952379,False,YGG/USDT
1711440000000,SHORT,-11.576536312849147,0.7908714540779895,11.226536312849147,False,YGG/USDT
1711468800000,SHORT,2.5963759575721883,1.5802899833596316,10.53348766731204,True,HBAR/USDT
1711512000000,SHORT,-8.91724408699376,0.4231259414517108,8.56724408699376,False,HIGH/USDT
1711512000000,SHORT,0.39241738343142374,-0.3546658541354849,8.31855138071526,True,AXS/USDT
1711526400000,SHORT,1.1513648771610518,0.31040841261924196,11.639649681528642,False,UMA/USDT
1711540800000,SHORT,-6.824447882214858,0.24075619380693472,6.474447882214858,True,LTC/USDT
1711540800000,SHORT,4.822315903026162,-0.7680773938081876,7.6062453869301025,True,APT/USDT
1711555200000,SHORT,-11.223636204174705,4.115101357773741,10.873636204174705,False,ANKR/USDT
1711555200000,SHORT,-5.291356228172274,0.28430922347924253,4.941356228172275,False,RVN/USDT
1711584000000,SHORT,4.4432983047486765,2.4014342204554855,8.632645979974217,True,SUI/USDT
1711641600000,SHORT,11.10276119402983,0.38325683982034986,11.45276119402983,True,GMT/USDT
1711670400000,SHORT,8.227742985583612,4.543648549695728,8.577742985583612,True,FET/USDT
1711670400000,SHORT,9.897982062780269,0.3829150337599547,10.247982062780268,True,GMT/USDT
1711684800000,SHORT,9.303809478401812,1.0488612957044823,9.653809478401811,True,DOGE/USDT
1711713600000,SHORT,7.698621481906944,1.044978351018062,8.048621481906943,True,DOGE/USDT
1711713600000,SHORT,7.760844250363881,0.28513081137312835,8.110844250363881,False,MAV/USDT
1711728000000,SHORT,9.919759759759742,-1.9615389232933935,10.269759759759742,False,ARPA/USDT
1711742400000,SHORT,-11.802806122448969,0.6079676568811838,11.452806122448969,False,MAV/USDT
1711771200000,SHORT,-10.367255539009971,0.40840918818190397,10.017255539009971,False,HIGH/USDT
1711785600000,SHORT,-7.5207922705313965,0.22380986344979784,7.170792270531397,True,LTC/USDT
1711944000000,SHORT,9.294118245649726,0.29538198273329574,9.644118245649725,False,LQTY/USDT
1711972800000,SHORT,-11.644408322496732,1.3624217051472904,11.294408322496732,True,PENDLE/USDT
1711972800000,SHORT,9.359056501757225,0.29262822212349604,9.709056501757225,False,LQTY/USDT
1711972800000,SHORT,10.8034525685471,1.1824124781080303,11.153452568547099,True,BCH/USDT
1712001600000,SHORT,8.291882696957758,1.3575116065754766,8.641882696957758,True,PENDLE/USDT
1712102400000,LONG,-8.555649134192757,0.0424214155701601,8.205649134192758,True,INJ/USDT
1712116800000,LONG,7.916343825665864,0.7014607951783866,8.266343825665864,False,NMR/USDT
1712116800000,SHORT,11.121675829769897,0.43590116539429713,11.471675829769897,False,HIGH/USDT
1712620800000,SHORT,-5.905135322692569,,5.5551353226925695,False,SFP/USDT
1712620800000,SHORT,6.422956361401327,-1.167487866572763,6.772956361401326,False,QTUM/USDT
1712635200000,SHORT,-8.67016565785282,-0.46163788221525476,8.32016565785282,False,BAT/USDT
1712635200000,SHORT,-6.672033898305068,-1.4427118338388707,6.322033898305069,False,ONT/USDT
1712635200000,SHORT,-5.176500732064406,-1.2393049571752388,4.826500732064407,False,IOST/USDT
1712635200000,SHORT,5.681428571428566,-3.187378191628953,6.031428571428566,False,GAS/USDT
1712635200000,SHORT,5.750932835820883,-3.029962919689738,6.100932835820883,False,1INCH/USDT
1712635200000,SHORT,6.848444527736124,-1.1449324374566927,7.1984445277361235,True,ENS/USDT
1712635200000,SHORT,9.256779661016935,1.7677756853605013,9.606779661016935,False,ZRX/USDT
1712635200000,SHORT,9.302846818261926,-0.5961089143932043,9.652846818261926,False,SLP/USDT
1712635200000,SHORT,9.911840041819119,-0.47838351808766844,10.261840041819118,True,PEOPLE/USDT
1712649600000,SHORT,-7.344983416252067,-1.596991426222374,6.994983416252067,False,QTUM/USDT
1712664000000,SHORT,-5.97579075425791,-1.5097672465114031,5.625790754257911,False,ASTR/USDT
1712664000000,SHORT,5.5691080710734555,-1.9437339366090134,5.919108071073455,True,ETH/USDT
1712664000000,SHORT,9.131612648221335,-0.3243729732503844,9.481612648221335,True,GALA/USDT
1712692800000,SHORT,5.384767025089587,-1.4962598530385764,5.734767025089587,False,ASTR/USDT
1712995200000,LONG,-10.153144592476488,-0.8393848980436837,9.803144592476489,True,APT/USDT
1712995200000,LONG,-9.937858008789215,-0.46510198687434434,9.587858008789215,False,API3/USDT
1712995200000,LONG,-6.770777656491143,1.931533545210636,6.420777656491143,True,STX/USDT
1713024000000,LONG,-6.330677126341867,,5.980677126341868,True,GMT/USDT
1713067200000,LONG,-3.906868710128338,-2.0037371043161576,9.732815819260345,True,ETH/USDT
1713067200000,LONG,-0.8776381909547583,-0.847547758034308,11.66028894472361,True,LTC/USDT
1713067200000,LONG,11.023100508675647,-0.03555576051461018,11.373100508675636,True,BCH/USDT
1713081600000,LONG,9.955496217178458,-1.9873401384266023,10.305496217178458,False,CAKE/USDT
1713096000000,LONG,-9.748799187142083,-3.160658523861089,9.398799187142084,True,NEAR/USDT
1713096000000,LONG,-8.506492785793569,-0.13252477017407865,8.156492785793569,True,FLOW/USDT
1713096000000,LONG,-7.038100686498856,,6.688100686498856,True,CRV/USDT
1713096000000,LONG,-0.12201609298166718,,9.14687080911936,True,OP/USDT
1713096000000,LONG,0.4367543447628014,-0.9246112142944412,8.530284170972289,False,CYBER/USDT
1713096000000,LONG,1.430640272778931,-1.9329797918833427,7.608941087327141,True,COMP/USDT
1713096000000,LONG,2.118916518650093,-2.370980375354776,11.9523268206039,False,KNC/USDT
1713096000000,LONG,2.2003907856848963,-2.141383406658979,9.076552858905801,False,ZRX/USDT
1713096000000,LONG,2.53242835283901,0.2647449374513434,10.607679583143792,False,RLC/USDT
1713096000000,LONG,2.8901870175057094,-0.781402590204807,8.918190714363387,True,APT/USDT
1713096000000,LONG,3.2298418307252112,-1.8578023713371286,11.191843345111906,True,WLD/USDT
1713096000000,LONG,4.135754697918771,-1.6567629178563978,10.342523742170137,False,LQTY/USDT
1713096000000,LONG,4.423869287236572,-0.4814500553394247,4.773869287236572,False,YGG/USDT
1713096000000,LONG,4.6141182100980975,-2.6601473706222443,4.964118210098097,True,AAVE/USDT
1713096000000,LONG,4.642970195272354,,4.9929701952723535,True,XRP/USDT
1713096000000,LONG,4.801100836635852,-1.3768880333842033,5.151100836635852,True,ADA/USDT
1713096000000,LONG,4.890309698451498,,5.240309698451497,True,ICP/USDT
1713096000000,LONG,4.916415509346388,-1.8469732118514977,5.266415509346388,True,ETH/USDT
1713096000000,LONG,5.0209377674532405,,5.37093776745324,True,ATOM/USDT
1713096000000,LONG,5.1541913088197475,-0.8329300020412327,5.504191308819747,True,LTC/USDT
1713096000000,LONG,5.374055817325114,1.5464626547201532,5.724055817325113,True,SOL/USDT
1713096000000,LONG,5.55983531564501,-3.4750037074290248,5.90983531564501,True,DOT/USDT
1713096000000,LONG,5.673428848955819,-1.6891296529960313,6.023428848955808,True,IMX/USDT
1713096000000,LONG,5.708634772462072,-2.2298645620670747,6.058634772462072,True,ALGO/USDT
1713096000000,LONG,5.806303724928368,1.4556785816190991,6.156303724928367,True,ZEC/USDT
1713096000000,LONG,5.8132160548710665,,6.163216054871066,True,HBAR/USDT
1713096000000,LONG,5.881798749109328,,6.231798749109328,True,TRB/USDT
1713096000000,LONG,6.064710434670452,-2.1803757255568383,6.414710434670452,True,1000BONK/USDT
1713096000000,LONG,6.113651810220885,-1.0566866129892396,6.463651810220885,False,MTL/USDT
1713096000000,LONG,6.25361290322581,-2.306239700297236,6.60361290322581,False,EGLD/USDT
1713096000000,LONG,6.3077349208317655,-0.03486656566203383,6.657734920831776,True,BCH/USDT
1713096000000,LONG,6.501432806324123,-0.7354744724898585,6.851432806324123,False,ONE/USDT
1713096000000,LONG,6.534969653695119,-1.3901417274925978,6.884969653695118,False,ZEN/USDT
1713096000000,LONG,6.545538461538455,-1.5386796090535522,6.895538461538455,True,APE/USDT
1713096000000,LONG,6.580650602409652,-0.9271429612686041,6.930650602409652,True,GALA/USDT
1713096000000,LONG,6.865524854009401,-1.5395134205444587,7.2155248540094,True,AXS/USDT
1713096000000,LONG,6.905813953488368,,7.255813953488367,True,SNX/USDT
1713096000000,LONG,7.011902481497603,-3.091796255396613,7.361902481497602,False,API3/USDT
1713096000000,LONG,7.017855562439159,-6.860370057495571,7.367855562439159,False,LPT/USDT
1713096000000,LONG,7.093421865348983,-2.235377356802836,7.4434218653489825,False,KAVA/USDT
1713096000000,LONG,7.142925519495685,-0.1007709527492121,7.492925519495684,True,MANA/USDT
1713096000000,LONG,7.147853658536587,-0.11846516845169489,7.497853658536586,True,RUNE/USDT
1713096000000,LONG,7.2553035589672,-1.8019173250329366,7.6053035589672,False,ARK/USDT
1713096000000,LONG,7.280882352941184,-1.0623189789949326,7.6308823529411836,False,KSM/USDT
1713096000000,LONG,7.321409191114129,-0.4994484964403122,7.671409191114129,True,FIL/USDT
1713096000000,LONG,7.405947651320412,-1.0675107273616196,7.755947651320412,True,SAND/USDT
1713096000000,LONG,7.410114140773617,-2.6040630415949413,7.7601141407736165,False,ILV/USDT
1713096000000,LONG,7.577873272666003,-1.2433556303874667,7.927873272666003,False,SKL/USDT
1713096000000,LONG,7.657793840351971,-1.6294345142443762,8.00779384035197,False,ENJ/USDT
1713096000000,LONG,7.660262645914388,-3.1426562819761825,8.010262645914388,False,ANKR/USDT
1713096000000,LONG,7.698704663212446,-2.206532164046999,8.048704663212446,True,CELO/USDT
1713096000000,LONG,7.707542358940611,1.1362221128896808,8.05754235894061,False,WAVES/USDT
1713096000000,LONG,7.725398046144262,-1.277048623230912,8.075398046144262,True,GRT/USDT
1713096000000,LONG,7.780229686342304,-2.5161251044356745,8.130229686342304,False,1INCH/USDT
1713096000000,LONG,7.786240251190115,-0.6327329135133046,8.136240251190115,False,QNT/USDT
1713096000000,LONG,7.795579969340846,-2.1981639947710137,8.145579969340845,False,MAV/USDT
1713096000000,LONG,7.841709230465328,0.533792819605767,8.191709230465328,True,AVAX/USDT
1713096000000,LONG,7.865716606625703,-1.1230244677481849,8.215716606625703,False,WOO/USDT
1713096000000,LONG,7.885107421875011,,8.235107421875,True,DYDX/USDT
1713096000000,LONG,7.885290505794757,,8.235290505794756,True,ENS/USDT
1713096000000,LONG,8.064342895263511,-1.1212287523268132,8.41434289526351,False,RSR/USDT
1713096000000,LONG,8.06796506608222,-1.5543016069649396,8.41796506608222,False,TLM/USDT
1713096000000,LONG,8.122616572616566,1.3107117512461153,8.472616572616566,True,CHZ/USDT
1713096000000,LONG,8.183189146677151,-1.7268350435197473,8.53318914667715,False,UMA/USDT
1713096000000,LONG,8.206664593698186,,8.556664593698175,True,SUSHI/USDT
1713096000000,LONG,8.518635507618551,1.864174828959721,8.868635507618551,True,PYTH/USDT
1713096000000,LONG,8.56842970411912,,8.91842970411913,False,STORJ/USDT
1713096000000,LONG,8.578071889040816,-2.6859166795443095,8.928071889040826,True,SEI/USDT
1713096000000,LONG,8.713814883796259,,9.063814883796258,True,INJ/USDT
1713096000000,LONG,8.717955467334079,,9.067955467334079,False,NMR/USDT
1713096000000,LONG,8.736505586997545,-1.2096924325857583,9.086505586997545,False,ID/USDT
1713096000000,LONG,8.791296077659718,-0.7740667436726562,9.141296077659717,False,MINA/USDT
1713096000000,LONG,8.812222222222228,,9.162222222222228,False,BIGTIME/USDT
1713096000000,LONG,8.925344306348688,,9.275344306348687,False,HFT/USDT
1713096000000,LONG,9.038573740643338,-1.024707725178175,9.388573740643338,False,ACH/USDT
1713096000000,LONG,9.066375727348307,-0.5684188241042454,9.416375727348306,False,ALICE/USDT
1713096000000,LONG,9.298480164863474,-0.0641478248457499,9.648480164863473,False,SLP/USDT
1713096000000,LONG,9.436617032867256,1.1823842331610168,9.786617032867255,False,EDU/USDT
1713096000000,LONG,9.443192589401123,-0.9806176609983995,9.793192589401123,True,PEOPLE/USDT
1713096000000,LONG,10.086312554872677,0.08636667324494365,10.436312554872677,True,SUI/USDT
1713096000000,LONG,10.880744751038153,-2.1836643134019234,11.230744751038152,False,GMX/USDT
1713110400000,LONG,5.88535570352198,3.1107964495737948,6.2353557035219795,True,ORDI/USDT
1713110400000,LONG,8.618761586948464,,8.968761586948464,False,COTI/USDT
1713124800000,LONG,-10.265380289610563,-1.4322574495768825,9.915380289610564,False,BSV/USDT
1713124800000,LONG,-10.003138262229173,-0.5344579488427721,9.653138262229174,False,YGG/USDT
1713124800000,LONG,-9.801441026883017,-2.7614901047485647,9.451441026883018,False,MAV/USDT
1713124800000,LONG,-9.163582548708861,0.12432646731610834,8.813582548708862,True,CHZ/USDT
1713124800000,LONG,-9.032493521451196,-2.0555626329789067,8.682493521451196,False,LQTY/USDT
1713124800000,LONG,-9.002822400713985,-1.5098385414035482,8.652822400713985,False,CYBER/USDT
1713124800000,LONG,-8.829580674567007,-0.3490043328650143,8.479580674567007,True,ZEC/USDT
1713124800000,LONG,-8.630496054114984,-1.2573505770544586,8.280496054114984,False,MTL/USDT
1713124800000,LONG,-8.392841046613528,-2.773797497915939,8.042841046613528,False,API3/USDT
1713124800000,LONG,-8.241808479953862,-1.4503375215656469,7.891808479953863,True,MASK/USDT
1713124800000,LONG,-8.018231635071105,-2.9468482650894248,7.668231635071105,False,KAVA/USDT
1713124800000,LONG,-7.990615570307779,-2.17451024833665,7.640615570307779,False,CAKE/USDT
1713124800000,LONG,-7.96043634727846,-1.3048948577560444,7.61043634727846,True,SAND/USDT
1713124800000,LONG,-7.740262582056895,-1.5463408684878452,7.390262582056895,True,AXS/USDT
1713124800000,LONG,-7.4921568627451025,-2.5212291383063916,7.142156862745103,False,1INCH/USDT
1713124800000,LONG,-7.175429184549358,-0.6695669347116576,6.825429184549359,True,FLOW/USDT
1713124800000,LONG,-5.533851602833474,-0.6256099734865409,5.1838516028334745,True,ATOM/USDT
1713124800000,LONG,-0.4462463907603359,-0.18006612643324,6.460481231953799,False,STG/USDT
1713124800000,LONG,0.05952620967741362,-1.570802028194758,10.011202116935491,False,TLM/USDT
1713124800000,LONG,2.0045706371191208,,9.091643582640803,True,DYDX/USDT
1713124800000,LONG,4.201692589204023,-3.2576827056968787,9.490096065873736,False,ANKR/USDT
1713124800000,LONG,7.792742777584417,0.7858301396028914,8.142742777584417,False,EDU/USDT
1713816000000,SHORT,8.9163904370783,0.21403792973848476,9.2663904370783,False,COTI/USDT
1713960000000,SHORT,-10.464882388759817,-0.7659724024799168,10.114882388759817,False,SSV/USDT
1713960000000,SHORT,-9.95162557136418,0.06815890266143133,9.601625571364181,False,HIGH/USDT
1713960000000,SHORT,6.395434047350603,-0.6306171571162417,6.745434047350603,False,BAT/USDT
1713960000000,SHORT,7.888596202843738,0.22392143421326394,8.238596202843738,True,CHZ/USDT
1713960000000,SHORT,8.474973767051418,-1.5747962807882967,8.824973767051418,True,FLOW/USDT
1713960000000,SHORT,9.134055779569874,-2.3485367350675053,9.484055779569873,True,MEME/USDT
1713960000000,SHORT,9.683468742947404,-0.7133914693209411,10.033468742947404,False,MINA/USDT
1713974400000,SHORT,8.670234144787463,-2.070924178388313,9.020234144787462,True,1000PEPE/USDT
1713974400000,SHORT,9.60919118756603,-1.27144168017248,9.959191187566029,False,WOO/USDT
1713988800000,SHORT,-4.7430616875153095,-0.3660742826907739,4.39306168751531,False,HIGH/USDT
1714348800000,SHORT,8.008895801236399,-0.24167328497982205,8.358895801236399,False,SSV/USDT
1714507200000,LONG,-7.57538966223486,-2.524187580126618,7.225389662234861,False,WOO/USDT
1714507200000,LONG,-6.671924360400429,0.1566332016118603,6.32192436040043,False,ROSE/USDT
1714507200000,LONG,5.977360548457462,-1.5302956150214744,6.327360548457461,True,DOT/USDT
1714507200000,LONG,8.096832253419736,-2.180455619686103,8.446832253419736,False,HFT/USDT
1714521600000,LONG,6.073848323409583,-1.5578568115854232,6.423848323409582,False,MTL/USDT
1714579200000,LONG,5.1392720794095315,-1.737938794020844,5.489272079409531,True,LTC/USDT
1714593600000,LONG,5.887488600769194,-1.5181776645787126,6.237488600769193,False,CAKE/USDT
1714593600000,LONG,7.027653673163414,-0.6175562173606751,7.3776536731634135,True,LINK/USDT
1714593600000,LONG,7.091302325581399,0.0028970670872688915,7.441302325581399,True,GMT/USDT
1714593600000,LONG,7.397877758913418,-0.6228500771612444,7.747877758913417,False,KAVA/USDT
1714593600000,LONG,7.702912248347921,-0.6328699911980491,8.052912248347932,True,DOGE/USDT
1714593600000,LONG,8.407471333373362,-1.6539158010635633,8.757471333373362,True,JASMY/USDT
1714593600000,LONG,9.966588785046737,1.0892144685772935,10.316588785046736,True,STX/USDT
1714622400000,LONG,3.75830616515012,1.6923853507425513,4.10830616515012,True,STX/USDT
1714622400000,LONG,5.130752247279595,-0.6289914697311423,5.480752247279595,True,DOGE/USDT
1714996800000,SHORT,4.4146844217438925,,9.35663991244071,False,NMR/USDT
1715011200000,SHORT,-8.912279737517066,-0.3461891950618883,8.562279737517066,False,RLC/USDT
1715011200000,SHORT,8.461292738521653,1.088213980080934,8.811292738521653,False,LPT/USDT
1715025600000,SHORT,5.5614486846980355,0.689528179180972,5.911448684698035,True,XRP/USDT
1715025600000,SHORT,8.924905437155278,0.8932171637589458,9.274905437155278,True,WLD/USDT
1715040000000,SHORT,-5.915912930474318,1.0885321440320523,5.565912930474318,False,LPT/USDT
1715040000000,SHORT,6.2975196335078465,-0.3461749548583027,6.647519633507846,False,RLC/USDT
1715054400000,SHORT,3.7629350777585677,0.8924581398075997,4.112935077758568,True,WLD/USDT
1715342400000,SHORT,5.849531038868114,-1.0788119697158822,6.1995310388681135,False,KAS/USDT
1715342400000,SHORT,9.161903183023869,1.1989162431650995,9.511903183023868,True,RUNE/USDT
1715774400000,LONG,-0.32202797202797506,-0.4255241564881332,9.698293706293711,False,MAV/USDT
1715774400000,LONG,0.3152604251176364,-0.4208526480798756,8.052916599058896,True,OP/USDT
1715774400000,LONG,5.596493249917702,-0.2169414588286514,5.946493249917702,False,ONT/USDT
1715774400000,LONG,5.756680946552442,-0.5649129754807428,6.106680946552431,True,ARB/USDT
1715774400000,LONG,5.809221341733508,-3.2627819105921136,6.159221341733508,True,CFX/USDT
1715774400000,LONG,7.688623972705381,-1.3302866652093965,8.03862397270538,True,TIA/USDT
1716105600000,SHORT,-12.161943602889776,1.7769607581749602,11.811943602889777,False,RSR/USDT
1716350400000,SHORT,-8.153436725176915,3.4427601554923024,7.8034367251769154,True,PENDLE/USDT
1716364800000,SHORT,-6.0884113875909955,0.29459706480609854,5.738411387590996,True,UNI/USDT
1716379200000,SHORT,7.178828828828818,0.1380572383593582,7.528828828828818,False,SKL/USDT
1716422400000,SHORT,4.309240120293115,1.900560441764431,10.292189419289224,False,LPT/USDT
1716451200000,SHORT,6.554251127358705,1.8984684640852816,8.69163346613544,False,LPT/USDT
1716465600000,SHORT,-7.656302461232032,0.37405587447489697,7.306302461232033,False,API3/USDT
1716465600000,SHORT,4.738098555400746,-0.1596061664037923,5.088098555400745,False,KAS/USDT
1716494400000,SHORT,6.197508471197914,0.8981462702211341,6.547508471197913,False,EDU/USDT
1716537600000,SHORT,-6.5315084420179685,1.7638411149111881,6.181508442017969,False,EDU/USDT
1716638400000,SHORT,-4.978142589118197,0.7734801950907935,4.628142589118197,True,ZEC/USDT
1716652800000,SHORT,-7.541151885830759,-0.9132684524085303,7.1911518858307595,True,LDO/USDT
1716652800000,SHORT,6.320947701681549,3.3325897835244307,8.785402168393999,True,PENDLE/USDT
1716811200000,SHORT,-0.942795257637941,0.8246507869499848,9.493023255813924,False,AGLD/USDT
1716825600000,SHORT,-9.938735238095239,2.233425757546004,9.58873523809524,True,JASMY/USDT
1716840000000,SHORT,-4.573921300516546,2.204878881963068,4.223921300516547,False,AGLD/USDT
1716854400000,SHORT,4.477959028831551,2.2284193193240998,4.82795902883155,True,JASMY/USDT
1716854400000,SHORT,4.800032894736826,0.5922249749977396,5.1500328947368255,True,SNX/USDT
1716883200000,SHORT,-5.500184252086914,2.209831156526734,5.150184252086914,False,AGLD/USDT
1716969600000,SHORT,2.9274041914213007,1.8975864278377843,10.014372918978893,True,MEME/USDT
1716969600000,SHORT,11.260733163045929,2.0901637595294567,11.610733163045929,True,1000BONK/USDT
1716984000000,SHORT,-2.1691258722148334,-0.3938067964887594,9.361700887245144,True,TIA/USDT
1716984000000,SHORT,1.231492615344385,0.8556308727356476,10.853064958828904,False,ARPA/USDT
1717027200000,SHORT,6.714679558894032,-0.4048898890787405,7.064679558894031,False,STEEM/USDT
1717056000000,SHORT,11.501950176985238,-0.40113842499385444,11.851950176985238,False,STEEM/USDT
1717156800000,SHORT,-4.789259320767242,1.288135144448262,4.439259320767242,False,TWT/USDT
1717171200000,SHORT,-8.98194429924518,-0.21125851963038092,8.63194429924518,True,ORDI/USDT
1717315200000,SHORT,-4.730864589955506,1.717433936984886,4.3808645899555065,False,TWT/USDT
1717387200000,LONG,4.924162231051811,2.822458311067502,5.274162231051811,False,CAKE/USDT
1717459200000,SHORT,-10.75655506381886,0.6320812899680069,10.40655506381886,False,AGLD/USDT
1717488000000,SHORT,-4.798402994385518,0.6261707835511283,4.448402994385519,False,AGLD/USDT
1717545600000,SHORT,-11.229717643388256,0.8796816228706837,10.879717643388256,True,JASMY/USDT
1717560000000,LONG,-5.787138327388021,0.42421247634226444,5.437138327388022,False,SKL/USDT
1717603200000,SHORT,7.970665004156258,-0.11591247566021737,8.320665004156258,False,KAS/USDT
1717632000000,SHORT,6.009529141858292,-0.11418586569427518,6.3595291418582915,False,KAS/USDT
1717675200000,SHORT,-6.429648835908225,0.1936938128540572,6.079648835908225,True,STX/USDT
1717675200000,SHORT,7.331012658227832,-0.5689549251587753,7.681012658227831,True,PYTH/USDT
1717761600000,SHORT,-7.568933463796468,3.3747046690726594,7.218933463796469,True,XMR/USDT
1717776000000,SHORT,3.8579296414143207,-1.7277813993201925,11.34802473990918,True,INJ/USDT
1717776000000,SHORT,10.837254819144778,0.9200753285693302,11.187254819144778,True,ORDI/USDT
1717833600000,SHORT,-9.230152456239402,1.5395188416169137,8.880152456239403,False,KNC/USDT
1717905600000,LONG,-4.62057222955145,-2.0874017594899383,4.27057222955145,False,STEEM/USDT
1718164800000,LONG,4.314687510295506,0.4555831161909064,4.664687510295505,True,SOL/USDT
1718179200000,LONG,-10.265486534787707,-0.4828579649308156,9.915486534787707,True,FET/USDT
1718308800000,LONG,-6.576223776223763,,6.2262237762237636,True,CRV/USDT
1718337600000,LONG,-11.042213063176435,-0.0506114608937298,10.692213063176435,True,AR/USDT
1718337600000,LONG,-4.457986111111104,,4.107986111111105,True,CRV/USDT
1718640000000,LONG,-10.374317544636265,-0.8255126713379537,10.024317544636265,True,FET/USDT
1718640000000,LONG,-8.432027340412557,-1.0125815993072271,8.082027340412557,True,IMX/USDT
1718740800000,LONG,-3.9285857429144,1.559258996072989,6.379616375608364,True,LINK/USDT
1718740800000,LONG,-0.03692929819983448,-1.432662759101195,4.877928515523081,True,ADA/USDT
1718740800000,LONG,0.7403426791277258,0.6022509335121699,5.631827622014541,False,YFI/USDT
1718740800000,LONG,4.229999999999989,-3.463595050011006,4.58,False,TWT/USDT
1718740800000,LONG,5.472478423289967,-0.7446713984481207,5.822478423289967,True,HBAR/USDT
1718740800000,LONG,5.527830964846662,-1.0692296474377059,5.877830964846662,True,ATOM/USDT
1718740800000,LONG,6.741159420289841,-0.9443761517352635,7.0911594202898405,True,DYDX/USDT
1718755200000,LONG,-10.693773434648437,-0.8777705398965232,10.343773434648437,False,GMX/USDT
1718755200000,LONG,-9.267703992472113,-0.7535516120290301,8.917703992472113,False,ILV/USDT
1718755200000,LONG,-8.031388174807203,1.183718760424314,7.6813881748072035,False,CYBER/USDT
1718755200000,LONG,-5.5893516773463885,-0.7182897328945591,9.018582736524683,False,BLUR/USDT
1718755200000,LONG,-5.261516586675693,-1.5536108264729864,7.77902826817769,False,ID/USDT
1718755200000,LONG,-4.911970125151394,0.49681809263059284,8.229309648768664,False,CHR/USDT
1718755200000,LONG,-4.477134724857673,0.19477412108515868,8.198434535104365,True,ZEC/USDT
1718755200000,LONG,-3.797701532311793,-0.8718538958185276,8.03820786142571,False,EGLD/USDT
1718755200000,LONG,-3.2020286396181294,0.6626935102083444,8.94939140811456,True,SUSHI/USDT
1718755200000,LONG,-2.547995428169502,0.39777597330609277,8.171513979250914,False,MINA/USDT
1718755200000,LONG,-2.5349042975803466,-0.34511319107719884,8.023239436619704,False,SKL/USDT
1718755200000,LONG,-1.970118486277351,0.43444697536506965,7.5204449280619,True,ARB/USDT
1718755200000,LONG,-1.8711502396332458,-1.1999880140600128,8.339987497395283,False,COTI/USDT
1718755200000,LONG,-1.3314404643702753,-1.4813641613685424,7.446448483922709,True,VET/USDT
1718755200000,LONG,-1.192514581983149,0.11973018738787439,8.506027219701865,False,ONE/USDT
1718755200000,LONG,-1.126204301712383,-1.0017132170631797,8.741743200805836,True,STX/USDT
1718755200000,LONG,-1.1142095207769482,0.32885819418884166,6.696927240885213,True,DOGE/USDT
1718755200000,LONG,-1.1041263517359126,0.6556876003981045,7.974686966420023,True,APT/USDT
1718755200000,LONG,-0.9210601455282265,-0.03505906476267712,7.862213318596309,False,WOO/USDT
1718755200000,LONG,-0.776595315024232,-0.040022558236672834,6.430583602584823,True,BCH/USDT
1718755200000,LONG,-0.6129848783695013,0.8537566720289519,7.490723208415517,True,CFX/USDT
1718755200000,LONG,-0.4122148486105397,-1.721783627152346,7.867440895893807,False,ARPA/USDT
1718755200000,LONG,-0.19031936127744495,0.1500961756897395,7.941676646706577,True,MASK/USDT
1718755200000,LONG,0.29436943847805797,-0.5566337430947335,8.024532065050627,False,ZEN/USDT
1718755200000,LONG,0.3031049250535326,-0.9617799720647007,7.526648822269813,True,APE/USDT
1718755200000,LONG,0.4873806732540621,-0.5767864266869377,9.466856472952601,False,MAGIC/USDT
1718755200000,LONG,0.5032423208191134,-0.10956372598916128,7.445733788395886,True,CELO/USDT
1718755200000,LONG,0.7366284334440062,0.5598665856346869,8.425264111077563,True,MANA/USDT
1718755200000,LONG,0.8200468018720674,-0.3073083798476953,6.093798751950085,False,QTUM/USDT
1718755200000,LONG,0.984275868162939,-0.7873071247947593,7.471140761685957,True,NEO/USDT
1718755200000,LONG,1.16384083044982,-0.06557519627595064,8.7664504036909,False,ASTR/USDT
1718755200000,LONG,1.2170530337369683,-1.5126394621799424,9.041423298581881,True,IMX/USDT
1718755200000,LONG,1.351602959309485,0.6402196114955228,7.061405672009869,True,GMT/USDT
1718755200000,LONG,1.4212550607287522,-0.6397448781804667,8.473785425101207,True,SNX/USDT
1718755200000,LONG,1.7253917831427446,-0.0453413839195899,6.8030919102075424,False,DASH/USDT
1718755200000,LONG,1.9529850049049329,-0.8065015215185508,11.114378474330836,True,GRT/USDT
1718755200000,LONG,2.5085154936343925,-2.1335306246584547,7.36497717991834,True,RUNE/USDT
1718755200000,LONG,2.588692788380332,-0.5041651335299805,7.119540618138835,True,AXS/USDT
1718755200000,LONG,2.607164601000218,0.19232728007501876,6.716873233311578,False,KAVA/USDT
1718755200000,LONG,2.7128694250403065,-0.05594445578712592,6.246641590542717,False,BAT/USDT
1718755200000,LONG,3.170114942528729,0.8596738636298176,7.713038793103447,True,GALA/USDT
1718755200000,LONG,3.5883561643835717,-0.44621165151356806,8.551426940639269,False,ZRX/USDT
1718755200000,LONG,3.59207562349155,0.8110061507683505,8.10702601233575,False,STORJ/USDT
1718755200000,LONG,4.148594189315847,0.22637943339712868,7.214526710402998,True,SAND/USDT
1718755200000,LONG,4.292651748836723,-0.6767942981210787,6.8156584932294635,False,STEEM/USDT
1718755200000,LONG,5.261718721055161,-0.4127926800175714,5.61171872105516,True,AVAX/USDT
1718755200000,LONG,5.306057467718467,-0.7104237989164789,5.656057467718466,False,CAKE/USDT
1718755200000,LONG,6.175859734633093,1.090904069076021,9.823199295965338,True,THETA/USDT
1718755200000,LONG,6.487782526115853,-0.6978279707608038,6.837782526115853,False,RLC/USDT
1718755200000,LONG,6.812672083051247,-1.4778018800254888,7.1626720830512465,False,BSV/USDT
1718755200000,LONG,6.8179301252471864,0.7228312794866051,7.167930125247198,False,ANKR/USDT
1718755200000,LONG,6.898298217179909,-0.9619432880929184,7.248298217179909,True,FLOW/USDT
1718755200000,LONG,7.650000000000013,-1.8379972496745876,10.88122613065325,True,NEAR/USDT
1718755200000,LONG,7.675142536685668,-3.03529430466476,8.025142536685678,False,MTL/USDT
1718755200000,LONG,7.768455188679246,-0.1091285135544146,8.118455188679246,False,IOTA/USDT
1718755200000,LONG,8.189669421487599,-0.11169812148355403,8.539669421487599,False,RSR/USDT
1718755200000,LONG,8.223858921161835,-0.13105388449791736,8.573858921161834,False,GAS/USDT
1718755200000,LONG,8.275352452102654,0.018205961436662754,8.625352452102653,True,SUI/USDT
1718755200000,LONG,10.240401555191056,-0.3693348731438795,10.590401555191056,True,ARKM/USDT
1718755200000,LONG,11.15404559319314,-1.0956972452829528,11.50404559319314,True,FET/USDT
1718769600000,LONG,-2.355870841487283,-0.32223013115649474,6.592221135029354,False,RVN/USDT
1718769600000,LONG,-2.082851985559576,0.3968280654091553,6.994657039711185,True,ALGO/USDT
1718769600000,LONG,-0.8830599692465327,0.6504887571003183,7.556483854433623,False,ENJ/USDT
1718769600000,LONG,-0.39490345756622763,-1.1114145219754208,7.037696452626852,True,FIL/USDT
1718769600000,LONG,6.8325473991249375,-1.0664747368219611,7.182547399124937,False,ONT/USDT
1718769600000,LONG,7.502615688642473,-0.5441956763733672,7.852615688642473,False,NMR/USDT
1718784000000,LONG,-2.7470127680077123,0.6590183519710101,5.33183570224043,True,SUSHI/USDT
1718784000000,LONG,-1.9471790085044591,-1.7141435311582023,5.552810620203278,False,ARPA/USDT
1718784000000,LONG,0.3576663858466692,-0.5742815284236054,7.170648694187041,False,MAGIC/USDT
1718784000000,LONG,3.7026090675791195,-0.04501526557089828,4.0526090675791195,False,DASH/USDT
1718784000000,LONG,3.7252151462994747,-0.2713626038724421,4.075215146299475,True,CELO/USDT
1718784000000,LONG,4.123170173833481,-2.4752646545369683,4.473170173833481,False,BSV/USDT
1718784000000,LONG,4.43562900407689,-0.0950157285244909,4.78562900407689,False,ASTR/USDT
1718784000000,LONG,4.691404886561958,0.06920104484408486,5.041404886561958,False,KAVA/USDT
1718784000000,LONG,4.92911253585286,-0.5033540180500259,5.2791125358528594,True,AXS/USDT
1718784000000,LONG,5.2936330935251785,0.8568543439147344,5.643633093525178,True,GALA/USDT
1718784000000,LONG,5.2997560975609845,-0.9539985687762983,5.649756097560984,True,FLOW/USDT
1718784000000,LONG,5.3376401264731275,-0.4413652313524162,5.687640126473127,False,ZRX/USDT
1718784000000,LONG,5.475246305418704,0.6383771405521469,5.825246305418704,True,GMT/USDT
1718784000000,LONG,5.521745238838579,0.22604981375300687,5.871745238838579,True,SAND/USDT
1719216000000,LONG,6.175175507926911,-1.552295220748022,7.639948393695669,False,ID/USDT
1719259200000,LONG,-5.465961800818558,0.3504214184805164,10.671248294679412,False,YGG/USDT
1719259200000,LONG,-5.351859427296379,-0.37776627036079574,10.014168835998507,False,MINA/USDT
1719259200000,LONG,-3.561805555555545,-1.340345448144558,9.608410493827165,False,AGLD/USDT
1719259200000,LONG,-0.29861253854059816,-0.437268018490659,8.189928057553972,False,RVN/USDT
1719259200000,LONG,-0.048275862068964226,1.1037668461783632,6.746120689655177,False,KSM/USDT
1719259200000,LONG,0.4707040572792429,-1.7399401374073244,4.434337708830553,True,ETH/USDT
1719259200000,LONG,0.8458146487294577,-1.5583309568348966,9.220414264360445,False,ARPA/USDT
1719259200000,LONG,1.531088343970441,1.8591656764097273,6.439849960810662,True,XLM/USDT
1719259200000,LONG,5.595983112846881,-0.923554854213246,5.94598311284688,True,BCH/USDT
1719259200000,LONG,6.643973902728364,-1.7144627641878416,6.993973902728364,True,VET/USDT
1719273600000,LONG,-1.1839984103435388,-0.9370174975308724,5.2679876809784725,True,BTC/USDT
1719273600000,LONG,6.663650939074662,0.5035596155169961,7.013650939074662,False,CHR/USDT
1719302400000,LONG,-0.4475957443678053,-0.9256615228490861,5.112503208235315,True,BTC/USDT
1719561600000,SHORT,-9.0263253210405,0.04269406589623147,10.141751728679607,False,YFI/USDT
1719748800000,SHORT,9.134335495218197,0.3921765099490642,9.484335495218197,False,KAS/USDT
1719777600000,LONG,-5.962811791383232,0.49319489160024566,5.6128117913832325,False,MTL/USDT
1719907200000,LONG,-8.14190751445086,-0.3343110994362433,7.791907514450861,True,ARKM/USDT
1719993600000,SHORT,4.44443270971635,0.6750993292932684,4.794432709716349,False,YFI/USDT
1720152000000,LONG,6.544840805717998,-1.789189398106668,6.8948408057179975,False,SFP/USDT
1720166400000,LONG,-0.030139575457984846,-0.640203421690989,10.859966560046523,True,STX/USDT
1720166400000,LONG,4.026445472335875,0.576590048137228,9.239476961394775,True,APT/USDT
1720166400000,LONG,4.152874175005321,-1.4895468593295984,10.870704705130931,False,CKB/USDT
1720166400000,LONG,4.987579617834392,-0.6124693497371783,10.155694267515933,True,AAVE/USDT
1720166400000,LONG,5.054301660767783,2.075310639927053,9.406820038115969,True,XMR/USDT
1720166400000,LONG,5.422189506074599,0.038688760631557136,11.153859621200066,True,INJ/USDT
1720166400000,LONG,5.616891031471714,-0.49491279432851193,9.948972166636347,False,ILV/USDT
1720166400000,LONG,5.671073758153534,0.6388912235349479,10.955343702960356,False,KSM/USDT
1720166400000,LONG,5.82816091954023,-0.8900236275340573,10.184051724137937,False,QTUM/USDT
1720166400000,LONG,6.100833534670212,-1.7579655259180065,10.67588185552065,False,API3/USDT
1720166400000,LONG,6.663638705157529,-0.6217846614265694,7.013638705157529,True,BNB/USDT
1720166400000,LONG,6.833896324622903,-0.8898201955531649,7.183896324622903,True,AXS/USDT
1720166400000,LONG,7.027085927770851,-0.19262466906042672,7.3770859277708505,False,BAT/USDT
1720166400000,LONG,7.031288199341802,0.7307202430264271,11.03403855195111,True,SUI/USDT
1720166400000,LONG,7.678241664291811,-1.0911385790248918,8.02824166429181,True,FIL/USDT
1720166400000,LONG,7.765974196370008,-2.4103422672593737,8.115974196370008,True,NEO/USDT
1720166400000,LONG,7.814175775150577,,10.886036136515722,True,COMP/USDT
1720166400000,LONG,7.859778597785981,1.2836882431184904,8.20977859778598,False,KNC/USDT
1720166400000,LONG,8.003128555176326,-1.1411590083856114,8.353128555176335,True,SAND/USDT
1720166400000,LONG,8.01010544815464,0.2684955418273705,8.36010544815464,False,KAVA/USDT
1720166400000,LONG,8.148233095480808,-0.9311151348347445,8.498233095480808,False,GAS/USDT
1720166400000,LONG,8.254989939637822,-0.8735632546579383,8.604989939637822,False,ANKR/USDT
1720166400000,LONG,8.38723554301835,0.14506163124024207,8.73723554301835,False,ZRX/USDT
1720166400000,LONG,8.585433070866141,-0.09378392211004122,8.935433070866141,False,ONT/USDT
1720166400000,LONG,8.751172344689374,-0.41398529570066595,9.101172344689374,True,DOGE/USDT
1720166400000,LONG,8.848174442190652,,9.198174442190664,True,MASK/USDT
1720166400000,LONG,8.997370939761936,-0.04026662178462879,9.347370939761936,True,GRT/USDT
1720166400000,LONG,9.0827315972434,-0.41911640564015185,9.4327315972434,False,STEEM/USDT
1720166400000,LONG,9.168305926155758,-1.3374003417563192,9.518305926155758,True,HBAR/USDT
1720166400000,LONG,9.191006938267208,0.5137242754436235,9.541006938267207,False,WOO/USDT
1720166400000,LONG,9.25996515679443,-0.7944718641442371,9.609965156794429,False,IOTA/USDT
1720166400000,LONG,9.288768430182138,-1.4568348898265109,9.638768430182138,False,ONE/USDT
1720166400000,LONG,9.304867017685988,-0.25979676181200045,9.654867017685975,True,UNI/USDT
1720166400000,LONG,9.321027131782932,-0.4902776227779387,9.671027131782932,True,ARB/USDT
1720166400000,LONG,9.337947269303198,-0.15811273617332938,9.687947269303198,False,RVN/USDT
1720166400000,LONG,9.345137693631685,-2.3042677703529435,9.695137693631684,False,LQTY/USDT
1720166400000,LONG,9.436714542190309,-0.3873181301150778,9.786714542190309,False,SKL/USDT
1720166400000,LONG,9.492244224422445,,9.842244224422444,False,DASH/USDT
1720166400000,LONG,9.554669030732855,0.5751225162336562,9.904669030732855,False,1INCH/USDT
1720166400000,LONG,9.56165602955996,,9.91165602955996,False,ENJ/USDT
1720166400000,LONG,9.650338091660387,-1.1524615062849455,10.000338091660396,True,SEI/USDT
1720166400000,LONG,9.857007466973021,,10.207007466973012,True,ZEC/USDT
1720166400000,LONG,9.99273288439955,0.7932442505038646,10.342732884399549,False,ARPA/USDT
1720166400000,LONG,10.042414733969999,-1.1982523480715732,10.392414733969998,False,COTI/USDT
1720166400000,LONG,10.126098191214458,-1.7877458486661286,10.476098191214458,False,STORJ/USDT
1720166400000,LONG,10.177220763170082,-3.25853384883522,10.527220763170082,True,ICP/USDT
1720166400000,LONG,10.455951011014308,-0.7972511024685774,10.805951011014308,True,AVAX/USDT
1720166400000,LONG,11.170947765212707,-0.8452049380208656,11.520947765212707,False,CAKE/USDT
1720166400000,LONG,11.513667194212072,-1.3895484192364989,11.863667194212072,False,MINA/USDT
1720166400000,LONG,11.54664324746293,-1.5956433898768652,11.896643247462919,False,CYBER/USDT
1720180800000,LONG,-1.3759254124497535,0.09062998753697908,10.45936503535284,True,APE/USDT
1720180800000,LONG,1.0762635179872042,-0.9047686041313707,6.123131317589936,True,BTC/USDT
1720180800000,LONG,2.184130663081358,-0.08617348304571272,6.6348269888092934,True,ETH/USDT
1720180800000,LONG,2.8044665012406997,-0.2417957090435147,10.975074441687333,True,BCH/USDT
1720180800000,LONG,2.9020325203252013,,10.097313538352777,True,XLM/USDT
1720180800000,LONG,3.163770180436852,-0.17622763448617804,10.525641025641018,True,GALA/USDT
1720180800000,LONG,3.522507035360334,0.32861377735229985,10.937269056649928,False,KAS/USDT
1720180800000,LONG,3.9053191489361754,-1.3246809205584413,11.092771298851604,False,DUSK/USDT
1720180800000,LONG,4.183268340238863,1.2181063234487106,10.845893248842305,True,LINK/USDT
1720180800000,LONG,4.358723211590703,0.2701537373631861,8.966948385149415,True,ETC/USDT
1720180800000,LONG,4.439053591790193,,10.61673318129988,False,BSV/USDT
1720180800000,LONG,4.887071539472107,-1.206289804669174,9.343610414427332,False,RLC/USDT
1720180800000,LONG,5.576338397899912,0.7033077670843391,10.063002147800502,True,THETA/USDT
1720180800000,LONG,5.8999999999999915,,9.97141927083334,True,SNX/USDT
1720180800000,LONG,6.1588757396449765,-1.414863503557349,8.559171597633128,True,FLOW/USDT
1720180800000,LONG,7.293312101910835,0.3626285329581069,11.942250530785566,True,CELO/USDT
1720180800000,LONG,7.6016609392897925,,7.951660939289804,True,LTC/USDT
1720180800000,LONG,8.658052859797648,-1.9985882396599404,9.008052859797647,False,GMX/USDT
1720180800000,LONG,9.345242091130311,-1.6846779007892265,9.69524209113031,False,ID/USDT
1720180800000,LONG,9.52177144904174,,9.87177144904174,True,ATOM/USDT
1720180800000,LONG,10.484339622641508,-0.870300272953421,10.834339622641508,False,UMA/USDT
1720180800000,LONG,11.533535632183899,2.1983231506489913,11.883535632183898,False,POLYX/USDT
1720180800000,LONG,11.547954842931924,-2.5043261632011955,11.897954842931934,True,CHZ/USDT
1720195200000,LONG,2.1935073627844694,-0.9980225155386511,11.978380187416342,False,IOTA/USDT
1720195200000,LONG,2.6439545149217905,-0.40355943278067163,11.924172344304765,True,DOGE/USDT
1720195200000,LONG,3.1472445951674444,-2.354980047601331,10.739126748622297,True,NEO/USDT
1720195200000,LONG,3.8440424845822085,-0.24790373763406298,9.050725543149666,True,BNB/USDT
1720195200000,LONG,4.171118381915524,-0.18626166105303024,11.450267697798937,False,BAT/USDT
1720195200000,LONG,4.171868050407713,0.4089563134289863,10.995340463835653,False,CKB/USDT
1720195200000,LONG,4.654222972972972,0.4747344500437286,11.32047086148649,False,MTL/USDT
1720195200000,LONG,4.888375515008824,-0.09251896643512317,10.921365509123014,False,ONT/USDT
1720195200000,LONG,4.89945867441246,-0.3815950632788173,5.24945867441246,False,SKL/USDT
1720195200000,LONG,5.508788182273399,,10.334902353530296,True,MASK/USDT
1720195200000,LONG,5.653262642740626,-0.32184116151339326,11.977748776508975,False,GAS/USDT
1720195200000,LONG,6.687210969707831,0.5697654595285525,7.03721096970783,True,APT/USDT
1720195200000,LONG,7.090627866680254,-0.9169043227807205,9.557639384364485,False,TLM/USDT
1720195200000,LONG,7.325378266850071,0.779548708285605,10.55799174690509,False,ARPA/USDT
1720195200000,LONG,7.804808444096947,-1.4301137136747473,11.127466770914792,True,GMT/USDT
1720195200000,LONG,7.839059345983049,-1.1807855900380082,8.189059345983049,False,ANKR/USDT
1720195200000,LONG,8.191653290529686,-0.48577368773151514,8.541653290529686,True,ARB/USDT
1720195200000,LONG,8.242187006423089,0.038270371721897296,11.433184163420027,True,INJ/USDT
1720195200000,LONG,8.34017731494511,-1.0830521168108567,8.69017731494511,True,FIL/USDT
1720195200000,LONG,8.636924337115468,-2.9805757356709095,8.986924337115468,False,API3/USDT
1720195200000,LONG,9.006725146198827,-1.0792110533520385,11.794235588972429,False,ONE/USDT
1720195200000,LONG,9.2585995085995,-1.3221117856263995,9.6085995085995,False,IOST/USDT
1720195200000,LONG,9.391976227761663,-0.8608681396460125,9.741976227761663,True,TRB/USDT
1720195200000,LONG,10.066958882854937,0.7218470036799278,10.416958882854937,True,SUI/USDT
1720195200000,LONG,10.211258426966298,1.2714606372391362,10.561258426966297,False,KNC/USDT
1720195200000,LONG,11.527339346110486,,11.877339346110485,False,ALICE/USDT
1720195200000,LONG,11.601819184123471,-1.1376385577571642,11.95181918412348,True,SEI/USDT
1720209600000,LONG,1.424893106524359,-0.238745206517642,11.628918145744247,True,BCH/USDT
1720209600000,LONG,1.673450254786518,0.26533287054166765,10.475683965764615,True,ETC/USDT
1720209600000,LONG,2.489523156054667,-0.08560068198651287,5.605081146009129,True,ETH/USDT
1720209600000,LONG,3.577911275415895,,10.297643253234753,False,QTUM/USDT
1720209600000,LONG,4.040722363258703,-1.0658092711435343,10.648505654281111,False,CAKE/USDT
1720209600000,LONG,4.127272727272727,0.4939619007877925,11.21035227272727,False,WOO/USDT
1720209600000,LONG,4.266652926628203,-0.4021462376390714,10.938110940996355,False,STEEM/USDT
1720209600000,LONG,4.460583283223104,-0.15356926851793776,10.61172579675285,False,RVN/USDT
1720209600000,LONG,4.786702568351286,0.26201857115415395,11.671471969069312,False,KAVA/USDT
1720209600000,LONG,4.902387448840371,0.1427750582209028,9.68512960436562,False,ZRX/USDT
1720209600000,LONG,5.074538737224026,-2.507034340115622,9.744613070218126,False,DUSK/USDT
1720209600000,LONG,5.138022881658926,-1.2004857637834985,9.538082469312355,False,RLC/USDT
1720209600000,LONG,5.374657916783027,-3.7219489066475613,9.61294331192404,False,LQTY/USDT
1720209600000,LONG,5.628103458263336,-0.6035368113471095,11.04216532468285,True,GRT/USDT
1720209600000,LONG,5.739891087590115,0.16309233298656003,10.363291915938037,True,SUSHI/USDT
1720209600000,LONG,5.907110352673502,,7.842718998862325,False,BSV/USDT
1720209600000,LONG,5.990895869691678,-1.5271144146468885,11.725770796974984,False,HFT/USDT
1720209600000,LONG,6.026081258191352,,6.376081258191352,True,SNX/USDT
1720209600000,LONG,6.127017036322735,-2.4255132385429836,11.580745740919312,True,CHZ/USDT
1720209600000,LONG,6.363615156227911,0.09022479035568805,6.7136151562279105,True,APE/USDT
1720209600000,LONG,6.512745098039222,-1.412508091096584,7.92411764705883,True,FLOW/USDT
1720209600000,LONG,6.656885378695831,-0.8674437353690411,10.55670311867152,True,AXS/USDT
1720209600000,LONG,7.139621184465463,-1.6806624191376522,7.489621184465463,False,ID/USDT
1720209600000,LONG,7.1935760517799325,,7.543576051779932,True,LTC/USDT
1720209600000,LONG,7.2424672489083,-0.8701883215995818,7.592467248908299,False,UMA/USDT
1720209600000,LONG,7.335526680847131,2.197040997512628,7.685526680847131,False,POLYX/USDT
1720209600000,LONG,7.8957305502846395,-0.1761697399293356,8.24573055028464,True,GALA/USDT
1720209600000,LONG,9.06800328677074,-1.9918982665319376,9.41800328677074,False,GMX/USDT
1720209600000,LONG,9.24406779661017,0.046659277089912465,9.594067796610169,True,CELO/USDT
1720209600000,LONG,9.699694405265621,-0.16167454377514956,10.049694405265631,False,RSR/USDT
1720209600000,LONG,9.938728866624924,-1.2534306170207032,10.288728866624924,False,ARK/USDT
1720209600000,LONG,10.31269146608317,,10.662691466083169,True,ZEC/USDT
1720209600000,LONG,10.940448035737735,-2.3101319850717,11.290448035737734,False,COTI/USDT
1720209600000,LONG,10.99019123997532,-0.5580873013915022,11.34019123997532,False,STORJ/USDT
1720224000000,LONG,3.8048330404217903,-0.09264369456592611,4.15483304042179,False,ONT/USDT
1720224000000,LONG,4.02160359379254,0.781168945770027,4.37160359379254,False,ARPA/USDT
1720224000000,LONG,4.105733685401746,-1.322393685118899,4.4557336854017455,False,IOST/USDT
1720224000000,LONG,4.469300093400367,-0.6096973485586489,4.819300093400367,True,BNB/USDT
1720224000000,LONG,4.732122093023255,-1.1422134790238947,5.082122093023255,True,SEI/USDT
1720224000000,LONG,4.869442398737514,0.47490323497574494,5.219442398737514,False,MTL/USDT
1720224000000,LONG,4.884466308884923,-0.1863167320880211,5.234466308884922,False,BAT/USDT
1720224000000,LONG,4.8878950798305745,-0.32165211489844614,5.237895079830574,False,GAS/USDT
1720224000000,LONG,5.133784974664021,1.2712847007726529,5.483784974664021,False,KNC/USDT
1720224000000,LONG,5.212923992976927,-0.8663573125868081,5.562923992976927,True,TRB/USDT
1720224000000,LONG,5.321043771043776,,5.6710437710437755,False,ALICE/USDT
1720224000000,LONG,5.498736183040889,-1.4319751864360029,5.8487361830408995,True,GMT/USDT
1720224000000,LONG,5.503297110397639,-0.35642663203046426,10.17396888120524,False,SKL/USDT
1720224000000,LONG,6.569087136929459,1.0415013903343742,6.919087136929458,True,CRV/USDT
1720224000000,LONG,7.424825643776812,-2.3319845012060885,7.774825643776811,True,JASMY/USDT
1720224000000,LONG,7.921748400852874,-1.109022768980076,8.271748400852873,True,SAND/USDT
1720238400000,LONG,-6.0459723096287075,,5.695972309628708,True,SNX/USDT
1720238400000,LONG,3.6828520936919698,-3.7371233579261953,4.03285209369197,False,API3/USDT
1720238400000,LONG,3.749396847155588,0.09065778476471242,4.099396847155588,True,APE/USDT
1720238400000,LONG,3.8932669276158216,-1.2004130780402187,4.243266927615822,False,RLC/USDT
1720238400000,LONG,3.9710411130217342,-0.21584273770041176,4.321041113021734,False,NMR/USDT
1720238400000,LONG,4.0976040021063715,-0.8703205667331709,4.447604002106371,False,UMA/USDT
1720238400000,LONG,4.243195002231138,1.8701318376434017,4.593195002231138,False,MAGIC/USDT
1720238400000,LONG,4.740984908657672,-1.2625980848716591,5.0909849086576715,False,TLM/USDT
1720238400000,LONG,4.89635658914728,-0.031204576781044976,5.24635658914728,False,MAV/USDT
1720238400000,LONG,4.971812735126097,0.19709454121392653,5.321812735126096,True,ARKM/USDT
1720238400000,LONG,7.045719443011865,-5.720368080920578,7.395719443011864,False,HIGH/USDT
1720252800000,LONG,3.7478170097428856,-0.7841782024072188,4.097817009742886,True,OP/USDT
1720900800000,SHORT,-8.341893434823971,1.0432761762681724,7.991893434823972,True,XRP/USDT
1720915200000,SHORT,-6.657969999999982,2.78213296554925,6.307969999999982,True,XLM/USDT
1720929600000,SHORT,-8.218732180193863,1.4626602831314246,7.868732180193863,True,XRP/USDT
1720929600000,SHORT,-6.903844121532351,0.8744182763466919,6.553844121532351,False,STORJ/USDT
1720944000000,SHORT,-7.147387044093622,0.8052492768642492,6.797387044093623,False,ASTR/USDT
1720972800000,SHORT,-5.023781965006704,0.8073582718645921,4.673781965006705,False,ASTR/USDT
1720987200000,SHORT,-4.3905228758169725,1.4646142979642216,4.040522875816973,True,XRP/USDT
1721044800000,SHORT,-7.922560496199863,1.4581360518416109,7.572560496199864,False,TLM/USDT
1721044800000,SHORT,-5.422611464968139,1.2138197217480895,5.07261146496814,False,DASH/USDT
1721102400000,SHORT,-11.861980234943099,0.9835552569345273,11.511980234943099,True,WLD/USDT
1721102400000,SHORT,-10.386056225964722,0.9442748448016138,10.036056225964723,True,ARKM/USDT
1721102400000,SHORT,-9.858537308376368,1.2961803096680926,9.508537308376368,False,CKB/USDT
1721102400000,SHORT,-9.486438314869236,1.3733349742577143,9.136438314869237,True,FET/USDT
1721102400000,SHORT,-8.66017851550265,2.351231096739539,8.31017851550265,True,PYTH/USDT
1721102400000,SHORT,-8.63963477581539,0.842284491859231,8.28963477581539,True,ORDI/USDT
1721102400000,SHORT,-8.551230228470999,0.4789324921204386,8.201230228471,False,API3/USDT
1721102400000,SHORT,-8.543808280492344,-0.11075267106635973,8.193808280492345,False,HIGH/USDT
1721102400000,SHORT,-8.095238095238082,-0.7944176688206812,7.745238095238083,False,MAV/USDT
1721102400000,SHORT,-8.030646533390033,1.346156698819134,7.680646533390033,True,GALA/USDT
1721102400000,SHORT,-8.014170337738593,5.683045428538174,7.664170337738593,True,DYDX/USDT
1721102400000,SHORT,-7.4483027344833275,0.8983391970574643,7.098302734483328,True,STX/USDT
1721102400000,SHORT,-7.422488839285708,0.903577655934408,7.072488839285708,False,BLUR/USDT
1721102400000,SHORT,-7.122280844155838,2.151516562201081,6.772280844155838,True,THETA/USDT
1721102400000,SHORT,-6.776572164948435,1.3256542566602385,6.4265721649484355,False,STORJ/USDT
1721102400000,SHORT,-6.769351763584357,0.6504129707464126,6.419351763584357,True,ARB/USDT
1721102400000,SHORT,-6.7519011406844065,4.438705265726633,6.401901140684407,True,SNX/USDT
1721102400000,SHORT,-6.6506588217372995,-0.17991079867713286,6.3006588217373,False,DUSK/USDT
1721102400000,SHORT,-6.527959374270371,1.8461476719173933,6.177959374270372,False,BSV/USDT
1721102400000,SHORT,-6.5261616161616125,1.6924617101864372,6.176161616161613,False,ZRX/USDT
1721102400000,SHORT,-6.501583536350802,0.7990116032719888,6.1515835363508025,True,APE/USDT
1721102400000,SHORT,-6.479657228017864,1.2621395131078146,6.129657228017864,True,DOGE/USDT
1721102400000,SHORT,-6.46086724150216,1.3430408751086944,6.11086724150216,False,NMR/USDT
1721102400000,SHORT,-6.391077441077426,1.9273026125385229,6.041077441077427,True,FLOW/USDT
1721102400000,SHORT,-6.3605397951142635,0.3468264212628732,6.010539795114264,False,RSR/USDT
1721102400000,SHORT,-6.279503600681653,1.3759893967841197,5.929503600681653,False,ENJ/USDT
1721102400000,SHORT,-6.235497319833221,1.976705625149494,5.885497319833221,True,APT/USDT
1721102400000,SHORT,-6.186606624055761,1.3704782958469872,5.8366066240557615,False,MAGIC/USDT
1721102400000,SHORT,-6.172650819633228,1.3331365382518117,5.822650819633228,False,ID/USDT
1721102400000,SHORT,-6.0769827586206775,0.5870702363755442,5.726982758620678,False,CAKE/USDT
1721102400000,SHORT,-6.060206536996173,1.0289617294196662,5.710206536996173,True,GMT/USDT
1721102400000,SHORT,-5.9233404142326,1.0587009606793525,5.5733404142326,False,RVN/USDT
1721102400000,SHORT,-5.907762728868793,1.2938428839958598,5.557762728868793,True,RUNE/USDT
1721102400000,SHORT,-5.887936987483797,2.2517838608656007,5.537936987483797,True,MASK/USDT
1721102400000,SHORT,-5.8512613875262725,1.817198908099215,5.501261387526273,False,ONE/USDT
1721102400000,SHORT,-5.828270082835679,2.7007985775134924,5.478270082835679,False,MINA/USDT
1721102400000,SHORT,-5.781930051813461,0.25916829134055663,5.4319300518134614,False,SKL/USDT
1721102400000,SHORT,-5.768852551770959,0.24600380454834306,5.418852551770959,False,ROSE/USDT
1721102400000,SHORT,-5.749109014675048,2.4139080102540387,5.399109014675048,False,HFT/USDT
1721102400000,SHORT,-5.713329505168014,1.8542717390097028,5.363329505168014,False,WOO/USDT
1721102400000,SHORT,-5.68496624545611,1.8752734839865206,5.33496624545611,True,AXS/USDT
1721102400000,SHORT,-5.5852385685884665,1.302043005360313,5.235238568588467,False,KAVA/USDT
1721102400000,SHORT,-5.573730842911873,1.7569551775389514,5.223730842911873,False,ARPA/USDT
1721102400000,SHORT,-5.548656898656885,1.5591354055005133,5.1986568986568855,True,SAND/USDT
1721102400000,SHORT,-5.524107820804834,-2.256164442399844,5.174107820804834,False,KNC/USDT
1721102400000,SHORT,-5.512507171543295,-2.6793555026118585,5.162507171543296,True,CHZ/USDT
1721102400000,SHORT,-5.405410531012927,-0.5627809016851574,5.055410531012927,False,AGLD/USDT
1721102400000,SHORT,-5.366735822959884,1.8674917490392273,5.016735822959884,False,ANKR/USDT
1721102400000,SHORT,-5.33953505700022,0.8720668659241985,4.989535057000221,True,AVAX/USDT
1721102400000,SHORT,-5.250917431192643,2.9644051415988524,4.900917431192643,True,ATOM/USDT
1721102400000,SHORT,-5.233678682940669,2.1920179713215533,4.883678682940669,True,MANA/USDT
1721102400000,SHORT,-5.184358047016261,0.539159642025139,4.834358047016261,False,IOTA/USDT
1721102400000,SHORT,-5.184081836327332,1.961347447319637,9.283957085828334,True,MEME/USDT
1721102400000,SHORT,-5.157865168539327,1.3722774208483846,4.807865168539327,False,QTUM/USDT
1721102400000,SHORT,-5.133299255018415,3.7158171346270823,4.783299255018416,True,BNB/USDT
1721102400000,SHORT,-5.131071195297186,1.1354748575426148,4.781071195297186,False,QNT/USDT
1721102400000,SHORT,-5.109334264432014,1.3867289329436938,4.759334264432014,True,FIL/USDT
1721102400000,SHORT,-4.915757906215907,3.0283195966235317,4.565757906215907,True,NEO/USDT
1721102400000,SHORT,-4.861638287320204,1.2578120731674292,4.5116382873202046,False,IOST/USDT
1721102400000,SHORT,-4.854805725971369,1.422099732604499,4.504805725971369,False,ONT/USDT
1721102400000,SHORT,-4.83804717382065,1.2345797514771943,4.48804717382065,False,STEEM/USDT
1721102400000,SHORT,-4.745204147764081,2.065487600194066,4.3952041477640815,True,ALGO/USDT
1721102400000,SHORT,-4.743757503001209,2.5115679351200173,6.777959183673465,True,GRT/USDT
1721102400000,SHORT,-4.64209110678723,-0.10203501589231981,5.43726107359504,False,KAS/USDT
1721102400000,SHORT,-4.6263352211628055,1.901149827910778,4.276335221162806,True,LINK/USDT
1721102400000,SHORT,-3.2742318435754267,0.9326866962621844,5.045338687150826,True,ETC/USDT
1721102400000,SHORT,-1.451694915254237,1.4426277641323173,5.14499999999999,False,YFI/USDT
1721102400000,SHORT,4.9167696325074655,3.1105390650118343,5.266769632507465,True,VET/USDT
1721116800000,SHORT,4.584935304990758,0.3235893954548005,4.934935304990757,True,HBAR/USDT
1721116800000,SHORT,7.634069000507333,3.2655331498415276,7.984069000507333,True,JASMY/USDT
1721203200000,SHORT,-0.6441657133518515,1.3232254035401119,6.348488315084164,True,NEAR/USDT
1721217600000,SHORT,-1.6977088948787138,0.920014557724485,7.959928122192259,False,RSR/USDT
1721217600000,SHORT,2.9027315063585997,-0.04324377619575838,6.839351603080771,False,DUSK/USDT
1721246400000,SHORT,-5.091457461645739,3.054428656683923,4.741457461645739,True,NEO/USDT
1721246400000,SHORT,3.7885542168674653,1.5090077724977422,4.138554216867465,False,RSR/USDT
1721260800000,SHORT,9.67986436411941,1.0697398465403423,10.02986436411941,True,WLD/USDT
1721275200000,SHORT,-5.290706857970238,0.3077504947437253,4.9407068579702385,True,AR/USDT
1721275200000,SHORT,-3.489554942211488,1.3447591406071402,10.317888563049834,True,XRP/USDT
1721275200000,SHORT,5.041816192560144,1.6878041440916975,5.391816192560143,False,UMA/USDT
1721275200000,SHORT,6.148272652818084,1.4537615430406707,6.498272652818084,False,TLM/USDT
1721289600000,SHORT,6.908670590271756,1.9847289600378109,7.258670590271755,True,WLD/USDT
1721304000000,SHORT,-6.725567137388898,1.2946619767532181,6.375567137388899,False,ID/USDT
1721304000000,SHORT,-5.8801650165016515,2.56983222797106,5.530165016501652,True,AXS/USDT
1721304000000,SHORT,-0.9855063550635489,-0.47228388571728513,8.555524805248044,False,AGLD/USDT
1721304000000,SHORT,0.9692612137203201,1.1670417399314996,4.997427440633214,False,ONE/USDT
1721304000000,SHORT,2.3770797962648618,0.680811552146199,8.378066638370111,True,LDO/USDT
1721304000000,SHORT,2.434419591207097,1.8527963358469288,10.326131893559554,False,TLM/USDT
1721318400000,SHORT,-8.633520179372185,-3.7193817688552437,8.283520179372186,False,ARK/USDT
1721332800000,SHORT,9.673340790454876,,10.023340790454876,False,ALICE/USDT
1721664000000,SHORT,3.9222772277227604,2.2670771763952318,4.2722772277227605,False,HFT/USDT
1721908800000,LONG,7.064808582246527,3.3199585291998956,10.230153554901127,True,AAVE/USDT
1721937600000,LONG,5.320154525386319,2.78849983525025,5.670154525386319,True,MASK/USDT
1721952000000,LONG,-4.7964285714285655,2.574893872532653,8.685482142857136,True,NEAR/USDT
1721952000000,LONG,-4.725701234172141,-0.5670328555059613,7.507036384035903,False,EDU/USDT
1721952000000,LONG,-2.668840579710153,3.360151918301995,6.802173913043474,True,SUI/USDT
1721952000000,LONG,-2.2267527144603374,3.646796236123238,5.576421945782689,True,VET/USDT
1721952000000,LONG,-1.724975446867015,0.33785767801694727,8.03551365154194,False,RSR/USDT
1721952000000,LONG,0.848583492236452,1.9380688687718943,5.107109779351673,False,1INCH/USDT
1721952000000,LONG,1.3140253565768547,2.31869652729998,6.699128367670368,True,DYDX/USDT
1721952000000,LONG,3.743582402777404,0.4510580708594188,7.840075653548208,True,PENDLE/USDT
1721952000000,LONG,4.559717014667018,1.8082226211957588,4.9097170146670175,True,ETH/USDT
1721952000000,LONG,4.944989979959939,2.011681831382813,5.294989979959938,True,ATOM/USDT
1721952000000,LONG,5.241340782122884,1.533586720925239,5.5913407821228835,False,QTUM/USDT
1721952000000,LONG,5.382328803982247,0.7082731132254485,5.732328803982247,True,UNI/USDT
1721952000000,LONG,5.990647058823527,3.2644055590059193,6.340647058823527,True,SNX/USDT
1721952000000,LONG,6.290570175438597,1.960445215931115,6.640570175438596,False,ONE/USDT
1721952000000,LONG,8.242914899257677,0.5202573408392506,8.592914899257677,True,CFX/USDT
1721966400000,LONG,2.3341840583354263,0.7438264454161204,7.5512509429218,True,LDO/USDT
1721966400000,LONG,2.7544699214221264,0.18938173536822545,9.171283653226837,False,SSV/USDT
1722168000000,LONG,-5.499589387239417,2.593325205815851,5.149589387239417,False,ILV/USDT
1722283200000,SHORT,4.549092960185956,0.5198335180831228,4.899092960185956,True,BCH/USDT
1722340800000,SHORT,8.47321699544764,2.528676831702784,8.82321699544764,False,BSV/USDT
1722470400000,LONG,-8.30300695074041,1.5671496532037636,7.95300695074041,False,ZEN/USDT
1722513600000,SHORT,4.147388863829989,-0.044431400199088526,4.497388863829989,False,KAS/USDT
1722542400000,LONG,-11.50153772224893,1.2934241380014888,11.15153772224893,True,1000BONK/USDT
1722542400000,LONG,-9.614850136239797,3.0754943008462936,9.264850136239797,False,RVN/USDT
1722542400000,LONG,-9.56204291593181,0.45090267514467275,9.21204291593181,True,PENDLE/USDT
1722542400000,LONG,-9.216544789762336,2.3746211818695158,8.866544789762337,True,WLD/USDT
1722542400000,LONG,-9.048841395864104,0.09686051594506227,8.698841395864104,False,DUSK/USDT
1722542400000,LONG,-9.047933931206716,0.5334769540460974,8.697933931206716,False,HFT/USDT
1722542400000,LONG,-9.03726421588874,0.1252732613709611,8.68726421588874,False,HIGH/USDT
1722542400000,LONG,-8.991030849308128,0.40229826954633724,8.641030849308128,False,ROSE/USDT
1722542400000,LONG,-8.780944744799786,1.434414896812821,8.430944744799787,False,TLM/USDT
1722542400000,LONG,-8.689983111674037,1.0282938693850583,8.339983111674037,False,RSR/USDT
1722542400000,LONG,-8.610424185494642,0.8893426834146265,8.260424185494642,False,KSM/USDT
1722542400000,LONG,-8.499020293911837,2.474811141310325,8.149020293911837,False,ANKR/USDT
1722542400000,LONG,-8.456071904127832,3.1464005402843602,8.106071904127832,False,CYBER/USDT
1722542400000,LONG,-8.34129652940119,0.07996837153287663,7.99129652940119,False,EDU/USDT
1722542400000,LONG,-8.272258250468369,0.5177401964969646,7.922258250468368,False,LPT/USDT
1722542400000,LONG,-8.240898889227035,1.192019372817856,7.890898889227034,True,1000PEPE/USDT
1722542400000,LONG,-8.202041039074444,1.692101195105465,7.852041039074444,True,IMX/USDT
1722542400000,LONG,-8.178832951945095,-0.17424360300441563,7.8288329519450945,False,ACH/USDT
1722542400000,LONG,-8.16449443413728,2.225390560942437,7.81449443413728,False,WOO/USDT
1722542400000,LONG,-8.12926397735316,3.015122730008024,7.7792639773531596,True,AXS/USDT
1722542400000,LONG,-8.025836849507751,3.0430548990584594,7.675836849507752,False,GAS/USDT
1722542400000,LONG,-7.997257678500188,1.8669850601578326,7.647257678500188,False,COTI/USDT
1722542400000,LONG,-7.987794656888408,2.4103474884332035,7.637794656888408,False,KAVA/USDT
1722542400000,LONG,-7.98669474727453,0.2463035225895862,7.636694747274531,False,RLC/USDT
1722542400000,LONG,-7.9864150943396295,2.4848979125624835,7.63641509433963,True,CELO/USDT
1722542400000,LONG,-7.8884931506849245,2.66761173299471,7.538493150684925,True,GALA/USDT
1722542400000,LONG,-7.838175919250163,-0.13972339252672733,7.488175919250163,True,FIL/USDT
1722542400000,LONG,-7.798736428736432,1.4642270225043104,7.448736428736432,True,INJ/USDT
1722542400000,LONG,-7.658925750394934,0.030375566935935586,7.308925750394934,True,HBAR/USDT
1722542400000,LONG,-7.62644140290847,2.044135269973779,7.27644140290847,False,IOST/USDT
1722542400000,LONG,-7.612007122869502,-0.5224601441528337,7.262007122869503,True,OP/USDT
1722542400000,LONG,-7.563869346733663,2.2095032199012135,7.213869346733663,True,NEAR/USDT
1722542400000,LONG,-7.540529010238912,2.866389894363106,7.1905290102389126,True,DYDX/USDT
1722542400000,LONG,-7.5109637718842155,2.577871540233053,7.160963771884216,False,ENJ/USDT
1722542400000,LONG,-7.460734787600462,2.2699729359531142,7.110734787600462,False,ASTR/USDT
1722542400000,LONG,-7.394411764705901,1.8424183258176303,7.0444117647059015,True,SUSHI/USDT
1722542400000,LONG,-7.383958724202636,2.945952685130698,7.033958724202637,True,MASK/USDT
1722542400000,LONG,-7.3373861137291785,3.322463228873874,6.987386113729179,True,CHZ/USDT
1722542400000,LONG,-7.327527568195013,1.4290356875676316,6.977527568195013,False,AGLD/USDT
1722542400000,LONG,-7.288524805319813,0.7741836646102568,6.938524805319814,True,FET/USDT
1722542400000,LONG,-7.27130956088446,0.9087604317523735,6.921309560884461,True,AVAX/USDT
1722542400000,LONG,-7.244690923191265,4.229963502099686,6.894690923191265,False,EGLD/USDT
1722542400000,LONG,-7.143008175923318,3.3318446152575523,6.793008175923318,True,NEO/USDT
1722542400000,LONG,-7.129909126827332,3.2051435771507095,6.779909126827333,False,KNC/USDT
1722542400000,LONG,-7.102532044547169,4.218838517348592,6.752532044547169,False,MINA/USDT
1722542400000,LONG,-7.004875474883903,2.8543644172252116,6.654875474883903,True,GMT/USDT
1722542400000,LONG,-6.951972131700202,3.5227632456069395,6.601972131700203,True,GRT/USDT
1722542400000,LONG,-6.943784396244739,2.3937915586838834,6.5937843962447396,True,MANA/USDT
1722542400000,LONG,-6.925713557594296,1.2366427912478177,6.575713557594296,True,ADA/USDT
1722542400000,LONG,-6.872885906040273,2.8570310115252857,6.5228859060402735,False,IOTA/USDT
1722542400000,LONG,-6.8602693602693465,1.4077126981912176,6.510269360269347,True,ARB/USDT
1722542400000,LONG,-6.782341269841273,3.781463849543271,6.432341269841273,True,SAND/USDT
1722542400000,LONG,-6.728408658291183,2.878838299665482,6.378408658291184,False,STEEM/USDT
1722542400000,LONG,-6.589415511427512,1.8709165537272923,6.239415511427512,True,DOT/USDT
1722542400000,LONG,-6.47526271542665,2.0806225460050616,6.125262715426651,True,DOGE/USDT
1722542400000,LONG,-6.424972677595632,1.051251521814579,6.074972677595633,True,APT/USDT
1722542400000,LONG,-6.3730913823019115,-0.3520245522782347,6.023091382301912,False,QNT/USDT
1722542400000,LONG,-6.14893703563101,2.0980095257036293,5.798937035631011,False,CAKE/USDT
1722542400000,LONG,-6.021882247992857,2.727049112601517,5.6718822479928575,False,YFI/USDT
1722542400000,LONG,-5.985975958786488,2.1911230290557087,5.635975958786489,False,STG/USDT
1722542400000,LONG,-5.910285170219688,0.8086029834625782,5.5602851702196885,True,ETC/USDT
1722542400000,LONG,-5.742900432900435,2.305971747978433,5.3929004329004355,True,ATOM/USDT
1722556800000,LONG,-8.72444518757219,0.441517517419197,8.37444518757219,True,ORDI/USDT
1722556800000,LONG,-7.731855520657152,1.404459172331619,7.381855520657153,False,YGG/USDT
1722556800000,LONG,-7.293227549729798,1.5566398126054155,6.943227549729798,False,API3/USDT
1722556800000,LONG,-6.4542108237954015,1.8822697874065646,6.104210823795402,True,APE/USDT
1722571200000,LONG,-7.17714245574599,0.4716246016116787,6.8271424557459905,False,HIGH/USDT
1722571200000,LONG,-6.566374683544303,1.840766689252604,6.216374683544303,False,COTI/USDT
1722571200000,LONG,-6.55774667029084,3.099518368689124,6.20774667029084,False,CYBER/USDT
1722571200000,LONG,-6.537611310732715,1.8051953266654492,6.1876113107327155,True,SUSHI/USDT
1722571200000,LONG,-6.174502164502176,,5.824502164502176,True,DYDX/USDT
1722571200000,LONG,-5.978641830448801,-0.4301306523949639,5.628641830448801,False,HFT/USDT
1722571200000,LONG,-5.955861201006843,2.4369006339711987,5.605861201006843,False,ANKR/USDT
1722571200000,LONG,-5.935861953984663,3.0692889516376947,5.585861953984663,True,MASK/USDT
1722571200000,LONG,-5.82783388419635,0.44209527346498506,5.47783388419635,True,PENDLE/USDT
1722571200000,LONG,-5.598074074074077,0.07941784405835224,5.2480740740740774,False,EDU/USDT
1722571200000,LONG,-5.4602525442894905,-0.17342586659224868,5.110252544289491,False,ACH/USDT
1722571200000,LONG,-5.444316939890695,1.0100137199390264,5.094316939890695,False,RSR/USDT
1722571200000,LONG,-5.0805250628223835,4.205619657435315,4.730525062822384,False,EGLD/USDT
1722571200000,LONG,-5.042013071895429,-0.5137510996071503,4.692013071895429,True,OP/USDT
1722571200000,LONG,-5.019608489717597,2.1838849213875235,4.669608489717597,False,WOO/USDT
1722571200000,LONG,-4.964772071552221,3.282602300639148,4.614772071552221,True,NEO/USDT
1722571200000,LONG,-4.928827283985906,1.4530289790315545,4.578827283985906,True,INJ/USDT
1722571200000,LONG,-4.781162879511181,1.855654631363234,4.431162879511182,True,DOT/USDT
1722571200000,LONG,-4.597512690355327,3.726887790362119,4.247512690355327,True,SAND/USDT
1722585600000,LONG,-6.639215922798553,1.411391616093732,6.289215922798554,False,YGG/USDT
1722585600000,LONG,-5.7252317173776035,2.356475177742937,5.375231717377604,True,WLD/USDT
1722585600000,LONG,-4.939169234346847,1.5584431705333675,4.589169234346848,False,API3/USDT
1722585600000,LONG,-4.626594501506857,0.4407300596406773,4.276594501506858,True,ORDI/USDT
1722600000000,LONG,-4.638000000000014,1.9283990841539542,4.2880000000000145,False,COTI/USDT
1722600000000,LONG,-4.6101605584642416,0.4714652145094302,4.260160558464242,False,HIGH/USDT
1722600000000,SHORT,6.660849909584079,2.4936665202306214,7.010849909584079,True,AAVE/USDT
1722657600000,LONG,-5.8988863176164275,0.8178300547734906,5.548886317616428,False,HIGH/USDT
1722672000000,LONG,-6.355824585167627,2.0121534116896855,6.005824585167628,True,MANA/USDT
1722729600000,LONG,-8.996925458969256,1.0371458272808611,8.646925458969257,False,ZEN/USDT
1722758400000,LONG,-8.170459614734702,-0.25342174896434644,7.820459614734701,True,ORDI/USDT
1722758400000,LONG,-4.646779052253511,0.4850089563752114,4.296779052253512,False,ZEN/USDT
1722801600000,LONG,-5.677193807422412,-0.2511320397634683,5.327193807422413,True,ORDI/USDT
1722859200000,LONG,9.87008554093034,2.307119416392752,10.22008554093034,True,BTC/USDT
1722859200000,LONG,11.281446066096285,-0.8867775269868168,11.631446066096284,True,OP/USDT
1722859200000,LONG,11.38926315789474,2.307382217602703,11.73926315789474,True,GMT/USDT
1722859200000,LONG,11.507291784702543,0.5966303732196496,11.857291784702543,True,ETC/USDT
1722859200000,LONG,11.565335790335787,1.0836431601067742,11.915335790335787,True,XRP/USDT
1722859200000,LONG,11.592294202599568,1.3572335014227697,11.942294202599557,True,ARB/USDT
1722873600000,LONG,9.092186189544318,0.82846839052875,9.442186189544318,False,BSV/USDT
1722873600000,LONG,9.50369379014989,1.5537910257184404,9.85369379014989,True,COMP/USDT
1722873600000,LONG,10.237106535539233,1.4112768049364106,10.587106535539233,True,BCH/USDT
1722873600000,LONG,10.28827325322653,,10.63827325322653,True,SEI/USDT
1722873600000,LONG,10.41992836676219,3.7151943083927583,10.769928366762189,True,ICP/USDT
1722873600000,LONG,10.455354085603105,-0.6789077184156381,10.805354085603113,False,MAV/USDT
1722873600000,LONG,10.46645590156161,,10.816455901561609,True,ETH/USDT
1722873600000,LONG,10.624593639575965,3.002756846290136,10.974593639575964,False,STG/USDT
1722873600000,LONG,10.729988052568682,-1.2811478555081517,11.079988052568682,False,UMA/USDT
1722873600000,LONG,10.755857939048981,,11.10585793904897,True,NEO/USDT
1722873600000,LONG,10.758562749193102,0.5537908909813697,11.108562749193101,True,UNI/USDT
1722873600000,LONG,10.765085771947543,-0.6073174080521802,11.115085771947532,False,QTUM/USDT
1722873600000,LONG,10.815341440598692,0.12462199122253009,11.16534144059868,True,AXS/USDT
1722873600000,LONG,10.888290845288484,-0.47386910608294225,11.238290845288484,True,AVAX/USDT
1722873600000,LONG,10.905217500628622,1.851081562257722,11.255217500628621,False,KNC/USDT
1722873600000,LONG,10.950279832100732,1.2757719286488989,11.300279832100731,True,SUSHI/USDT
1722873600000,LONG,11.06976177585273,0.22645110315278566,11.419761775852729,True,LTC/USDT
1722873600000,LONG,11.13827930174565,,11.48827930174565,True,CELO/USDT
1722873600000,LONG,11.206451612903225,1.3029840192189956,11.556451612903224,True,ADA/USDT
1722873600000,LONG,11.233751010509305,2.272715304182973,11.583751010509294,True,PYTH/USDT
1722873600000,LONG,11.278841974542068,,11.628841974542068,True,FIL/USDT
1722888000000,LONG,2.2003454358371317,,11.650529178303684,False,ENJ/USDT
1722888000000,LONG,4.556590022582633,,10.06327242865941,False,YFI/USDT
1722888000000,LONG,7.142725509214365,,11.698775460717744,False,TWT/USDT
1722888000000,LONG,8.261733400489964,1.8814462316800338,8.611733400489964,True,BTC/USDT
1722888000000,LONG,8.263814487399388,0.4732551762308443,8.613814487399388,False,ZEN/USDT
1722888000000,LONG,9.111235216819972,0.6596206497845355,11.698028909329828,False,BAT/USDT
1722888000000,LONG,9.119775194461058,-1.2986159103832091,9.469775194461057,True,OP/USDT
1722888000000,LONG,9.696737298338544,0.023463478050175835,10.046737298338543,False,TLM/USDT
1722888000000,LONG,9.702013808975845,-0.9713780523829134,10.052013808975845,False,CYBER/USDT
1722888000000,LONG,9.715362118472822,0.858363854638523,10.065362118472821,True,GMT/USDT
1722888000000,LONG,9.734880636604768,1.2837069346598782,10.084880636604767,False,ASTR/USDT
1722888000000,LONG,9.75859277708593,-1.70682316901202,10.10859277708593,False,ALICE/USDT
1722888000000,LONG,9.761088011088031,3.0273197687519184,10.11108801108803,False,ONT/USDT
1722888000000,LONG,9.981326889279416,,10.331326889279415,False,IOST/USDT
1722888000000,LONG,10.032999128160426,0.48270840408473253,10.382999128160426,False,RSR/USDT
1722888000000,LONG,10.180705229793992,3.439397105753387,10.53070522979398,False,1INCH/USDT
1722888000000,LONG,10.20720164609054,1.2497537378363475,10.55720164609053,False,RVN/USDT
1722888000000,LONG,10.214196721311483,-1.288602227212017,10.564196721311482,False,ARPA/USDT
1722888000000,LONG,10.453259591150948,,10.803259591150947,True,MASK/USDT
1722888000000,LONG,10.482901873767252,,10.832901873767252,False,ID/USDT
1722888000000,LONG,10.523916792412155,1.3413270807871613,10.873916792412155,True,ATOM/USDT
1722888000000,LONG,10.528394722374948,4.6310857175431925,10.878394722374948,False,STEEM/USDT
1722888000000,LONG,10.538796773470759,-0.7126352271681415,10.888796773470759,False,EDU/USDT
1722888000000,LONG,10.572672297945862,,10.922672297945862,True,HBAR/USDT
1722888000000,LONG,10.652089326267976,0.9955072231302183,11.002089326267976,False,AGLD/USDT
1722888000000,LONG,10.772957507082149,0.5625886583397139,11.122957507082148,True,ETC/USDT
1722888000000,LONG,10.775762420068867,1.0379701921239552,11.125762420068867,False,MTL/USDT
1722888000000,LONG,10.830021732381246,3.629506854527366,11.180021732381245,False,EGLD/USDT
1722888000000,LONG,10.983261205564144,0.019859555773583067,11.333261205564144,False,API3/USDT
1722888000000,LONG,11.025477574750822,,11.375477574750834,True,ARB/USDT
1722888000000,LONG,11.069739057239056,2.0549699784985083,11.419739057239056,True,SAND/USDT
1722888000000,LONG,11.08833276392213,1.3441944680935096,11.438332763922118,True,CFX/USDT
1722888000000,LONG,11.153395862235364,0.7003673897327861,11.503395862235363,False,ACH/USDT
1722888000000,LONG,11.187301008628024,2.1079724729702156,11.537301008628013,True,ENS/USDT
1722888000000,LONG,11.197812739831159,,11.547812739831159,False,ZRX/USDT
1722888000000,LONG,11.219833564493737,-4.129392061130777,11.569833564493736,False,LQTY/USDT
1722888000000,LONG,11.234811792576998,3.1628818005244406,11.584811792576998,False,MINA/USDT
1722888000000,LONG,11.280896085833508,,11.630896085833507,True,CHZ/USDT
1722888000000,LONG,11.310333730631696,1.4625510209804222,11.660333730631706,True,DOT/USDT
1722888000000,LONG,11.320815264527315,1.9865445239018833,11.670815264527315,False,ANKR/USDT
1722888000000,LONG,11.433482878593665,0.717415908596636,11.783482878593665,True,APE/USDT
1722888000000,LONG,11.521606425702823,,11.871606425702822,True,APT/USDT
1722888000000,LONG,11.552660016625088,,11.902660016625099,False,IOTA/USDT
1722888000000,LONG,11.619408635154493,1.1804327352924548,11.969408635154492,True,XRP/USDT
1722888000000,LONG,11.62140353073747,,11.97140353073746,False,KSM/USDT
1722888000000,LONG,11.64536490969405,0.7277707304382754,11.99536490969406,False,HIGH/USDT
1722902400000,LONG,6.653758114109997,3.0222685929672664,11.472394943628284,False,STG/USDT
1722902400000,LONG,11.39842077087794,0.8244182043719067,11.74842077087794,False,BSV/USDT
1722902400000,LONG,11.606523033415183,-0.6778792633049393,11.956523033415193,False,MAV/USDT
1722916800000,LONG,-8.101420029895369,3.4274963199170942,7.751420029895368,False,1INCH/USDT
1722916800000,LONG,-6.942643694567022,,6.592643694567022,True,ETH/USDT
1722916800000,LONG,2.2202046644454962,2.6973200764388543,7.560399809614479,False,KNC/USDT
1722916800000,LONG,3.354335950836466,0.3706680869517377,6.852492318197336,True,LTC/USDT
1722916800000,LONG,3.639202159568097,1.2864201709108107,8.523605278944208,True,ADA/USDT
1722916800000,LONG,4.826167854315138,,9.565469121140143,True,LINK/USDT
1722916800000,LONG,5.545196506550227,-0.08856137094592953,8.851933873986274,False,MAGIC/USDT
1722916800000,LONG,6.1100202575604134,1.8637092688619252,6.460020257560413,True,BTC/USDT
1722916800000,LONG,6.116632177961717,0.17026427973058228,10.804690463873099,True,UNI/USDT
1722916800000,LONG,7.197648012976466,-1.1289770618179293,11.0695002027575,False,SSV/USDT
1722916800000,LONG,8.074537246049658,,8.424537246049658,True,DOT/USDT
1722916800000,LONG,8.147683844817598,,8.497683844817608,True,ARB/USDT
1722916800000,LONG,8.576273113813894,0.8529589510395253,8.926273113813894,True,GMT/USDT
1722916800000,LONG,8.712586303414817,1.2564346863193547,9.062586303414816,True,SUSHI/USDT
1722916800000,LONG,9.16372863247863,,9.51372863247863,True,NEAR/USDT
1722916800000,LONG,9.629148732663811,,9.97914873266381,False,ILV/USDT
1723320000000,SHORT,7.8399228791773545,-0.3569300713975629,8.189922879177354,False,YGG/USDT
1723363200000,SHORT,7.794044321329636,-0.11512243338376295,10.635623268698048,False,STG/USDT
1723377600000,SHORT,-9.971042873696389,-0.20990656781343034,9.621042873696389,False,MAV/USDT
1723377600000,SHORT,0.9504075504075559,1.1521228903613832,8.545382882882869,False,ID/USDT
1723377600000,SHORT,2.8020342612419724,0.40707634343183435,9.947700214132743,False,LPT/USDT
1723492800000,SHORT,10.069023668639058,5.77126292570618,10.419023668639058,True,SUI/USDT
1724040000000,SHORT,-11.681087094723448,,11.331087094723449,False,TLM/USDT
1724155200000,SHORT,-12.224543726235721,-0.07776807049764117,11.874543726235721,False,RSR/USDT
1724155200000,SHORT,-5.007909029192131,1.2466540275292604,4.6579090291921315,True,XRP/USDT
1724184000000,SHORT,-7.815643357968549,-0.07804048870488665,7.465643357968549,False,RSR/USDT
1724241600000,SHORT,4.24597323829176,2.6249534439832405,4.5959732382917595,True,TRX/USDT
1724270400000,SHORT,-8.737131803108115,2.5846464492252874,8.387131803108115,True,TRX/USDT
1724313600000,SHORT,-6.65111020043215,1.273072684014189,6.30111020043215,True,AAVE/USDT
1724400000000,SHORT,-4.372260689990286,-0.2298306643307046,4.022260689990286,True,XMR/USDT
1724457600000,SHORT,4.817078972407226,5.621760629028935,5.167078972407226,False,STORJ/USDT
1724500800000,SHORT,5.524632352941172,1.9187872265132924,5.8746323529411715,False,AGLD/USDT
1724529600000,SHORT,3.7401491481459463,-0.22585001112337524,4.090149148145946,True,XMR/USDT
1724529600000,SHORT,4.498687963491142,,4.848687963491142,False,STG/USDT
1724529600000,SHORT,5.672086389568044,1.3439298137112927,6.022086389568043,False,ILV/USDT
1724529600000,SHORT,5.7655955348433885,1.9046489300104295,6.115595534843388,False,AGLD/USDT
1724544000000,SHORT,-5.502078308979974,0.7413806708037524,5.152078308979974,True,APT/USDT
1724544000000,SHORT,3.8843619246861754,2.0488951755458626,4.2343619246861754,False,ONT/USDT
1724544000000,SHORT,3.999798115746947,0.6017145799153262,4.349798115746947,True,SAND/USDT
1724544000000,SHORT,4.065126050420136,0.6632825874783725,4.4151260504201355,False,ENJ/USDT
1724544000000,SHORT,4.108680555555551,1.3823273721647453,4.45868055555555,True,DOT/USDT
1724544000000,SHORT,4.121998284734121,2.378739368890272,4.471998284734121,False,BSV/USDT
1724544000000,SHORT,4.130376266280749,1.8377657077285783,4.480376266280748,False,ZRX/USDT
1724544000000,SHORT,4.179620812786925,1.2786984591953927,4.529620812786924,False,RLC/USDT
1724544000000,SHORT,4.18520112067241,1.1938266976543968,4.53520112067241,False,MINA/USDT
1724544000000,SHORT,4.393150123051672,2.6204675130118256,4.743150123051672,False,KAVA/USDT
1724544000000,SHORT,4.5979796552698495,0.24161956227283807,4.947979655269849,False,ARK/USDT
1724544000000,SHORT,4.611300875589329,3.475521989796628,4.961300875589329,False,CKB/USDT
1724544000000,SHORT,4.64889267461669,-0.6625272633832032,4.998892674616689,True,DYDX/USDT
1724544000000,SHORT,4.781610407876213,2.1246216079278533,5.131610407876213,False,IOST/USDT
1724544000000,SHORT,4.795520526196402,-1.1922530004511351,5.145520526196401,False,ZEN/USDT
1724544000000,SHORT,4.81572932083536,0.7202867866292968,5.16572932083536,True,CHZ/USDT
1724544000000,SHORT,4.817423851316473,-0.21791621776454698,5.167423851316473,False,ASTR/USDT
1724544000000,SHORT,4.8223295759527565,0.9889017428237937,5.172329575952756,False,GAS/USDT
1724544000000,SHORT,4.830474111041789,1.7990887432460703,5.1804741110417885,True,PYTH/USDT
1724544000000,SHORT,4.947624154429944,0.7094307308910739,5.297624154429943,True,ARB/USDT
1724544000000,SHORT,5.004987212276195,0.4551527978497814,5.354987212276194,False,ROSE/USDT
1724544000000,SHORT,5.189682724155951,0.3387202041207033,5.53968272415595,False,API3/USDT
1724544000000,SHORT,5.201617837392624,1.7355868057378503,5.551617837392624,True,ICP/USDT
1724544000000,SHORT,5.360985777341825,0.18729217839269033,5.710985777341825,False,MAGIC/USDT
1724544000000,SHORT,5.407845433255259,0.3030819151832501,5.757845433255259,True,INJ/USDT
1724544000000,SHORT,5.758017817371926,0.8991859667962043,6.108017817371926,False,BIGTIME/USDT
1724544000000,SHORT,5.9446816171175625,2.3427153834692116,6.294681617117562,False,COTI/USDT
1724544000000,SHORT,6.081992161985596,0.6648278654145856,6.431992161985596,False,LPT/USDT
1724544000000,SHORT,6.2432583198245535,1.6285358445897917,6.593258319824553,False,EGLD/USDT
1724544000000,SHORT,6.302677651905224,0.4559813887763072,6.652677651905224,False,BLUR/USDT
1724544000000,SHORT,6.315109489051093,1.3408115675820722,6.665109489051092,True,TIA/USDT
1724544000000,SHORT,6.502105263157893,1.5854645263332723,6.852105263157893,True,ARKM/USDT
1724544000000,SHORT,6.5551021235208236,0.06578007302599746,6.905102123520823,False,POLYX/USDT
1724544000000,SHORT,6.589409797151481,-0.9743587835325531,6.93940979715148,True,WLD/USDT
1724544000000,SHORT,6.725631583115551,2.942363154173897,7.075631583115551,True,MEME/USDT
1724544000000,SHORT,6.91441413515188,1.022968138090102,7.264414135151879,True,SNX/USDT
1724544000000,SHORT,7.371086439333864,2.3414290213970226,7.721086439333864,True,LDO/USDT
1724544000000,SHORT,8.336790140269638,1.8420765193239026,8.686790140269638,True,PEOPLE/USDT
1724544000000,SHORT,8.370683575206831,0.08005361587552436,8.72068357520683,True,APE/USDT
1724544000000,SHORT,8.845912244515272,1.0196882059154366,9.195912244515272,True,1000BONK/USDT
1724558400000,SHORT,-9.561390469718837,0.63881146367648,9.211390469718838,True,FET/USDT
1724558400000,SHORT,-7.623397169025802,0.8525505912081276,7.273397169025802,False,CHR/USDT
1724558400000,SHORT,-7.551149101163174,1.5894350032987106,7.201149101163175,True,IMX/USDT
1724558400000,SHORT,-7.230769230769223,0.7432869791881134,6.880769230769223,False,ONE/USDT
1724558400000,SHORT,3.9758565560902173,4.22990420001918,4.325856556090217,True,SOL/USDT
1724558400000,SHORT,5.254852780806959,-1.251112848682471,5.604852780806959,False,BAT/USDT
1724558400000,SHORT,5.820897731009536,-1.3600745445728408,6.170897731009536,True,MANA/USDT
1724558400000,SHORT,5.881433137986128,0.3397043824253006,6.231433137986127,False,RVN/USDT
1724558400000,SHORT,6.91555183946487,1.6486613083466548,7.2655518394648695,True,ATOM/USDT
1724558400000,SHORT,6.960798528457034,0.5901457003677568,7.310798528457034,False,YGG/USDT
1724558400000,SHORT,6.9897688430565905,0.39906022839992594,7.33976884305659,True,ORDI/USDT
1724558400000,SHORT,7.2776629949389555,0.5473992261814925,7.627662994938955,True,GRT/USDT
1724558400000,SHORT,7.517821762160836,0.718788179287338,7.867821762160836,False,SSV/USDT
1724558400000,SHORT,7.584844878700569,-0.15899593265145795,7.934844878700568,False,MAV/USDT
1724558400000,SHORT,7.691601941747571,1.0187429366728078,8.04160194174757,True,GALA/USDT
1724558400000,SHORT,7.7556484842538875,0.5785855605607375,8.105648484253887,False,ID/USDT
1724558400000,SHORT,8.196403946924885,-1.5796164978909635,8.546403946924885,True,PENDLE/USDT
1724558400000,SHORT,8.801833436917327,0.6717015820528455,9.151833436917327,True,NEAR/USDT
1724558400000,SHORT,9.133922134102363,0.045632444756818165,9.483922134102363,False,ARPA/USDT
1724558400000,SHORT,10.220364466538776,2.2055508640823445,10.570364466538775,True,TRB/USDT
1724572800000,SHORT,6.423245716967827,1.2993893632632896,6.773245716967827,False,CYBER/USDT
1724572800000,SHORT,6.475302054289625,1.625475420756087,6.825302054289625,False,EGLD/USDT
1724572800000,SHORT,7.000411071526439,0.07971146041203322,7.350411071526438,True,APE/USDT
1724572800000,SHORT,7.6455480378890375,1.8461196152691863,7.995548037889037,True,PEOPLE/USDT
1724572800000,SHORT,7.831719183150545,0.6280399804332304,8.181719183150545,True,1000PEPE/USDT
1724587200000,SHORT,5.764372886946473,-0.1588613931537378,6.114372886946473,False,MAV/USDT
1724644800000,SHORT,6.683714453239501,0.8057952005829662,7.033714453239501,False,LQTY/USDT
1724832000000,LONG,-5.263871351995233,1.2780336225118656,4.913871351995233,False,STEEM/USDT
1724832000000,LONG,-2.1370315288518715,1.4639048958652965,5.5785841760856725,True,ETH/USDT
1725264000000,LONG,-7.013996541152421,0.3245619904128226,6.663996541152422,True,CFX/USDT
1725264000000,LONG,-4.885620915032671,0.648320269062916,4.535620915032672,True,ALGO/USDT
1725264000000,LONG,-4.776926229508195,-0.4105848756617858,4.4269262295081955,True,SAND/USDT
1725278400000,LONG,-5.653584743332389,1.3494276906517086,5.303584743332389,True,FIL/USDT
1725321600000,LONG,-6.477488309953237,3.4444868812650156,6.127488309953238,True,ZEC/USDT
1725451200000,LONG,-7.139530242554501,1.4801028557805451,6.789530242554501,True,ADA/USDT
1725465600000,LONG,-5.801943395018251,-0.45827236041101854,5.451943395018251,False,KAS/USDT
1725681600000,LONG,0.36792934063858407,1.45626714345909,5.423446060835058,True,XRP/USDT
1725681600000,LONG,0.9134631317315659,0.15041670252085107,5.049585749792873,False,YFI/USDT
1725681600000,LONG,1.9844687214422136,0.732592405466194,6.273638736702186,True,ETH/USDT
1725681600000,LONG,4.389458811440315,-0.5603899496595381,4.739458811440315,False,QNT/USDT
1725681600000,LONG,4.805016057037835,0.9770871049375461,5.155016057037835,True,BNB/USDT
1725681600000,LONG,5.727753929467686,1.0820130210648424,6.0777539294676854,True,BCH/USDT
1725681600000,LONG,6.610040241448686,0.2920052686218282,6.960040241448685,True,LINK/USDT
1725681600000,LONG,6.9167270094134725,-0.04596813178644125,7.266727009413472,False,EGLD/USDT
1725969600000,SHORT,5.617152837357507,0.9438392104435828,5.9671528373575065,True,APE/USDT
1725998400000,SHORT,4.030779910660367,0.08848148767496967,4.380779910660366,True,APE/USDT
1726012800000,SHORT,-6.172632690953309,-0.7775619865119919,5.822632690953309,True,STX/USDT
1726012800000,SHORT,0.2881213706847048,2.1957495910231493,4.62024120987812,True,OP/USDT
1726056000000,SHORT,-3.368489641345513,-1.671380566249172,6.355090220539069,False,MTL/USDT
1726142400000,SHORT,6.0337704918032715,-0.008646373201658987,6.383770491803271,True,PENDLE/USDT
1726171200000,SHORT,5.751124054772113,-0.00862766091391975,6.101124054772113,True,PENDLE/USDT
1726214400000,SHORT,-12.03489681050655,-1.8222350377589989,11.684896810506551,False,BIGTIME/USDT
1726228800000,SHORT,-5.217926356589136,-0.5968095229592711,4.867926356589137,False,TWT/USDT
1726300800000,SHORT,3.4195457930007427,1.606137497467536,11.493196202531632,False,COTI/USDT
1726300800000,SHORT,5.72841899167889,-0.686400394930935,6.078418991678889,True,JASMY/USDT
1726430400000,SHORT,-6.883333333333326,-1.6636930654405244,6.533333333333326,False,STG/USDT
1726430400000,SHORT,-4.8472359481161185,-0.8916564166955792,4.497235948116119,True,THETA/USDT
1726430400000,SHORT,6.158459725032833,-2.0112864295154136,6.508459725032832,True,TIA/USDT
1726459200000,SHORT,-11.52535895950036,-0.6169959838118383,11.175358959500361,False,CKB/USDT
1726761600000,SHORT,7.7881305390817595,-0.656202898713569,8.138130539081759,True,TIA/USDT
1726790400000,SHORT,4.585930793324602,-0.6530407658673907,4.9359307933246015,True,TIA/USDT
1726804800000,SHORT,-3.214689150751716,-0.5023200317071591,5.557496952458337,False,KNC/USDT
1726819200000,SHORT,-6.069921104536494,-0.7663292367957695,9.20236686390533,True,CELO/USDT
1726819200000,SHORT,-0.2974651956921518,,7.650591016548458,False,KAVA/USDT
1726848000000,SHORT,-5.803754940711453,-0.7183988645541545,5.453754940711454,True,CELO/USDT
1726905600000,SHORT,7.68616552399609,-0.35296485174273656,8.03616552399609,False,GAS/USDT
1726934400000,SHORT,-1.104527162977868,-0.7480881937498132,9.684205231388313,False,ONT/USDT
1726934400000,SHORT,6.872284325637903,-0.35339225841593175,7.222284325637903,False,GAS/USDT
1726963200000,SHORT,-6.648470097357432,-0.5510567487480543,6.298470097357432,True,APT/USDT
1726963200000,SHORT,-4.803305486798668,-1.3173554901508855,4.453305486798668,False,CAKE/USDT
1726963200000,SHORT,-2.706557377049177,-0.7432546146720538,11.707069672131128,False,ONT/USDT
1726963200000,SHORT,-0.968716163959784,-0.3529749643158424,9.169012632121676,False,GAS/USDT
1726977600000,SHORT,-1.6191302724897194,-0.5673525637261907,7.357316162747267,False,MTL/USDT
1726977600000,SHORT,10.541679999999982,,10.891679999999981,False,ARK/USDT
1726992000000,SHORT,-4.836048850394079,-0.21198265118843396,4.486048850394079,True,APT/USDT
1727006400000,SHORT,-8.823858133592898,0.4589452663015285,8.473858133592898,True,PENDLE/USDT
1727006400000,SHORT,-5.526869027543559,0.11941107337664024,5.176869027543559,False,ROSE/USDT
1727035200000,SHORT,5.116560626452942,0.4599356328867558,5.466560626452941,True,PENDLE/USDT
1727136000000,SHORT,-3.352230228169497,0.6057756445448823,7.085320523817683,True,IMX/USDT
1727136000000,SHORT,-0.48675823522415845,-0.8854588437164285,6.508366036389572,True,AAVE/USDT
1727179200000,SHORT,-8.53821693598722,-1.6025491689438325,8.18821693598722,True,ARKM/USDT
1727179200000,SHORT,0.7075554199715338,-0.8353491940077954,4.563310961968668,True,COMP/USDT
1727236800000,SHORT,-10.43903903903902,0.1701236148944452,10.08903903903902,True,CFX/USDT
1727236800000,SHORT,-5.543204090328073,-0.25079675192257306,5.193204090328074,False,AGLD/USDT
1727236800000,SHORT,-5.4858632836149415,-0.6293605897040313,5.135863283614942,True,GRT/USDT
1727265600000,SHORT,-6.862049670397042,-0.2736036584328608,6.512049670397042,True,CHZ/USDT
1727294400000,SHORT,-6.534839400428252,0.4345959437015442,6.1848394004282525,False,BLUR/USDT
1727294400000,SHORT,-5.835015920584366,-0.48363832881778257,5.485015920584367,False,MINA/USDT
1727294400000,SHORT,-5.3890377412849055,-0.604478410980172,5.039037741284906,False,ZRX/USDT
1727308800000,SHORT,-7.045489891135299,-0.6614183139420936,6.695489891135299,True,CELO/USDT
1727337600000,SHORT,5.0499999999999865,-0.6532344300393605,5.399999999999986,True,CELO/USDT
1727366400000,SHORT,-7.0654446177846975,-0.6484564183841841,6.715444617784698,True,CELO/USDT
1727380800000,SHORT,-8.734904853538577,0.8413728463606188,8.384904853538577,True,SEI/USDT
1727380800000,SHORT,5.523605947955388,0.6489813002391104,7.608104089219323,True,RUNE/USDT
1727380800000,SHORT,7.138939140694139,-0.1551255940474195,7.488939140694138,True,WLD/USDT
1727395200000,SHORT,1.951141511143319,-1.4054352202676963,6.715274506251117,True,NEAR/USDT
1727452800000,SHORT,3.6536926147704523,0.8436834851936607,4.003692614770452,True,ADA/USDT
1727496000000,SHORT,-8.43304544246611,-1.1316788961603148,8.08304544246611,True,1000BONK/USDT
1727496000000,SHORT,-5.515974388441955,0.46015980159205744,5.165974388441955,True,DOGE/USDT
1727496000000,SHORT,-5.449043062200936,-0.6115166392315093,5.099043062200936,False,HIGH/USDT
1727496000000,SHORT,4.439454110771665,0.5592437892765902,4.789454110771665,True,UNI/USDT
1727496000000,SHORT,4.508292249555774,1.3269455496632707,4.858292249555774,True,ORDI/USDT
1727496000000,SHORT,4.875860951675602,0.5884339804301137,5.225860951675601,False,CAKE/USDT
1727496000000,SHORT,4.915499691548417,0.6746684025401012,5.265499691548417,True,ARB/USDT
1727496000000,SHORT,4.9542276899042985,,5.304227689904298,False,TWT/USDT
1727496000000,SHORT,5.639841688654331,1.3678977348899624,5.989841688654331,False,1INCH/USDT
1727496000000,SHORT,5.785887207702869,-0.45866121947708466,6.1358872077028686,False,RSR/USDT
1727496000000,SHORT,6.451113580745824,-0.9693956047613775,6.801113580745824,False,ILV/USDT
1727496000000,SHORT,6.605401910067627,-0.15099688225683694,6.955401910067627,True,ENS/USDT
1727496000000,SHORT,7.549967479674791,-1.1059711223302133,7.899967479674791,True,MEME/USDT
1727496000000,SHORT,7.875721058870006,-0.9487874259931528,8.225721058870006,False,YGG/USDT
1727496000000,SHORT,7.906708975521301,-0.832737831380336,8.2567089755213,False,SKL/USDT
1727496000000,SHORT,11.163450292397638,1.0989581770907528,11.513450292397637,False,BIGTIME/USDT
1727510400000,SHORT,-5.630478908042579,0.3775817542259159,5.280478908042579,False,ENJ/USDT
1727524800000,SHORT,7.402703013572565,-0.8212665707844232,7.752703013572565,False,SKL/USDT
1727524800000,SHORT,8.197414113853405,-0.1147831173078988,8.547414113853405,True,PEOPLE/USDT
1727524800000,SHORT,11.401792608935446,1.09689475101713,11.751792608935446,False,BIGTIME/USDT
1727582400000,SHORT,-7.319466237942109,-0.06729102909428201,6.969466237942109,True,1000BONK/USDT
1727582400000,SHORT,4.609744282083844,0.5795531904890439,4.959744282083844,True,DOGE/USDT
1727582400000,SHORT,7.731896551724134,0.13145976692040204,8.081896551724133,False,NMR/USDT
1727611200000,SHORT,7.450473878871923,0.33945738554931204,7.800473878871923,True,SUSHI/USDT
1727625600000,SHORT,11.27550771730301,-3.2962894019809252,11.625507717303009,False,ARK/USDT
1727640000000,SHORT,3.844993761696807,-0.37794110049866303,4.194993761696807,True,XRP/USDT
1727654400000,SHORT,5.72365422396856,-3.3212315057678303,6.07365422396856,False,ARK/USDT
1727683200000,SHORT,3.946713764089521,0.5305192319015163,4.296713764089521,True,XRP/USDT
1727827200000,LONG,-7.137559002022936,1.1307850117174705,6.787559002022936,True,XMR/USDT
1727841600000,LONG,-7.929027921406407,-1.6572041904443524,7.579027921406407,True,RUNE/USDT
1727841600000,LONG,-6.835343156262126,1.1088353361964622,6.485343156262126,False,ZEN/USDT
1727841600000,LONG,-6.744222884830412,0.09409314608333234,6.394222884830413,False,ANKR/USDT
1727841600000,LONG,-6.640682148040641,,6.290682148040641,False,KAVA/USDT
1727841600000,LONG,-6.390617412417626,0.5495948394819197,6.040617412417626,True,MANA/USDT
1727841600000,LONG,-5.343398328690794,0.9410888829243489,4.993398328690795,True,ADA/USDT
1727841600000,LONG,-4.547853284048911,,4.197853284048912,False,SFP/USDT
1727841600000,LONG,-3.259283258397259,-0.32524585326646943,8.480884686590844,False,KAS/USDT
1727971200000,LONG,4.897213644020205,-0.5205537421156028,5.247213644020205,True,XMR/USDT
1728360000000,SHORT,9.208306041215282,1.3080852926890956,9.558306041215282,True,SUI/USDT
1728475200000,SHORT,-7.950316455696205,-1.9306126143436018,7.6003164556962055,False,GAS/USDT
1728504000000,SHORT,-10.03868087557601,-1.3104603959985752,9.68868087557601,True,CHZ/USDT
1728662400000,SHORT,-4.902689532970503,0.20605777750014603,4.552689532970503,True,UNI/USDT
1728734400000,SHORT,-5.479578675838327,-0.7821248445424263,5.129578675838327,True,ZEC/USDT
1728979200000,SHORT,-7.4859576968272465,-0.791348209272093,7.135957696827247,True,PEOPLE/USDT
1728993600000,SHORT,-3.1600195134845164,1.1903620907262367,4.829637173576715,True,ETH/USDT
1728993600000,SHORT,1.569658727337368,,11.540517241379296,False,TWT/USDT
1729036800000,SHORT,-3.7510018455048932,0.4780648678088878,6.725757975217511,False,AGLD/USDT
1729065600000,SHORT,-6.041900972590615,1.172450065236998,5.691900972590616,False,AGLD/USDT
1729080000000,SHORT,-5.184306151645194,-0.5260223693347195,4.834306151645194,True,LTC/USDT
1729137600000,SHORT,-11.999363507779343,,11.649363507779343,False,STORJ/USDT
1729137600000,SHORT,-7.267613310384399,-2.3093148974000806,6.917613310384399,True,DOGE/USDT
1729152000000,SHORT,-9.771328731665209,-0.7583846701597474,9.42132873166521,False,ARK/USDT
1729353600000,SHORT,-5.520670570592007,0.25833826027490464,5.170670570592008,True,DOGE/USDT
1729382400000,SHORT,-4.553276020660839,0.7200678529915023,4.203276020660839,True,DOGE/USDT
1729425600000,SHORT,9.416295264623963,-0.3981881899252729,9.766295264623963,False,ARK/USDT
1729454400000,SHORT,9.710187134502917,0.6827363792315241,10.060187134502916,False,MAGIC/USDT
1729483200000,SHORT,4.2145368171021325,0.975585495138732,4.564536817102132,False,MAGIC/USDT
1729483200000,SHORT,4.364180929095326,0.58050741573615,4.714180929095326,False,ALICE/USDT
1729483200000,SHORT,4.805563583815023,-0.0631116936017826,5.155563583815023,False,AGLD/USDT
1729483200000,SHORT,9.608518518518508,-5.882154793033931,9.958518518518508,True,DYDX/USDT
1729497600000,SHORT,4.059032576505424,-3.599824264441732,4.409032576505424,False,ONT/USDT
1729497600000,SHORT,9.894759206798856,-0.35592081974087747,10.244759206798856,False,WOO/USDT
1729512000000,SHORT,-4.635068940493452,0.9240382913766745,4.285068940493453,True,SOL/USDT
1729512000000,SHORT,2.7390199382196037,0.7271391230489546,9.313198539736007,False,ZRX/USDT
1729512000000,SHORT,4.663023183444838,1.1291115413239177,5.0130231834448375,False,CAKE/USDT
1729512000000,SHORT,6.0727309236947615,-5.865873812499851,6.422730923694761,True,DYDX/USDT
1729526400000,SHORT,9.304037529981636,-0.35410832378629503,9.654037529981636,False,WOO/USDT
1729540800000,SHORT,7.436554621848736,0.3084033401464151,7.786554621848736,False,MINA/USDT
1729555200000,SHORT,6.909671556536404,,7.259671556536404,True,APE/USDT
1729771200000,LONG,-6.196592489568829,-0.1126297631733959,5.846592489568829,True,CELO/USDT
1729915200000,LONG,1.5955252918287957,-0.8159813690247211,5.769922178988327,True,XRP/USDT
1729929600000,LONG,-1.9202853691680626,-3.2497295910701034,10.02462630227994,False,CKB/USDT
1729972800000,LONG,5.520775482560114,,5.870775482560114,False,KAS/USDT
1730044800000,LONG,7.219209197980907,1.3158146691801687,7.569209197980907,True,ZEC/USDT
1730275200000,SHORT,5.793181547972879,0.0569032514203422,6.143181547972879,True,DOGE/USDT
1730678400000,LONG,-6.222817764165378,-1.8822846301078164,5.8728177641653785,True,SNX/USDT
1730764800000,LONG,4.887040181097898,1.853046852010269,5.237040181097898,False,GAS/USDT
1730764800000,LONG,7.112422288740508,0.11630954570085648,7.462422288740508,False,ARK/USDT
1730808000000,LONG,9.632710779082164,1.6000984063126238,9.982710779082163,True,RUNE/USDT
1730966400000,SHORT,7.634966153388364,,7.984966153388363,True,LDO/USDT
1731024000000,SHORT,-7.175313461083499,1.1696821742006898,6.8253134610835,True,ZEC/USDT
1731038400000,SHORT,-8.59052604030357,-0.37532058177150424,8.240526040303571,False,ROSE/USDT
1731067200000,SHORT,-7.523303888534714,1.460254673940331,7.173303888534714,True,ARKM/USDT
1731110400000,SHORT,-7.439323098394969,,7.08932309839497,True,ADA/USDT
1731139200000,SHORT,-6.273047830923234,1.1730183727597712,5.923047830923235,True,ZEC/USDT
1731182400000,SHORT,5.989510585647493,,6.339510585647493,False,STG/USDT
1731211200000,SHORT,8.683017241379307,,9.033017241379307,False,STG/USDT
1731254400000,SHORT,5.486518486090647,2.2054737059207463,5.836518486090647,True,INJ/USDT
1731268800000,SHORT,-10.292866126876808,0.6947510143313803,9.942866126876808,True,1000BONK/USDT
1731268800000,SHORT,-6.839512896927332,,6.489512896927333,False,KSM/USDT
1731268800000,SHORT,-6.635341644979726,,6.285341644979726,False,ENJ/USDT
1731268800000,SHORT,-5.845567255434772,-0.2628967788613823,5.495567255434772,True,XRP/USDT
1731268800000,SHORT,-5.843835356600886,1.5031710073784372,5.493835356600886,True,ATOM/USDT
1731268800000,SHORT,-5.713400148478096,1.7196098354728673,5.363400148478096,False,IOTA/USDT
1731268800000,SHORT,-5.294889298892981,,4.944889298892981,True,XLM/USDT
1731268800000,SHORT,-4.552272727272703,1.741165266883111,4.202272727272703,False,DASH/USDT
1731283200000,SHORT,10.274999999999995,,10.624999999999995,True,ADA/USDT
1731297600000,SHORT,-9.85681064225052,-0.32850082899822747,9.506810642250521,True,1000PEPE/USDT
1731297600000,SHORT,-9.188418079096028,0.7670391561729577,8.838418079096028,False,LQTY/USDT
1731297600000,SHORT,-8.860999999999988,0.38470408813536683,8.510999999999989,False,LPT/USDT
1731297600000,SHORT,-8.544529712711524,1.384293986071028,8.194529712711525,True,DOT/USDT
1731297600000,SHORT,-7.897625564527157,-0.6011168917908822,7.5476255645271575,False,HFT/USDT
1731297600000,SHORT,-7.862214788888371,-0.3941095567655311,7.512214788888372,True,ETC/USDT
1731297600000,SHORT,-7.527714285714261,-0.2609300563754292,7.177714285714261,True,XRP/USDT
1731297600000,SHORT,-7.1723584547181565,0.23267563245907422,6.822358454718157,False,ILV/USDT
1731297600000,SHORT,-6.996227633277981,2.4356553243228594,6.646227633277982,True,AXS/USDT
1731297600000,SHORT,-6.972342733188698,,6.622342733188698,True,AVAX/USDT
1731297600000,SHORT,-6.918047933699161,1.2833230285019377,6.5680479336991615,True,ICP/USDT
1731297600000,SHORT,-6.904416961130722,1.5935065186509723,6.554416961130722,True,SAND/USDT
1731297600000,SHORT,-6.704035928143689,2.8376858087738954,6.35403592814369,True,FIL/USDT
1731297600000,SHORT,-6.568006103763977,-0.11377048057510428,6.218006103763978,False,BSV/USDT
1731297600000,SHORT,-6.483312401883818,1.6351597616212923,6.133312401883819,True,APT/USDT
1731297600000,SHORT,-6.383528765115427,0.6334652572053476,6.0335287651154275,True,HBAR/USDT
1731297600000,SHORT,-6.382028469750871,-0.017797268630700667,6.0320284697508715,True,BCH/USDT
1731297600000,SHORT,-5.135020122223869,0.15950700865180661,4.7850201222238695,False,QNT/USDT
1731297600000,SHORT,4.58189806678383,0.13656711252383077,8.419628734622139,False,ZEN/USDT
1731297600000,SHORT,8.206295779560499,-0.9799107304204637,8.556295779560498,False,API3/USDT
1731297600000,SHORT,8.266139962658178,2.4620703742995977,8.616139962658178,False,CKB/USDT
1731297600000,SHORT,8.482196384776067,-1.7391779896122643,8.832196384776067,False,SSV/USDT
1731297600000,SHORT,10.97219918400105,,11.32219918400105,False,HIGH/USDT
1731312000000,SHORT,5.571836228287827,,5.921836228287827,False,YFI/USDT
1731326400000,SHORT,-6.983741753063132,,6.633741753063132,False,HIGH/USDT
1731326400000,SHORT,-6.412182308903368,0.40622046734013406,6.062182308903369,True,1000PEPE/USDT
1731326400000,SHORT,-5.599103476594571,1.5429840959009855,5.249103476594572,True,SAND/USDT
1731326400000,SHORT,8.782416842914799,1.2532246899190342,9.132416842914798,False,KNC/USDT
1731340800000,SHORT,6.183676092544975,,6.533676092544975,False,YFI/USDT
1731398400000,SHORT,-11.49428626394765,,11.14428626394765,True,NEAR/USDT
1731398400000,SHORT,-10.749652777777781,,10.399652777777781,False,IOTA/USDT
1731398400000,SHORT,-9.730360685302067,4.602983350176999,9.380360685302067,True,HBAR/USDT
1731398400000,SHORT,-9.580365448504969,,9.230365448504969,True,ALGO/USDT
1731398400000,SHORT,-9.32647058823529,1.053669683625899,8.97647058823529,True,GMT/USDT
1731398400000,SHORT,-8.844268172447773,,8.494268172447773,False,ACH/USDT
1731398400000,SHORT,-8.760066006600649,3.7524060144881854,8.41006600660065,True,FLOW/USDT
1731398400000,SHORT,-8.656098165592452,,8.306098165592452,False,ONT/USDT
1731398400000,SHORT,-8.495945083014053,-0.10326500179159324,8.145945083014054,False,MINA/USDT
1731398400000,SHORT,-7.8333777481678535,1.688210821185968,7.483377748167854,False,ANKR/USDT
1731398400000,SHORT,-6.856463086666089,,10.724169341545931,True,NEO/USDT
1731398400000,SHORT,-6.26367157441132,4.399144905658204,5.91367157441132,False,STEEM/USDT
1731398400000,SHORT,-6.184201518083058,0.6511301615516133,10.704688197648462,True,CHZ/USDT
1731398400000,SHORT,-3.943380614657208,0.8303303849320227,7.029347517730489,True,SOL/USDT
1731398400000,SHORT,-3.168905952298976,2.0908188662969427,11.51965658930743,True,BCH/USDT
1731398400000,SHORT,7.260802307288918,,7.6108023072889175,False,BAT/USDT
1731398400000,SHORT,7.790161725067371,,8.14016172506737,False,1INCH/USDT
1731398400000,SHORT,7.833395712827469,0.11634772590101315,8.183395712827469,False,RLC/USDT
1731398400000,SHORT,8.37427070395111,1.5111875317867673,8.72427070395111,True,SAND/USDT
1731398400000,SHORT,8.650175131348492,4.033699530507633,9.000175131348492,True,GRT/USDT
1731398400000,SHORT,8.67092720163841,1.5141518888166312,9.02092720163841,True,ATOM/USDT
1731398400000,SHORT,8.775964149918511,0.22826675065923707,9.125964149918511,False,ZRX/USDT
1731398400000,SHORT,8.776399999999981,6.160618812504659,9.12639999999998,True,DOT/USDT
1731398400000,SHORT,8.957296538821318,4.696422985621512,9.307296538821317,True,FIL/USDT
1731398400000,SHORT,9.04162722970512,2.5035000770477596,9.39162722970512,True,AXS/USDT
1731398400000,SHORT,9.087706832781775,,9.437706832781775,True,COMP/USDT
1731398400000,SHORT,9.258919475873848,0.7616782964405145,9.608919475873847,False,BLUR/USDT
1731398400000,SHORT,9.421484918793485,3.2386030464109985,9.771484918793485,True,AVAX/USDT
1731398400000,SHORT,9.704172613949943,3.2419962850322332,10.054172613949943,False,EGLD/USDT
1731398400000,SHORT,9.870224106889015,0.22020330898709564,10.220224106889015,False,ILV/USDT
1731398400000,SHORT,10.3101157165892,,10.6601157165892,False,COTI/USDT
1731398400000,SHORT,10.535614969306991,1.3173073307228826,10.88561496930699,True,VET/USDT
1731398400000,SHORT,10.5778145695364,0.8607120571951118,10.9278145695364,False,ONE/USDT
1731398400000,SHORT,10.659223099293717,1.2836961117266998,11.009223099293717,True,OP/USDT
1731398400000,SHORT,10.758929182346895,1.6684605253542018,11.108929182346895,True,THETA/USDT
1731398400000,SHORT,10.826085863663758,2.371963266798598,11.176085863663758,False,DUSK/USDT
1731398400000,SHORT,10.968497590161187,2.363753370373967,11.318497590161186,True,RUNE/USDT
1731412800000,SHORT,-4.596958858710895,2.2480549290915386,4.2469588587108955,True,BTC/USDT
1731412800000,SHORT,10.031445154323771,-1.3503579461930724,10.381445154323771,False,MTL/USDT
1731412800000,SHORT,10.35396403759706,1.4462496323289598,10.703964037597059,True,APT/USDT
1731427200000,SHORT,-11.71282734132266,2.1758261732747277,11.36282734132266,False,GAS/USDT
1731427200000,SHORT,10.097366424465237,,10.447366424465237,True,AVAX/USDT
1731441600000,SHORT,6.896867351933414,,7.246867351933414,False,KAVA/USDT
1731441600000,SHORT,6.90856588520614,1.4503601980785772,7.258565885206139,True,APT/USDT
1731456000000,SHORT,-11.811135240377412,2.666873443516717,11.461135240377413,True,XRP/USDT
1731456000000,SHORT,-11.603381869422256,,11.253381869422256,True,XLM/USDT
1731456000000,SHORT,-8.634163581285755,,8.284163581285755,True,TRX/USDT
1731456000000,SHORT,7.876137401790594,-1.3439622752318092,8.226137401790593,False,MTL/USDT
1731470400000,SHORT,-10.965235926494715,,10.615235926494716,True,DOGE/USDT
1731484800000,SHORT,-10.312470449172574,2.524085008877038,9.962470449172574,True,XRP/USDT
1731484800000,SHORT,-10.118183110605619,,9.76818311060562,True,TRX/USDT
1731513600000,SHORT,-9.78902677988243,,9.43902677988243,True,XLM/USDT
1731542400000,SHORT,-12.06760546782937,,11.71760546782937,True,1000BONK/USDT
1731600000000,SHORT,9.546448545117736,,9.896448545117735,True,1000PEPE/USDT
1731628800000,SHORT,-11.764998224305698,,11.414998224305698,True,1000PEPE/USDT
1731657600000,SHORT,-5.638388110928689,,5.28838811092869,True,1000PEPE/USDT
1731758400000,SHORT,1.9464867180805543,1.1715272305673923,9.857292202227926,True,NEAR/USDT
1731787200000,SHORT,-12.072064056939473,5.958303045611278,11.722064056939473,True,ALGO/USDT
1731787200000,SHORT,7.402109598251801,1.4982061702127683,7.752109598251801,True,NEAR/USDT
1731801600000,SHORT,-7.2426422498364875,1.7919853002764639,6.892642249836488,False,QTUM/USDT
1731801600000,SHORT,-5.589773716275002,1.6319529447978285,5.239773716275002,True,TRX/USDT
1731801600000,SHORT,8.454486967997347,3.1711092683312487,8.804486967997347,True,LTC/USDT
1731830400000,SHORT,-5.349464524765709,1.6036837763989433,4.99946452476571,True,TRX/USDT
1731844800000,SHORT,-11.579802331474896,,11.229802331474897,False,QNT/USDT
1731844800000,SHORT,-7.857527616444587,3.6823204207803744,7.507527616444587,True,HBAR/USDT
1731844800000,SHORT,-7.713901179940987,11.942276193048654,7.363901179940988,True,XRP/USDT
1731859200000,SHORT,-9.270429211376165,4.140269333683836,8.920429211376165,True,XLM/USDT
1731873600000,SHORT,-11.496265328874014,0.5315823218038626,11.146265328874014,False,KAVA/USDT
1731873600000,SHORT,-9.529639810426538,11.59829383074244,9.179639810426538,True,XRP/USDT
1731945600000,SHORT,-9.451313342631318,,9.101313342631318,False,QNT/USDT
1731960000000,SHORT,-11.071959109730845,5.883404128387677,10.721959109730845,True,XLM/USDT
1731988800000,SHORT,-9.876999295402491,5.860819291407183,9.526999295402492,True,XLM/USDT
1732060800000,SHORT,-12.193478260869554,2.153127370010403,11.843478260869555,True,CRV/USDT
1732060800000,SHORT,-11.709029178432159,-0.807721492599194,11.35902917843216,True,GRT/USDT
1732147200000,SHORT,-9.462754444730733,4.651130199267024,9.112754444730733,True,ADA/USDT
1732377600000,SHORT,5.889684854186254,1.4033309211667133,6.239684854186254,True,TRX/USDT
1732377600000,SHORT,8.108503217067378,3.6972196679295606,8.458503217067378,True,XRP/USDT
1732377600000,SHORT,11.03420137256744,0.8814683196497436,11.38420137256744,True,VET/USDT
1732392000000,SHORT,-11.535544995893458,0.776637277114521,11.185544995893459,True,DOT/USDT
1732392000000,SHORT,8.74727033393375,-1.8425905769742073,9.09727033393375,False,COTI/USDT
1732406400000,SHORT,4.464873079957308,1.3812402399585249,4.814873079957308,True,TRX/USDT
1732406400000,SHORT,7.592099192618208,0.2466124457925573,7.942099192618207,True,DOGE/USDT
1732406400000,SHORT,7.731756959339455,0.8681377109027649,8.081756959339454,True,VET/USDT
1732420800000,SHORT,7.311784975878681,-1.8387916287633057,7.661784975878681,False,COTI/USDT
1732435200000,SHORT,-11.49942948425376,,11.14942948425376,True,COMP/USDT
1732435200000,SHORT,-11.230168776371297,1.6991595739400944,10.880168776371297,False,SKL/USDT
1732435200000,SHORT,-10.964075572623766,-0.43610142183432127,10.614075572623767,False,BLUR/USDT
1732435200000,SHORT,-10.890622737146975,0.8609871817022141,10.540622737146975,False,STORJ/USDT
1732435200000,SHORT,-10.728758230262736,-1.1295578253710592,10.378758230262736,True,IMX/USDT
1732435200000,SHORT,-10.705349620893001,0.7324495874816991,10.355349620893001,False,CHR/USDT
1732435200000,SHORT,-10.57680058794706,0.3474914763142043,10.22680058794706,True,SNX/USDT
1732435200000,SHORT,-10.535831622176595,1.1226441427204368,10.185831622176595,True,CRV/USDT
1732435200000,SHORT,-10.521574727773126,-0.07453897040308562,10.171574727773127,True,LINK/USDT
1732435200000,SHORT,-10.421432853717011,1.1936296609302977,10.071432853717011,False,DASH/USDT
1732435200000,SHORT,-10.260992167101808,-0.24872571233772137,9.910992167101808,False,ANKR/USDT
1732435200000,SHORT,-10.07675784674731,1.292637437549938,9.72675784674731,False,STEEM/USDT
1732435200000,SHORT,-9.95546841655994,-0.7568616656973652,9.60546841655994,True,THETA/USDT
1732435200000,SHORT,-9.707153829273615,1.1373090521296008,9.357153829273615,False,EGLD/USDT
1732435200000,SHORT,-9.308139534883717,1.3989369081710952,8.958139534883717,False,BAT/USDT
1732435200000,SHORT,-9.093712574850287,-1.1180470087010417,8.743712574850287,False,UMA/USDT
1732435200000,SHORT,-9.081999999999972,-0.8052384684445024,8.731999999999973,True,DYDX/USDT
1732435200000,SHORT,-8.657809780028474,1.1659854897084072,8.307809780028474,False,LQTY/USDT
1732435200000,SHORT,-8.240128305839212,0.676783997555051,7.8901283058392115,False,1INCH/USDT
1732435200000,SHORT,-8.091393349920802,1.311285556247509,7.741393349920801,False,NMR/USDT
1732435200000,SHORT,-7.869537275064243,1.8161117267326004,7.519537275064243,False,IOST/USDT
1732435200000,SHORT,-2.926664852113944,1.7277083248424134,11.765977136635806,True,FIL/USDT
1732435200000,SHORT,-1.8601136048766969,0.9050576133904156,11.847423108894413,True,NEO/USDT
1732435200000,SHORT,-1.6041102699395862,1.7037910855732783,10.777158369656625,True,APE/USDT
1732435200000,SHORT,0.25662852633655997,1.5628476640047269,8.630301834681388,True,GMT/USDT
1732435200000,SHORT,6.916946107784425,-0.20554264280142442,7.266946107784425,False,RVN/USDT
1732435200000,SHORT,9.28858549686659,4.3302152623494665,9.63858549686659,True,ADA/USDT
1732435200000,SHORT,9.457054653555895,0.6014244251164462,9.807054653555895,True,ATOM/USDT
1732449600000,SHORT,-11.840730985858416,-1.2641629966299472,11.490730985858416,False,ILV/USDT
1732449600000,SHORT,-11.00011144306918,0.20628547637316758,10.65011144306918,False,HFT/USDT
1732464000000,SHORT,-12.024268863127904,-0.9770743218659993,11.674268863127905,False,CAKE/USDT
1732464000000,SHORT,-1.39853911404336,0.03683899194732699,11.963065504241268,True,DOT/USDT
1732464000000,SHORT,6.144569622305056,1.019853928614325,6.494569622305056,False,SKL/USDT
1732478400000,SHORT,6.5357667210440376,,6.885766721044037,False,ONE/USDT
1732492800000,SHORT,-9.462234152384873,,9.112234152384874,False,KSM/USDT
1732492800000,SHORT,3.8627028356007043,1.0020657584706514,4.212702835600704,False,SKL/USDT
1732507200000,SHORT,-6.74396587598834,,6.39396587598834,False,ONE/USDT
1732521600000,SHORT,10.16539741219961,0.19624067226651357,10.51539741219961,False,MAGIC/USDT
1732550400000,SHORT,-9.41121294410498,1.1195916707855167,9.06121294410498,False,LQTY/USDT
1732564800000,SHORT,-10.76541909457641,0.4625671882640453,10.41541909457641,True,SNX/USDT
1732579200000,SHORT,-11.862233612658963,-1.0541456668542653,11.512233612658964,True,ENS/USDT
1732579200000,SHORT,-11.46129992557677,0.03792580353320551,11.11129992557677,True,LDO/USDT
1732579200000,SHORT,5.228947368421046,-1.127295009685444,5.578947368421046,False,CAKE/USDT
1732608000000,SHORT,-11.984091778202659,0.03784321641820444,11.63409177820266,True,LDO/USDT
1732795200000,SHORT,-12.156133262683783,,11.806133262683783,False,ZEN/USDT
1732795200000,SHORT,-2.489771623748446,1.4259518262403967,10.221514918126095,False,CAKE/USDT
1732924800000,SHORT,-7.7422734026745985,1.0522753649498142,7.392273402674599,True,THETA/USDT
1732939200000,SHORT,-11.464160393574762,1.224280793813166,11.114160393574762,True,HBAR/USDT
1732939200000,SHORT,-10.637994416007437,-0.8418295556799629,10.287994416007438,True,ALGO/USDT
1732968000000,SHORT,-11.3659902549171,1.223835563741588,11.015990254917101,True,HBAR/USDT
1733011200000,SHORT,-8.79756097560974,0.6912221787385852,8.44756097560974,True,APE/USDT
1733011200000,SHORT,-8.356317026590252,-1.1550994055603045,8.006317026590253,True,FIL/USDT
1733011200000,SHORT,-8.249082079496967,-1.7386945923197759,7.899082079496966,False,BLUR/USDT
1733011200000,SHORT,-7.757009089913464,0.527980625558673,7.407009089913465,True,FET/USDT
1733011200000,SHORT,-6.341923207036544,0.25871071873195284,5.991923207036544,False,TWT/USDT
1733011200000,SHORT,-2.1069243489045113,0.9356956795918123,9.636178861788604,True,THETA/USDT
1733025600000,SHORT,-10.252202132591545,0.37224846374221543,9.902202132591546,True,ALGO/USDT
1733025600000,SHORT,4.319442287156587,,4.669442287156587,True,ENS/USDT
1733025600000,SHORT,10.235586621836838,-0.607669261102897,10.585586621836837,True,WLD/USDT
1733040000000,SHORT,-11.438018204897967,2.5456398311422395,11.088018204897967,False,ENJ/USDT
1733040000000,SHORT,-10.844917787742885,1.1813621237422873,10.494917787742885,True,CRV/USDT
1733040000000,SHORT,-7.788111939207933,-1.1469076161195153,7.438111939207934,True,FIL/USDT
1733040000000,SHORT,-7.727626616755589,-1.7286773667548732,7.377626616755589,False,BLUR/USDT
1733040000000,SHORT,-6.609463179628345,0.9270111167819111,9.515450791465915,True,THETA/USDT
1733054400000,SHORT,7.433889133303988,-0.6072973780473626,7.783889133303988,True,WLD/USDT
1733068800000,SHORT,4.371175453759717,0.927041801267566,4.721175453759717,True,THETA/USDT
1733083200000,SHORT,-7.168418913665756,1.5611335652085485,6.818418913665757,False,DUSK/USDT
1733097600000,SHORT,-11.302047020672878,1.5165945117260395,10.952047020672879,True,APE/USDT
1733097600000,SHORT,-5.785864978902934,0.9273027162019861,5.435864978902934,True,THETA/USDT
1733097600000,SHORT,-3.1450119203916835,3.024605174712988,10.952623197129627,True,1000PEPE/USDT
1733112000000,SHORT,-12.313792548051088,-1.8897759064321376,11.963792548051089,False,BLUR/USDT
1733126400000,SHORT,-11.614695340501774,-0.40735624242656837,11.264695340501774,True,LTC/USDT
1733126400000,SHORT,-11.504409286650443,-0.2726965277748646,11.154409286650443,True,NEO/USDT
1733126400000,SHORT,-11.090532979976434,-1.1404310091119534,10.740532979976434,True,FIL/USDT
1733126400000,SHORT,-10.15719018991665,0.8215177829388213,9.80719018991665,False,WOO/USDT
1733126400000,SHORT,-9.873475566821556,2.0352958992982275,9.523475566821556,True,CFX/USDT
1733140800000,SHORT,-9.812560838637195,-0.3066991999808195,9.462560838637195,False,DASH/USDT
1733169600000,SHORT,-9.1824985662397,-0.30041890098267965,8.8324985662397,False,DASH/USDT
1733198400000,SHORT,-8.800247409927305,-0.6422138184483942,8.450247409927305,True,LTC/USDT
1733198400000,SHORT,7.069248826291057,0.6156582837384804,7.4192488262910565,True,LINK/USDT
1733212800000,SHORT,6.67349543256314,-1.5369729896945183,7.02349543256314,True,ZEC/USDT
1733227200000,SHORT,-11.814500079394458,-0.7193917345317443,11.464500079394458,True,NEO/USDT
1733227200000,SHORT,-11.6712819703189,1.1196249910167653,11.3212819703189,False,ONT/USDT
1733227200000,SHORT,-11.365927220578994,-0.8278160838309945,11.015927220578995,True,CHZ/USDT
1733227200000,SHORT,-10.955021473406013,1.366272069405312,10.605021473406014,False,RVN/USDT
1733227200000,SHORT,-10.188845592831829,0.6126608879588571,9.838845592831829,True,LINK/USDT
1733227200000,SHORT,-9.67494887525561,1.0989203732045802,9.324948875255611,True,CELO/USDT
1733227200000,SHORT,-9.633667017913595,0.5770716835746967,9.283667017913595,False,1INCH/USDT
1733227200000,SHORT,-8.815711824251554,0.33963374813412855,8.465711824251555,True,ATOM/USDT
1733227200000,SHORT,-7.015237982476883,-0.6393879354294798,6.665237982476883,True,LTC/USDT
1733227200000,SHORT,-2.6831364441819145,1.0105827933606308,11.526727702303585,False,CHR/USDT
1733227200000,SHORT,-2.2446665553793643,3.0489075475123264,11.258409147817376,True,ADA/USDT
1733241600000,SHORT,-7.942908438061033,0.7125065160543023,7.592908438061033,False,QTUM/USDT
1733241600000,SHORT,-5.400979302680931,-1.5205142265892886,5.050979302680932,True,ZEC/USDT
1733256000000,SHORT,-11.959453302961261,1.580360868364913,11.609453302961262,True,CRV/USDT
1733256000000,SHORT,-9.587911882952707,0.6162648245463592,9.237911882952707,True,LINK/USDT
1733256000000,SHORT,7.484816527015293,1.011692996392193,7.834816527015293,False,CHR/USDT
1733270400000,SHORT,-5.356566708315954,-1.5194094027371183,5.006566708315955,True,ZEC/USDT
1733270400000,SHORT,4.553832779537896,0.8391746628899359,4.903832779537896,True,LTC/USDT
1733270400000,SHORT,10.386433359502385,1.0412175413201388,10.736433359502385,True,HBAR/USDT
1733299200000,SHORT,6.551602301983946,2.3752103486567324,6.901602301983946,True,HBAR/USDT
1733313600000,SHORT,7.273587740384595,1.011377252106862,7.623587740384595,False,CHR/USDT
1733328000000,SHORT,-10.294097053726162,0.8116218204005191,9.944097053726162,False,TWT/USDT
1733328000000,SHORT,4.494281558060044,1.4473733701312246,4.844281558060044,True,VET/USDT
1733328000000,SHORT,5.768982702364457,,11.489773387565348,True,NEO/USDT
1733342400000,SHORT,-9.651743197941817,-1.4911872290184895,9.301743197941818,True,PENDLE/USDT
1733342400000,SHORT,-2.322029379213198,0.6924172982371809,7.8585773216621275,True,ATOM/USDT
1733342400000,SHORT,0.7679605056942777,1.0013085200311111,8.673179396092339,True,AXS/USDT
1733342400000,SHORT,0.8280353410602371,-0.0038342407623633843,11.162815884476522,True,DOT/USDT
1733342400000,SHORT,5.334967190296288,,5.6849671902962875,False,QTUM/USDT
1733342400000,SHORT,6.373707865168546,1.0468037753193513,6.723707865168546,False,ONT/USDT
1733356800000,SHORT,-12.31279069767442,-0.12311696845831344,11.96279069767442,False,ONE/USDT
1733356800000,SHORT,-11.701792521696792,0.524359908476201,11.351792521696792,True,AAVE/USDT
1733356800000,SHORT,-10.76208882865036,2.2007569921284658,10.41208882865036,False,CAKE/USDT
1733356800000,SHORT,-10.690727272727255,-0.7346549537515149,10.340727272727255,True,ICP/USDT
1733356800000,SHORT,-10.351300252089676,2.7080324871264576,10.001300252089676,True,UNI/USDT
1733356800000,SHORT,-9.245449172576821,0.5595874201931811,8.895449172576821,False,1INCH/USDT
1733356800000,SHORT,-9.084206664130006,1.2322353615752253,8.734206664130006,False,GMX/USDT
1733356800000,SHORT,-8.81434577867472,1.3582868414563842,8.464345778674721,True,SNX/USDT
1733356800000,SHORT,-6.0686424501836385,1.9758790415369105,5.718642450183639,True,VET/USDT
1733356800000,SHORT,1.0366534604432323,1.9447100076249333,10.92978828773059,False,KNC/USDT
1733356800000,SHORT,3.6718328066647543,0.8465262867537601,10.932203389830493,False,WOO/USDT
1733356800000,SHORT,3.694750430292593,0.4466945355203044,9.881153184165214,True,FLOW/USDT
1733356800000,SHORT,4.129065238558904,0.37468898045762533,10.35929892891916,True,CELO/USDT
1733371200000,SHORT,-7.016412154866568,0.564231226677199,6.666412154866569,True,CHZ/USDT
1733371200000,SHORT,5.656304793881735,-0.003791184504411652,6.006304793881735,True,DOT/USDT
1733371200000,SHORT,7.6859726997485325,1.9468873801688913,8.035972699748532,True,APE/USDT
1733371200000,SHORT,8.27757382640695,,8.62757382640695,True,TRX/USDT
1733385600000,SHORT,4.489880005581124,0.8455979102747119,4.839880005581124,False,WOO/USDT
1733385600000,SHORT,10.719620785335911,2.1180697415695353,11.06962078533591,True,SAND/USDT
1733400000000,SHORT,-9.023565911654929,,8.67356591165493,True,COMP/USDT
1733428800000,SHORT,-9.931675850607874,,9.581675850607875,True,COMP/USDT
1733428800000,SHORT,-8.475933722667392,0.9650898709123835,8.125933722667392,True,BCH/USDT
1733443200000,SHORT,-6.6644169430977165,,6.314416943097717,False,YFI/USDT
1733457600000,SHORT,-7.862855058783129,,7.5128550587831295,True,COMP/USDT
1733457600000,SHORT,11.245911346717778,3.7954839847158306,11.595911346717777,True,JASMY/USDT
1733472000000,SHORT,-7.697643530419874,,7.347643530419874,False,YFI/USDT
1733472000000,SHORT,6.018571428571421,2.689622491683397,6.36857142857142,False,RLC/USDT
1733486400000,SHORT,4.595324376878191,-0.22359528959168612,4.94532437687819,False,ANKR/USDT
1733486400000,SHORT,9.100320871213931,0.6709399269759944,9.45032087121393,True,SUI/USDT
1733500800000,SHORT,-8.582508491023765,-0.08926996901011638,8.232508491023765,False,LPT/USDT
1733500800000,SHORT,8.141663549930108,3.739348044255186,8.491663549930108,True,JASMY/USDT
1733544000000,SHORT,11.32866565308767,0.2926387159329495,11.67866565308767,False,LPT/USDT
1733544000000,SHORT,11.577773144286903,2.114643514683837,11.927773144286903,True,CRV/USDT
1733572800000,SHORT,8.255649949757927,0.29223778506656317,8.605649949757927,False,LPT/USDT
1733601600000,SHORT,-6.055887230514079,-0.43655271769361315,5.7058872305140795,True,DYDX/USDT
1733659200000,SHORT,3.666466577738244,1.230873941007667,4.016466577738244,False,LQTY/USDT
1733688000000,SHORT,5.774164524421579,1.226991949878332,6.1241645244215785,False,LQTY/USDT
1733702400000,SHORT,8.402352392065326,0.745908356127459,8.752352392065326,False,GMX/USDT
1733832000000,LONG,-4.498531837677331,-1.3642265618585765,4.148531837677331,False,BLUR/USDT
1733832000000,LONG,5.139597354600286,,5.489597354600275,True,TRX/USDT
1733860800000,LONG,-2.6281774580335755,-1.638320624984332,11.537170263788967,True,CELO/USDT
1733860800000,LONG,7.619800252468999,,7.969800252468999,True,TRX/USDT
1733860800000,LONG,8.82062168646152,-1.351958826610415,9.17062168646152,False,BLUR/USDT
1733860800000,LONG,10.197645569620265,1.5399174150126675,10.547645569620265,False,ARK/USDT
1733860800000,LONG,10.298288174278543,-0.9206367687765326,10.648288174278543,False,EGLD/USDT
1733860800000,LONG,10.407958425687417,0.5107200954001256,10.757958425687416,False,POLYX/USDT
1733860800000,LONG,10.425837770122127,0.41960541079944136,10.775837770122127,False,KNC/USDT
1733860800000,LONG,10.700095419847335,0.9822565505176258,11.050095419847345,False,MAV/USDT
1733860800000,LONG,10.820251030348441,2.2069625259777914,11.170251030348451,False,BAT/USDT
1733860800000,LONG,10.843401214019986,1.5028443227510597,11.193401214019975,True,ADA/USDT
1733860800000,LONG,11.259581497797372,0.6117784496517727,11.609581497797361,True,FLOW/USDT
1733875200000,LONG,10.707532573289905,-0.5366621111121842,11.057532573289905,True,AXS/USDT
1733875200000,LONG,10.986092819065558,1.3724865008760327,11.336092819065549,False,SKL/USDT
1733889600000,LONG,5.411804149797575,0.5075428035853898,5.761804149797575,False,POLYX/USDT
1733889600000,LONG,7.52324873978795,1.536651061572773,7.873248739787949,False,ARK/USDT
1733889600000,LONG,7.920633815887156,-0.9163065037590097,8.270633815887155,False,EGLD/USDT
1733889600000,LONG,8.532913108990467,1.4985442250429943,8.882913108990456,True,ADA/USDT
1733889600000,LONG,8.653968253968257,0.4110891600350152,9.003968253968257,True,FLOW/USDT
1733889600000,LONG,8.678360049321832,-1.6207520667507207,9.028360049321831,True,CELO/USDT
1733889600000,LONG,8.985908221797313,2.1987095323702115,9.335908221797323,False,BAT/USDT
1733889600000,LONG,10.674966592427614,1.600087426098532,11.024966592427614,False,DASH/USDT
1733904000000,LONG,5.251054100139521,0.2137886423580651,5.60105410013952,False,BSV/USDT
1733904000000,LONG,5.4342341678939645,-1.3646342973757517,5.784234167893964,False,CKB/USDT
1733904000000,LONG,5.497905875388486,0.6227622829063425,5.847905875388486,False,SFP/USDT
1733904000000,LONG,5.733832620066578,0.8937764947855403,6.083832620066578,True,FIL/USDT
1733904000000,LONG,6.023929747530194,1.2438932256743602,6.373929747530194,False,KAVA/USDT
1733904000000,LONG,6.0522736776081905,3.1771061589229967,6.40227367760819,True,GMT/USDT
1733904000000,LONG,6.084791021671818,1.370577712817429,6.434791021671818,False,RVN/USDT
1733904000000,LONG,6.107776530039302,-1.6228953123768093,6.457776530039301,False,GAS/USDT
1733904000000,LONG,6.11045770331019,-0.3735625436945468,6.4604577033101895,True,THETA/USDT
1733904000000,LONG,6.129344910348734,1.1239777813194998,6.4793449103487335,False,ASTR/USDT
1733904000000,LONG,6.549237204724429,0.0729885423308246,6.899237204724418,True,ATOM/USDT
1733904000000,LONG,6.58259220045879,2.0001339151218334,6.93259220045879,True,SEI/USDT
1733904000000,LONG,6.945915005765111,0.9841722003032211,7.295915005765111,True,MANA/USDT
1733904000000,LONG,6.946986204457025,2.0485078791924622,7.296986204457025,False,ENJ/USDT
1733904000000,LONG,7.084725083698167,-0.2479746413387482,7.434725083698167,True,ETC/USDT
1733904000000,LONG,7.6858707624525735,1.014982000713141,8.03587076245256,False,IOST/USDT
1734595200000,LONG,-10.439859844647076,0.1659817234953198,10.089859844647076,False,QNT/USDT
1734595200000,LONG,-10.020240944630617,2.7349641777820426,9.670240944630617,False,TWT/USDT
1734595200000,LONG,-9.535410719949263,2.074877480077141,9.185410719949264,False,STG/USDT
1734595200000,LONG,-9.463165121867483,-0.44174000775658206,9.113165121867484,False,BSV/USDT
1734652800000,LONG,-9.517362722351116,1.9725935955269387,9.167362722351116,False,SFP/USDT
1734696000000,LONG,3.155448638136909,1.3325830761054696,8.37809635611209,True,ETH/USDT
1734696000000,LONG,11.401854694295224,2.08578262890754,11.751854694295224,False,TWT/USDT
1734710400000,LONG,-4.864253411935716,,11.394775094888155,False,KAS/USDT
1734710400000,LONG,3.0361322127040444,-2.311431802354435,9.819601583966383,True,TRX/USDT
1734710400000,LONG,8.457769591426676,3.5456364812297787,11.719089082384444,False,STG/USDT
1734724800000,LONG,1.0448939674696356,,10.09141445336628,True,SOL/USDT
1734739200000,LONG,5.595287974886278,1.5252055551011268,11.861086552629896,False,NMR/USDT
1734811200000,SHORT,5.045464482899164,,5.395464482899164,False,ZEN/USDT
1734840000000,SHORT,-9.16433334610814,,8.81433334610814,False,ZEN/USDT
1735992000000,SHORT,9.647513812154678,1.0301006642343336,9.997513812154677,False,KAVA/USDT
1736020800000,SHORT,-12.182752613240417,0.7415181308043728,11.832752613240418,False,STG/USDT
1736208000000,SHORT,4.374999999999983,1.2327993029444724,4.724999999999983,False,GAS/USDT
1736208000000,SHORT,6.573659206910069,0.43848607838769005,6.923659206910068,False,MTL/USDT
1736208000000,SHORT,7.001695616211737,1.2603236173459442,7.351695616211737,False,ARK/USDT
1736208000000,SHORT,8.586373352855034,1.0635856121704048,8.936373352855034,True,SAND/USDT
1736208000000,SHORT,8.798168128541489,0.8157900420817398,9.148168128541489,True,WLD/USDT
1736208000000,SHORT,11.050678329168134,0.7809266492249369,11.400678329168134,False,STORJ/USDT
1736236800000,SHORT,4.290913674086718,0.638816407396169,4.640913674086717,True,WLD/USDT
1736337600000,LONG,0.4079070106398458,1.9299420152580964,4.920988194140801,False,SFP/USDT
1736352000000,LONG,2.307234060909326,0.11030434424438781,6.243637304805446,False,KAS/USDT
1736496000000,LONG,-10.821156578573454,-0.5232316965254494,10.471156578573455,True,RUNE/USDT
1736524800000,LONG,-11.976367461430566,-0.5141509070875161,11.626367461430567,True,RUNE/USDT
1736784000000,LONG,11.458497733512097,0.4553804006263061,11.808497733512096,True,LDO/USDT
1736798400000,LONG,6.2465219159971435,2.111763513211243,6.596521915997143,True,LTC/USDT
1736798400000,LONG,6.873077910409447,0.641797739779995,7.2230779104094465,False,YFI/USDT
1736798400000,LONG,6.929923381325247,1.260347501903956,7.279923381325247,False,GMX/USDT
1736798400000,LONG,6.955206528018489,-0.6492928072148325,7.305206528018489,True,TRB/USDT
1736798400000,LONG,7.21694754581841,-1.153608063675589,7.56694754581841,True,NEAR/USDT
1736798400000,LONG,7.389297554413109,0.9932124579012537,7.739297554413109,False,ID/USDT
1736798400000,LONG,7.457049430191245,-1.30973679153015,7.8070494301912445,True,ETH/USDT
1736798400000,LONG,7.487129186602853,-0.1385122420405217,7.837129186602863,False,ALICE/USDT
1736798400000,LONG,7.554604291547229,-1.4364328046083632,7.904604291547229,False,BIGTIME/USDT
1736798400000,LONG,7.634040438461976,-1.6679899800887614,7.984040438461975,False,HFT/USDT
1736798400000,LONG,7.651160421649397,-1.2639998577270015,8.001160421649397,False,CAKE/USDT
1736798400000,LONG,7.742415962907764,0.7887039863658966,8.092415962907763,True,AXS/USDT
1736798400000,LONG,7.780358150028194,-0.9207900318839619,8.130358150028194,True,CFX/USDT
1736798400000,LONG,7.846027414646523,0.21160731819164186,8.196027414646522,True,CHZ/USDT
1736798400000,LONG,7.848434535104367,-1.0207300866529767,8.198434535104367,False,SKL/USDT
1736798400000,LONG,7.949826545034046,-0.18338311709570843,8.299826545034046,True,PYTH/USDT
1736798400000,LONG,7.965029709891667,-1.576800244063133,8.315029709891666,False,CYBER/USDT
1736798400000,LONG,8.131205145565328,0.19539574080493252,8.481205145565328,False,KSM/USDT
1736798400000,LONG,8.256186366220492,0.12287142402401915,8.606186366220491,True,LINK/USDT
1736798400000,LONG,8.281860388541315,-0.51871931648488,8.631860388541325,True,AR/USDT
1736798400000,LONG,8.407329917449465,-1.2373804263458688,8.757329917449464,True,ARB/USDT
1736798400000,LONG,8.475764835974948,-1.0511555875066976,8.825764835974937,False,MINA/USDT
1736798400000,LONG,8.790440074906378,-0.9337090378692005,9.140440074906378,False,COTI/USDT
1736798400000,LONG,9.001131346578363,-0.9451427366590102,9.351131346578363,False,ROSE/USDT
1736798400000,LONG,9.914520687760074,-1.0274471128602936,10.264520687760074,True,ARKM/USDT
1736798400000,LONG,10.929839533932956,0.6175751250110021,11.279839533932956,False,RLC/USDT
1736812800000,LONG,7.772871452420688,-0.06780384054593827,8.122871452420688,True,CELO/USDT
1736812800000,LONG,8.27596659592138,-0.6845485705786841,8.62596659592138,False,ACH/USDT
1736812800000,LONG,8.433861502347423,-1.8117297079834647,8.783861502347422,True,SNX/USDT
1736812800000,LONG,8.498458574181125,-0.6029145170607948,8.848458574181125,True,FET/USDT
1736812800000,LONG,9.48415300546448,-0.3058656609917937,9.83415300546448,True,PEOPLE/USDT
1736812800000,LONG,9.688766363118953,-1.570076308271124,10.038766363118953,True,SUSHI/USDT
1736827200000,LONG,4.155725293214013,0.9869850458041607,4.505725293214013,False,ID/USDT
1736827200000,LONG,6.557269598470375,-0.29121207020343653,6.907269598470375,True,MASK/USDT
1736827200000,LONG,6.967136612021859,0.1460000482214736,7.317136612021859,False,KAVA/USDT
1736827200000,LONG,7.579217391304356,-1.571766729341511,7.9292173913043555,False,CYBER/USDT
1736827200000,LONG,8.661235087116998,,9.011235087116997,False,BIGTIME/USDT
1736841600000,LONG,-2.697346969582611,-1.2011530749301274,6.876934108234585,True,GMT/USDT
1736841600000,LONG,6.879789132578786,-1.1292868616855603,7.2297891325787855,False,BLUR/USDT
1737057600000,SHORT,-6.142029879385958,4.31945408224998,5.792029879385958,False,KAS/USDT
1737057600000,SHORT,6.83557875944531,0.35307716287473895,7.18557875944531,True,XLM/USDT
1737115200000,SHORT,4.750378255025147,5.955775249832599,5.100378255025147,True,XRP/USDT
1737115200000,SHORT,10.176828598874696,0.1610760270964892,10.526828598874696,True,HBAR/USDT
1737158400000,SHORT,4.583423913043476,1.980705473042351,4.933423913043476,True,BCH/USDT
1737158400000,SHORT,6.963414247543127,0.9425853481047343,7.313414247543126,True,XMR/USDT
1737158400000,SHORT,7.521416454622536,2.278979565247445,7.871416454622536,True,LTC/USDT
1737158400000,SHORT,8.87041922898896,0.7005814528418157,9.220419228988959,False,RSR/USDT
1737158400000,SHORT,9.232731788079468,0.48011191350065135,9.582731788079467,False,EDU/USDT
1737158400000,SHORT,11.36969879518071,0.39012479966727664,11.71969879518071,False,ARPA/USDT
1737172800000,SHORT,-12.125921321091562,3.4707589516725,11.775921321091563,True,1000BONK/USDT
1737172800000,SHORT,9.830855018587354,-1.2286541924065986,10.180855018587353,False,UMA/USDT
1737187200000,SHORT,9.300145125490845,0.4752031569129193,9.650145125490845,False,EDU/USDT
1737288000000,SHORT,9.252898229270647,1.1766350815012556,9.602898229270647,True,SOL/USDT
1737345600000,LONG,-10.319051315222074,0.4357887630312397,9.969051315222075,False,STEEM/USDT
1737345600000,LONG,-4.1723516563523875,0.16275597416571033,9.663887877684738,False,ARK/USDT
1737979200000,LONG,-10.199960254372023,-1.8432170571117226,9.849960254372023,False,HFT/USDT
1737979200000,LONG,-7.089420935412016,0.8739622275673828,6.739420935412016,True,AXS/USDT
1737979200000,LONG,2.874467201771381,-1.2638581922608354,7.322875726543036,False,YFI/USDT
1737979200000,LONG,3.32622716465526,1.115152872325638,4.584816564841845,True,BNB/USDT
1737979200000,LONG,4.212823106316023,1.0818100622867168,7.627916385704649,True,MANA/USDT
1737979200000,LONG,4.489583051306342,3.622958810988086,10.753181264383372,True,XRP/USDT
1737979200000,LONG,6.29768507056202,0.4129965894590743,9.235726665016111,False,WOO/USDT
1737979200000,LONG,6.492435655994973,1.3012804815202013,10.188637790332711,False,CHR/USDT
1737979200000,LONG,6.551056130381172,0.7629433000725867,6.901056130381171,True,THETA/USDT
1737979200000,LONG,6.768304688803602,-1.0958791177456613,7.466821291506756,False,ILV/USDT
1737979200000,LONG,7.980931571952146,0.2799851870733122,8.330931571952146,True,APT/USDT
1737979200000,LONG,8.093509615384626,-0.012405828711665349,9.278820398351638,True,TRB/USDT
1737979200000,LONG,8.325990086490306,0.3030641873807039,8.675990086490305,True,XLM/USDT
1737979200000,LONG,8.514512458755242,0.6369684713433702,8.864512458755241,True,ICP/USDT
1737979200000,LONG,8.724643979057577,0.6228458494797793,9.074643979057589,True,SUI/USDT
1737979200000,LONG,9.685016835016828,-0.703610763517864,10.035016835016838,True,GALA/USDT
1738008000000,LONG,-10.295407623080996,-2.667860985209172,9.945407623080996,False,HFT/USDT
1738008000000,LONG,-9.320874226181479,-1.2093734499559212,8.97087422618148,False,MAV/USDT
1738008000000,LONG,-9.299386373254334,-2.0845024463890103,8.949386373254335,False,ZEN/USDT
1738008000000,LONG,-9.169173715826897,0.13598374490481102,8.819173715826897,False,WOO/USDT
1738008000000,LONG,-8.76044758946038,0.5791160199238415,8.41044758946038,False,CKB/USDT
1738008000000,LONG,-8.742890102034178,0.39948429053072015,8.392890102034178,False,ENJ/USDT
1738008000000,LONG,-8.741085218805049,-0.49505748608880046,8.391085218805049,True,MEME/USDT
1738008000000,LONG,-8.340297769475885,-1.2573808645629043,7.990297769475885,False,BIGTIME/USDT
1738008000000,LONG,-8.12651365255244,-1.1510871396975042,7.77651365255244,False,ILV/USDT
1738008000000,LONG,-8.126390743213173,1.0617740541087402,7.776390743213174,True,MANA/USDT
1738008000000,LONG,-7.692136395267924,0.8018947966584833,7.342136395267924,False,ANKR/USDT
1738008000000,LONG,-7.552307692307699,0.8616039626475798,7.202307692307699,True,AXS/USDT
1738008000000,LONG,-7.326527281803163,-0.14773011667558578,6.976527281803163,True,SAND/USDT
1738008000000,LONG,-7.0017061691040405,0.85423661895127,6.651706169104041,True,DOT/USDT
1738008000000,LONG,-6.7438659681292386,-1.488041967199667,6.393865968129239,False,EDU/USDT
1738008000000,LONG,-2.427922077922078,-1.232680861765636,7.25105946684894,False,YFI/USDT
1738008000000,LONG,-2.36784488675361,0.9402391540917526,7.868167467398768,True,OP/USDT
1738008000000,LONG,-1.8630179464900976,2.0965776103001663,8.081361416544325,True,DOGE/USDT
1738008000000,LONG,-1.7628284826222096,-0.1452164689559802,8.314877083922,True,COMP/USDT
1738008000000,LONG,-1.7021819299323955,0.4592213957953279,10.901167793484944,False,CHR/USDT
1738008000000,LONG,0.614566929133855,0.00617024453462139,7.22516872890889,False,ID/USDT
1738008000000,LONG,1.3647349285117776,0.29939164323315004,9.879096447698126,True,XLM/USDT
1738008000000,LONG,1.758433734939746,0.6305783130904026,7.537259036144587,False,DASH/USDT
1738008000000,LONG,2.630808493262545,0.691815803924441,8.223279910167411,False,CAKE/USDT
1738008000000,LONG,6.034575214341379,-0.18158973949576984,6.384575214341378,True,STX/USDT
1738008000000,LONG,9.349837355718781,0.27547007925712186,9.699837355718781,True,APT/USDT
1738022400000,SHORT,10.236324999307783,,10.586324999307783,False,ACH/USDT
1738036800000,LONG,6.367841133225741,0.597587108005666,6.717841133225741,True,UNI/USDT
1738411200000,SHORT,10.38834605597964,,10.73834605597964,False,QTUM/USDT
1738440000000,SHORT,8.543478260869552,1.0705288735198453,8.893478260869552,False,ONT/USDT
1738440000000,SHORT,9.298868175765639,,9.648868175765639,False,QTUM/USDT
1738497600000,SHORT,10.67638341968911,-1.267880703132872,11.02638341968911,False,ARPA/USDT
1738526400000,LONG,-7.979782445611398,1.8433599196603316,7.629782445611398,True,RUNE/USDT
1738598400000,LONG,-5.188075902943769,0.9681136245450149,11.636594191034412,True,BNB/USDT
1738612800000,LONG,-12.230563289090314,1.8224256372289835,11.880563289090315,False,CAKE/USDT
1738612800000,LONG,-8.210237438811687,-2.477047092988236,11.794137174365622,False,STEEM/USDT
1739289600000,SHORT,-11.907990906028953,1.2978108356404792,11.557990906028953,True,LTC/USDT
1739289600000,SHORT,-2.0223610861355863,0.05566691584300749,8.091692141701127,True,COMP/USDT
1739289600000,SHORT,-1.0542253521126705,0.5419157502469701,10.53284579270493,False,NMR/USDT
1739462400000,SHORT,0.4233465221887458,0.3938112077991007,9.878580099815645,True,BNB/USDT
1739505600000,SHORT,4.281090580437841,-0.5034440863523237,4.63109058043784,False,ZEN/USDT
1739923200000,LONG,0.3533081531648764,0.6444611944012703,8.397541026308932,False,ILV/USDT
1739923200000,LONG,6.616869300911852,-1.1298028348889115,6.966869300911852,False,ARPA/USDT
1739952000000,LONG,-2.8239658247511716,-1.0554864730101803,6.133663195443303,True,SOL/USDT
1740153600000,SHORT,-8.900310603355935,1.1007737309719487,8.550310603355936,False,AGLD/USDT
1740470400000,LONG,-7.120913461538463,0.46906980953018096,6.770913461538464,False,1INCH/USDT
1740470400000,LONG,9.827866989850019,0.5581018912447655,10.177866989850019,True,IMX/USDT
1740484800000,LONG,-0.895950864422205,1.2404114821148766,9.689399454049132,False,YGG/USDT
1740484800000,LONG,1.1520576131687275,0.4256805138827202,8.423703703703705,True,CHZ/USDT
1740499200000,LONG,-11.846263157255764,1.568778525454914,11.496263157255765,True,1000PEPE/USDT
1740499200000,LONG,-11.17207682055011,-0.6662526402725356,10.82207682055011,True,UNI/USDT
1740499200000,LONG,-10.368327389693027,-0.2501833154414355,10.018327389693027,True,VET/USDT
1740499200000,LONG,-9.986799009151598,-1.1404999572321517,9.636799009151598,True,SOL/USDT
1740499200000,LONG,-9.380529388350798,0.4873368849232839,9.030529388350798,True,XRP/USDT
1740499200000,LONG,-9.082203849281653,1.4400942818022013,8.732203849281653,True,AXS/USDT
1740499200000,LONG,-8.773353860729507,1.4625705680089518,8.423353860729508,False,ANKR/USDT
1740499200000,LONG,-7.810455725411016,1.3589177985198255,7.460455725411016,False,GAS/USDT
1740499200000,LONG,-5.195814977973573,0.3269163781757172,11.71938325991189,True,CRV/USDT
1740499200000,LONG,-4.751325130146699,0.645180132319758,11.152342640795078,False,MAGIC/USDT
1740499200000,LONG,-3.9099586304501575,0.24742497849842854,9.998105710086534,True,JASMY/USDT
1740499200000,LONG,-2.5086931155192604,0.11548221060043892,8.10282547091182,True,GRT/USDT
1740499200000,LONG,-1.1407979870596754,0.4744572170401389,9.187706685837526,True,ARB/USDT
1740499200000,LONG,-1.0799270072992706,0.808948276009294,10.0516788321168,True,DYDX/USDT
1740499200000,LONG,-0.6637444189694759,-2.7240304026399347,9.431446844455166,False,LQTY/USDT
1740499200000,LONG,-0.21144786976099358,0.45824229173994324,8.76085902320748,True,MANA/USDT
1740499200000,LONG,-0.04226981782374967,-0.5027826831873174,11.148695224027579,True,AR/USDT
1740499200000,LONG,0.017261280167894133,-0.2790152950907373,9.820146904512086,False,ROSE/USDT
1740499200000,LONG,0.8401681759379024,0.10531687449160312,11.069663648124198,True,SUSHI/USDT
1740499200000,LONG,1.0403686341359624,1.7674761525951126,7.9745418708715015,True,ETC/USDT
1740499200000,LONG,1.3219150732071512,0.15614761123290322,9.589322468590726,True,SAND/USDT
1740499200000,LONG,2.694622562507479,0.9824018399425453,11.648791721497789,False,ILV/USDT
1740499200000,LONG,4.935961871750429,0.0014250222258922348,9.760268630849223,True,ALGO/USDT
1740499200000,LONG,7.468038442582558,0.07153973747348476,7.818038442582558,False,KAVA/USDT
1740499200000,LONG,10.671356078600745,0.58381879978324,11.021356078600745,True,DOT/USDT
1740513600000,LONG,-8.946233955362876,-0.278621621557077,8.596233955362877,True,XLM/USDT
1740513600000,LONG,-8.387736125347772,0.637558482350193,8.037736125347772,True,ADA/USDT
1740513600000,LONG,-8.202816002269822,-0.05103764633041424,7.8528160022698215,True,DOGE/USDT
1740513600000,LONG,-7.745342752485599,0.664237715713014,7.3953427524855995,True,NEO/USDT
1740513600000,LONG,-7.593695282895585,-0.6317414626663317,7.243695282895585,True,LINK/USDT
1740528000000,LONG,-7.300406891178253,0.48506717855478804,6.950406891178253,True,XRP/USDT
1740528000000,LONG,-6.80947643979057,-0.4381830091221971,6.459476439790571,True,SOL/USDT
1740528000000,LONG,5.858554505437598,0.1564291053771766,6.208554505437598,True,SAND/USDT
1740542400000,LONG,-7.157743703957515,-0.27857361099254335,6.807743703957516,True,XLM/USDT
1740542400000,LONG,-5.439891438910582,-0.12098140639787501,5.089891438910582,True,DOGE/USDT
1740628800000,LONG,-5.2817749823432925,0.13428535177734496,4.931774982343293,True,BTC/USDT
1740744000000,LONG,4.801259818422931,-0.45767227591090937,5.151259818422931,True,BNB/USDT
1740744000000,LONG,6.7551115392232735,0.7402634576937338,7.105111539223273,True,ETH/USDT
1740744000000,LONG,6.776427638028752,-0.6135440555516647,7.126427638028751,True,BTC/USDT
1740744000000,LONG,8.026521876981615,0.6183713527607908,8.376521876981615,True,ADA/USDT
1740744000000,LONG,8.040335325701552,-0.36705121351839054,8.390335325701551,True,DOGE/USDT
1740744000000,LONG,8.247049018397338,-0.6959505374510819,8.597049018397337,False,KAS/USDT
1740744000000,LONG,8.96250815850815,0.513946691954297,9.312508158508159,True,XRP/USDT
1740744000000,LONG,9.873743754461104,-0.26821670008663123,10.223743754461104,True,XLM/USDT
1740772800000,LONG,5.23740938573064,-1.1252531283100276,5.5874093857306395,False,KAS/USDT
1741003200000,SHORT,7.459602621536409,1.1690589304260066,7.809602621536409,False,EGLD/USDT
1741003200000,SHORT,8.219549822964062,0.2249073316378373,8.569549822964062,True,ZEC/USDT
1741579200000,LONG,-9.804719211822658,0.47370456012543816,9.454719211822658,True,APE/USDT
1741579200000,LONG,-9.742589043283829,0.12360019201107049,9.392589043283829,True,SUSHI/USDT
1741579200000,LONG,5.82608537472713,1.3453249339485118,6.17608537472713,False,IOST/USDT
1741593600000,LONG,-12.331127295756803,0.31385518676167506,11.981127295756803,True,PEOPLE/USDT
1741593600000,LONG,-11.104279105628384,0.9169511632954955,10.754279105628385,True,MEME/USDT
1741593600000,LONG,-10.899909109270855,1.0461486099033843,10.549909109270855,True,GMT/USDT
1741593600000,LONG,-10.00871917340873,-0.007199929512871746,9.65871917340873,True,INJ/USDT
1741593600000,LONG,-9.799984121943492,0.0151582396694531,9.449984121943492,True,PYTH/USDT
1741593600000,LONG,-9.730414661236585,0.02713123389626362,9.380414661236586,False,SKL/USDT
1741593600000,LONG,-9.591154791154786,-0.2998758950738458,9.241154791154786,False,EDU/USDT
1741593600000,LONG,-9.386254180602005,0.6990711413645733,9.036254180602006,False,MAGIC/USDT
1741593600000,LONG,-9.254760157754736,0.5042973784820332,8.904760157754737,True,1000BONK/USDT
1741593600000,LONG,-9.072870272180985,0.17483838151929815,8.722870272180986,False,STORJ/USDT
1741593600000,LONG,-9.066345987172822,-0.04314599780614676,8.716345987172822,False,API3/USDT
1741593600000,LONG,-8.858112183353432,0.2047628408159396,8.508112183353433,False,HIGH/USDT
1741593600000,LONG,-8.699320543565143,0.4473904413708353,8.349320543565144,False,CYBER/USDT
1741593600000,LONG,-8.627833984824093,-0.5068345734258571,8.277833984824094,False,ID/USDT
1741593600000,LONG,-8.612141940331204,0.4185730389136179,8.262141940331205,False,ASTR/USDT
1741593600000,LONG,-8.238477737665454,0.6787842744306412,7.888477737665454,False,ROSE/USDT
1741593600000,LONG,-7.800165077035948,-0.486986137634332,7.450165077035948,True,IMX/USDT
1741593600000,LONG,-7.712083333333337,-0.6248129133760041,7.362083333333337,False,QTUM/USDT
1741593600000,LONG,-7.326339285714288,0.4480290687689435,6.976339285714288,False,ANKR/USDT
1741593600000,LONG,-7.047133105802044,0.7762946902461999,6.6971331058020445,False,ONT/USDT
1741593600000,LONG,-7.026364268335059,1.1234879146712795,6.6763642683350595,False,GAS/USDT
1741593600000,LONG,-6.889810715921233,1.4132093534763266,6.5398107159212335,False,STEEM/USDT
1741593600000,LONG,-4.911903058486857,1.6932460193050596,4.561903058486857,False,SFP/USDT
1741665600000,LONG,2.9957249070631895,1.513904929489269,10.39972118959108,True,CHZ/USDT
1741665600000,LONG,3.052854006586161,1.1628676134287756,8.709613495869204,True,ETC/USDT
1741665600000,LONG,4.656031363088069,-0.14288014897063014,10.97956574185766,True,OP/USDT
1741665600000,LONG,5.7106060606060485,0.19341834844284575,11.03325358851675,False,SKL/USDT
1741665600000,LONG,5.7993411420204914,0.578089607596001,9.423352855051247,False,ONT/USDT
1741665600000,LONG,6.375146198830399,1.2222167076774788,8.826973684210532,False,GAS/USDT
1741665600000,LONG,8.482425892317,1.3975257621238333,11.216938898971577,True,ARB/USDT
1741665600000,LONG,8.891000629326621,2.1203561643584754,9.24100062932662,False,KNC/USDT
1741665600000,LONG,9.06290409386099,-0.21595263479909604,9.41290409386099,True,BNB/USDT
1741665600000,LONG,10.210564663023678,-1.228358563234433,10.560564663023678,False,CAKE/USDT
1741680000000,LONG,0.63987876765655,0.8568733557026331,10.357602046490943,False,EGLD/USDT
1741680000000,LONG,1.0212544438801463,0.41020223059928923,8.350939563230058,False,1INCH/USDT
1741680000000,LONG,1.7232500180596748,0.7921923111394298,10.642353536083222,False,ILV/USDT
1741680000000,LONG,2.8058633216029114,0.6949954288352925,11.43688273356795,False,ENJ/USDT
1741680000000,LONG,4.1664457535591595,0.7999301106168012,11.300282277859592,False,WOO/USDT
1741680000000,LONG,5.365790860002625,1.1158757863396067,9.163097589885421,True,NEO/USDT
1741680000000,LONG,5.409405480724564,1.2573808296054285,9.052113330236883,False,DASH/USDT
1741680000000,LONG,5.50587498407575,1.3696660764906186,10.211151216612175,True,VET/USDT
1741680000000,LONG,5.57646347363327,1.386666793950243,9.150967585873254,False,STEEM/USDT
1741680000000,LONG,6.18811388972581,0.5116802323354891,10.202912523852573,False,BLUR/USDT
1741680000000,LONG,6.26896243291592,0.4380857912554419,8.801550387596908,False,ANKR/USDT
1741680000000,LONG,6.487160751565764,0.6009898738250209,10.655062630480163,True,SEI/USDT
1741680000000,LONG,6.59856776057129,0.9747512917179433,10.539589183984598,True,SOL/USDT
1741680000000,LONG,7.407885763000849,0.6919479300566072,11.774424552429673,False,CYBER/USDT
1741680000000,LONG,7.454666707928459,0.10456135121329627,11.950281611685327,True,DOGE/USDT
1741680000000,LONG,8.008593412915294,1.3098562836133352,8.358593412915294,False,MTL/USDT
1741680000000,LONG,8.23591549295775,-0.0011292277235569804,10.646332394366187,True,GRT/USDT
1741680000000,LONG,8.545756756756763,0.8926680594119302,8.895756756756763,True,ATOM/USDT
1741680000000,LONG,9.719261744966438,1.0608766335960997,10.069261744966438,True,AXS/USDT
1741680000000,LONG,10.973841683681476,0.9577295654502582,11.323841683681488,True,XLM/USDT
1741680000000,LONG,11.116399999999988,-1.0853948464613097,11.466399999999998,False,KAS/USDT
1741680000000,LONG,11.206451612903233,0.8839765465966547,11.556451612903222,False,ALICE/USDT
1741694400000,LONG,1.3461789375582471,1.6654117970186215,6.711276794035411,False,SFP/USDT
1741694400000,LONG,3.2310205908683964,1.2873362507310815,11.293479558340787,False,HFT/USDT
1741694400000,LONG,5.907153758107589,0.04676184918212081,10.64658527279664,False,ARPA/USDT
1741694400000,LONG,6.0418260662944,0.7156771499124788,11.327765237020307,True,THETA/USDT
1741694400000,LONG,6.300306748466256,0.23004274673268535,11.10593047034764,False,POLYX/USDT
1741694400000,LONG,6.360430342815474,0.7464390547600089,9.753683442742526,False,ONT/USDT
1741694400000,LONG,6.7110850286906745,-2.991967554566807,7.061085028690674,False,STG/USDT
1741694400000,LONG,6.8115069004103015,0.9842216717260056,10.173312196941431,True,ICP/USDT
1741694400000,LONG,7.165527950310559,2.1114700675614233,10.424813664596268,False,KNC/USDT
1741694400000,LONG,7.984714167357085,0.21752920152574448,10.327821043910532,True,STX/USDT
1741694400000,LONG,9.47731029054896,-1.2250161816893301,9.82731029054896,False,CAKE/USDT
1741694400000,LONG,9.489539812291866,1.3912730254955623,11.136300333030585,True,ARB/USDT
1741694400000,LONG,9.528822937625742,-0.311781165184242,9.878822937625753,False,NMR/USDT
1741694400000,LONG,10.200905197586122,-0.2974050893458453,11.770255012653312,True,IMX/USDT
1741694400000,LONG,10.704428845571156,-0.49074314975110817,11.054428845571156,False,ID/USDT
1741694400000,LONG,11.419911504424782,0.5592063792709917,11.76991150442477,True,DYDX/USDT
1741694400000,LONG,11.513144329896903,0.6054821122365189,11.863144329896903,False,RSR/USDT
1741708800000,LONG,-6.491605120630232,0.6403792100358565,6.141605120630232,False,1INCH/USDT
1741708800000,LONG,-1.414172847468556,0.03771902569798194,8.49848435988391,True,UNI/USDT
1741708800000,LONG,0.6776586998649407,0.9664474537509052,7.360790416348577,True,ENS/USDT
1741708800000,LONG,0.8732826992875412,1.277276864041394,8.649657211990862,False,SSV/USDT
1741708800000,LONG,0.9143051771117129,0.34638109473699563,6.51562942779291,True,LTC/USDT
1741708800000,LONG,2.447833935018062,0.5847099997928746,8.488357400722009,False,ONE/USDT
1741708800000,LONG,3.2428143712574715,1.3519342332015003,7.762574850299411,True,CELO/USDT
1741708800000,LONG,3.7249887741356233,-1.0525014783429527,9.35447911989223,False,ZEN/USDT
1741708800000,LONG,4.969351763584365,-0.44202859327313737,7.276148713060057,False,LPT/USDT
1741708800000,LONG,5.621968312004883,-0.30172973554634436,10.000650010156404,True,FET/USDT
1741708800000,LONG,7.453599476439782,-0.7114759283415975,7.803599476439782,False,HIGH/USDT
1741708800000,LONG,7.761712439418428,0.056503380918073734,8.111712439418428,True,AR/USDT
1741708800000,LONG,8.273105336899755,1.568647229767141,10.21793402114381,True,CFX/USDT
1741708800000,LONG,9.98072411459509,0.4613387301563626,10.330724114595089,True,JASMY/USDT
1742097600000,SHORT,6.007347936390056,0.12424041654373635,6.357347936390056,False,GMX/USDT
1742140800000,SHORT,-7.207881398884932,-1.4256100602603734,6.857881398884932,False,CAKE/USDT
1742284800000,SHORT,-4.065596330275227,1.7688935307473477,7.063348623853197,False,RLC/USDT
1742313600000,SHORT,-11.985312676056326,,11.635312676056326,False,API3/USDT
1742342400000,SHORT,-10.900491113189894,,10.550491113189894,False,API3/USDT
1742371200000,SHORT,-10.361041494266443,,10.011041494266443,False,API3/USDT
1742443200000,SHORT,-6.877050997782691,0.5039199374421319,6.527050997782691,True,CRV/USDT
1742457600000,SHORT,-4.99796567539575,-1.2101352511784544,4.64796567539575,True,UNI/USDT
1742558400000,SHORT,6.874944320712689,1.3981622277738122,7.224944320712688,False,KAVA/USDT
1742731200000,SHORT,-9.321107584363501,0.4217788780995985,8.971107584363502,False,API3/USDT
1742745600000,SHORT,-7.989024390243899,1.360140831778924,7.6390243902438995,True,CELO/USDT
1742860800000,SHORT,-5.284801444043319,0.9560369202115064,4.93480144404332,True,SOL/USDT
1742947200000,SHORT,6.756071428571418,1.3363857717372907,7.1060714285714175,False,CHR/USDT
1742961600000,SHORT,10.536728668438139,0.1746073363221069,10.886728668438138,True,IMX/USDT
1742990400000,SHORT,-6.931230769230758,-1.41809846096667,6.581230769230759,False,BIGTIME/USDT
1742990400000,SHORT,-6.50211977053308,0.22414580661047007,6.152119770533081,True,STX/USDT
1742990400000,SHORT,3.870209723546235,0.43608841265502657,4.220209723546235,True,SEI/USDT
1742990400000,SHORT,4.581855049712173,0.11475038073009132,4.931855049712173,True,LINK/USDT
1742990400000,SHORT,4.875240936209257,-0.2755186818502009,5.225240936209256,True,DOGE/USDT
1742990400000,SHORT,6.851550094517948,0.14894975544167305,7.201550094517947,True,MEME/USDT
1742990400000,SHORT,8.135176371780503,0.4842460854642354,8.485176371780502,True,1000BONK/USDT
1742990400000,SHORT,8.143684820393965,0.7778677314567599,8.493684820393964,False,COTI/USDT
1743004800000,SHORT,5.950854700854688,1.1270377062462473,6.300854700854687,False,IOTA/USDT
1743004800000,SHORT,7.377203865743772,0.6133314843025252,7.727203865743772,False,RSR/USDT
1743004800000,SHORT,8.218139358157472,1.2689835364771926,8.568139358157472,True,1000PEPE/USDT
1743019200000,SHORT,5.577426723474138,-0.3090369757511498,5.927426723474138,True,DOGE/USDT
1743019200000,SHORT,10.258446544595381,1.0427827487108827,10.608446544595381,False,COTI/USDT
1743033600000,SHORT,4.657074084750646,1.2788269312860483,5.007074084750646,True,1000PEPE/USDT
1743120000000,SHORT,7.230123022847092,-2.8611378203734232,7.580123022847092,False,CKB/USDT
1743120000000,SHORT,9.562521860790454,-1.4047702988853306,9.912521860790454,False,BIGTIME/USDT
1743307200000,LONG,-6.8845615589016855,-1.314400084760996,6.534561558901686,False,HIGH/USDT
1743321600000,LONG,-7.311841704718412,0.08825357645469221,6.961841704718412,True,AR/USDT
1743422400000,LONG,-6.661159995042747,-0.8718543397428903,6.311159995042748,True,AAVE/USDT
1743422400000,LONG,5.141636827092314,0.08662668800959472,5.4916368270923135,True,HBAR/USDT
1743451200000,LONG,4.898448956570775,-1.0394870703989514,5.248448956570774,True,AAVE/USDT
1743710400000,LONG,-8.24450841452613,0.24556537141767126,7.89450841452613,False,CYBER/USDT
1743710400000,LONG,-6.875017859694235,0.7070443797487831,6.525017859694235,True,OP/USDT
1743724800000,LONG,-5.915346369181906,0.9646106744943062,5.565346369181906,False,STEEM/USDT
1743724800000,LONG,6.34804392587508,1.4724674340921262,6.69804392587508,False,ARK/USDT
1743739200000,LONG,-4.952502140968835,-1.65917435628766,4.602502140968835,False,ASTR/USDT
1744012800000,LONG,7.726432764886779,-0.9242773042081531,8.076432764886778,False,TWT/USDT
1744012800000,LONG,9.527111095275416,-1.5792092980644672,9.877111095275415,True,ETC/USDT
1744027200000,LONG,-12.339949892627056,-2.0206093973674073,11.989949892627056,True,LDO/USDT
1744027200000,LONG,-11.290605609332337,,10.940605609332337,True,COMP/USDT
1744027200000,LONG,-11.222745292368685,0.4426290652100173,10.872745292368686,False,RVN/USDT
1744027200000,LONG,-10.690183809151348,-0.336962978267324,10.340183809151348,True,UNI/USDT
1744027200000,LONG,-9.978167710248531,-1.8960877432258512,9.628167710248531,True,ETH/USDT
1744027200000,LONG,-9.585256245171278,0.5817410600575513,9.235256245171279,True,CHZ/USDT
1744027200000,LONG,-9.466629588431594,-1.9949593139498252,9.116629588431595,True,DOT/USDT
1744027200000,LONG,-9.088687035507855,1.4020298334661065,8.738687035507855,True,AXS/USDT
1744027200000,LONG,-0.11516438493053496,-1.8071384118541176,7.837029079644241,True,XMR/USDT
1744027200000,LONG,-0.06255673222390962,-0.2373765561385857,10.828078668683824,False,ENJ/USDT
1744027200000,LONG,1.6410514541387027,-0.5305610187591026,9.645480984340042,False,YFI/USDT
1744027200000,LONG,1.8077993740734617,-0.16669976254673394,11.385076593641907,False,WOO/USDT
1744027200000,LONG,1.9213032581453677,-2.0043582219689124,8.983145363408529,False,QNT/USDT
1744027200000,LONG,2.0931339511373137,-1.70566339377248,11.345113732097726,True,FIL/USDT
1744027200000,LONG,2.984740396791891,0.2896135705050485,5.245018995356693,False,SFP/USDT
1744027200000,LONG,3.3975345167652837,0.35775523775656576,11.017258382642998,False,MINA/USDT
1744027200000,LONG,3.6724032586558004,-1.5235256318008603,9.691293279022416,False,DASH/USDT
1744027200000,LONG,4.1638396025549955,-0.6903372919253304,11.055429382540815,True,THETA/USDT
1744027200000,LONG,4.702005943536402,-2.153508014511507,9.299665676077279,False,BSV/USDT
1744027200000,LONG,4.841786129407203,-0.02893091018171855,10.787621077101898,True,AR/USDT
1744027200000,LONG,5.018082697853013,-0.3348214099969595,5.368082697853013,True,BTC/USDT
1744027200000,LONG,5.133794278468977,0.9995214113065647,10.389301846422063,False,KSM/USDT
1744027200000,LONG,5.198705302096165,-1.3527114781514418,9.089827373612822,False,1INCH/USDT
1744027200000,LONG,5.262594113620798,0.31259899741918357,11.218548939082835,True,SEI/USDT
1744027200000,LONG,5.29431219958801,0.2881383879270839,11.344815747310582,True,TRB/USDT
1744027200000,LONG,5.45117556861743,1.6574602914348788,11.332481472016354,True,IMX/USDT
1744027200000,LONG,5.606198032715613,2.4985052308600215,7.964924007753203,True,BNB/USDT
1744027200000,LONG,5.669522776572667,0.9232774275744123,11.762255965292846,False,SKL/USDT
1744027200000,LONG,5.765388907488003,1.0931056391640273,10.335643343376859,False,BLUR/USDT
1744027200000,LONG,5.955732484076429,0.7907635040387763,10.914103730664241,False,ILV/USDT
1744027200000,LONG,6.342529411764727,-4.714872228593414,6.692529411764727,False,STG/USDT
1744027200000,LONG,6.478015143320713,-1.7801910445885973,10.747201189832339,True,GRT/USDT
1744027200000,LONG,7.0170515530980655,1.4218158894781365,11.61738494064075,True,OP/USDT
1744027200000,LONG,7.0494252873563275,0.2205506473485659,11.216624760536405,False,ID/USDT
1744027200000,LONG,7.3423076923076795,0.45020317720414843,10.160439560439565,True,CELO/USDT
1744027200000,LONG,7.592017149857095,-0.9936886413923138,11.909275894923084,True,DOGE/USDT
1744027200000,LONG,7.983691125327388,-0.8029599606235526,10.86885921600618,False,ASTR/USDT
1744027200000,LONG,8.018096112130829,1.7432897911811442,11.466965626564324,True,SAND/USDT
1744027200000,LONG,8.22818970617235,-1.1231423730079053,11.369039637152433,True,SUSHI/USDT
1744027200000,LONG,8.272487223168643,0.5930516500407712,8.622487223168655,False,BAT/USDT
1744027200000,LONG,8.344131049943039,-1.209982455869589,8.69413104994305,True,BCH/USDT
1744027200000,LONG,8.43972278566598,-0.5198726963134882,11.962001352265048,False,IOTA/USDT
1744027200000,LONG,8.566776750330254,,10.638771466314395,False,ANKR/USDT
1744027200000,LONG,8.627003590801428,-1.9256975487118577,10.522125448850177,False,EGLD/USDT
1744027200000,LONG,8.659325180170333,0.2675888214281091,9.009325180170332,True,ICP/USDT
1744027200000,LONG,9.002014010507883,0.2108387767185228,10.21761821366023,False,KNC/USDT
1744027200000,LONG,9.244988326848238,1.4507618148348458,9.594988326848238,False,MTL/USDT
1744027200000,LONG,9.306019656019663,-0.36729538671316947,11.078378378378387,True,GMT/USDT
1744027200000,LONG,9.384887005649716,,9.734887005649716,False,ZRX/USDT
1744027200000,LONG,9.445970978697131,,9.795970978697131,False,NMR/USDT
1744027200000,LONG,9.929965728973302,-0.7115609206018321,10.279965728973291,True,LTC/USDT
1744027200000,LONG,10.217231686541746,-0.24081144979007987,10.567231686541746,False,POLYX/USDT
1744027200000,LONG,10.243958275639228,-1.571691600027438,10.593958275639237,True,APT/USDT
1744027200000,LONG,10.29820864067439,-1.8349925254648642,10.64820864067439,False,CKB/USDT
1744027200000,LONG,10.379609929078017,-1.8425684676244531,10.729609929078016,True,LINK/USDT
1744027200000,LONG,10.629804896351194,-0.05066913336828661,10.979804896351194,True,SOL/USDT
1744027200000,LONG,10.695889660211916,-0.4095927566823749,11.045889660211916,True,AVAX/USDT
1744027200000,LONG,10.812758799171851,-1.4055154168306085,11.16275879917185,True,FET/USDT
1744027200000,LONG,10.881026668990753,-1.4642782324781363,11.231026668990753,True,ADA/USDT
1744027200000,LONG,11.003848086004217,0.1489360810380497,11.353848086004216,True,VET/USDT
1744027200000,LONG,11.120868347338934,0.1633951063126178,11.470868347338934,True,MANA/USDT
1744027200000,LONG,11.124419636256098,-3.057309709730003,11.474419636256098,False,AGLD/USDT
1744027200000,LONG,11.280964308077635,-1.2385914722746514,11.630964308077635,False,IOST/USDT
1744027200000,LONG,11.48957050371073,0.5430841163366906,11.839570503710718,False,DUSK/USDT
1744027200000,LONG,11.611433087460483,-1.2865963653791406,11.961433087460483,False,ONE/USDT
1744027200000,LONG,11.623822135489283,-0.934730554583185,11.973822135489282,True,INJ/USDT
1744041600000,LONG,7.03522954091817,-0.869712904129145,11.842115768463078,False,UMA/USDT
1744041600000,LONG,7.5513678905687645,-0.6258735911042261,11.658909287257009,False,COTI/USDT
1744041600000,LONG,8.2706896551724,-0.8615773252980279,11.491562729273669,True,ARB/USDT
1744041600000,LONG,9.169775092714438,0.44065555023698216,9.519775092714438,False,CAKE/USDT
1744041600000,LONG,10.64840182648401,-0.18026469405707113,10.99840182648401,True,GALA/USDT
1744056000000,LONG,-9.592741156002331,-0.028483315886016564,9.242741156002332,True,AR/USDT
1744056000000,LONG,-9.394421722335824,,9.044421722335825,True,ARKM/USDT
1744056000000,LONG,-9.36950772453522,-2.3210542933926646,9.01950772453522,False,CKB/USDT
1744056000000,LONG,-9.063393548387097,-0.8204909388801138,8.713393548387097,False,LPT/USDT
1744056000000,LONG,-8.985924985348696,-0.33203930449770885,8.635924985348696,True,UNI/USDT
1744056000000,LONG,-8.796458238936715,,8.446458238936716,False,NMR/USDT
1744056000000,LONG,-8.65941350418926,0.3528441776931232,8.30941350418926,False,MINA/USDT
1744056000000,LONG,-8.64821727019498,-2.2090943767667923,8.29821727019498,True,DOT/USDT
1744056000000,LONG,-8.632639624640525,-2.561797431456932,8.282639624640526,True,ENS/USDT
1744056000000,LONG,-8.418831168831156,0.6559998783359459,8.068831168831156,False,CYBER/USDT
1744056000000,LONG,-8.367536880490631,-0.16440095586835599,8.017536880490631,False,WOO/USDT
1744056000000,LONG,-8.330725419664283,-0.7879035387149096,7.980725419664283,False,ASTR/USDT
1744056000000,LONG,-8.316135216952569,-1.1558046461027647,7.966135216952569,False,SSV/USDT
1744056000000,LONG,-8.153062256247303,-2.004671165692234,7.803062256247303,True,LDO/USDT
1744056000000,LONG,-8.087010272336354,0.21902392725986916,7.737010272336353,False,ID/USDT
1744056000000,LONG,-8.07877167097012,-2.256705531775395,7.7287716709701195,False,BSV/USDT
1744056000000,LONG,-8.06013513513512,-1.6887490458036956,7.710135135135119,True,FIL/USDT
1744056000000,LONG,-7.954029304029314,0.4432593468878704,7.604029304029314,True,CELO/USDT
1744056000000,LONG,-7.83688921141753,0.010094882255910818,7.48688921141753,False,ARPA/USDT
1744056000000,LONG,-7.665925925925922,,7.315925925925923,False,1INCH/USDT
1744056000000,LONG,-7.565299453114579,-0.8692803990473315,7.2152994531145795,False,TWT/USDT
1744056000000,LONG,-7.180204422194395,1.393417132522333,6.830204422194395,True,AXS/USDT
1744056000000,LONG,-6.920585658705008,-1.8549203619580394,6.570585658705008,True,ETH/USDT
1744056000000,LONG,-1.8049272536373162,-0.23619245194676677,9.79595020248987,False,ENJ/USDT
1744056000000,LONG,2.027445823690296,0.22589189412997024,5.5440563854407765,False,SFP/USDT
1744056000000,LONG,2.9453105196451266,-0.052620933307071745,11.29353612167301,False,CHR/USDT
1744056000000,LONG,3.1212950600801137,0.30666767629273156,11.614419225634167,True,SEI/USDT
1744056000000,LONG,3.818784951703084,-1.2870332908202677,8.004321301474338,False,DASH/USDT
1744056000000,LONG,4.582401781367761,2.478375470358404,4.93240178136776,True,BNB/USDT
1744056000000,LONG,5.385528412108344,1.48713807663179,10.360010621348897,False,SKL/USDT
1744056000000,LONG,5.642509363295897,-1.7649714548851254,9.661878009630822,True,GRT/USDT
1744056000000,LONG,5.8558303886925795,1.0826462702848803,8.755123674911662,False,BLUR/USDT
1744056000000,LONG,5.8717762167586525,0.46951994139546915,9.7797541394882,True,APE/USDT
1744056000000,LONG,6.049317406143361,-0.2675293181814413,11.801228668941976,True,ADA/USDT
1744056000000,LONG,6.453436225975531,-4.677624395451046,6.80343622597553,False,STG/USDT
1744056000000,LONG,6.904854067480856,-1.5640363346935424,7.2548540674808555,True,ETC/USDT
1744056000000,LONG,7.1478938500421165,0.5906688611438704,8.699326032013472,False,BAT/USDT
1744056000000,LONG,7.401124338624337,,7.7511243386243365,False,ANKR/USDT
1744056000000,LONG,7.458001255098829,0.9945606291751982,7.808001255098828,False,KSM/USDT
1744056000000,LONG,7.489974070872955,-0.16741400348123628,7.839974070872954,True,ICP/USDT
1744056000000,LONG,7.5526061776061795,-1.9814850686857872,7.902606177606179,True,RUNE/USDT
1744056000000,LONG,8.328788889815662,1.6513140828087087,10.233409792309612,True,SAND/USDT
1744056000000,LONG,8.337183482664607,-1.0907651470081035,11.058433969614324,True,SUSHI/USDT
1744056000000,LONG,8.392057382785156,0.20513793025170748,8.742057382785156,False,KNC/USDT
1744056000000,LONG,8.515571247510412,0.7778591009987199,8.865571247510411,False,ILV/USDT
1744056000000,LONG,8.96792744428176,1.40006983269437,9.317927444281759,True,OP/USDT
1744056000000,LONG,9.027137148047224,-1.1866459647945986,9.377137148047234,True,BCH/USDT
1744056000000,LONG,9.237123287671231,-0.5088517512672833,9.587123287671231,False,ALICE/USDT
1744056000000,LONG,9.529321057644319,-1.8319820534201436,9.87932105764433,True,APT/USDT
1744056000000,LONG,9.574022482893437,-0.3643020256382749,9.924022482893436,True,GMT/USDT
1744056000000,LONG,9.57834890965733,-1.225841472085561,9.92834890965733,False,IOST/USDT
1744056000000,LONG,9.912324865280985,0.38362451206918297,10.262324865280984,True,WLD/USDT
1744056000000,LONG,9.991413347309575,-1.8340439982307633,10.341413347309574,True,LINK/USDT
1744056000000,LONG,10.067547568710358,-0.7011643691203846,10.417547568710368,True,LTC/USDT
1744056000000,LONG,10.786016765428517,-2.9985894626699663,11.136016765428517,False,AGLD/USDT
1744056000000,LONG,11.339569536423832,-0.9261585116829955,11.689569536423845,True,INJ/USDT
1744070400000,LONG,-6.071752265861038,1.2380425159616957,5.7217522658610385,True,FLOW/USDT
1744070400000,LONG,-5.582791621524013,-0.866174438932765,5.232791621524013,True,ARB/USDT
1744070400000,LONG,-4.402498377676832,0.5355372558723239,4.052498377676832,False,YGG/USDT
1744099200000,LONG,-4.763163170882179,0.9883343736708308,4.4131631708821795,False,KSM/USDT
1744099200000,LONG,-4.503560011624538,-2.988267927825475,4.153560011624538,False,AGLD/USDT
1744171200000,LONG,7.388756476683945,-1.194540600740073,7.738756476683944,False,RVN/USDT
1744171200000,LONG,7.522786720321933,0.3500512333431274,7.872786720321932,False,MINA/USDT
1744171200000,LONG,10.59737170164139,-2.939353228291305,10.947371701641389,False,LQTY/USDT
1744574400000,SHORT,8.86015546133655,1.0756298603940027,9.21015546133655,True,FET/USDT
1744632000000,SHORT,-0.2413437160449031,0.7094612635991036,8.691633466135439,True,MANA/USDT
1744848000000,SHORT,-6.919615013108855,1.8428841265574099,6.569615013108855,False,STEEM/USDT
1744876800000,SHORT,-5.304814160494661,1.8039167466385067,4.954814160494661,False,STEEM/USDT
1744905600000,SHORT,-5.143690937521251,1.803151353473738,4.7936909375212515,False,STEEM/USDT
1744977600000,SHORT,-3.2668309026409217,0.06980774947697552,7.811627906976747,False,ZRX/USDT
1745179200000,SHORT,-7.199520383693052,-0.13538156264669365,9.425014988009574,False,HFT/USDT
1745251200000,SHORT,-8.595729303547966,1.0960640618454325,10.876971090670157,True,MANA/USDT
1745251200000,SHORT,-6.83802613876608,0.8799984905891278,6.48802613876608,False,BLUR/USDT
1745251200000,SHORT,-5.416428206438418,0.9138348010657027,5.0664282064384185,True,LTC/USDT
1745265600000,SHORT,-9.467789909638547,0.5462581637684498,9.117789909638548,False,TLM/USDT
1745265600000,SHORT,-9.007001752429495,-1.2880208872709873,8.657001752429496,False,WOO/USDT
1745265600000,SHORT,-8.751536174430099,1.2690948042043193,8.401536174430099,True,FET/USDT
1745294400000,SHORT,-8.584307824591566,-1.223104286933085,8.234307824591566,False,ARPA/USDT
1745323200000,LONG,5.614932862190821,1.7805583469402846,5.964932862190821,False,GMX/USDT
1745323200000,SHORT,-6.97981787378229,-1.2119201584320864,6.62981787378229,False,ARPA/USDT
1745395200000,SHORT,-8.070483057802784,1.6168032792479035,7.7204830578027845,False,RSR/USDT
1745395200000,SHORT,-6.278056112224422,0.3752292337019478,5.928056112224422,False,KAS/USDT
1745409600000,SHORT,-9.904610641853717,-0.2828735114063356,9.554610641853717,True,1000PEPE/USDT
1745409600000,SHORT,-6.279965457685672,-0.7773974930403664,5.929965457685673,False,UMA/USDT
1745424000000,SHORT,-9.968134068675733,-0.8834696523007114,9.618134068675733,True,1000BONK/USDT
1745424000000,SHORT,-8.540842040565442,0.23775906754810358,8.190842040565443,False,ILV/USDT
1745424000000,SHORT,-7.281297709923643,1.7368857604311794,6.931297709923643,True,STX/USDT
1745424000000,SHORT,-6.092506374016174,3.1818871770767885,5.742506374016174,True,HBAR/USDT
1745424000000,SHORT,-5.7600183765287225,0.021647672834582236,5.410018376528723,False,POLYX/USDT
1745424000000,SHORT,-4.488292653011151,0.4266805586624266,4.138292653011152,False,TWT/USDT
1745438400000,SHORT,-6.855319456490305,0.2988884518828067,6.505319456490305,False,LQTY/USDT
1745438400000,SHORT,5.30237820142498,-0.28142278271622323,5.6523782014249795,True,1000PEPE/USDT
1745452800000,SHORT,-11.538610781990512,-0.41181043944870416,11.188610781990512,False,WOO/USDT
1745452800000,SHORT,-9.00424612876934,-1.6121062380675728,8.65424612876934,False,SSV/USDT
1745452800000,SHORT,-8.733012222912768,0.23777287532515684,8.383012222912768,False,ILV/USDT
1745452800000,SHORT,-7.876030164287622,-0.24120460321446807,7.526030164287622,True,ORDI/USDT
1745452800000,SHORT,-6.732688913845652,-0.4196914281305025,6.382688913845652,True,AR/USDT
1745452800000,SHORT,-6.42478152309612,-0.17916466673134201,6.07478152309612,True,TIA/USDT
1745452800000,SHORT,-6.237002652519892,0.059272948060973704,5.887002652519892,True,SEI/USDT
1745452800000,SHORT,-5.943483249196857,0.8684914357130656,5.593483249196858,False,BLUR/USDT
1745452800000,SHORT,-5.915318416523221,1.5186248989370774,5.565318416523222,False,RVN/USDT
1745452800000,SHORT,-5.90937499999999,0.6640246978866801,5.55937499999999,False,IOTA/USDT
1745452800000,SHORT,-5.5465462784949136,0.5587930525912184,5.196546278494914,True,LINK/USDT
1745452800000,SHORT,-5.5206059303824615,1.0675312875122744,5.170605930382462,False,MINA/USDT
1745452800000,SHORT,-5.411818789702427,-0.14690615044839422,5.061818789702428,False,KSM/USDT
1745452800000,SHORT,-5.409960159362535,3.3602162463992715,5.059960159362535,False,MTL/USDT
1745452800000,SHORT,-4.705451263537898,2.233466187448106,4.355451263537899,False,BAT/USDT
1745452800000,SHORT,0.28140556368961234,1.009954027052377,5.774830710102466,True,AVAX/USDT
1745452800000,SHORT,4.025008535336286,-0.05340534307586005,4.375008535336286,True,UNI/USDT
1745467200000,SHORT,-7.869105691056883,-1.2074372150936625,7.519105691056883,True,WLD/USDT
1745467200000,SHORT,-5.900628930817582,-1.1262589267106276,5.550628930817583,True,AAVE/USDT
1745467200000,SHORT,-5.380332125603869,-0.25306845416574186,5.030332125603869,True,ENS/USDT
1745467200000,SHORT,-4.648525116822409,0.29868212537226546,4.298525116822409,False,LQTY/USDT
1745481600000,SHORT,-4.9124868835257,0.6597149209068698,4.5624868835257,False,IOTA/USDT
1745481600000,SHORT,-1.3704081632653118,-0.9222493038260089,11.012312925170068,True,PEOPLE/USDT
1745510400000,SHORT,-6.248774676650764,-0.9172577562336139,5.898774676650764,True,PEOPLE/USDT
1745582400000,SHORT,-5.631210606389915,-0.6610913470399273,5.281210606389916,False,NMR/USDT
1745596800000,SHORT,1.9777147116156337,-0.4375610861722173,5.642202729044818,False,EGLD/USDT
1745611200000,SHORT,-9.024253063080975,-0.43931655467664354,8.674253063080975,True,SUI/USDT
1745611200000,SHORT,5.164289602612953,0.980202176390076,5.514289602612952,False,LQTY/USDT
1745611200000,SHORT,5.505524407926521,0.3616775836591866,5.855524407926521,False,KAS/USDT
1745625600000,SHORT,9.4044134593224,-2.6641103116500613,9.7544134593224,False,BSV/USDT
1745640000000,SHORT,4.791366865907276,-0.4377366144805125,5.141366865907275,True,SUI/USDT
1745654400000,SHORT,-10.781869338457305,0.3518672354773115,10.431869338457306,True,WLD/USDT
1745654400000,SHORT,-7.857686322458748,0.3353523847518231,7.507686322458748,True,ENS/USDT
1745654400000,SHORT,-5.20105726872247,2.456957352343409,4.85105726872247,False,QTUM/USDT
1745654400000,SHORT,-4.668145737418637,-1.0692490174173634,9.105508810922347,False,MAV/USDT
1745654400000,SHORT,-4.472334780511316,-0.441596979173241,4.122334780511316,False,STG/USDT
1745654400000,SHORT,-0.312382445141063,2.12465974868015,11.380163009404374,False,BIGTIME/USDT
1745654400000,SHORT,2.62986577181208,0.8191770447549938,8.472093959731533,True,FET/USDT
1745654400000,SHORT,4.0684459886291755,1.2680722974659364,4.418445988629175,False,ONT/USDT
1745654400000,SHORT,4.526572085889545,-1.0537325497484777,4.876572085889545,True,NEAR/USDT
1745654400000,SHORT,4.603461812990715,1.5281904513701683,4.953461812990715,True,CHZ/USDT
1745654400000,SHORT,5.060890991523751,0.10822559226087926,5.41089099152375,True,GRT/USDT
1745654400000,SHORT,5.220141784820666,0.6566101387284595,5.570141784820666,False,UMA/USDT
1745654400000,SHORT,5.392035141919271,1.39545976957543,5.742035141919271,False,CKB/USDT
1745654400000,SHORT,6.9622471241570665,0.35842707626738696,7.312247124157066,False,KAS/USDT
1745683200000,SHORT,-8.10202971896197,-1.4905178025872254,7.752029718961971,True,1000BONK/USDT
1745697600000,SHORT,-8.166399026763965,,7.816399026763965,False,BSV/USDT
1745712000000,SHORT,3.4082545642884816,-0.42994423980987656,9.404013984203017,True,TRB/USDT
1745712000000,SHORT,4.168950437317786,1.8622712786419224,7.805442176870736,False,ANKR/USDT
1745712000000,SHORT,7.5385891472868,2.697703931116762,7.888589147286799,False,STORJ/USDT
1745712000000,SHORT,9.13644285881389,-0.1234547246544064,9.48644285881389,True,ORDI/USDT
1745712000000,SHORT,10.724347678752942,-1.0385677256731058,11.074347678752941,False,ARPA/USDT
1745740800000,SHORT,5.61723503844869,0.018854179444395297,5.96723503844869,False,ROSE/USDT
1745755200000,SHORT,4.488607794832923,2.056162349838262,9.92388351967656,False,STEEM/USDT
1745755200000,SHORT,8.71433474128827,1.0175570909202762,9.06433474128827,True,WLD/USDT
1745841600000,SHORT,2.5952290733723733,1.386703338764931,9.023992421632778,False,YFI/USDT
1746561600000,LONG,4.125041876046899,0.1732059977598837,4.475041876046899,True,XLM/USDT
1746576000000,LONG,4.117107995846322,-0.9893020791246391,4.467107995846321,True,COMP/USDT
1746576000000,LONG,5.912612364703713,-0.6071873144765257,6.262612364703712,True,NEO/USDT
1746662400000,LONG,7.705693348365276,-1.3932820774550845,8.055693348365276,True,OP/USDT
1746792000000,SHORT,-8.942390949990203,1.107659805117687,8.592390949990204,True,ETH/USDT
1746820800000,SHORT,-6.915808556925291,2.0203316029824445,6.565808556925291,True,ETH/USDT
1746849600000,SHORT,-1.395404899360281,0.96256796165761,9.36648983200707,True,PYTH/USDT
1746864000000,SHORT,-8.575084146751934,1.0490526802897748,8.225084146751934,False,CAKE/USDT
1746864000000,SHORT,-5.281060664397576,2.7022483936622628,4.9310606643975765,True,BNB/USDT
1746864000000,SHORT,-1.9491259435836303,1.8745632345519374,6.705731029002762,True,LTC/USDT
1746864000000,SHORT,2.971421063695614,-0.20288222798959207,7.4055497162076795,False,KAVA/USDT
1746892800000,SHORT,-12.24342925659471,0.08553336500906604,11.893429256594711,True,PEOPLE/USDT
1746921600000,SHORT,5.79441730635031,-1.5064403015675363,6.144417306350309,True,MEME/USDT
1746936000000,SHORT,-9.23692033293698,,8.886920332936981,True,SNX/USDT
1746936000000,SHORT,-8.92916102841678,-0.6286801139739073,8.579161028416781,False,LPT/USDT
1746936000000,SHORT,-8.731803628601917,3.227032810437553,8.381803628601917,False,ROSE/USDT
1746936000000,SHORT,-8.418661893396962,2.7350678780624693,8.068661893396962,True,TIA/USDT
1746936000000,SHORT,-8.288673636736357,3.712222544476043,7.938673636736357,True,CFX/USDT
1746936000000,SHORT,-7.827173695782507,1.0251463673176906,7.477173695782508,True,DOT/USDT
1746936000000,SHORT,-7.755034160373952,3.1333002741567824,7.405034160373952,True,ICP/USDT
1746936000000,SHORT,-7.430379225061814,2.2976761627571447,7.080379225061814,True,MANA/USDT
1746936000000,SHORT,-7.3486499402628285,4.378727905899665,6.998649940262829,False,HFT/USDT
1746936000000,SHORT,-7.339725263729659,1.4837005444220832,6.989725263729659,True,SAND/USDT
1746936000000,SHORT,-7.337029993479667,1.6505397151064778,6.987029993479667,False,KSM/USDT
1746936000000,SHORT,-7.281894950177324,0.7559244937912211,6.931894950177324,True,GRT/USDT
1746936000000,SHORT,-6.613851225276752,2.5779747837847027,6.263851225276753,False,GMX/USDT
1746936000000,SHORT,-6.444955489614246,2.35738583809845,6.094955489614247,False,CKB/USDT
1746936000000,SHORT,-6.142017341998919,3.1051166639722396,5.792017341998919,True,ETH/USDT
1746936000000,SHORT,-5.320073415765054,1.0676056733268717,4.970073415765055,True,ATOM/USDT
1746936000000,SHORT,6.187248743718584,2.6660625980240504,6.5372487437185836,True,NEAR/USDT
1746936000000,SHORT,6.6167318982387515,1.9744850920995571,7.954990215264181,True,SEI/USDT
1746936000000,SHORT,7.5944152431011664,-2.5918262831958,7.944415243101166,False,API3/USDT
1746936000000,SHORT,7.759661835748787,5.8137788243270405,8.109661835748787,True,UNI/USDT
1746936000000,SHORT,10.104745799694527,,10.454745799694527,True,ARB/USDT
1746950400000,SHORT,-6.156831517183559,2.136443515607199,5.806831517183559,True,ARKM/USDT
1746950400000,SHORT,2.845488721804517,4.042173450379172,11.29066558441558,True,DOGE/USDT
1746950400000,SHORT,3.8924242424242395,-2.16593605466289,11.381560431905251,True,MASK/USDT
1746950400000,SHORT,6.42913433672992,0.5783651359459746,6.7791343367299195,False,ZEN/USDT
1746950400000,SHORT,7.23073344280241,-0.21376614715282644,11.897359058565943,True,IMX/USDT
1746950400000,SHORT,8.638496188496163,2.992605724101709,8.988496188496162,False,MINA/USDT
1746964800000,SHORT,-8.83353765323991,3.893881115830276,8.48353765323991,True,CFX/USDT
1746964800000,SHORT,2.571366550353001,1.7245624956134802,10.815913332792325,True,WLD/USDT
1746964800000,SHORT,3.924457024029572,4.316574878133772,4.274457024029572,False,HFT/USDT
1746964800000,SHORT,4.99107452339688,2.4767105147658666,5.3410745233968795,False,CKB/USDT
1746979200000,SHORT,5.25188786777801,-1.0501548773808833,5.60188786777801,True,MASK/USDT
1746979200000,SHORT,6.695644983461946,,7.045644983461946,True,ARB/USDT
1746979200000,SHORT,6.7377361731363585,2.9997420590375063,7.087736173136358,False,MINA/USDT
1747051200000,SHORT,-10.998412698412697,0.6358417001255395,10.648412698412697,True,RUNE/USDT
1747051200000,SHORT,-2.6447776934109513,-0.4119788916739115,11.512140386400073,False,KAS/USDT
1747080000000,SHORT,-8.705181347150257,0.6065850258792974,8.355181347150257,True,RUNE/USDT
1747080000000,SHORT,9.809969503991377,,10.159969503991377,False,KSM/USDT
1747108800000,SHORT,9.192338687267249,1.4729115567163562,9.542338687267248,False,POLYX/USDT
1747123200000,SHORT,8.016594635223358,7.6887875768723895,8.366594635223358,False,KSM/USDT
1747209600000,SHORT,8.040848981750846,0.7973354100414817,8.390848981750846,False,LQTY/USDT
1747238400000,SHORT,5.277782751417476,1.0438847515188252,5.627782751417476,True,AXS/USDT
1747944000000,SHORT,-7.007298080405631,,6.657298080405631,True,XMR/USDT
1747972800000,SHORT,-7.174430035557399,0.9688498121184027,6.824430035557399,True,ZEC/USDT
1747972800000,SHORT,3.3912153782554824,0.5554931060508337,6.975609756097533,True,BCH/USDT
1747987200000,SHORT,-8.376731291767642,1.6371821354478218,10.074406991260906,True,INJ/USDT
1747987200000,SHORT,3.1538204722241456,0.4428257662648452,11.01560542438217,True,WLD/USDT
1747987200000,SHORT,6.4894052507154445,1.0233737375758316,6.839405250715444,True,APT/USDT
1747987200000,SHORT,8.302204881114479,1.3177438715761156,8.652204881114478,False,WOO/USDT
1747987200000,SHORT,8.45459341224909,-2.6194396994884572,8.804593412249089,True,OP/USDT
1747987200000,SHORT,8.531451060917167,-0.6921037349740764,8.881451060917167,False,API3/USDT
1747987200000,SHORT,9.741920094007058,1.7067037489322958,10.091920094007058,True,1000PEPE/USDT
1748001600000,SHORT,-5.554848736013244,0.9650453978066911,5.204848736013244,True,ZEC/USDT
1748016000000,SHORT,7.25096062779056,0.43724834801421014,7.60096062779056,True,WLD/USDT
1748419200000,SHORT,-8.41679780016858,0.5281089812028535,8.06679780016858,True,TRB/USDT
1748448000000,SHORT,-9.719411219676532,0.5242500616388613,9.369411219676532,True,TRB/USDT
1748692800000,LONG,3.33005377247521,0.47480337360188296,9.045320114266518,False,HFT/USDT
1748692800000,LONG,4.260830225169235,0.36203332109839753,4.610830225169234,True,XRP/USDT
1748707200000,LONG,-5.4548192771084345,-0.5247538303454214,5.104819277108435,True,ADA/USDT
1748707200000,LONG,-4.276991150442472,0.29723490872082,6.9034706858406985,False,RSR/USDT
1748707200000,LONG,-0.49638226683396197,-0.20541281404017603,5.939659138435803,True,GRT/USDT
1748707200000,LONG,5.157536598590292,-0.6327757664671699,5.507536598590292,True,IMX/USDT
1748707200000,LONG,6.505198776758418,0.3595147644514385,6.855198776758417,False,AGLD/USDT
1748721600000,LONG,3.754274199511943,-0.16389519071021172,4.104274199511943,False,STEEM/USDT
1748721600000,LONG,5.067563388991958,0.19870829656723107,5.417563388991957,False,KNC/USDT
1749196800000,LONG,6.815636416540049,2.285165655480792,7.165636416540049,True,SUI/USDT
1749528000000,SHORT,9.986392606755892,,10.336392606755892,False,UMA/USDT
1749628800000,SHORT,3.8130756349427677,0.7269922666793839,4.163075634942768,False,KNC/USDT
1749628800000,SHORT,6.417404869692877,0.022054608844409615,6.767404869692877,True,UNI/USDT
1749657600000,SHORT,4.080494735861353,-0.7352175928841884,4.430494735861353,True,BCH/USDT
1749657600000,SHORT,5.1733993222757135,-2.749446725211774,5.523399322275713,False,YFI/USDT
1749657600000,SHORT,5.5978883767285215,0.022027341893148134,5.947888376728521,True,UNI/USDT
1749657600000,SHORT,6.4583409685863655,3.8993212909911983,6.808340968586365,True,AAVE/USDT
1749657600000,SHORT,7.520306705641099,-1.4779998268056553,7.870306705641099,True,ENS/USDT
1749686400000,SHORT,4.351297898640281,0.021889226190020972,4.701297898640281,True,UNI/USDT
1749700800000,SHORT,7.727998196573491,1.1355734238367057,8.07799819657349,False,RVN/USDT
1750291200000,LONG,-5.9228211547488705,0.05497529434736191,5.572821154748871,True,APE/USDT
1750521600000,SHORT,4.912124898621214,1.4176487818704153,5.262124898621214,False,SFP/USDT
1750550400000,SHORT,4.571746160064641,0.35196818800747837,4.92174616006464,False,SFP/USDT
1750622400000,LONG,5.274484975724976,-0.9954096887367065,5.624484975724975,True,XLM/USDT
1750622400000,LONG,5.335847512277399,-2.7524688281385528,5.685847512277388,True,XRP/USDT
1750622400000,LONG,5.970997206103589,-3.094858443020394,6.320997206103589,False,YFI/USDT
1750636800000,LONG,-4.114753764753757,0.28993274731135876,9.288013838013828,True,AR/USDT
1750636800000,LONG,6.199850746268662,-0.424184130452199,6.549850746268661,False,1INCH/USDT
1750636800000,LONG,6.26389547650418,-0.6973985940571155,6.6138954765041795,False,POLYX/USDT
1750636800000,LONG,6.514985326485707,-1.801787264923572,6.864985326485707,True,ADA/USDT
1750636800000,LONG,6.534167942269834,-1.8229540002459537,6.884167942269833,False,QNT/USDT
1750636800000,LONG,6.744441759304015,-2.445865638968694,7.094441759304015,False,RLC/USDT
1750636800000,LONG,6.805599214145389,-0.8144958228115758,7.155599214145389,False,EGLD/USDT
1750636800000,LONG,6.911467415398245,-0.6774778685417341,7.261467415398244,True,HBAR/USDT
1750636800000,LONG,7.09231897483402,-3.2087400791442073,7.44231897483402,False,KAS/USDT
1750636800000,LONG,7.654437643458298,-1.2992265608831164,8.004437643458298,True,SUI/USDT
1750636800000,LONG,8.174064267121445,-1.5397082175756718,8.524064267121444,True,JASMY/USDT
1750636800000,LONG,8.885473041709057,-0.8446389904752812,9.235473041709056,True,INJ/USDT
1750636800000,LONG,11.346771378708551,-0.8472824282909631,11.69677137870855,False,BIGTIME/USDT
1750651200000,LONG,5.450087565674253,-1.6848227381379612,5.800087565674253,False,BAT/USDT
1750651200000,LONG,5.454637809187278,0.5562736757298858,5.804637809187278,False,TWT/USDT
1750651200000,LONG,5.582576163782604,-2.5800720053004635,5.932576163782594,False,CAKE/USDT
1750651200000,LONG,5.585158067606406,-1.6099964909283417,5.935158067606405,False,ASTR/USDT
1750651200000,LONG,5.615725307878744,-2.7092575468931317,5.965725307878732,True,XRP/USDT
1750651200000,LONG,5.7258703162370495,-1.2111390766708445,6.075870316237049,True,ATOM/USDT
1750651200000,LONG,5.830720917531396,-0.9313855044418525,6.180720917531396,False,QTUM/USDT
1750651200000,LONG,6.079041076685821,-0.11292624787363495,6.429041076685821,False,ID/USDT
1750651200000,LONG,6.095890410958916,-2.5785132955938375,6.445890410958915,True,DOT/USDT
1750651200000,LONG,6.100324675324683,-1.2141633082368752,6.450324675324683,True,FLOW/USDT
1750651200000,LONG,6.1530935001738065,-1.481734902033365,6.503093500173806,False,KNC/USDT
1750651200000,LONG,6.226576030481474,-0.9747555023593811,6.5765760304814735,True,XLM/USDT
1750651200000,LONG,6.352752293577982,-1.3332442575639532,6.702752293577982,False,DASH/USDT
1750651200000,LONG,6.367650743931089,-1.2987383865817843,6.717650743931089,False,KSM/USDT
1750651200000,LONG,6.420011074197125,-1.0781825300968024,6.770011074197124,True,ETH/USDT
1750651200000,LONG,6.462819253438124,-1.782978320183716,6.812819253438124,False,ZRX/USDT
1750651200000,LONG,6.780053835800824,-0.1989776941978926,7.130053835800823,True,GRT/USDT
1750651200000,LONG,6.817695961995266,-2.2080592493824396,7.167695961995256,True,FIL/USDT
1750651200000,LONG,6.828790459965928,-2.881568789682019,7.178790459965928,False,YFI/USDT
1750651200000,LONG,6.919320388349525,-0.7445937080524917,7.2693203883495245,True,SNX/USDT
1750651200000,LONG,6.987068114511368,-1.0209705737734176,7.337068114511368,True,THETA/USDT
1750651200000,LONG,7.0123484365028625,0.027405525075705334,7.362348436502862,False,MINA/USDT
1750651200000,LONG,7.097387606318336,0.7462938250601244,7.447387606318336,False,GMX/USDT
1750651200000,LONG,7.193649885583532,-0.1495006708383961,7.543649885583531,False,ARPA/USDT
1750651200000,LONG,7.196619337390111,-1.818173341649678,7.546619337390122,False,ENJ/USDT
1750651200000,LONG,7.199258584807496,-0.2574160454435473,7.549258584807496,True,DOGE/USDT
1750651200000,LONG,7.199699799866574,-3.0281917495868393,7.549699799866573,False,IOTA/USDT
1750651200000,LONG,7.249660643081363,-2.176686189076282,7.5996606430813625,True,SAND/USDT
1750651200000,LONG,7.280882352941175,-2.449462863310884,7.630882352941175,False,SKL/USDT
1750651200000,LONG,7.299106781522812,-1.1188775156267463,7.649106781522821,True,ENS/USDT
1750651200000,LONG,7.312271175923056,0.4704386561035459,7.662271175923055,True,CFX/USDT
1750651200000,LONG,7.344213528932359,-3.075462315103679,7.694213528932359,True,VET/USDT
1750651200000,LONG,7.413516830294534,0.5568317687026112,7.763516830294534,True,APE/USDT
1750651200000,LONG,7.474528301886802,-3.428444939813572,7.824528301886802,True,GALA/USDT
1750651200000,LONG,7.588941548183247,0.15322304177899054,7.938941548183247,True,RUNE/USDT
1750651200000,LONG,7.600723938223936,-2.9887806454893138,7.950723938223936,True,AXS/USDT
1750651200000,LONG,7.726044568245122,-3.4592160976652373,8.076044568245122,True,LINK/USDT
1750651200000,LONG,7.772871452420709,-0.15232931247220083,8.122871452420709,False,EDU/USDT
1750651200000,LONG,7.822988929889307,-1.2613116119207306,8.172988929889307,False,YGG/USDT
1750651200000,LONG,8.145796356842581,-0.6704250257089494,8.49579635684258,False,ROSE/USDT
1750651200000,LONG,8.177029886273468,-1.4898071317665167,8.52702988627348,False,TLM/USDT
1750651200000,LONG,8.189916155113039,-0.13469809034241875,8.539916155113039,False,AGLD/USDT
1750651200000,LONG,8.204264534758444,-1.0982944952062346,8.554264534758444,True,AAVE/USDT
1750651200000,LONG,8.235938903863453,-1.0286783361228173,8.585938903863441,False,BLUR/USDT
1750651200000,LONG,8.460147559591379,-3.662780021299898,8.810147559591378,True,PYTH/USDT
1750651200000,LONG,8.469818181818185,-1.8029083489181812,8.819818181818185,True,SUSHI/USDT
1750651200000,LONG,8.589908779931582,-2.5908737540693174,8.939908779931582,False,ONE/USDT
1750651200000,LONG,8.594508670520241,-2.455332560212846,8.944508670520241,False,DUSK/USDT
1750651200000,LONG,8.705283861365084,-2.1432623144911136,9.055283861365083,False,HIGH/USDT
1750651200000,LONG,8.854903677758317,-1.5208848652924345,9.204903677758317,True,ARKM/USDT
1750651200000,LONG,8.985343872721774,-3.2581870808831694,9.335343872721774,False,ILV/USDT
1750665600000,LONG,5.273348416289598,-1.866448145199729,5.6233484162895975,False,ONT/USDT
1750665600000,LONG,6.1376427255985435,-1.8013417136435186,6.487642725598543,True,ADA/USDT
1750665600000,LONG,8.11152181752614,-1.2942045815190175,8.46152181752614,True,SUI/USDT
1750680000000,LONG,3.776439232409372,-2.1256543189091435,4.126439232409372,False,HIGH/USDT
1750694400000,LONG,3.7041302585352596,-1.6050695985286645,4.05413025853526,False,ASTR/USDT
1750795200000,SHORT,-7.835628133401145,-0.07221652981016743,7.485628133401145,False,LQTY/USDT
1751256000000,SHORT,3.8347354726799616,1.167283128289584,9.455745880312213,True,IMX/USDT
1751256000000,SHORT,7.782578510856387,0.5010029140414275,8.132578510856387,True,PYTH/USDT
1751270400000,SHORT,8.273419660261771,,8.62341966026177,False,CTK/USDT
1751284800000,SHORT,5.1581001472754195,-1.22014487378723,11.171988217967579,True,ARB/USDT
1751284800000,SHORT,8.217348881485014,0.500096985474535,10.45889576392193,True,PYTH/USDT
1751299200000,SHORT,6.114945270839169,,6.464945270839169,False,CTK/USDT
1751904000000,SHORT,-11.727714365907259,1.835304884992401,11.37771436590726,True,1000BONK/USDT
1752048000000,SHORT,-10.090596059942733,,9.740596059942733,False,DUSK/USDT
1752048000000,SHORT,-8.952980132450323,-1.3258540819498248,8.602980132450323,True,CELO/USDT
1752076800000,SHORT,-5.472115384615374,-1.306251975492691,5.122115384615374,True,CELO/USDT
1752105600000,SHORT,-4.622277227722766,-1.3104652251089084,4.272277227722767,True,CELO/USDT
1752148800000,SHORT,-5.417891274667965,0.3544445524932458,5.067891274667965,True,UNI/USDT
1752220800000,SHORT,-11.757207637231483,0.6613443614287655,11.407207637231483,False,SKL/USDT
1752235200000,SHORT,-5.212537387017231,0.2375103697666787,4.862537387017231,True,AAVE/USDT
1752235200000,SHORT,-2.170866141732288,-1.4570068627263235,6.914271653543294,True,ARB/USDT
1752235200000,SHORT,5.6097759256728885,0.7802231226580951,5.959775925672888,True,FET/USDT
1752235200000,SHORT,6.391370297769058,-1.732512846329384,6.741370297769057,True,WLD/USDT
1752264000000,SHORT,-11.621139374080133,6.311977616600953,11.271139374080134,True,XLM/USDT
1752264000000,SHORT,-9.610402414486918,1.007182664911768,9.260402414486919,True,XRP/USDT
1752264000000,SHORT,-9.51498476125973,,9.16498476125973,False,1INCH/USDT
1752264000000,SHORT,-9.104054054054037,-1.4917677803229923,8.754054054054038,True,ALGO/USDT
1752264000000,SHORT,-8.997982456140335,0.5154792035643568,8.647982456140335,True,HBAR/USDT
1752264000000,SHORT,-8.13208425326118,-1.062584284729406,7.78208425326118,True,1000PEPE/USDT
1752264000000,SHORT,-7.920067114093944,-4.62791793597275,7.570067114093944,False,SSV/USDT
1752264000000,SHORT,-7.659560786216929,0.36553108806638507,7.309560786216929,True,INJ/USDT
1752264000000,SHORT,-7.072852807283745,-0.7134751899225056,6.722852807283745,True,OP/USDT
1752264000000,SHORT,-7.047617675312196,-0.8849751139076478,6.6976176753121965,True,WLD/USDT
1752264000000,SHORT,-7.047266514806367,-2.9253831404151867,6.697266514806367,False,LPT/USDT
1752264000000,SHORT,-7.013942599716543,-3.053712288880011,6.663942599716544,True,PENDLE/USDT
1752264000000,SHORT,-6.9818809821057,-0.9172759112135996,6.6318809821057005,True,VET/USDT
1752264000000,SHORT,-6.905383795309169,-1.817520247442735,6.55538379530917,False,IOTA/USDT
1752264000000,SHORT,-6.8357284048230635,0.0722193760970607,6.485728404823064,False,TLM/USDT
1752264000000,SHORT,-6.7057427688851154,-0.9025376898655192,6.355742768885116,True,SUSHI/USDT
1752264000000,SHORT,-6.689894617990216,-1.6386659190304078,6.3398946179902165,True,ARKM/USDT
1752264000000,SHORT,-6.671440823327595,-1.1390159479107964,6.321440823327595,False,ONE/USDT
1752264000000,SHORT,-6.577661937075855,-2.671361288486131,6.2276619370758555,False,ZEN/USDT
1752264000000,SHORT,-6.403580146460521,-1.6709032007892102,6.053580146460521,True,AXS/USDT
1752264000000,SHORT,-6.344241686942414,0.7517034659083814,5.994241686942415,True,STX/USDT
1752264000000,SHORT,-6.197312610458456,-0.34449727617908615,5.847312610458457,True,GRT/USDT
1752264000000,SHORT,-6.142390958293531,0.29553876919746247,5.792390958293532,True,AR/USDT
1752264000000,SHORT,-6.138627369913163,-1.3625647478618168,5.788627369913163,True,SUI/USDT
1752264000000,SHORT,-6.11444792937212,-0.7434173437231755,5.76444792937212,False,ID/USDT
1752264000000,SHORT,-6.10163563160543,-0.4790931618220274,5.7516356316054305,False,HIGH/USDT
1752264000000,SHORT,-6.094458919576145,-1.8605161945695747,5.744458919576146,True,PYTH/USDT
1752264000000,SHORT,-6.053232242617724,-2.589286348601622,5.703232242617724,True,NEAR/USDT
1752264000000,SHORT,-5.982020382867366,0.6017983685176164,5.632020382867366,True,JASMY/USDT
1752264000000,SHORT,-5.96778285134449,0.29766682785255527,5.61778285134449,True,THETA/USDT
1752264000000,SHORT,-5.949608610567511,0.6534203642211055,5.599608610567511,False,SKL/USDT
1752264000000,SHORT,-5.914080901177663,-2.8159843670441953,5.564080901177664,True,DOT/USDT
1752264000000,SHORT,-5.829812206572742,-1.7160686498901065,5.479812206572742,True,GALA/USDT
1752264000000,SHORT,-5.703373397155916,-1.4030432129639014,5.3533733971559165,True,SAND/USDT
1752264000000,SHORT,-5.636902580008455,-1.2306514037514962,9.915677428450568,True,ADA/USDT
1752264000000,SHORT,-5.590886699507385,-0.5035787948110607,5.240886699507385,True,DYDX/USDT
1752264000000,SHORT,-5.522454780361747,-0.5905478263890529,5.172454780361748,False,MINA/USDT
1752264000000,SHORT,-5.503225806451598,-5.030828035344355,5.153225806451599,False,KAVA/USDT
1752264000000,SHORT,-5.5000198176773685,-1.9691963856726347,5.150019817677369,False,ENJ/USDT
1752264000000,SHORT,-5.437741446787029,-0.27441784783431095,6.859197071076882,False,RSR/USDT
1752264000000,SHORT,-5.3849453080023,-0.8169486864728323,5.034945308002301,False,YGG/USDT
1752264000000,SHORT,-5.366507727721152,-0.19048385106614157,5.0165077277211525,True,MANA/USDT
1752264000000,SHORT,-5.214030335861315,-0.8209774333756155,4.864030335861315,False,CHR/USDT
1752264000000,SHORT,-5.195852796364075,-0.9715242309818771,4.845852796364075,False,NMR/USDT
1752264000000,SHORT,-5.191295862607337,0.33879703466229655,4.841295862607337,True,FIL/USDT
1752264000000,SHORT,-5.157419609910381,-1.4007954192350036,4.807419609910381,False,EGLD/USDT
1752264000000,SHORT,-5.077848799779266,-0.9914081624169582,4.727848799779267,True,ENS/USDT
1752264000000,SHORT,-5.058172807181576,-1.096992174302554,4.708172807181576,True,ICP/USDT
1752264000000,SHORT,-5.03687872763419,0.2412218714438501,4.68687872763419,True,RUNE/USDT
1752264000000,SHORT,-4.996007789678671,0.04250892903411165,4.646007789678672,True,NEO/USDT
1752264000000,SHORT,-4.847974797479726,-0.10838636051271906,4.497974797479726,False,QTUM/USDT
1752264000000,SHORT,-4.803289473684184,-1.0065119269806844,4.453289473684184,True,AVAX/USDT
1752264000000,SHORT,-4.716760337213965,-1.099793767103958,4.366760337213965,False,ZRX/USDT
1752264000000,SHORT,-4.69905794021817,-1.9128669418073128,8.555319450347074,False,API3/USDT
1752264000000,SHORT,-4.66199999999999,-0.5425615908612631,4.3119999999999905,True,FLOW/USDT
1752264000000,SHORT,-4.527628049977091,-0.058290086419674675,4.177628049977091,True,LINK/USDT
1752264000000,SHORT,-4.41973189676772,0.3231420955259854,4.0697318967677205,True,CHZ/USDT
1752264000000,SHORT,-4.334716157205236,-1.725365422503008,8.402838427947584,True,MEME/USDT
1752264000000,SHORT,-3.1424439751261213,-1.3912674979032686,8.384723688841952,False,KAS/USDT
1752264000000,SHORT,-2.7630723921717557,0.8148266641914892,6.8843910317309325,False,ACH/USDT
1752264000000,SHORT,-2.5995755517826877,0.9496721578598358,4.684932088285218,True,LTC/USDT
1752264000000,SHORT,-0.5276514478593051,-0.9088724099405657,6.875004441286188,False,COTI/USDT
1752264000000,SHORT,0.5802094214793727,-0.6112776622437359,6.636417450131823,True,DOGE/USDT
1752264000000,SHORT,4.344788695877627,0.029923585819719396,4.694788695877627,False,AGLD/USDT
1752264000000,SHORT,4.99834038438292,-4.346437917159244,5.34834038438292,True,TRB/USDT
1752264000000,SHORT,5.050419649469263,-1.3306310439620375,5.400419649469263,True,ARB/USDT
1752264000000,SHORT,5.933905653832794,-1.1773541694030798,6.283905653832794,False,ROSE/USDT
1752264000000,SHORT,7.0710672853828225,-1.8915243075759602,7.421067285382822,True,PEOPLE/USDT
1752264000000,SHORT,7.167487710490521,-0.6281546488922013,7.517487710490521,True,ORDI/USDT
1752278400000,SHORT,-12.092307692307687,-2.6063924910104768,11.742307692307687,False,CYBER/USDT
1752292800000,SHORT,-8.580932929904174,0.6240182077717149,8.230932929904174,True,CFX/USDT
1752292800000,SHORT,-7.22540096230953,-1.0483143139534048,6.875400962309531,True,1000PEPE/USDT
1752292800000,SHORT,-6.859735297375105,-4.390983760943941,6.509735297375105,False,SSV/USDT
1752292800000,SHORT,-6.78114329268292,-0.7015778128782226,6.43114329268292,True,OP/USDT
1752292800000,SHORT,-5.487343117408898,-0.6935776094694048,5.137343117408898,True,HBAR/USDT
1752292800000,SHORT,-5.456405187411028,0.29078172121269036,5.106405187411029,True,AR/USDT
1752292800000,SHORT,-5.013309553783743,-1.7009079265922855,4.663309553783743,True,ADA/USDT
1752292800000,SHORT,-4.832955575702626,-1.4568576202583854,4.4829555757026265,True,ALGO/USDT
1752292800000,SHORT,-4.603325026232941,-0.057645239912066444,4.253325026232941,True,LINK/USDT
1752292800000,SHORT,-4.5866897330885505,-1.5935992787803008,8.21804829826296,False,API3/USDT
1752292800000,SHORT,-4.068682703923524,-0.40224543173370364,8.887058143810075,True,TIA/USDT
1752292800000,SHORT,-3.2208644610458927,-1.561558355406662,9.709146211312694,True,ORDI/USDT
1752292800000,SHORT,-2.067305151915454,0.7927420136044169,5.6566521985280245,False,ACH/USDT
1752292800000,SHORT,0.6939451183137894,-0.5949476744731731,6.567503479817052,True,DOGE/USDT
1752292800000,SHORT,3.657498167827026,-0.7419599640811275,4.007498167827026,True,ENS/USDT
1752292800000,SHORT,3.89906301920326,0.8021037209123494,4.24906301920326,True,BCH/USDT
1752292800000,SHORT,4.213865546218479,-1.32185522685365,4.563865546218478,True,ARB/USDT
1752292800000,SHORT,4.224069767441848,0.9762294648864567,4.574069767441848,True,JASMY/USDT
1752292800000,SHORT,4.453265306122428,-1.7265164635519028,4.8032653061224275,True,GALA/USDT
1752292800000,SHORT,4.80378499827167,-1.1646784779232362,5.15378499827167,False,ROSE/USDT
1752307200000,SHORT,1.0912756823060459,1.0193185886262266,9.311928856179062,False,GAS/USDT
1752307200000,SHORT,3.7248209825145566,-0.47096439910035565,4.074820982514557,False,HIGH/USDT
1752307200000,SHORT,3.83190376569036,-1.7635038349266074,4.18190376569036,False,IOTA/USDT
1752321600000,SHORT,-12.065370907253222,,11.715370907253222,True,XLM/USDT
1752321600000,SHORT,-8.280613413872107,-0.6919898387352712,7.9306134138721065,True,HBAR/USDT
1752321600000,SHORT,-8.111872287662749,-0.7758378951349942,7.761872287662749,False,ANKR/USDT
1752321600000,SHORT,-7.562205270457692,-0.4382464550048187,9.481414701803049,False,BAT/USDT
1752321600000,SHORT,-7.3723311006367265,-0.17723741047323865,7.022331100636727,False,ASTR/USDT
1752321600000,SHORT,-7.064946996466412,,6.714946996466413,False,1INCH/USDT
1752321600000,SHORT,-7.001947489901882,-1.6986353982595859,6.6519474899018824,True,ADA/USDT
1752321600000,SHORT,-6.953352976279264,0.9470721049399776,6.603352976279265,True,XRP/USDT
1752321600000,SHORT,-6.932447195921325,-0.2878245220108906,6.5824471959213255,False,ONT/USDT
1752321600000,SHORT,-6.107097791798114,2.726249976086963,11.834356180097489,False,STEEM/USDT
1752321600000,SHORT,-6.029548133595266,1.4144833627803275,5.679548133595266,False,RLC/USDT
1752321600000,SHORT,-4.992763938315535,-1.0841643488955457,4.642763938315535,False,STG/USDT
1752321600000,SHORT,-4.949257662835225,-3.3095546096439574,4.5992576628352255,False,KAVA/USDT
1752321600000,SHORT,-3.72951573222841,-0.5647836410959454,7.754641978505751,False,MTL/USDT
1752321600000,SHORT,-1.6195840086439808,-2.8622597422930993,7.290113452187998,False,IOST/USDT
1752336000000,SHORT,-7.76481481481481,1.4601396363503236,7.41481481481481,True,CFX/USDT
1752336000000,SHORT,-5.411745148595463,-1.3061397124707095,9.848168001085602,False,POLYX/USDT
1752336000000,SHORT,-2.9388958203368745,1.0124466151998326,11.187211478477835,False,GAS/USDT
1752350400000,SHORT,-7.381999999999999,-0.42946077681053374,7.031999999999999,False,BAT/USDT
1752350400000,SHORT,-7.284232903915664,,6.934232903915665,True,XLM/USDT
1752350400000,SHORT,-4.611474721664533,0.9189837291259036,4.261474721664533,True,XRP/USDT
1752350400000,SHORT,-4.503061224489767,-0.8933479061115696,4.153061224489767,False,ANKR/USDT
1752350400000,SHORT,-2.9795731707316997,-0.5477436373886387,5.14171747967479,False,MTL/USDT
1752350400000,SHORT,-2.511431948665997,-0.21853791409104292,8.02320162107397,False,STORJ/USDT
1752364800000,SHORT,-4.559030418250932,1.0182696036915786,4.209030418250932,False,GAS/USDT
1752422400000,SHORT,-8.152236421725227,1.5571407534003554,7.802236421725227,False,RLC/USDT
1752480000000,SHORT,-10.711870177031317,-0.6673755649315314,10.361870177031317,False,IOTA/USDT
1752480000000,SHORT,-8.336096278992143,-0.4777907804575944,7.986096278992143,True,HBAR/USDT
1752494400000,SHORT,-11.136615051099414,1.1570462684861533,10.786615051099414,True,JASMY/USDT
1752494400000,SHORT,-10.972898860398839,0.8968799751377418,10.62289886039884,True,ALGO/USDT
1752494400000,SHORT,-8.992514835605427,0.5493124273415959,8.642514835605427,True,SAND/USDT
1752494400000,SHORT,-8.562091379527946,0.7208440334461923,8.212091379527946,True,STX/USDT
1752494400000,SHORT,-7.918327040371746,1.2576127090173674,7.568327040371746,True,AR/USDT
1752494400000,SHORT,-5.141612903225794,-0.12821995740546455,4.791612903225794,False,ZRX/USDT
1752494400000,SHORT,-4.866609235010313,0.17891416078820335,4.516609235010313,False,ONT/USDT
1752494400000,SHORT,-4.659202881710425,0.33318826705058885,4.3092028817104255,False,KAVA/USDT
1752508800000,SHORT,-9.916110860748086,0.10206284358579884,9.566110860748086,False,IOTA/USDT
1752508800000,SHORT,-9.115152473744137,0.8621825278661834,8.765152473744138,True,HBAR/USDT
1752508800000,SHORT,-7.7200394650296,1.0429883100681787,7.3700394650296,True,UNI/USDT
1752523200000,SHORT,-5.099803220035757,1.7525674699291292,4.749803220035758,True,ALGO/USDT
1752552000000,SHORT,-7.830066079295154,1.7609606029425688,7.480066079295154,True,ALGO/USDT
1752580800000,SHORT,-5.947787294789418,1.738038897894921,5.597787294789418,True,ALGO/USDT
1752580800000,SHORT,2.0724394390140146,1.3107550454932684,10.231959201019974,False,SKL/USDT
1752609600000,SHORT,0.19530201342282572,1.310011311948498,8.798573825503347,False,SKL/USDT
1752667200000,SHORT,3.8125366262034075,0.8466541695427978,4.162536626203408,False,SKL/USDT
1752782400000,SHORT,9.679065802932145,0.38473326114020084,10.029065802932145,True,1000BONK/USDT
1752811200000,SHORT,5.956892067620278,1.588721040029125,9.658289986996094,True,ALGO/USDT
1752825600000,SHORT,-9.102458708708683,-0.30323062870504,8.752458708708684,True,LDO/USDT
1752825600000,SHORT,1.631069777679953,-0.49777390865104193,9.955411255411246,True,HBAR/USDT
1752825600000,SHORT,4.792486421243206,0.8951299843569408,5.1424864212432055,True,RUNE/USDT
1752825600000,SHORT,5.046666848210878,1.6562481717905821,5.396666848210877,True,LINK/USDT
1752825600000,SHORT,8.283233233233227,,8.633233233233227,True,CRV/USDT
1752840000000,SHORT,-9.673816751759341,-1.1948306286393506,9.323816751759342,False,LPT/USDT
1752840000000,SHORT,-9.669915531930373,2.7582759311300884,9.319915531930373,True,ENS/USDT
1752840000000,SHORT,-9.56311694626793,2.4339539614571564,9.213116946267931,True,ADA/USDT
1752840000000,SHORT,-9.31508297771454,-1.5591128092511104,8.965082977714541,True,ORDI/USDT
1752840000000,SHORT,-8.78712828409199,1.1288290125862603,8.43712828409199,True,LTC/USDT
1752840000000,SHORT,-8.4031082654249,-0.4470170056004961,8.0531082654249,True,DOT/USDT
1752840000000,SHORT,-8.137198515769917,0.05324940137081883,7.7871985157699175,False,ZEN/USDT
1752840000000,SHORT,-8.134054514480404,1.9102049208397491,7.784054514480404,True,IMX/USDT
1752840000000,SHORT,-8.06296514193262,-0.9772873377857516,7.712965141932621,True,VET/USDT
1752840000000,SHORT,-8.028442888336707,-1.2607039147639134,7.678442888336708,True,PYTH/USDT
1752840000000,SHORT,-7.840528519099962,0.010778835220865172,7.490528519099962,True,GALA/USDT
1752840000000,SHORT,-7.781502991904246,0.4101841662864212,7.431502991904247,True,NEAR/USDT
1752840000000,SHORT,-7.384989461005712,-1.2225418590265558,7.034989461005712,True,MANA/USDT
1752840000000,SHORT,-7.358624265468372,1.4286822572313989,7.008624265468372,True,ICP/USDT
1752840000000,SHORT,-7.199816633147974,2.354284782079742,6.849816633147975,True,STX/USDT
1752840000000,SHORT,-6.668224560617922,1.0126905003319566,6.318224560617923,True,THETA/USDT
1752840000000,SHORT,-6.641658960606606,0.7447815930079871,6.291658960606607,True,GRT/USDT
1752840000000,SHORT,-6.6403755156515345,-1.0781776963735623,6.290375515651535,True,SAND/USDT
1752840000000,SHORT,-6.1638131842534145,-0.28500373740014506,5.813813184253415,False,NMR/USDT
1752840000000,SHORT,-6.124859205776161,2.419973202936187,5.774859205776162,True,NEO/USDT
1752840000000,SHORT,-6.049372869228484,1.643157807219011,5.699372869228484,True,AVAX/USDT
1752840000000,SHORT,-4.309721605212502,1.1999154249657473,8.858101584480961,True,XRP/USDT
1752840000000,SHORT,-2.414641660361044,-0.24916521169729722,8.767657550535048,False,RSR/USDT
1752840000000,SHORT,1.2044041450777168,1.2782386886281132,11.21347150259064,False,IOTA/USDT
1752840000000,SHORT,1.5274822481646346,0.42577894451502113,5.309567938380052,False,TWT/USDT
1752854400000,SHORT,-9.45459491458534,1.643847253024165,9.10459491458534,True,LINK/USDT
1752854400000,SHORT,-9.338582290376307,0.6335137848045469,8.988582290376307,True,DOGE/USDT
1752854400000,SHORT,-8.342377224862538,-0.29773695430405583,7.992377224862539,True,LDO/USDT
1752854400000,SHORT,-5.829812206572757,-0.0007684750548209664,5.479812206572757,True,FIL/USDT
1752854400000,SHORT,-5.322858020897354,1.7778851102569608,4.9728580208973545,True,BNB/USDT
1752854400000,SHORT,-3.5775202550139444,0.9393296173241803,9.372160977553436,True,OP/USDT
1752854400000,SHORT,-0.7208281829419002,-0.49568367389483037,8.294845862831027,True,HBAR/USDT
1752854400000,SHORT,0.29398943196829586,0.6368021858013495,6.01392007926023,False,YFI/USDT
1752868800000,SHORT,-7.014194382852913,-0.9711104668120027,6.664194382852913,True,VET/USDT
1752868800000,SHORT,-4.5280316344463785,1.1825160990568273,4.178031634446379,True,XRP/USDT
1752912000000,SHORT,0.9588674719077478,3.3125815082023515,9.493779723075615,True,ETC/USDT
1752926400000,SHORT,-10.216463247394389,0.8260913064008952,9.866463247394389,True,MASK/USDT
1752926400000,SHORT,-7.160621879255551,0.913315026818731,6.810621879255551,True,DOGE/USDT
1752940800000,SHORT,5.039903420353418,3.2418808387305087,9.724672093121328,True,ETC/USDT
1753041600000,SHORT,-6.710544217687071,-0.9233444691783718,6.360544217687071,False,ARK/USDT
1753041600000,SHORT,8.422734906373314,1.6536180322731053,8.772734906373314,True,LDO/USDT
1753041600000,SHORT,8.474761925374413,3.0502052511758433,8.824761925374412,True,PENDLE/USDT
1753070400000,SHORT,4.982127175150421,1.936315101760512,5.33212717515042,True,LDO/USDT
1753084800000,SHORT,4.076551258992788,-0.007087546183821811,4.426551258992788,False,IOST/USDT
1753084800000,SHORT,4.957745094402604,0.9512768201826719,5.307745094402604,False,ACH/USDT
1753084800000,SHORT,7.061735941320289,,7.411735941320289,False,CKB/USDT
1753113600000,SHORT,4.765367913148388,2.2236545654876254,5.115367913148388,True,AR/USDT
1753113600000,SHORT,4.898908383613832,1.6174188038618984,5.2489083836138315,True,AVAX/USDT
1753113600000,SHORT,5.052845029565983,0.26158160150522103,5.402845029565983,False,ENJ/USDT
1753113600000,SHORT,5.259908133077277,1.6460602168107137,5.609908133077276,True,LINK/USDT
1753113600000,SHORT,5.5041859854780775,1.8158265863100835,5.854185985478077,True,GRT/USDT
1753113600000,SHORT,6.539051094890498,2.7151120557733344,6.8890510948904975,True,ADA/USDT
1753113600000,SHORT,6.5963855421686635,0.8119808930516844,6.946385542168663,False,MINA/USDT
1753113600000,SHORT,8.294706810412825,1.2102905129967498,8.644706810412824,True,JASMY/USDT
1753113600000,SHORT,8.770750107774095,-0.14140963094913261,9.120750107774095,False,BIGTIME/USDT
1753142400000,SHORT,4.342282186142222,0.6099810338023177,4.692282186142221,False,AGLD/USDT
1753142400000,SHORT,5.381407942238261,2.681052711501293,5.731407942238261,True,ADA/USDT
1753142400000,SHORT,9.771297429620535,2.0404764706814995,10.121297429620535,False,RLC/USDT
1753156800000,SHORT,-8.542207792207785,1.5342994016545333,8.192207792207785,False,STEEM/USDT
1753185600000,SHORT,8.289304252800285,1.1852666368821227,8.639304252800285,False,KAS/USDT
1753257600000,SHORT,4.522021880064824,-1.184376610697514,4.872021880064824,True,SOL/USDT
1753286400000,SHORT,-5.793723168311674,1.8860968730583685,5.443723168311674,True,BNB/USDT
1753300800000,LONG,-11.08523767989532,,10.73523767989532,False,SLP/USDT
1753675200000,SHORT,4.827039092664079,2.1305842517605127,5.177039092664079,True,BCH/USDT
1753704000000,SHORT,10.353705921490354,-0.5499210106064555,10.703705921490354,False,CAKE/USDT
1753732800000,SHORT,4.4852027944886315,1.4598174073403987,4.835202794488631,True,BNB/USDT
1754409600000,SHORT,-1.7076545060802895,1.6067380856407465,7.944052973513226,True,LTC/USDT
1754654400000,LONG,5.058088698034268,,5.408088698034268,True,XMR/USDT
1754654400000,SHORT,-0.935880064243215,5.508893853466384,6.292089488090101,True,XLM/USDT
1754654400000,SHORT,-0.06744395454262841,1.5260035227003688,5.3047227224740565,True,XRP/USDT
1754769600000,SHORT,9.085759036144568,,9.435759036144567,False,SLP/USDT
1754784000000,SHORT,-6.649374965931995,4.288838203864294,6.299374965931995,True,PENDLE/USDT
1754784000000,SHORT,5.151014947407261,0.9500930499795076,5.501014947407261,True,COMP/USDT
1754798400000,SHORT,-10.183174922317662,-1.324943182711592,9.833174922317662,False,MAV/USDT
1754798400000,SHORT,-9.938072298749898,4.178102544477931,9.588072298749898,True,LDO/USDT
1754798400000,SHORT,-9.128720850480072,2.5762010096770496,8.778720850480072,True,IMX/USDT
1754798400000,SHORT,-8.802738131389818,1.6977615105721091,8.452738131389818,False,SSV/USDT
1754798400000,SHORT,-8.105975833990012,-0.2791157744825721,7.755975833990012,True,OP/USDT
1754798400000,SHORT,-7.611244187066761,2.733418971133602,7.261244187066762,True,ETC/USDT
1754798400000,SHORT,-7.536795774647859,2.0271656337730186,7.18679577464786,True,ARB/USDT
1754798400000,SHORT,-6.857505917796417,0.7738125363148103,6.507505917796418,True,DOGE/USDT
1754798400000,SHORT,-6.394736842105263,1.6575750268813545,6.044736842105263,True,DYDX/USDT
1754798400000,SHORT,-6.026311239193067,1.5268291963011134,5.676311239193067,True,GALA/USDT
1754798400000,SHORT,-5.596667654028425,2.3454526011946135,5.246667654028426,False,LPT/USDT
1754798400000,SHORT,-5.542682926829248,1.6716813171064453,5.1926829268292485,True,SNX/USDT
1754798400000,SHORT,-5.17070841889116,1.608706264626665,4.820708418891161,True,GRT/USDT
1754798400000,SHORT,-4.967549668874165,2.2914609981267193,4.617549668874165,True,CHZ/USDT
1754798400000,SHORT,-4.719110320284678,0.961359578702762,4.369110320284678,True,RUNE/USDT
1754798400000,SHORT,-4.3995327102803685,1.4453585583207644,4.049532710280369,True,FIL/USDT
1754798400000,SHORT,-3.721952273906277,0.6537687243140419,7.411015044094755,False,YFI/USDT
1754798400000,SHORT,-1.9657811260904072,-0.3604662451465655,8.333544805709755,True,ORDI/USDT
1754798400000,SHORT,0.21392270132728652,4.363579825094589,11.053572656626082,True,ENS/USDT
1754798400000,SHORT,1.623359644795269,,11.928268376911687,False,SLP/USDT
1754798400000,SHORT,4.202119700748117,0.9085546363386754,4.552119700748117,True,DOT/USDT
1754798400000,SHORT,4.233686033089631,1.6234540406363502,4.583686033089631,False,ZRX/USDT
1754798400000,SHORT,4.425578373581791,0.8460004190949256,4.775578373581791,False,EGLD/USDT
1754798400000,SHORT,4.688582677165345,0.4512554761045975,5.038582677165345,True,GMT/USDT
1754798400000,SHORT,4.76723963599595,1.881667779522562,5.11723963599595,False,MINA/USDT
1754798400000,SHORT,5.13412756598239,2.1182986593925235,5.48412756598239,True,NEAR/USDT
1754798400000,SHORT,5.1636448831688,1.7351761025389125,5.5136448831688,False,WOO/USDT
1754798400000,SHORT,5.16607780865421,-0.23240137974372016,5.5160778086542095,False,API3/USDT
1754798400000,SHORT,5.29579063994269,-0.3294128431995447,5.64579063994269,True,1000PEPE/USDT
1754798400000,SHORT,5.681428571428568,1.175477480024764,6.031428571428568,False,ROSE/USDT
1754798400000,SHORT,5.701260504201664,-1.1298990761935384,6.051260504201664,True,PEOPLE/USDT
1754798400000,SHORT,5.79259211209131,-0.025365085441124747,6.14259211209131,True,AR/USDT
1754812800000,SHORT,-5.808285714285701,1.8676496692069195,5.458285714285702,True,CELO/USDT
1754812800000,SHORT,5.569047619047598,0.9510523790608395,5.919047619047598,False,SKL/USDT
1754812800000,SHORT,6.252647771769513,0.9451710017388789,6.6026477717695125,True,COMP/USDT
1754827200000,SHORT,-8.075844795381196,2.5452843098797877,7.725844795381195,True,IMX/USDT
1754827200000,SHORT,-7.176186666666653,-1.2976991917582537,6.826186666666653,False,MAV/USDT
1754827200000,SHORT,3.2122975967274585,0.6457115240895634,5.873171978864832,False,YFI/USDT
1754827200000,SHORT,7.903997415066463,-3.4063397782913296,8.253997415066463,False,HFT/USDT
1754841600000,SHORT,11.513090057835285,,11.863090057835285,False,GMX/USDT
1754856000000,SHORT,4.078843461215337,-3.430047099246421,4.428843461215337,False,HFT/USDT
1754884800000,SHORT,-10.074161073825506,-1.29142585817247,9.724161073825506,False,MAV/USDT
1754899200000,SHORT,-10.528848223896635,-2.853207947176,10.178848223896635,False,CYBER/USDT
1754899200000,SHORT,-10.120507236195026,4.060067025156201,9.770507236195026,True,LDO/USDT
1754899200000,SHORT,-8.277001963779162,-0.20610662535328003,7.927001963779161,False,RSR/USDT
1754928000000,SHORT,9.80957446808511,,11.290319148936165,False,STG/USDT
1754942400000,SHORT,-8.627036789297632,3.960317421564102,8.277036789297632,True,LDO/USDT
1754956800000,SHORT,6.017193460490445,,6.367193460490444,False,STG/USDT
1754971200000,SHORT,-7.9075880398670995,3.9330143359894,7.5575880398671,True,LDO/USDT
1755072000000,SHORT,4.955056179775274,,5.305056179775273,False,CYBER/USDT
1755144000000,SHORT,7.163040279565939,2.7014250118097185,7.513040279565939,True,ARB/USDT
1755720000000,SHORT,-9.280139567341221,,8.930139567341222,False,API3/USDT
1755964800000,SHORT,8.68425837320573,1.4021857275661262,9.034258373205729,True,AAVE/USDT
1755993600000,SHORT,4.553787878787877,-0.6838890319231854,4.903787878787877,False,ASTR/USDT
1755993600000,SHORT,9.966576017313537,1.4027009551339704,10.316576017313537,True,AAVE/USDT
1756123200000,SHORT,11.608917303221519,,11.958917303221519,False,QTUM/USDT
1757203200000,LONG,4.873559759243345,0.02158355621793461,9.037986733816483,True,TRX/USDT
1757232000000,LONG,5.7371957930781585,-0.20914558760578647,9.43845542374954,True,TRX/USDT
1757376000000,SHORT,4.716572694321393,0.9007730816734475,5.066572694321392,True,ZEC/USDT
1757419200000,SHORT,-8.334274193548376,-0.45617170031625753,7.9842741935483765,False,ROSE/USDT
1757419200000,SHORT,-7.733609682567818,-0.7964237166745847,7.383609682567818,True,1000BONK/USDT
1757419200000,SHORT,-7.048274824473427,-1.9231002525004877,6.698274824473427,False,CKB/USDT
1757419200000,SHORT,-6.881639353902838,-0.9676466807099002,6.531639353902839,True,1000PEPE/USDT
1757419200000,SHORT,-6.56260145237078,-1.0026395210984507,6.21260145237078,True,AR/USDT
1757419200000,SHORT,-6.437619047619039,-0.7051809103772775,6.0876190476190395,False,SLP/USDT
1757419200000,SHORT,-6.093870796928766,-0.44239058683271454,5.743870796928767,True,OP/USDT
1757419200000,SHORT,-6.040365448504976,-1.7286806640889982,5.690365448504976,True,ARB/USDT
1757419200000,SHORT,-5.819714070729859,-0.004987900645085561,5.469714070729859,True,NEAR/USDT
1757419200000,SHORT,-5.806812339331604,-0.1408482855165256,5.456812339331604,True,CRV/USDT
1757419200000,SHORT,-5.765090508238563,-1.5029544397566272,5.415090508238563,True,SUI/USDT
1757419200000,SHORT,-5.703282442748081,0.7855718215522213,5.353282442748081,False,EDU/USDT
1757419200000,SHORT,-5.5786356821589225,-0.3729993202403938,7.029272863568206,False,BIGTIME/USDT
1757419200000,SHORT,-5.1056710775047165,-1.601267573864118,4.755671077504717,False,ONE/USDT
1757419200000,SHORT,-5.101818181818167,-0.7585337258855184,4.751818181818168,False,MINA/USDT
1757419200000,SHORT,-5.093024439918515,0.13789326846299027,4.743024439918515,True,PEOPLE/USDT
1757419200000,SHORT,-5.085872235872241,-1.0032997400057007,4.735872235872241,False,DUSK/USDT
1757419200000,SHORT,-5.045617529880472,-1.193081933965071,4.695617529880472,True,GMT/USDT
1757419200000,SHORT,-5.0256211361250385,-0.665281003233991,4.675621136125039,True,ADA/USDT
1757419200000,SHORT,-4.938361045130628,-0.9146207085589616,4.588361045130628,True,GALA/USDT
1757419200000,SHORT,-4.928078724212114,-1.595694901925059,4.578078724212114,False,BLUR/USDT
1757419200000,SHORT,-4.792584144988274,-0.2591090538738379,4.442584144988274,True,THETA/USDT
1757419200000,SHORT,-4.581183635227978,-0.9429289996144349,4.231183635227978,True,STX/USDT
1757419200000,SHORT,-4.554036520903402,-1.1782458515735976,4.2040365209034025,True,CHZ/USDT
1757419200000,SHORT,-4.508314081555892,-0.8228221948470119,4.1583140815558925,True,XLM/USDT
1757419200000,SHORT,-4.433106180665601,-0.23461265608252077,4.0831061806656015,True,GRT/USDT
1757419200000,SHORT,-4.350705371676605,-0.08632253831161178,4.000705371676605,False,ZEN/USDT
1757419200000,SHORT,-3.8395314057826555,-1.231130306071696,6.199999999999991,False,CHR/USDT
1757433600000,SHORT,-4.592504996668876,-0.043427336707860774,4.242504996668877,True,APE/USDT
1757448000000,SHORT,-6.780713743356101,-0.004953343032551324,6.430713743356101,True,NEAR/USDT
1757448000000,SHORT,-6.773807803468194,-0.9733969475210767,6.423807803468194,False,ROSE/USDT
1757448000000,SHORT,-5.027392646646073,-0.7343501641448106,4.677392646646074,True,AR/USDT
1757448000000,SHORT,-3.227920470369807,-0.10029776208539286,10.123595853318886,True,ARKM/USDT
1757476800000,SHORT,-10.047447719413793,0.12400663049433022,9.697447719413793,True,ARKM/USDT
1757491200000,SHORT,-9.986297451898052,-0.8251053636593273,9.636297451898052,True,ORDI/USDT
1757491200000,SHORT,-5.7525250649832715,-0.9732634484792925,5.402525064983272,False,ROSE/USDT
1757491200000,SHORT,10.831027081456357,,11.181027081456357,True,WLD/USDT
1757520000000,SHORT,7.211612744830584,,7.561612744830583,True,WLD/USDT
1757592000000,SHORT,5.948103850641774,0.21376714304234154,6.298103850641773,False,CTK/USDT
1757635200000,SHORT,-4.37884112692417,0.21386624168553697,4.028841126924171,False,CTK/USDT
1757664000000,SHORT,-5.228080527594576,-0.9168618423800498,4.878080527594577,True,IMX/USDT
1757764800000,SHORT,4.7234672658974945,-0.22821071003811574,5.073467265897494,True,AVAX/USDT
1757779200000,SHORT,5.43313563692625,-0.751044259420276,5.783135636926249,False,SLP/USDT
1757779200000,SHORT,7.110181144157037,-0.905546132759136,7.460181144157037,True,1000PEPE/USDT
1757779200000,SHORT,7.207191792792459,-0.45271409429058795,7.557191792792459,True,DOGE/USDT
1757793600000,SHORT,7.68663911845729,0.5187505469754905,8.03663911845729,False,TLM/USDT
1757808000000,SHORT,1.5993177387914095,-0.2673360070076039,9.126176552492336,True,MANA/USDT
1757808000000,SHORT,3.789600828879896,-0.6821399155786075,4.139600828879896,True,ADA/USDT
1757808000000,SHORT,3.9460848568471714,-0.5464073768482323,4.2960848568471715,False,HIGH/USDT
1757808000000,SHORT,4.283950617283942,-0.6426828433595811,4.633950617283942,True,CELO/USDT
1757808000000,SHORT,4.340722392361705,-1.934607647447216,4.690722392361705,False,CKB/USDT
1757808000000,SHORT,4.565763025654591,-0.3655550786707778,4.915763025654591,False,MTL/USDT
1757808000000,SHORT,4.825087183958137,-1.8640504798574715,5.175087183958136,True,COMP/USDT
1757808000000,SHORT,5.1029438508751905,-0.15161437091243057,5.45294385087519,True,DOT/USDT
1757808000000,SHORT,5.127691338582668,-1.5044795088776248,5.477691338582668,True,SAND/USDT
1757808000000,SHORT,5.208969663675765,0.00420237749349906,5.558969663675764,False,KSM/USDT
1757808000000,SHORT,5.298124717577933,0.13775281206778642,5.648124717577932,True,PEOPLE/USDT
1757808000000,SHORT,5.348583569405106,-0.2350499033306373,5.6985835694051055,True,ALGO/USDT
1757808000000,SHORT,6.788636363636347,-0.2068150048943235,7.138636363636347,False,ALICE/USDT
1757808000000,SHORT,7.117038033038797,-0.4505286559795198,7.467038033038796,True,DOGE/USDT
1757808000000,SHORT,8.466142682853983,-0.9103628295577388,8.816142682853982,True,1000PEPE/USDT
1757822400000,SHORT,5.9948250595347075,-1.3568776374282594,6.344825059534707,False,COTI/USDT
1757836800000,SHORT,-0.5260563380281692,-0.6118250870981734,6.462799295774636,False,HIGH/USDT
1757836800000,SHORT,1.935594464248263,1.201371731307807,11.278527993289995,False,ARK/USDT
1757836800000,SHORT,2.4665007112375434,-0.2655740920145204,8.289758179231852,True,MANA/USDT
1757836800000,SHORT,4.2895410082769025,-0.5012507404597957,4.639541008276902,False,BSV/USDT
1757836800000,SHORT,6.105065030225285,-1.916937341251476,6.455065030225285,False,CKB/USDT
1757836800000,SHORT,6.835253314150633,-1.3204988701626514,7.185253314150633,False,SSV/USDT
1757851200000,SHORT,-6.916815797593325,-0.885047247360833,6.566815797593326,True,IMX/USDT
1757851200000,SHORT,3.9414362006484835,-1.0232543015550795,6.115601754720563,True,ZEC/USDT
1757865600000,SHORT,2.6697206244864398,1.2025375545245884,9.283319638455193,False,ARK/USDT
1757894400000,SHORT,2.220532915360497,1.204059749270089,11.178934169278977,False,ARK/USDT
1757937600000,SHORT,-4.499646797631864,0.4802851368414209,4.149646797631864,True,XMR/USDT
1758081600000,SHORT,4.317721661054973,1.353856052603148,4.667721661054973,True,XMR/USDT
1758225600000,SHORT,4.25713518883492,0.8859396205968147,4.60713518883492,True,BCH/USDT
1758268800000,SHORT,5.414249955827776,-0.04601382224483093,5.7642499558277756,True,AVAX/USDT
1758283200000,SHORT,6.07129688493324,-0.005079861248964666,6.4212968849332395,True,NEAR/USDT
1758283200000,SHORT,11.507962664208327,-0.765362717062126,11.857962664208326,True,IMX/USDT
1758312000000,SHORT,7.4393877551020395,-0.7660396989958261,7.789387755102039,True,IMX/USDT
1758340800000,SHORT,-10.19609649122807,,9.84609649122807,False,TWT/USDT
1758427200000,SHORT,6.15898162221914,,6.50898162221914,False,TWT/USDT
1758441600000,SHORT,8.999885567653777,0.37033502740051527,9.349885567653777,False,CAKE/USDT
1758556800000,LONG,-1.857182944477779,0.8516145961312754,6.025597402138998,True,XRP/USDT
1758571200000,LONG,-7.539196954460578,-0.7274744918363857,7.189196954460578,True,WLD/USDT
1758571200000,LONG,-6.072315761341625,-0.4158580723777085,5.722315761341625,True,CFX/USDT
1758600000000,LONG,9.27358990737782,-0.8272584936671507,9.623589907377832,False,NMR/USDT
1758614400000,LONG,-5.050388272583208,-0.2353013406434902,4.700388272583209,False,POLYX/USDT
1758614400000,LONG,-4.909166963332151,-1.6061031376484378,4.559166963332151,False,DUSK/USDT
1758614400000,LONG,-4.863246647704207,-0.4116421366241221,4.513246647704207,True,CFX/USDT
1758628800000,LONG,-6.812840095465387,-2.0365937674608134,6.4628400954653875,False,API3/USDT
1758628800000,LONG,-5.887405063291149,,5.53740506329115,False,RLC/USDT
1758844800000,LONG,0.5783647825899251,-0.6976522423431829,7.581944384472557,True,PENDLE/USDT
1758888000000,LONG,-2.4577844311377137,-3.2468283301480354,5.696934131736512,False,CKB/USDT
1758902400000,LONG,4.83208836142415,1.6390708538814571,5.1820883614241495,True,SOL/USDT
1759003200000,SHORT,-12.05384959713517,6.167759787358693,11.70384959713517,True,SNX/USDT
1759204800000,SHORT,-9.18774981495188,-2.185936397459611,8.83774981495188,True,ZEC/USDT
1759449600000,SHORT,-9.055939788445881,-3.154954219223674,8.705939788445882,False,DUSK/USDT
1759449600000,SHORT,-6.14385640266468,,5.79385640266468,False,BSV/USDT
1759449600000,SHORT,2.2454977361137685,-0.21007357764839663,8.563988266054439,False,ILV/USDT
1759449600000,SHORT,4.888696537678191,-0.4828612866369071,5.238696537678191,False,SSV/USDT
1759464000000,SHORT,-5.784186471663609,,5.434186471663609,False,DASH/USDT
1759464000000,SHORT,0.8885137834598568,-0.4948909234482729,4.948341989612439,True,MEME/USDT
1759478400000,SHORT,-5.375211630474772,,5.0252116304747725,False,BSV/USDT
1759478400000,SHORT,0.7676814607836692,-0.20771663032952278,10.623945675482464,False,ILV/USDT
1759550400000,SHORT,-6.029618593563763,-0.05320031343663838,5.679618593563763,True,MANA/USDT
1759550400000,SHORT,6.355154756163278,,6.705154756163278,False,CAKE/USDT
1759564800000,SHORT,-8.490198477433374,1.0934402272016661,8.140198477433374,True,APT/USDT
1759579200000,SHORT,-4.657271139826248,-2.254757643098662,4.307271139826248,True,BNB/USDT
1759766400000,SHORT,7.01659090909089,,7.366590909090889,True,CELO/USDT
1759780800000,SHORT,-10.623987815712626,-1.6725458931883155,10.273987815712626,False,TWT/USDT
1759809600000,SHORT,-9.269236555095883,-1.6698669295467687,8.919236555095884,False,TWT/USDT
1759809600000,SHORT,8.739498876983674,0.19383652477307572,9.089498876983674,False,ASTR/USDT
1759838400000,SHORT,-4.923039277199128,-1.6683455533288598,4.573039277199128,False,TWT/USDT
1759881600000,SHORT,-10.588467819404407,-1.7053066108912311,10.238467819404407,False,CAKE/USDT
1759881600000,SHORT,-5.192743913946022,-1.6667181489297151,4.842743913946022,False,TWT/USDT
1759881600000,SHORT,6.757219362370626,-0.5747177339077411,7.107219362370626,True,BNB/USDT
1759924800000,SHORT,9.534551123381561,0.4452406361502456,9.884551123381561,False,CAKE/USDT
1760083200000,SHORT,9.048488120950305,,9.398488120950304,False,ALICE/USDT
1760169600000,LONG,-0.6918145397711426,1.6528007954070536,9.813044109758467,True,BTC/USDT
1760169600000,LONG,11.343603009367795,-0.3724521616446958,11.693603009367795,True,ETH/USDT
1760184000000,LONG,-10.74796316964285,,10.39796316964285,True,ARKM/USDT
1760184000000,LONG,-9.766536964980538,,9.416536964980539,True,CRV/USDT
1760184000000,LONG,-9.555554995463257,,9.205554995463258,True,TIA/USDT
1760184000000,LONG,-9.333019901405875,,8.983019901405875,True,APT/USDT
1760184000000,LONG,-9.146142805884462,,8.796142805884463,False,KSM/USDT
1760184000000,LONG,-8.431463414634143,,8.081463414634143,True,MANA/USDT
1760184000000,LONG,-8.176757225678125,,7.826757225678126,True,1000PEPE/USDT
1760184000000,LONG,-8.148099173553714,,7.798099173553714,True,PEOPLE/USDT
1760184000000,LONG,-8.020385214874182,,7.670385214874181,True,INJ/USDT
1760184000000,LONG,-7.848911968348165,,7.498911968348166,False,CYBER/USDT
1760184000000,LONG,-7.507976878612719,,7.157976878612719,True,CFX/USDT
1760184000000,LONG,-7.284030418250945,,6.934030418250946,False,ANKR/USDT
1760184000000,LONG,-7.2502206693637365,,6.900220669363737,True,GMT/USDT
1760184000000,LONG,-7.230126065999261,,6.880126065999262,False,KNC/USDT
1760184000000,LONG,-6.827895448400172,,6.477895448400172,True,STX/USDT
1760184000000,LONG,-6.776263627353809,0.44669895588385516,6.426263627353809,True,IMX/USDT
1760184000000,LONG,-6.303171328136936,,5.9531713281369365,True,ADA/USDT
1760184000000,LONG,-6.262402745995424,0.21383643891414456,5.912402745995425,True,SEI/USDT
1760184000000,LONG,-6.107620219326227,,5.757620219326228,True,XLM/USDT
1760184000000,LONG,-6.054764443446792,-0.6977768089551,5.704764443446792,True,PENDLE/USDT
1760184000000,LONG,-5.720877768662845,-1.3617060958412694,5.3708777686628455,False,ARK/USDT
1760184000000,LONG,-5.6509205335337285,,5.300920533533729,True,SUI/USDT
1760184000000,LONG,-5.506613448316048,,5.156613448316048,False,POLYX/USDT
1760184000000,LONG,-5.461560044893381,,5.111560044893381,True,RUNE/USDT
1760184000000,LONG,-5.128576364892877,0.1338210723510277,4.778576364892877,False,IOTA/USDT
1760184000000,LONG,-4.986056420805151,,4.636056420805152,False,BIGTIME/USDT
1760184000000,LONG,-4.953735965931097,,4.603735965931097,True,ORDI/USDT
1760184000000,LONG,-4.588588615550374,,4.238588615550374,True,PYTH/USDT
1760184000000,LONG,-4.548286020353502,,4.198286020353502,False,1INCH/USDT
1760184000000,LONG,-4.438373151308323,-1.44599723649559,4.088373151308323,False,WOO/USDT
1760184000000,LONG,-4.223656503619226,,11.081333625795146,True,AVAX/USDT
1760184000000,LONG,-3.0856709028734666,,11.199678456591638,False,ASTR/USDT
1760184000000,LONG,-2.666472694717987,2.137540831511629,8.54510966875559,False,QNT/USDT
1760184000000,LONG,-2.1623107971745776,,7.624076690211896,True,XRP/USDT
1760184000000,LONG,0.5111636210880067,,7.754988447805086,False,YFI/USDT
1760184000000,LONG,6.846245059288527,,7.196245059288526,False,GAS/USDT
1760184000000,LONG,6.979208633093522,,7.329208633093522,False,MTL/USDT
1760184000000,LONG,7.092986881937432,,7.442986881937432,False,ZRX/USDT
1760184000000,LONG,7.773920579892863,,8.123920579892863,False,HIGH/USDT
1760184000000,LONG,7.803698135898982,,8.153698135898981,False,STORJ/USDT
1760184000000,LONG,7.91001849568435,,8.26001849568435,False,ACH/USDT
1760184000000,LONG,7.946776779069095,,8.296776779069095,True,HBAR/USDT
1760184000000,LONG,8.293096234309617,,8.643096234309617,False,MAGIC/USDT
1760184000000,LONG,8.526701076701075,,8.876701076701075,True,MASK/USDT
1760184000000,LONG,8.689737324373839,,9.03973732437385,True,CHZ/USDT
1760184000000,LONG,8.964928758073274,,9.314928758073274,True,SAND/USDT
1760184000000,LONG,9.136893317702224,-0.03666312118242351,9.486893317702224,True,LDO/USDT
1760184000000,LONG,9.142198581560272,,9.492198581560283,True,ENS/USDT
1760184000000,LONG,9.18256408108561,,9.532564081085598,True,AAVE/USDT
1760184000000,LONG,9.18971337579618,,9.539713375796179,True,DOT/USDT
1760184000000,LONG,9.552070207020698,,9.902070207020698,True,GALA/USDT
1760184000000,LONG,9.736120662707114,,10.086120662707113,True,ARB/USDT
1760184000000,LONG,9.881377974543438,,10.231377974543438,False,SKL/USDT
1760184000000,LONG,9.93039624608968,,10.28039624608968,False,ONT/USDT
1760184000000,LONG,9.991726618705053,,10.341726618705044,True,FLOW/USDT
1760184000000,LONG,10.01871287128711,,10.368712871287121,True,THETA/USDT
1760184000000,LONG,10.517627963158686,,10.867627963158686,True,GRT/USDT
1760184000000,LONG,10.611319966583121,,10.96131996658312,False,IOST/USDT
1760184000000,LONG,10.715727699530511,,11.06572769953051,False,ONE/USDT
1760184000000,LONG,11.24328522121117,,11.59328522121117,True,ATOM/USDT
1760184000000,LONG,11.322298456260716,,11.672298456260716,False,MINA/USDT
1760184000000,LONG,11.33836031473275,,11.68836031473275,False,ID/USDT
1760184000000,LONG,11.382834757834763,,11.732834757834752,True,AR/USDT
1760184000000,LONG,11.615700249100458,,11.96570024910047,True,1000BONK/USDT
1760198400000,LONG,-5.537869264613448,,5.1878692646134485,True,MEME/USDT
1760198400000,LONG,3.8808243727598692,0.8734125365568686,4.230824372759869,True,CELO/USDT
1760198400000,LONG,4.45961400573615,,4.80961400573615,True,VET/USDT
1760198400000,LONG,4.522041420118348,,4.8720414201183475,False,EGLD/USDT
1760198400000,LONG,4.639862124898621,,4.989862124898621,True,JASMY/USDT
1760198400000,LONG,6.520625201417992,,6.870625201417992,False,NMR/USDT
1760198400000,LONG,6.70289932755091,-2.7781409602099543,7.05289932755091,False,GMX/USDT
1760198400000,LONG,7.519414316702826,,7.869414316702826,False,UMA/USDT
1760198400000,LONG,8.052759802055586,,8.402759802055586,False,HFT/USDT
1760198400000,LONG,9.219585157390037,,9.569585157390037,False,RSR/USDT
1760212800000,LONG,3.650071483886332,,4.000071483886332,True,HBAR/USDT
1760212800000,LONG,3.6563197026022434,,4.0063197026022435,True,FLOW/USDT
1760212800000,LONG,3.666717909300544,,4.016717909300544,True,GMT/USDT
1760212800000,LONG,3.693675889328064,,4.043675889328064,False,ANKR/USDT
1760212800000,LONG,3.739766081871353,,4.089766081871353,True,DYDX/USDT
1760212800000,LONG,3.7415835411471217,,4.091583541147122,False,STORJ/USDT
1760212800000,LONG,3.767633398142143,-0.6525892853007127,4.117633398142143,True,DOGE/USDT
1760212800000,LONG,3.7846153846153903,,4.13461538461539,False,HIGH/USDT
1760212800000,LONG,3.799636261891432,,4.149636261891432,False,1INCH/USDT
1760212800000,LONG,3.8116197183098577,,4.161619718309858,False,MAGIC/USDT
1760212800000,LONG,3.8209280303030266,,4.170928030303027,True,CHZ/USDT
1760212800000,LONG,3.8376796824715895,,4.18767968247159,False,ASTR/USDT
1760212800000,LONG,3.8541334300217422,0.13267806714362348,4.204133430021742,False,IOTA/USDT
1760212800000,LONG,3.8800829875518654,,4.230082987551854,False,CYBER/USDT
1760212800000,LONG,3.9038388324873057,,4.253838832487306,False,CKB/USDT
1760212800000,LONG,3.9535694366982583,,4.303569436698258,True,PYTH/USDT
1760212800000,LONG,3.999989637305705,,4.349989637305705,True,THETA/USDT
1760212800000,LONG,4.00352854434379,,4.353528544343789,False,MTL/USDT
1760212800000,LONG,4.178711256117459,,4.528711256117458,False,ONE/USDT
1760212800000,LONG,4.187653037653046,,4.537653037653046,True,MASK/USDT
1760212800000,LONG,4.217407938785278,-1.4411501473424155,4.567407938785277,False,WOO/USDT
1760212800000,LONG,4.241721854304645,,4.5917218543046445,True,CFX/USDT
1760212800000,LONG,4.258444416888827,,4.608444416888827,True,XLM/USDT
1760212800000,LONG,4.35544147023572,,4.705441470235719,False,ACH/USDT
1760212800000,LONG,4.510609911054643,,4.860609911054643,True,MANA/USDT
1760212800000,LONG,4.553931357254278,,4.903931357254278,True,COMP/USDT
1760212800000,LONG,4.577057793345005,,4.927057793345004,True,PEOPLE/USDT
1760212800000,LONG,4.6024175412293795,,4.952417541229379,False,ID/USDT
1760212800000,LONG,4.667946428571431,,5.017946428571431,False,MINA/USDT
1760212800000,LONG,4.683457618692519,,5.033457618692519,True,AR/USDT
1760212800000,LONG,4.765951994533172,,5.115951994533171,True,AAVE/USDT
1760212800000,LONG,5.913168940188874,-3.25976340413676,6.263168940188874,False,EDU/USDT
1760212800000,LONG,6.511867152693383,,6.8618671526933825,True,ORDI/USDT
1760227200000,LONG,3.7249481327800766,,4.074948132780077,False,ZRX/USDT
1760227200000,LONG,3.766897689768974,,4.116897689768974,True,ARB/USDT
1760227200000,LONG,3.7674338085539723,,4.117433808553972,False,GAS/USDT
1760227200000,LONG,3.7937035866645616,,4.143703586664562,True,ADA/USDT
1760227200000,LONG,3.9257668711656337,,4.275766871165634,False,BIGTIME/USDT
1760227200000,LONG,3.9394302694948187,,4.289430269494819,True,SAND/USDT
1760227200000,LONG,4.122061538461548,-0.0364254295187189,4.472061538461547,True,LDO/USDT
1760227200000,LONG,4.175544100801827,,4.5255441008018265,False,KNC/USDT
1760227200000,LONG,4.823751328374082,,5.173751328374082,False,ONT/USDT
1760227200000,LONG,5.8653935996262465,,6.215393599626246,True,VET/USDT
1760227200000,LONG,6.18060846288478,,6.530608462884779,False,EGLD/USDT
1760227200000,LONG,7.036217552533997,,7.386217552533997,True,MEME/USDT
1760227200000,LONG,9.73565909299973,-2.7739382645512234,10.08565909299973,False,GMX/USDT
1760227200000,LONG,9.846034791506789,,10.196034791506788,False,MAV/USDT
1760227200000,LONG,10.5121187800963,,10.8621187800963,False,SKL/USDT
1760241600000,LONG,3.8779258400927055,,4.227925840092706,True,RUNE/USDT
1760241600000,LONG,4.321371629542786,,4.671371629542786,True,STX/USDT
1760241600000,LONG,4.346982485756492,,4.696982485756491,False,YFI/USDT
1760241600000,LONG,4.690823791348601,,5.0408237913486005,False,NMR/USDT
1760241600000,LONG,4.778292268479187,-0.36988518062615267,5.1282922684791865,True,ETH/USDT
1760241600000,LONG,4.891217063989955,1.4784625502096278,5.2412170639899545,False,STG/USDT
1760241600000,LONG,5.074895804390106,-1.3602143039528698,5.424895804390106,False,ARK/USDT
1760241600000,LONG,5.079560336763335,,5.429560336763335,True,GRT/USDT
1760241600000,LONG,5.131499296105106,,5.481499296105105,False,POLYX/USDT
1760241600000,LONG,5.14645315675606,,5.496453156756047,True,ENS/USDT
1760241600000,LONG,5.309970323022492,,5.659970323022492,True,MASK/USDT
1760241600000,LONG,5.393390804597695,,5.743390804597695,True,DYDX/USDT
1760241600000,LONG,5.397953932859592,,5.747953932859591,True,XLM/USDT
1760241600000,LONG,5.644385285575994,,5.994385285575993,False,ANKR/USDT
1760241600000,LONG,5.803579630554167,,6.153579630554167,True,JASMY/USDT
1760241600000,LONG,5.90001069518717,,6.25001069518717,False,STEEM/USDT
1760241600000,LONG,5.976970471983256,,6.326970471983255,True,HBAR/USDT
1760241600000,LONG,6.062340537691096,-0.655670827700649,6.412340537691096,True,DOGE/USDT
1760241600000,LONG,6.265837104072394,,6.615837104072393,False,MTL/USDT
1760241600000,LONG,6.306893732970021,,6.656893732970021,False,1INCH/USDT
1760241600000,LONG,6.369152404237987,,6.719152404237986,False,RSR/USDT
1760241600000,LONG,6.428700361010845,,6.778700361010845,True,FLOW/USDT
1760241600000,LONG,6.467861312164371,-1.4417146614718424,6.8178613121643705,False,WOO/USDT
1760241600000,LONG,6.475594319234337,,6.8255943192343365,False,CKB/USDT
1760241600000,LONG,6.496732126419148,,6.846732126419147,True,CHZ/USDT
1760241600000,LONG,6.58326612903226,,6.933266129032248,False,CYBER/USDT
1760241600000,LONG,6.637950310559006,,6.987950310559006,True,MANA/USDT
1760241600000,LONG,6.754920634920638,,7.104920634920638,False,ONE/USDT
1760241600000,LONG,6.755460750853235,,7.105460750853235,False,MAGIC/USDT
1760241600000,LONG,6.789002810450701,,7.139002810450712,True,TIA/USDT
1760241600000,LONG,6.903792502179598,,7.253792502179597,False,MINA/USDT
1760241600000,LONG,7.020784218217257,,7.370784218217256,True,CFX/USDT
1760241600000,LONG,7.0271823547685655,,7.377182354768565,False,ACH/USDT
1760241600000,LONG,7.144227300060132,,7.494227300060132,False,STORJ/USDT
1760241600000,LONG,7.309682482733875,,7.659682482733874,True,PYTH/USDT
1760241600000,LONG,7.501640601042635,,7.851640601042635,True,ATOM/USDT
1760241600000,LONG,7.528312412831233,0.13262505316679568,7.8783124128312325,False,IOTA/USDT
1760241600000,LONG,7.729039420027187,,8.079039420027186,False,ID/USDT
1760241600000,LONG,7.771455576559548,,8.121455576559548,False,HIGH/USDT
1760241600000,LONG,7.898163115356361,,8.24816311535636,True,GMT/USDT
1760241600000,LONG,8.641366303436712,,8.991366303436712,True,PEOPLE/USDT
1760241600000,LONG,9.281623262189168,,9.631623262189168,True,THETA/USDT
1760241600000,LONG,9.293202357563839,,9.643202357563839,True,ORDI/USDT
1760241600000,LONG,11.355477235960256,,11.705477235960256,True,AR/USDT
1760256000000,LONG,4.830874673629245,,5.180874673629245,True,ARB/USDT
1760256000000,LONG,5.057396180660801,,5.4073961806608,False,BIGTIME/USDT
1760256000000,LONG,5.191621029572844,-0.03650146087104841,5.541621029572844,True,LDO/USDT
1760256000000,LONG,5.358035436742302,,5.708035436742302,True,ADA/USDT
1760256000000,LONG,5.858702175543875,,6.208702175543874,False,KNC/USDT
1760256000000,LONG,6.208678471388548,,6.558678471388547,True,SAND/USDT
1760256000000,LONG,6.829929022082019,,7.179929022082018,False,GAS/USDT
1760256000000,LONG,7.358544991030119,-2.7621202824929587,7.708544991030118,False,GMX/USDT
1760256000000,LONG,8.094923322501563,,8.444923322501563,True,VET/USDT
1760270400000,LONG,-11.711807746708743,-0.6979580785539261,11.361807746708743,True,PENDLE/USDT
1760270400000,LONG,-10.60742813762578,,10.25742813762578,True,APT/USDT
1760270400000,LONG,-10.28285024154589,,9.932850241545891,True,FET/USDT
1760270400000,LONG,-7.130538302277432,,9.124378881987584,False,1INCH/USDT
1760270400000,LONG,-5.583685905647249,,11.089916919811143,True,SUI/USDT
1760270400000,LONG,-5.312536648930383,,10.714963622543168,True,INJ/USDT
1760270400000,LONG,-4.996017699115048,,8.571570796460186,True,RUNE/USDT
1760270400000,LONG,-4.761461270753942,,10.578986753236029,True,1000PEPE/USDT
1760270400000,LONG,7.372268311319733,,7.722268311319732,True,MASK/USDT
1760270400000,LONG,7.749659863945583,,8.099659863945583,False,STEEM/USDT
1760270400000,LONG,8.69082191780822,,9.04082191780822,True,DYDX/USDT
1760270400000,LONG,8.776447661469929,,9.126447661469928,False,POLYX/USDT
1760270400000,LONG,9.239370691572155,,9.589370691572155,True,STX/USDT
1760270400000,LONG,9.638203690726455,,9.988203690726454,False,AGLD/USDT
1760270400000,LONG,10.339159159159154,,10.689159159159153,False,HIGH/USDT
1760270400000,LONG,11.481475161167992,0.44404127920327013,11.831475161167992,True,IMX/USDT
1761552000000,SHORT,5.316929824561385,0.3071996959161122,5.666929824561385,False,BSV/USDT
1761552000000,SHORT,5.608782608695638,1.0552297680198475,5.958782608695637,True,PENDLE/USDT
1761552000000,SHORT,7.538183111557447,-0.1391007257194705,7.888183111557447,False,ILV/USDT
1761566400000,SHORT,4.068867924528279,0.5389552382874526,4.4188679245282785,True,RUNE/USDT
1761566400000,SHORT,5.395200959808028,-0.39992442241260423,5.745200959808027,True,ARB/USDT
1761580800000,SHORT,6.018571428571406,-0.13894480753469388,6.368571428571405,False,ILV/USDT
1761595200000,SHORT,-4.497206282089994,,4.147206282089995,True,LTC/USDT
1761638400000,SHORT,4.682706803719997,,5.0327068037199965,True,LTC/USDT
1761667200000,SHORT,-0.8750138825786326,0.7027514904835425,11.165959917209346,True,HBAR/USDT
1761696000000,SHORT,-0.6325003852277954,0.702319405379658,8.439812008834545,True,HBAR/USDT
1761868800000,LONG,-6.550971731448761,0.4046046500546593,6.200971731448761,True,MANA/USDT
1761868800000,LONG,-5.836128709569854,,5.486128709569854,True,ATOM/USDT
1761868800000,LONG,5.6899249061326636,1.073620554925517,6.039924906132663,False,KSM/USDT
1761883200000,LONG,-7.088958333333329,0.36962554836177086,6.738958333333329,True,AXS/USDT
1761897600000,LONG,-6.888796931772299,0.6833598525095089,6.538796931772299,True,GMT/USDT
1761897600000,LONG,-6.680042225534033,1.9369095428141148,6.330042225534033,False,POLYX/USDT
1761897600000,LONG,-6.390225660184088,-0.4293481540540427,6.040225660184088,True,1000PEPE/USDT
1761897600000,LONG,-6.324520185307756,1.673964157094268,5.974520185307757,False,CTK/USDT
1761897600000,LONG,-6.033195146612741,,5.683195146612741,True,THETA/USDT
1761897600000,LONG,-5.789052619019204,,5.439052619019204,False,STEEM/USDT
1761897600000,LONG,-5.5769436575385525,1.9536291859789339,5.226943657538553,True,VET/USDT
1761897600000,LONG,5.446046654389202,,5.796046654389202,True,MASK/USDT
1761897600000,LONG,5.9140437392795935,-0.13023790469390362,6.264043739279593,False,BLUR/USDT
1761912000000,LONG,3.7317241379310384,0.5861842730684804,4.0817241379310385,False,WOO/USDT
1762214400000,LONG,-10.287082601054479,1.5589032800686968,9.93708260105448,False,CTK/USDT
1762257600000,LONG,-6.924825174825164,,6.574825174825165,True,ATOM/USDT
1762300800000,LONG,0.1645046524356748,-0.4415665670483951,8.008969166210564,True,XLM/USDT
1762300800000,LONG,0.8913602764711562,0.4351606925224366,8.627873908034942,True,ETH/USDT
1762300800000,LONG,1.268554157414258,1.455453378843899,11.000592153960035,True,SUI/USDT
1762300800000,LONG,2.945592184949177,-0.3405594846275801,7.702025383116544,True,BNB/USDT
1762300800000,LONG,7.5605849208478775,0.3544113844726101,7.910584920847877,True,XRP/USDT
1762300800000,LONG,8.019615023474168,0.3925045749883571,8.369615023474168,True,ADA/USDT
1762300800000,LONG,8.519924666795433,0.3696597976574913,8.869924666795432,True,UNI/USDT
1762300800000,LONG,8.796312074001936,0.9375855032075744,9.146312074001935,True,AVAX/USDT
1762300800000,LONG,9.118265620622031,1.121935610095283,9.46826562062203,True,SAND/USDT
1762300800000,LONG,9.329860442733404,,9.679860442733403,True,THETA/USDT
1762300800000,LONG,9.491147049016325,1.0685481489603237,9.841147049016325,True,CFX/USDT
1762300800000,LONG,9.81256103721165,2.90106370454123,10.162561037211649,True,1000BONK/USDT
1762315200000,LONG,6.81605541972292,0.07007040523073214,7.16605541972292,False,QNT/USDT
1762315200000,LONG,8.037053327670932,-0.26599753295716694,8.387053327670932,True,DOGE/USDT
1762315200000,LONG,10.752166934189399,0.4726981969322648,11.102166934189409,True,JASMY/USDT
1762329600000,LONG,0.6667122069009305,-0.48753035339707773,7.712403888924194,True,SOL/USDT
1762329600000,LONG,1.7100439345862721,0.38301908621723857,11.956407127166234,True,SUI/USDT
1762329600000,LONG,2.8424407627891846,0.02066150418214291,8.284778242501432,True,ETH/USDT
1762329600000,LONG,4.380072770350304,-0.34150373924471783,7.310551700795401,True,BNB/USDT
1762329600000,LONG,6.160155721056199,0.5854890666229696,6.510155721056199,False,YFI/USDT
1762329600000,LONG,7.484087668628681,-0.4783272619280687,7.834087668628681,True,XLM/USDT
1762329600000,LONG,7.527628164981654,0.15378678233855633,7.877628164981654,True,XRP/USDT
1762329600000,LONG,8.413687359760662,-0.44338279997347946,8.763687359760661,True,ADA/USDT
1762344000000,LONG,-0.30418078621912387,-1.4762207261606832,4.876446416117562,True,BTC/USDT
1762516800000,SHORT,-9.032568650861313,0.1995063447757915,8.682568650861313,True,AR/USDT
1762574400000,SHORT,-12.075150375939828,-1.3471520232204912,11.725150375939828,True,NEAR/USDT
1762574400000,SHORT,11.127499999999985,1.50502260624932,11.477499999999985,False,ROSE/USDT
1762588800000,SHORT,6.979393305439312,,7.329393305439312,True,FET/USDT
1762603200000,SHORT,10.253024532317683,5.215774079830846,10.603024532317683,True,ICP/USDT
1762632000000,SHORT,7.660212290502784,5.196845077999254,8.010212290502784,True,ICP/USDT
1762747200000,SHORT,7.298731862405277,,7.648731862405277,True,XMR/USDT
1762790400000,SHORT,10.430024585125983,1.4344603041230464,10.780024585125982,False,COTI/USDT
1762905600000,SHORT,7.494384474046841,,7.844384474046841,True,UNI/USDT
1763467200000,LONG,-7.5560007408321965,0.3436580155968269,7.206000740832197,True,JASMY/USDT
1763467200000,LONG,-4.772589212440525,-1.1989728749781645,4.422589212440525,True,BTC/USDT
1763740800000,LONG,-1.4016252390057478,0.20444101055402297,9.450286806883366,False,BSV/USDT
1763740800000,LONG,2.8161880568441187,-0.6724325645752015,8.624850894632207,True,ETC/USDT
1763755200000,LONG,3.472271284669523,0.033820874428433366,8.760811370222164,True,JASMY/USDT
1764144000000,SHORT,-6.778789659224426,-1.9537890880951112,6.428789659224426,False,QNT/USDT
1764273600000,SHORT,-7.734450540030849,-0.6971373382077278,7.3844505400308496,False,KAS/USDT
1764288000000,SHORT,6.945678219940079,-0.6684328338686487,7.295678219940078,False,ASTR/USDT
1764316800000,SHORT,5.374308062575193,-0.6652026806428604,5.724308062575193,False,ASTR/USDT
1764403200000,SHORT,-9.33315955766193,0.04984422454945489,8.98315955766193,True,COMP/USDT
1764432000000,SHORT,-10.181432748537993,-0.03304775418131045,9.831432748537994,False,IOST/USDT
1764532800000,SHORT,6.110933660933645,-1.0872181142103887,6.4609336609336445,False,QNT/USDT
1764561600000,SHORT,9.789063714063706,0.872033283329801,10.139063714063706,False,LQTY/USDT
1764576000000,LONG,5.556436314363144,-1.0535443951029078,5.906436314363144,False,STORJ/USDT
1764619200000,SHORT,7.685747800586485,-0.27706345579809605,8.035747800586485,True,COMP/USDT
1764662400000,LONG,6.727977919814063,-1.2468061220892288,7.077977919814063,True,NEAR/USDT
1764676800000,LONG,-10.697286821705422,0.7022445043393597,10.347286821705422,False,YGG/USDT
1764691200000,LONG,-5.2498181211919,0.8333581070951532,4.899818121191901,True,ZEC/USDT
1765296000000,LONG,-5.2280487804877955,-0.8173704542374675,10.999512195121945,True,DYDX/USDT
1765310400000,SHORT,7.3000563697857945,0.904361634215521,7.650056369785794,False,ENJ/USDT
1765771200000,LONG,-6.1555920592758415,-0.0801135702552822,5.805592059275842,False,RLC/USDT
1765872000000,LONG,-5.591079295154181,-0.005906106566225237,5.241079295154181,True,PEOPLE/USDT
1765872000000,LONG,-4.726650981664778,-1.1251891121212172,4.3766509816647785,True,JASMY/USDT
1765872000000,LONG,-4.652970458625774,-0.14062891065557956,4.302970458625774,True,RUNE/USDT
1765872000000,LONG,6.571584905660368,-0.014418767757440063,6.921584905660379,False,EDU/USDT
1765886400000,LONG,-6.177078891257988,-0.18588708795086922,5.8270788912579885,False,CHR/USDT
1765886400000,LONG,-5.910239515198163,1.1373017653096968,5.560239515198163,False,CAKE/USDT
1765886400000,LONG,-5.698101265822794,0.25565564207593794,5.348101265822795,True,ENS/USDT
1765886400000,LONG,-5.683415796225024,-0.17241396743350687,5.333415796225024,True,VET/USDT
1765886400000,LONG,-5.373331850533799,-0.4315979247166413,5.0233318505338,False,API3/USDT
1765886400000,LONG,-5.244422680412372,-0.029445432566566038,4.894422680412372,True,XRP/USDT
1765886400000,LONG,-5.217034764826172,-0.9873240128850725,4.8670347648261725,True,SAND/USDT
1765886400000,LONG,-4.90450885668277,-0.3105904446947685,4.55450885668277,False,STORJ/USDT
1765900800000,LONG,-7.96187196110211,0.038619479991755995,7.611871961102111,False,CKB/USDT
1765900800000,LONG,-5.698101265822781,-0.6301584381938656,5.348101265822781,False,BSV/USDT
1766016000000,LONG,-5.38085073710073,-0.19101322353650443,5.030850737100731,False,STEEM/USDT
1766059200000,LONG,-8.77010472289906,-0.47485997900353105,8.42010472289906,True,PENDLE/USDT
1766059200000,LONG,-6.715635382059811,-1.4051426836404721,6.3656353820598115,True,INJ/USDT
1766059200000,LONG,-6.709116022099442,0.8607062285792616,6.3591160220994425,False,DUSK/USDT
1766059200000,LONG,-6.450291745323502,-1.0324037484616038,6.100291745323502,True,PYTH/USDT
1766059200000,LONG,-6.438723608445299,-2.12668149672767,6.088723608445299,True,APE/USDT
1766059200000,LONG,-6.364275605872976,-0.3770497783603777,6.014275605872976,True,MASK/USDT
1766059200000,LONG,-6.315374402549117,-1.088349128472287,5.965374402549117,True,ARKM/USDT
1766059200000,LONG,-6.208255633255635,-0.5214821516344262,5.858255633255635,True,APT/USDT
1766059200000,LONG,-6.032394112500643,-0.4120513741780458,5.682394112500643,True,TRB/USDT
1766059200000,LONG,-5.8668604651162655,-0.4298024516739896,5.516860465116266,True,SUSHI/USDT
1766059200000,LONG,-5.6758479410849505,0.028194108370380836,5.325847941084951,True,ENS/USDT
1766059200000,LONG,-5.578747984954327,-1.2027545052899236,5.228747984954327,True,DOT/USDT
1766059200000,LONG,-5.578727131179453,-0.7898396263717036,5.228727131179453,True,STX/USDT
1766059200000,LONG,-5.444260599793175,-0.9934912645065282,5.094260599793175,False,BIGTIME/USDT
1766059200000,LONG,-5.438041710513732,-0.8938375102798344,5.088041710513733,True,VET/USDT
1766059200000,LONG,-5.3945659163987125,0.4364223591457432,5.044565916398713,False,1INCH/USDT
1766059200000,LONG,-5.172161339421616,-1.2115309197571529,4.8221613394216165,False,EGLD/USDT
1766059200000,LONG,-5.122996613995477,-0.4004605101268044,4.772996613995478,False,UMA/USDT
1766059200000,LONG,-5.085557785582873,-0.2939411213856487,4.735557785582873,True,RUNE/USDT
1766059200000,LONG,-4.976662503902587,-0.3715464829265446,4.626662503902588,False,LPT/USDT
1766059200000,LONG,-4.57035466461064,-0.6127149227930859,4.220354664610641,True,MANA/USDT
1766059200000,LONG,-3.0890900649953585,-2.1751658315307774,9.927483751160626,False,COTI/USDT
1766059200000,LONG,5.729710144927536,-0.2002799522549753,6.079710144927535,False,YFI/USDT
1766102400000,LONG,-5.2115881064884295,1.4261356387305073,4.86158810648843,False,TWT/USDT
1766102400000,LONG,-1.4242187500000068,-2.028379502359053,6.433886718750008,False,SKL/USDT
1766102400000,LONG,6.259748050389916,-0.3219211552925422,6.609748050389916,True,AR/USDT
1766116800000,LONG,-5.707142857142862,-1.3395144656835378,8.014880952380956,True,DYDX/USDT
1766116800000,LONG,-5.168907305095151,-1.158193074009779,5.915392879066913,False,EGLD/USDT
1766116800000,LONG,-4.914790575916231,-1.3446170957420134,5.666704842931936,False,ID/USDT
1766116800000,LONG,-4.842939666238771,-2.4054219814855298,7.339152759948641,False,MINA/USDT
1766116800000,LONG,-3.7113445378151337,-0.7444615267117387,5.84553821528613,True,STX/USDT
1766116800000,LONG,-2.4419421487603294,-0.8354629227397646,6.788739669421481,False,LQTY/USDT
1766116800000,LONG,-1.650813008130085,0.07655905124437035,6.9466666666666645,True,GALA/USDT
1766116800000,LONG,-1.5144832605531326,-1.218485402438893,5.52445414847162,False,RVN/USDT
1766116800000,LONG,-1.5052634199780877,-2.277868844968482,5.8901902200976,False,ASTR/USDT
1766116800000,LONG,-1.1278317938745699,0.9447057411999641,7.085610111813311,True,FET/USDT
1766116800000,LONG,-0.9780720917531469,-1.5699457280496967,5.717886400873849,True,ADA/USDT
1766116800000,LONG,-0.6476190476190423,0.4684639705249813,6.679613095238099,False,HIGH/USDT
1766116800000,LONG,0.3006666666666661,0.026600962084021827,6.733973333333343,True,ENS/USDT
1766116800000,LONG,0.5600642398286976,-0.5452648687020928,8.786241970021415,True,ARKM/USDT
1766116800000,LONG,1.1019586825180259,-0.6116139695722892,7.499152212044444,True,VET/USDT
1766116800000,LONG,1.1886242267223621,0.04878125759460813,7.274202929202132,True,TRB/USDT
1766116800000,LONG,3.963540713632207,0.6616671379139173,4.313540713632207,False,KNC/USDT
1766116800000,LONG,4.448739216987398,-1.9903511017155175,4.798739216987397,False,SFP/USDT
1766116800000,LONG,5.0557996768982125,-0.6636573652131231,5.405799676898212,False,RLC/USDT
1766116800000,LONG,5.40394466403162,-1.931964896423447,5.75394466403162,False,ANKR/USDT
1766116800000,LONG,5.5311704834605635,-0.45324742306640287,5.881170483460563,False,ARPA/USDT
1766116800000,LONG,5.836652806652796,0.7590365918323707,6.186652806652807,False,AGLD/USDT
1766116800000,LONG,6.010124496521424,-0.7420520155511316,6.360124496521424,False,BLUR/USDT
1766116800000,LONG,6.138796366389098,-0.9127032139684355,6.4887963663890975,False,API3/USDT
1766116800000,LONG,6.1420030975735695,-0.5733141872687743,6.492003097573558,True,1000PEPE/USDT
1766116800000,LONG,6.260797872340427,-0.5476894256137976,6.610797872340426,False,BIGTIME/USDT
1766116800000,LONG,6.585026269702268,-0.4081193281472275,6.935026269702267,True,SUSHI/USDT
1766116800000,LONG,7.189864976123827,-0.7477755011513308,7.539864976123827,False,YGG/USDT
1766116800000,LONG,7.228582224909314,-0.9124551650002128,7.578582224909313,False,CYBER/USDT
1766131200000,LONG,-0.33407643312100316,-0.25963448965017005,4.9674840764331165,False,STEEM/USDT
1766131200000,LONG,7.089973958333327,-1.789691296877955,7.439973958333327,False,KAVA/USDT
1766145600000,LONG,-8.238088737201355,-1.6505362104928727,7.888088737201356,True,THETA/USDT
1766145600000,LONG,-1.9512396694214833,-0.8384640343567679,6.196513429752063,False,LQTY/USDT
1766145600000,LONG,4.919405630865477,-0.5666378052080474,5.269405630865477,False,POLYX/USDT
1766160000000,LONG,-5.173593466424685,-0.9183583861848613,4.823593466424685,False,ONT/USDT
1766289600000,SHORT,3.9523810556447017,-1.3805425072267683,8.558643795810372,True,XMR/USDT
1766865600000,SHORT,-9.483668847508785,0.1323866837288511,9.133668847508785,False,GAS/USDT
1766937600000,SHORT,-4.454477611940299,0.8164510306970612,5.586333955223876,False,HIGH/USDT
1766937600000,SHORT,7.117792462065593,0.9128766299480199,7.467792462065592,True,UNI/USDT
1766966400000,SHORT,-7.9914441147378685,0.12239175851771567,7.641444114737869,False,GAS/USDT
1766995200000,SHORT,-5.09120331248943,1.0699969215441447,4.74120331248943,True,LDO/USDT
1766995200000,SHORT,3.7682476010696804,0.6362484501522492,4.1182476010696805,True,AVAX/USDT
1767081600000,LONG,4.137677329624483,-0.13281946243446924,4.487677329624483,False,LQTY/USDT
1767139200000,SHORT,10.833755685510052,,11.183755685510052,False,ZRX/USDT
1767211200000,SHORT,-9.12906701397111,0.3657915271720738,8.77906701397111,True,CHZ/USDT
1767240000000,SHORT,-6.877624179943755,0.3629123358036169,6.527624179943755,True,CHZ/USDT
1767412800000,SHORT,-10.030575539568355,-0.5091075393138728,9.680575539568355,True,MEME/USDT
1767412800000,SHORT,-8.789050304301472,-0.507999373288613,8.439050304301473,True,1000PEPE/USDT
1767412800000,SHORT,-5.9977099771230895,-1.078431123689271,5.64770997712309,True,PENDLE/USDT
1767556800000,SHORT,-9.04950738916256,-0.44848853985943854,8.69950738916256,True,1000BONK/USDT
1767585600000,SHORT,-5.190432640106899,-0.4469029481559733,4.8404326401069,True,1000BONK/USDT
1767585600000,SHORT,3.751722723543899,3.2992260611318507,9.844544708777674,True,MEME/USDT
1767600000000,SHORT,-7.502223750573129,-2.337855138469415,7.152223750573129,False,BIGTIME/USDT
1767614400000,SHORT,-5.617367706919933,-0.138067028486912,5.267367706919933,True,1000BONK/USDT
1767643200000,SHORT,-6.529026124338606,-0.13759883567071535,6.179026124338606,True,1000BONK/USDT
1767657600000,SHORT,7.557969275084017,,7.9079692750840165,False,BSV/USDT
1767657600000,SHORT,9.638693743139395,-0.30571178435502466,9.988693743139395,False,MINA/USDT
1767672000000,SHORT,-4.931574840018723,2.988779368555816,4.581574840018724,True,HBAR/USDT
1767672000000,SHORT,4.084903047091391,-0.7876847066118773,4.434903047091391,True,XLM/USDT
1767686400000,SHORT,2.771516164994422,-0.30505730745299336,10.028093645484944,False,MINA/USDT
1767686400000,SHORT,6.098508180943213,,8.16761308950913,False,BSV/USDT
1767700800000,SHORT,3.919247976572963,-0.7819218905718693,4.269247976572963,True,XLM/USDT
1767715200000,SHORT,-12.181693097014893,2.678096318038437,11.831693097014893,True,JASMY/USDT
1767715200000,SHORT,-8.725388838060375,3.5346546272947497,8.375388838060376,False,IOTA/USDT
1767715200000,SHORT,-6.212996688741715,1.167189346662728,5.862996688741715,True,ATOM/USDT
1767715200000,SHORT,-6.047615803814704,1.850812958589947,5.6976158038147044,False,QTUM/USDT
1767715200000,SHORT,-5.687963091438875,0.49924937557300164,5.337963091438875,False,ANKR/USDT
1767715200000,SHORT,-5.050777436268315,-1.2074386385475189,9.69349123124209,False,DUSK/USDT
1767715200000,SHORT,-0.11204640095180757,0.27597349395183457,5.177766210588917,True,MASK/USDT
1767715200000,SHORT,0.602519450301754,2.060662976640808,4.639307787391815,True,SOL/USDT
1767715200000,SHORT,1.1927769985974752,0.43800647201326043,9.239143185005714,False,UMA/USDT
1767715200000,SHORT,1.4890804597701037,-1.458559720777678,4.68091954022989,False,KAVA/USDT
1767715200000,SHORT,1.5428456849534684,-1.2166360206664646,6.703496952197624,True,THETA/USDT
1767715200000,SHORT,1.9471731257769838,1.1023141601030366,9.7493757094211,True,SUI/USDT
1767715200000,SHORT,1.976869806094189,0.5805870339805186,9.431652816251148,True,INJ/USDT
1767715200000,SHORT,4.340330752990843,-1.013090508007667,4.6903307529908425,False,RLC/USDT
1767715200000,SHORT,4.58213949104618,0.27779399852423836,4.93213949104618,False,ENJ/USDT
1767715200000,SHORT,4.738062622309203,-0.7143728268650716,10.310371819960864,True,SNX/USDT
1767715200000,SHORT,5.628992728252088,0.007990032908040736,8.430972259628325,True,XRP/USDT
1767715200000,SHORT,5.690087904038086,0.3813069914447967,6.040087904038086,True,ENS/USDT
1767715200000,SHORT,6.14039062499998,1.7640365599688288,6.490390624999979,True,SEI/USDT
1767715200000,SHORT,6.249180825242711,-0.21034505685980365,6.59918082524271,False,LPT/USDT
1767715200000,SHORT,6.315301185388262,-0.09836403480034218,6.6653011853882616,True,VET/USDT
1767715200000,SHORT,7.655930645754195,0.32164299831211624,8.005930645754194,False,KSM/USDT
1767715200000,SHORT,7.866609471516815,1.2952742581409846,8.216609471516815,True,FET/USDT
1767744000000,SHORT,-0.6869272237196843,1.8309595222145405,5.7745956873315265,False,QTUM/USDT
1767744000000,SHORT,5.652675585284269,-0.04760542464458784,6.002675585284269,False,RSR/USDT
1767744000000,SHORT,6.58492261607586,0.27062148003965303,6.93492261607586,False,UMA/USDT
1767744000000,SHORT,6.750413122721737,-0.6840629814376795,7.100413122721736,False,KSM/USDT
1767744000000,SHORT,8.46969111969112,-0.7061877341269084,8.81969111969112,True,SNX/USDT
1767772800000,SHORT,-7.25610441767068,-2.322807004610138,6.90610441767068,False,POLYX/USDT
1767772800000,SHORT,0.1861930294906171,2.4507602665275585,5.207439678284173,False,QTUM/USDT
1767772800000,SHORT,3.74088610795093,0.42978963955696664,4.09088610795093,False,UMA/USDT
1767772800000,SHORT,3.8347412353923223,-0.04721791415006587,4.184741235392322,False,RSR/USDT
1767772800000,SHORT,8.177734374999996,-0.7014604453397398,8.527734374999996,True,SNX/USDT
1767787200000,SHORT,-5.244895287958113,1.3816787296664828,4.894895287958113,False,CTK/USDT
1767787200000,SHORT,-4.8263417601730225,-0.38739142904223123,4.476341760173023,False,STEEM/USDT
1767801600000,SHORT,-12.318903828623492,2.573088154394038,11.968903828623493,True,JASMY/USDT
1767830400000,SHORT,-7.499177330895785,0.6903311273406518,7.149177330895785,False,ACH/USDT
1767844800000,SHORT,5.853816300129379,1.4361468821496048,6.203816300129379,False,CTK/USDT
1767916800000,LONG,-11.265487170121455,2.99171341815983,10.915487170121455,True,ZEC/USDT
1768075200000,SHORT,4.087030247479373,0.30366519928524316,4.437030247479373,True,GMT/USDT
1768075200000,SHORT,9.864548475139433,,10.214548475139432,False,ID/USDT
1768104000000,SHORT,-7.403931430917654,1.4060921866022038,7.053931430917654,True,CHZ/USDT
1768204800000,SHORT,-8.043819109724964,2.0360074170946216,7.693819109724965,False,ACH/USDT
1768204800000,SHORT,-4.477383012598614,3.8540394813513945,4.127383012598615,True,XMR/USDT
1768420800000,SHORT,-12.171370412125764,,11.821370412125765,False,DASH/USDT
1768435200000,SHORT,-9.973456790123457,1.3881226383905818,9.623456790123457,False,STG/USDT
1768564800000,SHORT,4.996274178205245,-0.9958359066183551,5.3462741782052445,False,TWT/USDT
1768593600000,SHORT,3.8290634472666327,-0.9949771180043038,4.179063447266633,False,TWT/USDT
1768680000000,SHORT,-11.11179794668277,-0.39437283295526426,10.761797946682771,False,DUSK/USDT
1768723200000,SHORT,6.460818908122472,2.1385453579572444,6.810818908122472,True,CHZ/USDT
1768809600000,LONG,-2.5508363714347086,0.5705287926436469,11.602576131245987,True,ZEC/USDT
1768824000000,LONG,-4.053703703703687,0.8346304012185928,10.480130959688958,False,NMR/USDT
1768838400000,LONG,-4.8540985221674875,-0.39147952925241997,4.504098522167488,True,WLD/USDT
1768838400000,LONG,5.37261450381682,3.2726341663346763,5.7226145038168195,True,MEME/USDT
1768838400000,LONG,5.474822226737111,0.29629853881824453,5.824822226737111,True,PENDLE/USDT
1768953600000,LONG,-4.65177660799473,-0.46249421548955544,4.30177660799473,True,RUNE/USDT
1768953600000,LONG,0.04197719405415484,0.15400406043075385,4.695245367542256,True,BCH/USDT
1768953600000,LONG,0.5585009733938939,-0.8991400090728938,5.281765087605452,False,IOST/USDT
1769155200000,SHORT,-7.995468914646981,5.598213087575419,7.645468914646981,False,STG/USDT
1769212800000,SHORT,6.166942148760323,7.680970333426047,6.5169421487603225,False,STG/USDT
1769212800000,SHORT,10.08355457227138,4.603571699684372,10.43355457227138,True,AXS/USDT
1769328000000,SHORT,7.804506437768239,,9.960300429184544,False,CYBER/USDT
1769385600000,LONG,4.204095074455895,-1.537483456719319,4.554095074455895,False,GMX/USDT
1769385600000,LONG,6.7921568627450934,-0.4061947604248873,7.142156862745093,False,EDU/USDT
1769400000000,LONG,-8.20888212506917,-3.2442243700787814,7.8588821250691705,True,APE/USDT
1769400000000,LONG,-7.928834561286,2.297915302368142,7.578834561286,True,STX/USDT
1769400000000,LONG,-7.374370503597111,0.6737477969002534,7.024370503597112,True,TIA/USDT
1769400000000,LONG,-7.3043373725716485,-1.8538387369307165,6.954337372571649,True,LDO/USDT
1769400000000,LONG,-6.8405228758169825,0.03745655411507816,6.490522875816983,True,GALA/USDT
1769400000000,LONG,-6.809295612009231,-1.1942283934736244,6.459295612009232,False,BAT/USDT
1769400000000,LONG,-6.32014218009478,0.1591719116820932,5.97014218009478,True,OP/USDT
1769400000000,LONG,-6.081216094032559,-1.3674486908529604,5.731216094032559,True,INJ/USDT
1769400000000,LONG,-6.018984321745059,0.3390735612162885,5.668984321745059,True,SUSHI/USDT
1769400000000,LONG,-5.885388127853891,0.07347397704233039,5.535388127853891,True,SUI/USDT
1769400000000,LONG,-5.863973436635292,-0.3746291427092885,5.513973436635292,True,GRT/USDT
1769400000000,LONG,-5.41174676387443,-1.2639977974523127,5.061746763874431,False,UMA/USDT
1769400000000,LONG,-5.306831312555939,-1.6834740994543718,4.95683131255594,True,SOL/USDT
1769400000000,LONG,-5.294409937888196,-0.3292812991563006,4.944409937888197,True,NEO/USDT
1769400000000,LONG,-4.853204047217533,-0.5217035494421802,4.503204047217533,True,LINK/USDT
1769400000000,LONG,-4.450968229954608,-1.3416657759538482,4.100968229954608,False,YFI/USDT
1769400000000,LONG,-4.395770007439683,-2.7909952612188333,4.045770007439684,True,XRP/USDT
1769400000000,LONG,3.9773812802996926,-2.213879388175502,4.327381280299693,True,ETH/USDT
1769400000000,LONG,4.388110281447449,-0.9586961153391332,4.738110281447448,True,ADA/USDT
1769400000000,LONG,4.441934848285827,-1.9234950651292657,4.791934848285827,True,AAVE/USDT
1769400000000,LONG,5.278981380065731,-0.8765104248195473,5.6289813800657305,True,WLD/USDT
1769400000000,LONG,5.992424242424244,-0.7186093787551261,6.342424242424244,True,DYDX/USDT
1769400000000,LONG,7.137245841035114,-0.43997073637621087,7.487245841035126,False,SSV/USDT
1769414400000,LONG,-6.507426561853537,-1.2213872281442761,6.157426561853537,False,WOO/USDT
1769428800000,LONG,-7.386486486486472,-2.3953685481734865,7.0364864864864725,True,FLOW/USDT
1769428800000,LONG,-4.685456974014414,-1.6849656736645355,4.335456974014415,True,SOL/USDT
1769428800000,LONG,-4.594780697270214,-0.9683944893147653,4.2447806972702145,True,TRB/USDT
1769616000000,LONG,-6.351934398654329,,6.001934398654329,False,1INCH/USDT
1769644800000,SHORT,7.149477103470135,-0.5282416184803975,7.499477103470134,True,PYTH/USDT
1769788800000,LONG,-8.209991621281937,0.2191293897882872,7.859991621281937,False,MAV/USDT
1769788800000,LONG,-7.600092535471927,-1.8000985244863241,7.250092535471928,False,COTI/USDT
1769788800000,LONG,-5.510746198463719,-1.2571693354334368,5.16074619846372,False,UMA/USDT
1769889600000,LONG,-9.390092277804762,-3.079369780438913,9.040092277804762,True,XRP/USDT
1769889600000,LONG,-5.6323718126002555,-1.59172879134403,8.913938824050001,True,XLM/USDT
1769889600000,LONG,-4.086808098212364,-0.7266771038955788,10.338714193409428,True,HBAR/USDT
1769889600000,LONG,5.7891541609822506,-1.8362457252764908,11.997407912687603,False,IOTA/USDT
1769904000000,LONG,-12.085960167199415,0.6928455805579244,11.735960167199416,True,PENDLE/USDT
1769904000000,LONG,-11.790989063242995,-0.23461568124977264,11.440989063242995,False,MAV/USDT
1769904000000,LONG,-11.790452616690253,-2.85873219504944,11.440452616690253,True,ARB/USDT
1769904000000,LONG,-9.712549800796808,-3.0736468292217816,10.925398406374496,True,LINK/USDT
1769904000000,LONG,-7.8276197998946895,-1.2644502805060387,11.640284360189579,True,FET/USDT
1769904000000,LONG,-7.024208144796383,-3.880955713129356,10.11210407239821,True,SEI/USDT
1769904000000,LONG,-6.413643197193685,-2.5597339326774082,10.067652217489355,True,UNI/USDT
1769904000000,LONG,-6.128648383937332,-0.12734525873315966,10.553183153770824,True,AVAX/USDT
1769904000000,LONG,-6.0571960297766685,-2.406030933158956,10.888486352357308,False,CKB/USDT
1769904000000,LONG,-5.748037077426389,-2.404401397385466,11.933478735005455,True,INJ/USDT
1769904000000,LONG,-5.378421512898987,-2.1939930087038273,10.06510712724092,False,CTK/USDT
1769904000000,LONG,-5.123148928993089,0.5480309166891829,11.768274582560297,True,JASMY/USDT
1769904000000,LONG,-4.777171341669482,0.48864540987491206,9.532105441027372,True,ADA/USDT
1769904000000,LONG,-4.397976011994014,-2.415865385700492,10.763268365817105,True,COMP/USDT
1769904000000,LONG,-4.348609179415855,0.1796740292195253,11.878511821974973,False,YFI/USDT
1769904000000,LONG,-3.870438098963419,0.3447393933460992,11.083121455114403,False,RLC/USDT
1769904000000,LONG,-3.743853091254299,-2.402167388865994,10.368197460543488,True,VET/USDT
1769904000000,LONG,-3.519469598965067,-0.9468852960590944,9.515478654592503,False,CAKE/USDT
1769904000000,LONG,-3.3977759472817177,,10.339806425041186,False,POLYX/USDT
1769904000000,LONG,-3.3327315541601346,-0.8531517785693249,11.569073783359508,False,KAVA/USDT
1769904000000,LONG,-3.0393939393939373,-3.099113410294669,11.554015151515157,True,MASK/USDT
1769904000000,LONG,-2.269385796545107,-2.01312794299248,9.485412667946255,True,ALGO/USDT
1769904000000,LONG,-1.4281671159029585,-4.956679240628036,11.497214734950584,False,ZRX/USDT
1769904000000,LONG,-0.6748862897985636,-0.32429456893309777,11.345386614684859,True,NEO/USDT
1769904000000,LONG,1.9206191543634534,-0.10479140852976421,10.478462935765645,True,BCH/USDT
1769904000000,LONG,11.27347992351817,2.9425448097010287,11.62347992351817,True,STX/USDT
1769918400000,LONG,-10.042507986257613,-3.1464497826983076,9.692507986257613,True,XRP/USDT
1769918400000,LONG,-9.555221370678721,-2.3056815746522923,9.205221370678721,True,XLM/USDT
1769918400000,LONG,-7.084317343173447,-1.7048691971287457,10.049261992619932,False,QTUM/USDT
1769918400000,LONG,-6.2566579021504225,4.597514298623786,11.057376279462853,True,1000PEPE/USDT
1769918400000,LONG,-5.201517458936138,-0.7095204249364582,9.431665397585116,True,HBAR/USDT
1769918400000,LONG,-4.72618147448016,0.8921183587315883,10.84482986767486,True,DOGE/USDT
1769918400000,LONG,-3.3337251356238675,-0.7603276355315702,10.486347197106697,False,STORJ/USDT
1769918400000,LONG,1.1506821282400952,-1.8151681922773824,11.997407912687603,False,IOTA/USDT
1769918400000,LONG,9.614100058628106,-2.7223012770253185,9.964100058628105,False,ANKR/USDT
1769918400000,LONG,9.977448926139342,,10.327448926139342,False,ID/USDT
1769932800000,LONG,-8.846909620991257,-1.9848296693009597,8.496909620991257,False,API3/USDT
1769932800000,LONG,-8.331289308176109,-0.619135313913415,7.981289308176109,True,ORDI/USDT
1769932800000,LONG,-7.630688876341057,-3.3444214446209304,7.280688876341057,False,BIGTIME/USDT
1769932800000,LONG,-7.3801412872841565,-0.8500373258804979,7.030141287284157,False,KAVA/USDT
1769932800000,LONG,-7.371348314606745,-0.967883980427909,7.021348314606746,True,FIL/USDT
1769932800000,LONG,-7.348373408769438,-2.0909361564311224,6.998373408769439,False,COTI/USDT
1769932800000,LONG,-6.795890410958912,-0.2534143229703684,6.445890410958913,False,ONE/USDT
1769932800000,LONG,-6.674960588544405,-1.2634965595521062,6.324960588544405,True,FET/USDT
1769932800000,LONG,-6.558629111038758,-1.7200227480107642,6.208629111038758,True,GRT/USDT
1769932800000,LONG,-6.485367683841918,-1.5727664444400307,6.135367683841919,True,COMP/USDT
1769932800000,LONG,-6.305804749340369,0.5715037524915625,5.955804749340369,True,PEOPLE/USDT
1769932800000,LONG,-6.2919228509888425,0.3447140757258837,5.941922850988843,False,RLC/USDT
1769932800000,LONG,-6.131277860326894,-2.592790092224919,5.781277860326894,True,ARKM/USDT
1769932800000,LONG,-6.129536812996896,0.1795302577417325,5.779536812996897,False,YFI/USDT
1769932800000,LONG,-6.093740795287182,-0.5841244114246754,7.421428571428581,True,GMT/USDT
1769932800000,LONG,-6.023195631528963,-3.4448124805328275,5.673195631528963,True,VET/USDT
1769932800000,LONG,-5.97798931195726,-3.07065582143991,5.62798931195726,True,APE/USDT
1769932800000,LONG,-5.808354537743857,-1.244051212953483,5.458354537743857,True,OP/USDT
1769932800000,LONG,-5.720813771517988,0.14117433921831957,5.370813771517988,True,APT/USDT
1769932800000,LONG,-5.523710546574284,2.9426405372268705,5.173710546574284,True,STX/USDT
1769932800000,LONG,-5.456304079110007,-1.4136716230168282,5.106304079110007,True,SUSHI/USDT
1769932800000,LONG,-5.411541684122329,-3.174775625479276,5.0615416841223295,False,EGLD/USDT
1769932800000,LONG,-5.4084090909090845,-5.708486104331942,5.058409090909085,True,SEI/USDT
1769932800000,LONG,-5.238561759729275,-0.8640596689487439,4.888561759729275,True,ADA/USDT
1769932800000,LONG,-5.209991119005329,-2.1869611972043645,4.859991119005329,False,CTK/USDT
1769932800000,LONG,-5.133657335406942,-1.8287699332662213,4.783657335406942,False,CAKE/USDT
1769932800000,LONG,-5.028408051235126,-0.9900450421956787,4.6784080512351265,True,THETA/USDT
1769932800000,LONG,-4.9469975786924945,-0.23507314785023842,4.596997578692495,False,MAV/USDT
1769932800000,LONG,-4.871824104234536,-1.8745557413897729,4.521824104234536,False,CHR/USDT
1769932800000,LONG,-4.514895908112003,-2.8544468131670278,4.164895908112003,True,ARB/USDT
1769932800000,LONG,-4.343590533711326,-0.8884500626231581,6.512048564033031,True,TRB/USDT
1769932800000,LONG,4.834278992526993,-2.418635314271257,5.184278992526993,True,INJ/USDT
1769932800000,LONG,5.610387096774199,-0.3248843710794871,5.960387096774198,True,NEO/USDT
1769932800000,LONG,6.633130464597978,-1.6714234433350739,6.983130464597978,False,CYBER/USDT
1769990400000,LONG,-5.032417582417587,-3.0595173791414108,4.682417582417587,True,APE/USDT
1769990400000,LONG,-4.832316876411763,-0.617151786968925,4.482316876411764,True,ORDI/USDT
1769990400000,LONG,-4.575687500000008,-0.8851322394987207,4.225687500000008,True,TRB/USDT
1769990400000,LONG,3.771254355400701,-0.2534529897095061,4.121254355400701,False,ONE/USDT
1769990400000,LONG,3.9413969335604677,-2.389104148073058,4.291396933560468,True,VET/USDT
1769990400000,LONG,4.262604651162797,-0.9907728046861104,4.612604651162797,True,THETA/USDT
1769990400000,LONG,4.312314749470716,-2.0835321795139152,4.662314749470716,False,COTI/USDT
1769990400000,LONG,4.618227424749155,-1.8630644795570739,4.968227424749155,False,CHR/USDT
1770019200000,LONG,-7.492156862745087,-1.8619015988067147,7.142156862745088,False,CHR/USDT
1770019200000,LONG,-4.696453748257954,-3.243176396612172,4.346453748257955,True,BTC/USDT
1770019200000,LONG,-4.637999999999993,-3.058872624856871,4.287999999999993,True,APE/USDT
1770019200000,LONG,-4.398849270664516,-0.6161314842395889,4.048849270664516,True,ORDI/USDT
1770019200000,LONG,3.952894491129784,-0.989664230942637,4.302894491129784,True,THETA/USDT
1770019200000,LONG,4.3178095238095295,-0.966107260562685,4.667809523809529,True,FIL/USDT
1770033600000,LONG,-12.199879951980794,-1.0701827732424745,11.849879951980794,False,KAS/USDT
1770033600000,LONG,-7.445759768451505,-1.9131727026669203,7.095759768451505,False,TWT/USDT
1770235200000,SHORT,7.628468899521526,0.7770669952914286,7.978468899521526,False,EDU/USDT
1770350400000,LONG,-2.55293724966622,0.13779703437997579,10.815754339118822,False,KNC/USDT
1770350400000,LONG,2.5760780287474385,-1.4198695125737448,11.124717659137575,True,RUNE/USDT
1770350400000,LONG,3.945802275402128,-0.4335589561231508,11.858003138485676,True,LTC/USDT
1770364800000,LONG,-1.8763215807095466,-2.0143978601947574,10.660700756087218,True,BNB/USDT
1770364800000,LONG,-0.9943395519592374,1.9299793089731332,11.870787442871057,False,CAKE/USDT
1770364800000,LONG,1.906532066508312,-0.8273802286838602,11.690902612826608,False,POLYX/USDT
1770364800000,LONG,2.507049807808081,-2.9110867679055383,10.222399916435704,True,BTC/USDT
1770393600000,LONG,-11.727777777777792,-0.4052495521871261,11.377777777777792,True,DYDX/USDT
1770393600000,LONG,-11.241483757682186,-0.7877117294758843,10.891483757682186,True,APT/USDT
1770393600000,LONG,-11.165234374999995,-2.429276004433578,10.815234374999996,True,CRV/USDT
1770393600000,LONG,-9.736058574734669,0.1402780391957531,9.386058574734669,True,PENDLE/USDT
1770393600000,LONG,-9.10008255365988,-0.18557442607444888,8.75008255365988,False,MAV/USDT
1770393600000,LONG,-8.76121495327103,0.5740670795013308,9.21842456608812,True,MEME/USDT
1770393600000,LONG,-8.557705192629816,-1.147925157502662,10.821105527638188,True,ARB/USDT
1770393600000,LONG,-8.114742204384068,-0.15547826868076922,11.104167953071935,True,1000BONK/USDT
1770393600000,LONG,-7.844145199063226,-0.7587030574008231,10.99381733021078,True,SUSHI/USDT
1770393600000,LONG,-7.089926739926746,-1.4906670951689118,10.01435897435897,True,DOT/USDT
1770393600000,LONG,-6.761103767349628,-2.142627391176186,11.963516192994044,False,BIGTIME/USDT
1770393600000,LONG,-6.716398098005539,0.7131764993001181,10.762508255184246,True,TRB/USDT
1770393600000,LONG,-6.653694484077605,-1.9685603043706457,7.218860993898183,True,BNB/USDT
1770393600000,LONG,-6.567499434772786,-4.194223751361514,10.094178159620167,True,ETC/USDT
1770393600000,LONG,-6.502993348115298,-1.7149465613488282,11.574279379157433,True,LDO/USDT
1770393600000,LONG,-6.387952846463488,-0.17792119707152088,10.161069580218522,True,COMP/USDT
1770393600000,LONG,-6.1490407673860945,-1.699611694873678,5.799040767386095,True,AR/USDT
1770393600000,LONG,-6.1023175659615045,-0.5559503640163935,10.229712384121711,False,YGG/USDT
1770393600000,LONG,-6.049088145896651,-1.069682391597717,11.815501519756829,True,APE/USDT
1770393600000,LONG,-6.016666666666672,-2.695124490520068,10.269999999999984,True,SNX/USDT
1770393600000,LONG,-5.977705627705623,-1.345351699304561,11.197943722943716,True,AVAX/USDT
1770393600000,LONG,-5.774020662935858,0.9470222904436703,9.827938011192423,False,RLC/USDT
1770393600000,LONG,-5.328813559322026,-2.15299446624036,9.38283898305084,False,QTUM/USDT
1770393600000,LONG,-5.077304560973479,-4.201731461844112,11.087814059353935,True,AAVE/USDT
1770393600000,LONG,-4.566867469879508,-0.8105990332174791,10.39901829540382,False,POLYX/USDT
1770393600000,LONG,-2.702941176470588,0.30152924325507485,10.758725490196062,True,MANA/USDT
1770393600000,LONG,-1.5548192771084346,0.4289341573454112,9.90963855421688,True,CELO/USDT
1770393600000,LONG,-0.5703665042913588,-0.7950060556235032,10.244560426815138,True,SAND/USDT
1770393600000,LONG,0.044177348769354086,-3.517860102974215,9.032530494428746,True,XMR/USDT
1770393600000,LONG,10.131205866376972,-2.345552186626678,10.481205866376971,False,ARK/USDT
1771041600000,SHORT,-9.740263319044699,1.2201629882418203,9.3902633190447,False,BSV/USDT
1771113600000,SHORT,5.300413659566973,0.37097963653990607,11.387555007921115,True,PYTH/USDT
1771142400000,SHORT,6.158246142933143,0.3704858779829326,7.201294555772283,True,PYTH/USDT
1771142400000,SHORT,8.234837092731821,1.3978478035224964,8.58483709273182,True,1000PEPE/USDT
1771142400000,SHORT,8.516495751538221,-0.07506085022840671,8.86649575153822,True,1000BONK/USDT
1771142400000,SHORT,9.374161073825496,1.6239981230037865,9.724161073825496,True,MASK/USDT
1771156800000,SHORT,9.070720051962494,-3.3894029921539333,9.420720051962494,True,DOGE/USDT
1771185600000,SHORT,3.873309769802423,1.3769657154904367,11.880768533623336,True,1000PEPE/USDT
1771444800000,SHORT,3.7420716112532006,0.24479085982420198,7.39710144927534,True,ATOM/USDT
1771473600000,SHORT,6.818694172692454,0.2453675903405047,7.168694172692454,True,ATOM/USDT
1771718400000,SHORT,9.954987531172055,2.7565890408124534,10.304987531172054,True,SNX/USDT
1771790400000,LONG,-7.805502392344494,-0.5009129268802193,7.455502392344495,False,CHR/USDT
1771891200000,LONG,5.462259615384601,1.2816181119499042,5.8122596153846,False,ONT/USDT
1771977600000,LONG,-4.661197285506555,0.48876360073210395,4.311197285506555,True,ATOM/USDT
1771977600000,LONG,6.416267183644692,-2.837296275490866,6.7662671836446915,False,SLP/USDT
1772006400000,LONG,-11.335220397579945,1.0616994853704185,10.985220397579946,False,EDU/USDT
1772294400000,LONG,6.442250296761056,0.21267506123054777,6.792250296761056,True,MEME/USDT
1772438400000,SHORT,9.913576158940387,,10.263576158940387,False,ALICE/USDT
1772524800000,SHORT,7.845488721804511,0.8057581107836573,9.575864661654117,True,NEAR/USDT
1772553600000,SHORT,6.494501466275641,1.224372291377298,6.8445014662756405,True,NEAR/USDT
1772668800000,SHORT,5.574170551137917,1.828476326470671,5.924170551137917,False,GMX/USDT
1772841600000,SHORT,6.1392926670992924,1.4457157981256716,8.240687865022684,False,HFT/USDT
1773014400000,LONG,6.7833707865168575,1.6933294393791867,7.133370786516857,False,GMX/USDT
1773244800000,SHORT,0.5787925696594477,-1.225194551946907,8.684210526315773,False,MAGIC/USDT
1773302400000,SHORT,1.2040540540540516,-3.1118887813373055,10.465540540540543,False,API3/USDT
1773374400000,SHORT,-1.5605649303008087,0.8017116856539357,7.769148936170203,True,GRT/USDT
1773417600000,SHORT,-6.158237643534674,-0.9120875995254084,5.8082376435346745,True,SUI/USDT
1773417600000,SHORT,-0.8896654074473831,-1.3945797590984952,7.715596330275219,True,AR/USDT
1773432000000,SHORT,-6.742165492957725,-0.08610908686521687,6.392165492957726,True,ARKM/USDT
1773460800000,SHORT,-6.829097909790968,1.6311355255327282,6.479097909790968,True,CFX/USDT
1773460800000,SHORT,-5.337934782608688,1.382512121695075,4.987934782608688,True,ALGO/USDT
1773460800000,SHORT,-3.1774874731567713,-5.54921148688352,10.656675017895497,False,CYBER/USDT
1773705600000,SHORT,3.950623818525519,-0.024199441450641374,4.300623818525519,False,TWT/USDT
1773705600000,SHORT,10.887083513630435,0.6017988758746047,11.237083513630434,True,FET/USDT
1773720000000,SHORT,4.997777777777759,-0.11280874070380748,5.347777777777758,True,XRP/USDT
1773720000000,SHORT,5.884911242603534,0.5280235459521063,6.234911242603534,True,CFX/USDT
1773734400000,SHORT,4.534780358785642,-1.00248854313727,4.884780358785641,True,XLM/USDT
1773734400000,SHORT,8.31911827956988,0.6385122717945115,8.66911827956988,True,FET/USDT
1773748800000,SHORT,4.631830194912463,-0.11270008321440461,6.496266930954718,True,XRP/USDT
1773777600000,SHORT,8.340114068441054,0.986734196821637,8.690114068441053,False,ONE/USDT
1773777600000,SHORT,11.086027190332318,,11.436027190332318,False,POLYX/USDT
1773792000000,SHORT,4.338657604078151,0.6381290708738527,4.68865760407815,True,FET/USDT
1773792000000,SHORT,9.46057622173595,2.5217631009559613,9.81057622173595,False,COTI/USDT
1773820800000,SHORT,-8.866147605338906,-2.053485301711733,8.516147605338906,False,KAS/USDT
1773820800000,SHORT,3.7136640704368475,0.7158336715388754,6.3118862174060135,False,SFP/USDT
1773820800000,SHORT,6.239538739825124,0.21239944168158345,6.589538739825124,False,STEEM/USDT
1773835200000,SHORT,-5.138890487839971,-0.2343548777478926,4.788890487839971,False,QNT/USDT
1773849600000,SHORT,-9.322457293035471,-2.027557432360455,8.972457293035472,False,KAS/USDT
1773878400000,SHORT,-9.323024410426127,,8.973024410426127,False,ENJ/USDT
1773921600000,SHORT,7.526618705035949,-1.3133565621748091,7.876618705035948,False,KAS/USDT
1774022400000,SHORT,5.108507347254438,0.1198184292664947,5.458507347254438,False,QNT/USDT
1774252800000,LONG,-4.72908314163654,0.5151582205684634,4.37908314163654,True,SEI/USDT
1774252800000,LONG,-4.657275502416681,-1.211952133570115,4.307275502416681,False,ID/USDT
1774252800000,LONG,-3.8455678207058064,-0.8544367811285787,4.352032112393376,False,MAGIC/USDT
1774252800000,LONG,-3.5916502946954787,1.132210851729098,5.784479371316314,False,ZRX/USDT
1774670400000,LONG,4.207340306313033,-3.893519615838457,9.461822936122514,True,WLD/USDT
1774828800000,LONG,0.3493006993007012,-0.14518266614902073,6.92342657342658,True,GALA/USDT
1774843200000,LONG,-6.896176524783485,-0.09635393408522792,6.546176524783485,True,CFX/USDT
1775001600000,LONG,5.682118495419997,0.4892788024042131,6.032118495419996,True,SEI/USDT
1775044800000,LONG,7.38867176824269,1.3456583776576234,7.73867176824269,False,TWT/USDT
1775059200000,SHORT,-7.362609117361772,0.6413540301893299,7.012609117361772,True,ALGO/USDT
1775088000000,SHORT,-11.794444444444421,0.6335327121250866,11.444444444444422,True,ALGO/USDT
1775232000000,SHORT,5.696354166666665,,6.0463541666666645,False,CHR/USDT
1775260800000,SHORT,-6.9847368421052485,,6.634736842105249,False,CHR/USDT
1775304000000,SHORT,1.7632713440405765,2.0221306420746816,7.6762468300929765,True,ALGO/USDT
1775304000000,SHORT,4.830246913580252,-1.4381171292308514,5.180246913580252,False,HIGH/USDT
1775332800000,SHORT,5.0598981077147025,-3.317735518002039,5.409898107714702,False,HIGH/USDT
1775347200000,SHORT,4.726190476190472,0.6052827512357636,5.0761904761904715,False,CHR/USDT
1775347200000,SHORT,4.779259259259249,-0.42859097736573465,5.129259259259249,False,BSV/USDT
1775376000000,SHORT,4.844193946880767,-0.4241441577762907,5.194193946880767,False,BSV/USDT
1775692800000,SHORT,-7.48104217738387,,7.13104217738387,True,ZEC/USDT
1775721600000,SHORT,-5.886714432592204,,5.536714432592205,True,ZEC/USDT
1775779200000,SHORT,3.54156099693923,1.0124157565437117,10.189658941845192,True,PYTH/USDT
1775808000000,SHORT,8.601037613488957,0.9839550086445613,8.951037613488957,True,PYTH/USDT
1775865600000,SHORT,-8.849047141424256,0.27878674548279736,8.499047141424256,True,COMP/USDT
1775880000000,SHORT,9.657935779816507,,10.007935779816506,False,DASH/USDT
1775894400000,SHORT,1.0425152306353387,2.0521010457248035,7.108877284595286,True,ARB/USDT
1775923200000,SHORT,4.122071307300496,2.0571888026529423,4.472071307300496,True,ARB/USDT
1775937600000,SHORT,3.0081661891117393,-0.07400904640270427,11.266899713467044,False,NMR/USDT
1775952000000,SHORT,-5.839131944444448,-0.5557191797732232,5.489131944444448,True,WLD/USDT
1775952000000,SHORT,-0.7220930232558149,-0.12426898849027887,9.443627906976754,False,ROSE/USDT
1775952000000,SHORT,10.030749770009205,4.014212287097665,10.380749770009205,False,DASH/USDT
1775980800000,SHORT,-8.650480832564861,,8.300480832564862,False,DUSK/USDT
1776067200000,SHORT,9.701475819032744,,10.051475819032744,False,DUSK/USDT
1776182400000,SHORT,-11.647360406091376,-0.5338889500758366,11.297360406091377,True,WLD/USDT
1776398400000,SHORT,-7.0422147900408625,0.6508168265131586,6.692214790040863,False,CYBER/USDT
1776398400000,SHORT,2.6546948356807536,-0.27254356398592977,8.587699530516428,True,AR/USDT
1776398400000,SHORT,6.281838975297333,0.05781952221045676,6.631838975297333,True,CFX/USDT
1776412800000,SHORT,-9.560105949470229,,9.210105949470229,True,ARKM/USDT
1776412800000,SHORT,10.41073619631901,0.15121684956229978,10.76073619631901,True,PEOPLE/USDT
1776427200000,SHORT,4.08717888836993,-0.2686178086221507,8.02979915927136,True,AR/USDT
1776427200000,SHORT,4.702976913730244,,5.052976913730244,False,GMX/USDT
1776427200000,SHORT,6.39370745607093,-0.741703314238812,10.699952509102399,True,CFX/USDT
1776456000000,SHORT,5.978793235972313,,6.328793235972313,False,GMX/USDT
1776456000000,SHORT,6.503301237964233,,6.853301237964232,False,KNC/USDT
1776470400000,SHORT,4.059938971229286,-1.79146738894378,4.409938971229286,True,UNI/USDT
1776470400000,SHORT,4.233561643835607,0.40188860443008945,4.583561643835607,True,ENS/USDT
1776470400000,SHORT,5.200113791533881,0.3493327088132963,5.550113791533881,False,EGLD/USDT
1776484800000,SHORT,4.40625427204371,,4.7562542720437095,False,KNC/USDT
1776499200000,SHORT,-9.695013374092463,0.9590538177147342,9.345013374092463,False,SSV/USDT
1776499200000,SHORT,-8.401786115479654,-0.9435764107509944,8.051786115479654,False,RLC/USDT
1776499200000,SHORT,-6.055741066198004,-1.6112455603726672,5.705741066198004,False,RSR/USDT
1776499200000,SHORT,-5.723540856031115,-0.19046283767382396,5.3735408560311155,True,APE/USDT
1776499200000,SHORT,-5.027396814117367,-0.16292045425062568,4.677396814117367,True,XLM/USDT
1776499200000,SHORT,-4.372718676122913,-0.2349536340548421,4.0227186761229135,True,RUNE/USDT
1776499200000,SHORT,-1.0511393514461016,-1.5003654237916388,5.644645048203314,True,JASMY/USDT
1776499200000,SHORT,-0.46864155420436343,-1.0202788639324,10.675092688714201,True,PENDLE/USDT
1776499200000,SHORT,3.6966732869910577,1.4771877236206894,11.35590863952332,True,TIA/USDT
1776499200000,SHORT,4.968176060797953,-0.19523648018275788,5.318176060797953,False,CKB/USDT
1776499200000,SHORT,7.124535050071509,2.6989388237858956,7.474535050071508,False,AGLD/USDT
1776499200000,SHORT,9.074085464551633,-1.2236497633155177,9.424085464551633,False,LQTY/USDT
1776499200000,SHORT,9.230930014091113,0.6566668472973123,9.580930014091113,False,CHR/USDT
1776513600000,SHORT,-3.2219039659626154,-1.1345415354916386,11.319130831180647,False,SLP/USDT
1776513600000,SHORT,2.0294614902943175,-1.7579834268829944,8.799645168023364,False,ILV/USDT
1776513600000,SHORT,11.395416508177997,1.6084402690330935,11.745416508177996,True,COMP/USDT
1776542400000,SHORT,5.666784591194958,1.589966381758266,6.016784591194957,True,COMP/USDT
1776844800000,SHORT,-4.017644705254734,0.7709245048628842,4.537802080554818,True,XMR/USDT
1776888000000,SHORT,-6.5718417399352065,0.762806704119023,6.221841739935207,True,XMR/USDT
1776888000000,SHORT,-5.052258726899391,-0.1991271379068783,5.387084188911696,True,RUNE/USDT
1776888000000,SHORT,-4.82437325905292,1.775128973709712,4.47437325905292,True,SEI/USDT
1776916800000,SHORT,-6.288599791013573,-0.19782520491061534,5.938599791013574,True,RUNE/USDT
1777104000000,SHORT,1.108885941644564,0.6789109406224332,10.72020335985851,False,CHR/USDT
1777118400000,SHORT,6.427708333333321,-0.41437900489089907,6.777708333333321,False,YGG/USDT
1777204800000,SHORT,3.9278288868445252,,7.912465501379939,False,LPT/USDT
1777204800000,SHORT,9.201273291925455,-2.5712802842058973,9.551273291925455,False,MINA/USDT
1777219200000,SHORT,8.44394538979025,-1.6601288615136078,8.793945389790249,False,ILV/USDT
1777233600000,SHORT,6.268978790259217,-2.5651335341151356,6.6189787902592165,False,MINA/USDT
1777233600000,SHORT,6.7604938271604835,-0.6646396207109256,7.110493827160483,False,CKB/USDT
1777262400000,SHORT,-5.796555203228603,-0.01695737668606813,5.446555203228604,False,SFP/USDT
1777262400000,SHORT,6.824740578918608,0.29238619029038215,7.174740578918608,True,INJ/USDT
1777276800000,SHORT,-5.794099009900975,-1.517987039350781,5.444099009900976,True,RUNE/USDT
1777334400000,SHORT,-6.309200916511518,-0.10568390645334667,5.959200916511518,False,ACH/USDT
1777334400000,SHORT,6.94375525063008,0.09411364769599369,7.293755250630079,False,SFP/USDT
1777363200000,SHORT,-7.119567099567078,-0.10361994164168264,6.7695670995670785,False,ACH/USDT
1777435200000,SHORT,-7.751251031069546,-0.09903925111049353,7.401251031069546,False,ACH/USDT
1777478400000,SHORT,-7.397806801379994,1.2938587453880266,10.730409068506647,True,DOGE/USDT
1777708800000,SHORT,-3.09285714285715,-1.3383520742013728,10.769409523809504,False,CHR/USDT
1777881600000,SHORT,-4.624004638577506,-0.9131963293592348,4.274004638577506,True,RUNE/USDT
1777939200000,SHORT,-10.294644773556538,0.7197464633103646,9.944644773556538,False,DASH/USDT
1777982400000,SHORT,-4.78673857868019,0.4115355804569096,4.43673857868019,False,MTL/USDT
1778025600000,SHORT,-5.614011633590756,0.6787094983467639,5.264011633590757,True,XMR/USDT
1778054400000,SHORT,-1.452145246998632,0.4856011881414528,10.328025979137962,False,ANKR/USDT
1778068800000,SHORT,-6.287365107913649,-4.664649211871383,5.937365107913649,False,LPT/USDT
1778068800000,SHORT,-4.9611492281303535,0.4180502394457821,4.611149228130354,True,SUI/USDT
1778068800000,SHORT,3.7045929203539694,2.625919032443335,4.0545929203539695,True,DOGE/USDT
1778068800000,SHORT,8.333799178699133,1.9996254461091891,8.683799178699132,False,ZEN/USDT
1778083200000,SHORT,-9.803613254897728,,9.453613254897729,True,ZEC/USDT
1778083200000,SHORT,-9.494465290806733,0.9448528933406481,9.144465290806734,True,FIL/USDT
1778083200000,SHORT,-5.282139491046174,0.6037826248205396,4.932139491046175,False,ROSE/USDT
1778083200000,SHORT,-4.4763798701298665,,4.126379870129867,True,STX/USDT
1778083200000,SHORT,-3.963030602171767,0.4883413375297091,4.676367226061195,False,ANKR/USDT
1778083200000,SHORT,-0.4107873173341114,0.6574723732517533,7.031052593186955,True,XMR/USDT
1778097600000,SHORT,-4.84517234428542,0.4780923268947331,4.495172344285421,True,SUI/USDT
1778112000000,SHORT,-11.72252038043477,,11.37252038043477,True,ICP/USDT
1778112000000,SHORT,-11.429717171717176,0.7767172321940087,11.079717171717176,False,STG/USDT
1778112000000,SHORT,-10.249706821049504,,9.899706821049504,True,ZEC/USDT
1778112000000,SHORT,-7.803962536023032,1.370501993010789,7.453962536023032,True,OP/USDT
1778112000000,SHORT,-4.8810173697270445,0.030531180259355965,4.531017369727045,True,CRV/USDT
1778112000000,SHORT,-4.781215063253884,1.099762088291982,4.431215063253885,True,UNI/USDT
1778112000000,SHORT,-4.734466338259436,-0.13332765695279916,4.384466338259436,True,ETC/USDT
1778126400000,SHORT,7.101926394479572,0.9522507979573164,7.451926394479572,False,DASH/USDT
1778140800000,SHORT,-5.6922554347826075,0.4525705478522317,5.342255434782608,True,NEAR/USDT
1778140800000,SHORT,-3.5115925058547997,,7.973224043715842,True,STX/USDT
1778155200000,SHORT,-10.032367549668868,-0.7687175319633966,9.682367549668868,True,AR/USDT
1778155200000,SHORT,-6.599999999999985,0.9522032214429543,6.249999999999986,True,FIL/USDT
1778155200000,SHORT,-6.144024445450419,,5.794024445450419,True,FET/USDT
1778155200000,SHORT,-4.9998880805819494,-0.22144296158286478,4.64988808058195,False,KAS/USDT
1778155200000,SHORT,-4.5558561236623,-0.2757171625095657,4.205856123662301,True,1000BONK/USDT
1778169600000,SHORT,-10.38620572207084,,10.036205722070841,True,ICP/USDT
1778212800000,SHORT,-5.6081874356333525,-2.5501976529896817,5.258187435633353,False,TLM/USDT
1778212800000,SHORT,-5.496572995202185,,5.1465729952021855,False,KSM/USDT
1778212800000,SHORT,0.8976129853596325,-2.4337181710259217,7.744290260980259,False,SLP/USDT
1778241600000,SHORT,4.5209144092585545,-2.388768192376486,6.435609818135564,False,SLP/USDT
1778284800000,SHORT,4.229210554314281,0.7674998699251864,4.5792105543142805,False,ASTR/USDT
1778299200000,SHORT,-4.830305093979828,-0.1975183690348648,4.480305093979829,True,UNI/USDT
1778299200000,SHORT,4.4722933481770015,-1.821843183935357,4.822293348177001,True,SNX/USDT
1778299200000,SHORT,5.41806314511233,1.2701292727137716,10.530965391621102,True,OP/USDT
1778299200000,SHORT,8.649688837028375,0.39985944774129817,8.999688837028375,True,AR/USDT
1778313600000,SHORT,-5.567238871108528,-0.5765247927116226,5.2172388711085285,True,ENS/USDT
1778313600000,SHORT,-5.1507401696221855,0.3399392204126444,4.800740169622186,True,JASMY/USDT
1778313600000,SHORT,5.807977207977203,-0.9528395600016295,6.157977207977202,False,RSR/USDT
1778313600000,SHORT,6.441196350118259,0.1305036249603483,6.791196350118259,True,PYTH/USDT
1778313600000,SHORT,7.803833605220229,0.9853253005441444,8.153833605220228,True,FIL/USDT
1778328000000,SHORT,-7.3584828711256,-1.9566868690895045,7.0084828711256,False,IOTA/USDT
1778328000000,SHORT,-6.008871371371358,-0.562242349052937,5.658871371371358,True,SAND/USDT
1778328000000,SHORT,-5.958530510585297,0.30430436628060337,5.608530510585298,False,HFT/USDT
1778328000000,SHORT,-5.913599360372131,-1.1631933796603526,5.563599360372131,False,MAGIC/USDT
1778328000000,SHORT,-5.894083654375328,0.42569797602740883,5.544083654375329,True,UNI/USDT
1778328000000,SHORT,-5.890198618307419,-0.5817390227260162,5.54019861830742,True,FET/USDT
1778328000000,SHORT,-5.7776300236406355,-1.0663641570420086,5.427630023640636,False,ID/USDT
1778328000000,SHORT,-5.6983777038269405,-0.10273901352989159,5.348377703826941,True,SUSHI/USDT
1778328000000,SHORT,-5.607413879181222,-2.524374365040692,5.257413879181223,False,TLM/USDT
1778328000000,SHORT,-5.587283500455758,0.3904448362555221,5.237283500455758,False,ROSE/USDT
1778328000000,SHORT,-5.35966550596179,1.609948843715434,5.009665505961791,True,ETC/USDT
1778328000000,SHORT,-5.284198068547604,-0.13635786680426681,4.934198068547604,False,POLYX/USDT
1778328000000,SHORT,-5.129629629629611,-0.6355106140715698,4.7796296296296115,False,TWT/USDT
1778328000000,SHORT,-4.742630937880617,-2.0484651795195883,4.392630937880617,False,CKB/USDT
1778328000000,SHORT,-4.692762408040609,-0.21952955255117382,4.34276240804061,True,CELO/USDT
1778328000000,SHORT,-4.645178197064982,-0.2421118244123454,4.295178197064982,True,MANA/USDT
1778328000000,SHORT,-4.552896307760331,-0.14177233317316765,4.202896307760331,False,EGLD/USDT
1778328000000,SHORT,-4.5278019113814,-4.632798390371165,4.1778019113814,False,LPT/USDT
1778328000000,SHORT,-4.457999999999996,-2.580068192125161,4.107999999999996,False,COTI/USDT
1778328000000,SHORT,-4.3869597615499085,-0.7067862633057705,4.036959761549909,True,DOT/USDT
1778328000000,SHORT,3.9378313253011927,1.8127146897743807,4.287831325301193,True,OP/USDT
1778328000000,SHORT,4.749429021460908,-2.6027594737324473,6.579858239810981,False,ILV/USDT
1778328000000,SHORT,4.76484789282723,-1.812098866267058,5.11484789282723,True,SNX/USDT
1778328000000,SHORT,5.599820788530467,1.8972228948767924,7.489964157706072,True,ARB/USDT
1778328000000,SHORT,6.199762007788829,-0.097070337518365,6.5497620077888286,False,YGG/USDT
1778328000000,SHORT,7.5606230031948725,1.1194936655795815,7.910623003194872,False,ONE/USDT
1778328000000,SHORT,8.563828238719058,-0.5185968046112086,8.913828238719057,True,GALA/USDT
1778342400000,SHORT,5.709639048400303,1.142598032915122,6.059639048400302,True,FIL/USDT
1778342400000,SHORT,6.3330351114111885,0.7656705032406051,6.683035111411188,True,PYTH/USDT
1778342400000,SHORT,8.912380952380941,7.020270942583503,9.26238095238094,True,ICP/USDT
1778356800000,SHORT,-5.630757293606462,0.302177975584875,5.280757293606462,False,HFT/USDT
1778356800000,SHORT,-4.4487782529016435,-2.044155269486011,4.098778252901644,False,CKB/USDT
1778356800000,SHORT,5.024912157413897,1.892875317554154,5.374912157413896,True,ARB/USDT
1778371200000,SHORT,5.370079635949934,7.462169998915318,5.720079635949934,True,ICP/USDT
1778385600000,SHORT,-5.647258254716979,0.6926731769747113,5.297258254716979,True,SEI/USDT
1778400000000,SHORT,9.725209308925793,-0.2217200717777573,11.145551298424849,True,JASMY/USDT
1778428800000,SHORT,7.907456807187275,-0.21737978514350106,8.257456807187275,True,JASMY/USDT
1778457600000,SHORT,-7.35454545454543,0.48914448313604314,7.00454545454543,False,ROSE/USDT
1778457600000,SHORT,-1.0722824124232657,1.8274203670952447,9.898952690501975,True,GRT/USDT
1778457600000,SHORT,1.1953639082751684,0.7356714464926148,4.829999999999997,True,AVAX/USDT
1778457600000,SHORT,3.946959178006096,0.6672577322306777,4.296959178006096,True,JASMY/USDT
1778457600000,SHORT,4.036179880915071,-2.351208896809124,4.386179880915071,True,HBAR/USDT
1778457600000,SHORT,4.691297808336893,1.0287282184921847,5.041297808336893,False,EGLD/USDT
1778457600000,SHORT,5.207131337566757,-0.2279556747111835,5.557131337566757,True,CELO/USDT
1778457600000,SHORT,6.632688875669239,-1.9135269471039396,6.982688875669239,False,CKB/USDT
1778457600000,SHORT,7.119484760522492,-0.01814186508557542,7.469484760522492,True,WLD/USDT
1778457600000,SHORT,7.912748091603033,,8.262748091603033,True,SUI/USDT
1778457600000,SHORT,8.370785219399531,,8.72078521939953,True,SEI/USDT
1778472000000,SHORT,4.683316234932032,0.40047951813903604,5.033316234932031,True,UNI/USDT
1778472000000,SHORT,5.70092322643344,1.5096285135986636,6.05092322643344,False,QTUM/USDT
1778472000000,SHORT,5.882294617563748,0.25359157329329246,10.001214083367046,True,ENS/USDT
1778472000000,SHORT,8.683893781692017,-0.5667097581257312,11.408753669602346,True,1000BONK/USDT
1778486400000,SHORT,5.51986610288935,0.6666056932017873,5.8698661028893495,True,JASMY/USDT
1778486400000,SHORT,9.206520713780344,1.2922381566097452,9.556520713780344,True,SUI/USDT
1778500800000,SHORT,4.984362934362933,1.5109118402406205,5.334362934362932,False,QTUM/USDT
1778500800000,SHORT,9.532630373265047,0.2540406921935994,9.882630373265046,True,ENS/USDT
1778544000000,SHORT,-4.7206168831168736,0.18051949344519316,4.370616883116874,False,ZRX/USDT
1778544000000,SHORT,4.389508196721305,,4.739508196721305,False,IOST/USDT
1778544000000,SHORT,4.886587355540433,,5.236587355540433,True,SEI/USDT
1778544000000,SHORT,4.895454545454533,-1.394889618557655,5.245454545454533,True,GMT/USDT
1778544000000,SHORT,8.425528136100173,-0.2591983107124903,8.775528136100172,False,UMA/USDT
1778558400000,SHORT,4.528857434327973,-0.21494165105594837,4.878857434327973,False,KAS/USDT
1778558400000,SHORT,4.922871026190071,-0.6744948529785662,5.272871026190071,True,RUNE/USDT
1778558400000,SHORT,5.542266187050342,0.9504097074830682,5.892266187050342,False,HFT/USDT
1778572800000,SHORT,4.250765696784059,-1.3764251087050772,4.600765696784059,True,GMT/USDT
1778572800000,SHORT,5.110663900414929,,5.460663900414929,False,IOST/USDT
1778572800000,SHORT,6.003903274942854,-0.25771650961733306,6.353903274942853,False,UMA/USDT
1778587200000,SHORT,4.282063008130073,0.3738057372391351,4.632063008130072,False,CTK/USDT
1778587200000,SHORT,5.3647463768115635,0.4444428094381481,5.714746376811563,True,CRV/USDT
1778587200000,SHORT,6.943504171632888,-0.3126276926889916,7.293504171632888,False,MAV/USDT
1778587200000,SHORT,7.967318900915894,0.4670989816702384,8.317318900915893,True,THETA/USDT
1778616000000,SHORT,5.3647463768115635,0.440406567401118,5.714746376811563,True,CRV/USDT
1778630400000,SHORT,-8.528817299205643,-0.3512755225663649,8.178817299205644,False,ARPA/USDT
1778630400000,SHORT,4.090825688073387,-1.3329374379306909,4.440825688073387,True,GMT/USDT
1778659200000,SHORT,5.746589294173362,-0.44351989469831904,6.096589294173362,True,ATOM/USDT
1778673600000,SHORT,-7.240369036903679,-0.7290916718808896,6.890369036903679,False,ARPA/USDT
1778947200000,SHORT,4.534931000492846,3.0740978609741134,4.884931000492846,False,QNT/USDT
1778990400000,LONG,-6.091373239436624,-0.5950712484450047,5.741373239436625,True,RUNE/USDT
1779105600000,LONG,1.6402234636871578,-2.305126152467358,7.037354963472267,True,BCH/USDT
1779134400000,LONG,-5.087231680236851,-2.8984167683973747,8.502030242148654,True,BCH/USDT
1779163200000,LONG,-4.663868900677545,-2.898326709114595,4.313868900677545,True,BCH/USDT
1779249600000,LONG,6.500527089973044,-0.1613951797989303,6.850527089973044,True,PYTH/USDT
1779465600000,SHORT,-11.078166351606788,0.053835637773617245,10.728166351606788,True,NEAR/USDT
1779465600000,SHORT,-9.731998556998557,-1.791251335470209,9.381998556998557,True,WLD/USDT
1779494400000,SHORT,-11.182923368022701,0.053506052481037396,10.832923368022701,True,NEAR/USDT
1779552000000,LONG,-2.8229520865533324,2.057855657814763,4.7027379112386845,False,TWT/USDT
1779566400000,LONG,2.266381850324117,-1.5342727636991964,5.011809074837954,False,NMR/USDT
1779825600000,SHORT,10.364536741214057,3.0861443653476996,10.714536741214056,True,WLD/USDT
1779840000000,SHORT,7.84340749896991,0.722907048310738,8.19340749896991,True,FET/USDT
1779868800000,LONG,-5.397619047619062,-2.03704473303848,5.0476190476190625,False,ONT/USDT
1779868800000,SHORT,5.295524816924326,0.7177189642910349,5.6455248169243255,True,FET/USDT
1779868800000,SHORT,7.55647661223358,3.042246468896979,7.90647661223358,True,WLD/USDT
1779897600000,SHORT,5.519811048608081,-0.9465981801593434,5.869811048608081,True,SEI/USDT
1779912000000,SHORT,8.852994011976051,1.3908209119356645,9.20299401197605,True,ICP/USDT
1779984000000,LONG,-4.585526315789484,-0.49870774555134534,4.2355263157894845,True,NEO/USDT
1779984000000,LONG,0.6595344924285097,0.19160068777860598,6.059450364554108,True,COMP/USDT
1779984000000,LONG,3.7197512437811073,-1.1801252943205713,4.069751243781107,False,ZRX/USDT
1779984000000,LONG,6.40323632714501,-1.2501581715826884,6.75323632714501,False,CHR/USDT
1779998400000,LONG,3.9891627278865607,-1.9608104608115102,4.339162727886561,False,CYBER/USDT
1779998400000,LONG,4.575257731958753,-1.2124143776271787,4.9252577319587525,False,COTI/USDT
1780344000000,LONG,-6.0470888017726185,-0.3787518913124326,5.697088801772619,True,BCH/USDT
1780459200000,LONG,-7.712083333333341,0.39412126439739387,7.3620833333333415,True,ARB/USDT
1780459200000,LONG,-6.959466527196657,-1.6205568890119233,6.609466527196657,False,ILV/USDT
1780459200000,LONG,-6.849490316004082,-1.2169512438105035,6.499490316004082,False,IOST/USDT
1780459200000,LONG,-6.642896174863395,-1.0085470290533365,6.292896174863396,False,SKL/USDT
1780459200000,LONG,-6.488686779059464,0.9665656816284092,6.138686779059464,True,ETC/USDT
1780459200000,LONG,-6.235622679716498,-0.37201836714900655,5.885622679716499,False,API3/USDT
1780459200000,LONG,-6.06382720656839,-1.784017012329608,5.71382720656839,True,1000PEPE/USDT
1780459200000,LONG,-5.891283339775791,-1.7600885340933805,5.5412833397757915,True,1000BONK/USDT
1780459200000,LONG,-5.86701288456482,-0.17807604523684706,5.517012884564821,True,AAVE/USDT
1780459200000,LONG,-5.845507637017082,-1.6838415440412409,5.495507637017083,True,DOT/USDT
1780459200000,LONG,-5.832425742574254,0.2799393601600482,5.482425742574255,True,MANA/USDT
1780459200000,LONG,-5.554447304447303,-0.7537569682830904,5.204447304447303,False,ASTR/USDT
1780459200000,LONG,-5.541946666666673,-0.35436199730939477,5.191946666666674,True,ATOM/USDT
1780459200000,LONG,-5.4722490931076155,-2.3505931324714653,5.122249093107616,False,QTUM/USDT
1780459200000,LONG,-5.37365048543691,-0.4770569580342555,5.02365048543691,True,NEO/USDT
1780459200000,LONG,-5.152580645161292,-1.1794636360429926,4.802580645161292,True,ADA/USDT
1780459200000,LONG,-5.050245844064628,-0.2253405820037517,4.700245844064629,True,LINK/USDT
1780459200000,LONG,-4.9826895219700535,-2.544927202433501,4.632689521970054,True,XRP/USDT
1780459200000,LONG,-4.959679420889349,-0.07625704104921051,4.609679420889349,True,LTC/USDT
1780459200000,LONG,-0.3171592775041064,-1.0300279993379937,8.485550082101813,False,KAS/USDT
1780473600000,LONG,-8.927867993713974,-0.7521528103272244,8.577867993713975,True,TIA/USDT
1780473600000,LONG,-6.806772908366538,0.5514485153371237,6.456772908366538,False,LPT/USDT
1780473600000,LONG,-6.3304212707182295,-1.5186800081704157,5.98042127071823,True,UNI/USDT
1780473600000,LONG,-4.545482295482292,0.034756775570524825,4.195482295482292,False,1INCH/USDT
1780488000000,LONG,-6.53945147679325,0.669021259199695,6.18945147679325,True,ARB/USDT
1780488000000,LONG,-5.930341113105946,-1.639483005413205,5.580341113105947,True,DOT/USDT
1780488000000,LONG,-4.85485411140585,-0.5705319430750122,4.504854111405851,True,AAVE/USDT
1780488000000,LONG,-4.4740750687182125,-2.3892200097052863,4.124075068718213,True,1000PEPE/USDT
1780574400000,LONG,-8.639223542415037,0.09622691633090924,8.289223542415037,True,PYTH/USDT
1780574400000,LONG,-7.697326874775753,-0.3535455186821734,7.347326874775753,False,API3/USDT
1780574400000,LONG,-7.544148936170218,-0.9881085135812788,7.194148936170218,True,NEO/USDT
1780574400000,LONG,-6.881250000000002,-0.03629149354143509,6.531250000000003,False,KSM/USDT
1780574400000,LONG,-6.188888888888896,-2.212622439300421,5.838888888888897,False,QTUM/USDT
1780574400000,LONG,-5.995844504021449,-0.7841195919236278,5.64584450402145,True,MANA/USDT
1780588800000,LONG,-7.447727272727273,-0.36238987854533755,7.0977272727272736,True,AXS/USDT
1780588800000,LONG,-7.342106898694842,-2.373708845245083,6.992106898694843,False,EGLD/USDT
1780603200000,LONG,-5.119059766763847,-0.3483708253513307,4.7690597667638475,False,API3/USDT
1780603200000,LONG,-4.377102803738313,-0.3906792320639251,4.027102803738313,False,KSM/USDT
1780689600000,LONG,0.5782700421940962,-1.5386436685642668,10.05966244725739,False,KNC/USDT
1780718400000,LONG,3.2613499570077344,-1.42316958833673,8.35829750644885,False,KNC/USDT
1780747200000,LONG,4.900856164383562,-1.4290904846791266,5.250856164383562,False,KNC/USDT
1780790400000,LONG,0.46615120274914656,-2.5888195771300837,4.625472508591062,True,ENS/USDT
1780790400000,LONG,3.94994011976048,-0.522553859878523,4.29994011976048,True,ATOM/USDT
1781121600000,SHORT,5.899800703399752,-1.8766780530749743,6.249800703399751,False,STG/USDT
1781251200000,SHORT,0.8336734693877493,-2.6049737068364243,8.610571428571406,True,CRV/USDT
1781553600000,SHORT,4.465242867534133,-2.3028023145736034,4.815242867534133,True,XRP/USDT
1781568000000,SHORT,3.9299169956473228,-2.8612718972007336,4.279916995647323,True,ETH/USDT
1781568000000,SHORT,4.850394011032304,-2.6918041868981413,5.200394011032303,False,BSV/USDT
1781568000000,SHORT,4.952617283950603,-1.5487611011083937,5.302617283950602,False,YFI/USDT
1781582400000,SHORT,4.694467843836058,-3.28210547945496,5.044467843836058,True,XRP/USDT
1781611200000,SHORT,6.419978599816532,-0.7920103816539725,6.769978599816532,False,KAS/USDT
1781668800000,SHORT,6.864083542570175,-0.9798586983305556,7.214083542570175,False,UMA/USDT
1781683200000,SHORT,5.651337066853331,-2.970649953079098,6.00133706685333,True,TRB/USDT
1781712000000,SHORT,5.059543250829306,-1.4156365904042427,9.718321000255155,True,TIA/USDT
1781712000000,SHORT,5.191887675507007,-3.3094915025946596,5.541887675507007,True,MASK/USDT
1781712000000,SHORT,5.214387917329099,-6.753747845840446,9.336036036036019,True,SUSHI/USDT
1781712000000,SHORT,6.970860558876652,-0.35123416948952224,7.320860558876651,True,PENDLE/USDT
1781740800000,SHORT,3.564447134786112,-2.3675018277570747,8.071428571428562,True,CFX/USDT
1782331200000,LONG,-7.0544703230653605,-1.2748369986516206,6.704470323065361,False,EGLD/USDT
1782331200000,LONG,-6.188888888888902,-1.492268932105384,5.838888888888903,True,ADA/USDT
1782360000000,LONG,-7.571762349799733,-3.0500790407230114,7.221762349799733,True,ADA/USDT
1782360000000,LONG,-7.158911917098455,-0.3961194179350224,6.808911917098455,False,MAV/USDT
1782360000000,LONG,-6.517740266459707,-1.493875750350997,6.167740266459707,True,DOGE/USDT
1782360000000,LONG,-6.062718299164763,-1.3995354153830801,5.712718299164763,False,EGLD/USDT
1782360000000,LONG,-5.255080831408772,-2.873550399334713,4.905080831408772,False,TWT/USDT
1782360000000,LONG,-5.152301346070344,-1.9324561688503004,4.802301346070345,False,MTL/USDT
1782360000000,LONG,-4.448969167050175,-2.9893562731097623,4.098969167050176,True,XRP/USDT
1782388800000,LONG,0.7778195488721847,-2.863793420410552,5.086061307113933,False,TWT/USDT
1782417600000,LONG,4.641764705882374,-2.108920972111325,4.991764705882374,False,MAV/USDT
1782432000000,LONG,-6.650182370820661,-0.12804070604471116,6.300182370820662,True,ATOM/USDT
1782446400000,LONG,-3.3960624071322383,-2.1615418147799264,5.7072065378900385,True,THETA/USDT
1782446400000,LONG,-3.1316411682892977,-2.9246700461578827,5.707927677329624,False,IOST/USDT
1782446400000,LONG,5.124051896207591,-1.952400232905784,5.474051896207591,False,GAS/USDT
1782446400000,LONG,5.29444971537001,-2.426362115259301,5.644449715370009,False,SFP/USDT
1782446400000,LONG,5.3391891891892,-0.4165569801316786,5.689189189189199,False,ZRX/USDT
1782446400000,LONG,5.409151670951164,-2.1773652649033726,5.759151670951163,False,STEEM/USDT
1782475200000,LONG,-7.353168469860895,-3.9370460931484885,7.003168469860896,False,IOTA/USDT
1782475200000,LONG,-3.529147205062527,-0.7234237536788737,5.061925568781076,False,QNT/USDT
1782475200000,LONG,-3.41834030683403,-2.87280674925129,5.444909344490928,False,IOST/USDT
1782475200000,LONG,4.728367875647678,-0.7286891720251701,5.078367875647678,False,ZRX/USDT
1782806400000,SHORT,2.9814825097168147,-2.225757860860068,11.326873958911715,True,ORDI/USDT
1782907200000,LONG,1.6797699594046,-2.0612405644944087,7.180514208389713,False,BIGTIME/USDT
1782907200000,LONG,5.171802679658974,-1.7169462976606251,5.521802679658963,False,COTI/USDT
1782907200000,LONG,6.37096018735363,-1.7392241527737615,6.720960187353629,False,ACH/USDT
1782907200000,LONG,6.44977900552486,-0.9741625173188625,6.79977900552486,False,CKB/USDT
1782907200000,LONG,6.8574290484140255,-2.045071505868339,7.207429048414025,True,IMX/USDT
1782907200000,LONG,9.586873508353227,-3.725632224287393,9.936873508353226,False,HFT/USDT
1783123200000,SHORT,6.669646526921491,-0.7604164546200511,7.01964652692149,True,GALA/USDT
1783123200000,SHORT,8.731100521488937,,11.139830965653644,False,SLP/USDT
1783137600000,SHORT,-7.399901033648548,-2.6366597460951193,7.049901033648548,False,MINA/USDT
1783152000000,SHORT,4.075138632162659,-1.3950255831342804,6.518229205175601,True,1000PEPE/USDT
1783180800000,SHORT,4.7538921718829705,-1.3877866891968962,5.10389217188297,True,1000PEPE/USDT
1783195200000,SHORT,-4.665435666880727,-2.5532549314606228,4.315435666880727,False,MINA/USDT
1783209600000,SHORT,-6.506393200295613,-1.0964718822662871,6.156393200295613,True,IMX/USDT
1783209600000,SHORT,0.40204600752046016,-0.5270029273437659,6.001636806016356,False,ONT/USDT
1783209600000,SHORT,4.014190911488082,-1.7765960875856293,4.364190911488081,True,XRP/USDT
1783209600000,SHORT,5.0042563600782515,-0.25794354993258084,5.354256360078251,True,AR/USDT
1783224000000,SHORT,4.959433962264141,-0.9502717984221162,5.309433962264141,False,ZRX/USDT
1783238400000,SHORT,4.408971612212093,,4.758971612212092,True,ADA/USDT
1783296000000,SHORT,5.192954545454548,-0.6891050590616219,5.542954545454547,False,BAT/USDT
1783310400000,SHORT,8.362369128668691,-2.0244467389410215,8.71236912866869,True,TRB/USDT
1783339200000,SHORT,6.625909913533049,-1.6167152255299613,6.975909913533049,False,MINA/USDT
1783368000000,SHORT,8.071433953515317,-1.988769036049337,8.421433953515317,True,TRB/USDT
1783382400000,SHORT,6.114908456843935,0.6402897667292735,6.464908456843935,True,AAVE/USDT
1783382400000,SHORT,10.57416633974107,,10.92416633974107,False,YFI/USDT
1783396800000,SHORT,7.219299674267086,-1.591012230011344,7.569299674267086,False,MINA/USDT
1783411200000,SHORT,3.7022456854968167,0.6408865866939771,4.052245685496817,True,AAVE/USDT
1783526400000,SHORT,0.4523106546854949,-0.0026421924278238447,10.407252888318352,True,LDO/USDT
1783555200000,SHORT,5.2775713847098515,-0.002580491797416395,5.627571384709851,True,LDO/USDT
1783584000000,SHORT,0.3857645553422806,-0.0025812259968652045,5.979174664107472,True,LDO/USDT
1783728000000,SHORT,-7.1517286084701714,-1.4925245490293522,6.801728608470172,True,UNI/USDT
1783900800000,SHORT,-6.309935805031793,-0.6154453997526629,5.959935805031793,True,ZEC/USDT
1784016000000,LONG,-6.089594699922062,-0.2635598913003007,5.739594699922062,True,1000BONK/USDT
1784073600000,SHORT,1.152145922746779,-0.9799997069565979,11.984242795830761,False,EGLD/USDT
1784448000000,LONG,6.8047991831177645,-0.2584167287925041,7.154799183117764,True,1000BONK/USDT
1784534400000,LONG,-4.754996712689011,-1.4057050297002256,6.264957264957262,True,CHZ/USDT
1784548800000,LONG,4.3865547365547455,0.0002931712631373176,4.736554736554745,True,FIL/USDT
1784592000000,LONG,8.953181118522334,-0.021637748241337445,9.303181118522334,False,YGG/USDT
1784692800000,SHORT,-4.404775016406514,1.1453821110542546,4.054775016406515,True,XMR/USDT
1784721600000,SHORT,-4.46121674089299,1.1455748627502378,4.11121674089299,True,XMR/USDT
1784908800000,SHORT,-3.123743828056925,1.1909556952094307,8.165524252105708,False,GMX/USDT
1784937600000,SHORT,1.387116386797917,1.1720079198182478,7.719412275622439,False,GMX/USDT
1785038400000,SHORT,4.593079688436186,-1.2626730607926757,10.27591372079089,False,EDU/USDT
1785168000000,SHORT,9.99035087719296,-0.30877528813100497,10.340350877192959,False,HFT/USDT
1785182400000,SHORT,5.326362038664326,-0.5083187717465006,5.676362038664325,False,SSV/USDT
1785196800000,SHORT,-9.017256367241096,1.1139105378508982,8.667256367241096,True,PEOPLE/USDT
1785240000000,LONG,-5.169326186830016,-1.5821453950484907,4.819326186830017,False,IOTA/USDT
1785240000000,LONG,-5.1185525349008225,-1.5657022766139246,4.768552534900823,True,CHZ/USDT
1785369600000,LONG,-1.610504201680679,,4.4890756302521035,False,ARK/USDT
1785369600000,LONG,6.770368946963861,-3.7734546674536364,7.120368946963872,False,RLC/USDT
1785384000000,LONG,-4.5102136181575405,2.4389722384622785,4.160213618157541,False,BAT/USDT
1785384000000,LONG,-2.416609735268994,-2.46508271227634,5.885243381725022,False,BIGTIME/USDT
1785384000000,LONG,-0.23528821336391983,-2.227897551723838,4.445827358761123,True,MASK/USDT
1785384000000,LONG,0.18361792956242184,-4.497659005741643,4.981750266808968,False,GAS/USDT
1785456000000,LONG,-4.4613752913752895,2.4953469017503127,4.11137529137529,False,KAVA/USDT
1785484800000,SHORT,1.1535610656818736,0.5186078529812496,4.9300448430493224,False,TWT/USDT
1785499200000,SHORT,-2.7051577955722945,1.7337897973877041,8.071714554875149,True,UNI/USDT
