symbol,direction,entry_price,stop_loss,pnl,r,status,created_at,timeframe,ts,ms,stop_pct,agree
AIN/USDT,SHORT,0.07225,0.07352674,-2.445660871716902,-0.222,TSL,2026-07-15T13:04:00.985710+00:00,15m,2026-07-15 13:04:00.985710+00:00,1784120640985,1.767114186851209,0.0
RENDER/USDT,LONG,1.531,1.519717,-0.05000000266621598,-0.068,SL,2026-07-15T13:03:57.484198+00:00,15m,2026-07-15 13:03:57.484198+00:00,1784120637484,0.736969301110381,0.0
CETUS/USDT,LONG,0.01869,0.01854214,-1.0165864098448325,-1.285,SL,2026-07-15T13:01:31.984858+00:00,15m,2026-07-15 13:01:31.984858+00:00,1784120491984,0.7911182450508276,1.0
HYPE/USDT,SHORT,66.829,68.458534,-2.553158805010417,-1.047,SL,2026-07-15T08:11:23.184515+00:00,15m,2026-07-15 08:11:23.184515+00:00,1784103083184,2.4383635846713356,1.0
2Z/USDT,SHORT,0.07082,0.07131682,0.3812482349618646,0.543,TP,2026-07-15T05:43:43.093048+00:00,15m,2026-07-15 05:43:43.093048+00:00,1784094223093,0.7015249929398601,1.0
GIGGLE/USDT,SHORT,27.65,27.98191,0.9631645590470205,0.802,TP,2026-07-14T22:06:53.123627+00:00,15m,2026-07-14 22:06:53.123627+00:00,1784066813123,1.2003978300180855,0.0
GMX/USDT,SHORT,5.928,6.019015,-2.271687232079065,-1.48,SL,2026-07-14T20:03:29.944023+00:00,15m,2026-07-14 20:03:29.944023+00:00,1784059409944,1.5353407557354863,1.0
POWER/USDT,SHORT,0.08298,0.073115804,-0.906055655686997,-0.215,TSL,2026-07-14T19:33:56.063654+00:00,15m,2026-07-14 19:33:56.063654+00:00,1784057636063,11.887437936852244,0.0
ZKC/USDT,LONG,0.04471,0.04378423,-2.5050324312234467,-1.21,SL,2026-07-14T16:06:32.533965+00:00,15m,2026-07-14 16:06:32.533965+00:00,1784045192533,2.070610601655109,1.0
AR/USDT,LONG,1.956,1.91712,1.8927621483375943,0.977,TP,2026-07-14T13:11:29.775439+00:00,15m,2026-07-14 13:11:29.775439+00:00,1784034689775,1.9877300613496944,1.0
CGPT/USDT,LONG,0.01955,0.01814274,-8.726178535606813,-0.968,SL,2026-07-05T14:57:28.402621+00:00,15m,2026-07-05 14:57:28.402621+00:00,1783263448402,7.198260869565219,0.0
HUMA/USDT,SHORT,0.022717,0.02282519,-0.9214140161247447,-0.828,SL,2026-07-05T13:25:17.362298+00:00,15m,2026-07-05 13:25:17.362298+00:00,1783257917362,0.4762512655720279,0.0
MAGMA/USDT,SHORT,0.50233,0.50788382,13.659338896020538,0.874,TP,2026-07-05T13:05:00.509893+00:00,15m,2026-07-05 13:05:00.509893+00:00,1783256700509,1.1056118487846498,0.0
IMX/USDT,LONG,0.1324,0.13183405,6.250000000000002,2.132,TP,2026-07-05T11:01:07.609857+00:00,15m,2026-07-05 11:01:07.609857+00:00,1783249267609,0.4274546827794425,1.0
GIGGLE/USDT,LONG,26.8,24.573085,9.550353028613898,1.1,TP,2026-07-05T11:00:02.407844+00:00,15m,2026-07-05 11:00:02.407844+00:00,1783249202407,8.309384328358217,1.0
LAB/USDT,LONG,16.124,15.3093415,-5.5439072520967,-0.487,TSL,2026-07-05T10:30:17.082481+00:00,15m,2026-07-05 10:30:17.082481+00:00,1783247417082,5.052459067228965,1.0
POPCAT/USDT,LONG,0.0502,0.05023487,-1.6630796321659234,-0.456,TSL,2026-07-05T10:30:10.321788+00:00,15m,2026-07-05 10:30:10.321788+00:00,1783247410321,0.06946215139442101,1.0
O/USDT,SHORT,0.5736,0.61121545,-7.818116462976272,-0.794,SL,2026-07-05T09:57:05.262893+00:00,15m,2026-07-05 09:57:05.262893+00:00,1783245425262,6.5577841701534165,0.0
DASH/USDT,LONG,35.23,35.117245,-0.7905138339920981,-0.925,SL,2026-07-05T07:58:06.851489+00:00,15m,2026-07-05 07:58:06.851489+00:00,1783238286851,0.3200539313085437,1.0
LINEA/USDT,LONG,0.002462,0.00244633,-1.0904684975767414,-0.91,SL,2026-07-05T07:55:25.945399+00:00,15m,2026-07-05 07:55:25.945399+00:00,1783238125945,0.6364744110479358,1.0
SKY/USDT,SHORT,0.05539,0.05557323,-0.7065217391304375,-1.045,SL,2026-07-05T07:36:23.656907+00:00,15m,2026-07-05 07:36:23.656907+00:00,1783236983656,0.3307997833543952,1.0
AGLD/USDT,SHORT,0.1567,0.15269522,0.5164622336991755,0.198,SL,2026-07-05T05:31:20.535152+00:00,15m,2026-07-05 05:31:20.535152+00:00,1783229480535,2.555698787492031,1.0
MTL/USDT,LONG,0.2333,0.2312526,-1.2377294067434972,-0.952,SL,2026-07-05T04:51:43.441833+00:00,15m,2026-07-05 04:51:43.441833+00:00,1783227103441,0.8775825117874001,1.0
ON/USDT,LONG,0.0866,0.08612062,-0.9081503621105864,-0.909,SL,2026-07-05T04:32:22.239945+00:00,15m,2026-07-05 04:32:22.239945+00:00,1783225942239,0.5535565819861449,1.0
SYN/USDT,SHORT,0.36732,0.41339917,-11.997635933806155,-0.541,SL,2026-07-05T03:31:28.808505+00:00,15m,2026-07-05 03:31:28.808505+00:00,1783222288808,12.544693999782208,1.0
GPS/USDT,SHORT,0.009332,0.00949021,-0.10700909577315493,-0.069,SL,2026-07-05T03:01:09.764479+00:00,15m,2026-07-05 03:01:09.764479+00:00,1783220469764,1.695349335619381,1.0
GALA/USDT,SHORT,0.002337,0.0021691904000000002,1.8352539479300072,0.485,EXPIRED,2026-07-05T01:26:33.853823+00:00,15m,2026-07-05 01:26:33.853823+00:00,1783214793853,7.180556268720577,0.0
BIRB/USDT,SHORT,0.07248,0.07436138,0.11267605633802358,0.024,TP,2026-07-05T01:03:33.065639+00:00,15m,2026-07-05 01:03:33.065639+00:00,1783213413065,2.5957229580573977,1.0
SYN/USDT,SHORT,0.34352,0.3800993,-11.489324466223321,-1.057,SL,2026-07-04T22:37:14.141906+00:00,15m,2026-07-04 22:37:14.141906+00:00,1783204634141,10.6483756404285,1.0
PLUME/USDT,LONG,0.01065,0.01037481,-3.7174721189591176,-0.791,SL,2026-07-04T21:37:28.477001+00:00,15m,2026-07-04 21:37:28.477001+00:00,1783201048477,2.583943661971829,1.0
SUN/USDT,LONG,0.017017,0.01686856,0.46296296296295836,0.389,TP,2026-07-04T21:37:07.248378+00:00,15m,2026-07-04 21:37:07.248378+00:00,1783201027248,0.8723041664218115,1.0
SFP/USDT,LONG,0.2308,0.22318835,-4.1219407471017595,-0.466,TSL,2026-07-04T21:36:47.775294+00:00,15m,2026-07-04 21:36:47.775294+00:00,1783201007775,3.2979419410745225,1.0
BERA/USDT,SHORT,0.2136,0.2221327,-4.2432814710042335,-0.897,SL,2026-07-04T20:23:16.967958+00:00,15m,2026-07-04 20:23:16.967958+00:00,1783196596967,3.994709737827704,1.0
S/USDT,LONG,0.02698,0.0267598,-1.1808118081180714,-0.941,SL,2026-07-04T18:41:15.417783+00:00,15m,2026-07-04 18:41:15.417783+00:00,1783190475417,0.816160118606376,1.0
SNX/USDT,LONG,0.2337,0.2320514,-1.7321504013519191,-0.882,SL,2026-07-04T17:56:49.078850+00:00,15m,2026-07-04 17:56:49.078850+00:00,1783187809078,0.7054343175010698,1.0
DIA/USDT,LONG,0.1133,0.1100347,-4.083405734144218,-0.928,SL,2026-07-04T17:56:44.820709+00:00,15m,2026-07-04 17:56:44.820709+00:00,1783187804820,2.8819947043248004,1.0
ACT/USDT,SHORT,0.01019,0.01029542,-1.2871287128712863,-0.665,SL,2026-07-04T17:28:03.412783+00:00,15m,2026-07-04 17:28:03.412783+00:00,1783186083412,1.0345436702649673,0.0
APT/USDT,LONG,0.6256,0.60479145,-4.298890104736607,-0.788,SL,2026-07-04T16:52:33.764541+00:00,15m,2026-07-04 16:52:33.764541+00:00,1783183953764,3.3261748721227677,1.0
ICNT/USDT,SHORT,0.1782,0.1872805,-2.698145025295109,-0.512,SL,2026-07-04T16:21:59.051276+00:00,15m,2026-07-04 16:21:59.051276+00:00,1783182119051,5.095679012345674,1.0
SHELL/USDT,LONG,0.0235,0.02290854,-3.5368421052631596,-0.283,TSL,2026-07-04T15:28:22.329427+00:00,15m,2026-07-04 15:28:22.329427+00:00,1783178902329,2.516851063829781,1.0
POPCAT/USDT,LONG,0.05051,0.04924602,-2.1188118811881216,-0.853,SL,2026-07-04T15:28:04.305757+00:00,15m,2026-07-04 15:28:04.305757+00:00,1783178884305,2.502435161354183,1.0
MERL/USDT,LONG,0.01963,0.01931034,-3.6481759120439854,-0.478,TSL,2026-07-04T15:27:56.530128+00:00,15m,2026-07-04 15:27:56.530128+00:00,1783178876530,1.628425878757019,0.0
PEOPLE/USDT,LONG,0.00545,0.00531202,-3.2140248356464562,-1.073,SL,2026-07-04T14:49:37.148866+00:00,15m,2026-07-04 14:49:37.148866+00:00,1783176577148,2.531743119266059,1.0
SYN/USDT,SHORT,0.4016,0.40699958,0.10824690363507854,0.044,TP,2026-07-04T14:37:32.827695+00:00,15m,2026-07-04 14:37:32.827695+00:00,1783175852827,1.34451693227092,1.0
VET/USDT,LONG,0.004703,0.00461669,-2.615481965830011,-0.393,SL,2026-07-04T13:50:15.284142+00:00,15m,2026-07-04 13:50:15.284142+00:00,1783173015284,1.8352115670848403,1.0
LINK/USDT,LONG,7.9,7.682459,-3.4188034188034218,-0.994,SL,2026-07-04T13:06:28.340934+00:00,15m,2026-07-04 13:06:28.340934+00:00,1783170388340,2.7536835443038057,1.0
STEEM/USDT,LONG,0.04194,0.04201898,-0.23730422401517784,-0.058,TSL,2026-07-04T11:35:57.034313+00:00,15m,2026-07-04 11:35:57.034313+00:00,1783164957034,0.188316642823079,1.0
ICNT/USDT,SHORT,0.1968,0.19879775,-0.46224961479197946,-0.22,TP,2026-07-04T11:23:45.983823+00:00,15m,2026-07-04 11:23:45.983823+00:00,1783164225983,1.0151168699186954,0.0
RAVE/USDT,SHORT,0.2803,0.3074605,-10.441334768568359,-1.012,SL,2026-07-04T09:53:42.388804+00:00,15m,2026-07-04 09:53:42.388804+00:00,1783158822388,9.689796646450244,0.0
LTC/USDT,LONG,44.2,44.087945,-0.4513653802753393,-0.156,TSL,2026-07-04T08:45:34.785732+00:00,15m,2026-07-04 08:45:34.785732+00:00,1783154734785,0.2535180995475229,1.0
TAG/USDT,SHORT,0.00096,0.0009279840000000001,0.5291005291005304,0.154,SL,2026-07-04T07:11:34.366724+00:00,15m,2026-07-04 07:11:34.366724+00:00,1783149094366,3.334999999999994,1.0
ERA/USDT,LONG,0.0859,0.0829585,-4.498269896193772,-0.589,TSL,2026-07-04T07:05:44.205957+00:00,15m,2026-07-04 07:05:44.205957+00:00,1783148744205,3.424330616996507,1.0
NIL/USDT,LONG,0.03968,0.0375812,-7.480314960629923,-0.57,TSL,2026-07-04T06:07:29.467355+00:00,15m,2026-07-04 06:07:29.467355+00:00,1783145249467,5.289314516129027,1.0
BASED/USDT,SHORT,0.09981,0.0814504464,7.533759772565738,0.685,SL,2026-07-04T06:02:17.915021+00:00,15m,2026-07-04 06:02:17.915021+00:00,1783144937915,18.39450315599639,1.0
ZEC/USDT,LONG,463.32,455.71203,-1.6183324702226825,-0.727,TSL,2026-07-04T05:50:32.324920+00:00,15m,2026-07-04 05:50:32.324920+00:00,1783144232324,1.64205516705516,1.0
BR/USDT,SHORT,0.14891,0.15249841,-2.734823418191639,-0.919,SL,2026-07-04T04:12:04.220709+00:00,15m,2026-07-04 04:12:04.220709+00:00,1783138324220,2.409784433550476,1.0
BNB/USDT,LONG,572.17,567.865925,2.286481678497308,0.724,TP,2026-07-04T03:34:00.216035+00:00,15m,2026-07-04 03:34:00.216035+00:00,1783136040216,0.7522370973661695,1.0
POL/USDT,LONG,0.0732,0.074214368,0.19083969465649026,0.187,SL,2026-07-04T03:31:44.562734+00:00,15m,2026-07-04 03:31:44.562734+00:00,1783135904562,1.3857486338797835,1.0
ATH/USDT,LONG,0.00455,0.00446577,-0.3940455341506083,-0.146,TSL,2026-07-04T03:00:29.239541+00:00,15m,2026-07-04 03:00:29.239541+00:00,1783134029239,1.8512087912087964,1.0
BREV/USDT,SHORT,0.08214,0.09094545,7.343161204466482,0.445,TSL,2026-07-04T01:47:13.515038+00:00,15m,2026-07-04 01:47:13.515038+00:00,1783129633515,10.720051132213285,1.0
TAG/USDT,SHORT,0.000957,0.00097746,-3.184713375796175,-0.846,SL,2026-07-03T23:13:04.715253+00:00,15m,2026-07-03 23:13:04.715253+00:00,1783120384715,2.1379310344827736,1.0
KMNO/USDT,LONG,0.01956,0.01937031,-1.7241379310344827,-0.192,TSL,2026-07-03T22:54:09.436932+00:00,15m,2026-07-03 22:54:09.436932+00:00,1783119249436,0.969785276073616,0.0
FIDA/USDT,LONG,0.0222,0.01981024,-0.3576218149307117,-0.031,SL,2026-07-03T21:06:40.891820+00:00,15m,2026-07-03 21:06:40.891820+00:00,1783112800891,10.76468468468469,1.0
BOME/USDT,LONG,0.0004388,0.00042197,-0.44652824291136295,-0.077,SL,2026-07-03T21:06:39.389640+00:00,15m,2026-07-03 21:06:39.389640+00:00,1783112799389,3.835460346399274,1.0
LAYER/USDT,LONG,0.06731,0.06067885,-0.5721830985915515,-0.052,SL,2026-07-03T21:01:34.403768+00:00,15m,2026-07-03 21:01:34.403768+00:00,1783112494403,9.851656514633778,0.0
APR/USDT,SHORT,0.2146,0.2167246,-0.3280224929709495,-0.211,SL,2026-07-03T20:44:57.229490+00:00,15m,2026-07-03 20:44:57.229490+00:00,1783111497229,0.9900279589934653,1.0
DYM/USDT,LONG,0.0158,0.01468794,-2.040816326530615,-0.223,SL,2026-07-03T20:41:11.898239+00:00,15m,2026-07-03 20:41:11.898239+00:00,1783111271898,7.038354430379757,0.0
ETC/USDT,LONG,7.24,7.0304385,-0.6561859193438146,-0.169,SL,2026-07-03T20:36:50.337769+00:00,15m,2026-07-03 20:36:50.337769+00:00,1783111010337,2.894495856353597,1.0
HAEDAL/USDT,SHORT,0.017404,0.01768649,-1.3777267508610629,-0.901,SL,2026-07-03T20:24:33.182375+00:00,15m,2026-07-03 20:24:33.182375+00:00,1783110273182,1.6231326131923685,1.0
ZRX/USDT,LONG,0.0851,0.08237625,0.0,0.0,SL,2026-07-03T20:00:48.695003+00:00,15m,2026-07-03 20:00:48.695003+00:00,1783108848695,3.2006462984723822,1.0
TNSR/USDT,SHORT,0.03521,0.03549316,-0.39840637450199556,-0.396,SL,2026-07-03T18:22:59.185327+00:00,15m,2026-07-03 18:22:59.185327+00:00,1783102979185,0.8042033513206605,0.0
FHE/USDT,SHORT,0.01932,0.01951924,-0.2581311306143595,-0.335,SL,2026-07-03T17:36:57.596235+00:00,15m,2026-07-03 17:36:57.596235+00:00,1783100217596,1.0312629399585913,0.0
GUN/USDT,SHORT,0.00413,0.00418226,-1.4813016027197738,-0.949,SL,2026-07-03T16:22:03.783313+00:00,15m,2026-07-03 16:22:03.783313+00:00,1783095723783,1.265375302663442,1.0
TNSR/USDT,SHORT,0.03502,0.03549316,-1.3432409259788458,-0.934,SL,2026-07-03T16:18:53.275143+00:00,15m,2026-07-03 16:18:53.275143+00:00,1783095533275,1.351113649343233,0.0
HUMA/USDT,SHORT,0.022154,0.02264592,-0.6626345281508487,-0.932,SL,2026-07-03T16:14:49.297976+00:00,15m,2026-07-03 16:14:49.297976+00:00,1783095289297,2.220456802383316,0.0
CRV/USDT,SHORT,0.2054,0.2067096,-0.6335282651072104,-0.861,SL,2026-07-03T16:05:04.296641+00:00,15m,2026-07-03 16:05:04.296641+00:00,1783094704296,0.6375851996105132,0.0
IOTA/USDT,SHORT,0.0388,0.0406609,-3.8521603331598,-0.66,SL,2026-07-03T15:50:50.494967+00:00,15m,2026-07-03 15:50:50.494967+00:00,1783093850494,4.796134020618553,1.0
XNY/USDT,SHORT,0.005707,0.00586879,-1.3352073085031568,-0.43,SL,2026-07-03T15:13:10.974076+00:00,15m,2026-07-03 15:13:10.974076+00:00,1783091590974,2.834939547923591,0.0
XNY/USDT,SHORT,0.005707,0.00586879,5.304760231863695,1.718,TP,2026-07-03T14:55:37.937785+00:00,15m,2026-07-03 14:55:37.937785+00:00,1783090537937,2.834939547923591,0.0
ALPINE/USDT,LONG,0.3228,0.3171236,1.4533085961657333,0.749,SL,2026-07-03T14:46:15.707341+00:00,15m,2026-07-03 14:46:15.707341+00:00,1783089975707,1.7584882280049476,1.0
BILL/USDT,SHORT,0.04312,0.042436084,-0.023568230025915914,-0.009,TSL,2026-07-03T14:30:03.002969+00:00,15m,2026-07-03 14:30:03.002969+00:00,1783089003002,1.586076066790352,0.0
BARD/USDT,SHORT,0.1357,0.13670475,-1.1086474501108656,-1.068,SL,2026-07-03T14:29:20.714886+00:00,15m,2026-07-03 14:29:20.714886+00:00,1783088960714,0.7404200442152001,0.0
HUMA/USDT,SHORT,0.022357,0.02264592,-1.2455677788889896,-0.423,TP,2026-07-03T13:55:32.559508+00:00,15m,2026-07-03 13:55:32.559508+00:00,1783086932559,1.2923021872344302,0.0
ASTER/USDT,LONG,0.6415,0.6268583,0.9776536312849119,0.359,SL,2026-07-03T13:54:01.215939+00:00,15m,2026-07-03 13:54:01.215939+00:00,1783086841215,2.2824162120031146,1.0
XNY/USDT,SHORT,0.005952,0.00613619,0.8371775158038539,0.173,TP,2026-07-03T13:22:20.899951+00:00,15m,2026-07-03 13:22:20.899951+00:00,1783084940899,3.0945900537634388,0.0
HFT/USDT,LONG,0.0091,0.00875562,2.3965141612200402,0.236,TSL,2026-07-03T11:56:32.856084+00:00,15m,2026-07-03 11:56:32.856084+00:00,1783079792856,3.7843956043956046,1.0
FOLKS/USDT,SHORT,1.924,1.9759595,1.9402202412165663,0.537,SL,2026-07-03T11:56:16.841294+00:00,15m,2026-07-03 11:56:16.841294+00:00,1783079776841,2.7005977130977215,0.0
4/USDT,SHORT,0.00943,0.00946418,-0.40267034015048825,-1.398,SL,2026-07-03T11:45:00.226021+00:00,15m,2026-07-03 11:45:00.226021+00:00,1783079100226,0.3624602332980033,0.0
TA/USDT,SHORT,0.07698,0.08250357,-7.791185729275972,-0.948,SL,2026-07-03T11:44:54.110005+00:00,15m,2026-07-03 11:44:54.110005+00:00,1783079094110,7.1753312548713835,0.0
TAG/USDT,SHORT,0.000937,0.00097746,-3.7513397642014987,-0.787,SL,2026-07-03T11:07:50.080565+00:00,15m,2026-07-03 11:07:50.080565+00:00,1783076870080,4.318036286019219,1.0
TAC/USDT,SHORT,0.033565,0.03597288,1.3423241744391314,0.101,TP,2026-07-03T10:25:52.045444+00:00,15m,2026-07-03 10:25:52.045444+00:00,1783074352045,7.173782213615378,1.0
ZORA/USDT,LONG,0.007194,0.00706938,1.0491441192711286,0.435,SL,2026-07-03T10:21:02.799962+00:00,15m,2026-07-03 10:21:02.799962+00:00,1783074062799,1.732276897414509,0.0
CRV/USDT,SHORT,0.2047,0.20660945,-0.8814887365328091,-0.747,SL,2026-07-03T09:22:48.731867+00:00,15m,2026-07-03 09:22:48.731867+00:00,1783070568731,0.9328041035661979,0.0
FLUID/USDT,SHORT,0.914,0.9544295,-3.925845147219184,-0.962,SL,2026-07-03T08:46:16.218295+00:00,15m,2026-07-03 08:46:16.218295+00:00,1783068376218,4.42335886214442,1.0
WIF/USDT,SHORT,0.1731,0.17676475,-2.8471818710052226,-1.05,SL,2026-07-03T08:19:51.215440+00:00,15m,2026-07-03 08:19:51.215440+00:00,1783066791215,2.1171288272674724,0.0
CARV/USDT,SHORT,0.03632,0.03697538,-1.8323153803442362,-0.691,SL,2026-07-03T08:19:23.366348+00:00,15m,2026-07-03 08:19:23.366348+00:00,1783066763366,1.8044603524229188,1.0
RPL/USDT,SHORT,1.654,1.730592,-2.126366950182269,-0.414,SL,2026-07-03T08:00:56.457862+00:00,15m,2026-07-03 08:00:56.457862+00:00,1783065656457,4.630713422007255,0.0
EPIC/USDT,SHORT,0.4655,0.4739098,-0.5834053586862653,-0.243,SL,2026-07-03T07:49:21.925544+00:00,15m,2026-07-03 07:49:21.925544+00:00,1783064961925,1.8066165413533766,0.0
MERL/USDT,SHORT,0.01954,0.02032044,-1.995905834186292,-0.5,SL,2026-07-03T07:25:15.930701+00:00,15m,2026-07-03 07:25:15.930701+00:00,1783063515930,3.9940634595701145,1.0
ETC/USDT,SHORT,7.091,7.1096485,-0.6374840628984265,-0.888,EXPIRED,2026-07-03T07:24:51.368701+00:00,15m,2026-07-03 07:24:51.368701+00:00,1783063491368,0.2629882950218502,0.0
ERA/USDT,SHORT,0.0859,0.08683005,-1.0489510489510465,-0.874,SL,2026-07-03T06:57:08.976413+00:00,15m,2026-07-03 06:57:08.976413+00:00,1783061828976,1.0827124563445887,0.0
JTO/USDT,SHORT,0.7408,0.7477199,-1.3261163734776766,-1.124,SL,2026-07-03T05:57:07.114217+00:00,15m,2026-07-03 05:57:07.114217+00:00,1783058227114,0.9341117710583124,1.0
EPIC/USDT,SHORT,0.4701,0.47601295,-0.34490191851693164,-0.132,TP,2026-07-03T05:47:53.122868+00:00,15m,2026-07-03 05:47:53.122868+00:00,1783057673122,1.2578068496064607,0.0
WLFI/USDT,SHORT,0.0578,0.05876802,0.017553098121823877,0.006,TP,2026-07-03T05:19:24.826056+00:00,15m,2026-07-03 05:19:24.826056+00:00,1783055964826,1.6747750865051905,1.0
ID/USDT,SHORT,0.03395,0.03407103,-0.8018639053254599,-1.0,SL,2026-07-03T05:18:37.695407+00:00,15m,2026-07-03 05:18:37.695407+00:00,1783055917695,0.3564948453608281,1.0
KMNO/USDT,LONG,0.01994,0.01948026,-1.907630522088363,-0.793,TSL,2026-07-03T04:32:15.710611+00:00,15m,2026-07-03 04:32:15.710611+00:00,1783053135710,2.305616850551656,0.0
LUMIA/USDT,LONG,0.11806,0.12933615999999998,0.1604594206570355,0.034,EXPIRED,2026-07-03T03:12:58.296413+00:00,15m,2026-07-03 03:12:58.296413+00:00,1783048378296,9.551211248517685,0.0
AXS/USDT,SHORT,1.013,1.0205285,-1.5952143569292139,-0.913,SL,2026-07-03T02:36:15.502960+00:00,15m,2026-07-03 02:36:15.502960+00:00,1783046175502,0.743188548864763,0.0
ARKM/USDT,LONG,0.117,0.1116323,1.9541206457094278,0.379,SL,2026-07-03T02:36:06.479002+00:00,15m,2026-07-03 02:36:06.479002+00:00,1783046166479,4.58777777777778,1.0
ZRX/USDT,SHORT,0.0823,0.0837254,-2.197802197802193,-0.986,SL,2026-07-03T02:35:51.235779+00:00,15m,2026-07-03 02:35:51.235779+00:00,1783046151235,1.7319562575941763,0.0
BASED/USDT,SHORT,0.10337,0.10444644,-0.0200944438862716,-0.004,TP,2026-07-03T02:26:07.766004+00:00,15m,2026-07-03 02:26:07.766004+00:00,1783045567766,1.0413466189416638,0.0
VANA/USDT,SHORT,1.115,1.2088105,-7.484220018034262,-0.832,SL,2026-07-03T00:49:27.237702+00:00,15m,2026-07-03 00:49:27.237702+00:00,1783039767237,8.413497757847535,1.0
PUMPBTC/USDT,SHORT,0.00942,0.00946418,-0.6410256410256334,-0.576,TP,2026-07-03T00:43:19.126401+00:00,15m,2026-07-03 00:43:19.126401+00:00,1783039399126,0.4690021231422644,0.0
TWT/USDT,SHORT,0.3584,0.3597388,-0.027932960893851673,-0.058,SL,2026-07-03T00:15:02.612228+00:00,15m,2026-07-03 00:15:02.612228+00:00,1783037702612,0.3735491071428652,0.0
SFP/USDT,SHORT,0.2204,0.22283375,-1.9661636945587555,-1.04,SL,2026-07-02T21:52:29.584475+00:00,15m,2026-07-02 21:52:29.584475+00:00,1783029149584,1.1042422867513542,0.0
GENIUS/USDT,SHORT,0.3909,0.39449085,-0.8955987717502568,-0.948,SL,2026-07-02T18:49:33.822894+00:00,15m,2026-07-02 18:49:33.822894+00:00,1783018173822,0.9186108979278533,0.0
RAVE/USDT,SHORT,0.2787,0.3074605,-10.12612612612611,-0.938,SL,2026-07-02T18:30:47.057010+00:00,15m,2026-07-02 18:30:47.057010+00:00,1783017047057,10.319519196268397,1.0
FLUID/USDT,SHORT,0.937,0.9544295,-1.8143009605122626,-0.975,SL,2026-07-02T16:40:19.313564+00:00,15m,2026-07-02 16:40:19.313564+00:00,1783010419313,1.860138740661685,1.0
SOON/USDT,SHORT,0.1658,0.16755095,-1.7309957498482034,-1.0,SL,2026-07-02T16:33:35.943748+00:00,15m,2026-07-02 16:33:35.943748+00:00,1783010015943,1.0560615199034988,0.0
GAS/USDT,SHORT,1.04,1.06159,-2.710551790900293,-0.979,SL,2026-07-02T15:30:36.621175+00:00,15m,2026-07-02 15:30:36.621175+00:00,1783006236621,2.0759615384615384,1.0
AGLD/USDT,SHORT,0.1624,0.1656481,-1.680149346608575,-0.546,SL,2026-07-02T15:08:48.606761+00:00,15m,2026-07-02 15:08:48.606761+00:00,1783004928606,2.0000615763546823,1.0
ANIME/USDT,SHORT,0.002727,0.00281021,-3.9434523809523885,-0.867,SL,2026-07-02T15:06:23.834269+00:00,15m,2026-07-02 15:06:23.834269+00:00,1783004783834,3.05133846718006,1.0
BR/USDT,SHORT,0.14756,0.14941378,-1.3564839934888782,-1.013,SL,2026-07-02T14:55:38.446731+00:00,15m,2026-07-02 14:55:38.446731+00:00,1783004138446,1.2562889671997828,1.0
SXT/USDT,SHORT,0.00697,0.00705056,-0.21707670043414454,-0.107,SL,2026-07-02T14:51:07.782558+00:00,15m,2026-07-02 14:51:07.782558+00:00,1783003867782,1.1558106169297038,0.0
TOSHI/USDT,SHORT,0.0001151,0.00011688,-1.8308631211857112,-0.963,SL,2026-07-02T14:40:29.064636+00:00,15m,2026-07-02 14:40:29.064636+00:00,1783003229064,1.5464813205907904,0.0
MEME/USDT,LONG,0.0006103,0.0006014,2.7110389610389656,0.638,TSL,2026-07-02T13:50:11.688019+00:00,15m,2026-07-02 13:50:11.688019+00:00,1783000211688,1.4582991971161812,1.0
SPORTFUN/USDT,SHORT,0.02468,0.02517771,-0.8892481810832578,-0.503,SL,2026-07-02T13:34:58.099567+00:00,15m,2026-07-02 13:34:58.099567+00:00,1782999298099,2.0166531604538025,0.0
BAS/USDT,SHORT,0.033257,0.03670698,-5.654995779853897,-0.828,SL,2026-07-02T13:28:40.578134+00:00,15m,2026-07-02 13:28:40.578134+00:00,1782998920578,10.373695763297947,1.0
IRYS/USDT,LONG,0.01467,0.01431849,4.144021739130431,1.519,TP,2026-07-02T13:09:54.704849+00:00,15m,2026-07-02 13:09:54.704849+00:00,1782997794704,2.39611451942741,1.0
PAXG/USDT,LONG,4126.8,4094.09193,0.8533658794100223,0.534,TSL,2026-07-02T12:52:14.054622+00:00,15m,2026-07-02 12:52:14.054622+00:00,1782996734054,0.7925770572840974,1.0
ZK/USDT,LONG,0.0102,0.00987516,0.9541984732824536,0.165,TP,2026-07-02T12:31:47.660096+00:00,15m,2026-07-02 12:31:47.660096+00:00,1782995507660,3.184705882352956,1.0
ARK/USDT,SHORT,0.1095,0.11106635,-1.9266055045871602,-1.016,SL,2026-07-02T11:37:16.953126+00:00,15m,2026-07-02 11:37:16.953126+00:00,1782992236953,1.4304566210045608,1.0
APR/USDT,SHORT,0.21135,0.2145072,-0.5628517823639806,-0.044,TSL,2026-07-02T11:24:54.406761+00:00,15m,2026-07-02 11:24:54.406761+00:00,1782991494406,1.493825408090844,1.0
ICNT/USDT,SHORT,0.1804,0.1970952,-5.268996117581813,-0.566,SL,2026-07-02T11:18:11.197511+00:00,15m,2026-07-02 11:18:11.197511+00:00,1782991091197,9.25454545454545,1.0
CROSS/USDT,SHORT,0.08305,0.08336486,-1.1030303030302957,-1.052,SL,2026-07-02T11:14:32.512537+00:00,15m,2026-07-02 11:14:32.512537+00:00,1782990872512,0.37912101143889243,0.0
TAG/USDT,SHORT,0.000985,0.0009995,0.10214504596528425,0.049,TP,2026-07-02T11:11:23.105084+00:00,15m,2026-07-02 11:11:23.105084+00:00,1782990683105,1.472081218274109,0.0
ONT/USDT,LONG,0.04362,0.04258602,2.5816769476810575,0.954,SL,2026-07-02T11:00:05.756087+00:00,15m,2026-07-02 11:00:05.756087+00:00,1782990005756,2.3704264099037067,0.0
POL/USDT,LONG,0.07191,0.06808772,1.4342849262170725,0.235,SL,2026-07-02T11:00:05.295090+00:00,15m,2026-07-02 11:00:05.295090+00:00,1782990005295,5.315366430260044,0.0
STX/USDT,LONG,0.1643,0.1567645,3.293413173652681,0.537,SL,2026-07-02T10:59:03.937623+00:00,15m,2026-07-02 10:59:03.937623+00:00,1782989943937,4.586427267194158,0.0
FLUX/USDT,LONG,0.0449,0.04345472,2.1075740944017616,0.458,SL,2026-07-02T10:28:10.342609+00:00,15m,2026-07-02 10:28:10.342609+00:00,1782988090342,3.2188864142538978,1.0
OPN/USDT,SHORT,0.0619,0.0638957,-3.961682091248587,-1.058,SL,2026-07-02T10:21:29.550247+00:00,15m,2026-07-02 10:21:29.550247+00:00,1782987689550,3.2240710823909584,0.0
LSK/USDT,LONG,0.0865,0.08968915400000001,-0.2270147559591281,-0.06,SL,2026-07-02T10:20:57.453138+00:00,15m,2026-07-02 10:20:57.453138+00:00,1782987657453,3.6868832369942353,0.0
XPIN/USDT,SHORT,0.001427,0.00145017,-2.616690240452627,-1.023,SL,2026-07-02T10:08:13.401633+00:00,15m,2026-07-02 10:08:13.401633+00:00,1782986893401,1.6236860546601173,0.0
COAI/USDT,LONG,0.2886,0.28775605,3.4931506849315217,0.518,TSL,2026-07-02T10:06:40.805717+00:00,15m,2026-07-02 10:06:40.805717+00:00,1782986800805,0.29242896742898045,1.0
CHR/USDT,LONG,0.0154,0.01526237,3.1694695989650654,0.238,TSL,2026-07-02T10:05:41.362708+00:00,15m,2026-07-02 10:05:41.362708+00:00,1782986741362,0.8937012987012968,1.0
ASTER/USDT,LONG,0.6309,0.62695815,-0.2347050539821713,-0.124,SL,2026-07-02T10:01:26.432272+00:00,15m,2026-07-02 10:01:26.432272+00:00,1782986486432,0.624797907750836,1.0
MOVR/USDT,LONG,1.195,1.2336944,2.400662251655641,0.859,TP,2026-07-02T09:47:58.629425+00:00,15m,2026-07-02 09:47:58.629425+00:00,1782985678629,3.238025104602512,1.0
BANANA/USDT,LONG,2.697,2.771598,0.4746257758305915,0.178,SL,2026-07-02T09:44:20.971663+00:00,15m,2026-07-02 09:44:20.971663+00:00,1782985460971,2.76596218020022,0.0
PTB/USDT,SHORT,0.0004997,0.00054171,-7.224861441013452,-1.0,SL,2026-07-02T09:43:27.364335+00:00,15m,2026-07-02 09:43:27.364335+00:00,1782985407364,8.407044226535941,0.0
ALCH/USDT,SHORT,0.07047,0.07106644,-1.6890924706555974,-0.978,SL,2026-07-02T09:00:54.788750+00:00,15m,2026-07-02 09:00:54.788750+00:00,1782982854788,0.8463743436923368,0.0
MAVIA/USDT,SHORT,0.03213,0.03278639,-3.998730561726427,-0.663,TSL,2026-07-02T08:44:12.264338+00:00,15m,2026-07-02 08:44:12.264338+00:00,1782981852264,2.0429193899782128,0.0
GRT/USDT,LONG,0.01785,0.0189100436,0.9966777408637852,0.238,SL,2026-07-02T08:29:53.566940+00:00,15m,2026-07-02 08:29:53.566940+00:00,1782980993566,5.9386196078431235,1.0
DIA/USDT,LONG,0.1067,0.10957682,-0.09285051067781139,-0.039,EXPIRED,2026-07-02T07:46:30.919246+00:00,15m,2026-07-02 07:46:30.919246+00:00,1782978390919,2.6961761949390834,1.0
4/USDT,SHORT,0.009195,0.00928491,-1.6230539913878719,-0.645,SL,2026-07-02T07:44:26.008707+00:00,15m,2026-07-02 07:44:26.008707+00:00,1782978266008,0.9778140293637883,1.0
AT/USDT,LONG,0.1427,0.14507474,-0.06910850034553488,-0.036,TSL,2026-07-02T07:20:06.299703+00:00,15m,2026-07-02 07:20:06.299703+00:00,1782976806299,1.6641485634197717,1.0
NOT/USDT,LONG,0.000381,0.00039182739999999995,-0.13109596224436607,-0.075,SL,2026-07-02T07:03:45.214373+00:00,15m,2026-07-02 07:03:45.214373+00:00,1782975825214,2.841837270341196,0.0
B2/USDT,SHORT,0.5098,0.55793565,-3.184713375796181,-0.288,SL,2026-07-02T07:01:57.276110+00:00,15m,2026-07-02 07:01:57.276110+00:00,1782975717276,9.44206551588858,1.0
XAN/USDT,SHORT,0.010676,0.01209512,-9.564402810304443,-0.719,SL,2026-07-02T06:35:52.796582+00:00,15m,2026-07-02 06:35:52.796582+00:00,1782974152796,13.292618958411385,0.0
FIDA/USDT,SHORT,0.02199,0.02228338,-1.7145505097312435,-0.526,SL,2026-07-02T05:53:38.248711+00:00,15m,2026-07-02 05:53:38.248711+00:00,1782971618248,1.3341518872214613,0.0
HUMA/USDT,LONG,0.022223,0.02201293,-1.3807944050927967,-1.051,SL,2026-07-02T05:33:45.296252+00:00,15m,2026-07-02 05:33:45.296252+00:00,1782970425296,0.945281915132969,0.0
FARTCOIN/USDT,SHORT,0.1395,0.1434148,0.6474820143884977,0.204,SL,2026-07-02T05:29:29.062702+00:00,15m,2026-07-02 05:29:29.062702+00:00,1782970169062,2.8063082437275955,0.0
TWT/USDT,SHORT,0.3606,0.362543,-0.08358874338256408,-0.082,TP,2026-07-02T05:29:27.603432+00:00,15m,2026-07-02 05:29:27.603432+00:00,1782970167603,0.5388241819190317,0.0
UB/USDT,SHORT,0.093949,0.09607802,-2.519483292409524,-0.308,TSL,2026-07-02T05:12:25.627577+00:00,15m,2026-07-02 05:12:25.627577+00:00,1782969145627,2.2661443974922513,1.0
WLFI/USDT,SHORT,0.0588,0.058103789999999995,-0.6181318681318668,-0.481,TSL,2026-07-02T04:45:08.206677+00:00,15m,2026-07-02 04:45:08.206677+00:00,1782967508206,1.1840306122449025,1.0
PIPPIN/USDT,SHORT,0.01745,0.01778664,-2.2661243463102934,-0.676,SL,2026-07-02T04:37:46.453699+00:00,15m,2026-07-02 04:37:46.453699+00:00,1782967066453,1.929169054441256,0.0
SKR/USDT,SHORT,0.008898,0.00893338,-1.0484330484330493,-0.581,SL,2026-07-02T04:25:02.825000+00:00,15m,2026-07-02 04:25:02.825000+00:00,1782966302825,0.39761744212182276,0.0
COOKIE/USDT,SHORT,0.00932,0.00983491,-6.616052060737521,-0.767,TSL,2026-07-02T04:24:10.018898+00:00,15m,2026-07-02 04:24:10.018898+00:00,1782966250018,5.524785407725326,0.0
KOMA/USDT,SHORT,0.007258,0.00730594,0.0,0.0,TP,2026-07-02T04:21:49.027194+00:00,15m,2026-07-02 04:21:49.027194+00:00,1782966109027,0.6605125378892347,0.0
CHILLGUY/USDT,LONG,0.009047,0.00864701,7.111062859624355,1.161,TP,2026-07-02T04:10:52.735010+00:00,15m,2026-07-02 04:10:52.735010+00:00,1782965452735,4.42124461147341,0.0
ZEREBRO/USDT,SHORT,0.038022,0.0394611,-3.536309617710467,-0.942,SL,2026-07-02T03:43:25.961501+00:00,15m,2026-07-02 03:43:25.961501+00:00,1782963805961,3.784913997159536,1.0
BTW/USDT,SHORT,0.06291,0.0662292,-6.237322515212992,-0.522,SL,2026-07-02T03:29:50.746775+00:00,15m,2026-07-02 03:29:50.746775+00:00,1782962990746,5.2761087267525175,0.0
NEAR/USDT,LONG,1.885,1.8202655,3.242955874534819,1.004,TP,2026-07-02T03:22:40.280083+00:00,15m,2026-07-02 03:22:40.280083+00:00,1782962560280,3.4341909814323563,0.0
GRIFFAIN/USDT,SHORT,0.008812,0.00896242,-1.6238928003633974,-0.914,SL,2026-07-02T02:40:09.766976+00:00,15m,2026-07-02 02:40:09.766976+00:00,1782960009766,1.7069904675442584,1.0
AEVO/USDT,SHORT,0.01893,0.01949974,-3.503184713375801,-0.461,TSL,2026-07-02T02:21:18.242290+00:00,15m,2026-07-02 02:21:18.242290+00:00,1782958878242,3.009720021130495,0.0
FIDA/USDT,SHORT,0.02218,0.02225333,-0.8640291041382411,-0.722,TP,2026-07-02T02:05:44.609375+00:00,15m,2026-07-02 02:05:44.609375+00:00,1782957944609,0.33061316501354104,0.0
H/USDT,SHORT,0.07531,0.0764445,-1.1930585683297068,-0.328,TP,2026-07-02T01:58:04.787336+00:00,15m,2026-07-02 01:58:04.787336+00:00,1782957484787,1.5064400478024123,1.0
IOST/USDT,LONG,0.000713,0.000725576,-0.9708737864077605,-0.498,SL,2026-07-02T01:57:31.655083+00:00,15m,2026-07-02 01:57:31.655083+00:00,1782957451655,1.7638148667601734,0.0
LTC/USDT,LONG,42.52,43.20668,0.18674136321194745,0.114,SL,2026-07-02T01:36:18.370750+00:00,15m,2026-07-02 01:36:18.370750+00:00,1782956178370,1.6149576669802341,0.0
DUSK/USDT,LONG,0.0777,0.079059748,-1.2311207005965208,-0.534,TP,2026-07-02T00:18:58.841529+00:00,15m,2026-07-02 00:18:58.841529+00:00,1782951538841,1.7499974259974183,1.0
XLM/USDT,SHORT,0.19951,0.218327,-1.785623182490691,-0.157,TP,2026-07-02T00:16:32.103355+00:00,15m,2026-07-02 00:16:32.103355+00:00,1782951392103,9.431607438223647,1.0
MUBARAK/USDT,LONG,0.01087,0.01069465,1.7479300827966968,0.199,TSL,2026-07-02T00:05:16.829230+00:00,15m,2026-07-02 00:05:16.829230+00:00,1782950716829,1.613155473781044,1.0
SPX/USDT,SHORT,0.3546,0.39228755,-10.837861023734627,-0.89,SL,2026-07-02T00:04:34.494518+00:00,15m,2026-07-02 00:04:34.494518+00:00,1782950674494,10.628186689227286,0.0
PEOPLE/USDT,LONG,0.005049,0.00498851,-0.48971596474044754,-0.215,TP,2026-07-01T23:18:45.774720+00:00,15m,2026-07-01 23:18:45.774720+00:00,1782947925774,1.1980590215884304,0.0
PLUME/USDT,SHORT,0.00974,0.00991485,-1.5416238437821077,-0.811,SL,2026-07-01T23:18:39.695729+00:00,15m,2026-07-01 23:18:39.695729+00:00,1782947919695,1.7951745379876691,1.0
G/USDT,SHORT,0.003405,0.003307876,0.4757656853999392,0.161,SL,2026-07-01T23:18:25.277597+00:00,15m,2026-07-01 23:18:25.277597+00:00,1782947905277,2.852393538913365,0.0
APE/USDT,SHORT,0.1394,0.14010985,-0.7959479015919085,-0.576,SL,2026-07-01T23:17:58.034477+00:00,15m,2026-07-01 23:17:58.034477+00:00,1782947878034,0.5092180774749009,1.0
PROVE/USDT,SHORT,0.1937,0.19419085,-0.41601664066562416,-0.423,SL,2026-07-01T23:05:16.944395+00:00,15m,2026-07-01 23:05:16.944395+00:00,1782947116944,0.2534073309241028,0.0
RIVER/USDT,SHORT,3.698,3.727583,-1.4982293652955643,-0.972,SL,2026-07-01T22:59:22.471157+00:00,15m,2026-07-01 22:59:22.471157+00:00,1782946762471,0.7999729583558718,1.0
PYTH/USDT,SHORT,0.03894,0.0394591,-1.327088212334123,-0.496,TP,2026-07-01T22:58:54.243347+00:00,15m,2026-07-01 22:58:54.243347+00:00,1782946734243,1.3330765279917682,0.0
ZKC/USDT,LONG,0.04359,0.04070885,8.596770525358195,1.159,TP,2026-07-01T22:37:00.054908+00:00,15m,2026-07-01 22:37:00.054908+00:00,1782945420054,6.6096581784813,0.0
TRADOOR/USDT,SHORT,0.4238,0.39682262,-0.3096712720342944,-0.07,TP,2026-07-01T22:36:56.345517+00:00,15m,2026-07-01 22:36:56.345517+00:00,1782945416345,6.365592260500234,1.0
TRB/USDT,LONG,13.588,13.8197,-0.02910572655169584,-0.015,SL,2026-07-01T22:36:27.319310+00:00,15m,2026-07-01 22:36:27.319310+00:00,1782945387319,1.7051810420959674,0.0
FARTCOIN/USDT,SHORT,0.1407,0.13578592,1.6582552271088655,0.488,TSL,2026-07-01T22:36:06.274299+00:00,15m,2026-07-01 22:36:06.274299+00:00,1782945366274,3.492594171997148,0.0
GLM/USDT,SHORT,0.10356,0.10416602,6.480577786453244,3.892,TP,2026-07-01T22:35:20.521926+00:00,15m,2026-07-01 22:35:20.521926+00:00,1782945320521,0.5851873310158351,0.0
ME/USDT,LONG,0.05933,0.061329084,0.3516998827667088,0.131,SL,2026-07-01T21:44:58.998097+00:00,15m,2026-07-01 21:44:58.998097+00:00,1782942298998,3.369431990561264,0.0
DASH/USDT,LONG,33.33,32.461235,2.0658682634730687,0.735,TP,2026-07-01T21:44:56.751995+00:00,15m,2026-07-01 21:44:56.751995+00:00,1782942296751,2.606555655565545,0.0
XAUT/USDT,LONG,4031.18,3999.561645,0.8833476101585047,0.901,TP,2026-07-01T21:44:52.805850+00:00,15m,2026-07-01 21:44:52.805850+00:00,1782942292805,0.78434490645418,1.0
IOST/USDT,LONG,0.000716,0.00070694,-1.8005540166204974,-0.863,TP,2026-07-01T21:40:26.053329+00:00,15m,2026-07-01 21:40:26.053329+00:00,1782942026053,1.2653631284916163,0.0
SAGA/USDT,LONG,0.01304,0.013348272,-0.1517450682852877,-0.063,TSL,2026-07-01T21:29:56.776785+00:00,15m,2026-07-01 21:29:56.776785+00:00,1782941396776,2.364049079754602,1.0
LPT/USDT,LONG,1.551,1.6267351399999999,0.3192848020434159,0.084,SL,2026-07-01T21:19:36.320160+00:00,15m,2026-07-01 21:19:36.320160+00:00,1782940776320,4.882987749838809,0.0
BREV/USDT,LONG,0.0706,0.07752794,1.2019566736547864,0.176,SL,2026-07-01T21:19:29.620310+00:00,15m,2026-07-01 21:19:29.620310+00:00,1782940769620,9.812946175637405,0.0
MEW/USDT,LONG,0.000371,0.000384704,0.6718624025799533,0.268,TSL,2026-07-01T21:19:19.383291+00:00,15m,2026-07-01 21:19:19.383291+00:00,1782940759383,3.693800539083548,0.0
BIGTIME/USDT,LONG,0.00734,0.0073815999999999994,-0.13568521031207045,-0.196,TSL,2026-07-01T21:19:14.714232+00:00,15m,2026-07-01 21:19:14.714232+00:00,1782940754714,0.5667574931880011,1.0
LDO/USDT,LONG,0.2483,0.25283150000000004,-0.317712470214465,-0.171,TSL,2026-07-01T21:19:01.928928+00:00,15m,2026-07-01 21:19:01.928928+00:00,1782940741928,1.8250100684655859,0.0
SKL/USDT,LONG,0.00355,0.0035297,-0.8150646430578963,-1.025,SL,2026-07-01T21:18:52.177135+00:00,15m,2026-07-01 21:18:52.177135+00:00,1782940732177,0.5718309859154931,0.0
AR/USDT,LONG,1.943,1.9750414,0.10209290454313434,0.065,TP,2026-07-01T21:05:41.096518+00:00,15m,2026-07-01 21:05:41.096518+00:00,1782939941096,1.6490684508492022,1.0
TOSHI/USDT,LONG,0.0001126,0.00010764,-1.141352063213349,-0.208,TP,2026-07-01T21:03:50.163384+00:00,15m,2026-07-01 21:03:50.163384+00:00,1782939830163,4.4049733570159795,0.0
DUSK/USDT,LONG,0.07673,0.07763203999999999,-0.07737941707506384,-0.057,TSL,2026-07-01T21:00:54.007137+00:00,15m,2026-07-01 21:00:54.007137+00:00,1782939654007,1.1756027629349393,1.0
STX/USDT,LONG,0.1661,0.16848052,-0.23937761819270584,-0.258,TSL,2026-07-01T20:59:28.814995+00:00,15m,2026-07-01 20:59:28.814995+00:00,1782939568814,1.4331848284166149,0.0
CFX/USDT,LONG,0.04354,0.04362818,4.482366325369737,0.89,TSL,2026-07-01T20:48:15.265735+00:00,15m,2026-07-01 20:48:15.265735+00:00,1782938895265,0.2025264124942586,0.0
FIL/USDT,LONG,0.736,0.7735704,0.6756756756756763,0.199,SL,2026-07-01T20:48:07.402829+00:00,15m,2026-07-01 20:48:07.402829+00:00,1782938887402,5.104673913043479,1.0
TURTLE/USDT,LONG,0.03419,0.03344975,2.899824253075585,1.434,TP,2026-07-01T20:37:07.640410+00:00,15m,2026-07-01 20:37:07.640410+00:00,1782938227640,2.165106756361503,0.0
HYPE/USDT,SHORT,62.966,64.7179315,-3.613430506620348,-0.877,SL,2026-07-01T20:35:32.789880+00:00,15m,2026-07-01 20:35:32.789880+00:00,1782938132789,2.7823452339357826,0.0
FLOCK/USDT,LONG,0.03334,0.0332201,-0.8368200836819951,-1.167,SL,2026-07-01T20:35:10.382047+00:00,15m,2026-07-01 20:35:10.382047+00:00,1782938110382,0.3596280743851205,0.0
CTK/USDT,LONG,0.1062,0.11049724,0.7441860465116235,0.262,SL,2026-07-01T20:23:16.178764+00:00,15m,2026-07-01 20:23:16.178764+00:00,1782937396178,4.046365348399241,0.0
USELESS/USDT,SHORT,0.08043,0.08182255,-0.49273531269741183,-0.146,TP,2026-07-01T19:44:07.005849+00:00,15m,2026-07-01 19:44:07.005849+00:00,1782935047005,1.731381325376094,0.0
AIN/USDT,SHORT,0.07715,0.08230327,-7.946931117662811,-0.772,SL,2026-07-01T19:23:56.475691+00:00,15m,2026-07-01 19:23:56.475691+00:00,1782933836475,6.6795463383020115,1.0
COAI/USDT,SHORT,0.2917,0.2990479,-2.086183310533514,-0.918,SL,2026-07-01T19:08:01.916426+00:00,15m,2026-07-01 19:08:01.916426+00:00,1782932881916,2.518992115186823,0.0
EVAA/USDT,LONG,0.8754,0.83644345,0.04571428571428068,0.01,TP,2026-07-01T19:06:22.842705+00:00,15m,2026-07-01 19:06:22.842705+00:00,1782932782842,4.450142791866573,1.0
W/USDT,SHORT,0.00952,0.00973458,-2.972399150743108,-0.89,SL,2026-07-01T18:48:06.656660+00:00,15m,2026-07-01 18:48:06.656660+00:00,1782931686656,2.253991596638644,1.0
FIDA/USDT,LONG,0.02192,0.02151767,-2.6161479476770286,-0.889,SL,2026-07-01T18:45:29.939316+00:00,15m,2026-07-01 18:45:29.939316+00:00,1782931529939,1.835447080291968,1.0
TURBO/USDT,SHORT,0.000848,0.00088844,-5.425620325299771,-0.393,TSL,2026-07-01T18:14:40.592372+00:00,15m,2026-07-01 18:14:40.592372+00:00,1782929680592,4.7688679245283,0.0
UMA/USDT,LONG,0.3862,0.396079936,-0.1032524522457438,-0.063,TSL,2026-07-01T18:08:29.478943+00:00,15m,2026-07-01 18:08:29.478943+00:00,1782929309478,2.55824339720353,0.0
ASTER/USDT,LONG,0.6274,0.6333451800000001,0.55388510840322,0.43,TP,2026-07-01T18:06:58.368961+00:00,15m,2026-07-01 18:06:58.368961+00:00,1782929218368,0.94759005419192,1.0
AUCTION/USDT,SHORT,3.222,3.26489,-1.3345747982619538,-1.003,SL,2026-07-01T17:54:52.708387+00:00,15m,2026-07-01 17:54:52.708387+00:00,1782928492708,1.3311607697082517,1.0
CROSS/USDT,SHORT,0.08247,0.08316156,-1.738066095471242,-0.853,TSL,2026-07-01T17:51:22.253180+00:00,15m,2026-07-01 17:51:22.253180+00:00,1782928282253,0.8385594761731464,1.0
SOON/USDT,SHORT,0.1654,0.16755095,-1.533742331288345,-0.549,SL,2026-07-01T17:26:05.994505+00:00,15m,2026-07-01 17:26:05.994505+00:00,1782926765994,1.3004534461910597,1.0
ID/USDT,SHORT,0.03395,0.03349017,0.1185887933590433,0.117,TSL,2026-07-01T17:25:34.266666+00:00,15m,2026-07-01 17:25:34.266666+00:00,1782926734266,1.3544329896907257,1.0
S/USDT,SHORT,0.02284,0.02295438,-1.1066843736166456,-0.686,TP,2026-07-01T17:18:32.946773+00:00,15m,2026-07-01 17:18:32.946773+00:00,1782926312946,0.5007880910683045,1.0
STX/USDT,LONG,0.1644,0.16145745,-0.2985074626865674,-0.083,TP,2026-07-01T17:17:41.392016+00:00,15m,2026-07-01 17:17:41.392016+00:00,1782926261392,1.7898722627737156,0.0
CTK/USDT,LONG,0.1054,0.1044431,-1.7907634307257294,-1.147,SL,2026-07-01T17:16:13.534096+00:00,15m,2026-07-01 17:16:13.534096+00:00,1782926173534,0.907874762808346,0.0
BR/USDT,SHORT,0.14967,0.14550690800000002,0.3382034632034635,0.128,SL,2026-07-01T16:59:48.721340+00:00,15m,2026-07-01 16:59:48.721340+00:00,1782925188721,2.7815139974610674,1.0
RENDER/USDT,SHORT,1.536,1.556778,-1.8991486574983718,-0.543,TSL,2026-07-01T16:44:06.861898+00:00,15m,2026-07-01 16:44:06.861898+00:00,1782924246861,1.3527343749999976,1.0
STO/USDT,SHORT,0.04566,0.04623926,-1.9603524229074778,-1.06,SL,2026-07-01T16:30:59.764095+00:00,15m,2026-07-01 16:30:59.764095+00:00,1782923459764,1.2686377573368335,0.0
ACT/USDT,SHORT,0.00998,0.01015521,1.1190233977619606,0.338,TP,2026-07-01T16:29:59.496596+00:00,15m,2026-07-01 16:29:59.496596+00:00,1782923399496,1.755611222444893,1.0
ORCA/USDT,SHORT,1.201,1.192806,-0.41876046901173497,-0.338,TP,2026-07-01T15:59:42.239024+00:00,15m,2026-07-01 15:59:42.239024+00:00,1782921582239,0.6822647793505441,1.0
TAG/USDT,SHORT,0.000984,0.00099549,1.3402061855670204,0.51,SL,2026-07-01T15:51:43.826386+00:00,15m,2026-07-01 15:51:43.826386+00:00,1782921103826,1.167682926829253,1.0
BNB/USDT,LONG,551.42,554.7341799999999,-0.0848099895340708,-0.084,TP,2026-07-01T15:51:34.570922+00:00,15m,2026-07-01 15:51:34.570922+00:00,1782921094570,0.6010264408254987,0.0
STX/USDT,LONG,0.1644,0.16636619999999996,-0.6016847172081669,-0.211,TSL,2026-07-01T15:43:46.346900+00:00,15m,2026-07-01 15:43:46.346900+00:00,1782920626346,1.1959854014598381,0.0
LTC/USDT,LONG,42.68,41.767255,1.4492753623188346,0.612,TP,2026-07-01T15:29:56.664719+00:00,15m,2026-07-01 15:29:56.664719+00:00,1782919796664,2.138577788191193,0.0
CETUS/USDT,LONG,0.01809,0.01768344,1.6519823788546346,0.63,TP,2026-07-01T15:28:54.073460+00:00,15m,2026-07-01 15:28:54.073460+00:00,1782919734073,2.2474295190712925,1.0
BTW/USDT,SHORT,0.065011,0.0662292,-0.7044410413476296,-0.495,SL,2026-07-01T15:20:16.218717+00:00,15m,2026-07-01 15:20:16.218717+00:00,1782919216218,1.8738367353217187,0.0
GENIUS/USDT,LONG,0.396,0.39619579999999993,0.808489135927245,0.509,SL,2026-07-01T15:01:05.538779+00:00,15m,2026-07-01 15:01:05.538779+00:00,1782918065538,0.0494444444444224,1.0
PUMP/USDT,LONG,0.001445,0.00147147,-0.4761904761904657,-0.077,SL,2026-07-01T15:00:44.687522+00:00,15m,2026-07-01 15:00:44.687522+00:00,1782918044687,1.8318339100345877,0.0
MEGA/USDT,SHORT,0.04707,0.04789173,1.5994255319148913,0.843,TP,2026-07-01T14:55:51.685572+00:00,15m,2026-07-01 14:55:51.685572+00:00,1782917751685,1.7457616316124913,1.0
KGEN/USDT,SHORT,0.18385,0.18819405,-4.152823920265769,-0.417,TSL,2026-07-01T14:21:05.290774+00:00,15m,2026-07-01 14:21:05.290774+00:00,1782915665290,2.3628229534946903,1.0
NIGHT/USDT,LONG,0.03114,0.03143139999999999,-0.35031847133757643,-0.222,TSL,2026-07-01T14:03:30.500837+00:00,15m,2026-07-01 14:03:30.500837+00:00,1782914610500,0.9357739242131994,1.0
XAI/USDT,LONG,0.00707,0.00703244,-0.11045364891519129,-0.12,TP,2026-07-01T14:01:33.797381+00:00,15m,2026-07-01 14:01:33.797381+00:00,1782914493797,0.5312588401697291,0.0
BTC/USDT,LONG,59357.6,59453.49409999999,0.9472321324845373,0.329,SL,2026-07-01T13:59:16.029121+00:00,15m,2026-07-01 13:59:16.029121+00:00,1782914356029,0.16155319622085534,0.0
HUMA/USDT,SHORT,0.022368,0.021840138,-0.6769737443966647,-0.154,SL,2026-07-01T13:37:24.312929+00:00,15m,2026-07-01 13:37:24.312929+00:00,1782913044312,2.35989806866953,1.0
LAYER/USDT,LONG,0.0643,0.06387405,-0.38789759503491117,-0.434,SL,2026-07-01T13:13:19.386291+00:00,15m,2026-07-01 13:13:19.386291+00:00,1782911599386,0.6624416796267409,0.0
KMNO/USDT,LONG,0.0199,0.0201201,0.24875621890547975,0.058,SL,2026-07-01T13:13:04.921618+00:00,15m,2026-07-01 13:13:04.921618+00:00,1782911584921,1.1060301507537558,0.0
HUMA/USDT,SHORT,0.022368,0.021869109,-0.7902791101365837,-0.185,SL,2026-07-01T12:24:07.915607+00:00,15m,2026-07-01 12:24:07.915607+00:00,1782908647915,2.230378218884111,1.0
ASTER/USDT,LONG,0.6263,0.62376295,-1.954242135367013,-2.182,SL,2026-07-01T12:20:52.132755+00:00,15m,2026-07-01 12:20:52.132755+00:00,1782908452132,0.4050854223215599,0.0
PIPPIN/USDT,SHORT,0.01684,0.01743611,-4.4337926902336795,-0.992,SL,2026-07-01T12:02:34.047044+00:00,15m,2026-07-01 12:02:34.047044+00:00,1782907354047,3.539845605700715,0.0
AERO/USDT,SHORT,0.4749,0.470529,-0.06369426751592834,-0.037,TP,2026-07-01T12:02:19.330402+00:00,15m,2026-07-01 12:02:19.330402+00:00,1782907339330,0.9204042956411905,1.0
ALCH/USDT,SHORT,0.06939,0.07031532,-3.3129013426736837,-1.264,TP,2026-07-01T11:42:34.879236+00:00,15m,2026-07-01 11:42:34.879236+00:00,1782906154879,1.3335062689148398,1.0
G/USDT,SHORT,0.003418,0.0035413,-3.000291290416552,-0.951,SL,2026-07-01T11:39:14.341788+00:00,15m,2026-07-01 11:39:14.341788+00:00,1782905954341,3.6073727325921534,0.0
PENGU/USDT,LONG,0.006168,0.006199192999999999,-0.4844178911674414,-0.258,TSL,2026-07-01T11:16:59.527844+00:00,15m,2026-07-01 11:16:59.527844+00:00,1782904619527,0.5057230869001104,0.0
ME/USDT,LONG,0.0591,0.05981975999999999,-0.07018072289156167,-0.025,TSL,2026-07-01T11:16:52.355369+00:00,15m,2026-07-01 11:16:52.355369+00:00,1782904612355,1.2178680203045567,0.0
A/USDT,SHORT,0.06291,0.06343501,-1.181542391824989,-0.919,SL,2026-07-01T10:58:40.106785+00:00,15m,2026-07-01 10:58:40.106785+00:00,1782903520106,0.834541408361161,0.0
XAN/USDT,LONG,0.010928,0.010734723999999998,0.2424468481909734,0.032,SL,2026-07-01T10:58:03.265447+00:00,15m,2026-07-01 10:58:03.265447+00:00,1782903483265,1.7686310395315028,1.0
OG/USDT,SHORT,2.397,2.4406555,-2.051067392214332,-0.949,SL,2026-07-01T10:41:01.264921+00:00,15m,2026-07-01 10:41:01.264921+00:00,1782902461264,1.8212557363371005,1.0
RE/USDT,SHORT,0.6262,0.6207786,0.6437077566784686,0.127,SL,2026-07-01T10:21:11.597134+00:00,15m,2026-07-01 10:21:11.597134+00:00,1782901271597,0.8657617374640723,0.0
VELVET/USDT,SHORT,1.5542,1.5759604,-2.2950819672131244,-0.687,TP,2026-07-01T10:19:31.563789+00:00,15m,2026-07-01 10:19:31.563789+00:00,1782901171563,1.4001029468536876,0.0
NFP/USDT,LONG,0.006662,0.007377369999999999,7.476255088195378,0.187,SL,2026-07-01T10:19:16.316271+00:00,15m,2026-07-01 10:19:16.316271+00:00,1782901156316,10.73806664665264,1.0
YFI/USDT,LONG,1638.0,1655.6539999999998,-0.36275695284159615,-0.152,TSL,2026-07-01T10:19:13.414130+00:00,15m,2026-07-01 10:19:13.414130+00:00,1782901153414,1.0777777777777637,0.0
XRP/USDT,SHORT,1.042,1.0397592,-0.06725595695620148,-0.067,TSL,2026-07-01T10:18:48.202543+00:00,15m,2026-07-01 10:18:48.202543+00:00,1782901128202,0.2150479846449177,1.0
XPL/USDT,SHORT,0.0911,0.09606801,-6.974153297682695,-0.559,TSL,2026-07-01T10:01:02.517621+00:00,15m,2026-07-01 10:01:02.517621+00:00,1782900062517,5.453358946212948,1.0
YFI/USDT,LONG,1638.0,1655.6539999999998,-0.48367593712212814,-0.203,TSL,2026-07-01T09:59:18.460354+00:00,15m,2026-07-01 09:59:18.460354+00:00,1782899958460,1.0777777777777637,0.0
TAG/USDT,SHORT,0.000961,0.00096745,-2.7571580063626704,-1.063,SL,2026-07-01T09:41:38.397192+00:00,15m,2026-07-01 09:41:38.397192+00:00,1782898898397,0.6711758584807458,1.0
API3/USDT,LONG,0.2133,0.2122811,-1.4911463187325293,-1.38,TP,2026-07-01T09:19:38.530860+00:00,15m,2026-07-01 09:19:38.530860+00:00,1782897578530,0.47768401312704606,0.0
CAKE/USDT,LONG,1.3202,1.30793515,-1.1488171717935063,-1.002,SL,2026-07-01T09:19:17.224170+00:00,15m,2026-07-01 09:19:17.224170+00:00,1782897557224,0.929014543251022,0.0
SFP/USDT,SHORT,0.2215,0.22563795,-1.544752385279425,-0.614,SL,2026-07-01T09:16:41.191888+00:00,15m,2026-07-01 09:16:41.191888+00:00,1782897401191,1.8681489841986463,0.0
ALPINE/USDT,LONG,0.3051,0.30590559999999994,-0.35994764397905427,-0.253,SL,2026-07-01T09:05:45.503193+00:00,15m,2026-07-01 09:05:45.503193+00:00,1782896745503,0.26404457554898786,0.0
AVAX/USDT,LONG,6.647,6.668661999999999,0.4503152206544619,0.169,SL,2026-07-01T09:05:29.887509+00:00,15m,2026-07-01 09:05:29.887509+00:00,1782896729887,0.32589137956971836,1.0
APT/USDT,LONG,0.579,0.57443705,-0.9075342465753377,-0.554,TP,2026-07-01T09:05:12.867651+00:00,15m,2026-07-01 09:05:12.867651+00:00,1782896712867,0.7880742659758126,0.0
PTB/USDT,LONG,0.0004793,0.0004828824,-0.22802653399668882,-0.137,TSL,2026-07-01T09:05:06.908422+00:00,15m,2026-07-01 09:05:06.908422+00:00,1782896706908,0.7474233256832871,1.0
ZKP/USDT,LONG,0.04402,0.044154109999999996,-0.04534119247337593,-0.053,TSL,2026-07-01T09:03:32.765182+00:00,15m,2026-07-01 09:03:32.765182+00:00,1782896612765,0.3046569741026801,0.0
TLM/USDT,LONG,0.000838,0.00083275,-1.0688836104513066,-0.973,SL,2026-07-01T09:02:58.469307+00:00,15m,2026-07-01 09:02:58.469307+00:00,1782896578469,0.6264916467780356,0.0
KAS/USDT,LONG,0.03077,0.030800769999999995,0.4224894377640612,0.174,SL,2026-07-01T08:55:02.082793+00:00,15m,2026-07-01 08:55:02.082793+00:00,1782896102082,0.09999999999998682,1.0
VELVET/USDT,SHORT,1.5657,1.5396588,-1.2198287049052785,-0.378,TP,2026-07-01T08:15:43.152000+00:00,15m,2026-07-01 08:15:43.152000+00:00,1782893743152,1.6632305039279618,0.0
GRASS/USDT,LONG,0.4875,0.4870865999999999,0.2877106452938784,0.101,SL,2026-07-01T08:14:18.823291+00:00,15m,2026-07-01 08:14:18.823291+00:00,1782893658823,0.08480000000001307,0.0
TAG/USDT,SHORT,0.000965,0.000958041,-0.7299270072992652,-0.379,SL,2026-07-01T08:13:00.030228+00:00,15m,2026-07-01 08:13:00.030228+00:00,1782893580030,0.7211398963730639,0.0
UAI/USDT,SHORT,0.3013,0.32046015,-7.663865546218483,-0.691,TSL,2026-07-01T08:12:21.169321+00:00,15m,2026-07-01 08:12:21.169321+00:00,1782893541169,6.359160305343507,0.0
HYPE/USDT,SHORT,65.213,64.17176400000001,0.7472445357743382,0.089,SL,2026-07-01T07:53:36.977678+00:00,15m,2026-07-01 07:53:36.977678+00:00,1782892416977,1.5966693757379413,0.0
ME/USDT,LONG,0.05904,0.05931925999999999,0.1687478906513717,0.086,TP,2026-07-01T07:53:26.875260+00:00,15m,2026-07-01 07:53:26.875260+00:00,1782892406875,0.47300135501353235,0.0
RAVE/USDT,SHORT,0.2925,0.29210759999999997,1.8467852257181998,0.356,SL,2026-07-01T07:53:08.375183+00:00,15m,2026-07-01 07:53:08.375183+00:00,1782892388375,0.13415384615385126,1.0
GENIUS/USDT,LONG,0.3959,0.38951485,-0.891038696537679,-1.065,SL,2026-07-01T07:47:34.186841+00:00,15m,2026-07-01 07:47:34.186841+00:00,1782892054186,1.6128188936600028,1.0
CC/USDT,LONG,0.14553,0.1391404,-5.580826940050245,-0.55,TSL,2026-07-01T07:26:51.852132+00:00,15m,2026-07-01 07:26:51.852132+00:00,1782890811852,4.3905723905723875,1.0
CATI/USDT,SHORT,0.05705,0.05858775,-2.6108288067285756,-0.982,SL,2026-07-01T07:08:19.981581+00:00,15m,2026-07-01 07:08:19.981581+00:00,1782889699981,2.695442594215608,0.0
UB/USDT,SHORT,0.085454,0.08601583,-1.2679032636769167,-1.292,SL,2026-07-01T06:49:35.937788+00:00,15m,2026-07-01 06:49:35.937788+00:00,1782888575937,0.6574648348819239,1.0
ACT/USDT,SHORT,0.00999,0.009730260000000001,-1.0266940451745317,-0.177,TP,2026-07-01T06:39:49.345798+00:00,15m,2026-07-01 06:39:49.345798+00:00,1782887989345,2.599999999999996,1.0
GLM/USDT,SHORT,0.10518,0.10582851,-0.16264829697665853,-0.13,TP,2026-07-01T06:14:22.269081+00:00,15m,2026-07-01 06:14:22.269081+00:00,1782886462269,0.616571591557335,0.0
FF/USDT,SHORT,0.06876,0.06848145,0.07293946024798613,0.065,TSL,2026-07-01T06:01:33.131632+00:00,15m,2026-07-01 06:01:33.131632+00:00,1782885693131,0.40510471204188825,0.0
DRIFT/USDT,SHORT,0.01595,0.01573425,-0.06349206349206091,-0.012,TSL,2026-07-01T05:50:26.728533+00:00,15m,2026-07-01 05:50:26.728533+00:00,1782885026728,1.3526645768024903,0.0
W/USDT,SHORT,0.00958,0.00944055,-0.7407407407407472,-0.246,SL,2026-07-01T05:39:46.658332+00:00,15m,2026-07-01 05:39:46.658332+00:00,1782884386658,1.455636743215024,1.0
COOKIE/USDT,SHORT,0.00856,0.00851148,0.0,0.0,SL,2026-07-01T05:33:11.198082+00:00,15m,2026-07-01 05:33:11.198082+00:00,1782883991198,0.5668224299065399,1.0
BANANA/USDT,SHORT,2.625,2.618379,0.34338038916443714,0.265,SL,2026-07-01T05:23:57.343109+00:00,15m,2026-07-01 05:23:57.343109+00:00,1782883437343,0.25222857142857097,1.0
PUMP/USDT,LONG,0.001412,0.001446445,0.13840830449825825,0.03,TSL,2026-07-01T05:06:01.155139+00:00,15m,2026-07-01 05:06:01.155139+00:00,1782882361155,2.4394475920679826,0.0
PUMP/USDT,LONG,0.001412,0.00137893,1.1781011781011692,0.265,TP,2026-07-01T04:46:05.613646+00:00,15m,2026-07-01 04:46:05.613646+00:00,1782881165613,2.3420679886685596,0.0
SUPER/USDT,LONG,0.0854,0.08608599999999998,-0.3488372093023195,-0.141,SL,2026-07-01T04:45:50.031778+00:00,15m,2026-07-01 04:45:50.031778+00:00,1782881150031,0.8032786885245647,0.0
ALCH/USDT,SHORT,0.0682,0.07027525,-2.8191881918819113,-0.756,SL,2026-07-01T04:45:45.518725+00:00,15m,2026-07-01 04:45:45.518725+00:00,1782881145518,3.0428885630498543,1.0
TRUST/USDT,SHORT,0.0501,0.05148573,-2.5712577237392855,-0.652,TSL,2026-07-01T04:19:28.992652+00:00,15m,2026-07-01 04:19:28.992652+00:00,1782879568992,2.7659281437125784,1.0
ARC/USDT,LONG,0.08431,0.07404876,-7.710118082889557,-0.54,SL,2026-07-01T04:19:27.653975+00:00,15m,2026-07-01 04:19:27.653975+00:00,1782879567653,12.170845688530413,0.0
TOWNS/USDT,SHORT,0.001878,0.001870128,0.2670940170940178,0.082,SL,2026-07-01T04:19:21.904183+00:00,15m,2026-07-01 04:19:21.904183+00:00,1782879561904,0.41916932907347787,0.0
BAS/USDT,SHORT,0.044939,0.05062482,-13.90550440217756,-1.037,SL,2026-07-01T04:19:15.584680+00:00,15m,2026-07-01 04:19:15.584680+00:00,1782879555584,12.652306459867823,1.0
ALT/USDT,LONG,0.00577,0.00568446,-1.4035695719979266,-0.936,SL,2026-07-01T04:05:02.713242+00:00,15m,2026-07-01 04:05:02.713242+00:00,1782878702713,1.482495667244372,0.0
TNSR/USDT,SHORT,0.03428,0.03438149,-3.512880562060889,-5.418,TP,2026-07-01T03:59:38.435110+00:00,15m,2026-07-01 03:59:38.435110+00:00,1782878378435,0.29606184364061466,1.0
EGLD/USDT,LONG,2.515,2.5395369999999997,0.11824990145841993,0.057,TSL,2026-07-01T03:59:19.411434+00:00,15m,2026-07-01 03:59:19.411434+00:00,1782878359411,0.9756262425447151,0.0
COTI/USDT,LONG,0.00798,0.0079181,3.4567901234567997,1.539,TP,2026-07-01T03:59:15.826217+00:00,15m,2026-07-01 03:59:15.826217+00:00,1782878355826,0.7756892230576243,0.0
ALPINE/USDT,LONG,0.3036,0.3047044,0.0,0.0,TP,2026-07-01T03:46:12.570929+00:00,15m,2026-07-01 03:46:12.570929+00:00,1782877572570,0.3637681159420308,0.0
OPG/USDT,LONG,0.1292,0.13043029999999997,0.07674597083652264,0.01,TSL,2026-07-01T03:39:34.687461+00:00,15m,2026-07-01 03:39:34.687461+00:00,1782877174687,0.9522445820433141,0.0
RAVE/USDT,SHORT,0.31,0.32098075,-2.139891408495683,-0.85,SL,2026-07-01T03:28:17.369309+00:00,15m,2026-07-01 03:28:17.369309+00:00,1782876497369,3.542177419354833,1.0
SPK/USDT,SHORT,0.01736,0.01761639,-0.8660508083140925,-0.506,SL,2026-07-01T03:02:04.889134+00:00,15m,2026-07-01 03:02:04.889134+00:00,1782874924889,1.4769009216589788,0.0
ACT/USDT,SHORT,0.00994,0.01027539,-3.8775510204081645,-0.799,SL,2026-07-01T03:01:35.171939+00:00,15m,2026-07-01 03:01:35.171939+00:00,1782874895171,3.3741448692153058,1.0
ZEN/USDT,LONG,4.047,4.027949,-0.666173205033312,-1.078,SL,2026-07-01T02:46:13.594844+00:00,15m,2026-07-01 02:46:13.594844+00:00,1782873973594,0.4707437608104807,0.0
F/USDT,LONG,0.003279,0.0033022989999999994,-0.5153076689905928,-0.27,TSL,2026-07-01T02:40:32.146174+00:00,15m,2026-07-01 02:40:32.146174+00:00,1782873632146,0.7105519975602205,0.0
ORDER/USDT,LONG,0.0332,0.0323514,-1.3969025204980323,-0.795,SL,2026-07-01T02:21:46.247648+00:00,15m,2026-07-01 02:21:46.247648+00:00,1782872506247,2.5560240963855363,0.0
SAGA/USDT,LONG,0.01247,0.012582569999999998,0.159108989657923,0.067,SL,2026-07-01T02:21:42.815814+00:00,15m,2026-07-01 02:21:42.815814+00:00,1782872502815,0.9027265437048725,0.0
ONG/USDT,SHORT,0.04479,0.04796184,-0.8463251670378582,-0.124,SL,2026-07-01T02:21:31.188675+00:00,15m,2026-07-01 02:21:31.188675+00:00,1782872491188,7.081580709979896,1.0
MUBARAK/USDT,LONG,0.00992,0.010110099999999999,-0.4950495049504921,-0.112,TSL,2026-07-01T02:19:57.464435+00:00,15m,2026-07-01 02:19:57.464435+00:00,1782872397464,1.9163306451612763,0.0
GRIFFAIN/USDT,LONG,0.008523,0.008534525999999999,-0.046915317851284666,-0.037,TSL,2026-07-01T02:09:02.978775+00:00,15m,2026-07-01 02:09:02.978775+00:00,1782871742978,0.13523407250967442,0.0
RARE/USDT,SHORT,0.01176,0.01224835,-3.3022861981371845,-0.89,SL,2026-07-01T01:45:41.322094+00:00,15m,2026-07-01 01:45:41.322094+00:00,1782870341322,4.152636054421771,1.0
ONDO/USDT,SHORT,0.3077,0.3130689,-0.5227049983665437,-0.23,TP,2026-07-01T01:24:09.266306+00:00,15m,2026-07-01 01:24:09.266306+00:00,1782869049266,1.7448488787780339,1.0
EDU/USDT,SHORT,0.0293,0.02966443,-0.41422160856058704,-0.173,TP,2026-07-01T01:19:53.096552+00:00,15m,2026-07-01 01:19:53.096552+00:00,1782868793096,1.2437883959044331,1.0
SPK/USDT,SHORT,0.01736,0.01702296,-1.3497652582159685,-0.399,SL,2026-07-01T01:18:26.177916+00:00,15m,2026-07-01 01:18:26.177916+00:00,1782868706177,1.9414746543778818,0.0
VANA/USDT,SHORT,1.081,1.1015505,-4.36018957345972,-0.299,TSL,2026-07-01T01:18:00.702952+00:00,15m,2026-07-01 01:18:00.702952+00:00,1782868680702,1.9010638297872469,1.0
FET/USDT,SHORT,0.1692,0.1736601,-2.902843601895727,-1.008,SL,2026-07-01T01:17:22.902832+00:00,15m,2026-07-01 01:17:22.902832+00:00,1782868642902,2.6359929078014317,1.0
SUI/USDT,SHORT,0.6835,0.68993335,-0.6876371616678914,-0.731,SL,2026-07-01T01:16:58.924818+00:00,15m,2026-07-01 01:16:58.924818+00:00,1782868618924,0.9412362838332121,0.0
PENDLE/USDT,SHORT,1.3103,1.35512965,-2.5582107843137156,-0.674,SL,2026-07-01T00:59:32.877902+00:00,15m,2026-07-01 00:59:32.877902+00:00,1782867572877,3.4213271769823743,0.0
INJ/USDT,SHORT,4.55,4.7841655,-5.223716111968263,-0.959,SL,2026-07-01T00:56:53.061865+00:00,15m,2026-07-01 00:56:53.061865+00:00,1782867413061,5.146494505494516,0.0
TRADOOR/USDT,SHORT,0.4132,0.41692445,-0.21999511121974002,-0.115,SL,2026-07-01T00:56:11.318177+00:00,15m,2026-07-01 00:56:11.318177+00:00,1782867371318,0.9013673765730857,0.0
BANK/USDT,SHORT,0.03627,0.035983980000000006,-0.19433647973346382,-0.126,SL,2026-07-01T00:38:54.726953+00:00,15m,2026-07-01 00:38:54.726953+00:00,1782866334726,0.788585607940422,1.0
COOKIE/USDT,SHORT,0.00847,0.008351639999999999,-0.9569377990430648,-0.415,TP,2026-07-01T00:38:49.737310+00:00,15m,2026-07-01 00:38:49.737310+00:00,1782866329737,1.3974025974026136,1.0
ASTER/USDT,LONG,0.6225,0.6244238,0.14427701186277844,0.088,SL,2026-07-01T00:21:45.494053+00:00,15m,2026-07-01 00:21:45.494053+00:00,1782865305494,0.30904417670681444,0.0
ARC/USDT,LONG,0.08425,0.08464456,0.236518448438985,0.089,SL,2026-07-01T00:20:33.858341+00:00,15m,2026-07-01 00:20:33.858341+00:00,1782865233858,0.46832047477743416,0.0
BANK/USDT,SHORT,0.036271,0.036073890000000004,-0.6092495153696981,-0.473,TSL,2026-07-01T00:20:22.744586+00:00,15m,2026-07-01 00:20:22.744586+00:00,1782865222744,0.5434369055167859,1.0
AUCTION/USDT,SHORT,3.151,3.137859,-0.22285896211398018,-0.123,TP,2026-06-30T23:44:34.813391+00:00,15m,2026-06-30 23:44:34.813391+00:00,1782863074813,0.41704220882258414,1.0
ID/USDT,SHORT,0.03539,0.03626431,-1.229977116704805,-0.33,TP,2026-06-30T23:25:32.275220+00:00,15m,2026-06-30 23:25:32.275220+00:00,1782861932275,2.4705001412828573,1.0
MERL/USDT,SHORT,0.01871,0.01860138,-0.26852846401717484,-0.168,SL,2026-06-30T23:13:54.721152+00:00,15m,2026-06-30 23:13:54.721152+00:00,1782861234721,0.580545163014432,1.0
SYRUP/USDT,SHORT,0.13898,0.13609377,-0.26425897379431784,-0.051,SL,2026-06-30T23:13:38.962044+00:00,15m,2026-06-30 23:13:38.962044+00:00,1782861218962,2.0767232695351776,1.0
FET/USDT,SHORT,0.1713,0.1736601,0.23460410557185424,0.127,TP,2026-06-30T22:51:55.084673+00:00,15m,2026-06-30 22:51:55.084673+00:00,1782859915084,1.3777583187390565,1.0
1000CHEEMS/USDT,SHORT,0.0004675,0.00047491,-1.670235546038538,-0.986,SL,2026-06-30T22:48:31.216037+00:00,15m,2026-06-30 22:48:31.216037+00:00,1782859711216,1.585026737967917,1.0
ICNT/USDT,SHORT,0.1905,0.1970952,-0.7311586051743507,-0.067,TP,2026-06-30T22:44:24.687003+00:00,15m,2026-06-30 22:44:24.687003+00:00,1782859464687,3.4620472440944856,1.0
CAP/USDT,SHORT,0.02804,0.027962010000000002,0.7859949982136528,0.107,SL,2026-06-30T22:42:39.278884+00:00,15m,2026-06-30 22:42:39.278884+00:00,1782859359278,0.2781383737517708,0.0
ICNT/USDT,SHORT,0.1905,0.1970952,-2.204635387224413,-0.193,TP,2026-06-30T22:26:48.106036+00:00,15m,2026-06-30 22:26:48.106036+00:00,1782858408106,3.4620472440944856,1.0
AGLD/USDT,SHORT,0.1888,0.1871127,-0.8542445274960054,-0.115,SL,2026-06-30T22:26:37.129332+00:00,15m,2026-06-30 22:26:37.129332+00:00,1782858397129,0.8936970338983065,1.0
ARB/USDT,LONG,0.076,0.07662655,-0.7446113651208374,-0.257,SL,2026-06-30T22:26:23.123852+00:00,15m,2026-06-30 22:26:23.123852+00:00,1782858383123,0.8244078947368467,1.0
ICNT/USDT,SHORT,0.1905,0.1970952,-1.400560224089637,-0.134,TP,2026-06-30T22:09:03.485498+00:00,15m,2026-06-30 22:09:03.485498+00:00,1782857343485,3.4620472440944856,1.0
ICNT/USDT,SHORT,0.1905,0.1970952,-1.400560224089637,-0.134,TP,2026-06-30T21:45:59.377328+00:00,15m,2026-06-30 21:45:59.377328+00:00,1782855959377,3.4620472440944856,1.0
HIVE/USDT,SHORT,0.04855,0.05181761,-7.430469074304691,-0.984,SL,2026-06-30T21:34:54.444134+00:00,15m,2026-06-30 21:34:54.444134+00:00,1782855294444,6.730401647785782,1.0
AT/USDT,SHORT,0.1395,0.13906079999999998,-0.14367816091954436,-0.037,TSL,2026-06-30T21:28:41.110053+00:00,15m,2026-06-30 21:28:41.110053+00:00,1782854921110,0.31483870967743977,1.0
DEXE/USDT,LONG,22.96,22.3888,-2.9042045947117545,-0.485,TSL,2026-06-30T21:08:55.339002+00:00,15m,2026-06-30 21:08:55.339002+00:00,1782853735339,2.487804878048785,1.0
PRL/USDT,LONG,0.1586,0.16046029999999997,0.1871490954460354,0.032,SL,2026-06-30T21:08:40.756505+00:00,15m,2026-06-30 21:08:40.756505+00:00,1782853720756,1.1729508196721194,0.0
RENDER/USDT,SHORT,1.513,1.534767,-1.5894039735099352,-0.341,TSL,2026-06-30T20:55:07.331863+00:00,15m,2026-06-30 20:55:07.331863+00:00,1782852907331,1.438664904163919,1.0
APR/USDT,LONG,0.2131,0.21721699999999997,-0.04608294930875069,-0.008,TSL,2026-06-30T20:34:16.724349+00:00,15m,2026-06-30 20:34:16.724349+00:00,1782851656724,1.931956827780363,1.0
TRADOOR/USDT,SHORT,0.4161,0.4192279,-3.330884153808474,-1.245,SL,2026-06-30T20:26:21.101597+00:00,15m,2026-06-30 20:26:21.101597+00:00,1782851181101,0.7517183369382267,0.0
RE/USDT,SHORT,0.6586,0.6571422,1.4138035877166442,0.236,SL,2026-06-30T20:26:13.099279+00:00,15m,2026-06-30 20:26:13.099279+00:00,1782851173099,0.22134831460673454,0.0
BANANAS31/USDT,SHORT,0.008407,0.00889632,-5.079704972638595,-0.871,SL,2026-06-30T20:12:47.753100+00:00,15m,2026-06-30 20:12:47.753100+00:00,1782850367753,5.82038777209468,1.0
LISTA/USDT,LONG,0.0464,0.0457313,-1.677058697054403,-1.002,SL,2026-06-30T19:54:42.171564+00:00,15m,2026-06-30 19:54:42.171564+00:00,1782849282171,1.441163793103436,0.0
HAEDAL/USDT,LONG,0.015954,0.01581624,-1.494396014943964,-0.985,SL,2026-06-30T19:54:24.350500+00:00,15m,2026-06-30 19:54:24.350500+00:00,1782849264350,0.8634825122226443,0.0
CAKE/USDT,LONG,1.3319,1.3214149,-0.8180726508556088,-0.992,SL,2026-06-30T19:50:56.640883+00:00,15m,2026-06-30 19:50:56.640883+00:00,1782849056640,0.7872287709287585,0.0
XAN/USDT,LONG,0.010115,0.010103092999999999,3.81452491826018,1.071,TP,2026-06-30T19:34:27.711020+00:00,15m,2026-06-30 19:34:27.711020+00:00,1782848067711,0.11771626297579804,1.0
ARC/USDT,LONG,0.08489,0.08467459,0.23643456673366325,0.065,TSL,2026-06-30T19:09:53.021155+00:00,15m,2026-06-30 19:09:53.021155+00:00,1782846593021,0.2537519142419593,0.0
ICNT/USDT,SHORT,0.1929,0.1872126,-0.5869797225186711,-0.034,SL,2026-06-30T18:51:51.625720+00:00,15m,2026-06-30 18:51:51.625720+00:00,1782845511625,2.9483670295489794,1.0
ZEREBRO/USDT,SHORT,0.038379,0.038044917,0.1654281437911944,0.098,TP,2026-06-30T18:37:55.286415+00:00,15m,2026-06-30 18:37:55.286415+00:00,1782844675286,0.8704838583600558,1.0
PNUT/USDT,SHORT,0.04155,0.04148847,-0.33710570671803813,-0.348,SL,2026-06-30T18:35:51.021148+00:00,15m,2026-06-30 18:35:51.021148+00:00,1782844551021,0.14808664259927112,1.0
GAS/USDT,LONG,1.067,1.0314505,-3.7348272642390326,-1.011,SL,2026-06-30T18:15:42.076552+00:00,15m,2026-06-30 18:15:42.076552+00:00,1782843342076,3.331724461105895,0.0
ZBT/USDT,LONG,0.12061,0.12128115999999999,2.1046550016507073,0.147,TSL,2026-06-30T18:13:59.359697+00:00,15m,2026-06-30 18:13:59.359697+00:00,1782843239359,0.5564712710388775,1.0
RAVE/USDT,SHORT,0.3203,0.32678945,-1.041009463722388,-0.337,TP,2026-06-30T18:13:41.500688+00:00,15m,2026-06-30 18:13:41.500688+00:00,1782843221500,2.0260536996565746,1.0
SPORTFUN/USDT,SHORT,0.0234,0.02324673,-0.34379028792436706,-0.271,EXPIRED,2026-06-30T17:51:37.571874+00:00,15m,2026-06-30 17:51:37.571874+00:00,1782841897571,0.6550000000000021,1.0
TRIA/USDT,LONG,0.01841,0.018498479999999998,1.298701298701302,0.142,SL,2026-06-30T17:48:33.159896+00:00,15m,2026-06-30 17:48:33.159896+00:00,1782841713159,0.48060836501900284,0.0
TAG/USDT,SHORT,0.000982,0.000973026,-1.0266940451745408,-0.215,SL,2026-06-30T17:34:06.185399+00:00,15m,2026-06-30 17:34:06.185399+00:00,1782840846185,0.9138492871690453,0.0
ZEC/USDT,LONG,398.92,399.92952999999994,0.16018822115987366,0.025,SL,2026-06-30T17:15:04.892668+00:00,15m,2026-06-30 17:15:04.892668+00:00,1782839704892,0.2530657775995004,0.0
KAS/USDT,LONG,0.0306,0.0300249,-2.5948751216347667,-0.994,SL,2026-06-30T17:14:52.684864+00:00,15m,2026-06-30 17:14:52.684864+00:00,1782839692684,1.8794117647058777,1.0
ZEREBRO/USDT,SHORT,0.038259,0.0394611,-3.537113320914118,-1.0,SL,2026-06-30T16:57:01.615361+00:00,15m,2026-06-30 16:57:01.615361+00:00,1782838621615,3.1420058025562545,1.0
BERA/USDT,SHORT,0.204,0.2123061,-4.583538689009366,-0.619,TSL,2026-06-30T16:39:13.930363+00:00,15m,2026-06-30 16:39:13.930363+00:00,1782837553930,4.0716176470588294,1.0
UMA/USDT,SHORT,0.378,0.3762234,0.10621348911312041,0.053,SL,2026-06-30T16:38:44.580600+00:00,15m,2026-06-30 16:38:44.580600+00:00,1782837524580,0.4700000000000045,1.0
RPL/USDT,SHORT,1.332,1.426136,-2.332580887885639,-0.319,SL,2026-06-30T16:18:14.934027+00:00,15m,2026-06-30 16:18:14.934027+00:00,1782836294934,7.067267267267267,1.0
JUP/USDT,SHORT,0.208,0.2125062,-2.7079303675048325,-0.427,TSL,2026-06-30T16:18:07.972269+00:00,15m,2026-06-30 16:18:07.972269+00:00,1782836287972,2.1664423076923156,1.0
ARC/USDT,LONG,0.08364,0.08414405999999999,-0.46395431834404177,-0.154,TSL,2026-06-30T16:17:46.612398+00:00,15m,2026-06-30 16:17:46.612398+00:00,1782836266612,0.6026542324246613,0.0
ESPORTS/USDT,SHORT,0.0279,0.02858429,1.0944910616563357,0.087,TP,2026-06-30T15:47:55.706113+00:00,15m,2026-06-30 15:47:55.706113+00:00,1782834475706,2.4526523297490934,1.0
SPX/USDT,SHORT,0.3394,0.33716250000000003,0.0,0.0,TSL,2026-06-30T15:44:29.781531+00:00,15m,2026-06-30 15:44:29.781531+00:00,1782834269781,0.6592516205067613,0.0
WLFI/USDT,SHORT,0.058,0.057422520000000005,-0.34794711203896794,-0.091,SL,2026-06-30T15:40:35.523762+00:00,15m,2026-06-30 15:40:35.523762+00:00,1782834035523,0.99565517241379,0.0
STBL/USDT,SHORT,0.02576,0.02542455,-0.11787819253437633,-0.028,TP,2026-06-30T15:22:40.827900+00:00,15m,2026-06-30 15:22:40.827900+00:00,1782832960827,1.3022127329192585,0.0
MEGA/USDT,SHORT,0.0487,0.04956424,-0.2720803683549564,-0.073,TP,2026-06-30T15:13:56.114007+00:00,15m,2026-06-30 15:13:56.114007+00:00,1782832436114,1.7746201232032899,0.0
ZEREBRO/USDT,SHORT,0.037613,0.03830637,-2.1403536934478478,-0.861,SL,2026-06-30T15:11:11.474392+00:00,15m,2026-06-30 15:11:11.474392+00:00,1782832271474,1.843431792199502,1.0
FF/USDT,LONG,0.0685,0.06932925999999999,0.46202714409471674,0.09,EXPIRED,2026-06-30T15:00:12.018352+00:00,15m,2026-06-30 15:00:12.018352+00:00,1782831612018,1.2105985401459625,1.0
BANK/USDT,SHORT,0.03703,0.03740603,0.3524945770065214,0.247,TP,2026-06-30T14:59:48.712813+00:00,15m,2026-06-30 14:59:48.712813+00:00,1782831588712,1.0154739400486077,1.0
NMR/USDT,LONG,8.914,8.772821,1.1589962867109231,0.902,TP,2026-06-30T14:31:30.784594+00:00,15m,2026-06-30 14:31:30.784594+00:00,1782829890784,1.5837895445366759,1.0
AVAX/USDT,LONG,6.435,6.528522,-0.2913216804661166,-0.088,TSL,2026-06-30T14:15:18.429820+00:00,15m,2026-06-30 14:15:18.429820+00:00,1782828918429,1.4533333333333351,1.0
XPL/USDT,SHORT,0.09112,0.08993997,-0.19993335554815017,-0.017,SL,2026-06-30T13:54:44.439634+00:00,15m,2026-06-30 13:54:44.439634+00:00,1782827684439,1.2950285338015939,1.0
TAG/USDT,SHORT,0.000981,0.00100551,-0.7231404958677637,-0.187,SL,2026-06-30T13:54:12.532497+00:00,15m,2026-06-30 13:54:12.532497+00:00,1782827652532,2.498470948012226,0.0
TA/USDT,SHORT,0.0734,0.07802687,-7.001918333790084,-1.013,SL,2026-06-30T13:52:56.577693+00:00,15m,2026-06-30 13:52:56.577693+00:00,1782827576577,6.3036376021798235,1.0
GRIFFAIN/USDT,SHORT,0.008716,0.008484507,-1.0125986106205025,-0.145,SL,2026-06-30T13:49:51.440814+00:00,15m,2026-06-30 13:49:51.440814+00:00,1782827391440,2.655954566314815,1.0
XNY/USDT,SHORT,0.005596,0.00581571,0.18060321473723062,0.036,TP,2026-06-30T13:46:42.129656+00:00,15m,2026-06-30 13:46:42.129656+00:00,1782827202129,3.926197283774119,0.0
PROMPT/USDT,SHORT,0.0224,0.021568410000000003,0.09263547938861813,0.01,SL,2026-06-30T13:31:24.316324+00:00,15m,2026-06-30 13:31:24.316324+00:00,1782826284316,3.7124553571428422,0.0
TAG/USDT,SHORT,0.000981,0.0009600390000000001,-0.832466181061392,-0.18,TSL,2026-06-30T13:26:36.501146+00:00,15m,2026-06-30 13:26:36.501146+00:00,1782825996501,2.1366972477064223,0.0
UNI/USDT,SHORT,2.798,2.8564275,-3.2176428054952986,-0.437,TSL,2026-06-30T13:07:41.384957+00:00,15m,2026-06-30 13:07:41.384957+00:00,1782824861384,2.0881879914224473,1.0
TAG/USDT,SHORT,0.000981,0.000961038,-0.3118503118503195,-0.069,EXPIRED,2026-06-30T13:07:17.746988+00:00,15m,2026-06-30 13:07:17.746988+00:00,1782824837746,2.0348623853211114,0.0
TUT/USDT,SHORT,0.01024,0.01085543,-5.64751703992211,-0.549,TSL,2026-06-30T13:07:09.500507+00:00,15m,2026-06-30 13:07:09.500507+00:00,1782824829500,6.010058593749984,1.0
SOL/USDT,SHORT,72.936,72.332595,-0.104965126717759,-0.071,TP,2026-06-30T12:44:14.197075+00:00,15m,2026-06-30 12:44:14.197075+00:00,1782823454197,0.8273075024679298,0.0
HUMA/USDT,SHORT,0.02227,0.021935043,-1.0475019356013917,-0.364,SL,2026-06-30T12:38:52.813121+00:00,15m,2026-06-30 12:38:52.813121+00:00,1782823132813,1.5040727436012586,0.0
ID/USDT,SHORT,0.03464,0.03626431,-4.8667439165701065,-0.963,SL,2026-06-30T12:23:28.167196+00:00,15m,2026-06-30 12:23:28.167196+00:00,1782822208167,4.689116628175531,1.0
XPL/USDT,SHORT,0.09514,0.09275715,0.9908454496499776,0.122,SL,2026-06-30T12:20:37.884731+00:00,15m,2026-06-30 12:20:37.884731+00:00,1782822037884,2.504572209375663,1.0
HIVE/USDT,SHORT,0.04966,0.048721230000000004,-0.225548492925977,-0.045,TSL,2026-06-30T12:18:09.658888+00:00,15m,2026-06-30 12:18:09.658888+00:00,1782821889658,1.890394683850178,1.0
BABY/USDT,SHORT,0.01297,0.01341009,-3.720930232558136,-0.941,SL,2026-06-30T12:18:02.964138+00:00,15m,2026-06-30 12:18:02.964138+00:00,1782821882964,3.3931380107941314,1.0
BASED/USDT,LONG,0.09292,0.09324314999999998,-0.05367686527106226,-0.019,TSL,2026-06-30T12:06:06.514591+00:00,15m,2026-06-30 12:06:06.514591+00:00,1782821166514,0.34777227722770165,1.0
1000SHIB/USDT,SHORT,0.004214,0.004196799,0.06355629611996562,0.063,TSL,2026-06-30T12:05:55.078935+00:00,15m,2026-06-30 12:05:55.078935+00:00,1782821155078,0.40818699572851624,0.0
HIVE/USDT,SHORT,0.04966,0.04892103,-0.040841331427402865,-0.009,TSL,2026-06-30T12:03:14.586075+00:00,15m,2026-06-30 12:03:14.586075+00:00,1782820994586,1.4880587998389154,1.0
DEXE/USDT,LONG,23.05,22.955515,0.12992637505414092,0.223,TP,2026-06-30T12:01:11.692394+00:00,15m,2026-06-30 12:01:11.692394+00:00,1782820871692,0.4099132321041318,1.0
STEEM/USDT,SHORT,0.0405,0.04053942,1.4539181862986699,0.456,SL,2026-06-30T11:58:31.659975+00:00,15m,2026-06-30 11:58:31.659975+00:00,1782820711659,0.09733333333332925,0.0
4/USDT,LONG,0.008927,0.00853618,4.323119777158768,0.884,SL,2026-06-30T11:54:14.997321+00:00,15m,2026-06-30 11:54:14.997321+00:00,1782820454997,4.377954519995501,1.0
RLC/USDT,SHORT,0.2874,0.28641330000000004,0.45343564701779676,0.476,TP,2026-06-30T11:43:18.061580+00:00,15m,2026-06-30 11:43:18.061580+00:00,1782819798061,0.34331941544883493,1.0
GRIFFAIN/USDT,SHORT,0.008823,0.008766224999999999,0.8433048433048367,0.163,SL,2026-06-30T11:43:10.926732+00:00,15m,2026-06-30 11:43:10.926732+00:00,1782819790926,0.6434886093165617,1.0
SUI/USDT,SHORT,0.6938,0.690309,0.5643994211287849,0.161,SL,2026-06-30T11:43:00.821580+00:00,15m,2026-06-30 11:43:00.821580+00:00,1782819780821,0.5031709426347682,0.0
TAKE/USDT,SHORT,0.01598,0.015964020000000002,0.8135168961201604,0.174,SL,2026-06-30T11:42:49.547576+00:00,15m,2026-06-30 11:42:49.547576+00:00,1782819769547,0.0999999999999923,0.0
TAIKO/USDT,SHORT,0.0703,0.0697302,-0.8595988538681996,-0.239,SL,2026-06-30T11:42:44.259218+00:00,15m,2026-06-30 11:42:44.259218+00:00,1782819764259,0.8105263157894669,0.0
XRP/USDT,SHORT,1.0415,1.0384605,0.2886002886002995,0.215,SL,2026-06-30T11:42:31.836572+00:00,15m,2026-06-30 11:42:31.836572+00:00,1782819751836,0.29183869419107855,1.0
YB/USDT,SHORT,0.0671,0.06613379999999999,-0.4531722054380795,-0.086,SL,2026-06-30T11:42:18.104093+00:00,15m,2026-06-30 11:42:18.104093+00:00,1782819738104,1.4399403874813923,1.0
W/USDT,SHORT,0.00947,0.009240749999999999,0.32432432432431113,0.043,SL,2026-06-30T11:39:10.616807+00:00,15m,2026-06-30 11:39:10.616807+00:00,1782819550616,2.4208025343189052,1.0
SAFE/USDT,SHORT,0.0861,0.08923365,-1.992966002344658,-0.432,SL,2026-06-30T11:35:37.566170+00:00,15m,2026-06-30 11:35:37.566170+00:00,1782819337566,3.6395470383275286,0.0
UNI/USDT,SHORT,2.829,2.8141830000000003,1.064962726304588,0.36,SL,2026-06-30T11:15:07.256957+00:00,15m,2026-06-30 11:15:07.256957+00:00,1782818107256,0.5237539766701964,1.0
PNUT/USDT,SHORT,0.04138,0.0412587,0.0968523002421436,0.085,TSL,2026-06-30T11:14:48.990031+00:00,15m,2026-06-30 11:14:48.990031+00:00,1782818088990,0.29313678105364377,1.0
ID/USDT,SHORT,0.03557,0.034984980000000006,-0.11422044545973263,-0.032,SL,2026-06-30T10:54:02.964909+00:00,15m,2026-06-30 10:54:02.964909+00:00,1782816842964,1.6447005903851328,1.0
BANK/USDT,LONG,0.03697,0.03720717,0.026903416733914776,0.011,TSL,2026-06-30T10:53:07.000378+00:00,15m,2026-06-30 10:53:07.000378+00:00,1782816787000,0.6415201514741543,0.0
SOON/USDT,SHORT,0.1733,0.1714284,-0.058275058275051854,-0.022,TSL,2026-06-30T10:35:04.006419+00:00,15m,2026-06-30 10:35:04.006419+00:00,1782815704006,1.0799769186382002,1.0
TURBO/USDT,SHORT,0.0008382,0.00084552,-0.5472932778108273,-0.039,TSL,2026-06-30T10:32:26.800625+00:00,15m,2026-06-30 10:32:26.800625+00:00,1782815546800,0.8732999284180393,0.0
SKL/USDT,LONG,0.00357,0.0035835799999999994,-0.19553072625698498,-0.139,SL,2026-06-30T10:32:10.128988+00:00,15m,2026-06-30 10:32:10.128988+00:00,1782815530128,0.3803921568627334,1.0
PUMP/USDT,LONG,0.001463,0.00137893,-0.068306010928956,-0.012,TP,2026-06-30T09:30:08.544642+00:00,15m,2026-06-30 09:30:08.544642+00:00,1782811808544,5.7464114832535955,1.0
LYN/USDT,LONG,0.0356,0.03469788,-3.740648379052361,-0.97,SL,2026-06-30T09:27:48.531730+00:00,15m,2026-06-30 09:27:48.531730+00:00,1782811668531,2.534044943820223,1.0
ACT/USDT,SHORT,0.0113,0.01117881,-0.5361930294906103,-0.202,SL,2026-06-30T09:11:01.168874+00:00,15m,2026-06-30 09:11:01.168874+00:00,1782810661168,1.072477876106181,1.0
SFP/USDT,SHORT,0.2121,0.2072925,-0.963855421686748,-0.217,SL,2026-06-30T08:57:42.021848+00:00,15m,2026-06-30 08:57:42.021848+00:00,1782809862021,2.266619519094776,1.0
GOAT/USDT,SHORT,0.01279,0.01269729,-0.15735641227379374,-0.069,TSL,2026-06-30T08:49:29.501615+00:00,15m,2026-06-30 08:49:29.501615+00:00,1782809369501,0.7248631743549595,1.0
FLUID/USDT,SHORT,0.882,0.873126,-0.8009153318077811,-0.187,SL,2026-06-30T08:49:11.603864+00:00,15m,2026-06-30 08:49:11.603864+00:00,1782809351603,1.0061224489795972,0.0
FET/USDT,SHORT,0.1716,0.1699299,-0.4703115814226897,-0.139,SL,2026-06-30T08:37:12.731905+00:00,15m,2026-06-30 08:37:12.731905+00:00,1782808632731,0.9732517482517528,0.0
JUP/USDT,SHORT,0.2083,0.2034963,0.7363770250368196,0.092,SL,2026-06-30T08:36:18.839162+00:00,15m,2026-06-30 08:36:18.839162+00:00,1782808578839,2.306144983197322,1.0
KSM/USDT,SHORT,3.006,2.9920050000000002,-0.03338898163605642,-0.017,SL,2026-06-30T08:13:45.150747+00:00,15m,2026-06-30 08:13:45.150747+00:00,1782807225150,0.46556886227543365,0.0
COOKIE/USDT,SHORT,0.00904,0.00916373,-0.4424778761061959,-0.323,SL,2026-06-30T08:11:21.652834+00:00,15m,2026-06-30 08:11:21.652834+00:00,1782807081652,1.3686946902654948,0.0
AIA/USDT,LONG,0.05196,0.05079369,-2.339854238588414,-0.906,SL,2026-06-30T08:06:47.176972+00:00,15m,2026-06-30 08:06:47.176972+00:00,1782806807176,2.2446304849884466,0.0
ACE/USDT,SHORT,0.0725,0.07088904,-2.0997745208568284,-0.512,SL,2026-06-30T08:05:52.010569+00:00,15m,2026-06-30 08:05:52.010569+00:00,1782806752010,2.222013793103441,1.0
ESPORTS/USDT,SHORT,0.02768,0.02740257,-0.437477214728407,-0.217,TSL,2026-06-30T07:55:04.695160+00:00,15m,2026-06-30 07:55:04.695160+00:00,1782806104695,1.0022760115606888,1.0
GPS/USDT,LONG,0.009009,0.009066057,0.0993706525339361,0.035,TP,2026-06-30T07:51:58.331410+00:00,15m,2026-06-30 07:51:58.331410+00:00,1782805918331,0.6333333333333443,0.0
S/USDT,SHORT,0.02319,0.022907069999999998,0.1744439598778821,0.018,SL,2026-06-30T07:50:15.821132+00:00,15m,2026-06-30 07:50:15.821132+00:00,1782805815821,1.220051746442435,1.0
ETC/USDT,SHORT,7.017,6.972021,-0.4441897119931178,-0.288,TSL,2026-06-30T07:48:42.033600+00:00,15m,2026-06-30 07:48:42.033600+00:00,1782805722033,0.6410004275331416,1.0
CHR/USDT,SHORT,0.0144,0.01430568,-0.27932960893854825,-0.069,SL,2026-06-30T07:27:22.327185+00:00,15m,2026-06-30 07:27:22.327185+00:00,1782804442327,0.6550000000000011,1.0
FLOW/USDT,SHORT,0.028,0.02792205,-0.035778175313057575,-0.052,TSL,2026-06-30T07:27:17.007592+00:00,15m,2026-06-30 07:27:17.007592+00:00,1782804437007,0.278392857142858,0.0
ENS/USDT,SHORT,4.132,4.152219,-0.4375303840544432,-0.471,TP,2026-06-30T07:26:52.333790+00:00,15m,2026-06-30 07:26:52.333790+00:00,1782804412333,0.4893272023233299,0.0
CHILLGUY/USDT,SHORT,0.008933,0.00897344,-0.8964589870013471,-1.618,EXPIRED,2026-06-30T07:23:55.720572+00:00,15m,2026-06-30 07:23:55.720572+00:00,1782804235720,0.45270345908428555,1.0
BANANAS31/USDT,SHORT,0.008386,0.008315676,0.3964440172993759,0.058,SL,2026-06-30T07:22:20.649277+00:00,15m,2026-06-30 07:22:20.649277+00:00,1782804140649,0.8385881230622475,1.0
ENSO/USDT,LONG,0.63,0.5991003,4.116992529009702,0.722,TSL,2026-06-30T07:04:25.869118+00:00,15m,2026-06-30 07:04:25.869118+00:00,1782803065869,4.904714285714282,1.0
AEVO/USDT,SHORT,0.0186,0.02027036,-0.16155088852988034,-0.018,TP,2026-06-30T07:02:47.701796+00:00,15m,2026-06-30 07:02:47.701796+00:00,1782802967701,8.980430107526898,0.0
UMA/USDT,LONG,0.3827,0.3810276,-0.3656307129798935,-0.748,SL,2026-06-30T06:58:53.056406+00:00,15m,2026-06-30 06:58:53.056406+00:00,1782802733056,0.4370002613012707,1.0
JTO/USDT,SHORT,0.7456,0.8486711,9.208400646203556,0.646,SL,2026-06-30T06:52:44.931662+00:00,15m,2026-06-30 06:52:44.931662+00:00,1782802364931,13.823913626609437,1.0
ZEN/USDT,LONG,4.067,4.097092999999999,-0.19545565599804562,-0.123,TSL,2026-06-30T06:30:57.806385+00:00,15m,2026-06-30 06:30:57.806385+00:00,1782801057806,0.7399311531841415,1.0
LUMIA/USDT,SHORT,0.12194,0.11987001,0.24168680723393499,0.062,TSL,2026-06-29T16:49:58.772170+00:00,15m,2026-06-29 16:49:58.772170+00:00,1782751798772,1.6975479744136521,0.0
PUMP/USDT,LONG,0.001407,0.00137893,-1.4276002719238738,-0.228,SL,2026-06-29T16:49:54.526251+00:00,15m,2026-06-29 16:49:54.526251+00:00,1782751794526,1.9950248756218938,1.0
AT/USDT,SHORT,0.144,0.1433565,-0.27874564459931117,-0.264,TP,2026-06-29T16:38:23.946467+00:00,15m,2026-06-29 16:38:23.946467+00:00,1782751103946,0.44687499999999397,1.0
PROMPT/USDT,SHORT,0.02186,0.02204301,-1.009174311926612,-0.905,TP,2026-06-29T16:36:02.808815+00:00,15m,2026-06-29 16:36:02.808815+00:00,1782750962808,0.8371912168343886,1.0
CROSS/USDT,LONG,0.0838,0.0832749,-1.1975337917951114,-0.948,TP,2026-06-29T16:35:34.116949+00:00,15m,2026-06-29 16:35:34.116949+00:00,1782750934116,0.626610978520287,0.0
SEI/USDT,SHORT,0.0493,0.0496744,-1.3871889024887802,-1.039,SL,2026-06-29T16:34:05.450491+00:00,15m,2026-06-29 16:34:05.450491+00:00,1782750845450,0.7594320486815496,1.0
ETHFI/USDT,SHORT,0.345,0.3495235,-1.422351233671993,-0.975,SL,2026-06-29T16:34:04.366341+00:00,15m,2026-06-29 16:34:04.366341+00:00,1782750844366,1.311159420289859,1.0
POL/USDT,SHORT,0.07081,0.07053939000000001,-0.042486899872522826,-0.041,TSL,2026-06-29T16:23:27.499349+00:00,15m,2026-06-29 16:23:27.499349+00:00,1782750207499,0.38216353622368393,0.0
SPX/USDT,SHORT,0.3472,0.3529286,-1.2979521199884638,-0.722,SL,2026-06-29T16:23:20.560594+00:00,15m,2026-06-29 16:23:20.560594+00:00,1782750200560,1.6499423963133562,0.0
MANTRA/USDT,LONG,0.00665,0.00657013,0.3304295584259585,0.25,TP,2026-06-29T15:59:03.303519+00:00,15m,2026-06-29 15:59:03.303519+00:00,1782748743303,1.201052631578936,0.0
IOST/USDT,LONG,0.000711,0.00070394,-1.3869625520110844,-0.586,TP,2026-06-29T15:58:32.756139+00:00,15m,2026-06-29 15:58:32.756139+00:00,1782748712756,0.9929676511955036,1.0
XAUT/USDT,LONG,4017.1,4030.1461199999994,-0.18106762838663437,-0.329,TSL,2026-06-29T15:57:51.688410+00:00,15m,2026-06-29 15:57:51.688410+00:00,1782748671688,0.32476463120160115,0.0
PUMP/USDT,LONG,0.001407,0.00137893,-1.7146776406035706,-0.316,SL,2026-06-29T15:47:27.358633+00:00,15m,2026-06-29 15:47:27.358633+00:00,1782748047358,1.9950248756218938,1.0
LDO/USDT,LONG,0.2507,0.25235209999999997,-0.595001983339945,-0.387,TSL,2026-06-29T15:47:06.389967+00:00,15m,2026-06-29 15:47:06.389967+00:00,1782748026389,0.6589948145193418,1.0
PENGU/USDT,LONG,0.006202,0.00615076,-0.6604381443299007,-0.716,SL,2026-06-29T15:46:06.997323+00:00,15m,2026-06-29 15:46:06.997323+00:00,1782747966997,0.8261851015801377,0.0
CGPT/USDT,LONG,0.01915,0.019199179999999996,-0.052137643378517166,-0.039,TSL,2026-06-29T15:45:54.206909+00:00,15m,2026-06-29 15:45:54.206909+00:00,1782747954206,0.25681462140990025,1.0
GRT/USDT,LONG,0.01805,0.018188169999999997,-0.3852504127682837,-0.228,TSL,2026-06-29T15:45:49.643853+00:00,15m,2026-06-29 15:45:49.643853+00:00,1782747949643,0.7654847645429169,1.0
COAI/USDT,SHORT,0.2918,0.2845152,-0.10533707865169328,-0.021,TP,2026-06-29T15:43:51.312319+00:00,15m,2026-06-29 15:43:51.312319+00:00,1782747831312,2.4965044551062303,0.0
ETHFI/USDT,LONG,0.3469,0.35034999999999994,-0.34285714285713687,-0.171,TSL,2026-06-29T15:33:16.100050+00:00,15m,2026-06-29 15:33:16.100050+00:00,1782747196100,0.9945229172672105,0.0
JUP/USDT,SHORT,0.2136,0.2123874,-0.4703668861712139,-0.231,TSL,2026-06-29T15:32:33.441812+00:00,15m,2026-06-29 15:32:33.441812+00:00,1782747153441,0.567696629213487,1.0
1INCH/USDT,LONG,0.0679,0.06826819999999999,-0.4398826979472063,-0.374,TSL,2026-06-29T15:31:44.114608+00:00,15m,2026-06-29 15:31:44.114608+00:00,1782747104114,0.5422680412370916,0.0
TRADOOR/USDT,SHORT,0.4177,0.42073015,-2.006769825918756,-1.164,SL,2026-06-29T15:20:40.088106+00:00,15m,2026-06-29 15:20:40.088106+00:00,1782746440088,0.7254369164472131,0.0
PUMP/USDT,LONG,0.001407,0.001413412,0.8498583569404997,0.363,TP,2026-06-29T15:09:11.492796+00:00,15m,2026-06-29 15:09:11.492796+00:00,1782745751492,0.4557213930348195,1.0
UAI/USDT,SHORT,0.3103,0.314471,-1.935914552736992,-0.39,TP,2026-06-29T15:07:24.239754+00:00,15m,2026-06-29 15:07:24.239754+00:00,1782745644239,1.344183048662578,0.0
UAI/USDT,SHORT,0.3103,0.314471,-0.3616042077580506,-0.107,TP,2026-06-29T14:55:23.632535+00:00,15m,2026-06-29 14:55:23.632535+00:00,1782744923632,1.344183048662578,0.0
PUMP/USDT,LONG,0.001407,0.001428427,-1.4716187806587375,-0.437,TSL,2026-06-29T14:55:22.226542+00:00,15m,2026-06-29 14:55:22.226542+00:00,1782744922226,1.5228855721392935,1.0
SLX/USDT,SHORT,0.54379,0.52450497,1.190408167152349,0.144,TP,2026-06-29T14:55:18.311321+00:00,15m,2026-06-29 14:55:18.311321+00:00,1782744918311,3.546411298479199,1.0
CRV/USDT,LONG,0.1897,0.1908907,-0.4719454640797126,-0.378,TSL,2026-06-29T14:54:46.844579+00:00,15m,2026-06-29 14:54:46.844579+00:00,1782744886844,0.6276752767527617,0.0
UAI/USDT,SHORT,0.3103,0.314471,-0.4603748766853049,-0.135,TP,2026-06-29T14:43:53.674098+00:00,15m,2026-06-29 14:43:53.674098+00:00,1782744233674,1.344183048662578,0.0
ZAMA/USDT,LONG,0.0309,0.0305541,-1.098901098901099,-0.881,SL,2026-06-29T14:32:21.717321+00:00,15m,2026-06-29 14:32:21.717321+00:00,1782743541717,1.1194174757281543,0.0
PENDLE/USDT,SHORT,1.3296,1.3229757,0.5285811372045698,0.17,TSL,2026-06-29T14:31:39.141053+00:00,15m,2026-06-29 14:31:39.141053+00:00,1782743499141,0.4982175090252645,0.0
SPK/USDT,SHORT,0.01709,0.01683315,-1.246290801186934,-0.544,TP,2026-06-29T14:18:10.122517+00:00,15m,2026-06-29 14:18:10.122517+00:00,1782742690122,1.5029256875365677,1.0
BIGTIME/USDT,SHORT,0.00743,0.00732267,-0.8185538881309709,-0.331,TP,2026-06-29T14:17:59.115748+00:00,15m,2026-06-29 14:17:59.115748+00:00,1782742679115,1.4445491251682383,0.0
SLX/USDT,SHORT,0.5438,0.54822123,3.2326840024053753,0.897,EXPIRED,2026-06-29T14:06:31.853014+00:00,15m,2026-06-29 14:06:31.853014+00:00,1782741991853,0.8130250091945669,1.0
ALLO/USDT,SHORT,0.28337,0.28013958,-0.5420440767420374,-0.233,SL,2026-06-29T14:06:30.360624+00:00,15m,2026-06-29 14:06:30.360624+00:00,1782741990360,1.1400007057910195,1.0
SPK/USDT,SHORT,0.0171,0.01697301,-0.41200706297820566,-0.285,TP,2026-06-29T14:05:17.617349+00:00,15m,2026-06-29 14:05:17.617349+00:00,1782741917617,0.742631578947371,1.0
TRUST/USDT,SHORT,0.0508,0.05039955,-0.35678889990089113,-0.218,TSL,2026-06-29T13:54:53.369634+00:00,15m,2026-06-29 13:54:53.369634+00:00,1782741293369,0.7882874015747965,1.0
TRB/USDT,SHORT,13.535,13.6774855,-1.224035608308599,-0.836,EXPIRED,2026-06-29T13:54:38.369197+00:00,15m,2026-06-29 13:54:38.369197+00:00,1782741278369,1.0527188769855884,0.0
IOTA/USDT,SHORT,0.0353,0.03504492,-0.627137970353472,-0.384,TSL,2026-06-29T13:54:36.287138+00:00,15m,2026-06-29 13:54:36.287138+00:00,1782741276287,0.7226062322946114,1.0
XPIN/USDT,SHORT,0.0013208,0.001315683,0.07593014426728419,0.059,TSL,2026-06-29T13:54:16.643017+00:00,15m,2026-06-29 13:54:16.643017+00:00,1782741256643,0.38741671714112746,1.0
QTUM/USDT,SHORT,0.686,0.6823170000000001,-0.7320644216690912,-0.829,SL,2026-06-29T13:54:09.294376+00:00,15m,2026-06-29 13:54:09.294376+00:00,1782741249294,0.536880466472302,0.0
SOMI/USDT,SHORT,0.0998,0.0986013,-0.5065856129685922,-0.222,SL,2026-06-29T13:53:48.471016+00:00,15m,2026-06-29 13:53:48.471016+00:00,1782741228471,1.2011022044088147,1.0
BRETT/USDT,SHORT,0.005313,0.005261733,-0.39870894247199895,-0.21,TP,2026-06-29T13:53:43.003050+00:00,15m,2026-06-29 13:53:43.003050+00:00,1782741223003,0.9649350649350612,0.0
AXL/USDT,SHORT,0.04131,0.04168243,-0.24289531212048301,-0.195,TP,2026-06-29T13:52:50.714842+00:00,15m,2026-06-29 13:52:50.714842+00:00,1782741170714,0.9015492616799805,1.0
METIS/USDT,SHORT,2.738,2.7092880000000004,-0.5899705014749268,-0.339,EXPIRED,2026-06-29T13:52:49.476315+00:00,15m,2026-06-29 13:52:49.476315+00:00,1782741169476,1.048648648648635,1.0
FLOW/USDT,SHORT,0.0281,0.027862110000000002,-0.10756543564000995,-0.054,TSL,2026-06-29T13:49:35.651057+00:00,15m,2026-06-29 13:49:35.651057+00:00,1782740975651,0.8465836298932297,0.0
TLM/USDT,SHORT,0.000885,0.000875124,-0.7990867579908622,-0.382,TSL,2026-06-29T13:49:28.989637+00:00,15m,2026-06-29 13:49:28.989637+00:00,1782740968989,1.1159322033898333,0.0
SNX/USDT,SHORT,0.2156,0.212787,-0.7981220657277028,-0.319,EXPIRED,2026-06-29T13:47:59.032523+00:00,15m,2026-06-29 13:47:59.032523+00:00,1782740879032,1.3047309833024163,1.0
TOSHI/USDT,SHORT,0.0001111,0.00011327,-2.254283137962134,-1.055,SL,2026-06-29T13:47:34.796981+00:00,15m,2026-06-29 13:47:34.796981+00:00,1782740854796,1.9531953195319542,0.0
F/USDT,SHORT,0.003356,0.003323673,0.0,0.0,EXPIRED,2026-06-29T13:36:49.741273+00:00,15m,2026-06-29 13:36:49.741273+00:00,1782740209741,0.9632598331346831,1.0
SCRT/USDT,SHORT,0.0504,0.04997997,-0.29982010793524744,-0.177,TSL,2026-06-29T13:36:31.407847+00:00,15m,2026-06-29 13:36:31.407847+00:00,1782740191407,0.8333928571428607,1.0
COOKIE/USDT,SHORT,0.00883,0.00875124,-0.22831050228309574,-0.122,TP,2026-06-29T13:35:27.265989+00:00,15m,2026-06-29 13:35:27.265989+00:00,1782740127265,0.8919592298980624,0.0
MOVE/USDT,SHORT,0.01118,0.01113885,0.17937219730942527,0.127,TSL,2026-06-29T13:35:05.164160+00:00,15m,2026-06-29 13:35:05.164160+00:00,1782740105164,0.3680679785330967,0.0
APE/USDT,LONG,0.1379,0.13853839999999998,-0.14450867052023536,-0.095,TSL,2026-06-29T13:24:46.030136+00:00,15m,2026-06-29 13:24:46.030136+00:00,1782739486030,0.4629441624365362,0.0
ZEST/USDT,LONG,0.24489,0.24297499,-0.6905851585485441,-0.968,SL,2026-06-29T13:23:26.611614+00:00,15m,2026-06-29 13:23:26.611614+00:00,1782739406611,0.7819878312711809,0.0
AXL/USDT,SHORT,0.04145,0.04128867,0.11696104524558647,0.075,TSL,2026-06-29T13:23:21.244372+00:00,15m,2026-06-29 13:23:21.244372+00:00,1782739401244,0.3892159227985554,1.0
AGLD/USDT,SHORT,0.1727,0.17776625,-1.3597733711048234,-1.895,SL,2026-06-29T13:22:55.148661+00:00,15m,2026-06-29 13:22:55.148661+00:00,1782739375148,2.9335552982049764,1.0
GLM/USDT,SHORT,0.0972,0.09781651,-0.2888980602558694,-0.312,TP,2026-06-29T13:10:03.278657+00:00,15m,2026-06-29 13:10:03.278657+00:00,1782738603278,0.6342695473251037,1.0
PROM/USDT,SHORT,1.135,1.127871,-0.08857395925596899,-0.046,TSL,2026-06-29T12:57:26.335639+00:00,15m,2026-06-29 12:57:26.335639+00:00,1782737846335,0.6281057268722414,0.0
SPX/USDT,SHORT,0.3382,0.34521705,-1.4792899408284035,-0.693,EXPIRED,2026-06-29T12:57:24.834508+00:00,15m,2026-06-29 12:57:24.834508+00:00,1782737844834,2.074822590183331,1.0
GLM/USDT,SHORT,0.0972,0.0965034,-0.12422360248446698,-0.099,TP,2026-06-29T12:56:11.639293+00:00,15m,2026-06-29 12:56:11.639293+00:00,1782737771639,0.7166666666666581,1.0
VET/USDT,SHORT,0.00449,0.004479516,0.0,0.0,SL,2026-06-29T12:55:57.017244+00:00,15m,2026-06-29 12:55:57.017244+00:00,1782737757017,0.23349665924275814,0.0
2Z/USDT,SHORT,0.06333,0.06309683999999999,-0.11082963901203392,-0.096,TP,2026-06-29T12:55:38.598435+00:00,15m,2026-06-29 12:55:38.598435+00:00,1782737738598,0.3681667456182063,1.0
RARE/USDT,SHORT,0.01224,0.012177809999999999,-0.1640689089417631,-0.119,TP,2026-06-29T12:54:27.823053+00:00,15m,2026-06-29 12:54:27.823053+00:00,1782737667823,0.5080882352941191,1.0
SUI/USDT,SHORT,0.6914,0.6891102,-0.1884604233111161,-0.129,EXPIRED,2026-06-29T12:54:08.967716+00:00,15m,2026-06-29 12:54:08.967716+00:00,1782737648967,0.33118310673994916,0.0
STBL/USDT,SHORT,0.02496,0.02528788,-0.4063388866314481,-0.148,TP,2026-06-29T12:53:40.324830+00:00,15m,2026-06-29 12:53:40.324830+00:00,1782737620324,1.3136217948717914,0.0
RPL/USDT,SHORT,1.399,1.3846139999999998,-0.649350649350658,-0.373,TP,2026-06-29T12:53:36.884348+00:00,15m,2026-06-29 12:53:36.884348+00:00,1782737616884,1.028305932809166,0.0
PTB/USDT,LONG,0.000501,0.00048946,-1.6874246685415806,-1.007,SL,2026-06-29T12:42:14.698367+00:00,15m,2026-06-29 12:42:14.698367+00:00,1782736934698,2.3033932135728516,1.0
MOVR/USDT,LONG,1.188,1.156263,-2.5231286795626597,-0.916,SL,2026-06-29T12:31:13.284510+00:00,15m,2026-06-29 12:31:13.284510+00:00,1782736273284,2.6714646464646385,1.0
QNT/USDT,LONG,66.41,64.657655,-3.4199522102747792,-0.976,TSL,2026-06-29T12:30:47.154076+00:00,15m,2026-06-29 12:30:47.154076+00:00,1782736247154,2.638676404155987,0.0
DUSK/USDT,LONG,0.07935,0.07753353,-2.0146058927222414,-0.848,TP,2026-06-29T12:29:57.313968+00:00,15m,2026-06-29 12:29:57.313968+00:00,1782736197313,2.2891871455576567,1.0
PENGU/USDT,LONG,0.006275,0.00608686,-2.707437490046186,-0.885,EXPIRED,2026-06-29T12:29:55.704502+00:00,15m,2026-06-29 12:29:55.704502+00:00,1782736195704,2.9982470119521887,0.0
MUBARAK/USDT,LONG,0.01019,0.00993508,-2.158979391560351,-0.863,EXPIRED,2026-06-29T12:28:12.581933+00:00,15m,2026-06-29 12:28:12.581933+00:00,1782736092581,2.5016683022571025,1.0
NIL/USDT,LONG,0.03404,0.03405402,-0.08818342151676145,-0.034,TP,2026-06-29T12:27:57.153144+00:00,15m,2026-06-29 12:27:57.153144+00:00,1782736077153,0.04118683901291579,0.0
MTL/USDT,LONG,0.2358,0.23235095,-0.5902192242832988,-0.289,SL,2026-06-29T12:26:58.351588+00:00,15m,2026-06-29 12:26:58.351588+00:00,1782736018351,1.462701441899919,1.0
CAKE/USDT,LONG,1.3408,1.3475461999999998,-0.2228495023027866,-0.286,TSL,2026-06-29T12:26:50.061512+00:00,15m,2026-06-29 12:26:50.061512+00:00,1782736010061,0.5031473747016567,1.0
CKB/USDT,LONG,0.000948,0.00092761,-2.1074815595363483,-0.935,EXPIRED,2026-06-29T12:26:34.595393+00:00,15m,2026-06-29 12:26:34.595393+00:00,1782735994595,2.15084388185653,0.0
AIA/USDT,LONG,0.05274,0.05161247,-1.6015252621544205,-1.003,SL,2026-06-29T12:24:44.768013+00:00,15m,2026-06-29 12:24:44.768013+00:00,1782735884768,2.137902919984834,0.0
IOST/USDT,LONG,0.000727,0.00071093,-3.0095759233926116,-1.096,SL,2026-06-29T12:23:38.823036+00:00,15m,2026-06-29 12:23:38.823036+00:00,1782735818823,2.2104539202200786,1.0
TREE/USDT,LONG,0.0424,0.04143775,-2.5423728813559268,-1.036,SL,2026-06-29T12:22:41.688075+00:00,15m,2026-06-29 12:22:41.688075+00:00,1782735761688,2.269457547169806,1.0
RUNE/USDT,LONG,0.3902,0.38312445,-2.2965042102577207,-1.026,SL,2026-06-29T12:22:41.185142+00:00,15m,2026-06-29 12:22:41.185142+00:00,1782735761185,1.8133136852895915,0.0
PROVE/USDT,LONG,0.1923,0.1938937,-0.051626226122879065,-0.023,TSL,2026-06-29T12:10:37.489545+00:00,15m,2026-06-29 12:10:37.489545+00:00,1782735037489,0.8287571502860133,0.0
AGLD/USDT,SHORT,0.1752,0.1717281,-1.745200698080281,-0.431,SL,2026-06-29T11:58:38.148890+00:00,15m,2026-06-29 11:58:38.148890+00:00,1782734318148,1.9816780821917808,1.0
SFP/USDT,SHORT,0.2078,0.2087126,-1.792635658914733,-1.6,TP,2026-06-29T11:58:14.647337+00:00,15m,2026-06-29 11:58:14.647337+00:00,1782734294647,0.4391722810394541,1.0
ALGO/USDT,SHORT,0.0869,0.08743095,-1.4959723820483262,-2.448,SL,2026-06-29T11:57:58.321842+00:00,15m,2026-06-29 11:57:58.321842+00:00,1782734278321,0.6109896432681109,0.0
SKL/USDT,LONG,0.00357,0.00355466,-0.44555834029518115,-0.44,SL,2026-06-29T11:46:35.015552+00:00,15m,2026-06-29 11:46:35.015552+00:00,1782733595015,0.4296918767506995,1.0
AKT/USDT,SHORT,0.6489,0.6449543999999999,-0.37174721189592147,-0.309,EXPIRED,2026-06-29T11:46:25.991681+00:00,15m,2026-06-29 11:46:25.991681+00:00,1782733585991,0.6080443828016804,0.0
LUMIA/USDT,SHORT,0.1229,0.12140847,-0.1974821031844023,-0.04,TSL,2026-06-29T11:45:46.458288+00:00,15m,2026-06-29 11:45:46.458288+00:00,1782733546458,1.2136126932465345,0.0
NAORIS/USDT,SHORT,0.03975,0.04001994,-0.555976750063174,-0.489,EXPIRED,2026-06-29T11:45:30.876195+00:00,15m,2026-06-29 11:45:30.876195+00:00,1782733530876,0.6790943396226321,0.0
TRUTH/USDT,SHORT,0.015556,0.01581068,-0.43758043758043985,-0.251,SL,2026-06-29T11:33:51.812599+00:00,15m,2026-06-29 11:33:51.812599+00:00,1782732831812,1.6371817948058638,1.0
POPCAT/USDT,SHORT,0.04511,0.044994959999999994,0.11101243339252775,0.107,TSL,2026-06-29T11:31:49.256588+00:00,15m,2026-06-29 11:31:49.256588+00:00,1782732709256,0.255021059632019,1.0
TNSR/USDT,SHORT,0.03493,0.03550318,-1.3486370157819174,-0.72,SL,2026-06-29T11:20:54.832917+00:00,15m,2026-06-29 11:20:54.832917+00:00,1782732054832,1.6409390208989392,1.0
NOT/USDT,SHORT,0.000385,0.00038988,0.05206977349648655,0.035,SL,2026-06-29T11:19:55.432029+00:00,15m,2026-06-29 11:19:55.432029+00:00,1782731995432,1.267532467532473,1.0
SAFE/USDT,SHORT,0.0808,0.07992,-0.6250000000000006,-0.328,TP,2026-06-29T11:19:19.034950+00:00,15m,2026-06-29 11:19:19.034950+00:00,1782731959034,1.0891089108910792,1.0
RENDER/USDT,SHORT,1.548,1.5613385,-0.06476683937823122,-0.058,SL,2026-06-29T11:18:44.298502+00:00,15m,2026-06-29 11:18:44.298502+00:00,1782731924298,0.8616602067183411,0.0
TLM/USDT,SHORT,0.000888,0.0008841150000000001,-0.6779661016949071,-0.486,EXPIRED,2026-06-29T11:17:50.114183+00:00,15m,2026-06-29 11:17:50.114183+00:00,1782731870114,0.4374999999999902,0.0
MORPHO/USDT,LONG,1.7855,1.7930912999999997,-0.12839836989895434,-0.125,TSL,2026-06-29T11:05:59.348462+00:00,15m,2026-06-29 11:05:59.348462+00:00,1782731159348,0.42516381965833855,1.0
OP/USDT,SHORT,0.1015,0.1005993,-0.8937437934458768,-0.718,TP,2026-06-29T10:49:50.581811+00:00,15m,2026-06-29 10:49:50.581811+00:00,1782730190581,0.8873891625615806,1.0
VET/USDT,SHORT,0.004498,0.004481514000000001,0.04458314757022437,0.052,TSL,2026-06-29T10:49:14.190337+00:00,15m,2026-06-29 10:49:14.190337+00:00,1782730154190,0.366518452645611,0.0
SOMI/USDT,SHORT,0.1001,0.0991008,-0.6048387096774227,-0.444,TP,2026-06-29T10:48:54.103727+00:00,15m,2026-06-29 10:48:54.103727+00:00,1782730134103,0.99820179820179,1.0
AIN/USDT,SHORT,0.08089,0.07947045,-0.11313639220616814,-0.033,TP,2026-06-29T10:48:20.689628+00:00,15m,2026-06-29 10:48:20.689628+00:00,1782730100689,1.7549140808505443,0.0
RUNE/USDT,SHORT,0.3876,0.384615,-0.805194805194803,-0.759,SL,2026-06-29T10:48:08.492880+00:00,15m,2026-06-29 10:48:08.492880+00:00,1782730088492,0.7701238390092919,1.0
ALLO/USDT,SHORT,0.28692,0.28502469,-0.3750306683957854,-0.295,EXPIRED,2026-06-29T10:48:02.590799+00:00,15m,2026-06-29 10:48:02.590799+00:00,1782730082590,0.6605708908406467,1.0
LAYER/USDT,SHORT,0.06607,0.06590403,-0.04547521600727944,-0.073,TSL,2026-06-29T10:36:40.925610+00:00,15m,2026-06-29 10:36:40.925610+00:00,1782729400925,0.251203269259878,1.0
CRV/USDT,LONG,0.1898,0.1905904,-0.2100840336134514,-0.238,TSL,2026-06-29T10:36:22.700382+00:00,15m,2026-06-29 10:36:22.700382+00:00,1782729382700,0.4164383561643818,0.0
ETC/USDT,SHORT,7.007,7.060575,-0.5164251900731543,-0.402,TP,2026-06-29T10:35:44.146039+00:00,15m,2026-06-29 10:35:44.146039+00:00,1782729344146,0.7645925503068414,1.0
KMNO/USDT,LONG,0.01978,0.020030009999999997,-0.14992503748125327,-0.053,TSL,2026-06-29T10:25:08.324172+00:00,15m,2026-06-29 10:25:08.324172+00:00,1782728708324,1.263953488372085,0.0
CRV/USDT,LONG,0.1897,0.1887165,-0.5765199161425524,-0.528,TP,2026-06-29T10:25:05.881981+00:00,15m,2026-06-29 10:25:05.881981+00:00,1782728705881,0.5184501845018441,0.0
OG/USDT,SHORT,2.506,2.500497,-0.2796644027167268,-0.548,TSL,2026-06-29T10:23:29.730557+00:00,15m,2026-06-29 10:23:29.730557+00:00,1782728609730,0.21959297685553042,1.0
ZEREBRO/USDT,SHORT,0.03841,0.03886821,-1.1713030746705815,-0.722,SL,2026-06-29T10:10:46.381913+00:00,15m,2026-06-29 10:10:46.381913+00:00,1782727846381,1.1929445456912278,0.0
APT/USDT,LONG,0.5817,0.5777321,8.891533492009524,4.996,SL,2026-06-29T10:10:25.770524+00:00,15m,2026-06-29 10:10:25.770524+00:00,1782727825770,0.682121368402961,0.0
TRX/USDT,SHORT,0.32383,0.32301666,-0.07113255396796189,-0.143,SL,2026-06-29T10:10:00.298271+00:00,15m,2026-06-29 10:10:00.298271+00:00,1782727800298,0.2511626470679047,0.0
ORDI/USDT,LONG,3.415,3.3963929999999993,1.1788977306218698,2.343,TSL,2026-06-29T09:58:59.186879+00:00,15m,2026-06-29 09:58:59.186879+00:00,1782727139186,0.5448609077599036,1.0
HEMI/USDT,LONG,0.004511,0.004541537,-0.35265594004849876,-0.272,TSL,2026-06-29T09:34:03.932558+00:00,15m,2026-06-29 09:34:03.932558+00:00,1782725643932,0.6769452449567668,0.0
EGLD/USDT,LONG,2.55,2.5605579999999994,-0.3518373729476113,-0.324,TSL,2026-06-29T09:33:58.555436+00:00,15m,2026-06-29 09:33:58.555436+00:00,1782725638555,0.41403921568625973,0.0
USUAL/USDT,LONG,0.0095,0.009619609999999999,-0.3121748178980282,-0.134,TSL,2026-06-29T09:33:38.709711+00:00,15m,2026-06-29 09:33:38.709711+00:00,1782725618709,1.2590526315789385,1.0
1000SHIB/USDT,LONG,0.004183,0.00415276,0.23889154323938033,0.301,TP,2026-06-29T09:32:52.916244+00:00,15m,2026-06-29 09:32:52.916244+00:00,1782725572916,0.7229261295720764,1.0
DEEP/USDT,SHORT,0.01612,0.01629441,-0.49352251696483784,-0.948,SL,2026-06-29T09:21:32.926745+00:00,15m,2026-06-29 09:21:32.926745+00:00,1782724892926,1.0819478908188578,0.0
BLESS/USDT,SHORT,0.008023,0.00807309,-0.02485398285075513,-0.077,EXPIRED,2026-06-29T08:42:53.513117+00:00,15m,2026-06-29 08:42:53.513117+00:00,1782722573513,0.6243300511030682,1.0
XMR/USDT,SHORT,310.65,304.27542,-1.9469433318011713,-0.812,TSL,2026-06-29T08:41:26.692112+00:00,15m,2026-06-29 08:41:26.692112+00:00,1782722486692,2.0520135200386225,1.0
APR/USDT,SHORT,0.2054,0.20309670000000002,1.0329562223315387,0.184,TSL,2026-06-29T08:29:37.398666+00:00,15m,2026-06-29 08:29:37.398666+00:00,1782721777398,1.121372930866592,0.0
SSV/USDT,SHORT,2.007,2.021027,-0.8000000000000007,-0.761,SL,2026-06-29T08:29:31.004866+00:00,15m,2026-06-29 08:29:31.004866+00:00,1782721771004,0.6989038365719986,0.0
SOMI/USDT,SHORT,0.1001,0.0993006,-0.9054325955734386,-0.62,TP,2026-06-29T08:29:24.934902+00:00,15m,2026-06-29 08:29:24.934902+00:00,1782721764934,0.7986013986013905,1.0
AXL/USDT,SHORT,0.04148,0.04128867,0.12097749818534101,0.142,TP,2026-06-29T08:17:03.103752+00:00,15m,2026-06-29 08:17:03.103752+00:00,1782721023103,0.46125843780135833,1.0
UAI/USDT,SHORT,0.3158,0.3123873,-0.06395906619764423,-0.029,TP,2026-06-29T08:16:27.892651+00:00,15m,2026-06-29 08:16:27.892651+00:00,1782720987892,1.0806523115896283,0.0
GLM/USDT,SHORT,0.09795,0.09739250999999999,-0.061544773822960815,-0.065,TP,2026-06-29T08:16:21.046984+00:00,15m,2026-06-29 08:16:21.046984+00:00,1782720981046,0.5691577335375271,1.0
BRETT/USDT,SHORT,0.005313,0.00533399,-0.2841985600606339,-0.268,TP,2026-06-29T08:05:52.600021+00:00,15m,2026-06-29 08:05:52.600021+00:00,1782720352600,0.39506869941653017,0.0
MAGIC/USDT,SHORT,0.047,0.04553442,0.04387889425186307,0.006,SL,2026-06-29T08:05:02.044215+00:00,15m,2026-06-29 08:05:02.044215+00:00,1782720302044,3.1182553191489384,0.0
KMNO/USDT,LONG,0.01985,0.01967045,-2.092675635276533,-1.051,SL,2026-06-29T07:51:51.991846+00:00,15m,2026-06-29 07:51:51.991846+00:00,1782719511991,0.904534005037786,0.0
BRETT/USDT,SHORT,0.005313,0.00533399,-5.649289099526059,-5.052,TP,2026-06-29T07:51:38.995521+00:00,15m,2026-06-29 07:51:38.995521+00:00,1782719498995,0.39506869941653017,0.0
PUMP/USDT,LONG,0.001425,0.00138192,-0.3457814661134172,-0.078,SL,2026-06-29T07:28:41.198710+00:00,15m,2026-06-29 07:28:41.198710+00:00,1782718121198,3.023157894736844,1.0
RARE/USDT,SHORT,0.01219,0.012127859999999999,-0.5766062602965454,-0.646,SL,2026-06-29T07:17:08.413371+00:00,15m,2026-06-29 07:17:08.413371+00:00,1782717428413,0.5097621000820383,1.0
ONT/USDT,LONG,0.0435,0.04303535,-1.1004126547455326,-0.821,EXPIRED,2026-06-29T07:15:24.941800+00:00,15m,2026-06-29 07:15:24.941800+00:00,1782717324941,1.068160919540223,1.0
KSM/USDT,SHORT,3.039,3.028968,0.06596306068602321,0.089,TP,2026-06-29T07:15:18.876235+00:00,15m,2026-06-29 07:15:18.876235+00:00,1782717318876,0.33010858835144,1.0
WCT/USDT,SHORT,0.04234,0.04217778,-0.21316911416390288,-0.234,TSL,2026-06-29T07:04:50.214254+00:00,15m,2026-06-29 07:04:50.214254+00:00,1782716690214,0.38313651393482423,0.0
2Z/USDT,SHORT,0.06316,0.06276717,-0.5411427661945042,-0.504,SL,2026-06-29T07:04:34.032391+00:00,15m,2026-06-29 07:04:34.032391+00:00,1782716674032,0.6219601013299506,1.0
KSM/USDT,SHORT,3.039,3.020976,-0.1322751322751324,-0.131,TP,2026-06-29T07:03:20.084755+00:00,15m,2026-06-29 07:03:20.084755+00:00,1782716600084,0.5930898321816399,1.0
SOMI/USDT,SHORT,0.1,0.10065075,-0.8040201005025076,-0.695,TP,2026-06-29T07:02:41.582394+00:00,15m,2026-06-29 07:02:41.582394+00:00,1782716561582,0.6507499999999916,1.0
ONE/USDT,SHORT,0.001231,0.0012217769999999998,-0.49059689288635705,-0.378,EXPIRED,2026-06-29T06:52:15.090612+00:00,15m,2026-06-29 06:52:15.090612+00:00,1782715935090,0.7492282696994524,0.0
CELO/USDT,SHORT,0.06574,0.06549443999999999,0.28981086028065245,0.092,TP,2026-06-29T06:51:38.554272+00:00,15m,2026-06-29 06:51:38.554272+00:00,1782715898554,0.3735320961363244,0.0
ZK/USDT,SHORT,0.01007,0.01000998,-0.4990019960079983,-0.37,SL,2026-06-29T06:51:22.309567+00:00,15m,2026-06-29 06:51:22.309567+00:00,1782715882309,0.5960278053624717,1.0
RARE/USDT,SHORT,0.01219,0.01211787,-0.3297609233305862,-0.338,TP,2026-06-29T06:51:11.560293+00:00,15m,2026-06-29 06:51:11.560293+00:00,1782715871560,0.5917145200984423,1.0
SOPH/USDT,SHORT,0.004836,0.004783211999999999,-0.772765246449469,-0.512,EXPIRED,2026-06-29T06:49:04.003528+00:00,15m,2026-06-29 06:49:04.003528+00:00,1782715744003,1.091563275434257,0.0
CELO/USDT,SHORT,0.0663,0.06600393,-0.04540638716513129,-0.02,TSL,2026-06-29T06:38:00.945131+00:00,15m,2026-06-29 06:38:00.945131+00:00,1782715080945,0.4465610859728439,0.0
TIA/USDT,SHORT,0.3753,0.382573,-0.34067085953879017,-1.336,SL,2026-06-29T06:37:59.306476+00:00,15m,2026-06-29 06:37:59.306476+00:00,1782715079306,1.9379163335997798,0.0
SAFE/USDT,SHORT,0.0818,0.08071919999999999,-0.37128712871288194,-0.141,SL,2026-06-29T06:37:36.520610+00:00,15m,2026-06-29 06:37:36.520610+00:00,1782715056520,1.32127139364304,1.0
PAXG/USDT,LONG,4046.1,4065.69163,-0.3035727035697473,-0.385,TSL,2026-06-29T06:36:46.271755+00:00,15m,2026-06-29 06:36:46.271755+00:00,1782715006271,0.4842102271322976,0.0
ALICE/USDT,SHORT,0.1243,0.121878,-0.24590163934426934,-0.068,TP,2026-06-29T06:36:19.710638+00:00,15m,2026-06-29 06:36:19.710638+00:00,1782714979710,1.9485116653258194,0.0
UMA/USDT,LONG,0.383,0.38052835,0.0,0.0,TP,2026-06-29T06:36:15.835795+00:00,15m,2026-06-29 06:36:15.835795+00:00,1782714975835,0.6453394255874653,0.0
THE/USDT,LONG,0.0563,0.05601585,15.004413062665492,13.404,TP,2026-06-29T06:24:51.540207+00:00,15m,2026-06-29 06:24:51.540207+00:00,1782714291540,0.5047069271758505,0.0
IN/USDT,SHORT,0.10416,0.1029969,-0.04849660523764149,-0.014,TSL,2026-06-29T06:23:26.630664+00:00,15m,2026-06-29 06:23:26.630664+00:00,1782714206630,1.1166474654377883,0.0
SANTOS/USDT,LONG,0.555,0.5579573999999999,-0.17940437746681034,-0.161,TSL,2026-06-29T06:23:01.057694+00:00,15m,2026-06-29 06:23:01.057694+00:00,1782714181057,0.5328648648648446,0.0
VANRY/USDT,LONG,0.003016,0.0030360329999999996,-0.1648532805802911,-0.108,TSL,2026-06-29T06:22:47.421100+00:00,15m,2026-06-29 06:22:47.421100+00:00,1782714167421,0.6642241379310211,0.0
PUMP/USDT,LONG,0.00142,0.0013949,-3.529411764705885,-1.018,TP,2026-06-29T06:22:35.940080+00:00,15m,2026-06-29 06:22:35.940080+00:00,1782714155940,1.7676056338028254,1.0
PENGU/USDT,LONG,0.00617,0.006178172,-0.2916396629941778,-0.257,SL,2026-06-29T06:22:07.121345+00:00,15m,2026-06-29 06:22:07.121345+00:00,1782714127121,0.13244732576985196,0.0
GOAT/USDT,LONG,0.01316,0.01329328,-0.6024096385542185,-0.308,TSL,2026-06-29T06:21:52.735821+00:00,15m,2026-06-29 06:21:52.735821+00:00,1782714112735,1.0127659574468049,0.0
SLP/USDT,LONG,0.0004569,0.00045412,-1.346070343030827,-0.957,TP,2026-06-29T06:21:41.340470+00:00,15m,2026-06-29 06:21:41.340470+00:00,1782714101340,0.6084482381264982,0.0
SYN/USDT,SHORT,0.38159,0.40708972,-5.230897096254752,-0.913,SL,2026-06-29T06:21:21.311642+00:00,15m,2026-06-29 06:21:21.311642+00:00,1782714081311,6.682491679551352,0.0
MERL/USDT,LONG,0.01916,0.01896152,-1.45530145530145,-1.005,SL,2026-06-29T06:21:13.361123+00:00,15m,2026-06-29 06:21:13.361123+00:00,1782714073361,1.0359081419624263,0.0
1000SHIB/USDT,LONG,0.00418,0.0041831789999999995,0.1914333572624869,0.36,SL,2026-06-29T06:10:17.734237+00:00,15m,2026-06-29 06:10:17.734237+00:00,1782713417734,0.07605263157894392,1.0
TAO/USDT,LONG,207.36,207.92771999999997,-0.18293857115347364,-0.297,TSL,2026-06-29T06:09:58.063137+00:00,15m,2026-06-29 06:09:58.063137+00:00,1782713398063,0.27378472222219885,0.0
SUPER/USDT,LONG,0.0859,0.08517205,-0.5767012687427918,-0.327,TP,2026-06-29T06:07:19.119812+00:00,15m,2026-06-29 06:07:19.119812+00:00,1782713239119,0.8474388824214261,0.0
SLP/USDT,LONG,0.0004569,0.00045412,-1.1529258211877356,-0.95,TP,2026-06-29T06:06:50.027538+00:00,15m,2026-06-29 06:06:50.027538+00:00,1782713210027,0.6084482381264982,0.0
BAT/USDT,LONG,0.0835,0.0826758,-1.312649164677809,-0.978,SL,2026-06-29T06:06:37.471665+00:00,15m,2026-06-29 06:06:37.471665+00:00,1782713197471,0.9870658682634863,0.0
HYPE/USDT,LONG,62.966,63.00794499999999,0.4210024624672342,0.362,EXPIRED,2026-06-29T06:06:14.824065+00:00,15m,2026-06-29 06:06:14.824065+00:00,1782713174824,0.06661531620238104,0.0
LINK/USDT,LONG,7.287,7.308300999999999,0.04109026160800046,0.045,TSL,2026-06-29T05:54:27.790206+00:00,15m,2026-06-29 05:54:27.790206+00:00,1782712467790,0.2923150816522485,1.0
AAVE/USDT,LONG,93.83,92.530995,-1.8445881479910897,-0.967,SL,2026-06-29T05:53:54.165319+00:00,15m,2026-06-29 05:53:54.165319+00:00,1782712434165,1.3844239582223106,0.0
CRV/USDT,LONG,0.1904,0.19119099999999997,-0.10471204188481975,-0.101,SL,2026-06-29T05:53:38.665974+00:00,15m,2026-06-29 05:53:38.665974+00:00,1782712418665,0.41544117647056633,0.0
COTI/USDT,LONG,0.00844,0.0083874,-1.7584994138335184,-1.052,TP,2026-06-29T05:52:56.023510+00:00,15m,2026-06-29 05:52:56.023510+00:00,1782712376023,0.6232227488151643,0.0
SUPER/USDT,LONG,0.0859,0.08557145,-0.5787037037037042,-0.603,TP,2026-06-29T05:52:01.756284+00:00,15m,2026-06-29 05:52:01.756284+00:00,1782712321756,0.3824796274738193,0.0
ADA/USDT,LONG,0.1441,0.1448447,-0.41465100207324773,-0.494,TSL,2026-06-29T05:50:40.654482+00:00,15m,2026-06-29 05:50:40.654482+00:00,1782712240654,0.516793893129762,0.0
POPCAT/USDT,SHORT,0.04525,0.04571848,-1.2419605233976603,-0.891,SL,2026-06-29T05:50:34.794142+00:00,15m,2026-06-29 05:50:34.794142+00:00,1782712234794,1.0353149171270724,1.0
1000CAT/USDT,LONG,0.001287,0.00127808,-0.6163328197226485,-0.402,EXPIRED,2026-06-29T05:39:45.245218+00:00,15m,2026-06-29 05:39:45.245218+00:00,1782711585245,0.693084693084688,1.0
4/USDT,LONG,0.00859,0.008619611,0.4529090697944385,0.238,TSL,2026-06-29T05:39:09.901740+00:00,15m,2026-06-29 05:39:09.901740+00:00,1782711549901,0.3447147846332809,0.0
ZEREBRO/USDT,SHORT,0.04173,0.04204297,-0.46024705489578555,-1.771,SL,2026-06-29T05:39:01.698386+00:00,15m,2026-06-29 05:39:01.698386+00:00,1782711541698,0.7499880182123071,0.0
UAI/USDT,SHORT,0.3081,0.30599370000000004,-0.26118184786156295,-0.202,SL,2026-06-29T05:38:48.396770+00:00,15m,2026-06-29 05:38:48.396770+00:00,1782711528396,0.6836416747808991,0.0
TNSR/USDT,SHORT,0.03358,0.03396087,-0.89686098654709,-0.587,SL,2026-06-29T05:28:05.649847+00:00,15m,2026-06-29 05:28:05.649847+00:00,1782710885649,1.1342167957117284,1.0
EIGEN/USDT,SHORT,0.2303,0.2284713,-0.3935286401399265,-0.156,TP,2026-06-29T05:27:56.806397+00:00,15m,2026-06-29 05:27:56.806397+00:00,1782710876806,0.7940512375162903,0.0
GMX/USDT,SHORT,5.43,5.359635,-0.6337371854613197,-0.323,SL,2026-06-29T05:27:31.334042+00:00,15m,2026-06-29 05:27:31.334042+00:00,1782710851334,1.2958563535911565,0.0
UAI/USDT,SHORT,0.3082,0.3060936,0.2937336814621449,0.233,TP,2026-06-29T05:26:49.667274+00:00,15m,2026-06-29 05:26:49.667274+00:00,1782710809667,0.6834523036988815,0.0
GLM/USDT,SHORT,0.09797,0.09717273,-0.16449059319420928,-0.096,SL,2026-06-29T05:26:36.956584+00:00,15m,2026-06-29 05:26:36.956584+00:00,1782710796956,0.813789935694603,1.0
INJ/USDT,SHORT,4.582,4.650966,-1.9762845849802342,-0.928,SL,2026-06-29T05:26:24.785714+00:00,15m,2026-06-29 05:26:24.785714+00:00,1782710784785,1.5051505892623425,1.0
PIPPIN/USDT,SHORT,0.01692,0.01671327,-0.1195457262403028,-0.045,TSL,2026-06-29T05:16:15.680450+00:00,15m,2026-06-29 05:16:15.680450+00:00,1782710175680,1.2218085106383108,1.0
HUMA/USDT,SHORT,0.022164,0.02240255,-1.1932307971507614,-0.727,SL,2026-06-29T05:15:51.242199+00:00,15m,2026-06-29 05:15:51.242199+00:00,1782710151242,1.0762948926186633,1.0
XRP/USDT,SHORT,1.0429,1.0370619,-0.30825546671803,-0.309,SL,2026-06-29T05:15:34.669471+00:00,15m,2026-06-29 05:15:34.669471+00:00,1782710134669,0.5597948029532885,1.0
CYBER/USDT,SHORT,0.3421,0.3437148,-0.9697325888921613,-0.966,SL,2026-06-29T05:15:08.709759+00:00,15m,2026-06-29 05:15:08.709759+00:00,1782710108709,0.4720257234726606,1.0
CELO/USDT,SHORT,0.06913,0.06700293,-0.3727448933949608,-0.06,SL,2026-06-29T05:15:02.887478+00:00,15m,2026-06-29 05:15:02.887478+00:00,1782710102887,3.076913062346297,0.0
UAI/USDT,SHORT,0.3082,0.3102647,-0.39434768320735414,-0.201,TP,2026-06-29T05:14:39.703910+00:00,15m,2026-06-29 05:14:39.703910+00:00,1782710079703,0.6699221284880047,0.0
KSM/USDT,SHORT,3.039,3.020976,-0.033068783068779424,-0.028,TP,2026-06-29T05:00:37.463317+00:00,15m,2026-06-29 05:00:37.463317+00:00,1782709237463,0.5930898321816399,1.0
SOMI/USDT,SHORT,0.1004,0.0992007,-0.9063444108761309,-0.461,TP,2026-06-29T04:58:53.360492+00:00,15m,2026-06-29 04:58:53.360492+00:00,1782709133360,1.194521912350598,1.0
HUMA/USDT,SHORT,0.02224,0.02232444,1.9784009438242984,1.522,TP,2026-06-29T04:58:50.584890+00:00,15m,2026-06-29 04:58:50.584890+00:00,1782709130584,0.37967625899281293,1.0
RARE/USDT,SHORT,0.01219,0.01209789,0.0,0.0,TP,2026-06-29T04:58:30.566685+00:00,15m,2026-06-29 04:58:30.566685+00:00,1782709110566,0.7556193601312503,1.0
HYPE/USDT,SHORT,62.411,61.940997,0.02096672741641231,0.014,TP,2026-06-29T04:58:28.975185+00:00,15m,2026-06-29 04:58:28.975185+00:00,1782709108975,0.753077181907033,1.0
ETC/USDT,SHORT,7.035,7.066584,0.2290294875465218,0.199,SL,2026-06-29T04:47:58.808272+00:00,15m,2026-06-29 04:47:58.808272+00:00,1782708478808,0.4489552238805915,1.0
SUI/USDT,SHORT,0.6878,0.6835158,-0.10230926629639328,-0.088,EXPIRED,2026-06-29T04:47:55.948094+00:00,15m,2026-06-29 04:47:55.948094+00:00,1782708475948,0.622884559464955,0.0
CHIP/USDT,SHORT,0.03056,0.0304695,0.13114754098360124,0.079,TSL,2026-06-29T04:47:54.981006+00:00,15m,2026-06-29 04:47:54.981006+00:00,1782708474981,0.2961387434554984,1.0
ETHFI/USDT,SHORT,0.3432,0.3405591,-0.293341155764154,-0.188,SL,2026-06-29T04:47:46.979498+00:00,15m,2026-06-29 04:47:46.979498+00:00,1782708466979,0.7694930069930075,1.0
XRP/USDT,SHORT,1.0431,1.0408581000000001,-0.05758710048948401,-0.091,TSL,2026-06-29T04:47:08.021847+00:00,15m,2026-06-29 04:47:08.021847+00:00,1782708428021,0.21492666091456206,1.0
MAGIC/USDT,SHORT,0.0466,0.04717065,-0.23661002366101516,-0.162,TP,2026-06-29T04:46:36.422624+00:00,15m,2026-06-29 04:46:36.422624+00:00,1782708396422,1.2245708154506414,0.0
RENDER/USDT,SHORT,1.533,1.527471,-0.0654022236756123,-0.065,TSL,2026-06-29T04:46:09.936496+00:00,15m,2026-06-29 04:46:09.936496+00:00,1782708369936,0.36066536203521826,0.0
HYPE/USDT,SHORT,62.41,61.948989000000005,-0.3499379142410197,-0.239,EXPIRED,2026-06-29T04:45:57.277419+00:00,15m,2026-06-29 04:45:57.277419+00:00,1782708357277,0.7386813010735332,1.0
RARE/USDT,SHORT,0.01219,0.01209789,0.0,0.0,TP,2026-06-29T04:45:37.838793+00:00,15m,2026-06-29 04:45:37.838793+00:00,1782708337838,0.7556193601312503,1.0
WLFI/USDT,SHORT,0.05863,0.058111829999999996,-0.36101083032491293,-0.206,TP,2026-06-29T04:45:04.572883+00:00,15m,2026-06-29 04:45:04.572883+00:00,1782708304572,0.8837966911137732,0.0
WLFI/USDT,SHORT,0.0586,0.05819175,-0.6008583690987058,-0.373,TP,2026-06-29T04:33:40.879763+00:00,15m,2026-06-29 04:33:40.879763+00:00,1782707620879,0.6966723549488036,0.0
TAO/USDT,LONG,207.87,206.52974,-0.2270312047145198,-0.959,SL,2026-06-29T04:33:15.094873+00:00,15m,2026-06-29 04:33:15.094873+00:00,1782707595094,0.6447587434454229,0.0
AR/USDT,LONG,1.876,1.863201,-0.37056643726840216,-0.271,TP,2026-06-29T04:32:46.831260+00:00,15m,2026-06-29 04:32:46.831260+00:00,1782707566831,0.6822494669509479,1.0
SPK/USDT,SHORT,0.01693,0.01672326,-0.7168458781361922,-0.42,TP,2026-06-29T04:32:35.745512+00:00,15m,2026-06-29 04:32:35.745512+00:00,1782707555745,1.2211458948611955,1.0
RPL/USDT,SHORT,1.409,1.400598,-0.07132667617689814,-0.04,TSL,2026-06-29T04:32:06.456867+00:00,15m,2026-06-29 04:32:06.456867+00:00,1782707526456,0.5963094393186672,0.0
WCT/USDT,SHORT,0.04241,0.04224771,-0.04729250413809218,-0.043,TSL,2026-06-29T04:20:28.547041+00:00,15m,2026-06-29 04:20:28.547041+00:00,1782706828547,0.38266918179675175,0.0
ALPINE/USDT,SHORT,0.3103,0.3084912,-0.06476683937823122,-0.045,TSL,2026-06-29T04:19:47.428882+00:00,15m,2026-06-29 04:19:47.428882+00:00,1782706787428,0.5829197550757329,1.0
MOVE/USDT,SHORT,0.01129,0.01117881,-0.714924039320824,-0.369,SL,2026-06-29T04:19:24.296625+00:00,15m,2026-06-29 04:19:24.296625+00:00,1782706764296,0.9848538529672176,0.0
AKE/USDT,SHORT,0.0003787,0.0003764232,-0.2919320594479901,-0.071,EXPIRED,2026-06-29T04:18:46.625439+00:00,15m,2026-06-29 04:18:46.625439+00:00,1782706726625,0.6012146818061803,0.0
PUMP/USDT,LONG,0.001428,0.0014009,0.0,0.0,SL,2026-06-29T03:55:29.631436+00:00,15m,2026-06-29 03:55:29.631436+00:00,1782705329631,1.8977591036414534,1.0
SIREN/USDT,SHORT,0.03682,0.03733592,-1.4234875444839847,-0.645,SL,2026-06-29T03:43:06.031858+00:00,15m,2026-06-29 03:43:06.031858+00:00,1782704586031,1.4011950027159235,0.0
AEVO/USDT,LONG,0.01835,0.01855854,-0.4314994606256753,-0.11,SL,2026-06-29T03:31:28.569995+00:00,15m,2026-06-29 03:31:28.569995+00:00,1782703888569,1.1364577656675565,1.0
SANTOS/USDT,LONG,0.554,0.558558,-0.14336917562724424,-0.091,TSL,2026-06-29T03:29:56.996174+00:00,15m,2026-06-29 03:29:56.996174+00:00,1782703796996,0.8227436823104605,0.0
ADA/USDT,LONG,0.1438,0.1454453,-0.41293874741914466,-0.166,TSL,2026-06-29T03:18:22.970244+00:00,15m,2026-06-29 03:18:22.970244+00:00,1782703102970,1.1441585535465844,0.0
VIRTUAL/USDT,LONG,0.5342,0.542542,-0.23985239852399978,-0.08,TSL,2026-06-29T03:18:15.958633+00:00,15m,2026-06-29 03:18:15.958633+00:00,1782703095958,1.5615874204417746,1.0
GRIFFAIN/USDT,SHORT,0.009435,0.009443547,1.5127472759970277,0.115,SL,2026-06-29T03:01:42.110257+00:00,15m,2026-06-29 03:01:42.110257+00:00,1782702102110,0.09058823529411102,0.0
DUSK/USDT,LONG,0.07714,0.07604576,-0.4610065309258715,-0.176,TP,2026-06-29T02:50:51.232756+00:00,15m,2026-06-29 02:50:51.232756+00:00,1782701451232,1.4185117967332077,0.0
HEI/USDT,LONG,0.14193,0.14277262999999998,0.16125639767228508,0.028,SL,2026-06-29T02:50:42.879472+00:00,15m,2026-06-29 02:50:42.879472+00:00,1782701442879,0.5936940745437773,0.0
UMA/USDT,LONG,0.3825,0.3778324,0.13007284079084297,0.076,TP,2026-06-29T02:50:33.357621+00:00,15m,2026-06-29 02:50:33.357621+00:00,1782701433357,1.2202875816993448,0.0
PUMP/USDT,LONG,0.001426,0.0014374359999999998,-0.13927576601671648,-0.057,TSL,2026-06-29T02:50:30.516435+00:00,15m,2026-06-29 02:50:30.516435+00:00,1782701430516,0.8019635343618421,1.0
EGLD/USDT,LONG,2.539,2.5475449999999995,-0.03929273084478938,-0.046,TSL,2026-06-29T02:50:01.213283+00:00,15m,2026-06-29 02:50:01.213283+00:00,1782701401213,0.33654982276484274,0.0
PENDLE/USDT,LONG,1.2591,1.2676663999999997,-0.284270372710048,-0.2,TSL,2026-06-29T02:49:08.576150+00:00,15m,2026-06-29 02:49:08.576150+00:00,1782701348576,0.6803589865776857,1.0
1000BONK/USDT,LONG,0.004166,0.004196192,0.6440839694656308,0.284,TP,2026-06-29T02:49:01.362530+00:00,15m,2026-06-29 02:49:01.362530+00:00,1782701341362,0.7247239558329139,0.0
ALGO/USDT,LONG,0.0888,0.08816755,0.0,0.0,TP,2026-06-29T02:48:52.991183+00:00,15m,2026-06-29 02:48:52.991183+00:00,1782701332991,0.7122184684684759,1.0
A/USDT,LONG,0.06022,0.06092085999999999,-0.6736772921459098,-0.277,TSL,2026-06-29T02:48:39.758936+00:00,15m,2026-06-29 02:48:39.758936+00:00,1782701319758,1.1638326137495694,0.0
MTL/USDT,LONG,0.2346,0.2328502,-2.053646269907802,-0.852,TP,2026-06-29T02:48:21.403482+00:00,15m,2026-06-29 02:48:21.403482+00:00,1782701301403,0.7458653026427945,1.0
1000SHIB/USDT,LONG,0.004184,0.00415476,0.23894862604539047,0.331,TP,2026-06-29T02:48:09.444514+00:00,15m,2026-06-29 02:48:09.444514+00:00,1782701289444,0.6988527724665349,1.0
SOL/USDT,LONG,71.752,72.22315099999999,1.07690815096118,0.479,TP,2026-06-29T02:47:52.782554+00:00,15m,2026-06-29 02:47:52.782554+00:00,1782701272782,0.6566381424907903,0.0
MEW/USDT,LONG,0.0003637,0.00036736699999999995,-0.05449591280652607,-0.02,TSL,2026-06-29T02:47:39.192796+00:00,15m,2026-06-29 02:47:39.192796+00:00,1782701259192,1.0082485565025983,1.0
CRV/USDT,LONG,0.1898,0.1905904,-0.2626050420168069,-0.297,TSL,2026-06-29T02:47:28.236623+00:00,15m,2026-06-29 02:47:28.236623+00:00,1782701248236,0.4164383561643818,0.0
AIO/USDT,SHORT,0.09486,0.09599378,-0.3270042194092877,-0.26,SL,2026-06-29T02:31:53.137705+00:00,15m,2026-06-29 02:31:53.137705+00:00,1782700313137,1.1952139995783269,0.0
VELODROME/USDT,SHORT,0.01852,0.01903851,-2.9252437703141863,-0.933,SL,2026-06-29T02:28:39.077406+00:00,15m,2026-06-29 02:28:39.077406+00:00,1782700119077,2.79973002159829,0.0
SHELL/USDT,SHORT,0.02128,0.0214321,-0.7085498346716926,-0.572,SL,2026-06-29T02:26:25.893699+00:00,15m,2026-06-29 02:26:25.893699+00:00,1782699985893,0.7147556390977385,0.0
INJ/USDT,SHORT,4.577,4.6099045,-0.7488986784140927,-0.486,SL,2026-06-29T02:23:37.690265+00:00,15m,2026-06-29 02:23:37.690265+00:00,1782699817690,0.7189097662224141,1.0
VANA/USDT,LONG,1.103,1.11111,0.09009009009008016,0.051,TP,2026-06-29T02:20:44.981092+00:00,15m,2026-06-29 02:20:44.981092+00:00,1782699644981,0.7352674524025441,1.0
NAORIS/USDT,SHORT,0.03886,0.03932891,-2.013422818791954,-1.324,SL,2026-06-29T02:20:28.514766+00:00,15m,2026-06-29 02:20:28.514766+00:00,1782699628514,1.206664951106544,1.0
YB/USDT,SHORT,0.0676,0.0685026,-1.4836795252225532,-0.907,SL,2026-06-29T02:20:21.931454+00:00,15m,2026-06-29 02:20:21.931454+00:00,1782699621931,1.3352071005917212,0.0
YGG/USDT,SHORT,0.02233,0.02249369,-0.8554705087798252,-0.67,SL,2026-06-29T02:20:05.920371+00:00,15m,2026-06-29 02:20:05.920371+00:00,1782699605920,0.7330497089117826,1.0
SCRT/USDT,SHORT,0.0498,0.0495504,-0.5846774193548359,-0.611,SL,2026-06-29T02:17:58.068320+00:00,15m,2026-06-29 02:17:58.068320+00:00,1782699478068,0.5012048192770998,1.0
VET/USDT,SHORT,0.004497,0.00451677,-0.26833631484793957,-0.268,TP,2026-06-29T02:16:37.108280+00:00,15m,2026-06-29 02:16:37.108280+00:00,1782699397108,0.4396264176117341,0.0
HIVE/USDT,SHORT,0.05116,0.05059935,-0.21717670286278182,-0.113,SL,2026-06-29T01:59:41.751545+00:00,15m,2026-06-29 01:59:41.751545+00:00,1782698381751,1.0958756841282173,0.0
TA/USDT,SHORT,0.07509,0.07561325,-1.0028078620136391,-0.911,SL,2026-06-29T01:39:15.160697+00:00,15m,2026-06-29 01:39:15.160697+00:00,1782697155160,0.6968304701025474,1.0
ALCH/USDT,SHORT,0.06719,0.06701292,0.1639833035181857,0.207,SL,2026-06-29T01:39:11.637933+00:00,15m,2026-06-29 01:39:11.637933+00:00,1782697151637,0.26355112367911315,1.0
AXL/USDT,SHORT,0.04144,0.041028930000000005,-0.19478938397856524,-0.097,SL,2026-06-29T01:38:44.078517+00:00,15m,2026-06-29 01:38:44.078517+00:00,1782697124078,0.9919642857142678,1.0
PLUME/USDT,LONG,0.00981,0.00970542,-0.5128205128205097,-1.122,SL,2026-06-29T01:03:13.514570+00:00,15m,2026-06-29 01:03:13.514570+00:00,1782694993514,1.0660550458715592,1.0
BANANAS31/USDT,SHORT,0.00836,0.00831168,-0.6850961538461718,-0.707,SL,2026-06-29T01:03:05.969331+00:00,15m,2026-06-29 01:03:05.969331+00:00,1782694985969,0.5779904306220008,0.0
APR/USDT,LONG,0.2017,0.20340319999999998,-0.19685039370077936,-0.129,TSL,2026-06-29T01:02:42.215516+00:00,15m,2026-06-29 01:02:42.215516+00:00,1782694962215,0.8444224095190819,0.0
VIRTUAL/USDT,LONG,0.5348,0.53050305,-0.03738317757008933,-0.044,TP,2026-06-29T01:00:51.803284+00:00,15m,2026-06-29 01:00:51.803284+00:00,1782694851803,0.8034685863874489,1.0
BOME/USDT,SHORT,0.0004051,0.00040911,-1.0378057820607842,-0.952,SL,2026-06-29T00:41:28.150961+00:00,15m,2026-06-29 00:41:28.150961+00:00,1782693688150,0.989879042211809,0.0
RPL/USDT,SHORT,1.384,1.398094,-0.873998543335762,-0.478,SL,2026-06-29T00:41:18.641923+00:00,15m,2026-06-29 00:41:18.641923+00:00,1782693678641,1.018352601156073,0.0
BCH/USDT,SHORT,190.77,191.677085,-0.8362443103630849,-0.577,SL,2026-06-29T00:40:40.211366+00:00,15m,2026-06-29 00:40:40.211366+00:00,1782693640211,0.4754861875556927,1.0
ETC/USDT,SHORT,7.002,6.960032999999999,-0.947323094588786,-0.737,SL,2026-06-29T00:36:44.860377+00:00,15m,2026-06-29 00:36:44.860377+00:00,1782693404860,0.5993573264781566,1.0
1INCH/USDT,LONG,0.0677,0.0672989,-0.8784773060029332,-0.599,TP,2026-06-28T23:51:52.729836+00:00,15m,2026-06-28 23:51:52.729836+00:00,1782690712729,0.5924667651403271,0.0
LINEA/USDT,LONG,0.002276,0.00226859,-1.2237762237762346,-1.443,TP,2026-06-28T23:48:15.560272+00:00,15m,2026-06-28 23:48:15.560272+00:00,1782690495560,0.3255711775043847,1.0
PIPPIN/USDT,LONG,0.01695,0.016966949999999998,0.6489675516224129,0.218,SL,2026-06-28T23:39:21.325428+00:00,15m,2026-06-28 23:39:21.325428+00:00,1782689961325,0.09999999999998949,0.0
ETH/USDT,SHORT,1562.82,1572.29491,-0.6102978098806454,-0.5,TP,2026-06-28T22:58:08.240929+00:00,15m,2026-06-28 22:58:08.240929+00:00,1782687488240,0.6062700758884667,1.0
OP/USDT,SHORT,0.0991,0.10065075,-1.8237082066869401,-0.923,SL,2026-06-28T22:54:53.304631+00:00,15m,2026-06-28 22:54:53.304631+00:00,1782687293304,1.5648335015136263,1.0
XRP/USDT,SHORT,1.0337,1.04206075,-0.3966718266253863,-0.485,SL,2026-06-28T22:54:51.761181+00:00,15m,2026-06-28 22:54:51.761181+00:00,1782687291761,0.8088178388313851,1.0
VET/USDT,SHORT,0.004475,0.00452077,-1.6386083052749756,-1.11,SL,2026-06-28T22:54:28.211561+00:00,15m,2026-06-28 22:54:28.211561+00:00,1782687268211,1.0227932960893975,0.0
TRADOOR/USDT,SHORT,0.4171,0.4200291,-1.2247838616714681,-1.405,SL,2026-06-28T22:49:10.740910+00:00,15m,2026-06-28 22:49:10.740910+00:00,1782686950740,0.7022536561975454,1.0
ESP/USDT,SHORT,0.06622,0.06647957,-0.37942024586431966,-0.424,TP,2026-06-28T22:46:40.971705+00:00,15m,2026-06-28 22:46:40.971705+00:00,1782686800971,0.391981274539415,1.0
RARE/USDT,SHORT,0.01193,0.012018,0.25188916876574735,0.278,TP,2026-06-28T22:46:27.885786+00:00,15m,2026-06-28 22:46:27.885786+00:00,1782686787885,0.7376362112321839,1.0
CGPT/USDT,SHORT,0.0182,0.01836751,-1.2672176308540002,-1.057,SL,2026-06-28T22:19:30.362795+00:00,15m,2026-06-28 22:19:30.362795+00:00,1782685170362,0.9203846153846109,1.0
MTL/USDT,LONG,0.2352,0.23295005,-1.5651438240270765,-1.072,SL,2026-06-28T22:07:19.977586+00:00,15m,2026-06-28 22:07:19.977586+00:00,1782684439977,0.9566113945578233,1.0
AUCTION/USDT,SHORT,3.232,3.218778,-0.15518311607696753,-0.265,TP,2026-06-28T21:43:31.660308+00:00,15m,2026-06-28 21:43:31.660308+00:00,1782683011660,0.4090965346534743,1.0
PROMPT/USDT,SHORT,0.02191,0.02152845,-0.37122969837587105,-0.115,TP,2026-06-28T21:27:16.122221+00:00,15m,2026-06-28 21:27:16.122221+00:00,1782682036122,1.7414422638064715,1.0
TA/USDT,SHORT,0.07497,0.07554315,-0.9877202349172511,-1.188,SL,2026-06-28T21:27:14.570689+00:00,15m,2026-06-28 21:27:14.570689+00:00,1782682034570,0.7645058023209396,1.0
BCH/USDT,SHORT,191.38,192.037625,-5.488318248789732,-5.221,SL,2026-06-28T21:22:20.837888+00:00,15m,2026-06-28 21:22:20.837888+00:00,1782681740837,0.34362263559410383,1.0
PORTAL/USDT,SHORT,0.01238,0.01230768,-0.24350649350649767,-0.189,SL,2026-06-28T21:21:28.653336+00:00,15m,2026-06-28 21:21:28.653336+00:00,1782681688653,0.5841680129240768,1.0
RARE/USDT,SHORT,0.01203,0.01209812,-0.5862646566164206,-0.443,TP,2026-06-28T21:07:35.228404+00:00,15m,2026-06-28 21:07:35.228404+00:00,1782680855228,0.5662510390689912,0.0
CAKE/USDT,SHORT,1.3322,1.3253733,-0.37687495289063955,-0.526,SL,2026-06-28T21:02:54.669598+00:00,15m,2026-06-28 21:02:54.669598+00:00,1782680574669,0.5124380723615045,0.0
KAITO/USDT,SHORT,0.5739,0.57776535,-0.5584642233857054,-0.672,SL,2026-06-28T20:28:40.066936+00:00,15m,2026-06-28 20:28:40.066936+00:00,1782678520066,0.673523261892314,0.0
CAKE/USDT,SHORT,1.332,1.3289697,0.11275652108547372,0.246,TP,2026-06-28T19:23:30.694490+00:00,15m,2026-06-28 19:23:30.694490+00:00,1782674610694,0.2275000000000031,0.0
METIS/USDT,SHORT,2.758,2.696301,-0.8521674694331284,-0.215,SL,2026-06-28T19:23:27.194681+00:00,15m,2026-06-28 19:23:27.194681+00:00,1782674607194,2.2370920957215357,1.0
TNSR/USDT,SHORT,0.03493,0.03547313,-0.5649717514124373,-0.103,TP,2026-06-28T18:55:42.987596+00:00,15m,2026-06-28 18:55:42.987596+00:00,1782672942987,1.5549098196392666,1.0
TNSR/USDT,SHORT,0.03493,0.03547313,-0.7418397626112766,-0.141,TP,2026-06-28T18:44:23.566526+00:00,15m,2026-06-28 18:44:23.566526+00:00,1782672263566,1.5549098196392666,1.0
WAL/USDT,SHORT,0.03228,0.03209787,-0.3734827264239093,-0.28,SL,2026-06-28T18:43:39.426956+00:00,15m,2026-06-28 18:43:39.426956+00:00,1782672219426,0.5642193308550264,0.0
BANANA/USDT,SHORT,2.715,2.718279,0.4042631385520074,0.267,SL,2026-06-28T18:43:17.377689+00:00,15m,2026-06-28 18:43:17.377689+00:00,1782672197377,0.1207734806629846,0.0
PRL/USDT,LONG,0.1509,0.15195179999999997,-0.2635046113306876,-0.219,TSL,2026-06-28T18:21:22.540710+00:00,15m,2026-06-28 18:21:22.540710+00:00,1782670882540,0.6970178926441112,1.0
ASTR/USDT,LONG,0.005049,0.00501547,-1.1605035405192765,-0.861,TP,2026-06-28T18:21:18.595582+00:00,15m,2026-06-28 18:21:18.595582+00:00,1782670878595,0.6640918993860071,1.0
CFG/USDT,SHORT,0.2123,0.2089908,-0.2390057361376675,-0.072,SL,2026-06-28T18:08:09.149764+00:00,15m,2026-06-28 18:08:09.149764+00:00,1782670089149,1.558737635421566,0.0
TNSR/USDT,SHORT,0.03493,0.03547313,-0.41420118343195633,-0.084,TP,2026-06-28T18:07:53.452164+00:00,15m,2026-06-28 18:07:53.452164+00:00,1782670073452,1.5549098196392666,1.0
TNSR/USDT,SHORT,0.03493,0.03547313,-4.55351862803075,-0.932,TP,2026-06-28T17:56:09.042147+00:00,15m,2026-06-28 17:56:09.042147+00:00,1782669369042,1.5549098196392666,1.0
PIPPIN/USDT,SHORT,0.0165,0.01625373,-0.12292562999384872,-0.037,SL,2026-06-28T17:18:46.978898+00:00,15m,2026-06-28 17:18:46.978898+00:00,1782667126978,1.4925454545454533,1.0
STRK/USDT,SHORT,0.02908,0.02882115,-0.20797227036395502,-0.138,SL,2026-06-28T17:02:05.053257+00:00,15m,2026-06-28 17:02:05.053257+00:00,1782666125053,0.8901306740027559,0.0
CFG/USDT,SHORT,0.2123,0.2091906,-0.5253104106972254,-0.164,SL,2026-06-28T16:55:15.564242+00:00,15m,2026-06-28 16:55:15.564242+00:00,1782665715564,1.4646255299104967,0.0
OP/USDT,SHORT,0.1009,0.1017524,-1.4070351758793953,-0.622,TP,2026-06-28T16:40:13.044794+00:00,15m,2026-06-28 16:40:13.044794+00:00,1782664813044,0.8447968285431151,1.0
RPL/USDT,SHORT,1.386,1.3950895,-0.5090909090909015,-0.348,TP,2026-06-28T16:16:37.271079+00:00,15m,2026-06-28 16:16:37.271079+00:00,1782663397271,0.6558080808080949,0.0
CFG/USDT,SHORT,0.2123,0.21058919999999998,-0.0948766603415587,-0.038,TSL,2026-06-28T16:14:45.827112+00:00,15m,2026-06-28 16:14:45.827112+00:00,1782663285827,0.8058407913330252,0.0
TNSR/USDT,SHORT,0.03493,0.03452544,-0.2604166666666661,-0.099,SL,2026-06-28T16:14:01.426536+00:00,15m,2026-06-28 16:14:01.426536+00:00,1782663241426,1.1582021185227747,1.0
SIREN/USDT,SHORT,0.03742,0.03830738,-0.08023535704734487,-0.033,TP,2026-06-28T16:13:56.484362+00:00,15m,2026-06-28 16:13:56.484362+00:00,1782663236484,2.371405665419562,0.0
SCRT/USDT,SHORT,0.0503,0.05010984,-0.0398724082934593,-0.028,TSL,2026-06-28T16:09:50.765998+00:00,15m,2026-06-28 16:09:50.765998+00:00,1782662990765,0.3780516898608246,1.0
MERL/USDT,LONG,0.01924,0.019239219999999998,0.6243496357960384,0.365,SL,2026-06-28T15:53:14.346618+00:00,15m,2026-06-28 15:53:14.346618+00:00,1782661994346,0.004054054054066042,1.0
W/USDT,SHORT,0.00977,0.009730260000000001,0.0,0.0,TSL,2026-06-28T15:47:47.353075+00:00,15m,2026-06-28 15:47:47.353075+00:00,1782661667353,0.40675537359261194,0.0
BAS/USDT,SHORT,0.042929,0.04357927,-0.5770931260762281,-0.41,SL,2026-06-28T15:26:35.024324+00:00,15m,2026-06-28 15:26:35.024324+00:00,1782660395024,1.5147569242237213,0.0
SUI/USDT,SHORT,0.6855,0.68833095,-0.4536142815335077,-0.629,SL,2026-06-28T14:58:12.884073+00:00,15m,2026-06-28 14:58:12.884073+00:00,1782658692884,0.412975929978118,0.0
S/USDT,LONG,0.02722,0.026706679999999997,1.6491754122938511,0.734,SL,2026-06-28T14:57:47.420932+00:00,15m,2026-06-28 14:57:47.420932+00:00,1782658667420,1.8858192505510822,1.0
AEVO/USDT,LONG,0.01841,0.01848847,-0.05414185165132426,-0.023,TSL,2026-06-28T14:45:33.211915+00:00,15m,2026-06-28 14:45:33.211915+00:00,1782657933211,0.4262357414448703,1.0
GMT/USDT,LONG,0.00761,0.00755865,8.690012970168619,4.427,TP,2026-06-28T14:44:42.463081+00:00,15m,2026-06-28 14:44:42.463081+00:00,1782657882463,0.6747700394218067,0.0
TURTLE/USDT,LONG,0.03405,0.03419416,-0.02927400468384971,-0.017,SL,2026-06-28T14:43:18.306830+00:00,15m,2026-06-28 14:43:18.306830+00:00,1782657798306,0.42337738619678206,0.0
DOLO/USDT,LONG,0.023221,0.023343319999999997,-0.3430531732418534,-0.371,TSL,2026-06-28T14:43:16.864866+00:00,15m,2026-06-28 14:43:16.864866+00:00,1782657796864,0.5267645665561289,0.0
ONE/USDT,LONG,0.001242,0.00123115,-0.1606425702811284,-0.144,TP,2026-06-28T14:42:30.057135+00:00,15m,2026-06-28 14:42:30.057135+00:00,1782657750057,0.8735909822866317,0.0
SKL/USDT,LONG,0.00352,0.00350474,-0.36848072562358253,-0.559,SL,2026-06-28T14:34:11.869346+00:00,15m,2026-06-28 14:34:11.869346+00:00,1782657251869,0.4335227272727276,1.0
GWEI/USDT,SHORT,0.1559,0.15933765,10.615989515072096,2.404,SL,2026-06-28T14:32:17.991990+00:00,15m,2026-06-28 14:32:17.991990+00:00,1782657137991,2.205035279025007,0.0
BLESS/USDT,SHORT,0.007869,0.007905087,0.13901175281183614,0.095,SL,2026-06-28T14:16:44.294045+00:00,15m,2026-06-28 14:16:44.294045+00:00,1782656204294,0.4585970263057647,1.0
LINK/USDT,LONG,7.269,7.241122,-0.12349066959385759,-0.192,TP,2026-06-28T14:16:09.702461+00:00,15m,2026-06-28 14:16:09.702461+00:00,1782656169702,0.3835190535149304,1.0
PIPPIN/USDT,LONG,0.01662,0.01647525,-1.7772511848341124,-0.741,SL,2026-06-28T13:54:34.355248+00:00,15m,2026-06-28 13:54:34.355248+00:00,1782654874355,0.8709386281588392,0.0
TAKE/USDT,SHORT,0.01616,0.016043940000000003,0.0,0.0,TP,2026-06-28T13:53:14.201017+00:00,15m,2026-06-28 13:53:14.201017+00:00,1782654794201,0.7181930693069164,0.0
ASTER/USDT,LONG,0.6206,0.61817135,-0.3544956493715905,-0.906,SL,2026-06-28T13:35:43.071474+00:00,15m,2026-06-28 13:35:43.071474+00:00,1782653743071,0.3913390267483132,0.0
KMNO/USDT,LONG,0.01972,0.01982981,0.20191822311962832,0.069,SL,2026-06-28T13:31:52.372057+00:00,15m,2026-06-28 13:31:52.372057+00:00,1782653512372,0.5568458417849816,0.0
FHE/USDT,SHORT,0.01946,0.019440540000000003,-0.3641713990707504,-0.283,SL,2026-06-28T13:03:31.287095+00:00,15m,2026-06-28 13:03:31.287095+00:00,1782651811287,0.09999999999999445,1.0
THETA/USDT,LONG,0.1325,0.1326325,-0.07690298507464267,-0.036,TP,2026-06-28T13:01:56.624750+00:00,15m,2026-06-28 13:01:56.624750+00:00,1782651716624,0.0999999999999848,1.0
SKL/USDT,LONG,0.00352,0.0035265229999999997,-0.4541583877377222,-0.566,TSL,2026-06-28T11:58:17.749535+00:00,15m,2026-06-28 11:58:17.749535+00:00,1782647897749,0.18531249999998858,1.0
DOLO/USDT,LONG,0.023201,0.023393369999999997,-0.5562687205819349,-0.356,TSL,2026-06-28T11:55:47.462212+00:00,15m,2026-06-28 11:55:47.462212+00:00,1782647747462,0.8291452954613908,0.0
SPK/USDT,SHORT,0.01714,0.01697301,-0.8828722778104611,-0.544,SL,2026-06-28T11:23:02.373118+00:00,15m,2026-06-28 11:23:02.373118+00:00,1782645782373,0.9742707117852906,0.0
GWEI/USDT,SHORT,0.139001,0.1361637,-0.07336757153337416,-0.01,TSL,2026-06-28T11:21:57.210784+00:00,15m,2026-06-28 11:21:57.210784+00:00,1782645717210,2.041208336630682,0.0
MTL/USDT,SHORT,0.2393,0.23806170000000001,0.29374737725556277,0.071,SL,2026-06-28T11:21:41.100166+00:00,15m,2026-06-28 11:21:41.100166+00:00,1782645701100,0.5174676138737977,0.0
PTB/USDT,LONG,0.0004808,0.00048298249999999997,-0.3108808290155516,-0.414,TSL,2026-06-28T11:21:19.102549+00:00,15m,2026-06-28 11:21:19.102549+00:00,1782645679102,0.4539309484193001,0.0
SPK/USDT,SHORT,0.01714,0.01701297,-0.1761597181444438,-0.127,TP,2026-06-28T11:02:59.918844+00:00,15m,2026-06-28 11:02:59.918844+00:00,1782644579918,0.7411318553092193,0.0
MANTRA/USDT,LONG,0.00668,0.006704697999999999,0.029859659599884528,0.026,SL,2026-06-28T10:55:05.562932+00:00,15m,2026-06-28 10:55:05.562932+00:00,1782644105562,0.3697305389221439,1.0
ACU/USDT,LONG,0.08488,0.08398384,-1.60534333255214,-1.01,SL,2026-06-28T10:43:59.365160+00:00,15m,2026-06-28 10:43:59.365160+00:00,1782643439365,1.0557964184731305,1.0
SPK/USDT,SHORT,0.01714,0.01726586,-0.23501762632196455,-0.163,TP,2026-06-28T10:41:16.294981+00:00,15m,2026-06-28 10:41:16.294981+00:00,1782643276294,0.7343057176196146,0.0
KMNO/USDT,LONG,0.01966,0.019759739999999998,-0.5065856129685886,-0.627,TP,2026-06-28T10:34:47.830433+00:00,15m,2026-06-28 10:34:47.830433+00:00,1782642887830,0.5073245167853381,0.0
ZK/USDT,SHORT,0.01015,0.010099889999999999,-0.19782393669634935,-0.21,TP,2026-06-28T10:17:54.693643+00:00,15m,2026-06-28 10:17:54.693643+00:00,1782641874693,0.4936945812807959,1.0
PENGU/USDT,SHORT,0.006238,0.006200793,-0.12888674077654574,-0.142,TP,2026-06-28T10:13:30.862554+00:00,15m,2026-06-28 10:13:30.862554+00:00,1782641610862,0.5964571978198147,0.0
PROVE/USDT,SHORT,0.1914,0.1902096,-0.630252100840325,-0.575,TP,2026-06-28T10:12:50.687307+00:00,15m,2026-06-28 10:12:50.687307+00:00,1782641570687,0.6219435736677015,0.0
4/USDT,SHORT,0.00873,0.008688303,0.22996435552488426,0.172,SL,2026-06-28T10:12:24.658593+00:00,15m,2026-06-28 10:12:24.658593+00:00,1782641544658,0.4776288659793845,1.0
ACU/USDT,LONG,0.08488,0.08561552999999998,-0.23383608090727448,-0.129,TSL,2026-06-28T10:00:20.877349+00:00,15m,2026-06-28 10:00:20.877349+00:00,1782640820877,0.8665527803958344,1.0
FLUID/USDT,SHORT,0.906,0.911365,-0.6703910614525146,-0.367,TP,2026-06-28T09:58:45.849329+00:00,15m,2026-06-28 09:58:45.849329+00:00,1782640725849,0.5921633554083834,0.0
MYX/USDT,SHORT,0.1043,0.1015983,-0.5899705014749296,-0.08,TSL,2026-06-28T09:56:49.047999+00:00,15m,2026-06-28 09:56:49.047999+00:00,1782640609047,2.5903163950143826,0.0
SOL/USDT,LONG,71.042,71.870799,-0.1323138205267665,-0.063,TSL,2026-06-28T09:18:51.669285+00:00,15m,2026-06-28 09:18:51.669285+00:00,1782638331669,1.1666324146279716,0.0
A/USDT,LONG,0.0605,0.05998988,-1.4940075521260894,-0.989,SL,2026-06-28T09:14:29.159784+00:00,15m,2026-06-28 09:14:29.159784+00:00,1782638069159,0.8431735537190014,1.0
FHE/USDT,LONG,0.01963,0.01935093,-0.0509424350484109,-0.036,SL,2026-06-28T09:12:35.824003+00:00,15m,2026-06-28 09:12:35.824003+00:00,1782637955824,1.4216505348955821,0.0
SQD/USDT,LONG,0.03395,0.03436433,-0.6699679580541831,-0.302,TSL,2026-06-28T08:59:57.553179+00:00,15m,2026-06-28 08:59:57.553179+00:00,1782637197553,1.2204123711340131,0.0
UMA/USDT,LONG,0.3861,0.38688649999999997,-0.10349288486416854,-0.271,TSL,2026-06-28T08:58:45.294085+00:00,15m,2026-06-28 08:58:45.294085+00:00,1782637125294,0.20370370370369537,0.0
SKL/USDT,LONG,0.00354,0.00349475,-0.9906594961788935,-0.915,SL,2026-06-28T08:57:44.865268+00:00,15m,2026-06-28 08:57:44.865268+00:00,1782637064865,1.2782485875706258,1.0
LTC/USDT,LONG,42.92,43.002959999999995,0.23277467411545955,0.171,SL,2026-06-28T08:50:02.790045+00:00,15m,2026-06-28 08:50:02.790045+00:00,1782636602790,0.1932898415656869,1.0
ALT/USDT,LONG,0.00578,0.00575136,-0.7765314926660898,-1.031,SL,2026-06-28T08:46:13.286814+00:00,15m,2026-06-28 08:46:13.286814+00:00,1782636373286,0.49550173010381976,1.0
APE/USDT,SHORT,0.1402,0.1386612,0.0,0.0,TSL,2026-06-28T08:27:39.439196+00:00,15m,2026-06-28 08:27:39.439196+00:00,1782635259439,1.097574893009971,1.0
TNSR/USDT,SHORT,0.03541,0.03569346,0.19723865877712207,0.344,SL,2026-06-28T08:27:30.254399+00:00,15m,2026-06-28 08:27:30.254399+00:00,1782635250254,0.8005083309799668,1.0
ENJ/USDT,SHORT,0.02988,0.029660310000000002,-0.20208824520039592,-0.16,SL,2026-06-28T08:22:13.202058+00:00,15m,2026-06-28 08:22:13.202058+00:00,1782634933202,0.7352409638554153,0.0
SAPIEN/USDT,LONG,0.07612,0.07484756,-2.1193092621664005,-1.017,SL,2026-06-28T08:19:29.683665+00:00,15m,2026-06-28 08:19:29.683665+00:00,1782634769683,1.6716237519705726,0.0
KMNO/USDT,LONG,0.01947,0.01935093,0.25510204081633386,0.201,SL,2026-06-28T07:58:49.020268+00:00,15m,2026-06-28 07:58:49.020268+00:00,1782633529020,0.6115562403698118,0.0
AIN/USDT,SHORT,0.0792,0.08076096,-1.2010848508330108,-0.279,TP,2026-06-28T07:55:52.692136+00:00,15m,2026-06-28 07:55:52.692136+00:00,1782633352692,1.970909090909091,0.0
SAFE/USDT,SHORT,0.0861,0.08601389999999999,-0.23228803716609261,-0.15,TP,2026-06-28T07:40:42.995160+00:00,15m,2026-06-28 07:40:42.995160+00:00,1782632442995,0.10000000000000653,1.0
LINK/USDT,LONG,7.28,7.293285999999998,-0.05489980785066648,-0.089,TSL,2026-06-28T07:22:10.675862+00:00,15m,2026-06-28 07:22:10.675862+00:00,1782631330675,0.18249999999997435,1.0
KAVA/USDT,LONG,0.0434,0.043653609999999995,-0.1605136436597125,-0.147,TSL,2026-06-28T07:20:07.386463+00:00,15m,2026-06-28 07:20:07.386463+00:00,1782631207386,0.5843548387096645,0.0
ALT/USDT,LONG,0.00573,0.00568147,-0.3973738769868622,-0.216,TP,2026-06-28T07:01:59.311075+00:00,15m,2026-06-28 07:01:59.311075+00:00,1782630119311,0.8469458987783552,1.0
GLM/USDT,SHORT,0.10087,0.09975015,-0.14021031547321106,-0.038,SL,2026-06-28T06:43:00.498143+00:00,15m,2026-06-28 06:43:00.498143+00:00,1782628980498,1.1101913353821806,0.0
CC/USDT,LONG,0.15238,0.15187185,-0.5867396831605789,-0.593,SL,2026-06-28T06:42:32.542795+00:00,15m,2026-06-28 06:42:32.542795+00:00,1782628952542,0.33347552172200096,1.0
SPK/USDT,SHORT,0.01715,0.0172258,-0.29308323563892985,-0.302,SL,2026-06-28T06:27:10.789470+00:00,15m,2026-06-28 06:27:10.789470+00:00,1782628030789,0.44198250728863486,1.0
MOVE/USDT,SHORT,0.01117,0.01136703,-1.5219337511190691,-0.863,SL,2026-06-28T06:23:53.498676+00:00,15m,2026-06-28 06:23:53.498676+00:00,1782627833498,1.7639212175470085,0.0
AWE/USDT,SHORT,0.062619,0.06161832,-0.9403372243839238,-0.359,TP,2026-06-28T05:55:07.230123+00:00,15m,2026-06-28 05:55:07.230123+00:00,1782626107230,1.5980453217074642,0.0
CARV/USDT,SHORT,0.03623,0.03683517,-0.33231791747437023,-0.165,TP,2026-06-28T05:42:44.321530+00:00,15m,2026-06-28 05:42:44.321530+00:00,1782625364321,1.6703560585150485,1.0
PROMPT/USDT,SHORT,0.02187,0.02174823,-0.13780431786862093,-0.11,TSL,2026-06-28T05:36:28.235205+00:00,15m,2026-06-28 05:36:28.235205+00:00,1782624988235,0.556790123456791,0.0
SUSHI/USDT,SHORT,0.1512,0.1504494,-0.06640106241699135,-0.055,TSL,2026-06-28T05:23:56.435640+00:00,15m,2026-06-28 05:23:56.435640+00:00,1782624236435,0.49642857142856495,0.0
CHR/USDT,SHORT,0.01482,0.014735249999999998,0.13559322033897753,0.09,TSL,2026-06-28T05:23:09.978041+00:00,15m,2026-06-28 05:23:09.978041+00:00,1782624189978,0.5718623481781477,0.0
BOME/USDT,SHORT,0.0004007,0.00039969990000000003,0.2249437640589907,0.214,SL,2026-06-28T05:20:50.360856+00:00,15m,2026-06-28 05:20:50.360856+00:00,1782624050360,0.24958822061391314,0.0
CGPT/USDT,SHORT,0.01832,0.01840757,-0.10928961748633435,-0.186,TP,2026-06-28T05:17:27.471556+00:00,15m,2026-06-28 05:17:27.471556+00:00,1782623847471,0.47800218340612494,1.0
ORDER/USDT,SHORT,0.0346,0.03450546,0.37637521713954303,0.416,TP,2026-06-28T05:17:18.011281+00:00,15m,2026-06-28 05:17:18.011281+00:00,1782623838011,0.2732369942196449,1.0
PUMP/USDT,LONG,0.001404,0.0014164149999999999,-0.28268551236749806,-0.073,SL,2026-06-28T05:17:12.777720+00:00,15m,2026-06-28 05:17:12.777720+00:00,1782623832777,0.8842592592592435,1.0
NOT/USDT,SHORT,0.0003818,0.0003805191,0.026253609871357952,0.022,TSL,2026-06-28T05:17:07.176835+00:00,15m,2026-06-28 05:17:07.176835+00:00,1782623827176,0.3354897852278742,1.0
BIGTIME/USDT,SHORT,0.00749,0.00752127,-0.5369127516778538,-0.561,TP,2026-06-28T05:16:42.918636+00:00,15m,2026-06-28 05:16:42.918636+00:00,1782623802918,0.41748998664886394,0.0
TURBO/USDT,LONG,0.0008147,0.00081108,-0.3052875809012097,-0.32,TP,2026-06-28T05:03:38.812624+00:00,15m,2026-06-28 05:03:38.812624+00:00,1782623018812,0.4443353381612825,1.0
BANK/USDT,SHORT,0.037031,0.03698298,0.2971366828741194,0.423,TP,2026-06-28T04:58:28.277797+00:00,15m,2026-06-28 04:58:28.277797+00:00,1782622708277,0.12967513704734623,1.0
PUMP/USDT,LONG,0.001404,0.001429428,0.0,0.0,TSL,2026-06-28T04:56:41.240906+00:00,15m,2026-06-28 04:56:41.240906+00:00,1782622601240,1.8111111111111016,1.0
RESOLV/USDT,SHORT,0.0203,0.02048068,-1.388888888888884,-0.873,SL,2026-06-28T04:54:40.411011+00:00,15m,2026-06-28 04:54:40.411011+00:00,1782622480411,0.8900492610837563,1.0
BTW/USDT,SHORT,0.070093,0.06970023,-0.04299842339114555,-0.006,TSL,2026-06-28T04:41:36.814071+00:00,15m,2026-06-28 04:41:36.814071+00:00,1782621696814,0.5603555276561148,1.0
CAKE/USDT,LONG,1.3185,1.31232855,-0.6668182162612821,-1.194,SL,2026-06-28T04:20:08.288508+00:00,15m,2026-06-28 04:20:08.288508+00:00,1782620408288,0.4680659840728159,1.0
ACE/USDT,SHORT,0.0733,0.07361025,-1.729146493290913,-0.947,SL,2026-06-28T03:59:40.661689+00:00,15m,2026-06-28 03:59:40.661689+00:00,1782619180661,0.42326057298771896,1.0
WOO/USDT,SHORT,0.011,0.01103653,-0.9140767824497202,-1.036,SL,2026-06-28T03:51:27.615625+00:00,15m,2026-06-28 03:51:27.615625+00:00,1782618687615,0.33209090909090816,1.0
AKE/USDT,SHORT,0.0003606,0.0003542454,-0.9024252679075081,-0.233,TSL,2026-06-28T03:37:19.006292+00:00,15m,2026-06-28 03:37:19.006292+00:00,1782617839006,1.7622296173044818,1.0
FHE/USDT,SHORT,0.01952,0.01950048,0.0,0.0,TSL,2026-06-28T03:19:47.686845+00:00,15m,2026-06-28 03:19:47.686845+00:00,1782616787686,0.09999999999999265,1.0
SOL/USDT,LONG,70.899,70.579971,-0.4497455201680591,-0.914,SL,2026-06-28T03:19:33.418776+00:00,15m,2026-06-28 03:19:33.418776+00:00,1782616773418,0.44997672745736955,0.0
GIGGLE/USDT,LONG,25.06,25.155129999999996,-0.23875845602864595,-0.304,TSL,2026-06-28T03:03:43.696464+00:00,15m,2026-06-28 03:03:43.696464+00:00,1782615823696,0.37960893854747607,0.0
GOAT/USDT,SHORT,0.01275,0.01286928,-1.1764705882353006,-1.258,SL,2026-06-28T02:59:34.234160+00:00,15m,2026-06-28 02:59:34.234160+00:00,1782615574234,0.9355294117647147,1.0
WLFI/USDT,SHORT,0.0582,0.057612329999999996,-0.7456216403676086,-0.469,TP,2026-06-28T02:59:19.188206+00:00,15m,2026-06-28 02:59:19.188206+00:00,1782615559188,1.0097422680412464,0.0
MAVIA/USDT,SHORT,0.0282,0.02795202,-0.39313795568262677,-0.219,SL,2026-06-28T02:47:33.084094+00:00,15m,2026-06-28 02:47:33.084094+00:00,1782614853084,0.8793617021276537,0.0
STORJ/USDT,LONG,0.0761,0.0730902,-4.057591623036638,-0.937,SL,2026-06-28T02:46:44.871354+00:00,15m,2026-06-28 02:46:44.871354+00:00,1782614804871,3.9550591327201143,1.0
F/USDT,SHORT,0.003373,0.0033436530000000002,-0.6871825515386919,-0.389,SL,2026-06-28T02:41:53.302969+00:00,15m,2026-06-28 02:41:53.302969+00:00,1782614513302,0.870056329676842,0.0
FHE/USDT,LONG,0.01943,0.019639619999999997,0.0,0.0,TSL,2026-06-28T02:19:45.207388+00:00,15m,2026-06-28 02:19:45.207388+00:00,1782613185207,1.0788471435923683,0.0
CC/USDT,LONG,0.15343,0.15274055,-0.6376057254391728,-1.021,SL,2026-06-28T02:19:17.446985+00:00,15m,2026-06-28 02:19:17.446985+00:00,1782613157446,0.4493580134263235,1.0
AERO/USDT,SHORT,0.4647,0.46343609999999996,0.19400732916575908,0.17,SL,2026-06-28T02:04:22.315462+00:00,15m,2026-06-28 02:04:22.315462+00:00,1782612262315,0.2719819238218292,1.0
AT/USDT,SHORT,0.1482,0.14705279999999998,-0.40760869565216673,-0.348,TP,2026-06-28T01:58:19.107605+00:00,15m,2026-06-28 01:58:19.107605+00:00,1782611899107,0.774089068825921,1.0
AVNT/USDT,LONG,0.0942,0.09335975,13.894736842105265,8.048,TP,2026-06-28T01:58:03.495253+00:00,15m,2026-06-28 01:58:03.495253+00:00,1782611883495,0.891985138004247,0.0
TA/USDT,SHORT,0.07121,0.07177751,-1.908016517157901,-0.866,SL,2026-06-28T01:46:59.704692+00:00,15m,2026-06-28 01:46:59.704692+00:00,1782611219704,0.7969526751860795,1.0
FLUID/USDT,SHORT,0.909,0.906093,0.11025358324145544,0.081,SL,2026-06-28T01:19:32.243702+00:00,15m,2026-06-28 01:19:32.243702+00:00,1782609572243,0.319801980198019,0.0
SPK/USDT,SHORT,0.01714,0.01730592,-1.3064133016626958,-0.472,TP,2026-06-28T01:16:06.556953+00:00,15m,2026-06-28 01:16:06.556953+00:00,1782609366556,0.9680280046674443,1.0
TNSR/USDT,SHORT,0.03542,0.03517479,-0.056802044873613136,-0.036,TSL,2026-06-28T01:15:51.278057+00:00,15m,2026-06-28 01:15:51.278057+00:00,1782609351278,0.6922924901185845,1.0
G/USDT,SHORT,0.003099,0.0030919050000000003,-0.193861066235862,-0.34,SL,2026-06-28T01:01:17.629481+00:00,15m,2026-06-28 01:01:17.629481+00:00,1782608477629,0.2289448209099687,1.0
AIOT/USDT,LONG,0.05004,0.04976524,-0.6762132060461417,-0.661,SL,2026-06-28T00:55:28.084928+00:00,15m,2026-06-28 00:55:28.084928+00:00,1782608128084,0.5490807354116685,0.0
KMNO/USDT,LONG,0.01949,0.019619599999999997,-0.4081632653061235,-0.297,TSL,2026-06-28T00:23:18.107504+00:00,15m,2026-06-28 00:23:18.107504+00:00,1782606198107,0.6649563878912113,0.0
BTC/USDT,LONG,60103.4,60192.73259999999,0.029933846199898227,0.075,SL,2026-06-28T00:23:09.619578+00:00,15m,2026-06-28 00:23:09.619578+00:00,1782606189619,0.14863152500521934,1.0
IRYS/USDT,LONG,0.01595,0.01535693,-1.3282732447817953,-0.464,SL,2026-06-28T00:21:44.182024+00:00,15m,2026-06-28 00:21:44.182024+00:00,1782606104182,3.718307210031344,1.0
SIGN/USDT,LONG,0.0084,0.008467458999999998,-0.17732592505023514,-0.123,TSL,2026-06-28T00:17:42.706309+00:00,15m,2026-06-28 00:17:42.706309+00:00,1782605862706,0.80308333333332,1.0
ZEREBRO/USDT,LONG,0.03592,0.036047011,0.1638388270250661,0.176,TP,2026-06-27T23:56:10.271313+00:00,15m,2026-06-27 23:56:10.271313+00:00,1782604570271,0.35359409799553543,0.0
HMSTR/USDT,LONG,0.0001833,0.00018183,-0.3808487486398204,-0.355,SL,2026-06-27T23:40:03.945826+00:00,15m,2026-06-27 23:40:03.945826+00:00,1782603603945,0.8019639934533539,1.0
STORJ/USDT,SHORT,0.0727,0.07320965,-1.2430939226519309,-1.112,SL,2026-06-27T23:35:15.701619+00:00,15m,2026-06-27 23:35:15.701619+00:00,1782603315701,0.7010316368638245,0.0
MAVIA/USDT,SHORT,0.02793,0.02782215,-0.4667863554757689,-0.445,TSL,2026-06-27T23:35:01.497004+00:00,15m,2026-06-27 23:35:01.497004+00:00,1782603301497,0.3861439312567118,0.0
SFP/USDT,SHORT,0.2116,0.20988990000000002,-0.7139457401237512,-0.552,SL,2026-06-27T23:34:45.924572+00:00,15m,2026-06-27 23:34:45.924572+00:00,1782603285924,0.8081758034026427,1.0
FET/USDT,LONG,0.1728,0.17377359999999997,-0.40322580645161643,-0.398,TSL,2026-06-27T22:54:21.452347+00:00,15m,2026-06-27 22:54:21.452347+00:00,1782600861452,0.5634259259259047,1.0
CELO/USDT,SHORT,0.0629,0.06323471,-0.3519436890097552,-0.304,TP,2026-06-27T22:38:28.625533+00:00,15m,2026-06-27 22:38:28.625533+00:00,1782599908625,0.5321303656597806,0.0
TWT/USDT,LONG,0.3507,0.34897575,-0.5696382796923958,-0.942,SL,2026-06-27T22:37:56.460588+00:00,15m,2026-06-27 22:37:56.460588+00:00,1782599876460,0.49165953806673457,0.0
POLYX/USDT,SHORT,0.03529,0.034984980000000006,-0.39977155910906426,-0.244,SL,2026-06-27T22:27:24.747715+00:00,15m,2026-06-27 22:27:24.747715+00:00,1782599244747,0.8643241711532902,0.0
JASMY/USDT,SHORT,0.00446,0.004437557999999999,-0.38271049076993524,-0.342,TSL,2026-06-27T22:14:39.289758+00:00,15m,2026-06-27 22:14:39.289758+00:00,1782598479289,0.5031838565022643,0.0
BABY/USDT,SHORT,0.01298,0.01303953,-0.23166023166023564,-0.335,TP,2026-06-27T22:06:29.166126+00:00,15m,2026-06-27 22:06:29.166126+00:00,1782597989166,0.4586286594761198,0.0
SFP/USDT,SHORT,0.2119,0.2096901,-0.8575512148642191,-0.497,TP,2026-06-27T21:52:58.108851+00:00,15m,2026-06-27 21:52:58.108851+00:00,1782597178108,1.0428975932043485,1.0
GMX/USDT,SHORT,5.401,5.4471585,-1.3619402985074536,-0.838,SL,2026-06-27T21:52:27.255689+00:00,15m,2026-06-27 21:52:27.255689+00:00,1782597147255,0.8546287724495422,0.0
CHR/USDT,SHORT,0.01469,0.01457541,-0.6168608636052076,-0.372,TP,2026-06-27T21:52:18.619946+00:00,15m,2026-06-27 21:52:18.619946+00:00,1782597138619,0.7800544588155173,0.0
EDU/USDT,SHORT,0.0282,0.0284426,-1.5641663704230462,-1.408,SL,2026-06-27T21:51:59.952440+00:00,15m,2026-06-27 21:51:59.952440+00:00,1782597119952,0.8602836879432592,1.0
STORJ/USDT,SHORT,0.0727,0.0731095,-0.6925207756232693,-0.55,TP,2026-06-27T21:51:29.213803+00:00,15m,2026-06-27 21:51:29.213803+00:00,1782597089213,0.5632737276478587,0.0
BOME/USDT,SHORT,0.0003986,0.0004025,-1.0812169977369868,-0.896,SL,2026-06-27T21:50:59.775003+00:00,15m,2026-06-27 21:50:59.775003+00:00,1782597059775,0.9784244856999601,0.0
2Z/USDT,SHORT,0.06382,0.06331662,-0.23666771852318924,-0.184,TP,2026-06-27T21:46:07.529902+00:00,15m,2026-06-27 21:46:07.529902+00:00,1782596767529,0.788749608273265,1.0
EPIC/USDT,LONG,0.4489,0.4469286,-0.35650623885917787,-0.855,SL,2026-06-27T21:32:00.384001+00:00,15m,2026-06-27 21:32:00.384001+00:00,1782595920384,0.4391623969703747,0.0
CC/USDT,LONG,0.15258,0.15341326,-0.24794466918962496,-0.3,TSL,2026-06-27T21:30:51.471896+00:00,15m,2026-06-27 21:30:51.471896+00:00,1782595851471,0.546113514222049,1.0
ARB/USDT,LONG,0.0741,0.07378915,-1.6328156113102283,-0.798,SL,2026-06-27T21:30:27.639205+00:00,15m,2026-06-27 21:30:27.639205+00:00,1782595827639,0.41950067476383457,0.0
CAKE/USDT,LONG,1.3332,1.3298023,-0.4415506660679551,-0.922,SL,2026-06-27T21:29:59.580080+00:00,15m,2026-06-27 21:29:59.580080+00:00,1782595799580,0.25485298529851763,1.0
PIPPIN/USDT,LONG,0.01651,0.016606589999999997,-0.060277275467146424,-0.036,TSL,2026-06-27T21:01:06.195356+00:00,15m,2026-06-27 21:01:06.195356+00:00,1782594066195,0.5850393700787225,0.0
CC/USDT,LONG,0.15222,0.15291275999999998,-0.13747054202671885,-0.149,TSL,2026-06-27T20:54:04.100579+00:00,15m,2026-06-27 20:54:04.100579+00:00,1782593644100,0.4551044540796129,0.0
PUMP/USDT,LONG,0.001376,0.0014014,-0.5000000000000044,-0.155,TSL,2026-06-27T20:53:55.897384+00:00,15m,2026-06-27 20:53:55.897384+00:00,1782593635897,1.845930232558129,1.0
TA/USDT,SHORT,0.07271,0.07145847,-0.055920592758280964,-0.012,TSL,2026-06-27T20:35:25.981057+00:00,15m,2026-06-27 20:35:25.981057+00:00,1782592525981,1.7212625498555918,1.0
CC/USDT,LONG,0.152,0.15292276999999999,-0.36001832820579627,-0.375,TSL,2026-06-27T20:27:22.539817+00:00,15m,2026-06-27 20:27:22.539817+00:00,1782592042539,0.6070855263157825,0.0
B/USDT,LONG,0.2324,0.2340338,-0.5132591958939292,-0.534,TSL,2026-06-27T20:13:35.523443+00:00,15m,2026-06-27 20:13:35.523443+00:00,1782591215523,0.7030120481927671,1.0
ESPORTS/USDT,SHORT,0.0305,0.030149819999999997,-0.7289595758780697,-0.254,TSL,2026-06-27T20:12:09.941513+00:00,15m,2026-06-27 20:12:09.941513+00:00,1782591129941,1.14813114754099,0.0
LA/USDT,SHORT,0.06406,0.0646969,-0.6562500000000058,-0.603,SL,2026-06-27T20:09:43.458435+00:00,15m,2026-06-27 20:09:43.458435+00:00,1782590983458,0.9942241648454508,1.0
WLFI/USDT,SHORT,0.05802,0.05752242,-0.7294199374782975,-0.331,SL,2026-06-27T19:48:23.981549+00:00,15m,2026-06-27 19:48:23.981549+00:00,1782589703981,0.8576008273009382,0.0
CHR/USDT,SHORT,0.01449,0.01468199,-0.6906077348066256,-0.495,SL,2026-06-27T19:44:54.438300+00:00,15m,2026-06-27 19:44:54.438300+00:00,1782589494438,1.324982746721886,0.0
TNSR/USDT,SHORT,0.03561,0.03537459,-0.2541654899745829,-0.179,TP,2026-06-27T19:41:47.162354+00:00,15m,2026-06-27 19:41:47.162354+00:00,1782589307162,0.661078348778448,1.0
YGG/USDT,SHORT,0.02241,0.0226339,-1.4738722644037536,-1.353,SL,2026-06-27T19:41:28.913877+00:00,15m,2026-06-27 19:41:28.913877+00:00,1782589288913,0.999107541276212,0.0
MAVIA/USDT,SHORT,0.0282,0.02819178,0.9922041105598831,0.497,SL,2026-06-27T19:40:32.326247+00:00,15m,2026-06-27 19:40:32.326247+00:00,1782589232326,0.029148936170211897,0.0
CC/USDT,LONG,0.15183,0.15140255,-2.1848960041991994,-3.305,SL,2026-06-27T19:23:51.966671+00:00,15m,2026-06-27 19:23:51.966671+00:00,1782588231966,0.2815319765527207,0.0
GENIUS/USDT,SHORT,0.3901,0.39148635,-0.10317255610008033,-0.106,TP,2026-06-27T19:18:51.245020+00:00,15m,2026-06-27 19:18:51.245020+00:00,1782587931245,0.35538323506792635,1.0
TAKE/USDT,SHORT,0.01613,0.01606392,0.12437810945273124,0.13,TP,2026-06-27T19:18:37.177714+00:00,15m,2026-06-27 19:18:37.177714+00:00,1782587917177,0.40967141971481474,0.0
MTL/USDT,LONG,0.2348,0.2350348,-0.6756756756756832,-0.508,TP,2026-06-27T19:02:02.153020+00:00,15m,2026-06-27 19:02:02.153020+00:00,1782586922153,0.09999999999999123,1.0
INX/USDT,SHORT,0.008245,0.007981011,-0.31293027913381793,-0.045,SL,2026-06-27T18:54:58.178132+00:00,15m,2026-06-27 18:54:58.178132+00:00,1782586498178,3.2018071558520425,1.0
RUNE/USDT,SHORT,0.4003,0.39989969999999997,-0.6314725940894171,-0.352,TP,2026-06-27T18:49:54.281133+00:00,15m,2026-06-27 18:49:54.281133+00:00,1782586194281,0.10000000000000502,1.0
MMT/USDT,LONG,0.1874,0.18622025,-0.4201680672269028,-0.191,TP,2026-06-27T18:35:01.404956+00:00,15m,2026-06-27 18:35:01.404956+00:00,1782585301404,0.6295357524012845,0.0
INX/USDT,SHORT,0.008245,0.007992,-0.17500000000000154,-0.026,TSL,2026-06-27T18:33:02.646543+00:00,15m,2026-06-27 18:33:02.646543+00:00,1782585182646,3.068526379624011,1.0
ALICE/USDT,SHORT,0.1388,0.13606379999999998,-0.9545,-0.381,TSL,2026-06-21T23:43:43.487646+00:00,15m,2026-06-21 23:43:43.487646+00:00,1782085423487,1.9713256484150015,0.0
SWARMS/USDT,SHORT,0.00763,0.00766148,-1.1817221341785564,-1.0,SL,2026-06-21T23:42:03.743719+00:00,15m,2026-06-21 23:42:03.743719+00:00,1782085323743,0.4125819134993499,0.0
POPCAT/USDT,LONG,0.04715,0.04667988,-0.1279,-0.25,SL,2026-06-21T23:36:56.708039+00:00,15m,2026-06-21 23:36:56.708039+00:00,1782085016708,0.9970731707317021,1.0
ESP/USDT,LONG,0.06184,0.06230223999999999,-0.1767,-0.174,TSL,2026-06-21T23:07:37.793569+00:00,15m,2026-06-21 23:07:37.793569+00:00,1782083257793,0.7474773609314178,0.0
XPIN/USDT,LONG,0.0013124,0.001315314,-0.22831050228310232,-0.431,SL,2026-06-21T23:07:25.740389+00:00,15m,2026-06-21 23:07:25.740389+00:00,1782083245740,0.22203596464491857,0.0
PORTAL/USDT,LONG,0.01486,0.01479777,-0.269,-0.554,SL,2026-06-21T23:07:07.322556+00:00,15m,2026-06-21 23:07:07.322556+00:00,1782083227322,0.41877523553162804,1.0
SUPER/USDT,LONG,0.0971,0.0976976,-0.5123,-0.478,TSL,2026-06-21T23:07:04.604285+00:00,15m,2026-06-21 23:07:04.604285+00:00,1782083224604,0.6154479917610606,0.0
HOLO/USDT,LONG,0.06715,0.0666998,-0.580357142857145,-0.78,SL,2026-06-21T23:06:52.721298+00:00,15m,2026-06-21 23:06:52.721298+00:00,1782083212721,0.6704393149664897,0.0
MANTA/USDT,LONG,0.07967,0.08005997999999999,-0.13753438359589773,-0.187,SL,2026-06-21T23:06:39.550558+00:00,15m,2026-06-21 23:06:39.550558+00:00,1782083199550,0.4894941634241047,1.0
ZKC/USDT,LONG,0.0485,0.04877873,-0.3489,-0.422,TSL,2026-06-21T23:06:37.190568+00:00,15m,2026-06-21 23:06:37.190568+00:00,1782083197190,0.5747010309278306,1.0
SUPER/USDT,SHORT,0.0975,0.096903,-0.6186,-0.481,TSL,2026-06-21T22:52:54.436150+00:00,15m,2026-06-21 22:52:54.436150+00:00,1782082374436,0.6123076923076927,1.0
BTW/USDT,LONG,0.08061,0.090781152,13.5336,6.66,TSL,2026-06-21T22:50:02.193319+00:00,15m,2026-06-21 22:50:02.193319+00:00,1782082202193,12.617729810197249,1.0
SEI/USDT,SHORT,0.0546,0.05478205,-0.7375991148810577,-0.725,SL,2026-06-21T22:46:04.822210+00:00,15m,2026-06-21 22:46:04.822210+00:00,1782081964822,0.3334249084249013,0.0
AEVO/USDT,SHORT,0.01918,0.01912086,-0.6792,-1.316,TSL,2026-06-21T22:42:29.069967+00:00,15m,2026-06-21 22:42:29.069967+00:00,1782081749069,0.3083420229405589,0.0
MTL/USDT,SHORT,0.2452,0.24606855,-1.107,-1.245,SL,2026-06-21T22:42:23.932627+00:00,15m,2026-06-21 22:42:23.932627+00:00,1782081743932,0.3542210440456752,0.0
ETH/USDT,LONG,1715.47,1709.35212,-0.3839225147732462,-1.0,SL,2026-06-21T22:42:09.798407+00:00,15m,2026-06-21 22:42:09.798407+00:00,1782081729798,0.35662996146828646,0.0
ZBT/USDT,LONG,0.1201,0.12132119999999999,-0.28877887788779133,-0.241,TP,2026-06-21T22:28:43.070208+00:00,15m,2026-06-21 22:28:43.070208+00:00,1782080923070,1.0168193172356301,0.0
SKYAI/USDT,SHORT,0.37759,0.37053909,-1.269849828799437,-0.572,TP,2026-06-21T22:22:26.678504+00:00,15m,2026-06-21 22:22:26.678504+00:00,1782080546678,1.8673455335151794,0.0
BTC/USDT,SHORT,63554.4,63655.7805,0.586,2.195,TSL,2026-06-21T22:22:19.641901+00:00,15m,2026-06-21 22:22:19.641901+00:00,1782080539641,0.1595176730485998,0.0
BTC/USDT,SHORT,63782.3,63508.9275,-0.089,-0.144,TSL,2026-06-21T22:11:29.600003+00:00,15m,2026-06-21 22:11:29.600003+00:00,1782079889600,0.4286024492688488,0.0
ME/USDT,LONG,0.06311,0.06248613,-0.8255278615653382,-1.032,SL,2026-06-21T21:48:27.115173+00:00,15m,2026-06-21 21:48:27.115173+00:00,1782078507115,0.988543812391061,1.0
IP/USDT,LONG,0.3174,0.3143278,-1.526378446115286,-1.0,SL,2026-06-21T21:41:22.012344+00:00,15m,2026-06-21 21:41:22.012344+00:00,1782078082012,0.9679269061121691,1.0
FIL/USDT,LONG,0.785,0.780827,-0.8838383838383845,-0.627,TP,2026-06-21T21:32:21.236157+00:00,15m,2026-06-21 21:32:21.236157+00:00,1782077541236,0.5315923566878958,1.0
PORTAL/USDT,LONG,0.01496,0.01489762,0.06688963210702069,0.191,TP,2026-06-21T21:17:19.432521+00:00,15m,2026-06-21 21:17:19.432521+00:00,1782076639432,0.41697860962566197,1.0
GMT/USDT,SHORT,0.00825,0.008164419999999999,-0.8641975308642053,-0.406,SL,2026-06-21T21:17:12.545912+00:00,15m,2026-06-21 21:17:12.545912+00:00,1782076632545,1.0373333333333548,0.0
COOKIE/USDT,SHORT,0.00915,0.009200789999999999,0.9772,0.672,TSL,2026-06-21T21:14:30.402876+00:00,15m,2026-06-21 21:14:30.402876+00:00,1782076470402,0.555081967213098,0.0
SUPER/USDT,SHORT,0.0982,0.0974025,-0.7179,-0.425,TSL,2026-06-21T21:12:14.025459+00:00,15m,2026-06-21 21:12:14.025459+00:00,1782076334025,0.812118126272905,1.0
MEGA/USDT,SHORT,0.05709,0.05746607,-0.9683,-0.826,SL,2026-06-21T21:11:05.336512+00:00,15m,2026-06-21 21:11:05.336512+00:00,1782076265336,0.658731826939918,1.0
FOLKS/USDT,LONG,2.088,2.068892,-0.7659167065581625,-0.796,SL,2026-06-21T21:08:06.557993+00:00,15m,2026-06-21 21:08:06.557993+00:00,1782076086557,0.9151340996168642,0.0
SEI/USDT,SHORT,0.05479,0.0540617,-0.2767,-0.185,TSL,2026-06-21T21:03:52.791559+00:00,15m,2026-06-21 21:03:52.791559+00:00,1782075832791,1.3292571637160089,0.0
BTC/USDT,SHORT,63944.3,63751.7844,0.05092798626041282,0.085,SL,2026-06-21T20:59:59.385880+00:00,15m,2026-06-21 20:59:59.385880+00:00,1782075599385,0.30106764793735497,0.0
ID/USDT,SHORT,0.03094,0.03113664,-1.521486794913599,-1.0,SL,2026-06-21T20:41:25.882302+00:00,15m,2026-06-21 20:41:25.882302+00:00,1782074485882,0.6355526826115108,0.0
TIA/USDT,SHORT,0.3709,0.3729586,-1.3199130671013286,-1.0,SL,2026-06-21T20:41:04.571508+00:00,15m,2026-06-21 20:41:04.571508+00:00,1782074464571,0.5550283095173809,0.0
AAVE/USDT,LONG,74.7,74.2884,-0.4013377926421367,-0.65,SL,2026-06-21T20:36:23.034962+00:00,15m,2026-06-21 20:36:23.034962+00:00,1782074183034,0.5510040160642665,1.0
OPN/USDT,LONG,0.0749,0.07516508999999999,-0.05326941004128162,-0.057,SL,2026-06-21T20:36:11.873438+00:00,15m,2026-06-21 20:36:11.873438+00:00,1782074171873,0.35392523364485395,0.0
TLM/USDT,LONG,0.001018,0.00101448,-0.9296875000000057,-1.0,SL,2026-06-21T20:35:43.608379+00:00,15m,2026-06-21 20:35:43.608379+00:00,1782074143608,0.34577603143419733,1.0
ME/USDT,LONG,0.06375,0.06390383999999999,-0.0627,-0.109,TSL,2026-06-21T20:25:08.835317+00:00,15m,2026-06-21 20:25:08.835317+00:00,1782073508835,0.24131764705880537,1.0
LAB/USDT,LONG,13.421,13.3110035,-0.6332414512404145,-0.759,SL,2026-06-21T20:24:50.244186+00:00,15m,2026-06-21 20:24:50.244186+00:00,1782073490244,0.8195849787646181,0.0
SOL/USDT,SHORT,74.326,73.877049,-0.15821287068464854,-0.172,SL,2026-06-21T20:24:48.797457+00:00,15m,2026-06-21 20:24:48.797457+00:00,1782073488797,0.6040295455156929,0.0
BTC/USDT,SHORT,64135.7,63988.8471,0.1866,0.491,TSL,2026-06-21T20:21:35.076263+00:00,15m,2026-06-21 20:21:35.076263+00:00,1782073295076,0.22897216370913243,0.0
COOKIE/USDT,SHORT,0.0094,0.00934065,-0.6417,-0.576,TSL,2026-06-21T20:13:05.474256+00:00,15m,2026-06-21 20:13:05.474256+00:00,1782072785474,0.6313829787234008,0.0
TLM/USDT,LONG,0.001019,0.00101348,-0.7805,-0.694,SL,2026-06-21T20:10:31.945809+00:00,15m,2026-06-21 20:10:31.945809+00:00,1782072631945,0.5417075564278667,1.0
COMP/USDT,SHORT,18.22,18.12186,-0.0551267916207167,-0.079,SL,2026-06-21T19:58:36.562798+00:00,15m,2026-06-21 19:58:36.562798+00:00,1782071916562,0.5386388583973504,0.0
EGLD/USDT,SHORT,2.873,2.8621350000000003,-0.3141,-0.588,TSL,2026-06-21T19:58:34.830829+00:00,15m,2026-06-21 19:58:34.830829+00:00,1782071914830,0.3781761225200105,1.0
2Z/USDT,SHORT,0.07887,0.07810182,0.1534919416730559,0.103,SL,2026-06-21T19:56:49.696121+00:00,15m,2026-06-21 19:56:49.696121+00:00,1782071809696,0.9739825028527873,0.0
CLANKER/USDT,LONG,18.06,18.218199999999996,-0.1648,-0.152,TSL,2026-06-21T19:48:44.465737+00:00,15m,2026-06-21 19:48:44.465737+00:00,1782071324465,0.8759689922480468,1.0
PENGU/USDT,LONG,0.00682,0.00679779,-0.48323326987846016,-1.057,SL,2026-06-21T19:46:08.199404+00:00,15m,2026-06-21 19:46:08.199404+00:00,1782071168199,0.3256598240469199,0.0
1000BONK/USDT,SHORT,0.004607,0.00463795,-0.23965141612199836,-0.229,SL,2026-06-21T19:23:55.141948+00:00,15m,2026-06-21 19:23:55.141948+00:00,1782069835141,0.6718037768612997,0.0
GRASS/USDT,LONG,0.4183,0.41327915,-0.863704768751493,-0.896,SL,2026-06-21T19:22:43.863013+00:00,15m,2026-06-21 19:22:43.863013+00:00,1782069763863,1.2002988285919247,0.0
ZBT/USDT,LONG,0.12005,0.12127114999999998,0.12381345439538691,0.086,TP,2026-06-21T19:04:35.781258+00:00,15m,2026-06-21 19:04:35.781258+00:00,1782068675781,1.0172011661807383,0.0
BANANAS31/USDT,LONG,0.009316,0.009777276,-0.4162,-0.062,TSL,2026-06-21T19:04:22.392896+00:00,15m,2026-06-21 19:04:22.392896+00:00,1782068662392,4.951438385573208,1.0
PTB/USDT,SHORT,0.0005455,0.0005415579,-0.5165098690278472,-0.443,SL,2026-06-21T19:04:00.699438+00:00,15m,2026-06-21 19:04:00.699438+00:00,1782068640699,0.7226581118240104,0.0
SFP/USDT,SHORT,0.235,0.23326650000000002,-1.0707,-1.161,TSL,2026-06-21T18:59:47.791648+00:00,15m,2026-06-21 18:59:47.791648+00:00,1782068387791,0.737659574468073,0.0
BANK/USDT,LONG,0.037856,0.038078039999999994,-0.2892,-0.366,TSL,2026-06-21T18:55:41.322397+00:00,15m,2026-06-21 18:55:41.322397+00:00,1782068141322,0.5865384615384426,0.0
MERL/USDT,SHORT,0.02191,0.02213315,0.2730996813837097,0.368,SL,2026-06-21T18:45:01.745258+00:00,15m,2026-06-21 18:45:01.745258+00:00,1782067501745,1.0184847101780092,0.0
WAL/USDT,LONG,0.0347,0.03450816,-0.6334581053843882,-0.992,SL,2026-06-21T18:42:26.472735+00:00,15m,2026-06-21 18:42:26.472735+00:00,1782067346472,0.5528530259365956,1.0
1000BONK/USDT,SHORT,0.004607,0.004586409,-0.3049,-0.298,TSL,2026-06-21T18:40:32.238696+00:00,15m,2026-06-21 18:40:32.238696+00:00,1782067232238,0.4469502930323499,0.0
BANANAS31/USDT,LONG,0.009316,0.009810276,-0.0707,-0.01,TSL,2026-06-21T18:39:10.216968+00:00,15m,2026-06-21 18:39:10.216968+00:00,1782067150216,5.305667668527266,1.0
CLANKER/USDT,LONG,18.12,18.26825,-0.4932,-0.435,TSL,2026-06-21T18:38:56.262477+00:00,15m,2026-06-21 18:38:56.262477+00:00,1782067136262,0.8181567328918175,1.0
ROSE/USDT,LONG,0.00662,0.0066846779999999995,-0.8685235100329423,-0.744,TSL,2026-06-21T18:38:45.158710+00:00,15m,2026-06-21 18:38:45.158710+00:00,1782067125158,0.9770090634441002,0.0
FARTCOIN/USDT,LONG,0.1266,0.1273272,-0.07861635220127101,-0.072,SL,2026-06-21T18:38:40.443125+00:00,15m,2026-06-21 18:38:40.443125+00:00,1782067120443,0.5744075829383976,1.0
JTO/USDT,LONG,0.6924,0.68746725,-0.7076834199884482,-0.993,SL,2026-06-21T18:38:16.031230+00:00,15m,2026-06-21 18:38:16.031230+00:00,1782067096031,0.7124133448873543,0.0
ETC/USDT,LONG,7.379,7.450442999999999,-1.0748,-0.963,TSL,2026-06-21T18:37:46.004089+00:00,15m,2026-06-21 18:37:46.004089+00:00,1782067066004,0.9681935221574669,0.0
POWER/USDT,LONG,0.07578,0.07618610999999999,-0.35474970437523645,-0.433,SL,2026-06-21T18:31:28.037642+00:00,15m,2026-06-21 18:31:28.037642+00:00,1782066688037,0.5359065716547734,1.0
RENDER/USDT,LONG,1.684,1.6896879999999999,0.118483412322275,0.19,SL,2026-06-21T18:30:40.680385+00:00,15m,2026-06-21 18:30:40.680385+00:00,1782066640680,0.3377672209026078,1.0
TIA/USDT,LONG,0.368,0.3702699,-0.10813733441470978,-0.131,SL,2026-06-21T18:29:13.353442+00:00,15m,2026-06-21 18:29:13.353442+00:00,1782066553353,0.6168206521739108,1.0
ALICE/USDT,LONG,0.138,0.13689435,42.38975817923185,16.084,TP,2026-06-21T18:27:25.454261+00:00,15m,2026-06-21 18:27:25.454261+00:00,1782066445454,0.8011956521739229,1.0
FOGO/USDT,LONG,0.01271,0.012762749999999998,-0.3922,-0.36,TSL,2026-06-21T18:04:53.942089+00:00,15m,2026-06-21 18:04:53.942089+00:00,1782065093942,0.4150275373721262,1.0
KERNEL/USDT,LONG,0.04901,0.04928923999999999,-0.3046,-0.413,TSL,2026-06-21T18:04:52.086672+00:00,15m,2026-06-21 18:04:52.086672+00:00,1782065092086,0.569761273209535,0.0
KAS/USDT,SHORT,0.02998,0.02983014,-0.3014,-0.419,TSL,2026-06-21T18:02:43.251213+00:00,15m,2026-06-21 18:02:43.251213+00:00,1782064963251,0.4998665777184729,1.0
BANANAS31/USDT,LONG,0.009316,0.0099437084,0.0301,0.004,TSL,2026-06-21T18:02:34.213258+00:00,15m,2026-06-21 18:02:34.213258+00:00,1782064954213,6.737960498067835,1.0
APR/USDT,SHORT,0.2051,0.2089129,-2.001953124999996,-0.997,SL,2026-06-21T18:00:18.000377+00:00,15m,2026-06-21 18:00:18.000377+00:00,1782064818000,1.8590443686006863,0.0
MEGA/USDT,LONG,0.05642,0.056924256,-0.2626050420168021,-0.156,TSL,2026-06-21T17:46:51.985857+00:00,15m,2026-06-21 17:46:51.985857+00:00,1782064011985,0.8937539879475391,0.0
BAT/USDT,SHORT,0.0895,0.0890109,-0.4489,-0.631,TSL,2026-06-21T17:45:42.502828+00:00,15m,2026-06-21 17:45:42.502828+00:00,1782063942502,0.5464804469273657,0.0
BANANAS31/USDT,LONG,0.009316,0.009826276,-0.3231,-0.045,TSL,2026-06-21T17:45:02.588661+00:00,15m,2026-06-21 17:45:02.588661+00:00,1782063902588,5.477415199656511,1.0
GMX/USDT,SHORT,5.945,5.907087000000001,-0.8963,-0.87,TSL,2026-06-21T17:35:57.713856+00:00,15m,2026-06-21 17:35:57.713856+00:00,1782063357713,0.6377291841883875,0.0
SKYAI/USDT,LONG,0.36358,0.37114076999999995,-0.9844377916228353,-0.323,SL,2026-06-21T17:35:26.205299+00:00,15m,2026-06-21 17:35:26.205299+00:00,1782063326205,2.0795340777820392,1.0
ALICE/USDT,SHORT,0.1387,0.1377621,-0.5801,-0.419,TSL,2026-06-21T17:34:44.994001+00:00,15m,2026-06-21 17:34:44.994001+00:00,1782063284994,0.6762076423936493,0.0
SOPH/USDT,LONG,0.005371,0.005425419999999999,-1.2177,-0.916,TSL,2026-06-21T17:22:06.916850+00:00,15m,2026-06-21 17:22:06.916850+00:00,1782062526916,1.0132191398249761,1.0
SYN/USDT,LONG,0.14729,0.14810795999999998,-2.3587456069208033,-1.284,SL,2026-06-21T17:21:26.318693+00:00,15m,2026-06-21 17:21:26.318693+00:00,1782062486318,0.5553398058252282,1.0
FOGO/USDT,LONG,0.01271,0.01277276,-0.4702,-0.403,TSL,2026-06-21T17:21:17.061314+00:00,15m,2026-06-21 17:21:17.061314+00:00,1782062477061,0.49378442171517317,1.0
CAKE/USDT,LONG,1.3885,1.3952938999999998,-0.3515,-0.481,TSL,2026-06-21T17:19:04.245971+00:00,15m,2026-06-21 17:19:04.245971+00:00,1782062344245,0.4892978033849252,1.0
TOSHI/USDT,LONG,0.0001262,0.00012511,-1.3428120063191054,-1.141,SL,2026-06-21T17:17:25.742658+00:00,15m,2026-06-21 17:17:25.742658+00:00,1782062245742,0.8637083993660893,1.0
AXL/USDT,LONG,0.0454,0.045555509999999994,-0.02197319270490675,-0.036,SL,2026-06-21T17:15:43.668654+00:00,15m,2026-06-21 17:15:43.668654+00:00,1782062143668,0.3425330396475565,0.0
ZEN/USDT,LONG,4.62,4.5980925,-0.6479481641468736,-0.94,SL,2026-06-21T17:14:13.651804+00:00,15m,2026-06-21 17:14:13.651804+00:00,1782062053651,0.4741883116883158,1.0
UNI/USDT,LONG,3.062,3.0444265,-0.9433962264150916,-0.981,SL,2026-06-21T17:13:34.364429+00:00,15m,2026-06-21 17:13:34.364429+00:00,1782062014364,0.573922273024157,1.0
MMT/USDT,LONG,0.157,0.15875859999999997,-0.1261,-0.066,TSL,2026-06-21T17:11:42.342099+00:00,15m,2026-06-21 17:11:42.342099+00:00,1782061902342,1.1201273885350136,1.0
GRASS/USDT,LONG,0.4166,0.41447735,-0.574712643678164,-0.769,SL,2026-06-21T17:11:13.994166+00:00,15m,2026-06-21 17:11:13.994166+00:00,1782061873994,0.5095175228036495,0.0
JCT/USDT,LONG,0.005371,0.005476470999999999,0.09139097057210374,0.029,SL,2026-06-21T17:10:48.802742+00:00,15m,2026-06-21 17:10:48.802742+00:00,1782061848802,1.9637125302550615,1.0
MMT/USDT,LONG,0.157,0.15835819999999998,-0.4425,-0.266,TSL,2026-06-21T16:56:01.735150+00:00,15m,2026-06-21 16:56:01.735150+00:00,1782060961735,0.8650955414012587,1.0
PTB/USDT,SHORT,0.0005491,0.0005465529,-0.05483458234325591,-0.066,SL,2026-06-21T16:55:47.775231+00:00,15m,2026-06-21 16:55:47.775231+00:00,1782060947775,0.4638681478783306,0.0
ETH/USDT,LONG,1724.54,1731.0793499999997,-0.1671,-0.281,TSL,2026-06-21T16:55:29.801918+00:00,15m,2026-06-21 16:55:29.801918+00:00,1782060929801,0.3791938719890397,0.0
AKT/USDT,LONG,0.7372,0.7445438,-0.05377789728422519,-0.038,SL,2026-06-21T16:55:25.258816+00:00,15m,2026-06-21 16:55:25.258816+00:00,1782060925258,0.996174715138363,1.0
ZEC/USDT,LONG,449.95,451.59113999999994,-0.26377621137562574,-0.29,TSL,2026-06-21T16:55:19.344284+00:00,15m,2026-06-21 16:55:19.344284+00:00,1782060919344,0.36473830425601744,0.0
KAITO/USDT,LONG,0.4722,0.47587539999999995,-0.3786,-0.36,TSL,2026-06-21T16:54:12.049932+00:00,15m,2026-06-21 16:54:12.049932+00:00,1782060852049,0.778356628547213,0.0
CETUS/USDT,LONG,0.01822,0.018338319999999998,-0.4913,-0.538,TSL,2026-06-21T16:52:29.745029+00:00,15m,2026-06-21 16:52:29.745029+00:00,1782060749745,0.649396267837531,1.0
PIPPIN/USDT,SHORT,0.01719,0.01711287,0.1751313485113764,0.122,SL,2026-06-21T16:47:09.792735+00:00,15m,2026-06-21 16:47:09.792735+00:00,1782060429792,0.4486910994764493,0.0
B/USDT,LONG,0.2225,0.2208682,-1.2069736253911523,-0.953,SL,2026-06-21T16:32:54.793823+00:00,15m,2026-06-21 16:32:54.793823+00:00,1782059574793,0.7333932584269737,1.0
SWARMS/USDT,SHORT,0.00779,0.007718274,-0.05177323323841138,-0.035,TSL,2026-06-21T16:31:09.389108+00:00,15m,2026-06-21 16:31:09.389108+00:00,1782059469389,0.9207445442875514,0.0
MAGMA/USDT,SHORT,0.50473,0.49290660000000003,1.4977705715443874,0.436,SL,2026-06-21T16:22:20.057436+00:00,15m,2026-06-21 16:22:20.057436+00:00,1782058940057,2.342519763041623,0.0
ZRX/USDT,SHORT,0.0847,0.08502735,-0.4728132387706992,-0.936,SL,2026-06-21T16:18:36.699673+00:00,15m,2026-06-21 16:18:36.699673+00:00,1782058716699,0.38648170011806854,1.0
TIA/USDT,SHORT,0.3751,0.3720276,0.05370569280344615,0.047,SL,2026-06-21T16:17:45.170967+00:00,15m,2026-06-21 16:17:45.170967+00:00,1782058665170,0.8190882431351574,0.0
LINK/USDT,SHORT,7.972,7.931061,-0.22672880715455088,-0.334,SL,2026-06-21T16:15:29.548192+00:00,15m,2026-06-21 16:15:29.548192+00:00,1782058529548,0.5135348720521917,1.0
WCT/USDT,LONG,0.04662,0.04682678,-0.2565,-0.316,TSL,2026-06-21T16:14:39.000034+00:00,15m,2026-06-21 16:14:39.000034+00:00,1782058479000,0.4435435435435365,1.0
TRADOOR/USDT,LONG,0.4308,0.43123079999999997,-0.27039777983349605,-0.397,SL,2026-06-21T16:14:11.180714+00:00,15m,2026-06-21 16:14:11.180714+00:00,1782058451180,0.09999999999998918,1.0
JTO/USDT,SHORT,0.6876,0.6984461,-0.7054419809962591,-1.274,SL,2026-06-21T15:57:39.792993+00:00,15m,2026-06-21 15:57:39.792993+00:00,1782057459792,1.5773851076207053,1.0
1000BONK/USDT,LONG,0.004616,0.0046266219999999995,-0.10817827780183174,-0.209,SL,2026-06-21T15:55:46.793768+00:00,15m,2026-06-21 15:55:46.793768+00:00,1782057346793,0.2301126516464297,1.0
SKYAI/USDT,LONG,0.37046,0.37548510999999996,-1.2822905281117487,-0.525,SL,2026-06-21T15:55:01.464942+00:00,15m,2026-06-21 15:55:01.464942+00:00,1782057301464,1.3564514387518067,1.0
BB/USDT,LONG,0.02265,0.0225661,-0.7058,-1.54,SL,2026-06-21T15:51:33.451208+00:00,15m,2026-06-21 15:51:33.451208+00:00,1782057093451,0.37041942604857103,1.0
PARTI/USDT,SHORT,0.06018,0.06051063,-0.1503508185766902,-0.138,SL,2026-06-21T15:51:01.060139+00:00,15m,2026-06-21 15:51:01.060139+00:00,1782057061060,0.5494017946161606,1.0
JCT/USDT,LONG,0.005201,0.005447441999999999,1.010657846380014,0.161,SL,2026-06-21T15:49:15.869077+00:00,15m,2026-06-21 15:49:15.869077+00:00,1782056955869,4.738358008075361,1.0
1000PEPE/USDT,LONG,0.0028408,0.00283095,-0.6243423360224368,-0.888,SL,2026-06-21T15:47:04.043472+00:00,15m,2026-06-21 15:47:04.043472+00:00,1782056824043,0.3467333145592808,0.0
CFX/USDT,LONG,0.04833,0.0479979,-0.9272614877395406,-0.846,SL,2026-06-21T15:36:15.564668+00:00,15m,2026-06-21 15:36:15.564668+00:00,1782056175564,0.6871508379888163,1.0
ZBT/USDT,LONG,0.12005,0.12139127,0.12369093757730466,0.077,TP,2026-06-21T15:35:55.521978+00:00,15m,2026-06-21 15:35:55.521978+00:00,1782056155521,1.117259475218652,0.0
PTB/USDT,SHORT,0.0005467,0.0005446548,-0.2935,-0.379,TSL,2026-06-21T15:35:45.911763+00:00,15m,2026-06-21 15:35:45.911763+00:00,1782056145911,0.3740991402963157,0.0
0G/USDT,SHORT,0.2715,0.2702295,-0.4806,-0.647,TSL,2026-06-21T15:35:32.063211+00:00,15m,2026-06-21 15:35:32.063211+00:00,1782056132063,0.46795580110497514,1.0
MERL/USDT,SHORT,0.02185,0.021484259999999998,0.04608294930875388,0.04,SL,2026-06-21T15:33:22.609100+00:00,15m,2026-06-21 15:33:22.609100+00:00,1782056002609,1.6738672768878866,0.0
WIF/USDT,SHORT,0.1638,0.1644463,-0.3052503052503055,-0.774,SL,2026-06-21T15:31:12.949669+00:00,15m,2026-06-21 15:31:12.949669+00:00,1782055872949,0.39456654456653756,0.0
ADA/USDT,SHORT,0.1622,0.1617381,-0.123533045089565,-0.175,SL,2026-06-21T15:28:40.512552+00:00,15m,2026-06-21 15:28:40.512552+00:00,1782055720512,0.284771886559812,1.0
APE/USDT,SHORT,0.1374,0.1369629,-0.8023,-1.364,TSL,2026-06-21T15:28:20.289167+00:00,15m,2026-06-21 15:28:20.289167+00:00,1782055700289,0.31812227074235505,0.0
BANANAS31/USDT,LONG,0.009276,0.009311301999999999,-0.053751881315843866,-0.046,SL,2026-06-21T15:25:59.005672+00:00,15m,2026-06-21 15:25:59.005672+00:00,1782055559005,0.3805735230702804,0.0
CAKE/USDT,LONG,1.3838,1.3904891,-0.288,-0.451,TSL,2026-06-21T15:10:38.236739+00:00,15m,2026-06-21 15:10:38.236739+00:00,1782054638236,0.48338632750397487,1.0
XPIN/USDT,SHORT,0.001313,0.001303695,-0.4598,-0.3,TSL,2026-06-21T15:10:23.343808+00:00,15m,2026-06-21 15:10:23.343808+00:00,1782054623343,0.7086824067022113,1.0
BANANAS31/USDT,LONG,0.009251,0.009278268999999999,-0.0647,-0.095,TSL,2026-06-21T15:09:24.426542+00:00,15m,2026-06-21 15:09:24.426542+00:00,1782054564426,0.29476813317477213,0.0
CHR/USDT,LONG,0.01611,0.01601594,-0.6195786864932024,-0.806,SL,2026-06-21T15:09:10.890447+00:00,15m,2026-06-21 15:09:10.890447+00:00,1782054550890,0.5838609559279949,1.0
ROSE/USDT,LONG,0.00671,0.006774767999999999,-0.856973995271866,-0.592,TSL,2026-06-21T15:08:39.941471+00:00,15m,2026-06-21 15:08:39.941471+00:00,1782054519941,0.965245901639328,1.0
PUMPBTC/USDT,LONG,0.00946,0.00942584,-0.7368421052631644,-0.944,SL,2026-06-21T15:08:30.191197+00:00,15m,2026-06-21 15:08:30.191197+00:00,1782054510191,0.36109936575052953,0.0
AAVE/USDT,LONG,74.67,75.24516999999999,-0.6119462551549927,-0.637,TSL,2026-06-21T15:07:18.425515+00:00,15m,2026-06-21 15:07:18.425515+00:00,1782054438425,0.7702825766706652,1.0
CGPT/USDT,SHORT,0.02048,0.02056079,-0.09775171065494945,-0.198,SL,2026-06-21T15:06:27.313944+00:00,15m,2026-06-21 15:06:27.313944+00:00,1782054387313,0.3944824218749866,0.0
ZBT/USDT,LONG,0.12005,0.11938066,4.556793613836675,6.232,TP,2026-06-21T15:02:18.041378+00:00,15m,2026-06-21 15:02:18.041378+00:00,1782054138041,0.5575510204081668,0.0
CARV/USDT,LONG,0.0404,0.04049045,-0.0989,-0.19,TSL,2026-06-21T14:46:49.995457+00:00,15m,2026-06-21 14:46:49.995457+00:00,1782053209995,0.2238861386138586,1.0
ETC/USDT,LONG,7.338,7.386378999999999,-0.7996,-0.894,TSL,2026-06-21T14:46:47.720447+00:00,15m,2026-06-21 14:46:47.720447+00:00,1782053207720,0.6592940855818865,0.0
USELESS/USDT,SHORT,0.07486,0.07360631999999999,-1.5879,-0.687,TSL,2026-06-21T14:46:00.966545+00:00,15m,2026-06-21 14:46:00.966545+00:00,1782053160966,1.674699438952721,0.0
WCT/USDT,LONG,0.04695,0.04675976,-0.4475703324808223,-1.311,SL,2026-06-21T14:44:50.512082+00:00,15m,2026-06-21 14:44:50.512082+00:00,1782053090512,0.405197018104369,1.0
WAL/USDT,LONG,0.0347,0.034974939999999996,-0.6583,-0.468,TSL,2026-06-21T14:42:44.951932+00:00,15m,2026-06-21 14:42:44.951932+00:00,1782052964951,0.7923342939481106,1.0
FLOCK/USDT,SHORT,0.03934,0.03947913,-0.535441101478842,-0.81,SL,2026-06-21T14:42:10.066115+00:00,15m,2026-06-21 14:42:10.066115+00:00,1782052930066,0.3536603965429619,0.0
HIVE/USDT,SHORT,0.04974,0.04959834999999999,-0.46549281521957925,-0.484,SL,2026-06-21T14:34:35.099436+00:00,15m,2026-06-21 14:34:35.099436+00:00,1782052475099,0.2847808604744814,0.0
METIS/USDT,LONG,3.233,3.207182,-1.4452644526445175,-1.049,SL,2026-06-21T14:33:12.173143+00:00,15m,2026-06-21 14:33:12.173143+00:00,1782052392173,0.7985771729044269,1.0
TRB/USDT,SHORT,13.877,13.764222,-0.421,-0.332,TSL,2026-06-21T14:19:15.195854+00:00,15m,2026-06-21 14:19:15.195854+00:00,1782051555195,0.8126972688621494,1.0
ORDI/USDT,SHORT,3.346,3.3216750000000004,-0.36090225563909806,-0.343,SL,2026-06-21T14:16:03.917955+00:00,15m,2026-06-21 14:16:03.917955+00:00,1782051363917,0.726987447698736,0.0
PEOPLE/USDT,SHORT,0.00572,0.005626368,-1.4382,-0.593,TSL,2026-06-21T14:15:37.209183+00:00,15m,2026-06-21 14:15:37.209183+00:00,1782051337209,1.6369230769230876,0.0
GALA/USDT,SHORT,0.002673,0.002659338,0.0,0.0,SL,2026-06-21T14:14:37.966041+00:00,15m,2026-06-21 14:14:37.966041+00:00,1782051277966,0.5111111111111195,0.0
EPIC/USDT,SHORT,0.48,0.4779216,-0.5016722408026784,-0.519,SL,2026-06-21T14:13:31.522048+00:00,15m,2026-06-21 14:13:31.522048+00:00,1782051211522,0.4329999999999959,1.0
MAGIC/USDT,SHORT,0.0467,0.04627368,-1.0579,-0.891,TSL,2026-06-21T14:13:17.567917+00:00,15m,2026-06-21 14:13:17.567917+00:00,1782051197567,0.9128907922912224,0.0
POWER/USDT,SHORT,0.07648,0.07571420999999999,-0.10555482253596864,-0.071,SL,2026-06-21T14:11:17.118524+00:00,15m,2026-06-21 14:11:17.118524+00:00,1782051077118,1.0012944560669665,0.0
ASTR/USDT,LONG,0.005431,0.005478472999999999,-1.0049,-0.98,TSL,2026-06-21T14:10:04.552242+00:00,15m,2026-06-21 14:10:04.552242+00:00,1782051004552,0.8741115816608225,0.0
AAVE/USDT,LONG,74.69,74.94487,-0.2137,-0.339,TSL,2026-06-21T14:09:27.842415+00:00,15m,2026-06-21 14:09:27.842415+00:00,1782050967842,0.34123711340205765,1.0
GRIFFAIN/USDT,LONG,0.009256,0.00916923,-1.2903225806451462,-0.918,SL,2026-06-21T14:08:57.321421+00:00,15m,2026-06-21 14:08:57.321421+00:00,1782050937321,0.9374459809853057,1.0
MANTA/USDT,LONG,0.08102,0.08171162999999998,-0.1348,-0.092,TSL,2026-06-21T14:06:58.401526+00:00,15m,2026-06-21 14:06:58.401526+00:00,1782050818401,0.8536534189088927,1.0
POWER/USDT,LONG,0.07636,0.07675668,-0.3652,-0.514,TSL,2026-06-21T13:52:36.749234+00:00,15m,2026-06-21 13:52:36.749234+00:00,1782049956749,0.5194866422210536,1.0
TIA/USDT,LONG,0.3771,0.3746372,-0.07928118393235266,-0.08,SL,2026-06-21T13:51:52.140178+00:00,15m,2026-06-21 13:51:52.140178+00:00,1782049912140,0.6530893662158546,1.0
ZEC/USDT,LONG,451.18,453.4830299999999,-0.25384632364302084,-0.376,TSL,2026-06-21T13:51:19.063756+00:00,15m,2026-06-21 13:51:19.063756+00:00,1782049879063,0.5104459417527198,0.0
POL/USDT,LONG,0.07906,0.07940932999999999,-0.2143,-0.341,TSL,2026-06-21T13:51:12.335916+00:00,15m,2026-06-21 13:51:12.335916+00:00,1782049872335,0.4418542878825968,1.0
FORM/USDT,SHORT,0.248,0.24967395,-0.6860371267150958,-0.907,SL,2026-06-21T13:46:43.414985+00:00,15m,2026-06-21 13:46:43.414985+00:00,1782049603414,0.6749798387096804,0.0
THE/USDT,LONG,0.065,0.0647028,-0.6444,-0.88,SL,2026-06-21T13:46:29.752877+00:00,15m,2026-06-21 13:46:29.752877+00:00,1782049589752,0.45723076923076533,0.0
COMP/USDT,SHORT,18.21,18.10188,-0.4967,-0.611,TSL,2026-06-21T13:44:53.068157+00:00,15m,2026-06-21 13:44:53.068157+00:00,1782049493068,0.593739703459635,0.0
APE/USDT,LONG,0.1376,0.13833819999999997,-0.2171,-0.298,TSL,2026-06-21T13:44:25.604024+00:00,15m,2026-06-21 13:44:25.604024+00:00,1782049465604,0.5364825581395106,1.0
SCRT/USDT,SHORT,0.0582,0.05791203,-0.5175,-0.719,TSL,2026-06-21T13:41:51.175229+00:00,15m,2026-06-21 13:41:51.175229+00:00,1782049311175,0.4947938144329871,0.0
ROSE/USDT,SHORT,0.00668,0.00671005,-1.3977,-1.659,SL,2026-06-21T13:40:52.333644+00:00,15m,2026-06-21 13:40:52.333644+00:00,1782049252333,0.4498502994012008,0.0
MTL/USDT,SHORT,0.2495,0.24745230000000001,-1.09,-1.091,TSL,2026-06-21T13:40:03.659180+00:00,15m,2026-06-21 13:40:03.659180+00:00,1782049203659,0.8207214428857659,0.0
APE/USDT,SHORT,0.1379,0.1371627,-0.6555,-0.597,TSL,2026-06-21T13:29:34.446439+00:00,15m,2026-06-21 13:29:34.446439+00:00,1782048574446,0.5346627991298015,0.0
BTW/USDT,SHORT,0.12055,0.11806182,2.47080724318835,0.343,SL,2026-06-21T13:28:47.381746+00:00,15m,2026-06-21 13:28:47.381746+00:00,1782048527381,2.06402322687682,0.0
SKYAI/USDT,LONG,0.3578,0.36359322999999993,-0.019271535941418522,-0.009,SL,2026-06-21T13:25:26.837450+00:00,15m,2026-06-21 13:25:26.837450+00:00,1782048326837,1.6191252096142892,0.0
SYN/USDT,LONG,0.14485,0.14208655,-1.3919667590027782,-0.869,SL,2026-06-21T13:18:10.299244+00:00,15m,2026-06-21 13:18:10.299244+00:00,1782047890299,1.9078011736278913,1.0
CHR/USDT,LONG,0.01606,0.016086069999999997,0.56,0.79,TSL,2026-06-21T13:03:48.366579+00:00,15m,2026-06-21 13:03:48.366579+00:00,1782047028366,0.16232876712326336,1.0
THE/USDT,LONG,0.0646,0.06493486999999999,-0.2775,-0.318,TSL,2026-06-21T13:03:47.064087+00:00,15m,2026-06-21 13:03:47.064087+00:00,1782047027064,0.518374613003076,0.0
LINEA/USDT,LONG,0.00255,0.00253619,-1.2255840674071201,-0.428,TP,2026-06-21T13:03:06.707864+00:00,15m,2026-06-21 13:03:06.707864+00:00,1782046986707,0.5415686274509954,1.0
ZBT/USDT,LONG,0.11982,0.12115102999999998,-0.05783689994216361,-0.024,TP,2026-06-21T13:00:55.997948+00:00,15m,2026-06-21 13:00:55.997948+00:00,1782046855997,1.1108579535970482,0.0
COMP/USDT,LONG,18.13,18.258239999999997,-0.5482,-0.636,TSL,2026-06-21T12:58:41.960038+00:00,15m,2026-06-21 12:58:41.960038+00:00,1782046721960,0.707335907335897,1.0
STAR/USDT,LONG,0.17003,0.16809747,0.22904798261584625,0.18,SL,2026-06-21T12:58:32.777490+00:00,15m,2026-06-21 12:58:32.777490+00:00,1782046712777,1.1365817796859308,1.0
CFX/USDT,LONG,0.0485,0.04813769,-2.3921,-1.515,SL,2026-06-21T12:57:35.031169+00:00,15m,2026-06-21 12:57:35.031169+00:00,1782046655031,0.747030927835061,1.0
QNT/USDT,LONG,70.52,70.82074999999999,-0.6078,-1.01,TSL,2026-06-21T12:57:00.762968+00:00,15m,2026-06-21 12:57:00.762968+00:00,1782046620762,0.42647475893362685,1.0
GRIFFAIN/USDT,LONG,0.009213,0.009282272999999999,-0.3882,-0.384,TSL,2026-06-21T12:53:08.756451+00:00,15m,2026-06-21 12:53:08.756451+00:00,1782046388756,0.751904916965138,1.0
KERNEL/USDT,LONG,0.04853,0.04886882,-0.3687,-0.398,TSL,2026-06-21T12:40:06.580914+00:00,15m,2026-06-21 12:40:06.580914+00:00,1782045606580,0.698166082835367,0.0
STRK/USDT,LONG,0.03416,0.03420416999999999,0.1756,0.298,TSL,2026-06-21T12:39:33.311048+00:00,15m,2026-06-21 12:39:33.311048+00:00,1782045573311,0.12930327868849303,1.0
YGG/USDT,SHORT,0.02666,0.02676008,-0.48835462058601864,-0.928,SL,2026-06-21T12:38:49.255247+00:00,15m,2026-06-21 12:38:49.255247+00:00,1782045529255,0.3753938484621115,0.0
ETC/USDT,LONG,7.34,7.381373999999999,-0.8679,-1.143,TSL,2026-06-21T12:36:16.339251+00:00,15m,2026-06-21 12:36:16.339251+00:00,1782045376339,0.5636784741144326,0.0
LAYER/USDT,LONG,0.06642,0.0661007,-0.2702702702702696,-0.361,TP,2026-06-21T12:35:31.788829+00:00,15m,2026-06-21 12:35:31.788829+00:00,1782045331788,0.4807286961758634,1.0
TRUTH/USDT,SHORT,0.014019,0.013887099,-1.115027695849224,-0.803,SL,2026-06-21T12:34:34.397020+00:00,15m,2026-06-21 12:34:34.397020+00:00,1782045274397,0.9408731007917843,1.0
SEI/USDT,LONG,0.0548,0.055365309999999994,-1.2114,-0.846,TSL,2026-06-21T12:33:43.780404+00:00,15m,2026-06-21 12:33:43.780404+00:00,1782045223780,1.031587591240862,1.0
ZBT/USDT,LONG,0.11982,0.12044031999999999,0.2161,0.119,TSL,2026-06-21T12:32:00.695849+00:00,15m,2026-06-21 12:32:00.695849+00:00,1782045120695,0.517709898180599,0.0
PTB/USDT,SHORT,0.000544,0.0005390604,-0.4077094143810329,-0.305,SL,2026-06-21T12:31:17.146662+00:00,15m,2026-06-21 12:31:17.146662+00:00,1782045077146,0.9080147058823559,0.0
XNY/USDT,LONG,0.005518,0.00544682,-1.5154248601840135,-0.873,SL,2026-06-21T12:30:08.158836+00:00,15m,2026-06-21 12:30:08.158836+00:00,1782045008158,1.2899601304820687,1.0
ANIME/USDT,LONG,0.002959,0.0029729699999999997,-0.16835016835016148,-0.213,SL,2026-06-21T12:28:58.284559+00:00,15m,2026-06-21 12:28:58.284559+00:00,1782044938284,0.4721189591078022,1.0
ID/USDT,LONG,0.02845,0.028828799999999995,-0.3472,-0.181,TSL,2026-06-21T12:28:55.588305+00:00,15m,2026-06-21 12:28:55.588305+00:00,1782044935588,1.331458699472742,0.0
GMT/USDT,SHORT,0.00828,0.00830244,-1.09622411693057,-0.974,SL,2026-06-21T12:27:47.481813+00:00,15m,2026-06-21 12:27:47.481813+00:00,1782044867481,0.27101449275362693,0.0
WCT/USDT,LONG,0.04665,0.04651013,-0.3207869974337132,-0.6,SL,2026-06-21T12:14:54.540727+00:00,15m,2026-06-21 12:14:54.540727+00:00,1782044094540,0.2998285101822085,1.0
CHR/USDT,LONG,0.01607,0.016226209999999998,-0.802,-0.556,TSL,2026-06-21T12:14:37.679698+00:00,15m,2026-06-21 12:14:37.679698+00:00,1782044077679,0.9720597386434157,1.0
ZORA/USDT,LONG,0.00786,0.007896888999999999,0.21548992267714098,0.24,TP,2026-06-21T12:12:46.731393+00:00,15m,2026-06-21 12:12:46.731393+00:00,1782043966731,0.4693256997455252,1.0
CFX/USDT,LONG,0.04836,0.04881877,-0.7177,-0.611,TSL,2026-06-21T12:06:24.433442+00:00,15m,2026-06-21 12:06:24.433442+00:00,1782043584433,0.9486559139784889,1.0
NFP/USDT,LONG,0.00759,0.007643636,-0.2750130958617101,-0.312,TSL,2026-06-21T12:06:22.271805+00:00,15m,2026-06-21 12:06:22.271805+00:00,1782043582271,0.706666666666657,1.0
EPIC/USDT,LONG,0.4713,0.4686959,-0.9665896196679961,-0.639,TP,2026-06-21T12:03:54.812764+00:00,15m,2026-06-21 12:03:54.812764+00:00,1782043434812,0.552535539995756,0.0
EVAA/USDT,SHORT,0.8001,0.7634442,1.0706358532445468,0.194,TP,2026-06-21T12:03:32.249868+00:00,15m,2026-06-21 12:03:32.249868+00:00,1782043412249,4.581402324709413,1.0
TIA/USDT,SHORT,0.3741,0.3730266,0.21424745581146834,0.289,SL,2026-06-21T11:59:19.212852+00:00,15m,2026-06-21 11:59:19.212852+00:00,1782043159212,0.28692862870890196,0.0
CLANKER/USDT,LONG,19.57,19.281035,-2.243753187149402,-1.338,SL,2026-06-21T11:58:03.981878+00:00,15m,2026-06-21 11:58:03.981878+00:00,1782043083981,1.4765712825753758,1.0
BASED/USDT,SHORT,0.0922,0.08976015,0.31163049526989706,0.08,SL,2026-06-21T11:46:19.614650+00:00,15m,2026-06-21 11:46:19.614650+00:00,1782042379614,2.6462581344902465,1.0
XPIN/USDT,LONG,0.001303,0.0013133119999999999,-0.4573170731707263,-0.401,TSL,2026-06-21T11:45:17.648885+00:00,15m,2026-06-21 11:45:17.648885+00:00,1782042317648,0.7914044512663048,0.0
2Z/USDT,SHORT,0.07439,0.07570339,-1.2985274431057545,-0.967,SL,2026-06-21T11:42:40.210860+00:00,15m,2026-06-21 11:42:40.210860+00:00,1782042160210,1.7655464444145688,1.0
FHE/USDT,LONG,0.02022,0.020390369999999998,-0.3436,-0.318,TSL,2026-06-21T11:41:45.484725+00:00,15m,2026-06-21 11:41:45.484725+00:00,1782042105484,0.842581602373885,0.0
TRB/USDT,SHORT,13.784,13.870775,-0.784370687776894,-1.061,SL,2026-06-21T11:40:59.561489+00:00,15m,2026-06-21 11:40:59.561489+00:00,1782042059561,0.6295342426001115,1.0
GMT/USDT,SHORT,0.0083,0.008231760000000001,-1.2136,-0.976,TSL,2026-06-21T11:39:45.210616+00:00,15m,2026-06-21 11:39:45.210616+00:00,1782041985210,0.8221686746987823,0.0
BANANAS31/USDT,SHORT,0.009346,0.009270728999999998,0.5141938939475033,0.872,SL,2026-06-21T11:39:40.132701+00:00,15m,2026-06-21 11:39:40.132701+00:00,1782041980132,0.8053819815964236,1.0
FOLKS/USDT,SHORT,2.205,2.127363,1.211,0.359,TSL,2026-06-21T11:39:14.242080+00:00,15m,2026-06-21 11:39:14.242080+00:00,1782041954242,3.520952380952389,1.0
BERA/USDT,LONG,0.2321,0.23273249999999998,0.4731182795698881,0.596,SL,2026-06-21T11:37:43.926250+00:00,15m,2026-06-21 11:37:43.926250+00:00,1782041863926,0.2725118483412237,1.0
ENJ/USDT,SHORT,0.03423,0.03411585,0.0,0.0,TSL,2026-06-21T11:37:21.173830+00:00,15m,2026-06-21 11:37:21.173830+00:00,1782041841173,0.3334794040315321,0.0
LUMIA/USDT,SHORT,0.1159,0.11509479,-0.28643346931689695,-0.225,SL,2026-06-21T11:36:10.034322+00:00,15m,2026-06-21 11:36:10.034322+00:00,1782041770034,0.69474547023296,1.0
HEMI/USDT,LONG,0.005434,0.00540089,-1.0616877173714057,-0.934,SL,2026-06-21T11:16:58.709369+00:00,15m,2026-06-21 11:16:58.709369+00:00,1782040618709,0.6093117408906771,1.0
UNI/USDT,SHORT,3.045,3.021975,0.8264462809917326,0.683,SL,2026-06-21T11:14:22.392935+00:00,15m,2026-06-21 11:14:22.392935+00:00,1782040462392,0.7561576354679828,1.0
PARTI/USDT,LONG,0.05738,0.057437379999999996,-0.5413333333333447,-0.5,SL,2026-06-21T11:12:42.602246+00:00,15m,2026-06-21 11:12:42.602246+00:00,1782040362602,0.09999999999999262,0.0
RENDER/USDT,LONG,1.705,1.695453,-0.7602339181286492,-0.894,SL,2026-06-21T11:12:01.101076+00:00,15m,2026-06-21 11:12:01.101076+00:00,1782040321101,0.5599413489736054,1.0
VELVET/USDT,SHORT,0.46313,0.46203750000000005,-0.5405,-0.76,TSL,2026-06-21T11:11:53.066542+00:00,15m,2026-06-21 11:11:53.066542+00:00,1782040313066,0.23589488912399126,0.0
ETC/USDT,SHORT,7.423,7.343649,-0.7754,-0.587,TSL,2026-06-21T11:06:27.169049+00:00,15m,2026-06-21 11:06:27.169049+00:00,1782039987169,1.0689882796712913,1.0
SOL/USDT,LONG,73.186,73.661797,-0.238269298459375,-0.181,SL,2026-06-21T11:04:55.017053+00:00,15m,2026-06-21 11:04:55.017053+00:00,1782039895017,0.6501202415762577,0.0
NFP/USDT,LONG,0.0076,0.007664656999999999,-0.3787384092986746,-0.37,TSL,2026-06-21T11:04:15.988548+00:00,15m,2026-06-21 11:04:15.988548+00:00,1782039855988,0.8507499999999897,1.0
HFT/USDT,SHORT,0.0104,0.01046568,-1.4116279069767488,-1.0,SL,2026-06-21T11:03:35.149455+00:00,15m,2026-06-21 11:03:35.149455+00:00,1782039815149,0.631538461538464,0.0
POLYX/USDT,SHORT,0.03912,0.03894102,-0.05130836326320981,-0.072,SL,2026-06-21T11:03:04.151445+00:00,15m,2026-06-21 11:03:04.151445+00:00,1782039784151,0.45751533742331846,0.0
SPX/USDT,SHORT,0.3717,0.3698298,-0.2701,-0.266,TSL,2026-06-21T11:02:21.710637+00:00,15m,2026-06-21 11:02:21.710637+00:00,1782039741710,0.5031476997578662,0.0
TURTLE/USDT,SHORT,0.03593,0.03585411,0.0,0.0,SL,2026-06-21T11:01:47.302957+00:00,15m,2026-06-21 11:01:47.302957+00:00,1782039707302,0.21121625382687206,0.0
AGLD/USDT,SHORT,0.1586,0.1590382,-1.8389346861128635,-2.167,SL,2026-06-21T10:59:05.654483+00:00,15m,2026-06-21 10:59:05.654483+00:00,1782039545654,0.2762925598991171,0.0
MAV/USDT,SHORT,0.01059,0.01051947,-0.3798670465337142,-0.417,SL,2026-06-21T10:43:56.590878+00:00,15m,2026-06-21 10:43:56.590878+00:00,1782038636590,0.6660056657223885,0.0
LTC/USDT,SHORT,45.19,44.96499,-0.4443,-0.575,TSL,2026-06-21T10:43:38.983487+00:00,15m,2026-06-21 10:43:38.983487+00:00,1782038618983,0.4979198937818046,0.0
SPX/USDT,SHORT,0.3735,0.3710286,-0.2154,-0.225,TSL,2026-06-21T10:42:39.762158+00:00,15m,2026-06-21 10:42:39.762158+00:00,1782038559762,0.6616867469879552,0.0
NFP/USDT,SHORT,0.00763,0.00757242,-0.8179,-0.611,TSL,2026-06-21T10:42:17.331983+00:00,15m,2026-06-21 10:42:17.331983+00:00,1782038537331,0.7546526867627757,0.0
ROSE/USDT,SHORT,0.00671,0.0066543390000000004,-0.7206,-0.695,TSL,2026-06-21T10:42:00.770098+00:00,15m,2026-06-21 10:42:00.770098+00:00,1782038520770,0.8295230998509595,0.0
RESOLV/USDT,SHORT,0.01743,0.01754628,-1.5046296296296284,-0.976,SL,2026-06-21T10:37:49.134159+00:00,15m,2026-06-21 10:37:49.134159+00:00,1782038269134,0.6671256454388975,0.0
1000PEPE/USDT,LONG,0.0028472,0.00283814,-0.486813995026787,-0.81,SL,2026-06-21T10:34:55.481616+00:00,15m,2026-06-21 10:34:55.481616+00:00,1782038095481,0.31820736161843116,0.0
LAB/USDT,LONG,15.197,15.6027886,-0.6608070828254299,-0.174,SL,2026-06-21T10:34:11.868706+00:00,15m,2026-06-21 10:34:11.868706+00:00,1782038051868,2.6701888530631117,0.0
SWARMS/USDT,SHORT,0.00757,0.007567425,-2.2574,-6.48,TSL,2026-06-21T10:32:37.269439+00:00,15m,2026-06-21 10:32:37.269439+00:00,1782037957269,0.03401585204756037,0.0
SNX/USDT,LONG,0.2417,0.24294269999999998,-0.4532,-0.624,TSL,2026-06-21T10:31:51.175169+00:00,15m,2026-06-21 10:31:51.175169+00:00,1782037911175,0.514149772445174,1.0
ICNT/USDT,SHORT,0.1859,0.18918335,-0.6497022198159212,-0.268,TP,2026-06-21T10:19:37.054622+00:00,15m,2026-06-21 10:19:37.054622+00:00,1782037177054,1.7661915008068803,1.0
TA/USDT,LONG,0.07263,0.07328320999999999,-1.1884,-1.002,TSL,2026-06-21T10:18:16.830055+00:00,15m,2026-06-21 10:18:16.830055+00:00,1782037096830,0.8993666528982341,1.0
SWARMS/USDT,SHORT,0.0076,0.007544448,-2.5689,-2.795,TSL,2026-06-21T10:17:22.167415+00:00,15m,2026-06-21 10:17:22.167415+00:00,1782037042167,0.7309473684210577,0.0
RENDER/USDT,LONG,1.693,1.706705,-0.4106,-0.358,TSL,2026-06-21T10:15:20.114856+00:00,15m,2026-06-21 10:15:20.114856+00:00,1782036920114,0.8095097460129862,1.0
ZKP/USDT,LONG,0.05861,0.058898839999999994,-0.4249,-0.645,TSL,2026-06-21T10:15:08.059384+00:00,15m,2026-06-21 10:15:08.059384+00:00,1782036908059,0.4928169254393305,1.0
BERA/USDT,LONG,0.2306,0.23263239999999996,1.0327022375215202,0.844,SL,2026-06-21T10:13:50.689474+00:00,15m,2026-06-21 10:13:50.689474+00:00,1782036830689,0.8813529921942594,1.0
AKT/USDT,LONG,0.7428,0.7546538999999999,-0.1193792280143271,-0.051,SL,2026-06-21T10:09:42.748249+00:00,15m,2026-06-21 10:09:42.748249+00:00,1782036582748,1.5958400646203366,1.0
STRK/USDT,SHORT,0.03459,0.03455541,-0.33510452961673426,-0.37,SL,2026-06-21T10:06:39.491561+00:00,15m,2026-06-21 10:06:39.491561+00:00,1782036399491,0.1000000000000029,0.0
STAR/USDT,LONG,0.16822,0.1711594,0.8280710115572515,3.148,SL,2026-06-21T09:47:24.038666+00:00,15m,2026-06-21 09:47:24.038666+00:00,1782035244038,1.7473546546189398,1.0
YGG/USDT,LONG,0.02674,0.02697695,-0.3711,-0.323,TSL,2026-06-21T09:46:32.239070+00:00,15m,2026-06-21 09:46:32.239070+00:00,1782035192239,0.8861256544502606,1.0
COLLECT/USDT,SHORT,0.05002,0.04984909999999999,-0.6469874646178747,-0.447,SL,2026-06-21T09:46:03.259091+00:00,15m,2026-06-21 09:46:03.259091+00:00,1782035163259,0.3416633346661506,1.0
ETHFI/USDT,LONG,0.3465,0.35015306,-0.17118402282453338,-0.098,TP,2026-06-21T09:44:58.493299+00:00,15m,2026-06-21 09:44:58.493299+00:00,1782035098493,1.0542741702741822,0.0
BIO/USDT,LONG,0.0319,0.03176229,-0.2812499999999994,-0.379,SL,2026-06-21T09:43:09.738177+00:00,15m,2026-06-21 09:43:09.738177+00:00,1782034989738,0.4316927899686496,0.0
ACT/USDT,LONG,0.00919,0.00914626,-0.10857763300759601,-0.157,SL,2026-06-21T09:42:06.258002+00:00,15m,2026-06-21 09:42:06.258002+00:00,1782034926258,0.47595212187160435,1.0
NIGHT/USDT,SHORT,0.03278,0.03271725,-0.06106870229007384,-0.155,SL,2026-06-21T09:41:57.450624+00:00,15m,2026-06-21 09:41:57.450624+00:00,1782034917450,0.19142769981694133,0.0
METIS/USDT,LONG,3.221,3.2342309999999994,-0.65,-0.621,TSL,2026-06-21T09:40:49.946389+00:00,15m,2026-06-21 09:40:49.946389+00:00,1782034849946,0.4107730518472315,1.0
GMT/USDT,SHORT,0.00829,0.008281710000000001,-0.9964634146341519,-0.667,SL,2026-06-21T09:25:36.582386+00:00,15m,2026-06-21 09:25:36.582386+00:00,1782033936582,0.09999999999999203,0.0
ZKC/USDT,SHORT,0.048,0.04817215,-0.25010421008752626,-0.625,SL,2026-06-21T09:25:09.048868+00:00,15m,2026-06-21 09:25:09.048868+00:00,1782033909048,0.3586458333333248,1.0
MAV/USDT,SHORT,0.01053,0.01056583,-0.4766444232602615,-0.659,SL,2026-06-21T09:24:51.669077+00:00,15m,2026-06-21 09:24:51.669077+00:00,1782033891669,0.3402659069325792,0.0
SFP/USDT,SHORT,0.2351,0.2325672,-1.3316,-1.05,TSL,2026-06-21T09:20:20.725774+00:00,15m,2026-06-21 09:20:20.725774+00:00,1782033620725,1.0773287962569127,0.0
GRIFFAIN/USDT,LONG,0.00926,0.00922015,-0.08631851532154793,-0.167,TP,2026-06-21T09:19:35.519881+00:00,15m,2026-06-21 09:19:35.519881+00:00,1782033575519,0.43034557235420373,1.0
CGPT/USDT,SHORT,0.0204,0.02047066,-0.6394490900147475,-0.924,SL,2026-06-21T09:16:59.535738+00:00,15m,2026-06-21 09:16:59.535738+00:00,1782033419535,0.3463725490196086,0.0
JCT/USDT,LONG,0.005181,0.005223218,-0.21080873898046362,-0.184,SL,2026-06-21T09:16:22.066473+00:00,15m,2026-06-21 09:16:22.066473+00:00,1782033382066,0.8148619957537178,0.0
TA/USDT,LONG,0.07284,0.07321836799999999,-1.1251,-0.716,TSL,2026-06-21T09:16:15.853525+00:00,15m,2026-06-21 09:16:15.853525+00:00,1782033375853,0.5194508511806563,1.0
LDO/USDT,LONG,0.2763,0.2781778999999999,-0.7197,-0.711,TSL,2026-06-21T09:03:08.574064+00:00,15m,2026-06-21 09:03:08.574064+00:00,1782032588574,0.6796597900832184,0.0
ETHFI/USDT,LONG,0.3463,0.34774739999999993,-0.2590673575129568,-0.289,TP,2026-06-21T09:02:23.395749+00:00,15m,2026-06-21 09:02:23.395749+00:00,1782032543395,0.41796130522666247,0.0
OP/USDT,LONG,0.1025,0.10310299999999999,-0.8738,-0.944,TSL,2026-06-21T09:01:04.745682+00:00,15m,2026-06-21 09:01:04.745682+00:00,1782032464745,0.5882926829268219,0.0
ZKP/USDT,LONG,0.05827,0.059048989999999996,-0.6272,-0.399,TSL,2026-06-21T09:00:39.881607+00:00,15m,2026-06-21 09:00:39.881607+00:00,1782032439881,1.3368628796979463,1.0
CELO/USDT,LONG,0.0666,0.06600085,-1.1246,-1.088,SL,2026-06-21T08:59:25.402242+00:00,15m,2026-06-21 08:59:25.402242+00:00,1782032365402,0.8996246246246346,1.0
MERL/USDT,LONG,0.02128,0.0215433,-0.6941,-0.318,TSL,2026-06-21T08:59:10.283599+00:00,15m,2026-06-21 08:59:10.283599+00:00,1782032350283,1.2373120300751927,1.0
BASED/USDT,SHORT,0.09235,0.09175815,0.489929232444209,0.298,SL,2026-06-21T08:59:08.836100+00:00,15m,2026-06-21 08:59:08.836100+00:00,1782032348836,0.6408770979967567,1.0
CHR/USDT,LONG,0.01611,0.01598599,-0.8668730650154874,-0.854,SL,2026-06-21T08:57:08.811494+00:00,15m,2026-06-21 08:57:08.811494+00:00,1782032228811,0.769770328988211,1.0
HFT/USDT,SHORT,0.01054,0.01041957,-0.9588,-0.603,TSL,2026-06-21T08:55:10.426736+00:00,15m,2026-06-21 08:55:10.426736+00:00,1782032110426,1.1425996204933702,0.0
LAB/USDT,LONG,15.323,15.745729999999998,-0.7247298156389115,-0.185,SL,2026-06-21T08:49:45.093628+00:00,15m,2026-06-21 08:49:45.093628+00:00,1782031785093,2.758793969849232,0.0
POLYX/USDT,LONG,0.03891,0.03905901999999999,-0.1794,-0.201,TSL,2026-06-21T08:48:50.122211+00:00,15m,2026-06-21 08:48:50.122211+00:00,1782031730122,0.3829863788229061,1.0
OPG/USDT,LONG,0.1595,0.16016,0.0,0.0,TSL,2026-06-21T08:47:28.003044+00:00,15m,2026-06-21 08:47:28.003044+00:00,1782031648003,0.4137931034482721,1.0
UNI/USDT,SHORT,2.993,2.968029,-0.06731740154829283,-0.051,SL,2026-06-21T08:34:16.845909+00:00,15m,2026-06-21 08:34:16.845909+00:00,1782030856845,0.8343133979284951,1.0
MAV/USDT,SHORT,0.01054,0.01047951,-0.7626,-0.69,TSL,2026-06-21T08:29:59.687206+00:00,15m,2026-06-21 08:29:59.687206+00:00,1782030599687,0.573908918406087,0.0
HIVE/USDT,LONG,0.05,0.05027022,0.0,0.0,SL,2026-06-21T08:26:59.803366+00:00,15m,2026-06-21 08:26:59.803366+00:00,1782030419803,0.5404399999999893,1.0
AKT/USDT,LONG,0.7451,0.7525518,0.17291832934290605,0.143,SL,2026-06-21T08:26:32.086288+00:00,15m,2026-06-21 08:26:32.086288+00:00,1782030392086,1.000107368138506,1.0
MAGIC/USDT,LONG,0.0469,0.0467298,-0.5736137667304002,-0.794,SL,2026-06-21T08:20:12.305949+00:00,15m,2026-06-21 08:20:12.305949+00:00,1782030012305,0.36289978678037393,1.0
YB/USDT,LONG,0.0801,0.0814814,-0.7371,-0.33,TSL,2026-06-21T08:19:32.632412+00:00,15m,2026-06-21 08:19:32.632412+00:00,1782029972632,1.7245942571785153,0.0
NEAR/USDT,SHORT,2.217,2.209788,-0.04520795660035668,-0.047,SL,2026-06-21T08:00:53.874343+00:00,15m,2026-06-21 08:00:53.874343+00:00,1782028853874,0.3253044654939105,0.0
XPIN/USDT,SHORT,0.0013081,0.0012967019999999998,-0.6163,-0.489,TSL,2026-06-21T08:00:52.187188+00:00,15m,2026-06-21 08:00:52.187188+00:00,1782028852187,0.8713401116122725,1.0
SWARMS/USDT,SHORT,0.007704,0.00763236,-1.3874,-0.776,TSL,2026-06-21T08:00:49.454300+00:00,15m,2026-06-21 08:00:49.454300+00:00,1782028849454,0.9299065420560689,0.0
ZORA/USDT,SHORT,0.00789,0.007835156999999999,-0.7267627183475902,-0.828,SL,2026-06-21T08:00:27.852460+00:00,15m,2026-06-21 08:00:27.852460+00:00,1782028827852,0.6950950570342282,0.0
STAR/USDT,LONG,0.16854,0.16926909999999998,0.08870490833826804,0.09,SL,2026-06-21T07:59:41.102729+00:00,15m,2026-06-21 07:59:41.102729+00:00,1782028781102,0.4325976029429112,1.0
VANA/USDT,SHORT,1.162,1.167749,-1.043478260869566,-0.676,TP,2026-06-21T07:58:49.481674+00:00,15m,2026-06-21 07:58:49.481674+00:00,1782028729481,0.49475043029259935,0.0
SUPER/USDT,SHORT,0.0992,0.0984015,-3.2487,-3.05,TSL,2026-06-21T07:56:41.917191+00:00,15m,2026-06-21 07:56:41.917191+00:00,1782028601917,0.804939516129026,0.0
POWER/USDT,LONG,0.07703,0.07735727999999999,-0.2459,-0.304,TSL,2026-06-21T07:55:14.704140+00:00,15m,2026-06-21 07:55:14.704140+00:00,1782028514704,0.4248734259379272,0.0
BOME/USDT,LONG,0.0004357,0.000438438,-0.3425,-0.37,TSL,2026-06-21T07:54:36.674259+00:00,15m,2026-06-21 07:54:36.674259+00:00,1782028476674,0.6284140463621665,0.0
BB/USDT,LONG,0.02265,0.02253615,-0.8798944126704742,-1.032,SL,2026-06-21T07:47:16.305268+00:00,15m,2026-06-21 07:47:16.305268+00:00,1782028036305,0.5026490066225107,1.0
AT/USDT,SHORT,0.13945,0.13787199,-0.355,-0.25,TSL,2026-06-21T07:46:16.869857+00:00,15m,2026-06-21 07:46:16.869857+00:00,1782027976869,1.131595553961987,1.0
ETC/USDT,SHORT,7.404,7.36263,-0.787,-1.015,TSL,2026-06-21T07:45:59.198640+00:00,15m,2026-06-21 07:45:59.198640+00:00,1782027959198,0.5587520259319244,1.0
ETHFI/USDT,LONG,0.3465,0.35014979999999996,-0.45740423098913385,-0.301,TP,2026-06-21T07:44:55.980504+00:00,15m,2026-06-21 07:44:55.980504+00:00,1782027895980,1.053333333333328,0.0
SWARMS/USDT,SHORT,0.007763,0.007668324,-0.9119,-0.557,TSL,2026-06-21T07:33:49.440561+00:00,15m,2026-06-21 07:33:49.440561+00:00,1782027229440,1.2195800592554442,0.0
GMT/USDT,SHORT,0.00831,0.00833248,-0.9696969696969722,-0.97,SL,2026-06-21T07:33:14.378245+00:00,15m,2026-06-21 07:33:14.378245+00:00,1782027194378,0.2705174488567999,0.0
NFP/USDT,SHORT,0.00803,0.007678852,3.6245,1.845,TSL,2026-06-21T07:30:27.013398+00:00,15m,2026-06-21 07:30:27.013398+00:00,1782027027013,4.372951432129524,0.0
MEW/USDT,SHORT,0.000375,0.00037656,-0.5872931126534969,-1.122,SL,2026-06-21T07:24:38.499123+00:00,15m,2026-06-21 07:24:38.499123+00:00,1782026678499,0.4160000000000014,0.0
BIO/USDT,LONG,0.03206,0.03196198,-0.43600124571784876,-0.946,SL,2026-06-21T07:20:32.646205+00:00,15m,2026-06-21 07:20:32.646205+00:00,1782026432646,0.3057392389270034,0.0
NIGHT/USDT,SHORT,0.03281,0.032657309999999995,-0.3365,-0.408,TSL,2026-06-21T07:18:38.612367+00:00,15m,2026-06-21 07:18:38.612367+00:00,1782026318612,0.46537640963122195,0.0
MAGMA/USDT,LONG,0.43905,0.448930832,0.8657718120805334,0.313,TP,2026-06-21T07:06:11.182729+00:00,15m,2026-06-21 07:06:11.182729+00:00,1782025571182,2.250502676232777,1.0
SWARMS/USDT,SHORT,0.007734,0.0078127,-0.16837197254241665,-0.142,TP,2026-06-21T07:01:58.747429+00:00,15m,2026-06-21 07:01:58.747429+00:00,1782025318747,1.0175846909749175,0.0
SLP/USDT,SHORT,0.000519,0.0005135859,-0.6613499319198549,-0.455,SL,2026-06-21T06:59:13.118573+00:00,15m,2026-06-21 06:59:13.118573+00:00,1782025153118,1.0431791907514567,0.0
CAKE/USDT,SHORT,1.391,1.3850136000000002,-0.1226,-0.189,TSL,2026-06-21T06:58:15.972142+00:00,15m,2026-06-21 06:58:15.972142+00:00,1782025095972,0.43036664270307956,0.0
RAVE/USDT,SHORT,0.2702,0.2694303,-0.0370782350760063,-0.029,SL,2026-06-21T06:53:15.369490+00:00,15m,2026-06-21 06:53:15.369490+00:00,1782024795369,0.2848630643967373,1.0
SKY/USDT,SHORT,0.05826,0.0580419,-0.4131,-0.653,TSL,2026-06-21T06:50:01.711707+00:00,15m,2026-06-21 06:50:01.711707+00:00,1782024601711,0.3743563336766201,0.0
XPIN/USDT,LONG,0.0013052,0.001315314,-0.9132,-0.927,TSL,2026-06-21T06:49:59.750596+00:00,15m,2026-06-21 06:49:59.750596+00:00,1782024599750,0.7749003984063645,0.0
SAGA/USDT,SHORT,0.01387,0.01361637,-0.2935,-0.102,TSL,2026-06-21T06:49:12.263459+00:00,15m,2026-06-21 06:49:12.263459+00:00,1782024552263,1.8286229271809749,0.0
CFX/USDT,LONG,0.04757,0.04795790999999999,-1.0436,-0.875,TSL,2026-06-21T06:47:34.406436+00:00,15m,2026-06-21 06:47:34.406436+00:00,1782024454406,0.8154509144418568,1.0
HIVE/USDT,LONG,0.04951,0.04963959,0.1613,0.126,TSL,2026-06-21T06:46:43.337871+00:00,15m,2026-06-21 06:46:43.337871+00:00,1782024403337,0.2617451019995938,1.0
AVA/USDT,SHORT,0.1976,0.19630350000000002,-0.3562,-0.369,TSL,2026-06-21T06:45:46.433935+00:00,15m,2026-06-21 06:45:46.433935+00:00,1782024346433,0.6561234817813655,0.0
MAV/USDT,SHORT,0.01057,0.010529460000000001,-0.3795,-0.417,TSL,2026-06-21T06:33:54.696632+00:00,15m,2026-06-21 06:33:54.696632+00:00,1782023634696,0.3835383159886342,0.0
HANA/USDT,SHORT,0.04089,0.04070925,-0.024539877300603984,-0.024,SL,2026-06-21T06:30:43.369515+00:00,15m,2026-06-21 06:30:43.369515+00:00,1782023443369,0.4420396184886289,0.0
BAT/USDT,SHORT,0.0891,0.08983455,-0.7865168539325913,-0.839,SL,2026-06-21T06:27:53.600717+00:00,15m,2026-06-21 06:27:53.600717+00:00,1782023273600,0.824410774410775,1.0
VANA/USDT,LONG,1.15,1.1561549999999998,-0.2597,-0.309,TSL,2026-06-21T06:27:49.548833+00:00,15m,2026-06-21 06:27:49.548833+00:00,1782023269548,0.5352173913043401,0.0
MOVR/USDT,LONG,1.268,1.2752739999999998,-0.23547880690738726,-0.233,SL,2026-06-21T06:26:38.718779+00:00,15m,2026-06-21 06:26:38.718779+00:00,1782023198718,0.5736593059936735,0.0
STAR/USDT,SHORT,0.17336,0.17328654000000002,1.6142050040355107,4.113,SL,2026-06-21T06:25:30.046135+00:00,15m,2026-06-21 06:25:30.046135+00:00,1782023130046,0.04237425011534937,0.0
SQD/USDT,SHORT,0.04452,0.0437562,-0.365296803652969,-0.164,SL,2026-06-21T06:25:27.481926+00:00,15m,2026-06-21 06:25:27.481926+00:00,1782023127481,1.715633423180582,1.0
ORDI/USDT,SHORT,3.355,3.332664,-0.05995203836931126,-0.051,SL,2026-06-21T06:23:14.865924+00:00,15m,2026-06-21 06:23:14.865924+00:00,1782022994865,0.665752608047694,0.0
EGLD/USDT,LONG,2.856,2.8668639999999996,-0.2793,-0.524,TSL,2026-06-21T06:22:11.258412+00:00,15m,2026-06-21 06:22:11.258412+00:00,1782022931258,0.3803921568627368,0.0
SOL/USDT,LONG,73.292,72.9314385,-0.37156947119654327,-1.002,SL,2026-06-21T06:19:52.843320+00:00,15m,2026-06-21 06:19:52.843320+00:00,1782022792843,0.4919520547945245,0.0
STRK/USDT,LONG,0.03411,0.03428425,-0.3212,-0.391,TSL,2026-06-21T06:08:31.924319+00:00,15m,2026-06-21 06:08:31.924319+00:00,1782022111924,0.5108472588683693,1.0
ACU/USDT,LONG,0.0863,0.08675667,-0.4730587285104347,-0.684,SL,2026-06-21T06:07:06.709372+00:00,15m,2026-06-21 06:07:06.709372+00:00,1782022026709,0.5291657010428649,1.0
GALA/USDT,SHORT,0.00269,0.00267732,0.0,0.0,SL,2026-06-21T06:05:24.928991+00:00,15m,2026-06-21 06:05:24.928991+00:00,1782021924928,0.4713754646840207,0.0
ETC/USDT,SHORT,7.417,7.347645,-1.1285,-1.023,TSL,2026-06-21T06:03:52.715595+00:00,15m,2026-06-21 06:03:52.715595+00:00,1782021832715,0.9350815693676666,1.0
NFP/USDT,SHORT,0.00775,0.00780169,-0.7360537190082613,-0.988,SL,2026-06-21T06:01:58.156071+00:00,15m,2026-06-21 06:01:58.156071+00:00,1782021718156,0.6669677419354847,1.0
VET/USDT,SHORT,0.004948,0.004943052,-0.4263,-0.593,TSL,2026-06-21T06:01:33.455101+00:00,15m,2026-06-21 06:01:33.455101+00:00,1782021693455,0.10000000000000561,0.0
ME/USDT,SHORT,0.0625,0.06217776,-2.41,-3.305,TSL,2026-06-21T06:01:20.889462+00:00,15m,2026-06-21 06:01:20.889462+00:00,1782021680889,0.5155840000000023,0.0
1INCH/USDT,SHORT,0.0731,0.0733098,-0.823,-1.464,SL,2026-06-21T06:01:11.530865+00:00,15m,2026-06-21 06:01:11.530865+00:00,1782021671530,0.28700410396716297,0.0
CAKE/USDT,SHORT,1.3927,1.3829157,-0.3973,-0.408,TSL,2026-06-21T06:01:00.116669+00:00,15m,2026-06-21 06:01:00.116669+00:00,1782021660116,0.7025418252315623,0.0
BTW/USDT,SHORT,0.11006,0.1031557,-0.5212431156569519,-0.047,SL,2026-06-21T06:00:44.668280+00:00,15m,2026-06-21 06:00:44.668280+00:00,1782021644668,6.273214610212613,0.0
DYDX/USDT,SHORT,0.11911,0.11832156,-0.4137115839243418,-0.423,SL,2026-06-21T06:00:31.162775+00:00,15m,2026-06-21 06:00:31.162775+00:00,1782021631162,0.6619427420031798,0.0
COLLECT/USDT,SHORT,0.0515,0.049765268,-0.40461258345134293,-0.073,SL,2026-06-21T06:00:28.116854+00:00,15m,2026-06-21 06:00:28.116854+00:00,1782021628116,3.368411650485429,1.0
SWARMS/USDT,SHORT,0.007784,0.007729263,-0.1939,-0.124,TSL,2026-06-21T06:00:24.997574+00:00,15m,2026-06-21 06:00:24.997574+00:00,1782021624997,0.7031988694758481,0.0
CETUS/USDT,SHORT,0.01823,0.01829741,-0.77134986225896,-0.95,SL,2026-06-21T05:59:29.616822+00:00,15m,2026-06-21 05:59:29.616822+00:00,1782021569616,0.36977509599561376,0.0
GPS/USDT,LONG,0.008948,0.009027018,-0.4546,-0.215,TSL,2026-06-21T05:58:51.591310+00:00,15m,2026-06-21 05:58:51.591310+00:00,1782021531591,0.8830800178810925,1.0
ZEN/USDT,SHORT,4.642,4.656975,-0.7785111447738507,-1.0,SL,2026-06-21T05:57:07.356481+00:00,15m,2026-06-21 05:57:07.356481+00:00,1782021427356,0.32259801809564276,0.0
KGEN/USDT,SHORT,0.17844,0.17687295,-0.1920361479807846,-0.183,SL,2026-06-21T05:54:53.476313+00:00,15m,2026-06-21 05:54:53.476313+00:00,1782021293476,0.8781943510423597,0.0
POL/USDT,SHORT,0.07919,0.07884108000000001,-0.4942,-0.832,TSL,2026-06-21T05:54:10.903846+00:00,15m,2026-06-21 05:54:10.903846+00:00,1782021250903,0.4406111882813344,0.0
BASED/USDT,SHORT,0.09024,0.09001988999999999,1.3206081455998187,0.883,SL,2026-06-21T05:52:27.028371+00:00,15m,2026-06-21 05:52:27.028371+00:00,1782021147028,0.2439162234042658,1.0
RAVE/USDT,LONG,0.269,0.27109896,-0.2941,-0.2,TSL,2026-06-21T05:37:45.743349+00:00,15m,2026-06-21 05:37:45.743349+00:00,1782020265743,0.7802825278810346,0.0
UMA/USDT,LONG,0.4239,0.4219661,-0.5656,-1.028,SL,2026-06-21T05:34:57.623761+00:00,15m,2026-06-21 05:34:57.623761+00:00,1782020097623,0.4562160887001624,1.0
ZEN/USDT,LONG,4.632,4.658653999999999,-0.3438,-0.391,TSL,2026-06-21T05:33:04.866381+00:00,15m,2026-06-21 05:33:04.866381+00:00,1782019984866,0.5754317789291825,1.0
ZKP/USDT,LONG,0.0584,0.05763342,-1.369159678247479,-1.004,SL,2026-06-21T05:29:22.536664+00:00,15m,2026-06-21 05:29:22.536664+00:00,1782019762536,1.3126369863013747,0.0
ETH/USDT,LONG,1733.58,1738.0963599999998,-0.0685,-0.122,TSL,2026-06-21T05:28:49.984573+00:00,15m,2026-06-21 05:28:49.984573+00:00,1782019729984,0.26052215646234095,1.0
SANTOS/USDT,SHORT,0.612,0.611388,-0.3591595535128166,-0.464,SL,2026-06-21T05:28:00.720057+00:00,15m,2026-06-21 05:28:00.720057+00:00,1782019680720,0.09999999999999115,1.0
DYM/USDT,LONG,0.01743,0.0177177,-2.2599,-1.156,TSL,2026-06-21T05:27:53.924151+00:00,15m,2026-06-21 05:27:53.924151+00:00,1782019673924,1.650602409638545,1.0
SWARMS/USDT,SHORT,0.007784,0.007686306,-0.3379,-0.159,TSL,2026-06-21T05:27:39.298309+00:00,15m,2026-06-21 05:27:39.298309+00:00,1782019659298,1.2550616649537478,0.0
TIA/USDT,LONG,0.3658,0.3665662,-0.054614964500282207,-0.07,SL,2026-06-21T05:27:17.624456+00:00,15m,2026-06-21 05:27:17.624456+00:00,1782019637624,0.20945872061235501,0.0
WCT/USDT,LONG,0.04664,0.047068084,-0.0636,-0.041,TSL,2026-06-21T05:27:14.199385+00:00,15m,2026-06-21 05:27:14.199385+00:00,1782019634199,0.917847341337912,1.0
ETHFI/USDT,LONG,0.3463,0.34774739999999993,-0.8347725964306316,-1.199,TP,2026-06-21T05:27:06.599872+00:00,15m,2026-06-21 05:27:06.599872+00:00,1782019626599,0.41796130522666247,0.0
CLO/USDT,LONG,0.20246,0.22305282999999998,-2.576,-0.195,TSL,2026-06-21T05:15:35.140485+00:00,15m,2026-06-21 05:15:35.140485+00:00,1782018935140,10.171307912674097,0.0
HFT/USDT,SHORT,0.01122,0.011208780000000002,-1.5288043478261057,-0.609,SL,2026-06-21T05:14:18.392683+00:00,15m,2026-06-21 05:14:18.392683+00:00,1782018858392,0.09999999999999362,0.0
KITE/USDT,SHORT,0.16581,0.16682987,-0.9316171577227895,-1.0,SL,2026-06-21T05:11:04.151841+00:00,15m,2026-06-21 05:11:04.151841+00:00,1782018664151,0.6150835293407987,1.0
BR/USDT,SHORT,0.14165,0.14227309,-1.0270308822480543,-0.698,TP,2026-06-21T05:10:47.791345+00:00,15m,2026-06-21 05:10:47.791345+00:00,1782018647791,0.4398799858806868,1.0
AT/USDT,SHORT,0.13867,0.13829157,0.1661,0.284,TSL,2026-06-21T05:08:32.201235+00:00,15m,2026-06-21 05:08:32.201235+00:00,1782018512201,0.27289968991128954,1.0
Q/USDT,LONG,0.018163,0.01811179,-1.6745102331180766,-1.886,SL,2026-06-21T05:06:57.486640+00:00,15m,2026-06-21 05:06:57.486640+00:00,1782018417486,0.28194681495347385,1.0
DYM/USDT,LONG,0.01744,0.017727709999999997,-2.5974,-1.369,TSL,2026-06-21T05:06:37.300948+00:00,15m,2026-06-21 05:06:37.300948+00:00,1782018397300,1.649713302752274,1.0
MAGMA/USDT,LONG,0.42453,0.431163236,-0.0739,-0.026,TSL,2026-06-21T05:06:25.328336+00:00,15m,2026-06-21 05:06:25.328336+00:00,1782018385328,1.5624893411537433,1.0
MAV/USDT,LONG,0.01064,0.0105841,-0.9354536950420899,-0.944,SL,2026-06-21T05:06:05.383849+00:00,15m,2026-06-21 05:06:05.383849+00:00,1782018365383,0.525375939849618,1.0
SWARMS/USDT,SHORT,0.007784,0.007621371,-0.4719,-0.157,TSL,2026-06-21T05:06:02.988569+00:00,15m,2026-06-21 05:06:02.988569+00:00,1782018362988,2.0892728674203505,0.0
ZEC/USDT,SHORT,469.81,464.84469,0.004298209795616215,0.003,SL,2026-06-21T05:05:48.117857+00:00,15m,2026-06-21 05:05:48.117857+00:00,1782018348117,1.0568761839892697,0.0
MEW/USDT,SHORT,0.000375,0.0003724272,-0.6706,-0.665,TSL,2026-06-21T05:05:42.203115+00:00,15m,2026-06-21 05:05:42.203115+00:00,1782018342203,0.686080000000001,0.0
BIO/USDT,LONG,0.03202,0.03219216,-0.5908,-0.798,TSL,2026-06-21T05:05:30.327364+00:00,15m,2026-06-21 05:05:30.327364+00:00,1782018330327,0.5376639600249769,0.0
SYN/USDT,LONG,0.13552,0.1356355,1.107,0.429,TSL,2026-06-21T05:04:50.328165+00:00,15m,2026-06-21 05:04:50.328165+00:00,1782018290328,0.0852272727272658,1.0
GRIFFAIN/USDT,SHORT,0.009144,0.0092168,-0.6338797814207544,-0.868,SL,2026-06-21T05:02:41.896595+00:00,15m,2026-06-21 05:02:41.896595+00:00,1782018161896,0.7961504811898659,0.0
CFG/USDT,SHORT,0.228,0.2273724,-0.04393673110721298,-0.096,SL,2026-06-21T05:02:05.754780+00:00,15m,2026-06-21 05:02:05.754780+00:00,1782018125754,0.27526315789473943,1.0
ROSE/USDT,SHORT,0.00667,0.006611382,-1.1786,-0.951,TSL,2026-06-21T04:48:06.200987+00:00,15m,2026-06-21 04:48:06.200987+00:00,1782017286200,0.8788305847076442,0.0
SOL/USDT,LONG,73.292,73.865792,-0.17752601908065946,-0.152,SL,2026-06-21T04:44:56.410212+00:00,15m,2026-06-21 04:44:56.410212+00:00,1782017096410,0.7828848987611164,0.0
US/USDT,LONG,0.015,0.015109093999999998,-0.4108,-0.373,TSL,2026-06-21T04:44:40.366453+00:00,15m,2026-06-21 04:44:40.366453+00:00,1782017080366,0.7272933333333255,1.0
SQD/USDT,LONG,0.04474,0.04451313,-1.257475598935235,-1.0,SL,2026-06-21T04:42:54.578910+00:00,15m,2026-06-21 04:42:54.578910+00:00,1782016974578,0.5070853822083237,0.0
HFT/USDT,LONG,0.01104,0.01123122,-1.3369,-0.49,TSL,2026-06-21T04:41:42.668258+00:00,15m,2026-06-21 04:41:42.668258+00:00,1782016902668,1.7320652173913103,1.0
ME/USDT,LONG,0.06252,0.0623064,-0.6060606060606145,-0.965,SL,2026-06-21T04:40:49.308651+00:00,15m,2026-06-21 04:40:49.308651+00:00,1782016849308,0.3416506717850419,1.0
BOME/USDT,LONG,0.0004359,0.0004391386999999999,-0.3875,-0.42,TSL,2026-06-21T04:39:19.252560+00:00,15m,2026-06-21 04:39:19.252560+00:00,1782016759252,0.74299151181461,0.0
XPIN/USDT,SHORT,0.001306,0.00131397,-0.7680491551459313,-0.835,SL,2026-06-21T04:38:58.110310+00:00,15m,2026-06-21 04:38:58.110310+00:00,1782016738110,0.6102603369065803,1.0
RENDER/USDT,LONG,1.707,1.69745,-0.5272407732864745,-0.942,SL,2026-06-21T04:38:47.572208+00:00,15m,2026-06-21 04:38:47.572208+00:00,1782016727572,0.5594610427650948,1.0
UNI/USDT,LONG,2.975,2.9625495,-0.20113979215555575,-0.293,SL,2026-06-21T04:38:38.021061+00:00,15m,2026-06-21 04:38:38.021061+00:00,1782016718021,0.4185042016806696,0.0
SWARMS/USDT,SHORT,0.007784,0.007660332000000001,0.1043,0.042,TSL,2026-06-21T04:38:33.388269+00:00,15m,2026-06-21 04:38:33.388269+00:00,1782016713388,1.5887461459403844,0.0
CFX/USDT,LONG,0.04771,0.04745871,-0.9799833194328713,-0.938,SL,2026-06-21T04:38:17.389130+00:00,15m,2026-06-21 04:38:17.389130+00:00,1782016697389,0.526702997275207,1.0
SAPIEN/USDT,LONG,0.0828,0.08336328,-0.8886,-1.036,TSL,2026-06-21T04:38:12.879910+00:00,15m,2026-06-21 04:38:12.879910+00:00,1782016692879,0.680289855072463,1.0
FF/USDT,SHORT,0.07237,0.07218774,0.7611,1.624,TSL,2026-06-21T04:37:11.788269+00:00,15m,2026-06-21 04:37:11.788269+00:00,1782016631788,0.2518446870250152,0.0
TRUTH/USDT,LONG,0.013955,0.014038023999999998,-0.38505419281232334,-0.413,SL,2026-06-21T04:21:10.893565+00:00,15m,2026-06-21 04:21:10.893565+00:00,1782015670893,0.5949408814044966,0.0
SWARMS/USDT,SHORT,0.00772,0.00776163,-0.07778065854290807,-0.126,TP,2026-06-21T04:18:43.137313+00:00,15m,2026-06-21 04:18:43.137313+00:00,1782015523137,0.539248704663212,0.0
XLM/USDT,SHORT,0.21402,0.21473162,-0.5342330943343184,-0.85,SL,2026-06-21T04:18:01.747047+00:00,15m,2026-06-21 04:18:01.747047+00:00,1782015481747,0.33250163536119237,1.0
SXT/USDT,SHORT,0.00791,0.007869123,-0.5332,-0.765,TSL,2026-06-21T04:17:57.188298+00:00,15m,2026-06-21 04:17:57.188298+00:00,1782015477188,0.5167762326169396,1.0
NFP/USDT,SHORT,0.00791,0.007867125,0.6222,0.458,TSL,2026-06-21T04:17:51.378638+00:00,15m,2026-06-21 04:17:51.378638+00:00,1782015471378,0.5420353982300823,1.0
BASED/USDT,SHORT,0.09114,0.09031959,0.5640968919367442,0.332,SL,2026-06-21T04:17:41.194648+00:00,15m,2026-06-21 04:17:41.194648+00:00,1782015461194,0.90016458196181,1.0
ZRX/USDT,SHORT,0.0851,0.0853278,-0.5896226415094346,-0.947,SL,2026-06-21T04:17:38.062776+00:00,15m,2026-06-21 04:17:38.062776+00:00,1782015458062,0.26768507638072886,1.0
DYDX/USDT,LONG,0.11948,0.12028015999999998,-0.21637816245006353,-0.266,SL,2026-06-21T04:17:21.280371+00:00,15m,2026-06-21 04:17:21.280371+00:00,1782015441280,0.6697020421827756,1.0
DYM/USDT,SHORT,0.01761,0.01732266,-2.3068,-0.984,TSL,2026-06-21T04:16:02.709010+00:00,15m,2026-06-21 04:16:02.709010+00:00,1782015362709,1.6316865417376518,0.0
FOLKS/USDT,LONG,2.225,2.2452429999999994,-0.4904,-0.311,TSL,2026-06-21T04:15:39.251644+00:00,15m,2026-06-21 04:15:39.251644+00:00,1782015339251,0.9097977528089594,1.0
IMX/USDT,SHORT,0.1444,0.1437561,-0.3474635163307856,-0.492,SL,2026-06-21T04:14:53.446555+00:00,15m,2026-06-21 04:14:53.446555+00:00,1782015293446,0.44591412742382464,0.0
MAV/USDT,SHORT,0.0106,0.01064595,-0.5693,-0.566,SL,2026-06-21T04:12:30.859382+00:00,15m,2026-06-21 04:12:30.859382+00:00,1782015150859,0.43349056603773073,0.0
GENIUS/USDT,SHORT,0.4276,0.424575,0.6352941176470542,0.608,SL,2026-06-21T04:12:25.642607+00:00,15m,2026-06-21 04:12:25.642607+00:00,1782015145642,0.7074368568755847,0.0
GALA/USDT,SHORT,0.002715,0.002703294,0.14781966001478555,0.173,SL,2026-06-21T04:08:49.814977+00:00,15m,2026-06-21 04:08:49.814977+00:00,1782014929814,0.43116022099446716,0.0
IOTA/USDT,SHORT,0.0449,0.0450675,-0.33459736783403377,-0.632,SL,2026-06-21T04:08:45.682164+00:00,15m,2026-06-21 04:08:45.682164+00:00,1782014925682,0.37305122494432286,1.0
LINK/USDT,SHORT,7.964,7.9400520000000006,-0.11323603422243901,-0.25,SL,2026-06-21T03:54:44.720125+00:00,15m,2026-06-21 03:54:44.720125+00:00,1782014084720,0.300703164239074,1.0
COLLECT/USDT,SHORT,0.0513,0.05113881,-0.35163117796444543,-0.412,SL,2026-06-21T03:48:19.381653+00:00,15m,2026-06-21 03:48:19.381653+00:00,1782013699381,0.31421052631578666,0.0
EVAA/USDT,SHORT,0.82,0.8119872,-0.012303149606297857,-0.008,TP,2026-06-21T03:45:58.157241+00:00,15m,2026-06-21 03:45:58.157241+00:00,1782013558157,0.9771707317073087,0.0
AIA/USDT,SHORT,0.05641,0.05619375,-0.266666666666662,-0.423,TP,2026-06-21T03:43:04.843836+00:00,15m,2026-06-21 03:43:04.843836+00:00,1782013384843,0.38335401524552587,1.0
SOL/USDT,LONG,73.292,73.741668,-0.3447901395449922,-0.345,SL,2026-06-21T03:36:01.985037+00:00,15m,2026-06-21 03:36:01.985037+00:00,1782012961985,0.6135294438683657,0.0
THETA/USDT,SHORT,0.1599,0.16074075,-0.8799497171590274,-0.853,SL,2026-06-21T03:34:31.362786+00:00,15m,2026-06-21 03:34:31.362786+00:00,1782012871362,0.5257973733583498,0.0
ACU/USDT,SHORT,0.08644,0.0871305,-0.499013577811303,-0.448,SL,2026-06-21T03:32:25.270169+00:00,15m,2026-06-21 03:32:25.270169+00:00,1782012745270,0.7988199907450215,0.0
LAB/USDT,SHORT,13.346,13.107879,0.1143205548357638,0.033,SL,2026-06-21T03:30:11.441175+00:00,15m,2026-06-21 03:30:11.441175+00:00,1782012611441,1.7842124981267766,1.0
PLUME/USDT,LONG,0.01114,0.01109334,-0.9812667261373684,-0.943,SL,2026-06-21T03:26:25.032947+00:00,15m,2026-06-21 03:26:25.032947+00:00,1782012385032,0.41885098743267907,1.0
BSV/USDT,LONG,11.8,11.881869999999997,-0.7582,-0.836,TSL,2026-06-21T03:24:10.141773+00:00,15m,2026-06-21 03:24:10.141773+00:00,1782012250141,0.6938135593220066,1.0
ROSE/USDT,LONG,0.00666,0.006745739,-1.4839,-1.01,TSL,2026-06-21T03:23:14.708829+00:00,15m,2026-06-21 03:23:14.708829+00:00,1782012194708,1.2873723723723665,1.0
MERL/USDT,LONG,0.02068,0.020730709999999996,-0.04828585224529017,-0.042,SL,2026-06-21T03:21:57.912895+00:00,15m,2026-06-21 03:21:57.912895+00:00,1782012117912,0.24521276595742494,0.0
ZEC/USDT,LONG,467.59,471.52104999999995,-0.31419169939497255,-0.277,TSL,2026-06-21T03:21:17.797855+00:00,15m,2026-06-21 03:21:17.797855+00:00,1782012077797,0.8407044633118695,1.0
ME/USDT,SHORT,0.06291,0.06242751,-0.064,-0.067,TSL,2026-06-21T03:17:38.653989+00:00,15m,2026-06-21 03:17:38.653989+00:00,1782011858653,0.7669527896995632,0.0
BIGTIME/USDT,SHORT,0.00889,0.00881118,-0.3401,-0.209,TSL,2026-06-21T03:16:35.641838+00:00,15m,2026-06-21 03:16:35.641838+00:00,1782011795641,0.8866141732283496,0.0
KGEN/USDT,SHORT,0.17698,0.17750586,-0.5038781633924032,-1.016,SL,2026-06-21T03:13:51.332982+00:00,15m,2026-06-21 03:13:51.332982+00:00,1782011631332,0.2971296191660013,0.0
BASED/USDT,LONG,0.0907,0.09133371600000001,-0.5654632448890894,-0.32,SL,2026-06-21T03:12:56.801387+00:00,15m,2026-06-21 03:12:56.801387+00:00,1782011576801,0.6986945975744282,0.0
POWER/USDT,LONG,0.07603,0.07654646999999999,-0.2877,-0.326,TSL,2026-06-21T03:12:19.499510+00:00,15m,2026-06-21 03:12:19.499510+00:00,1782011539499,0.6792976456661727,0.0
ASTER/USDT,SHORT,0.6514,0.6539795,2.826855123674924,5.975,TP,2026-06-21T03:11:30.157806+00:00,15m,2026-06-21 03:11:30.157806+00:00,1782011490157,0.39599324531778757,1.0
SAGA/USDT,SHORT,0.014,0.01361846,2.2302,1.402,TSL,2026-06-21T03:02:13.947463+00:00,15m,2026-06-21 03:02:13.947463+00:00,1782010933947,2.725285714285712,0.0
IN/USDT,LONG,0.07265,0.07350342999999998,-1.1848,-0.778,TSL,2026-06-21T02:49:50.721118+00:00,15m,2026-06-21 02:49:50.721118+00:00,1782010190721,1.1747143840329999,1.0
SAND/USDT,LONG,0.06085,0.06130123999999999,-0.5389,-0.478,TSL,2026-06-21T02:47:34.571445+00:00,15m,2026-06-21 02:47:34.571445+00:00,1782010054571,0.7415612161051629,1.0
FOGO/USDT,LONG,0.01286,0.01299298,-0.5393,-0.335,TSL,2026-06-21T02:46:47.646134+00:00,15m,2026-06-21 02:46:47.646134+00:00,1782010007646,1.0340590979782236,1.0
TURBO/USDT,SHORT,0.000883,0.0008780210999999999,-0.2731,-0.341,TSL,2026-06-21T02:34:54.583780+00:00,15m,2026-06-21 02:34:54.583780+00:00,1782009294583,0.5638618346545959,1.0
JTO/USDT,SHORT,0.6863,0.69153575,-1.9425,-1.946,SL,2026-06-21T02:31:02.464253+00:00,15m,2026-06-21 02:31:02.464253+00:00,1782009062464,0.7628952353198285,1.0
LUMIA/USDT,SHORT,0.117,0.11650338,-0.042874292574167805,-0.043,SL,2026-06-21T02:30:50.202280+00:00,15m,2026-06-21 02:30:50.202280+00:00,1782009050202,0.42446153846154117,0.0
SANTOS/USDT,SHORT,0.616,0.612387,-0.2773,-0.287,TSL,2026-06-21T02:29:29.622331+00:00,15m,2026-06-21 02:29:29.622331+00:00,1782008969622,0.5865259740259704,1.0
GALA/USDT,SHORT,0.002742,0.002733264,0.0,0.0,SL,2026-06-21T02:18:53.778704+00:00,15m,2026-06-21 02:18:53.778704+00:00,1782008333778,0.31859956236324116,0.0
SWARMS/USDT,SHORT,0.007784,0.007741251,-0.4516711833785044,-0.322,TSL,2026-06-21T02:17:35.568480+00:00,15m,2026-06-21 02:17:35.568480+00:00,1782008255568,0.5491906474820132,0.0
BOME/USDT,SHORT,0.0004372,0.0004351644,-0.3673,-0.462,TSL,2026-06-21T02:08:42.846151+00:00,15m,2026-06-21 02:08:42.846151+00:00,1782007722846,0.4655992680695314,1.0
LINK/USDT,SHORT,7.958,7.935057,-0.08812791136850763,-0.171,SL,2026-06-21T02:08:33.296410+00:00,15m,2026-06-21 02:08:33.296410+00:00,1782007713296,0.28830108067354365,1.0
IRYS/USDT,SHORT,0.01764,0.01738199,0.627137970353472,0.623,SL,2026-06-21T02:07:26.919353+00:00,15m,2026-06-21 02:07:26.919353+00:00,1782007646919,1.4626417233560063,0.0
MOVE/USDT,SHORT,0.01207,0.012017970000000001,0.0,0.0,SL,2026-06-21T02:05:47.483816+00:00,15m,2026-06-21 02:05:47.483816+00:00,1782007547483,0.43106876553438095,0.0
COLLECT/USDT,LONG,0.05188,0.0522522,-0.5364,-0.541,TSL,2026-06-21T01:54:51.028312+00:00,15m,2026-06-21 01:54:51.028312+00:00,1782006891028,0.7174248265227373,1.0
SQD/USDT,SHORT,0.04447,0.04373622,-0.47967108268616226,-0.171,SL,2026-06-21T01:54:29.824408+00:00,15m,2026-06-21 01:54:29.824408+00:00,1782006869824,1.6500562176748441,1.0
LAB/USDT,SHORT,13.123,12.5769518,2.2044088176352736,0.345,SL,2026-06-21T01:49:43.460068+00:00,15m,2026-06-21 01:49:43.460068+00:00,1782006583460,4.161001295435492,1.0
AKT/USDT,LONG,0.7576,0.75057245,-0.8687639857838686,-0.723,SL,2026-06-21T01:48:39.707440+00:00,15m,2026-06-21 01:48:39.707440+00:00,1782006519707,0.9276069165786832,1.0
PYTH/USDT,LONG,0.03652,0.03682679,-0.299,-0.247,TSL,2026-06-21T01:48:26.544473+00:00,15m,2026-06-21 01:48:26.544473+00:00,1782006506544,0.8400602409638589,1.0
ZEN/USDT,LONG,4.659,4.6776729999999995,-0.2354,-0.298,TSL,2026-06-21T01:45:39.678801+00:00,15m,2026-06-21 01:45:39.678801+00:00,1782006339678,0.40079416183729816,1.0
TUT/USDT,LONG,0.01051,0.01060059,-0.7554,-0.549,TSL,2026-06-21T01:44:10.502553+00:00,15m,2026-06-21 01:44:10.502553+00:00,1782006250502,0.8619410085632708,0.0
JCT/USDT,LONG,0.005084,0.005128122999999999,0.644153816123366,0.527,SL,2026-06-21T01:41:14.641712+00:00,15m,2026-06-21 01:41:14.641712+00:00,1782006074641,0.867879622344595,0.0
1000BONK/USDT,LONG,0.004594,0.00457013,-0.7572204125949913,-1.0,SL,2026-06-21T01:40:44.204723+00:00,15m,2026-06-21 01:40:44.204723+00:00,1782006044204,0.5195907705703009,1.0
NIL/USDT,LONG,0.03973,0.03942078,-1.0796,-1.051,SL,2026-06-21T01:39:19.884465+00:00,15m,2026-06-21 01:39:19.884465+00:00,1782005959884,0.7783035489554466,0.0
CAKE/USDT,LONG,1.3795,1.3884870999999999,-0.2019,-0.205,TSL,2026-06-21T01:37:28.375397+00:00,15m,2026-06-21 01:37:28.375397+00:00,1782005848375,0.6514751721638212,0.0
MOVR/USDT,SHORT,1.28,1.272726,-1.0204,-1.19,TSL,2026-06-21T01:26:33.697602+00:00,15m,2026-06-21 01:26:33.697602+00:00,1782005193697,0.5682812500000002,1.0
YFI/USDT,SHORT,1852.0,1844.154,-0.16251354279523295,-0.255,SL,2026-06-21T01:25:30.303266+00:00,15m,2026-06-21 01:25:30.303266+00:00,1782005130303,0.4236501079913609,1.0
FLUX/USDT,LONG,0.0519,0.05231225999999999,-0.4592,-0.376,TSL,2026-06-21T01:24:33.649522+00:00,15m,2026-06-21 01:24:33.649522+00:00,1782005073649,0.794335260115589,1.0
ARKM/USDT,LONG,0.1304,0.1326623,-0.44910179640717773,-0.14,SL,2026-06-21T01:23:40.760204+00:00,15m,2026-06-21 01:23:40.760204+00:00,1782005020760,1.7348926380368273,1.0
TRB/USDT,LONG,13.787,13.817803999999999,-0.050709939148070655,-0.119,SL,2026-06-21T01:22:49.490994+00:00,15m,2026-06-21 01:22:49.490994+00:00,1782004969490,0.2234278668310586,0.0
DRIFT/USDT,SHORT,0.01727,0.01710288,-0.3505,-0.234,TSL,2026-06-21T01:22:02.421033+00:00,15m,2026-06-21 01:22:02.421033+00:00,1782004922421,0.9676896352055575,0.0
UNI/USDT,SHORT,2.998,2.982015,-0.06700167504188355,-0.089,SL,2026-06-21T01:17:26.644252+00:00,15m,2026-06-21 01:17:26.644252+00:00,1782004646644,0.5331887925283568,1.0
STAR/USDT,SHORT,0.16976,0.16878484,0.2244403756423079,0.332,SL,2026-06-21T01:12:27.673880+00:00,15m,2026-06-21 01:12:27.673880+00:00,1782004347673,0.5744344957587199,0.0
SWARMS/USDT,SHORT,0.00778,0.0078117,0.038545547989212364,0.105,TP,2026-06-21T01:08:35.053498+00:00,15m,2026-06-21 01:08:35.053498+00:00,1782004115053,0.40745501285348107,0.0
ANIME/USDT,LONG,0.003012,0.00303303,-0.396,-0.393,TSL,2026-06-21T01:01:59.857344+00:00,15m,2026-06-21 01:01:59.857344+00:00,1782003719857,0.6982071713147413,1.0
DYM/USDT,SHORT,0.01755,0.01761639,-1.9031,-1.194,SL,2026-06-21T01:01:47.436919+00:00,15m,2026-06-21 01:01:47.436919+00:00,1782003707436,0.37829059829059547,0.0
KGEN/USDT,LONG,0.17594,0.17645627999999997,0.7488,0.804,TSL,2026-06-21T00:57:15.310918+00:00,15m,2026-06-21 00:57:15.310918+00:00,1782003435310,0.2934409457769423,1.0
Q/USDT,LONG,0.018089,0.018345326999999998,-1.3696,-0.775,TSL,2026-06-21T00:48:51.676017+00:00,15m,2026-06-21 00:48:51.676017+00:00,1782002931676,1.4170324506606067,1.0
LA/USDT,LONG,0.0724,0.07306668,-1.2892,-0.594,TSL,2026-06-21T00:48:44.534617+00:00,15m,2026-06-21 00:48:44.534617+00:00,1782002924534,0.9208287292817526,0.0
BASED/USDT,LONG,0.08894,0.09080070999999999,-0.6173520008819369,-0.202,SL,2026-06-21T00:46:19.042157+00:00,15m,2026-06-21 00:46:19.042157+00:00,1782002779042,2.0920957949179084,0.0
ARKM/USDT,LONG,0.1304,0.13336230000000002,-0.3726,-0.102,TSL,2026-06-21T00:45:25.365033+00:00,15m,2026-06-21 00:45:25.365033+00:00,1782002725365,2.271702453987752,1.0
NEAR/USDT,SHORT,2.212,2.193804,-0.0911,-0.073,TSL,2026-06-21T00:45:22.145410+00:00,15m,2026-06-21 00:45:22.145410+00:00,1782002722145,0.8226039783001854,0.0
WCT/USDT,LONG,0.04698,0.047347299999999995,-0.2748,-0.178,TSL,2026-06-21T00:45:16.526769+00:00,15m,2026-06-21 00:45:16.526769+00:00,1782002716526,0.7818220519369817,1.0
IMX/USDT,LONG,0.1452,0.1459458,-0.2057613168724434,-0.142,SL,2026-06-21T00:40:59.690976+00:00,15m,2026-06-21 00:40:59.690976+00:00,1782002459690,0.5136363636363575,1.0
POWER/USDT,SHORT,0.07593,0.0756243,-0.5152,-0.823,TSL,2026-06-21T00:40:48.694526+00:00,15m,2026-06-21 00:40:48.694526+00:00,1782002448694,0.402607664954553,1.0
AVNT/USDT,SHORT,0.1113,0.1105893,-0.4516711833784883,-0.366,SL,2026-06-21T00:30:06.395497+00:00,15m,2026-06-21 00:30:06.395497+00:00,1782001806395,0.6385444743935262,1.0
ARKM/USDT,LONG,0.1304,0.12930575,-2.541106128550085,-0.757,TP,2026-06-21T00:29:51.880872+00:00,15m,2026-06-21 00:29:51.880872+00:00,1782001791880,0.8391487730061282,1.0
