grp,sym,kind,net,sp,dv,atr,corr,net_trail
OOS,1INCH/USDT,limit,-9.220424813538163,8.870424813538163,345904.0828,1.2417562635255837,0.6406045503278501,-9.220424813538163
OOS,1INCH/USDT,limit,14.212953931618067,18.727904792279784,345904.0828,1.2417562635255837,0.6406045503278501,12.140579888600467
OOS,1INCH/USDT,limit,3.1083353935481215,9.418419026495524,345904.0828,1.2417562635255837,0.6406045503278501,2.6936141582668887
OOS,1INCH/USDT,limit,2.2086918876976487,5.70841889117043,345904.0828,1.2417562635255837,0.6406045503278501,2.2086918876976487
OOS,1INCH/USDT,limit,5.130862358325258,13.069217304834494,345904.0828,1.2417562635255837,0.6406045503278501,5.130862358325258
OOS,1INCH/USDT,limit,-5.252815668169419,4.90281566816942,345904.0828,1.2417562635255837,0.6406045503278501,-5.252815668169419
OOS,1INCH/USDT,limit,9.498820603732698,7.63202344019302,345904.0828,1.2417562635255837,0.6406045503278501,9.498820603732698
OOS,1INCH/USDT,limit,3.748312650888573,18.388884189154883,345904.0828,1.2417562635255837,0.6406045503278501,3.748312650888573
OOS,1INCH/USDT,limit,-6.267441974656717,5.917441974656717,345904.0828,1.2417562635255837,0.6406045503278501,-6.267441974656717
OOS,1INCH/USDT,limit,-8.98676349805523,8.636763498055231,345904.0828,1.2417562635255837,0.6406045503278501,-8.98676349805523
OOS,1INCH/USDT,limit,0.7704948058161419,16.452863946197812,345904.0828,1.2417562635255837,0.6406045503278501,0.7704948058161419
OOS,1INCH/USDT,limit,7.906933753126479,16.275884547635894,345904.0828,1.2417562635255837,0.6406045503278501,7.265628048470387
OOS,1INCH/USDT,limit,7.844930069930058,6.3671874999999725,345904.0828,1.2417562635255837,0.6406045503278501,7.844930069930058
OOS,1INCH/USDT,limit,0.9204638725786162,3.8553251453042745,345904.0828,1.2417562635255837,0.6406045503278501,1.0451592023070284
OOS,1INCH/USDT,limit,8.443246786467995,6.8247585854063955,345904.0828,1.2417562635255837,0.6406045503278501,2.8775712252989822
OOS,1INCH/USDT,limit,7.131951809771105,5.821927393847787,345904.0828,1.2417562635255837,0.6406045503278501,1.04810227558989
OOS,1INCH/USDT,limit,4.1133977276152045,14.889294073917783,345904.0828,1.2417562635255837,0.6406045503278501,4.621218468400613
OOS,1INCH/USDT,limit,-1.2790540540540454,16.24788851351349,345904.0828,1.2417562635255837,0.6406045503278501,-1.2790540540540454
OOS,1INCH/USDT,limit,-2.2645373807963995,6.7314980152357835,345904.0828,1.2417562635255837,0.6406045503278501,-2.2645373807963995
OOS,AAVE/USDT,limit,-5.290137586962126,4.940137586962126,4366961.791,1.3861900335383883,0.6610862165994713,-5.290137586962126
OOS,AAVE/USDT,limit,-25.067881690583338,24.717881690583337,4366961.791,1.3861900335383883,0.6610862165994713,-25.067881690583338
OOS,AAVE/USDT,limit,-6.345467410522769,5.995467410522769,4366961.791,1.3861900335383883,0.6610862165994713,-6.345467410522769
OOS,AAVE/USDT,limit,5.100737303989724,14.807389675876397,4366961.791,1.3861900335383883,0.6610862165994713,5.100737303989724
OOS,AAVE/USDT,limit,7.111331518960137,5.806157737766026,4366961.791,1.3861900335383883,0.6610862165994713,1.500660666990869
OOS,AAVE/USDT,limit,-7.581056599332879,7.231056599332879,4366961.791,1.3861900335383883,0.6610862165994713,-7.581056599332879
OOS,AAVE/USDT,limit,14.700804142964222,11.610313179589891,4366961.791,1.3861900335383883,0.6610862165994713,14.700804142964222
OOS,AAVE/USDT,limit,17.718927659837494,13.918465392847942,4366961.791,1.3861900335383883,0.6610862165994713,17.718927659837494
OOS,AAVE/USDT,limit,-18.147311051024328,17.797311051024327,4366961.791,1.3861900335383883,0.6610862165994713,-18.147311051024328
OOS,AAVE/USDT,limit,13.471357507985994,10.67007665323739,4366961.791,1.3861900335383883,0.6610862165994713,5.506064371568908
OOS,AAVE/USDT,limit,-7.517737089698721,7.167737089698721,4366961.791,1.3861900335383883,0.6610862165994713,-7.517737089698721
OOS,AAVE/USDT,limit,-6.066466846999403,5.7164668469994036,4366961.791,1.3861900335383883,0.6610862165994713,-6.066466846999403
OOS,AAVE/USDT,limit,-11.800548000791569,11.450548000791569,4366961.791,1.3861900335383883,0.6610862165994713,-11.800548000791569
OOS,AAVE/USDT,limit,2.424370229893441,8.150334197561136,4366961.791,1.3861900335383883,0.6610862165994713,2.424370229893441
OOS,AAVE/USDT,limit,9.419441187964054,7.571316920672134,4366961.791,1.3861900335383883,0.6610862165994713,2.809806232487779
OOS,AAVE/USDT,limit,1.8969750835248647,11.358506782764776,4366961.791,1.3861900335383883,0.6610862165994713,1.8969750835248647
OOS,AAVE/USDT,limit,8.36857350550063,6.7676511483606845,4366961.791,1.3861900335383883,0.6610862165994713,5.098938598596877
OOS,AAVE/USDT,limit,-5.0536967768083825,4.703696776808383,4366961.791,1.3861900335383883,0.6610862165994713,-5.0536967768083825
OOS,ACE/USDT,limit,11.31339784886197,12.145999246194307,236370.176209,1.7337262614233968,0.5025056209190476,9.797498132935049
OOS,ACE/USDT,limit,7.367438699706225,21.295816623399514,236370.176209,1.7337262614233968,0.5025056209190476,7.367438699706225
OOS,ACE/USDT,limit,-7.947091065749214,23.92651569282901,236370.176209,1.7337262614233968,0.5025056209190476,-7.947091065749214
OOS,ACE/USDT,limit,12.567139017377475,9.978562903485653,236370.176209,1.7337262614233968,0.5025056209190476,12.567139017377475
OOS,ACE/USDT,limit,-0.7712403529809687,13.620871383328723,236370.176209,1.7337262614233968,0.5025056209190476,-0.7712403529809687
OOS,ACE/USDT,limit,-6.460350265484984,6.110350265484985,236370.176209,1.7337262614233968,0.5025056209190476,-6.460350265484984
OOS,ACE/USDT,limit,4.500150601137567,9.111115428212333,236370.176209,1.7337262614233968,0.5025056209190476,4.996847174053705
OOS,ACE/USDT,limit,9.952695204815878,17.837887513785077,236370.176209,1.7337262614233968,0.5025056209190476,9.952695204815878
OOS,ACE/USDT,limit,11.161783530808158,8.903797620154945,236370.176209,1.7337262614233968,0.5025056209190476,5.924633102738929
OOS,ACE/USDT,limit,-15.619997045196474,15.269997045196474,236370.176209,1.7337262614233968,0.5025056209190476,-15.619997045196474
OOS,ALICE/USDT,limit,-7.45797471963153,7.10797471963153,283649.09415,1.6852581484438576,0.4755869219654837,-7.45797471963153
OOS,ALICE/USDT,limit,6.758543721285224,5.536358330464964,283649.09415,1.6852581484438576,0.4755869219654837,6.758543721285224
OOS,ALICE/USDT,limit,-6.961256866442551,6.6112568664425515,283649.09415,1.6852581484438576,0.4755869219654837,-6.961256866442551
OOS,ALICE/USDT,limit,16.185953888311445,12.746102239440592,283649.09415,1.6852581484438576,0.4755869219654837,4.969758102617436
OOS,ALICE/USDT,limit,-8.337417491749164,7.987417491749165,283649.09415,1.6852581484438576,0.4755869219654837,3.6382425742574354
OOS,ALICE/USDT,limit,12.369205771540146,9.827190682666123,283649.09415,1.6852581484438576,0.4755869219654837,12.369205771540146
OOS,ALICE/USDT,limit,-8.86993848689118,8.51993848689118,283649.09415,1.6852581484438576,0.4755869219654837,-8.86993848689118
OOS,ALICE/USDT,limit,7.3181953182862,5.9643597243938125,283649.09415,1.6852581484438576,0.4755869219654837,7.3181953182862
OOS,ALICE/USDT,limit,11.684026703702534,9.303190398030358,283649.09415,1.6852581484438576,0.4755869219654837,11.684026703702534
OOS,ALICE/USDT,limit,7.6696749358426075,6.233158682634724,283649.09415,1.6852581484438576,0.4755869219654837,3.5852544910179893
OOS,ALICE/USDT,limit,10.453802938634398,8.362359550561795,283649.09415,1.6852581484438576,0.4755869219654837,10.453802938634398
OOS,ALICE/USDT,limit,9.091805225653214,11.453384798099748,283649.09415,1.6852581484438576,0.4755869219654837,6.276830958036435
OOS,ALICE/USDT,limit,-7.7715664591956,13.59067117415984,283649.09415,1.6852581484438576,0.4755869219654837,-7.7715664591956
OOS,ALICE/USDT,limit,-8.105996590770731,16.39534883720929,283649.09415,1.6852581484438576,0.4755869219654837,-8.105996590770731
OOS,ALICE/USDT,limit,-13.058224286352196,12.708224286352197,283649.09415,1.6852581484438576,0.4755869219654837,-13.058224286352196
OOS,ALICE/USDT,limit,13.047914673938857,10.346242817700167,283649.09415,1.6852581484438576,0.4755869219654837,4.667349451533482
OOS,ALICE/USDT,limit,-7.77041091607799,7.420410916077991,283649.09415,1.6852581484438576,0.4755869219654837,-7.77041091607799
OOS,ANKR/USDT,limit,-0.2962053019519797,5.146707497176601,175901.188875,1.2423645617283512,0.6230260838505765,1.6106246199287777
OOS,ANKR/USDT,limit,-12.699608863524302,23.033168287512257,175901.188875,1.2423645617283512,0.6230260838505765,-12.699608863524302
OOS,ANKR/USDT,limit,11.252589679415102,8.973242893588202,175901.188875,1.2423645617283512,0.6230260838505765,11.252589679415102
OOS,ANKR/USDT,limit,2.4061912850302556,16.657453911821104,175901.188875,1.2423645617283512,0.6230260838505765,2.4061912850302556
OOS,ANKR/USDT,limit,4.384862845628539,17.40391611505382,175901.188875,1.2423645617283512,0.6230260838505765,4.384862845628539
OOS,ANKR/USDT,limit,10.868634412657896,8.679607727961884,175901.188875,1.2423645617283512,0.6230260838505765,10.868634412657896
OOS,ANKR/USDT,limit,-9.95274139040513,13.822685995599004,175901.188875,1.2423645617283512,0.6230260838505765,-9.95274139040513
OOS,ANKR/USDT,limit,-10.08435406080539,19.194977707145927,175901.188875,1.2423645617283512,0.6230260838505765,-10.08435406080539
OOS,ANKR/USDT,limit,-8.45126896532157,8.10126896532157,175901.188875,1.2423645617283512,0.6230260838505765,-8.45126896532157
OOS,ANKR/USDT,limit,3.8172449971015454,10.792921643710333,175901.188875,1.2423645617283512,0.6230260838505765,2.801968908955833
OOS,ANKR/USDT,limit,-6.994061463855624,6.644061463855625,175901.188875,1.2423645617283512,0.6230260838505765,0.002207436593532508
OOS,ANKR/USDT,limit,1.848149737821935,6.146633676259917,175901.188875,1.2423645617283512,0.6230260838505765,1.848149737821935
OOS,ANKR/USDT,limit,7.0409187346747135,5.752308575204763,175901.188875,1.2423645617283512,0.6230260838505765,7.0409187346747135
OOS,ANKR/USDT,limit,8.531581665110664,6.892313920536681,175901.188875,1.2423645617283512,0.6230260838505765,8.531581665110664
OOS,ANKR/USDT,limit,4.8874824170233175,4.1054380031724165,175901.188875,1.2423645617283512,0.6230260838505765,4.8874824170233175
OOS,ANKR/USDT,limit,-9.058672397436114,8.708672397436114,175901.188875,1.2423645617283512,0.6230260838505765,-9.058672397436114
OOS,ANKR/USDT,limit,1.247756768785758,4.3169117466862446,175901.188875,1.2423645617283512,0.6230260838505765,0.7536901532932746
OOS,ANKR/USDT,limit,8.904177857777341,9.95686800042922,175901.188875,1.2423645617283512,0.6230260838505765,7.238581557479882
OOS,ANKR/USDT,limit,3.109674891785893,9.93867690782951,175901.188875,1.2423645617283512,0.6230260838505765,3.109674891785893
OOS,APE/USDT,limit,6.450812225895302,10.03901728708506,1085470.1284,1.4637146697034413,0.561016414638994,2.11704999439945
OOS,APE/USDT,limit,-20.672693871198252,20.32269387119825,1085470.1284,1.4637146697034413,0.561016414638994,-20.672693871198252
OOS,APE/USDT,limit,18.095452568703493,14.20641808825195,1085470.1284,1.4637146697034413,0.561016414638994,2.2610769356574587
OOS,APE/USDT,limit,10.75461254712676,8.592407909990843,1085470.1284,1.4637146697034413,0.561016414638994,10.75461254712676
OOS,APE/USDT,limit,-2.3360733139430696,5.616142791419398,1085470.1284,1.4637146697034413,0.561016414638994,1.9096009138900412
OOS,APE/USDT,limit,5.28815896567369,17.05184619487476,1085470.1284,1.4637146697034413,0.561016414638994,5.28815896567369
OOS,APE/USDT,limit,-5.593266057862012,5.243266057862012,1085470.1284,1.4637146697034413,0.561016414638994,-5.593266057862012
OOS,APE/USDT,limit,9.651797569625776,7.7490147165372765,1085470.1284,1.4637146697034413,0.561016414638994,4.55670162998007
OOS,APE/USDT,limit,-5.5886604677537886,17.545499280312598,1085470.1284,1.4637146697034413,0.561016414638994,-5.5886604677537886
OOS,APE/USDT,limit,-1.4719971194513537,12.432006883151526,1085470.1284,1.4637146697034413,0.561016414638994,-1.4719971194513537
OOS,APE/USDT,limit,3.698059881105545,14.212655150159845,1085470.1284,1.4637146697034413,0.561016414638994,3.5338193579372383
OOS,APE/USDT,limit,0.33022771164040476,10.139012082719008,1085470.1284,1.4637146697034413,0.561016414638994,0.11212766209918279
OOS,APE/USDT,limit,-0.08505095224718223,7.689555943285842,1085470.1284,1.4637146697034413,0.561016414638994,-0.08505095224718223
OOS,APE/USDT,limit,-5.0475390149147845,4.697539014914785,1085470.1284,1.4637146697034413,0.561016414638994,-5.0475390149147845
OOS,APE/USDT,limit,7.672900866640232,9.909901471321355,1085470.1284,1.4637146697034413,0.561016414638994,5.2629187364766326
OOS,APE/USDT,limit,-9.678887150878943,9.328887150878943,1085470.1284,1.4637146697034413,0.561016414638994,-9.678887150878943
OOS,APE/USDT,limit,-5.306483707889831,4.956483707889832,1085470.1284,1.4637146697034413,0.561016414638994,0.9545815770526037
OOS,APE/USDT,limit,7.032329821701134,5.7457400837634385,1085470.1284,1.4637146697034413,0.561016414638994,2.2306961433045513
OOS,APE/USDT,limit,-5.2959664969238816,4.945966496923882,1085470.1284,1.4637146697034413,0.561016414638994,-5.2959664969238816
OOS,APE/USDT,limit,6.88788756949121,8.555906690186116,1085470.1284,1.4637146697034413,0.561016414638994,2.998564405062505
OOS,APE/USDT,limit,1.8180428121308734,6.8916296277042575,1085470.1284,1.4637146697034413,0.561016414638994,2.515212833242388
OOS,APE/USDT,limit,5.078186638454698,24.048317171102006,1085470.1284,1.4637146697034413,0.561016414638994,5.078186638454698
OOS,APE/USDT,limit,-9.106340786070007,8.756340786070007,1085470.1284,1.4637146697034413,0.561016414638994,-9.106340786070007
OOS,APE/USDT,limit,0.2553971755540677,9.714554814977381,1085470.1284,1.4637146697034413,0.561016414638994,0.2553971755540677
OOS,API3/USDT,limit,18.297060785924312,14.360600794886603,363606.62228,1.5910863700469726,0.4788932141933491,18.297060785924312
OOS,API3/USDT,limit,15.773729619258775,12.430847958542806,363606.62228,1.5910863700469726,0.4788932141933491,5.679041471924111
OOS,API3/USDT,limit,-14.105008318136319,13.75500831813632,363606.62228,1.5910863700469726,0.4788932141933491,-14.105008318136319
OOS,API3/USDT,limit,-8.236400119259555,7.886400119259555,363606.62228,1.5910863700469726,0.4788932141933491,2.225199846806389
OOS,API3/USDT,limit,0.3316031814811843,20.075177426723094,363606.62228,1.5910863700469726,0.4788932141933491,0.3316031814811843
OOS,API3/USDT,limit,9.3001043188492,7.480052379300378,363606.62228,1.5910863700469726,0.4788932141933491,9.3001043188492
OOS,API3/USDT,limit,6.139663316836926,13.014571070153409,363606.62228,1.5910863700469726,0.4788932141933491,7.322569075878946
OOS,API3/USDT,limit,0.14571987473390374,10.949719412342247,363606.62228,1.5910863700469726,0.4788932141933491,0.14571987473390374
OOS,API3/USDT,limit,-7.381119161205838,7.031119161205838,363606.62228,1.5910863700469726,0.4788932141933491,-7.381119161205838
OOS,API3/USDT,limit,31.191057675985395,24.221465432517277,363606.62228,1.5910863700469726,0.4788932141933491,31.191057675985395
OOS,API3/USDT,limit,-7.981413497835167,7.631413497835167,363606.62228,1.5910863700469726,0.4788932141933491,-7.981413497835167
OOS,API3/USDT,limit,3.8539633593603475,6.5037596295374405,363606.62228,1.5910863700469726,0.4788932141933491,3.8539633593603475
OOS,API3/USDT,limit,-3.347395416556317,2.997395416556317,363606.62228,1.5910863700469726,0.4788932141933491,-3.347395416556317
OOS,API3/USDT,limit,1.415401224851057,8.106656192269522,363606.62228,1.5910863700469726,0.4788932141933491,1.415401224851057
OOS,API3/USDT,limit,-0.1744299371791905,9.67889358467422,363606.62228,1.5910863700469726,0.4788932141933491,-0.1744299371791905
OOS,API3/USDT,limit,9.716323778556063,7.7983620381836465,363606.62228,1.5910863700469726,0.4788932141933491,4.453915610019229
OOS,APT/USDT,limit,-5.5173324493180775,20.13640346197739,3115252.76363,1.4065901474983775,0.6183769667093216,-5.5173324493180775
OOS,APT/USDT,limit,-1.968830490044509,14.477350992491559,3115252.76363,1.4065901474983775,0.6183769667093216,-1.968830490044509
OOS,APT/USDT,limit,7.392265989452659,6.021006307157754,3115252.76363,1.4065901474983775,0.6183769667093216,7.392265989452659
OOS,APT/USDT,limit,6.237584216442966,5.137947255703771,3115252.76363,1.4065901474983775,0.6183769667093216,6.237584216442966
OOS,APT/USDT,limit,7.159831536523066,10.622382833145124,3115252.76363,1.4065901474983775,0.6183769667093216,3.6051720769192985
OOS,APT/USDT,limit,-14.798603719880996,14.448603719880996,3115252.76363,1.4065901474983775,0.6183769667093216,-14.798603719880996
OOS,APT/USDT,limit,-5.804550965103047,5.4545509651030475,3115252.76363,1.4065901474983775,0.6183769667093216,-5.804550965103047
OOS,APT/USDT,limit,9.089198485733952,16.672109341287005,3115252.76363,1.4065901474983775,0.6183769667093216,13.406129914597072
OOS,APT/USDT,limit,10.173586415984314,8.148060041833812,3115252.76363,1.4065901474983775,0.6183769667093216,10.173586415984314
OOS,APT/USDT,limit,20.043326889625618,15.696082245417632,3115252.76363,1.4065901474983775,0.6183769667093216,6.67017967349001
OOS,APT/USDT,limit,2.1963974188001614,7.817492142928822,3115252.76363,1.4065901474983775,0.6183769667093216,2.1963974188001614
OOS,APT/USDT,limit,-1.999897167172426,11.99979244343173,3115252.76363,1.4065901474983775,0.6183769667093216,-1.999897167172426
OOS,APT/USDT,limit,11.265400809465412,8.98304038464999,3115252.76363,1.4065901474983775,0.6183769667093216,11.265400809465412
OOS,APT/USDT,limit,7.035724837337606,11.78279522147466,3115252.76363,1.4065901474983775,0.6183769667093216,6.252717701645368
OOS,APT/USDT,limit,13.05769112525297,13.978161430940247,3115252.76363,1.4065901474983775,0.6183769667093216,13.05769112525297
OOS,APT/USDT,limit,-4.063415951185264,3.713415951185264,3115252.76363,1.4065901474983775,0.6183769667093216,-0.17838571197146855
OOS,APT/USDT,limit,11.432131555914632,9.11055005722748,3115252.76363,1.4065901474983775,0.6183769667093216,11.432131555914632
OOS,APT/USDT,limit,-8.326582979469483,10.973948778474801,3115252.76363,1.4065901474983775,0.6183769667093216,-8.326582979469483
OOS,APT/USDT,limit,-9.176419352384801,8.826419352384802,3115252.76363,1.4065901474983775,0.6183769667093216,-9.176419352384801
OOS,APT/USDT,limit,5.718992211187407,11.848257926793082,3115252.76363,1.4065901474983775,0.6183769667093216,5.718992211187407
OOS,APT/USDT,limit,-3.600612376018954,6.753771299307963,3115252.76363,1.4065901474983775,0.6183769667093216,-3.600612376018954
OOS,ARKM/USDT,limit,15.044101198511964,17.263511098402244,908303.1872,1.8174079272297143,0.5686274051668931,8.25429996068199
OOS,ARKM/USDT,limit,-17.50533307080844,17.15533307080844,908303.1872,1.8174079272297143,0.5686274051668931,-17.50533307080844
OOS,ARKM/USDT,limit,9.898324945058755,23.739217266536084,908303.1872,1.8174079272297143,0.5686274051668931,9.898324945058755
OOS,ARKM/USDT,limit,3.43926162394052,12.818095242149209,908303.1872,1.8174079272297143,0.5686274051668931,3.43926162394052
OOS,ARKM/USDT,limit,5.280028922278353,8.355302970078574,908303.1872,1.8174079272297143,0.5686274051668931,2.442266471549264
OOS,ARKM/USDT,limit,0.06815650947184271,11.075331955111482,908303.1872,1.8174079272297143,0.5686274051668931,5.057571277956847
OOS,ARKM/USDT,limit,-16.47011459017173,16.120114590171728,908303.1872,1.8174079272297143,0.5686274051668931,-16.47011459017173
OOS,ARKM/USDT,limit,-14.022959806772203,13.672959806772203,908303.1872,1.8174079272297143,0.5686274051668931,-14.022959806772203
OOS,ARKM/USDT,limit,-13.51040002484026,13.16040002484026,908303.1872,1.8174079272297143,0.5686274051668931,-13.51040002484026
OOS,ARKM/USDT,limit,8.243180338088704,13.854786482018492,908303.1872,1.8174079272297143,0.5686274051668931,8.243180338088704
OOS,ARKM/USDT,limit,5.84299213189439,15.885594285098886,908303.1872,1.8174079272297143,0.5686274051668931,11.139212765193664
OOS,ARKM/USDT,limit,10.859333139331504,14.541972503335684,908303.1872,1.8174079272297143,0.5686274051668931,8.1558711353132
OOS,ARKM/USDT,limit,-3.3581462498552512,8.859676063216508,908303.1872,1.8174079272297143,0.5686274051668931,4.508029065698664
OOS,ARKM/USDT,limit,-6.276502366742116,5.926502366742116,908303.1872,1.8174079272297143,0.5686274051668931,1.9440677094052434
OOS,ARKM/USDT,limit,16.4812935214969,12.97196735867405,908303.1872,1.8174079272297143,0.5686274051668931,16.4812935214969
OOS,ARKM/USDT,limit,-7.7767570857773185,16.22477951755273,908303.1872,1.8174079272297143,0.5686274051668931,-7.7767570857773185
OOS,ARKM/USDT,limit,12.628292514970914,20.265307249097095,908303.1872,1.8174079272297143,0.5686274051668931,16.540419476591303
OOS,ARKM/USDT,limit,0.0016568943452525131,7.180914454601778,908303.1872,1.8174079272297143,0.5686274051668931,0.0016568943452525131
OOS,ARPA/USDT,limit,-19.42147741029614,19.07147741029614,154763.59303,1.4149747752867698,0.466422916953975,-19.42147741029614
OOS,ARPA/USDT,limit,8.955867434629246,22.86565971259397,154763.59303,1.4149747752867698,0.466422916953975,8.955867434629246
OOS,ARPA/USDT,limit,-7.120672381996706,6.7706723819967065,154763.59303,1.4149747752867698,0.466422916953975,-7.120672381996706
OOS,ARPA/USDT,limit,-9.344256189629576,8.994256189629576,154763.59303,1.4149747752867698,0.466422916953975,-9.344256189629576
OOS,ARPA/USDT,limit,-6.6577223845277596,16.297017024153206,154763.59303,1.4149747752867698,0.466422916953975,-6.6577223845277596
OOS,ARPA/USDT,limit,-6.853263958653052,11.814655009728842,154763.59303,1.4149747752867698,0.466422916953975,-6.853263958653052
OOS,ARPA/USDT,limit,-8.58706127562355,8.23706127562355,154763.59303,1.4149747752867698,0.466422916953975,-8.58706127562355
OOS,ARPA/USDT,limit,10.435571488458994,18.66735552423745,154763.59303,1.4149747752867698,0.466422916953975,11.637938672716816
OOS,ARPA/USDT,limit,5.591284993481755,4.643680876755065,154763.59303,1.4149747752867698,0.466422916953975,5.591284993481755
OOS,ARPA/USDT,limit,5.865976205392716,11.49654515926935,154763.59303,1.4149747752867698,0.466422916953975,4.782803043666042
OOS,ARPA/USDT,limit,-13.193914952566749,12.843914952566749,154763.59303,1.4149747752867698,0.466422916953975,-13.193914952566749
OOS,ARPA/USDT,limit,1.615645826721667,9.201443986036175,154763.59303,1.4149747752867698,0.466422916953975,4.992202872104085
OOS,ARPA/USDT,limit,7.372463738490124,6.005862258502661,154763.59303,1.4149747752867698,0.466422916953975,1.2038051304415096
OOS,ARPA/USDT,limit,5.088920918089855,4.259490917002057,154763.59303,1.4149747752867698,0.466422916953975,5.088920918089855
OOS,ARPA/USDT,limit,-6.090592014685619,5.740592014685619,154763.59303,1.4149747752867698,0.466422916953975,-6.090592014685619
OOS,ARPA/USDT,limit,-6.783122710966111,6.433122710966112,154763.59303,1.4149747752867698,0.466422916953975,-6.783122710966111
OOS,ARPA/USDT,limit,13.345098714233101,20.611099546859233,154763.59303,1.4149747752867698,0.466422916953975,10.053183193761702
OOS,ARPA/USDT,limit,0.055084016118686185,11.70376996309076,154763.59303,1.4149747752867698,0.466422916953975,0.055084016118686185
OOS,ASTR/USDT,limit,-3.2239459752339372,8.948537628825239,165279.899052,1.2447994317926967,0.624514135620656,-3.2239459752339372
OOS,ASTR/USDT,limit,9.08143265291729,7.31282016137563,165279.899052,1.2447994317926967,0.624514135620656,0.40159813158939783
OOS,ASTR/USDT,limit,-10.842137645139982,24.769820530350845,165279.899052,1.2447994317926967,0.624514135620656,-10.842137645139982
OOS,ASTR/USDT,limit,13.862990101314983,10.969583161842042,165279.899052,1.2447994317926967,0.624514135620656,4.910352357433597
OOS,ASTR/USDT,limit,0.15486001608644606,6.9635919131513475,165279.899052,1.2447994317926967,0.624514135620656,0.15486001608644606
OOS,ASTR/USDT,limit,7.111516281281462,5.806299037337916,165279.899052,1.2447994317926967,0.624514135620656,7.111516281281462
OOS,ASTR/USDT,limit,5.813905113131054,15.046277541370104,165279.899052,1.2447994317926967,0.624514135620656,6.47472750728802
OOS,ASTR/USDT,limit,11.336046555455116,9.037067707936071,165279.899052,1.2447994317926967,0.624514135620656,11.336046555455116
OOS,ASTR/USDT,limit,-7.6620748715685245,7.312074871568525,165279.899052,1.2447994317926967,0.624514135620656,-7.6620748715685245
OOS,ASTR/USDT,limit,4.021802802984195,19.96249042178783,165279.899052,1.2447994317926967,0.624514135620656,4.021802802984195
OOS,ASTR/USDT,limit,-8.107757887981121,7.75775788798112,165279.899052,1.2447994317926967,0.624514135620656,-8.107757887981121
OOS,ASTR/USDT,limit,3.970752374737708,7.161003927213744,165279.899052,1.2447994317926967,0.624514135620656,3.970752374737708
OOS,ASTR/USDT,limit,-2.86343646811806,11.04190625434415,165279.899052,1.2447994317926967,0.624514135620656,-2.86343646811806
OOS,ASTR/USDT,limit,2.273148621378253,7.239781193523398,165279.899052,1.2447994317926967,0.624514135620656,2.273148621378253
OOS,ASTR/USDT,limit,3.986741975929435,3.4165841404796824,165279.899052,1.2447994317926967,0.624514135620656,0.6886222555011038
OOS,ASTR/USDT,limit,5.152833983973912,11.668309671579902,165279.899052,1.2447994317926967,0.624514135620656,5.152833983973912
OOS,ASTR/USDT,limit,3.7111610859544855,3.2058297967388967,165279.899052,1.2447994317926967,0.624514135620656,3.7111610859544855
OOS,ASTR/USDT,limit,1.4743548457604034,13.032646733332658,165279.899052,1.2447994317926967,0.624514135620656,1.4743548457604034
OOS,ASTR/USDT,limit,-4.148164630905732,11.123057535772102,165279.899052,1.2447994317926967,0.624514135620656,-4.148164630905732
OOS,ASTR/USDT,limit,-0.8418586603691007,8.872328225577162,165279.899052,1.2447994317926967,0.624514135620656,-0.8418586603691007
OOS,ASTR/USDT,limit,4.758953187666222,7.168108567767886,165279.899052,1.2447994317926967,0.624514135620656,2.990927384642832
OOS,ASTR/USDT,limit,8.795870158721943,7.094432246064816,165279.899052,1.2447994317926967,0.624514135620656,8.795870158721943
OOS,AVAX/USDT,limit,-18.1855222863874,23.553305236029,8282882.035,1.2629193319852425,0.7213415718316083,-18.1855222863874
OOS,AVAX/USDT,limit,15.270458915273581,13.16460486004514,8282882.035,1.2629193319852425,0.7213415718316083,8.175865736644402
OOS,AVAX/USDT,limit,3.00345577161653,4.825723764613186,8282882.035,1.2629193319852425,0.7213415718316083,1.0097785450899517
OOS,AVAX/USDT,limit,12.908154867621816,10.239359549181911,8282882.035,1.2629193319852425,0.7213415718316083,4.75725580742723
OOS,AVAX/USDT,limit,13.413875139998913,10.626116207566113,8282882.035,1.2629193319852425,0.7213415718316083,4.976544753348681
OOS,AVAX/USDT,limit,2.985290658193324,17.03713701744019,8282882.035,1.2629193319852425,0.7213415718316083,2.985290658193324
OOS,AVAX/USDT,limit,8.68336748950837,7.008394254746361,8282882.035,1.2629193319852425,0.7213415718316083,8.68336748950837
OOS,AVAX/USDT,limit,7.036533538540197,5.748954935068147,8282882.035,1.2629193319852425,0.7213415718316083,7.036533538540197
OOS,AVAX/USDT,limit,-1.3361569351646516,6.234268199216785,8282882.035,1.2629193319852425,0.7213415718316083,2.080212526717168
OOS,AVAX/USDT,limit,6.111822810856301,12.301142007785058,8282882.035,1.2629193319852425,0.7213415718316083,5.901103744637654
OOS,AVAX/USDT,limit,5.1333661979704415,4.293481067024661,8282882.035,1.2629193319852425,0.7213415718316083,0.3968632798381657
OOS,AVAX/USDT,limit,-8.316554987362592,7.966554987362591,8282882.035,1.2629193319852425,0.7213415718316083,-8.316554987362592
OOS,AVAX/USDT,limit,-4.594564485039504,4.244564485039504,8282882.035,1.2629193319852425,0.7213415718316083,-4.594564485039504
OOS,AVAX/USDT,limit,7.3176383971509225,5.963933811158709,8282882.035,1.2629193319852425,0.7213415718316083,7.3176383971509225
OOS,AVAX/USDT,limit,-12.883380377180947,12.533380377180947,8282882.035,1.2629193319852425,0.7213415718316083,-12.883380377180947
OOS,AVAX/USDT,limit,-5.914916923303867,5.564916923303867,8282882.035,1.2629193319852425,0.7213415718316083,-5.914916923303867
OOS,AVAX/USDT,limit,-0.38366828965087624,4.886542180323892,8282882.035,1.2629193319852425,0.7213415718316083,0.5964890016920613
OOS,BLUR/USDT,limit,2.877479074998935,10.127893287314183,446027.75710000005,1.525871789644795,0.6016582792746861,4.111557228240889
OOS,BLUR/USDT,limit,-15.923746024433212,15.573746024433213,446027.75710000005,1.525871789644795,0.6016582792746861,-15.923746024433212
OOS,BLUR/USDT,limit,19.174551109133553,15.031673804425411,446027.75710000005,1.525871789644795,0.6016582792746861,19.174551109133553
OOS,BLUR/USDT,limit,-1.9659986481375817,7.330836143007728,446027.75710000005,1.525871789644795,0.6016582792746861,-1.9659986481375817
OOS,BLUR/USDT,limit,13.243171481094716,10.49556819456791,446027.75710000005,1.525871789644795,0.6016582792746861,3.970686649347963
OOS,BLUR/USDT,limit,1.18457694190035,20.281607153525343,446027.75710000005,1.525871789644795,0.6016582792746861,1.18457694190035
OOS,BLUR/USDT,limit,-11.350285062713793,11.000285062713793,446027.75710000005,1.525871789644795,0.6016582792746861,-11.350285062713793
OOS,BLUR/USDT,limit,-1.4956025648648432,7.053532750751133,446027.75710000005,1.525871789644795,0.6016582792746861,-1.4956025648648432
OOS,BLUR/USDT,limit,-7.988266604537781,7.638266604537781,446027.75710000005,1.525871789644795,0.6016582792746861,-7.988266604537781
OOS,BLUR/USDT,limit,9.209706924087307,9.970645643667288,446027.75710000005,1.525871789644795,0.6016582792746861,9.209706924087307
OOS,BLUR/USDT,limit,1.0729041260465109,10.388476604052222,446027.75710000005,1.525871789644795,0.6016582792746861,1.0729041260465109
OOS,BLUR/USDT,limit,6.227880971677646,11.872701562754798,446027.75710000005,1.525871789644795,0.6016582792746861,6.227880971677646
OOS,BLUR/USDT,limit,5.204828755531476,4.348133058395273,446027.75710000005,1.525871789644795,0.6016582792746861,5.204828755531476
OOS,BLUR/USDT,limit,-4.63828565868845,14.283998589219662,446027.75710000005,1.525871789644795,0.6016582792746861,-4.63828565868845
OOS,BLUR/USDT,limit,-11.246562661572128,10.896562661572128,446027.75710000005,1.525871789644795,0.6016582792746861,5.500332403166742
OOS,BNB/USDT,limit,-2.141874489232606,7.996829525630192,13355744.164499998,0.7337563144883847,0.7080185897241124,-2.141874489232606
OOS,BNB/USDT,limit,-15.946406014616173,15.596406014616173,13355744.164499998,0.7337563144883847,0.7080185897241124,-15.946406014616173
OOS,BNB/USDT,limit,6.236571809780216,5.137173003534758,13355744.164499998,0.7337563144883847,0.7080185897241124,6.236571809780216
OOS,BNB/USDT,limit,5.801135997678422,4.804167370128532,13355744.164499998,0.7337563144883847,0.7080185897241124,5.801135997678422
OOS,BNB/USDT,limit,2.421751400809697,5.0035078757989275,13355744.164499998,0.7337563144883847,0.7080185897241124,0.6306703841503952
OOS,BNB/USDT,limit,-7.393117433642491,7.043117433642491,13355744.164499998,0.7337563144883847,0.7080185897241124,-7.393117433642491
OOS,BNB/USDT,limit,-8.687456557118086,18.449886437475023,13355744.164499998,0.7337563144883847,0.7080185897241124,-8.687456557118086
OOS,BNB/USDT,limit,7.150146767124713,5.83584224221336,13355744.164499998,0.7337563144883847,0.7080185897241124,1.900205820668607
OOS,BNB/USDT,limit,-0.8100400971504593,4.6284252544871824,13355744.164499998,0.7337563144883847,0.7080185897241124,-0.8100400971504593
OOS,BNB/USDT,limit,3.660949847831295,3.167430049426835,13355744.164499998,0.7337563144883847,0.7080185897241124,3.660949847831295
OOS,BNB/USDT,limit,4.420080204871321,3.7479856177981956,13355744.164499998,0.7337563144883847,0.7080185897241124,2.210545935116748
OOS,BNB/USDT,limit,-2.1267230131814934,2.8556446460809384,13355744.164499998,0.7337563144883847,0.7080185897241124,-2.1267230131814934
OOS,BNB/USDT,limit,0.6460902136063993,2.506288526332345,13355744.164499998,0.7337563144883847,0.7080185897241124,0.6460902136063993
OOS,BNB/USDT,limit,-2.499537220617114,4.561298677908223,13355744.164499998,0.7337563144883847,0.7080185897241124,-2.499537220617114
OOS,BNB/USDT,limit,-3.010543268952068,2.660543268952068,13355744.164499998,0.7337563144883847,0.7080185897241124,-3.010543268952068
OOS,BNB/USDT,limit,-0.5567117341601544,2.0509971979934005,13355744.164499998,0.7337563144883847,0.7080185897241124,-0.5567117341601544
OOS,BNB/USDT,limit,-3.368125138623528,3.0181251386235277,13355744.164499998,0.7337563144883847,0.7080185897241124,-3.368125138623528
OOS,BNB/USDT,limit,-0.21006037540716335,6.325673255904272,13355744.164499998,0.7337563144883847,0.7080185897241124,0.7589833355685304
OOS,BNB/USDT,limit,2.0226855500148186,4.5931539632405665,13355744.164499998,0.7337563144883847,0.7080185897241124,3.654984389961671
OOS,BNB/USDT,limit,7.539474807948584,6.133586312025976,13355744.164499998,0.7337563144883847,0.7080185897241124,7.539474807948584
OOS,BNB/USDT,limit,-6.717247224611569,6.367247224611569,13355744.164499998,0.7337563144883847,0.7080185897241124,-6.717247224611569
OOS,BNB/USDT,limit,-1.452140081388023,3.2467539565033565,13355744.164499998,0.7337563144883847,0.7080185897241124,-1.452140081388023
OOS,CELO/USDT,limit,-11.310309275507786,10.960309275507786,466006.48000000004,1.5720709719365775,0.5753337936271156,-11.310309275507786
OOS,CELO/USDT,limit,9.760024961302996,7.831783129505898,466006.48000000004,1.5720709719365775,0.5753337936271156,9.760024961302996
OOS,CELO/USDT,limit,13.99135442770447,11.067751577548975,466006.48000000004,1.5720709719365775,0.5753337936271156,5.582414480239128
OOS,CELO/USDT,limit,6.905442355928532,16.08537453937384,466006.48000000004,1.5720709719365775,0.5753337936271156,8.207582138543964
OOS,CELO/USDT,limit,-3.544891714529178,12.16012084592144,466006.48000000004,1.5720709719365775,0.5753337936271156,-3.544891714529178
OOS,CELO/USDT,limit,8.411759862877842,11.330393167002075,466006.48000000004,1.5720709719365775,0.5753337936271156,7.356622114801314
OOS,CELO/USDT,limit,8.52363937529578,6.886239943208691,466006.48000000004,1.5720709719365775,0.5753337936271156,0.7580217699952755
OOS,CELO/USDT,limit,3.8915697332863375,9.08559511220771,466006.48000000004,1.5720709719365775,0.5753337936271156,2.913717542004475
OOS,CELO/USDT,limit,-5.269664061774426,4.9196640617744265,466006.48000000004,1.5720709719365775,0.5753337936271156,-5.269664061774426
OOS,CELO/USDT,limit,-5.490129172570584,5.140129172570584,466006.48000000004,1.5720709719365775,0.5753337936271156,-5.490129172570584
OOS,CELO/USDT,limit,5.12588005215123,12.563559322033887,466006.48000000004,1.5720709719365775,0.5753337936271156,5.03135593220339
OOS,CELO/USDT,limit,-15.106079678499892,14.756079678499892,466006.48000000004,1.5720709719365775,0.5753337936271156,-15.106079678499892
OOS,CELO/USDT,limit,-14.982649500311853,14.632649500311853,466006.48000000004,1.5720709719365775,0.5753337936271156,-14.982649500311853
OOS,CFX/USDT,limit,-11.180987131680405,10.830987131680406,767540.21835,1.486215961637417,0.5712025589173081,-11.180987131680405
OOS,CFX/USDT,limit,19.665359681179925,15.407026531217868,767540.21835,1.486215961637417,0.5712025589173081,19.665359681179925
OOS,CFX/USDT,limit,-5.808971943333847,5.4589719433338475,767540.21835,1.486215961637417,0.5712025589173081,0.19869851379217318
OOS,CFX/USDT,limit,-7.373531145663013,7.023531145663013,767540.21835,1.486215961637417,0.5712025589173081,-7.373531145663013
OOS,CFX/USDT,limit,8.741410133383637,12.015100603668957,767540.21835,1.486215961637417,0.5712025589173081,8.741410133383637
OOS,CFX/USDT,limit,-1.562034506213263,13.608390998466435,767540.21835,1.486215961637417,0.5712025589173081,-1.562034506213263
OOS,CFX/USDT,limit,-9.182351676602234,8.832351676602235,767540.21835,1.486215961637417,0.5712025589173081,-9.182351676602234
OOS,CFX/USDT,limit,-7.842769065581939,7.492769065581939,767540.21835,1.486215961637417,0.5712025589173081,-7.842769065581939
OOS,CFX/USDT,limit,-15.096479828075937,14.746479828075937,767540.21835,1.486215961637417,0.5712025589173081,-15.096479828075937
OOS,CFX/USDT,limit,6.166885262177296,13.791088316247743,767540.21835,1.486215961637417,0.5712025589173081,7.035493482269791
OOS,CFX/USDT,limit,10.24797178699282,8.204947295707763,767540.21835,1.486215961637417,0.5712025589173081,10.24797178699282
OOS,CFX/USDT,limit,4.845734851079899,4.529099474761303,767540.21835,1.486215961637417,0.5712025589173081,0.5060243252263971
OOS,CFX/USDT,limit,-13.70373311072024,13.35373311072024,767540.21835,1.486215961637417,0.5712025589173081,-13.70373311072024
OOS,CFX/USDT,limit,-4.099663542022199,6.3582160445707085,767540.21835,1.486215961637417,0.5712025589173081,-4.099663542022199
OOS,CFX/USDT,limit,5.547356916872843,4.610086265175325,767540.21835,1.486215961637417,0.5712025589173081,-2.418279432779139
OOS,CFX/USDT,limit,0.3425207756232693,13.340373961218829,767540.21835,1.486215961637417,0.5712025589173081,0.3425207756232693
OOS,CFX/USDT,limit,15.815217172416395,12.462576145645846,767540.21835,1.486215961637417,0.5712025589173081,15.815217172416395
OOS,CFX/USDT,limit,2.0666837241539433,15.678392734221688,767540.21835,1.486215961637417,0.5712025589173081,2.0666837241539433
OOS,CFX/USDT,limit,2.065259338890934,9.898790166326622,767540.21835,1.486215961637417,0.5712025589173081,2.065259338890934
OOS,CFX/USDT,limit,-1.6374710858579982,6.887743531755889,767540.21835,1.486215961637417,0.5712025589173081,3.0361607806153823
OOS,CFX/USDT,limit,-4.252513801539662,11.67873878914904,767540.21835,1.486215961637417,0.5712025589173081,-4.252513801539662
OOS,CFX/USDT,limit,6.018954857828985,9.799070076386567,767540.21835,1.486215961637417,0.5712025589173081,5.852258385918316
OOS,CHZ/USDT,limit,0.1396840972514043,10.113073388607955,742847.9947299999,1.3610465576086703,0.5984741869006995,5.137460533408633
OOS,CHZ/USDT,limit,-6.446543857541198,6.0965438575411985,742847.9947299999,1.3610465576086703,0.5984741869006995,-6.446543857541198
OOS,CHZ/USDT,limit,8.4118060485419,6.800713840907102,742847.9947299999,1.3610465576086703,0.5984741869006995,8.4118060485419
OOS,CHZ/USDT,limit,6.209829455321851,5.116721413569748,742847.9947299999,1.3610465576086703,0.5984741869006995,0.650101799843012
OOS,CHZ/USDT,limit,-2.9876673559955633,5.602347999227534,742847.9947299999,1.3610465576086703,0.5984741869006995,-0.8616650011530278
OOS,CHZ/USDT,limit,7.405506409550796,6.0311321037936985,742847.9947299999,1.3610465576086703,0.5984741869006995,7.405506409550796
OOS,CHZ/USDT,limit,9.75148061165683,7.825248718493127,742847.9947299999,1.3610465576086703,0.5984741869006995,9.75148061165683
OOS,CHZ/USDT,limit,5.842196848372998,4.8355692305491065,742847.9947299999,1.3610465576086703,0.5984741869006995,5.842196848372998
OOS,CHZ/USDT,limit,2.674245169676791,8.384328284718235,742847.9947299999,1.3610465576086703,0.5984741869006995,2.674245169676791
OOS,CHZ/USDT,limit,5.484551372168709,8.903791211282924,742847.9947299999,1.3610465576086703,0.5984741869006995,6.088766949344712
OOS,CHZ/USDT,limit,-2.0307666534677504,12.620503487557489,742847.9947299999,1.3610465576086703,0.5984741869006995,-2.0307666534677504
OOS,CHZ/USDT,limit,-2.0322767791574154,10.291658663894873,742847.9947299999,1.3610465576086703,0.5984741869006995,-2.0322767791574154
OOS,CHZ/USDT,limit,8.154147499780631,6.60366585852222,742847.9947299999,1.3610465576086703,0.5984741869006995,1.077705130254715
OOS,CHZ/USDT,limit,4.907581657324481,15.364439484082052,742847.9947299999,1.3610465576086703,0.5984741869006995,4.907581657324481
OOS,CHZ/USDT,limit,-8.179904927593038,7.829904927593037,742847.9947299999,1.3610465576086703,0.5984741869006995,-8.179904927593038
OOS,CYBER/USDT,limit,12.635474553921695,21.132029077697574,244904.41235,1.594869724609688,0.47763175216746667,11.671252576155762
OOS,CYBER/USDT,limit,-16.447736592262867,16.097736592262866,244904.41235,1.594869724609688,0.47763175216746667,-16.447736592262867
OOS,CYBER/USDT,limit,-8.956235809316446,15.663878795011732,244904.41235,1.594869724609688,0.47763175216746667,-8.956235809316446
OOS,CYBER/USDT,limit,3.512187302771237,5.824815142865318,244904.41235,1.594869724609688,0.47763175216746667,1.307181009380936
OOS,CYBER/USDT,limit,-2.541813443128641,13.37788477887511,244904.41235,1.594869724609688,0.47763175216746667,-2.541813443128641
OOS,CYBER/USDT,limit,-8.229427710512137,7.879427710512138,244904.41235,1.594869724609688,0.47763175216746667,3.2373481940916196
OOS,CYBER/USDT,limit,-6.5538113953795225,6.203811395379523,244904.41235,1.594869724609688,0.47763175216746667,-6.5538113953795225
OOS,CYBER/USDT,limit,-15.013738977886511,14.663738977886512,244904.41235,1.594869724609688,0.47763175216746667,-15.013738977886511
OOS,CYBER/USDT,limit,11.313952233611078,9.020170765985332,244904.41235,1.594869724609688,0.47763175216746667,11.313952233611078
OOS,CYBER/USDT,limit,7.275494814399983,12.801349518774114,244904.41235,1.594869724609688,0.47763175216746667,3.8169411822838692
OOS,CYBER/USDT,limit,-3.346853268551858,12.639548897460099,244904.41235,1.594869724609688,0.47763175216746667,4.134506668750297
OOS,CYBER/USDT,limit,-10.288363193248038,9.938363193248039,244904.41235,1.594869724609688,0.47763175216746667,-10.288363193248038
OOS,CYBER/USDT,limit,2.418487767751039,5.936859673912688,244904.41235,1.594869724609688,0.47763175216746667,2.418487767751039
OOS,CYBER/USDT,limit,-9.300780724477956,22.401192912653304,244904.41235,1.594869724609688,0.47763175216746667,-9.300780724477956
OOS,CYBER/USDT,limit,5.769820769075212,4.780218610641024,244904.41235,1.594869724609688,0.47763175216746667,2.842382330924436
OOS,DASH/USDT,limit,0.35251464353340967,3.7868632707774643,380541.501905,1.29272283924821,0.5222249477016988,0.35251464353340967
OOS,DASH/USDT,limit,3.9511124525828243,15.13410624155209,380541.501905,1.29272283924821,0.5222249477016988,3.9511124525828243
OOS,DASH/USDT,limit,6.103386435484571,5.035317623946907,380541.501905,1.29272283924821,0.5222249477016988,6.103386435484571
OOS,DASH/USDT,limit,-4.868028465547761,4.518028465547761,380541.501905,1.29272283924821,0.5222249477016988,-4.868028465547761
OOS,DASH/USDT,limit,-10.394865042648217,10.044865042648217,380541.501905,1.29272283924821,0.5222249477016988,-10.394865042648217
OOS,DASH/USDT,limit,10.84176593880638,8.659059686425302,380541.501905,1.29272283924821,0.5222249477016988,10.84176593880638
OOS,DASH/USDT,limit,-5.896573533165837,5.546573533165837,380541.501905,1.29272283924821,0.5222249477016988,-5.896573533165837
OOS,DASH/USDT,limit,2.428314227806734,4.491916319216427,380541.501905,1.29272283924821,0.5222249477016988,0.04183439482679524
OOS,DASH/USDT,limit,-19.623917739177365,19.273917739177364,380541.501905,1.29272283924821,0.5222249477016988,-19.623917739177365
OOS,DASH/USDT,limit,-19.72687434449782,19.376874344497818,380541.501905,1.29272283924821,0.5222249477016988,-19.72687434449782
OOS,DASH/USDT,limit,7.342124404184117,5.982659827841442,380541.501905,1.29272283924821,0.5222249477016988,-2.573490142167023
OOS,DASH/USDT,limit,3.3405661576308936,8.47420892934545,380541.501905,1.29272283924821,0.5222249477016988,3.556617011281408
OOS,DOGE/USDT,limit,-8.618679374942799,8.2686793749428,24882855.977295,1.2453782693779818,0.7232603266360023,-8.618679374942799
OOS,DOGE/USDT,limit,4.801500397081831,20.448358595548957,24882855.977295,1.2453782693779818,0.7232603266360023,4.801500397081831
OOS,DOGE/USDT,limit,4.717511152657914,3.975450099151255,24882855.977295,1.2453782693779818,0.7232603266360023,4.717511152657914
OOS,DOGE/USDT,limit,-6.807778483458598,6.457778483458599,24882855.977295,1.2453782693779818,0.7232603266360023,-6.807778483458598
OOS,DOGE/USDT,limit,-5.4474892819551615,5.097489281955162,24882855.977295,1.2453782693779818,0.7232603266360023,-5.4474892819551615
OOS,DOGE/USDT,limit,-4.9198477601796835,19.375823369562443,24882855.977295,1.2453782693779818,0.7232603266360023,-4.9198477601796835
OOS,DOGE/USDT,limit,3.203635898625001,13.447994488191686,24882855.977295,1.2453782693779818,0.7232603266360023,3.203635898625001
OOS,DOGE/USDT,limit,-9.135290137090466,8.785290137090467,24882855.977295,1.2453782693779818,0.7232603266360023,-9.135290137090466
OOS,DOGE/USDT,limit,-0.6042353093608386,8.048066406097979,24882855.977295,1.2453782693779818,0.7232603266360023,-0.6042353093608386
OOS,DOGE/USDT,limit,-10.40290616087999,10.05290616087999,24882855.977295,1.2453782693779818,0.7232603266360023,-10.40290616087999
OOS,DOGE/USDT,limit,8.310677469940824,6.7233743446218135,24882855.977295,1.2453782693779818,0.7232603266360023,8.310677469940824
OOS,DOGE/USDT,limit,-8.63228304161254,8.28228304161254,24882855.977295,1.2453782693779818,0.7232603266360023,-8.63228304161254
OOS,DOGE/USDT,limit,-4.798018927605012,4.448018927605013,24882855.977295,1.2453782693779818,0.7232603266360023,-4.798018927605012
OOS,DOGE/USDT,limit,-10.844429315793228,14.945980260895315,24882855.977295,1.2453782693779818,0.7232603266360023,-10.844429315793228
OOS,DOGE/USDT,limit,4.5960313763957075,6.898532872673732,24882855.977295,1.2453782693779818,0.7232603266360023,4.5960313763957075
OOS,DOGE/USDT,limit,-3.3177472302315993,2.9677472302315993,24882855.977295,1.2453782693779818,0.7232603266360023,-3.3177472302315993
OOS,DOGE/USDT,limit,3.367516391539642,5.389270394022535,24882855.977295,1.2453782693779818,0.7232603266360023,2.807372682605387
OOS,DOGE/USDT,limit,-1.0253557399680326,5.115269530963423,24882855.977295,1.2453782693779818,0.7232603266360023,-1.0253557399680326
OOS,DOGE/USDT,limit,-3.8425114812238417,3.4925114812238416,24882855.977295,1.2453782693779818,0.7232603266360023,1.0802988661352533
OOS,DOT/USDT,limit,-4.973452444765926,7.179273146862484,4014310.7852000003,1.1726722835005,0.693241229607992,-4.973452444765926
OOS,DOT/USDT,limit,7.839403928230961,6.362961305769624,4014310.7852000003,1.1726722835005,0.693241229607992,7.839403928230961
OOS,DOT/USDT,limit,5.724750511409225,4.745750500107353,4014310.7852000003,1.1726722835005,0.693241229607992,1.5648743798103597
OOS,DOT/USDT,limit,-2.4543480362322527,16.259441710850382,4014310.7852000003,1.1726722835005,0.693241229607992,-2.4543480362322527
OOS,DOT/USDT,limit,10.50087698638342,8.39836008761452,4014310.7852000003,1.1726722835005,0.693241229607992,10.50087698638342
OOS,DOT/USDT,limit,7.099477314956416,17.890596501525387,4014310.7852000003,1.1726722835005,0.693241229607992,7.099477314956416
OOS,DOT/USDT,limit,3.9117704908953885,3.3592486476991112,4014310.7852000003,1.1726722835005,0.693241229607992,3.9117704908953885
OOS,DOT/USDT,limit,5.884785324755064,10.06337867935192,4014310.7852000003,1.1726722835005,0.693241229607992,4.709366286603913
OOS,DOT/USDT,limit,-6.080420349239595,7.828721312680289,4014310.7852000003,1.1726722835005,0.693241229607992,-6.080420349239595
OOS,DOT/USDT,limit,-2.4696149837325985,11.43541883811508,4014310.7852000003,1.1726722835005,0.693241229607992,-2.4696149837325985
OOS,DOT/USDT,limit,4.852790205167855,4.078906648464973,4014310.7852000003,1.1726722835005,0.693241229607992,2.7759334021288007
OOS,DOT/USDT,limit,-6.581433345711095,6.231433345711095,4014310.7852000003,1.1726722835005,0.693241229607992,-6.581433345711095
OOS,DOT/USDT,limit,-0.6824949953423951,12.052560632707408,4014310.7852000003,1.1726722835005,0.693241229607992,-0.6824949953423951
OOS,DOT/USDT,limit,-2.5985080988917315,7.230951619778338,4014310.7852000003,1.1726722835005,0.693241229607992,-2.5985080988917315
OOS,DOT/USDT,limit,15.083757486061387,11.903182110070237,4014310.7852000003,1.1726722835005,0.693241229607992,15.083757486061387
OOS,DOT/USDT,limit,2.5110800492471816,4.491074891095191,4014310.7852000003,1.1726722835005,0.693241229607992,0.9064053328514167
OOS,DOT/USDT,limit,-0.13895914486491046,20.02017272189481,4014310.7852000003,1.1726722835005,0.693241229607992,-0.13895914486491046
OOS,DOT/USDT,limit,-1.2307562559519645,5.963397771476827,4014310.7852000003,1.1726722835005,0.693241229607992,2.101738646207161
OOS,DOT/USDT,limit,7.245429405925343,8.580122683096821,4014310.7852000003,1.1726722835005,0.693241229607992,3.7551767680577366
OOS,DOT/USDT,limit,4.076121705700849,3.484938540138591,4014310.7852000003,1.1726722835005,0.693241229607992,4.076121705700849
OOS,EDU/USDT,limit,-24.48464474862156,24.134644748621557,226799.59979999997,1.6608547837775203,0.4795380680880212,-24.48464474862156
OOS,EDU/USDT,limit,14.161782825838193,11.198089081019297,226799.59979999997,1.6608547837775203,0.4795380680880212,8.50098207215279
OOS,EDU/USDT,limit,10.254328786462356,8.209808900050081,226799.59979999997,1.6608547837775203,0.4795380680880212,3.0390602182479647
OOS,EDU/USDT,limit,-3.6638506004029305,12.305025963369598,226799.59979999997,1.6608547837775203,0.4795380680880212,1.7494392463274724
OOS,EDU/USDT,limit,10.503414524090582,8.400300705101602,226799.59979999997,1.6608547837775203,0.4795380680880212,10.503414524090582
OOS,EDU/USDT,limit,8.578484295928618,17.390649010712668,226799.59979999997,1.6608547837775203,0.4795380680880212,8.578484295928618
OOS,EDU/USDT,limit,-8.489724678256438,8.139724678256439,226799.59979999997,1.6608547837775203,0.4795380680880212,-8.489724678256438
OOS,EDU/USDT,limit,-11.321051516767142,10.971051516767142,226799.59979999997,1.6608547837775203,0.4795380680880212,-11.321051516767142
OOS,EDU/USDT,limit,0.5361243561705867,12.89496169887307,226799.59979999997,1.6608547837775203,0.4795380680880212,0.5361243561705867
OOS,EDU/USDT,limit,-6.630782712872175,6.280782712872175,226799.59979999997,1.6608547837775203,0.4795380680880212,-6.630782712872175
OOS,EDU/USDT,limit,-7.1753649195841005,6.825364919584101,226799.59979999997,1.6608547837775203,0.4795380680880212,-7.1753649195841005
OOS,EDU/USDT,limit,-8.413266406144679,8.06326640614468,226799.59979999997,1.6608547837775203,0.4795380680880212,-8.413266406144679
OOS,EDU/USDT,limit,-2.8311387766724736,4.22809015836855,226799.59979999997,1.6608547837775203,0.4795380680880212,-2.8311387766724736
OOS,EDU/USDT,limit,-14.70401905940468,14.35401905940468,226799.59979999997,1.6608547837775203,0.4795380680880212,-14.70401905940468
OOS,EDU/USDT,limit,9.376250265261369,7.538286057862324,226799.59979999997,1.6608547837775203,0.4795380680880212,9.376250265261369
OOS,EDU/USDT,limit,-12.94378246579699,17.02804496624243,226799.59979999997,1.6608547837775203,0.4795380680880212,-12.94378246579699
OOS,EDU/USDT,limit,-8.17704482414071,7.827044824140709,226799.59979999997,1.6608547837775203,0.4795380680880212,2.562831928890112
OOS,ETH/USDT,limit,-4.282033995966745,3.932033995966745,271960395.164375,0.922359337172461,0.8162815801790803,-1.803119454991561
OOS,ETH/USDT,limit,9.221272082424756,9.838364170564542,271960395.164375,0.922359337172461,0.8162815801790803,3.763324870394795
OOS,ETH/USDT,limit,4.733834864632082,3.9879338864154756,271960395.164375,0.922359337172461,0.8162815801790803,4.733834864632082
OOS,ETH/USDT,limit,3.1550751944941586,6.406554706479882,271960395.164375,0.922359337172461,0.8162815801790803,3.1550751944941586
OOS,ETH/USDT,limit,0.2977317463946715,12.933456173443853,271960395.164375,0.922359337172461,0.8162815801790803,0.2977317463946715
OOS,ETH/USDT,limit,-7.518865818856168,7.168865818856168,271960395.164375,0.922359337172461,0.8162815801790803,-7.518865818856168
OOS,ETH/USDT,limit,2.029856861254116,8.660285538556174,271960395.164375,0.922359337172461,0.8162815801790803,2.919201622140682
OOS,ETH/USDT,limit,-11.990322842221852,11.640322842221853,271960395.164375,0.922359337172461,0.8162815801790803,-11.990322842221852
OOS,ETH/USDT,limit,-0.9982426904425661,5.666172423953866,271960395.164375,0.922359337172461,0.8162815801790803,-0.9982426904425661
OOS,ETH/USDT,limit,3.7196599479415524,4.003783000773295,271960395.164375,0.922359337172461,0.8162815801790803,1.8285076359380419
OOS,ETH/USDT,limit,4.815394212537311,11.637225595119272,271960395.164375,0.922359337172461,0.8162815801790803,4.815394212537311
OOS,ETH/USDT,limit,-0.2891646430004714,3.2007926428475733,271960395.164375,0.922359337172461,0.8162815801790803,-0.2891646430004714
OOS,ETH/USDT,limit,6.6206555489111,5.430906420207449,271960395.164375,0.922359337172461,0.8162815801790803,6.6206555489111
OOS,ETH/USDT,limit,-0.045930495638808966,6.412893730416634,271960395.164375,0.922359337172461,0.8162815801790803,-0.045930495638808966
OOS,ETH/USDT,limit,-2.885055774950671,2.535055774950671,271960395.164375,0.922359337172461,0.8162815801790803,-2.885055774950671
OOS,FET/USDT,limit,10.694215135183233,19.582972476997107,3008359.6286500003,1.742521742368408,0.6065272817872573,5.225131355769517
OOS,FET/USDT,limit,17.43009502039496,13.697576588177318,3008359.6286500003,1.742521742368408,0.6065272817872573,17.43009502039496
OOS,FET/USDT,limit,-4.944158622073265,8.934878438621121,3008359.6286500003,1.742521742368408,0.6065272817872573,6.044543604548241
OOS,FET/USDT,limit,1.9846978794992656,9.908143079030216,3008359.6286500003,1.742521742368408,0.6065272817872573,4.279609395245464
OOS,FET/USDT,limit,13.583055765006723,10.755499459069586,3008359.6286500003,1.742521742368408,0.6065272817872573,3.757297109167325
OOS,FET/USDT,limit,10.344154914515272,8.278504689044349,3008359.6286500003,1.742521742368408,0.6065272817872573,4.282914940657871
OOS,FET/USDT,limit,-16.210112133742967,15.860112133742968,3008359.6286500003,1.742521742368408,0.6065272817872573,-16.210112133742967
OOS,FET/USDT,limit,6.159236249989411,13.7439038493542,3008359.6286500003,1.742521742368408,0.6065272817872573,6.159236249989411
OOS,FET/USDT,limit,7.228880814402838,14.07590847940706,3008359.6286500003,1.742521742368408,0.6065272817872573,6.025897908445517
OOS,FET/USDT,limit,-3.6309217359138404,10.935151022227707,3008359.6286500003,1.742521742368408,0.6065272817872573,-3.6309217359138404
OOS,FET/USDT,limit,-1.2624776993756641,11.051082007482723,3008359.6286500003,1.742521742368408,0.6065272817872573,-1.2624776993756641
OOS,FET/USDT,limit,5.616888780440423,11.331936738049903,3008359.6286500003,1.742521742368408,0.6065272817872573,5.616888780440423
OOS,FET/USDT,limit,13.09148287281339,10.37956220774425,3008359.6286500003,1.742521742368408,0.6065272817872573,13.09148287281339
OOS,FET/USDT,limit,5.26740003971546,11.489855038605747,3008359.6286500003,1.742521742368408,0.6065272817872573,6.809994860353482
OOS,FLOW/USDT,limit,-9.887736384803215,9.537736384803216,489878.5478,1.3816122741401557,0.5966418726743391,2.7932790050542424
OOS,FLOW/USDT,limit,-7.110770843392624,6.760770843392624,489878.5478,1.3816122741401557,0.5966418726743391,-7.110770843392624
OOS,FLOW/USDT,limit,-7.051998288468151,6.701998288468151,489878.5478,1.3816122741401557,0.5966418726743391,-7.051998288468151
OOS,FLOW/USDT,limit,0.0001713604529863244,11.495678736402908,489878.5478,1.3816122741401557,0.5966418726743391,3.2565787513038327
OOS,FLOW/USDT,limit,-7.65388093443855,7.30388093443855,489878.5478,1.3816122741401557,0.5966418726743391,-7.65388093443855
OOS,FLOW/USDT,limit,-5.676745248679562,16.09156456684375,489878.5478,1.3816122741401557,0.5966418726743391,-5.676745248679562
OOS,FLOW/USDT,limit,11.949008311540355,9.505838792366845,489878.5478,1.3816122741401557,0.5966418726743391,11.949008311540355
OOS,FLOW/USDT,limit,-11.321348707197766,13.460656883298384,489878.5478,1.3816122741401557,0.5966418726743391,-11.321348707197766
OOS,FLOW/USDT,limit,10.054187849197172,12.610610560225489,489878.5478,1.3816122741401557,0.5966418726743391,10.054187849197172
OOS,FLOW/USDT,limit,5.784960327354335,10.475118431280487,489878.5478,1.3816122741401557,0.5966418726743391,3.8559604300192363
OOS,FLOW/USDT,limit,4.983176951560743,11.952733609235452,489878.5478,1.3816122741401557,0.5966418726743391,4.983176951560743
OOS,FLOW/USDT,limit,-5.649351012163155,10.782438647010775,489878.5478,1.3816122741401557,0.5966418726743391,-5.649351012163155
OOS,FLOW/USDT,limit,-1.2993563971755804,20.124058245210986,489878.5478,1.3816122741401557,0.5966418726743391,-1.2993563971755804
OOS,FLOW/USDT,limit,-5.864779587018018,5.514779587018018,489878.5478,1.3816122741401557,0.5966418726743391,3.8903604125364857
OOS,GALA/USDT,limit,7.1691583182604965,5.850381592106168,2174227.36216,1.5479151174788335,0.6542234123205224,2.6533134010043713
OOS,GALA/USDT,limit,5.451412597440244,11.308025567098372,2174227.36216,1.5479151174788335,0.6542234123205224,4.157421475752451
OOS,GALA/USDT,limit,-2.613073575105416,20.421242401790572,2174227.36216,1.5479151174788335,0.6542234123205224,-2.613073575105416
OOS,GALA/USDT,limit,16.49398662629749,12.981674588273762,2174227.36216,1.5479151174788335,0.6542234123205224,16.49398662629749
OOS,GALA/USDT,limit,-2.3981157424587165,14.289586397757395,2174227.36216,1.5479151174788335,0.6542234123205224,-0.48625044150059604
OOS,GALA/USDT,limit,7.191898370821169,13.362447255766902,2174227.36216,1.5479151174788335,0.6542234123205224,9.784845111122195
OOS,GALA/USDT,limit,0.14883251963489885,16.333580980683497,2174227.36216,1.5479151174788335,0.6542234123205224,0.14883251963489885
OOS,GALA/USDT,limit,9.921158586688573,7.955012325390277,2174227.36216,1.5479151174788335,0.6542234123205224,1.0797811048900403
OOS,GALA/USDT,limit,3.5551220018639422,10.994231892875936,2174227.36216,1.5479151174788335,0.6542234123205224,3.5551220018639422
OOS,GALA/USDT,limit,-1.0662600528822792,8.50958678842588,2174227.36216,1.5479151174788335,0.6542234123205224,0.3965624015954864
OOS,GALA/USDT,limit,-5.82967689950857,5.47967689950857,2174227.36216,1.5479151174788335,0.6542234123205224,-5.82967689950857
OOS,GALA/USDT,limit,12.25209748080998,9.737630477814148,2174227.36216,1.5479151174788335,0.6542234123205224,4.988473896240685
OOS,GALA/USDT,limit,-6.104672445369631,5.754672445369631,2174227.36216,1.5479151174788335,0.6542234123205224,0.15805378288914074
OOS,GALA/USDT,limit,1.903287297137977,16.660701610865818,2174227.36216,1.5479151174788335,0.6542234123205224,1.903287297137977
OOS,GALA/USDT,limit,-4.948981003475388,17.087874391245155,2174227.36216,1.5479151174788335,0.6542234123205224,-4.948981003475388
OOS,GALA/USDT,limit,-5.86004527447651,5.510045274476511,2174227.36216,1.5479151174788335,0.6542234123205224,-5.86004527447651
OOS,GALA/USDT,limit,0.49801649591781005,8.74236429104396,2174227.36216,1.5479151174788335,0.6542234123205224,0.49801649591781005
OOS,GALA/USDT,limit,7.434288273424656,6.053143437137317,2174227.36216,1.5479151174788335,0.6542234123205224,7.434288273424656
OOS,GAS/USDT,limit,-2.3010620715093784,4.236439923532252,211431.62215,1.1781336860872131,0.5602005161748335,0.25970246392079177
OOS,GAS/USDT,limit,-2.4859153120615374,14.093142791495575,211431.62215,1.1781336860872131,0.5602005161748335,-2.4859153120615374
OOS,GAS/USDT,limit,28.45625249449161,22.12998488269736,211431.62215,1.1781336860872131,0.5602005161748335,28.45625249449161
OOS,GAS/USDT,limit,2.7411947168614987,4.840790995563374,211431.62215,1.1781336860872131,0.5602005161748335,1.6231731317002525
OOS,GAS/USDT,limit,-10.650005484560955,10.300005484560955,211431.62215,1.1781336860872131,0.5602005161748335,-10.650005484560955
OOS,GAS/USDT,limit,13.926436070340609,11.018104354897948,211431.62215,1.1781336860872131,0.5602005161748335,13.926436070340609
OOS,GAS/USDT,limit,7.582694893316461,6.1666394773922715,211431.62215,1.1781336860872131,0.5602005161748335,7.582694893316461
OOS,GAS/USDT,limit,-4.628783350361123,4.278783350361123,211431.62215,1.1781336860872131,0.5602005161748335,-4.628783350361123
OOS,GAS/USDT,limit,8.527390554456453,6.889108709988319,211431.62215,1.1781336860872131,0.5602005161748335,8.527390554456453
OOS,GAS/USDT,limit,5.442775599085127,4.530106238258727,211431.62215,1.1781336860872131,0.5602005161748335,5.442775599085127
OOS,GAS/USDT,limit,-11.44079586101175,11.09079586101175,211431.62215,1.1781336860872131,0.5602005161748335,-11.44079586101175
OOS,GAS/USDT,limit,-3.134092297914989,7.8110104861773095,211431.62215,1.1781336860872131,0.5602005161748335,-3.134092297914989
OOS,GAS/USDT,limit,-3.3434223882415,2.9934223882415,211431.62215,1.1781336860872131,0.5602005161748335,-3.3434223882415
OOS,GAS/USDT,limit,0.8111780485673371,8.018435981320811,211431.62215,1.1781336860872131,0.5602005161748335,0.8111780485673371
OOS,GMT/USDT,limit,9.05393225933011,7.291788850374329,703612.19154,1.393086885658757,0.6032443057673096,-0.2528260333202303
OOS,GMT/USDT,limit,-2.085580842432308,7.993204304628916,703612.19154,1.393086885658757,0.6032443057673096,3.565787081982114
OOS,GMT/USDT,limit,-5.452225451644152,5.102225451644152,703612.19154,1.393086885658757,0.6032443057673096,-5.452225451644152
OOS,GMT/USDT,limit,-11.705341672031937,15.721457504684372,703612.19154,1.393086885658757,0.6032443057673096,-11.705341672031937
OOS,GMT/USDT,limit,8.155793796005847,6.604924886608609,703612.19154,1.393086885658757,0.6032443057673096,8.155793796005847
OOS,GMT/USDT,limit,-8.678958924299156,8.328958924299156,703612.19154,1.393086885658757,0.6032443057673096,-8.678958924299156
OOS,GMT/USDT,limit,0.24475951771274673,12.261174776370696,703612.19154,1.393086885658757,0.6032443057673096,7.918283059162391
OOS,GMT/USDT,limit,-8.200933634843786,7.850933634843785,703612.19154,1.393086885658757,0.6032443057673096,-8.200933634843786
OOS,GMT/USDT,limit,2.936009256408126,16.446653734996634,703612.19154,1.393086885658757,0.6032443057673096,2.936009256408126
OOS,GMT/USDT,limit,1.9717193652286085,13.075690477860524,703612.19154,1.393086885658757,0.6032443057673096,1.9717193652286085
OOS,GMT/USDT,limit,-9.829549673027401,9.479549673027401,703612.19154,1.393086885658757,0.6032443057673096,-9.829549673027401
OOS,GMT/USDT,limit,2.01569264185061,6.032462738468449,703612.19154,1.393086885658757,0.6032443057673096,2.01569264185061
OOS,GMX/USDT,limit,14.228584249070384,11.249176404656055,183153.09416,1.3334655416669456,0.6198981151769889,4.9839631786615
OOS,GMX/USDT,limit,10.706035829318136,11.058865555844307,183153.09416,1.3334655416669456,0.6198981151769889,9.098841713700502
OOS,GMX/USDT,limit,-8.937686902518855,16.35225436001439,183153.09416,1.3334655416669456,0.6198981151769889,-8.937686902518855
OOS,GMX/USDT,limit,0.7301430875875116,9.259955639404433,183153.09416,1.3334655416669456,0.6198981151769889,6.816530695492557
OOS,GMX/USDT,limit,-7.19207158063377,6.84207158063377,183153.09416,1.3334655416669456,0.6198981151769889,-7.19207158063377
OOS,GMX/USDT,limit,-21.681504563497068,21.331504563497067,183153.09416,1.3334655416669456,0.6198981151769889,-21.681504563497068
OOS,GMX/USDT,limit,2.982719572822687,16.97645474293586,183153.09416,1.3334655416669456,0.6198981151769889,2.982719572822687
OOS,GMX/USDT,limit,4.2727522479729,10.594958191561963,183153.09416,1.3334655416669456,0.6198981151769889,4.2727522479729
OOS,GMX/USDT,limit,-6.131809574576576,5.7818095745765765,183153.09416,1.3334655416669456,0.6198981151769889,-6.131809574576576
OOS,GMX/USDT,limit,-7.058588693174568,22.577872260556966,183153.09416,1.3334655416669456,0.6198981151769889,2.7016016959977613
OOS,GMX/USDT,limit,4.913404599601471,12.310551222701408,183153.09416,1.3334655416669456,0.6198981151769889,7.238021661612267
OOS,GMX/USDT,limit,-11.230258230670616,10.880258230670616,183153.09416,1.3334655416669456,0.6198981151769889,-11.230258230670616
OOS,GMX/USDT,limit,1.8361786198903518,8.124778910826903,183153.09416,1.3334655416669456,0.6198981151769889,4.0776028037925665
OOS,GMX/USDT,limit,-2.371073854392124,7.327619372601747,183153.09416,1.3334655416669456,0.6198981151769889,-2.371073854392124
OOS,HBAR/USDT,limit,-22.15505119926903,21.80505119926903,1848218.645505,1.2270296517023522,0.5957542040987751,-22.15505119926903
OOS,HBAR/USDT,limit,12.762995364957561,10.128346787286388,1848218.645505,1.2270296517023522,0.5957542040987751,12.762995364957561
OOS,HBAR/USDT,limit,8.004450361130568,6.489182875979662,1848218.645505,1.2270296517023522,0.5957542040987751,3.582805029798932
OOS,HBAR/USDT,limit,-7.146512969834688,6.796512969834688,1848218.645505,1.2270296517023522,0.5957542040987751,-7.146512969834688
OOS,HBAR/USDT,limit,-9.954760458316368,18.770198596571696,1848218.645505,1.2270296517023522,0.5957542040987751,-9.954760458316368
OOS,HBAR/USDT,limit,4.934490306334786,14.093815959212883,1848218.645505,1.2270296517023522,0.5957542040987751,5.898374067687062
OOS,HBAR/USDT,limit,-8.743310399017059,8.393310399017059,1848218.645505,1.2270296517023522,0.5957542040987751,-8.743310399017059
OOS,HBAR/USDT,limit,7.617012479518629,6.454986800304245,1848218.645505,1.2270296517023522,0.5957542040987751,0.9731856011454879
OOS,HBAR/USDT,limit,-5.241978823387214,4.891978823387214,1848218.645505,1.2270296517023522,0.5957542040987751,3.5981879494104034
OOS,HBAR/USDT,limit,1.0707793816369837,8.340672828378839,1848218.645505,1.2270296517023522,0.5957542040987751,1.0707793816369837
OOS,HBAR/USDT,limit,-0.27807897445239566,8.703905624387339,1848218.645505,1.2270296517023522,0.5957542040987751,-0.27807897445239566
OOS,HBAR/USDT,limit,1.8496186764022142,4.055790267571696,1848218.645505,1.2270296517023522,0.5957542040987751,0.582652112296924
OOS,HBAR/USDT,limit,4.046075752770804,3.4619604769919947,1848218.645505,1.2270296517023522,0.5957542040987751,0.664820111563795
OOS,HFT/USDT,limit,-13.104196907218817,12.754196907218818,135589.725705,1.624104094942882,0.5531964276080796,-13.104196907218817
OOS,HFT/USDT,limit,7.909766947498754,6.4167724098369225,135589.725705,1.624104094942882,0.5531964276080796,7.909766947498754
OOS,HFT/USDT,limit,7.6500000000000075,6.218111999999998,135589.725705,1.624104094942882,0.5531964276080796,0.863312000000002
OOS,HFT/USDT,limit,2.255226017238481,13.634744528606275,135589.725705,1.624104094942882,0.5531964276080796,2.255226017238481
OOS,HFT/USDT,limit,-10.314807378315155,9.964807378315156,135589.725705,1.624104094942882,0.5531964276080796,-10.314807378315155
OOS,HFT/USDT,limit,-2.5870338840178726,9.632655110939996,135589.725705,1.624104094942882,0.5531964276080796,-2.5870338840178726
OOS,HFT/USDT,limit,3.9944655412039016,16.922441537839042,135589.725705,1.624104094942882,0.5531964276080796,3.9944655412039016
OOS,HFT/USDT,limit,-4.649045753739327,19.00289671404,135589.725705,1.624104094942882,0.5531964276080796,-4.649045753739327
OOS,HFT/USDT,limit,-5.904978008112568,11.753040312156894,135589.725705,1.624104094942882,0.5531964276080796,5.879606213793881
OOS,HFT/USDT,limit,7.658180178531131,6.224367906054159,135589.725705,1.624104094942882,0.5531964276080796,7.658180178531131
OOS,HFT/USDT,limit,-14.580302476207597,14.230302476207598,135589.725705,1.624104094942882,0.5531964276080796,-14.580302476207597
OOS,HFT/USDT,limit,-0.3876288328637493,7.377851607791311,135589.725705,1.624104094942882,0.5531964276080796,3.6683310541885734
OOS,HFT/USDT,limit,15.023314152631276,11.85695722462289,135589.725705,1.624104094942882,0.5531964276080796,15.023314152631276
OOS,HFT/USDT,limit,11.998622915637618,9.543782255454671,135589.725705,1.624104094942882,0.5531964276080796,6.011714697057577
OOS,HFT/USDT,limit,-7.847459150965521,11.296378792281708,135589.725705,1.624104094942882,0.5531964276080796,2.2702828344812116
OOS,HFT/USDT,limit,-9.802046582035606,9.452046582035607,135589.725705,1.624104094942882,0.5531964276080796,-9.802046582035606
OOS,HFT/USDT,limit,1.5202124669118429,17.902811614233183,135589.725705,1.624104094942882,0.5531964276080796,1.5202124669118429
OOS,HFT/USDT,limit,-6.550202147764201,6.200202147764202,135589.725705,1.624104094942882,0.5531964276080796,-6.550202147764201
OOS,HFT/USDT,limit,-9.428156795222215,9.078156795222215,135589.725705,1.624104094942882,0.5531964276080796,-9.428156795222215
OOS,HFT/USDT,limit,-12.118872595580592,11.768872595580593,135589.725705,1.624104094942882,0.5531964276080796,-12.118872595580592
OOS,ICP/USDT,limit,4.193783220389899,17.89571873820116,1407032.51,1.4145801603460824,0.6018559034628875,4.193783220389899
OOS,ICP/USDT,limit,0.7548092871121482,11.547392196042376,1407032.51,1.4145801603460824,0.6018559034628875,0.7548092871121482
OOS,ICP/USDT,limit,7.635215263829508,14.666159482381907,1407032.51,1.4145801603460824,0.6018559034628875,7.635215263829508
OOS,ICP/USDT,limit,7.938837435425418,14.07826545088137,1407032.51,1.4145801603460824,0.6018559034628875,7.02634458154761
OOS,ICP/USDT,limit,-10.77088668258255,10.42088668258255,1407032.51,1.4145801603460824,0.6018559034628875,-10.77088668258255
OOS,ICP/USDT,limit,-7.004441181522273,10.692399008834993,1407032.51,1.4145801603460824,0.6018559034628875,-7.004441181522273
OOS,ICP/USDT,limit,-12.039824125517992,11.689824125517992,1407032.51,1.4145801603460824,0.6018559034628875,-12.039824125517992
OOS,ICP/USDT,limit,-13.35347922549413,13.00347922549413,1407032.51,1.4145801603460824,0.6018559034628875,-13.35347922549413
OOS,ICP/USDT,limit,-7.691415507024333,7.341415507024333,1407032.51,1.4145801603460824,0.6018559034628875,2.707965032039661
OOS,ICP/USDT,limit,10.335945171257391,8.272226172951482,1407032.51,1.4145801603460824,0.6018559034628875,10.335945171257391
OOS,ICP/USDT,limit,0.9146839677230066,12.653296527634666,1407032.51,1.4145801603460824,0.6018559034628875,0.9146839677230066
OOS,ICP/USDT,limit,8.932512371219987,10.380179594747293,1407032.51,1.4145801603460824,0.6018559034628875,6.55719859797634
OOS,ICP/USDT,limit,6.844267046513564,5.601916443559892,1407032.51,1.4145801603460824,0.6018559034628875,6.844267046513564
OOS,ICP/USDT,limit,-1.6827604407181163,11.740039983526962,1407032.51,1.4145801603460824,0.6018559034628875,-1.6827604407181163
OOS,ICP/USDT,limit,5.7228229722420965,11.147831536299385,1407032.51,1.4145801603460824,0.6018559034628875,7.6470723131981355
OOS,ICP/USDT,limit,-1.2690018012832476,4.559032963979288,1407032.51,1.4145801603460824,0.6018559034628875,2.8107847904870993
OOS,ICP/USDT,limit,6.73905467904529,5.521453812565392,1407032.51,1.4145801603460824,0.6018559034628875,1.9881990570659895
OOS,ICP/USDT,limit,-14.194256402658183,13.844256402658184,1407032.51,1.4145801603460824,0.6018559034628875,-14.194256402658183
OOS,ICP/USDT,limit,-9.462998602300823,9.112998602300824,1407032.51,1.4145801603460824,0.6018559034628875,-9.462998602300823
OOS,ICP/USDT,limit,2.854244819817955,5.937507736233619,1407032.51,1.4145801603460824,0.6018559034628875,1.1054021603690392
OOS,ICP/USDT,limit,-7.465424937670564,7.115424937670564,1407032.51,1.4145801603460824,0.6018559034628875,-7.465424937670564
OOS,ICP/USDT,limit,-0.7264115432873351,6.802762196472052,1407032.51,1.4145801603460824,0.6018559034628875,-1.1961879105469
OOS,ID/USDT,limit,-1.600869433250796,16.280969359893888,278945.937055,1.4264485536563187,0.5158772826086816,4.285824648834205
OOS,ID/USDT,limit,-15.951162893197607,15.601162893197607,278945.937055,1.4264485536563187,0.5158772826086816,-15.951162893197607
OOS,ID/USDT,limit,23.19609341847876,18.107204587089488,278945.937055,1.4264485536563187,0.5158772826086816,10.440579492646375
OOS,ID/USDT,limit,-6.083626655469924,14.040777520261175,278945.937055,1.4264485536563187,0.5158772826086816,-6.083626655469924
OOS,ID/USDT,limit,-4.916314872427498,8.071462484467748,278945.937055,1.4264485536563187,0.5158772826086816,-4.916314872427498
OOS,ID/USDT,limit,3.733805943435223,23.50141632637113,278945.937055,1.4264485536563187,0.5158772826086816,3.733805943435223
OOS,ID/USDT,limit,-12.934663447830799,13.69715651414701,278945.937055,1.4264485536563187,0.5158772826086816,-12.934663447830799
OOS,ID/USDT,limit,-0.7717175518454651,6.805930636108746,278945.937055,1.4264485536563187,0.5158772826086816,-0.7717175518454651
OOS,ID/USDT,limit,-0.5605531948301017,15.539285086314452,278945.937055,1.4264485536563187,0.5158772826086816,-0.5605531948301017
OOS,ID/USDT,limit,9.169668153497025,7.3802994957409815,278945.937055,1.4264485536563187,0.5158772826086816,9.169668153497025
OOS,ID/USDT,limit,-8.726814385334745,8.376814385334745,278945.937055,1.4264485536563187,0.5158772826086816,-8.726814385334745
OOS,ID/USDT,limit,5.870403688063852,4.85714080609846,278945.937055,1.4264485536563187,0.5158772826086816,5.870403688063852
OOS,ID/USDT,limit,7.63716917130979,12.145924108120754,278945.937055,1.4264485536563187,0.5158772826086816,7.074772145794892
OOS,ID/USDT,limit,-5.920557174071363,5.5705571740713635,278945.937055,1.4264485536563187,0.5158772826086816,-5.920557174071363
OOS,ID/USDT,limit,5.21160598985737,11.281347292052219,278945.937055,1.4264485536563187,0.5158772826086816,5.21160598985737
OOS,ID/USDT,limit,6.090916505848099,14.314663297820198,278945.937055,1.4264485536563187,0.5158772826086816,6.277189513997277
OOS,ID/USDT,limit,6.477844812314234,5.321689910044669,278945.937055,1.4264485536563187,0.5158772826086816,6.477844812314234
OOS,ID/USDT,limit,10.156502854639179,8.134995149125269,278945.937055,1.4264485536563187,0.5158772826086816,10.156502854639179
OOS,ID/USDT,limit,-2.0704997492896635,8.488373307705166,278945.937055,1.4264485536563187,0.5158772826086816,-2.0704997492896635
OOS,IMX/USDT,limit,-8.852130425538535,16.54837653855354,589127.753,1.5455380259403484,0.642091036552595,-8.852130425538535
OOS,IMX/USDT,limit,-14.39145994552372,14.041459945523721,589127.753,1.5455380259403484,0.642091036552595,-14.39145994552372
OOS,IMX/USDT,limit,6.882597487270373,17.15375969472853,589127.753,1.5455380259403484,0.642091036552595,6.882597487270373
OOS,IMX/USDT,limit,-12.839020928039478,12.489020928039478,589127.753,1.5455380259403484,0.642091036552595,-12.839020928039478
OOS,IMX/USDT,limit,15.415014091871747,12.156515236956194,589127.753,1.5455380259403484,0.642091036552595,4.566559771461147
OOS,IMX/USDT,limit,9.77997789654994,7.847042416077113,589127.753,1.5455380259403484,0.642091036552595,-1.0862484106214736
OOS,IMX/USDT,limit,-7.094223263251317,11.724278715296657,589127.753,1.5455380259403484,0.642091036552595,4.982310585440701
OOS,IMX/USDT,limit,-7.628552258382567,7.278552258382567,589127.753,1.5455380259403484,0.642091036552595,-7.628552258382567
OOS,IMX/USDT,limit,6.656608374455321,17.755360286266697,589127.753,1.5455380259403484,0.642091036552595,9.293378639656028
OOS,IMX/USDT,limit,-6.725995314043391,6.375995314043391,589127.753,1.5455380259403484,0.642091036552595,-6.725995314043391
OOS,IMX/USDT,limit,-0.5351979302879808,18.761066514837708,589127.753,1.5455380259403484,0.642091036552595,-0.5351979302879808
OOS,IMX/USDT,limit,-4.214957580986416,6.089323863519624,589127.753,1.5455380259403484,0.642091036552595,2.4282271317351887
OOS,IMX/USDT,limit,7.604803307527319,19.552498090778883,589127.753,1.5455380259403484,0.642091036552595,7.604803307527319
OOS,IMX/USDT,limit,8.159393400842811,8.856564642770264,589127.753,1.5455380259403484,0.642091036552595,5.764640469308483
OOS,INJ/USDT,limit,-6.466305781384035,21.22995927012001,2798563.3256,1.6143233723959094,0.6440709867445683,-6.466305781384035
OOS,INJ/USDT,limit,8.680327688872902,18.82719042149021,2798563.3256,1.6143233723959094,0.6440709867445683,8.680327688872902
OOS,INJ/USDT,limit,-4.835083821268004,14.966312677858268,2798563.3256,1.6143233723959094,0.6440709867445683,7.7118797833852835
OOS,INJ/USDT,limit,-3.5858022229919992,10.982012677670605,2798563.3256,1.6143233723959094,0.6440709867445683,-3.5858022229919992
OOS,INJ/USDT,limit,-12.64233140296797,15.894906321419732,2798563.3256,1.6143233723959094,0.6440709867445683,-12.64233140296797
OOS,INJ/USDT,limit,11.850154738737482,9.430239138615827,2798563.3256,1.6143233723959094,0.6440709867445683,11.850154738737482
OOS,INJ/USDT,limit,3.4790121171872457,21.851559012770384,2798563.3256,1.6143233723959094,0.6440709867445683,3.4790121171872457
OOS,INJ/USDT,limit,-15.042038532440243,14.692038532440243,2798563.3256,1.6143233723959094,0.6440709867445683,-15.042038532440243
OOS,INJ/USDT,limit,9.142051234354266,14.708588491020333,2798563.3256,1.6143233723959094,0.6440709867445683,7.697666655055967
OOS,INJ/USDT,limit,17.103929958351312,13.448137290668566,2798563.3256,1.6143233723959094,0.6440709867445683,17.103929958351312
OOS,INJ/USDT,limit,-7.425553668877636,7.075553668877636,2798563.3256,1.6143233723959094,0.6440709867445683,-7.425553668877636
OOS,IOTA/USDT,limit,-0.7281862939728345,9.462432833055402,344784.87807000004,1.3305817491889727,0.6354682448511303,-0.7281862939728345
OOS,IOTA/USDT,limit,7.607711528350367,11.655618725645796,344784.87807000004,1.3305817491889727,0.6354682448511303,6.378208366296993
OOS,IOTA/USDT,limit,2.767654136310505,4.529047643846473,344784.87807000004,1.3305817491889727,0.6354682448511303,1.052953340241109
OOS,IOTA/USDT,limit,-3.9345673265241436,8.416922716563082,344784.87807000004,1.3305817491889727,0.6354682448511303,2.3653919285724117
OOS,IOTA/USDT,limit,-8.7728241980099,8.4228241980099,344784.87807000004,1.3305817491889727,0.6354682448511303,-8.7728241980099
OOS,IOTA/USDT,limit,-10.526942084836362,10.176942084836362,344784.87807000004,1.3305817491889727,0.6354682448511303,-10.526942084836362
OOS,IOTA/USDT,limit,10.154862858377436,8.133740939024149,344784.87807000004,1.3305817491889727,0.6354682448511303,5.054262847830055
OOS,IOTA/USDT,limit,5.119013236039868,17.408889486384474,344784.87807000004,1.3305817491889727,0.6354682448511303,5.119013236039868
OOS,IOTA/USDT,limit,4.710777528219854,3.970300465591523,344784.87807000004,1.3305817491889727,0.6354682448511303,0.6249226424006487
OOS,IOTA/USDT,limit,1.1789013431639606,9.634016591194008,344784.87807000004,1.3305817491889727,0.6354682448511303,1.1789013431639606
OOS,IOTA/USDT,limit,7.809444127132725,6.340049128442524,344784.87807000004,1.3305817491889727,0.6354682448511303,7.809444127132725
OOS,IOTA/USDT,limit,9.26198652767386,10.730410836081841,344784.87807000004,1.3305817491889727,0.6354682448511303,5.164906016843318
OOS,IOTA/USDT,limit,-5.231943306073126,11.823883333636886,344784.87807000004,1.3305817491889727,0.6354682448511303,-5.231943306073126
OOS,IOTA/USDT,limit,10.547640254256594,8.434122951406271,344784.87807000004,1.3305817491889727,0.6354682448511303,8.148532884849365
OOS,IOTA/USDT,limit,4.77089351367239,10.84599677204779,344784.87807000004,1.3305817491889727,0.6354682448511303,4.77089351367239
OOS,JTO/USDT,limit,-1.428049765907204,19.35214847574589,1292809.0737,1.7995706282044535,0.5325793022571623,-1.428049765907204
OOS,JTO/USDT,limit,25.696179264624888,20.01918023913158,1292809.0737,1.7995706282044535,0.5325793022571623,9.594021624440918
OOS,JTO/USDT,limit,-11.273105592899135,10.923105592899136,1292809.0737,1.7995706282044535,0.5325793022571623,-11.273105592899135
OOS,JTO/USDT,limit,6.1689218250455955,22.325144298174905,1292809.0737,1.7995706282044535,0.5325793022571623,6.1689218250455955
OOS,JTO/USDT,limit,9.205177203854634,7.407455539128667,1292809.0737,1.7995706282044535,0.5325793022571623,0.43760978633460934
OOS,JTO/USDT,limit,-1.7457952137112094,8.090725249121327,1292809.0737,1.7995706282044535,0.5325793022571623,2.9654198533573903
OOS,JTO/USDT,limit,-9.995390689846442,9.645390689846442,1292809.0737,1.7995706282044535,0.5325793022571623,2.519710605483323
OOS,JTO/USDT,limit,-10.820313624757375,10.470313624757376,1292809.0737,1.7995706282044535,0.5325793022571623,-0.6857419775933089
OOS,JTO/USDT,limit,-10.891519315322697,10.541519315322697,1292809.0737,1.7995706282044535,0.5325793022571623,-7.013917636642826
OOS,JTO/USDT,limit,-4.951488320114062,19.15092190792342,1292809.0737,1.7995706282044535,0.5325793022571623,-4.951488320114062
OOS,JTO/USDT,limit,-2.715411768993513,13.461433332463258,1292809.0737,1.7995706282044535,0.5325793022571623,-2.715411768993513
OOS,JTO/USDT,limit,2.521954339147316,11.216454222960676,1292809.0737,1.7995706282044535,0.5325793022571623,2.521954339147316
OOS,JTO/USDT,limit,18.418474410903084,14.453453564379876,1292809.0737,1.7995706282044535,0.5325793022571623,18.418474410903084
OOS,JTO/USDT,limit,-6.035906918225736,5.6859069182257365,1292809.0737,1.7995706282044535,0.5325793022571623,-6.035906918225736
OOS,JTO/USDT,limit,9.845170398569357,7.8968992946914796,1292809.0737,1.7995706282044535,0.5325793022571623,9.845170398569357
OOS,JTO/USDT,limit,-8.434404435989029,8.084404435989029,1292809.0737,1.7995706282044535,0.5325793022571623,-8.434404435989029
OOS,JTO/USDT,limit,-0.8740479153145184,14.142334886323074,1292809.0737,1.7995706282044535,0.5325793022571623,-0.8740479153145184
OOS,JTO/USDT,limit,-15.064925242532489,14.71492524253249,1292809.0737,1.7995706282044535,0.5325793022571623,-15.064925242532489
OOS,JTO/USDT,limit,3.1363734474834843,22.787020646663596,1292809.0737,1.7995706282044535,0.5325793022571623,9.392116147733931
OOS,KAS/USDT,limit,-3.185986454429215,4.7393343752885535,496282.26961,1.4391616842781874,0.6006749367254705,-3.185986454429215
OOS,KAS/USDT,limit,1.5441411619968095,7.195233432142481,496282.26961,1.4391616842781874,0.6006749367254705,1.5441411619968095
OOS,KAS/USDT,limit,-7.263737802511406,6.913737802511406,496282.26961,1.4391616842781874,0.6006749367254705,-7.263737802511406
OOS,KAS/USDT,limit,1.4075582083495313,8.363843928070194,496282.26961,1.4391616842781874,0.6006749367254705,1.4075582083495313
OOS,KAS/USDT,limit,-7.486360823600679,7.136360823600679,496282.26961,1.4391616842781874,0.6006749367254705,-7.486360823600679
OOS,KAS/USDT,limit,7.47017995068502,10.558855467920761,496282.26961,1.4391616842781874,0.6006749367254705,3.5776033246787273
OOS,KAS/USDT,limit,10.121851981153911,13.787700058980523,496282.26961,1.4391616842781874,0.6006749367254705,7.126532744194435
OOS,KAS/USDT,limit,8.816019696611344,7.109841887259272,496282.26961,1.4391616842781874,0.6006749367254705,8.816019696611344
OOS,KAS/USDT,limit,-6.303817144594254,9.760725812746214,496282.26961,1.4391616842781874,0.6006749367254705,-6.303817144594254
OOS,KAS/USDT,limit,-5.220838667771792,4.8708386677717925,496282.26961,1.4391616842781874,0.6006749367254705,-5.220838667771792
OOS,KAS/USDT,limit,2.8707262237960602,8.003903594757986,496282.26961,1.4391616842781874,0.6006749367254705,2.8707262237960602
OOS,LINK/USDT,limit,0.39676777888051906,6.9342576005719385,7724921.471555,1.2041804650805807,0.7242581715208046,0.6717331854341805
OOS,LINK/USDT,limit,-14.005531962376121,23.42181418861471,7724921.471555,1.2041804650805807,0.7242581715208046,-14.005531962376121
OOS,LINK/USDT,limit,11.460876977037481,16.5158759736638,7724921.471555,1.2041804650805807,0.7242581715208046,5.85726385595987
OOS,LINK/USDT,limit,-8.550443547863699,21.089940241479095,7724921.471555,1.2041804650805807,0.7242581715208046,-8.550443547863699
OOS,LINK/USDT,limit,14.59074106075661,11.526140896588464,7724921.471555,1.2041804650805807,0.7242581715208046,14.59074106075661
OOS,LINK/USDT,limit,-13.58282488524481,13.23282488524481,7724921.471555,1.2041804650805807,0.7242581715208046,-13.58282488524481
OOS,LINK/USDT,limit,0.4643662560033288,8.240833342491749,7724921.471555,1.2041804650805807,0.7242581715208046,0.4643662560033288
OOS,LINK/USDT,limit,0.0688486829153167,9.651269096743691,7724921.471555,1.2041804650805807,0.7242581715208046,4.748227644997467
OOS,LINK/USDT,limit,4.94776366867052,4.151538934307127,7724921.471555,1.2041804650805807,0.7242581715208046,4.94776366867052
OOS,LINK/USDT,limit,-5.898507705322166,5.548507705322167,7724921.471555,1.2041804650805807,0.7242581715208046,1.3230349533084
OOS,LINK/USDT,limit,4.22712738368644,4.708079885566418,7724921.471555,1.2041804650805807,0.7242581715208046,1.9209181558021764
OOS,LINK/USDT,limit,10.712191540315814,8.559965851138069,7724921.471555,1.2041804650805807,0.7242581715208046,10.712191540315814
OOS,LINK/USDT,limit,-3.4967004578356025,3.1467004578356024,7724921.471555,1.2041804650805807,0.7242581715208046,-3.4967004578356025
OOS,LINK/USDT,limit,5.083327044227747,6.522684497047949,7724921.471555,1.2041804650805807,0.7242581715208046,5.083327044227747
OOS,LINK/USDT,limit,0.2585566473642238,6.177356717387396,7724921.471555,1.2041804650805807,0.7242581715208046,1.7731532540044732
OOS,LQTY/USDT,limit,-22.617906864042656,22.267906864042654,219534.348215,1.5856809219713588,0.5696452449745654,-22.617906864042656
OOS,LQTY/USDT,limit,16.51248719161346,18.98438731575626,219534.348215,1.5856809219713588,0.5696452449745654,9.556449515251845
OOS,LQTY/USDT,limit,7.78967348564467,15.024355569510389,219534.348215,1.5856809219713588,0.5696452449745654,7.78967348564467
OOS,LQTY/USDT,limit,8.859317392494665,7.142954406353788,219534.348215,1.5856809219713588,0.5696452449745654,2.646229316064245
OOS,LQTY/USDT,limit,-13.336788861514107,12.986788861514107,219534.348215,1.5856809219713588,0.5696452449745654,-13.336788861514107
OOS,LQTY/USDT,limit,6.962320082802347,12.004216935666442,219534.348215,1.5856809219713588,0.5696452449745654,6.962320082802347
OOS,LQTY/USDT,limit,-15.628009902437977,15.278009902437978,219534.348215,1.5856809219713588,0.5696452449745654,-15.628009902437977
OOS,LQTY/USDT,limit,-7.137042308998907,8.940297047886862,219534.348215,1.5856809219713588,0.5696452449745654,3.9605812874619235
OOS,LQTY/USDT,limit,11.739047032974602,14.721595848143975,219534.348215,1.5856809219713588,0.5696452449745654,6.243513585623442
OOS,LQTY/USDT,limit,12.174299509902834,20.14718379201139,219534.348215,1.5856809219713588,0.5696452449745654,12.543608962703743
OOS,LQTY/USDT,limit,-9.537843658748134,24.159641024933702,219534.348215,1.5856809219713588,0.5696452449745654,-9.537843658748134
OOS,LQTY/USDT,limit,-0.0712939629670249,8.839179940013125,219534.348215,1.5856809219713588,0.5696452449745654,-0.0712939629670249
OOS,LQTY/USDT,limit,4.371690095243238,3.7109786039985786,219534.348215,1.5856809219713588,0.5696452449745654,4.371690095243238
OOS,LQTY/USDT,limit,4.080998166382473,20.849848475798378,219534.348215,1.5856809219713588,0.5696452449745654,4.080998166382473
OOS,LQTY/USDT,limit,-3.2719577250567413,10.987076956929617,219534.348215,1.5856809219713588,0.5696452449745654,-3.2719577250567413
OOS,MANA/USDT,limit,-25.190677913539655,24.840677913539654,578844.49425,1.261795439774843,0.6504412423094883,-25.190677913539655
OOS,MANA/USDT,limit,9.872845488275718,7.918064206995671,578844.49425,1.261795439774843,0.6504412423094883,6.547912030846667
OOS,MANA/USDT,limit,4.633259982871581,14.38370747023862,578844.49425,1.261795439774843,0.6504412423094883,4.633259982871581
OOS,MANA/USDT,limit,-0.6444065745810099,8.002063541504425,578844.49425,1.261795439774843,0.6504412423094883,-0.6444065745810099
OOS,MANA/USDT,limit,-2.388758595656285,12.052088164713929,578844.49425,1.261795439774843,0.6504412423094883,5.240413196475043
OOS,MANA/USDT,limit,7.184765782947258,5.862317619229864,578844.49425,1.261795439774843,0.6504412423094883,7.184765782947258
OOS,MANA/USDT,limit,10.863869199144041,8.675963464214183,578844.49425,1.261795439774843,0.6504412423094883,10.863869199144041
OOS,MANA/USDT,limit,0.8841965314151775,9.277969334972733,578844.49425,1.261795439774843,0.6504412423094883,0.8841965314151775
OOS,MANA/USDT,limit,-9.831583046933686,12.693403771961629,578844.49425,1.261795439774843,0.6504412423094883,-9.831583046933686
OOS,MANA/USDT,limit,7.126343997887127,10.677901560066655,578844.49425,1.261795439774843,0.6504412423094883,6.036722129632173
OOS,MANA/USDT,limit,5.055214929061738,4.801076877056536,578844.49425,1.261795439774843,0.6504412423094883,-0.21280623887063654
OOS,MANA/USDT,limit,-8.96837255457897,8.61837255457897,578844.49425,1.261795439774843,0.6504412423094883,-8.96837255457897
OOS,MANA/USDT,limit,8.070899682317423,6.540000924647789,578844.49425,1.261795439774843,0.6504412423094883,1.4070950207715578
OOS,MANA/USDT,limit,6.324304098191678,5.2042674993494416,578844.49425,1.261795439774843,0.6504412423094883,6.324304098191678
OOS,MANA/USDT,limit,11.597675399869601,9.237152029505856,578844.49425,1.261795439774843,0.6504412423094883,5.8847767072739625
OOS,MANA/USDT,limit,-9.532654896143278,9.182654896143278,578844.49425,1.261795439774843,0.6504412423094883,-9.532654896143278
OOS,MANA/USDT,limit,6.946236026602514,5.679898648648634,578844.49425,1.261795439774843,0.6504412423094883,1.8269315126645016
OOS,MANA/USDT,limit,3.0597389848310095,3.4098692579239134,578844.49425,1.261795439774843,0.6504412423094883,-0.398360267054027
OOS,MAV/USDT,limit,3.6884510812100832,17.543064123401138,183073.32382999998,1.7071469963086243,0.5356442503025728,3.6884510812100832
OOS,MAV/USDT,limit,16.088621238760265,12.671665733039243,183073.32382999998,1.7071469963086243,0.5356442503025728,4.404967483267132
OOS,MAV/USDT,limit,2.608985630582913,16.1366655850318,183073.32382999998,1.7071469963086243,0.5356442503025728,2.608985630582913
OOS,MAV/USDT,limit,0.5135899170042165,10.149295013636584,183073.32382999998,1.7071469963086243,0.5356442503025728,5.183757011269505
OOS,MAV/USDT,limit,-8.461835374777557,8.111835374777558,183073.32382999998,1.7071469963086243,0.5356442503025728,-8.461835374777557
OOS,MAV/USDT,limit,17.689700787472145,13.896113733030338,183073.32382999998,1.7071469963086243,0.5356442503025728,11.066127716599679
OOS,MAV/USDT,limit,-1.6753927812479157,9.217248964353391,183073.32382999998,1.7071469963086243,0.5356442503025728,3.5475794962812075
OOS,MAV/USDT,limit,9.403265044843963,14.066290770687784,183073.32382999998,1.7071469963086243,0.5356442503025728,10.835909546636424
OOS,MAV/USDT,limit,4.859563587800685,21.573245287950076,183073.32382999998,1.7071469963086243,0.5356442503025728,4.859563587800685
OOS,MAV/USDT,limit,5.2488410947172985,7.674466067205291,183073.32382999998,1.7071469963086243,0.5356442503025728,4.11294584438816
OOS,MAV/USDT,limit,-2.146382521384594,24.501315409324416,183073.32382999998,1.7071469963086243,0.5356442503025728,-2.146382521384594
OOS,MAV/USDT,limit,-5.43728798097726,5.08728798097726,183073.32382999998,1.7071469963086243,0.5356442503025728,1.4679090389576772
OOS,MAV/USDT,limit,-22.030275942177266,21.680275942177264,183073.32382999998,1.7071469963086243,0.5356442503025728,-22.030275942177266
OOS,MAV/USDT,limit,4.702779364094975,7.326808251612993,183073.32382999998,1.7071469963086243,0.5356442503025728,4.702779364094975
OOS,MAV/USDT,limit,-6.326089436324195,5.976089436324195,183073.32382999998,1.7071469963086243,0.5356442503025728,-6.326089436324195
OOS,MEME/USDT,limit,-9.249404915703101,8.899404915703101,788573.954238,1.735500076987419,0.561022331941322,-9.249404915703101
OOS,MEME/USDT,limit,-9.485832120190642,9.135832120190642,788573.954238,1.735500076987419,0.561022331941322,-9.485832120190642
OOS,MEME/USDT,limit,2.6235433783070863,8.026060902992379,788573.954238,1.735500076987419,0.561022331941322,2.6235433783070863
OOS,MEME/USDT,limit,-10.773904654718438,10.423904654718438,788573.954238,1.735500076987419,0.561022331941322,-10.773904654718438
OOS,MEME/USDT,limit,12.981849981130562,10.295718918969325,788573.954238,1.735500076987419,0.561022331941322,12.981849981130562
OOS,MEME/USDT,limit,-4.788415797858067,14.876358417059645,788573.954238,1.735500076987419,0.561022331941322,8.94567356981752
OOS,MEME/USDT,limit,10.381787430399923,20.999397814827173,788573.954238,1.735500076987419,0.561022331941322,10.381787430399923
OOS,MEME/USDT,limit,1.9705444339266207,12.984745254317176,788573.954238,1.735500076987419,0.561022331941322,11.426363714273482
OOS,MEME/USDT,limit,-0.13626125319712337,13.404167049362265,788573.954238,1.735500076987419,0.561022331941322,-0.13626125319712337
OOS,MEME/USDT,limit,10.347510742944172,8.28107110581694,788573.954238,1.735500076987419,0.561022331941322,1.0435263125721983
OOS,MEME/USDT,limit,-5.694520172180949,5.34452017218095,788573.954238,1.735500076987419,0.561022331941322,1.0820279090704612
OOS,MEME/USDT,limit,9.824057414096744,7.880752844234265,788573.954238,1.735500076987419,0.561022331941322,9.824057414096744
OOS,MEME/USDT,limit,-6.961488821576798,6.611488821576798,788573.954238,1.735500076987419,0.561022331941322,-6.961488821576798
OOS,MEME/USDT,limit,-1.5863761685262627,23.024580335731404,788573.954238,1.735500076987419,0.561022331941322,-1.5863761685262627
OOS,MEME/USDT,limit,7.663235439672636,6.228233987785782,788573.954238,1.735500076987419,0.561022331941322,2.0827461767526323
OOS,NFP/USDT,limit,28.977704829672827,22.5287728563599,203018.16508,1.7716063785173897,0.45287372253071173,14.563722950193478
OOS,NFP/USDT,limit,3.8993387767138725,22.82916017730921,203018.16508,1.7716063785173897,0.45287372253071173,3.8993387767138725
OOS,NFP/USDT,limit,-9.292735734520427,8.942735734520427,203018.16508,1.7716063785173897,0.45287372253071173,2.9325779036827186
OOS,NFP/USDT,limit,9.404779842122629,7.560104451181063,203018.16508,1.7716063785173897,0.45287372253071173,9.404779842122629
OOS,NFP/USDT,limit,11.30391958274812,16.437042639564048,203018.16508,1.7716063785173897,0.45287372253071173,7.635457067935997
OOS,NFP/USDT,limit,4.614173606634764,13.391498153334991,203018.16508,1.7716063785173897,0.45287372253071173,4.614173606634764
OOS,NFP/USDT,limit,-7.846203726097351,7.4962037260973515,203018.16508,1.7716063785173897,0.45287372253071173,2.5292210006304163
OOS,NFP/USDT,limit,10.179478515839813,8.15256610768772,203018.16508,1.7716063785173897,0.45287372253071173,10.179478515839813
OOS,NFP/USDT,limit,-5.981632515990362,5.631632515990362,203018.16508,1.7716063785173897,0.45287372253071173,-5.981632515990362
OOS,NFP/USDT,limit,-7.40580158321937,7.05580158321937,203018.16508,1.7716063785173897,0.45287372253071173,-7.40580158321937
OOS,NFP/USDT,limit,-1.5631038469861296,13.438088424805969,203018.16508,1.7716063785173897,0.45287372253071173,-1.5631038469861296
OOS,NFP/USDT,limit,13.899442976320021,10.997461008342393,203018.16508,1.7716063785173897,0.45287372253071173,13.899442976320021
OOS,NFP/USDT,limit,7.273585107892591,5.930243441452354,203018.16508,1.7716063785173897,0.45287372253071173,0.9731826429837466
OOS,NMR/USDT,limit,-19.968394916152928,19.618394916152926,198136.993,1.4608130593403992,0.48943479350757846,-19.968394916152928
OOS,NMR/USDT,limit,5.941842650397746,18.26471306893287,198136.993,1.4608130593403992,0.48943479350757846,5.941842650397746
OOS,NMR/USDT,limit,-11.864341993329935,11.514341993329936,198136.993,1.4608130593403992,0.48943479350757846,-11.864341993329935
OOS,NMR/USDT,limit,6.433665195370863,5.28790292947259,198136.993,1.4608130593403992,0.48943479350757846,0.5382031082897696
OOS,NMR/USDT,limit,-13.699928552575281,13.349928552575282,198136.993,1.4608130593403992,0.48943479350757846,-13.699928552575281
OOS,NMR/USDT,limit,-0.3710089094241558,15.71796499592473,198136.993,1.4608130593403992,0.48943479350757846,-0.3710089094241558
OOS,NMR/USDT,limit,-7.671591258612758,7.3215912586127585,198136.993,1.4608130593403992,0.48943479350757846,-7.671591258612758
OOS,NMR/USDT,limit,4.693803321000094,3.9573192029813096,198136.993,1.4608130593403992,0.48943479350757846,-0.29270728254096895
OOS,NMR/USDT,limit,8.658334569771428,6.989249978916663,198136.993,1.4608130593403992,0.48943479350757846,2.6712420813469446
OOS,NMR/USDT,limit,6.42383967550632,8.713051275570288,198136.993,1.4608130593403992,0.48943479350757846,2.3504206622270685
OOS,NMR/USDT,limit,-7.831020430807728,9.53597520166966,198136.993,1.4608130593403992,0.48943479350757846,-7.831020430807728
OOS,NMR/USDT,limit,3.602423556654927,14.187016472817199,198136.993,1.4608130593403992,0.48943479350757846,3.602423556654927
OOS,NMR/USDT,limit,3.0769680235571677,24.057865720233433,198136.993,1.4608130593403992,0.48943479350757846,3.0769680235571677
OOS,NMR/USDT,limit,-15.924441310411337,15.574441310411338,198136.993,1.4608130593403992,0.48943479350757846,-15.924441310411337
OOS,NMR/USDT,limit,-6.364929796774315,6.014929796774315,198136.993,1.4608130593403992,0.48943479350757846,2.4704685148215786
OOS,NMR/USDT,limit,-9.276749246324062,8.926749246324063,198136.993,1.4608130593403992,0.48943479350757846,2.5404124692676726
OOS,NMR/USDT,limit,1.8734519683368087,6.383957119643388,198136.993,1.4608130593403992,0.48943479350757846,3.483022076409478
OOS,NMR/USDT,limit,-0.8556370699357627,5.189873161998232,198136.993,1.4608130593403992,0.48943479350757846,-0.8556370699357627
OOS,NMR/USDT,limit,-9.357896566625099,9.0078965666251,198136.993,1.4608130593403992,0.48943479350757846,-9.357896566625099
OOS,NMR/USDT,limit,-1.241462571337458,9.589285001377565,198136.993,1.4608130593403992,0.48943479350757846,-0.1459375291103791
OOS,NMR/USDT,limit,6.865755511711633,5.6183500481586375,198136.993,1.4608130593403992,0.48943479350757846,3.4074288112454916
OOS,OP/USDT,limit,-7.519877732048406,7.169877732048406,3276515.659355,1.4650488929508203,0.643413659069135,2.2668140657397657
OOS,OP/USDT,limit,-6.716850994163646,16.626984540055343,3276515.659355,1.4650488929508203,0.643413659069135,-6.716850994163646
OOS,OP/USDT,limit,17.181895181784824,13.507762286802489,3276515.659355,1.4650488929508203,0.643413659069135,9.165798006832613
OOS,OP/USDT,limit,16.916571939091952,13.304852622427706,3276515.659355,1.4650488929508203,0.643413659069135,8.996602835520022
OOS,OP/USDT,limit,0.8124630272465906,6.494628122462512,3276515.659355,1.4650488929508203,0.643413659069135,1.8306879593545
OOS,OP/USDT,limit,4.176978526708126,15.683792687047667,3276515.659355,1.4650488929508203,0.643413659069135,4.176978526708126
OOS,OP/USDT,limit,2.6146400278722184,8.462452946074963,3276515.659355,1.4650488929508203,0.643413659069135,3.228453353027859
OOS,OP/USDT,limit,2.8982327010266786,15.50254649985343,3276515.659355,1.4650488929508203,0.643413659069135,8.850792096357301
OOS,OP/USDT,limit,-10.162942823496243,9.812942823496243,3276515.659355,1.4650488929508203,0.643413659069135,-10.162942823496243
OOS,OP/USDT,limit,-11.815843973908272,11.465843973908273,3276515.659355,1.4650488929508203,0.643413659069135,-11.815843973908272
OOS,OP/USDT,limit,11.32227556171434,18.077971889537757,3276515.659355,1.4650488929508203,0.643413659069135,12.026583688013458
OOS,OP/USDT,limit,2.639486272090734,8.143624260034834,3276515.659355,1.4650488929508203,0.643413659069135,0.003495692780555393
OOS,OP/USDT,limit,3.4347317280262164,11.446145239427203,3276515.659355,1.4650488929508203,0.643413659069135,3.4347317280262164
OOS,OP/USDT,limit,4.874476123858411,8.01111789799315,3276515.659355,1.4650488929508203,0.643413659069135,3.8181772952523647
OOS,OP/USDT,limit,14.341726124593045,11.335703237948259,3276515.659355,1.4650488929508203,0.643413659069135,14.341726124593045
OOS,OP/USDT,limit,2.5863877534754987,6.848250577827362,3276515.659355,1.4650488929508203,0.643413659069135,2.6792765867006785
OOS,POLYX/USDT,limit,-4.825327551095242,9.311199561874464,199679.52003,1.3857072546004643,0.5658946428377187,-4.825327551095242
OOS,POLYX/USDT,limit,-10.284388819931664,9.934388819931664,199679.52003,1.3857072546004643,0.5658946428377187,-10.284388819931664
OOS,POLYX/USDT,limit,-4.475405336404011,20.6540301130339,199679.52003,1.3857072546004643,0.5658946428377187,-4.475405336404011
OOS,POLYX/USDT,limit,-10.052392349000337,9.702392349000338,199679.52003,1.3857072546004643,0.5658946428377187,-10.052392349000337
OOS,POLYX/USDT,limit,0.6641362588321847,10.126513003871441,199679.52003,1.3857072546004643,0.5658946428377187,5.400500157645443
OOS,POLYX/USDT,limit,5.862905251498768,11.754180251091178,199679.52003,1.3857072546004643,0.5658946428377187,5.862905251498768
OOS,POLYX/USDT,limit,0.5790779795453777,13.546662694265088,199679.52003,1.3857072546004643,0.5658946428377187,0.5790779795453777
OOS,POLYX/USDT,limit,-16.191901708781167,15.841901708781167,199679.52003,1.3857072546004643,0.5658946428377187,-16.191901708781167
OOS,POLYX/USDT,limit,-6.905892344753419,6.55589234475342,199679.52003,1.3857072546004643,0.5658946428377187,-6.905892344753419
OOS,POLYX/USDT,limit,-5.043461534992363,4.693461534992363,199679.52003,1.3857072546004643,0.5658946428377187,-5.043461534992363
OOS,POLYX/USDT,limit,-5.434165756530359,5.08416575653036,199679.52003,1.3857072546004643,0.5658946428377187,0.30980131287637136
OOS,QTUM/USDT,limit,-0.9540557146184988,7.4285849862389615,225995.6214,1.1597524464616642,0.6034553610552645,-0.9540557146184988
OOS,QTUM/USDT,limit,18.19440312252425,14.282091909594124,225995.6214,1.1597524464616642,0.6034553610552645,5.404105419675416
OOS,QTUM/USDT,limit,6.285168537640231,9.73387934404586,225995.6214,1.1597524464616642,0.6034553610552645,6.611393906929929
OOS,QTUM/USDT,limit,6.853360825497176,5.608871038350508,225995.6214,1.1597524464616642,0.6034553610552645,6.853360825497176
OOS,QTUM/USDT,limit,-4.54997827254492,8.55445864209525,225995.6214,1.1597524464616642,0.6034553610552645,4.880234518805737
OOS,QTUM/USDT,limit,-4.947701149425269,4.597701149425269,225995.6214,1.1597524464616642,0.6034553610552645,-4.947701149425269
OOS,QTUM/USDT,limit,2.16089512130255,11.673361734343384,225995.6214,1.1597524464616642,0.6034553610552645,4.676603512218379
OOS,QTUM/USDT,limit,-10.125052064192078,10.395770805259485,225995.6214,1.1597524464616642,0.6034553610552645,-10.125052064192078
OOS,QTUM/USDT,limit,-13.621852445870099,17.657701063196825,225995.6214,1.1597524464616642,0.6034553610552645,-13.621852445870099
OOS,QTUM/USDT,limit,6.839953917794526,10.540934610614759,225995.6214,1.1597524464616642,0.6034553610552645,6.747143871712324
OOS,QTUM/USDT,limit,0.8329661950191362,6.53933192305798,225995.6214,1.1597524464616642,0.6034553610552645,0.8329661950191362
OOS,QTUM/USDT,limit,3.730366084400114,3.2205170881701486,225995.6214,1.1597524464616642,0.6034553610552645,0.4635040974935566
OOS,QTUM/USDT,limit,7.099411722213695,5.797041906327022,225995.6214,1.1597524464616642,0.6034553610552645,1.0838537387017495
OOS,QTUM/USDT,limit,2.680653891799593,9.139240262058422,225995.6214,1.1597524464616642,0.6034553610552645,2.680653891799593
OOS,QTUM/USDT,limit,-5.55435611047718,5.20435611047718,225995.6214,1.1597524464616642,0.6034553610552645,-5.55435611047718
OOS,QTUM/USDT,limit,9.367564045650251,7.531643149807662,225995.6214,1.1597524464616642,0.6034553610552645,4.875447485859102
OOS,QTUM/USDT,limit,5.833092958144128,21.804269698609495,225995.6214,1.1597524464616642,0.6034553610552645,5.833092958144128
OOS,QTUM/USDT,limit,-5.954560860099205,7.395237133301894,225995.6214,1.1597524464616642,0.6034553610552645,-5.954560860099205
OOS,QTUM/USDT,limit,-3.7080801104972387,3.3580801104972386,225995.6214,1.1597524464616642,0.6034553610552645,-3.7080801104972387
OOS,QTUM/USDT,limit,-0.3336761345086583,6.477646950276085,225995.6214,1.1597524464616642,0.6034553610552645,-0.3336761345086583
OOS,QTUM/USDT,limit,6.1631658376220155,5.081034758643163,225995.6214,1.1597524464616642,0.6034553610552645,6.1631658376220155
OOS,RLC/USDT,limit,13.547331344646135,20.484793233052486,135394.97036,1.4255913860816842,0.5482619993789145,10.831774822962917
OOS,RLC/USDT,limit,8.081820782486645,6.548352988897596,135394.97036,1.4255913860816842,0.5482619993789145,3.355168313087633
OOS,RLC/USDT,limit,9.081541166138527,7.312903148380748,135394.97036,1.4255913860816842,0.5482619993789145,6.6417876355418795
OOS,RLC/USDT,limit,2.640730864516609,5.815038919708458,135394.97036,1.4255913860816842,0.5482619993789145,2.423766216385413
OOS,RLC/USDT,limit,10.468652029633844,8.373715600790892,135394.97036,1.4255913860816842,0.5482619993789145,4.249526757641579
OOS,RLC/USDT,limit,-5.9038707810245405,5.553870781024541,135394.97036,1.4255913860816842,0.5482619993789145,-5.9038707810245405
OOS,RLC/USDT,limit,7.724249084361906,11.466499505601641,135394.97036,1.4255913860816842,0.5482619993789145,5.88246888062667
OOS,RLC/USDT,limit,-13.075331123188969,20.745495369853824,135394.97036,1.4255913860816842,0.5482619993789145,-13.075331123188969
OOS,RLC/USDT,limit,-7.978504440958972,8.571734437692104,135394.97036,1.4255913860816842,0.5482619993789145,-7.978504440958972
OOS,RLC/USDT,limit,1.4913312548908126,10.775274975040007,135394.97036,1.4255913860816842,0.5482619993789145,1.4913312548908126
OOS,RLC/USDT,limit,-0.9549187963509873,6.733642500270087,135394.97036,1.4255913860816842,0.5482619993789145,-0.9549187963509873
OOS,RLC/USDT,limit,-7.037347133567982,10.364982401718065,135394.97036,1.4255913860816842,0.5482619993789145,-7.037347133567982
OOS,RLC/USDT,limit,5.167203086245772,4.319358301049652,135394.97036,1.4255913860816842,0.5482619993789145,5.167203086245772
OOS,RLC/USDT,limit,0.3752856542731543,6.782545512281218,135394.97036,1.4255913860816842,0.5482619993789145,4.0699644303508755
OOS,RLC/USDT,limit,-6.289639536593727,5.939639536593727,135394.97036,1.4255913860816842,0.5482619993789145,-6.289639536593727
OOS,RLC/USDT,limit,5.139515239492385,4.29818363261514,135394.97036,1.4255913860816842,0.5482619993789145,5.139515239492385
OOS,ROSE/USDT,limit,3.5306426280095575,10.758201120268431,407564.40667,1.5662492858413173,0.6299594485161676,3.5306426280095575
OOS,ROSE/USDT,limit,17.491505287873263,16.729277676235828,407564.40667,1.5662492858413173,0.6299594485161676,3.7497384146910178
OOS,ROSE/USDT,limit,10.61103111950521,8.48260200307727,407564.40667,1.5662492858413173,0.6299594485161676,10.61103111950521
OOS,ROSE/USDT,limit,1.1030429504060866,7.477744003574466,407564.40667,1.5662492858413173,0.6299594485161676,2.0435830518189775
OOS,ROSE/USDT,limit,7.4984739152873425,6.102230305350802,407564.40667,1.5662492858413173,0.6299594485161676,3.24672633291855
OOS,ROSE/USDT,limit,5.010808180244289,10.872084842290809,407564.40667,1.5662492858413173,0.6299594485161676,4.303143445385006
OOS,ROSE/USDT,limit,-8.43623337925941,8.08623337925941,407564.40667,1.5662492858413173,0.6299594485161676,2.4068839695964996
OOS,ROSE/USDT,limit,-1.9370537585908734,12.759056383923015,407564.40667,1.5662492858413173,0.6299594485161676,7.4544214294181845
OOS,ROSE/USDT,limit,-8.549011545426223,8.199011545426224,407564.40667,1.5662492858413173,0.6299594485161676,-8.549011545426223
OOS,ROSE/USDT,limit,17.826968863227204,14.001091415717063,407564.40667,1.5662492858413173,0.6299594485161676,17.826968863227204
OOS,ROSE/USDT,limit,-10.653672023008484,16.40974227536163,407564.40667,1.5662492858413173,0.6299594485161676,-10.653672023008484
OOS,ROSE/USDT,limit,-8.341096542931364,7.9910965429313645,407564.40667,1.5662492858413173,0.6299594485161676,5.27717144561387
OOS,ROSE/USDT,limit,7.876189213851642,20.34466330436495,407564.40667,1.5662492858413173,0.6299594485161676,7.876189213851642
OOS,ROSE/USDT,limit,-8.451111317771755,8.101111317771755,407564.40667,1.5662492858413173,0.6299594485161676,2.2542732260764575
OOS,ROSE/USDT,limit,7.195729615928594,5.870702363995988,407564.40667,1.5662492858413173,0.6299594485161676,7.195729615928594
OOS,ROSE/USDT,limit,9.627458546649349,24.113922690456157,407564.40667,1.5662492858413173,0.6299594485161676,9.627458546649349
OOS,ROSE/USDT,limit,6.959704038205385,5.690198499074097,407564.40667,1.5662492858413173,0.6299594485161676,0.8703144797115193
OOS,ROSE/USDT,limit,7.0983049920614185,5.7961955189488545,407564.40667,1.5662492858413173,0.6299594485161676,3.102713634358015
OOS,ROSE/USDT,limit,8.273286121883283,6.6947787877159435,407564.40667,1.5662492858413173,0.6299594485161676,8.273286121883283
OOS,ROSE/USDT,limit,0.6082180966006031,7.653906115165873,407564.40667,1.5662492858413173,0.6299594485161676,0.6082180966006031
OOS,SAND/USDT,limit,-7.259165062374536,6.909165062374536,1049369.1891,1.2305682446022161,0.6585229064564044,-7.259165062374536
OOS,SAND/USDT,limit,11.064222120762464,8.829186165962774,1049369.1891,1.2305682446022161,0.6585229064564044,7.117379354675935
OOS,SAND/USDT,limit,-6.126236485492609,5.77623648549261,1049369.1891,1.2305682446022161,0.6585229064564044,1.5066345503947676
OOS,SAND/USDT,limit,4.614329208557918,13.541550613337824,1049369.1891,1.2305682446022161,0.6585229064564044,4.614329208557918
OOS,SAND/USDT,limit,5.223652724277597,4.362528952029415,1049369.1891,1.2305682446022161,0.6585229064564044,5.223652724277597
OOS,SAND/USDT,limit,-7.361186451118234,7.011186451118235,1049369.1891,1.2305682446022161,0.6585229064564044,-7.361186451118234
OOS,SAND/USDT,limit,8.915762251356696,7.186121402396552,1049369.1891,1.2305682446022161,0.6585229064564044,4.192999626485234
OOS,SAND/USDT,limit,12.643112574465496,10.036664744898525,1049369.1891,1.2305682446022161,0.6585229064564044,1.8961867428621209
OOS,SAND/USDT,limit,8.341998073891157,6.747327214981282,1049369.1891,1.2305682446022161,0.6585229064564044,8.341998073891157
OOS,SAND/USDT,limit,9.8426824841824,7.8949966273332635,1049369.1891,1.2305682446022161,0.6585229064564044,9.8426824841824
OOS,SAND/USDT,limit,-4.258905277454558,13.04154898757134,1049369.1891,1.2305682446022161,0.6585229064564044,-4.258905277454558
OOS,SAND/USDT,limit,9.247282830298339,7.439656406430268,1049369.1891,1.2305682446022161,0.6585229064564044,9.247282830298339
OOS,SAND/USDT,limit,-6.735458771213671,6.3854587712136714,1049369.1891,1.2305682446022161,0.6585229064564044,-6.735458771213671
OOS,SAND/USDT,limit,-1.309364864498796,11.341634194930903,1049369.1891,1.2305682446022161,0.6585229064564044,5.035252739142562
OOS,SAND/USDT,limit,-8.768218927415175,8.418218927415175,1049369.1891,1.2305682446022161,0.6585229064564044,-8.768218927415175
OOS,SAND/USDT,limit,-4.480618101138614,4.130618101138614,1049369.1891,1.2305682446022161,0.6585229064564044,-4.480618101138614
OOS,SAND/USDT,limit,9.040535222424387,7.281543278842144,1049369.1891,1.2305682446022161,0.6585229064564044,9.040535222424387
OOS,SAND/USDT,limit,-6.596926131574583,6.246926131574583,1049369.1891,1.2305682446022161,0.6585229064564044,-6.596926131574583
OOS,SAND/USDT,limit,-6.750236791993384,6.400236791993384,1049369.1891,1.2305682446022161,0.6585229064564044,-6.750236791993384
OOS,SAND/USDT,limit,-9.585196251262813,9.235196251262813,1049369.1891,1.2305682446022161,0.6585229064564044,-9.585196251262813
OOS,SFP/USDT,limit,6.114050062840385,5.043472782258041,103339.6992,0.9964555312363096,0.5349483532048925,6.114050062840385
OOS,SFP/USDT,limit,-5.316097435137186,4.966097435137186,103339.6992,0.9964555312363096,0.5349483532048925,-5.316097435137186
OOS,SFP/USDT,limit,12.650718863278335,10.042481760756182,103339.6992,0.9964555312363096,0.5349483532048925,1.6515881270297683
OOS,SFP/USDT,limit,3.39766846130664,7.419180112891259,103339.6992,0.9964555312363096,0.5349483532048925,3.39766846130664
OOS,SFP/USDT,limit,-1.156811465381971,6.739764672764803,103339.6992,0.9964555312363096,0.5349483532048925,-1.156811465381971
OOS,SFP/USDT,limit,4.291681263234239,3.6497907295960563,103339.6992,0.9964555312363096,0.5349483532048925,4.291681263234239
OOS,SFP/USDT,limit,10.321101375955964,8.260874172681563,103339.6992,0.9964555312363096,0.5349483532048925,3.0453325144762484
OOS,SFP/USDT,limit,-5.6540626863129155,5.304062686312916,103339.6992,0.9964555312363096,0.5349483532048925,-5.6540626863129155
OOS,SFP/USDT,limit,6.818008644263004,5.581834962821138,103339.6992,0.9964555312363096,0.5349483532048925,6.818008644263004
OOS,SFP/USDT,limit,-5.106522665692446,4.756522665692446,103339.6992,0.9964555312363096,0.5349483532048925,-5.106522665692446
OOS,SFP/USDT,limit,5.68868403782114,4.718168159500231,103339.6992,0.9964555312363096,0.5349483532048925,3.2005563185143937
OOS,SFP/USDT,limit,-4.862269702680863,4.512269702680864,103339.6992,0.9964555312363096,0.5349483532048925,0.6049405746374991
OOS,SFP/USDT,limit,8.559959987541026,6.914016639911829,103339.6992,0.9964555312363096,0.5349483532048925,8.559959987541026
OOS,SFP/USDT,limit,0.05560779593281828,9.138470767238323,103339.6992,0.9964555312363096,0.5349483532048925,0.05560779593281828
OOS,SFP/USDT,limit,-0.33218561228220694,5.820041441891408,103339.6992,0.9964555312363096,0.5349483532048925,2.575416528512841
OOS,SFP/USDT,limit,-0.07579230121252323,4.811327102346392,103339.6992,0.9964555312363096,0.5349483532048925,-0.07579230121252323
OOS,SFP/USDT,limit,6.731735964238034,5.51585672295454,103339.6992,0.9964555312363096,0.5349483532048925,6.731735964238034
OOS,SFP/USDT,limit,4.758946693828527,16.55534640652377,103339.6992,0.9964555312363096,0.5349483532048925,4.758946693828527
OOS,SFP/USDT,limit,5.600452564975639,4.650691905401029,103339.6992,0.9964555312363096,0.5349483532048925,3.1342103639252814
OOS,SFP/USDT,limit,7.869581226706401,6.386039817260881,103339.6992,0.9964555312363096,0.5349483532048925,2.3548170194764038
OOS,SFP/USDT,limit,3.4225647719222634,9.291751099688609,103339.6992,0.9964555312363096,0.5349483532048925,4.038457799963785
OOS,SFP/USDT,limit,-4.857509930486588,4.507509930486588,103339.6992,0.9964555312363096,0.5349483532048925,-4.857509930486588
OOS,SFP/USDT,limit,-6.204338003858248,5.854338003858248,103339.6992,0.9964555312363096,0.5349483532048925,-6.204338003858248
OOS,SNX/USDT,limit,-5.163754380609665,4.813754380609665,473756.5077000001,1.4845151410868938,0.5862556486341571,1.3733333137661297
OOS,SNX/USDT,limit,-5.5446029363877045,16.070705497586026,473756.5077000001,1.4845151410868938,0.5862556486341571,-5.5446029363877045
OOS,SNX/USDT,limit,-8.887328096264087,8.537328096264087,473756.5077000001,1.4845151410868938,0.5862556486341571,3.0058045404352094
OOS,SNX/USDT,limit,-2.484721092215189,15.086296707876087,473756.5077000001,1.4845151410868938,0.5862556486341571,-2.484721092215189
OOS,SNX/USDT,limit,-6.811439794773128,9.296296296296287,473756.5077000001,1.4845151410868938,0.5862556486341571,-6.811439794773128
OOS,SNX/USDT,limit,1.2143425054784798,9.679337621652802,473756.5077000001,1.4845151410868938,0.5862556486341571,4.282169481403513
OOS,SNX/USDT,limit,-8.690886905591947,8.340886905591947,473756.5077000001,1.4845151410868938,0.5862556486341571,-8.690886905591947
OOS,SNX/USDT,limit,8.99446936302942,7.246313767947815,473756.5077000001,1.4845151410868938,0.5862556486341571,0.789864150748855
OOS,SNX/USDT,limit,-15.734758398869605,15.384758398869606,473756.5077000001,1.4845151410868938,0.5862556486341571,-15.734758398869605
OOS,SNX/USDT,limit,2.2684495352309955,15.149704237906148,473756.5077000001,1.4845151410868938,0.5862556486341571,2.2684495352309955
OOS,SNX/USDT,limit,-7.497616752204603,7.147616752204604,473756.5077000001,1.4845151410868938,0.5862556486341571,2.4365993705163596
OOS,SNX/USDT,limit,1.434633717195617,20.21281547613504,473756.5077000001,1.4845151410868938,0.5862556486341571,1.434633717195617
OOS,SNX/USDT,limit,-4.369770737632826,5.172016587313767,473756.5077000001,1.4845151410868938,0.5862556486341571,-4.369770737632826
OOS,SOL/USDT,limit,2.508621417592266,11.747002133337693,88198710.7185,1.1808082127293837,0.7632213171112708,2.508621417592266
OOS,SOL/USDT,limit,-23.666951302488574,23.316951302488572,88198710.7185,1.1808082127293837,0.7632213171112708,-23.666951302488574
OOS,SOL/USDT,limit,3.4040906282091936,8.160766767112062,88198710.7185,1.1808082127293837,0.7632213171112708,2.573612449819566
OOS,SOL/USDT,limit,-10.100486447630962,9.750486447630962,88198710.7185,1.1808082127293837,0.7632213171112708,-10.100486447630962
OOS,SOL/USDT,limit,-5.303253277836655,4.953253277836655,88198710.7185,1.1808082127293837,0.7632213171112708,-5.303253277836655
OOS,SOL/USDT,limit,5.112697231475826,11.521455699790252,88198710.7185,1.1808082127293837,0.7632213171112708,5.112697231475826
OOS,SOL/USDT,limit,3.829055097592281,10.819729848030363,88198710.7185,1.1808082127293837,0.7632213171112708,6.093969158113702
OOS,SOL/USDT,limit,5.400058285178661,4.497437574406367,88198710.7185,1.1808082127293837,0.7632213171112708,5.400058285178661
OOS,SOL/USDT,limit,-7.553310292293281,7.203310292293281,88198710.7185,1.1808082127293837,0.7632213171112708,-7.553310292293281
OOS,SOL/USDT,limit,-12.388019463687566,12.038019463687567,88198710.7185,1.1808082127293837,0.7632213171112708,-12.388019463687566
OOS,SOL/USDT,limit,-7.439184158681069,7.0891841586810695,88198710.7185,1.1808082127293837,0.7632213171112708,-7.439184158681069
OOS,SOL/USDT,limit,-3.1481344446716792,12.632406578286409,88198710.7185,1.1808082127293837,0.7632213171112708,6.366972066307039
OOS,SOL/USDT,limit,-13.492899182707108,13.142899182707108,88198710.7185,1.1808082127293837,0.7632213171112708,-13.492899182707108
OOS,STG/USDT,limit,-8.465332847907135,8.115332847907135,221436.60820000002,1.2877915436529928,0.4115106857264705,2.923220471746007
OOS,STG/USDT,limit,7.211847642948447,5.8830288508118205,221436.60820000002,1.2877915436529928,0.4115106857264705,1.6320606980057981
OOS,STG/USDT,limit,9.674476429949793,7.766358692474125,221436.60820000002,1.2877915436529928,0.4115106857264705,9.674476429949793
OOS,STG/USDT,limit,-4.368535802807683,4.018535802807683,221436.60820000002,1.2877915436529928,0.4115106857264705,1.7198141111558503
OOS,STG/USDT,limit,3.014947819273456,2.6733909540588217,221436.60820000002,1.2877915436529928,0.4115106857264705,3.014947819273456
OOS,STG/USDT,limit,2.815542019932362,2.52089257733154,221436.60820000002,1.2877915436529928,0.4115106857264705,2.815542019932362
OOS,STG/USDT,limit,-1.0039895686921463,9.649889065712582,221436.60820000002,1.2877915436529928,0.4115106857264705,-1.0039895686921463
OOS,STG/USDT,limit,-14.449476874532909,14.09947687453291,221436.60820000002,1.2877915436529928,0.4115106857264705,-14.449476874532909
OOS,STG/USDT,limit,7.134971626203353,14.091357763225806,221436.60820000002,1.2877915436529928,0.4115106857264705,7.134971626203353
OOS,STORJ/USDT,limit,-4.712428639519041,8.680311375077462,246486.75925000003,1.360921423175356,0.559293039862254,-4.712428639519041
OOS,STORJ/USDT,limit,-10.4203408095114,12.891951661416737,246486.75925000003,1.360921423175356,0.559293039862254,-10.4203408095114
OOS,STORJ/USDT,limit,22.16188388494864,17.31627836738884,246486.75925000003,1.360921423175356,0.559293039862254,8.710798102849449
OOS,STORJ/USDT,limit,9.03487173538112,16.447659825778814,246486.75925000003,1.360921423175356,0.559293039862254,9.03487173538112
OOS,STORJ/USDT,limit,-10.523628719128666,16.415941636832883,246486.75925000003,1.360921423175356,0.559293039862254,-10.523628719128666
OOS,STORJ/USDT,limit,8.357433327968952,13.58316291618092,246486.75925000003,1.360921423175356,0.559293039862254,8.357433327968952
OOS,STORJ/USDT,limit,-0.28200428228349095,9.227778420763277,246486.75925000003,1.360921423175356,0.559293039862254,4.7590463238911
OOS,STORJ/USDT,limit,3.6269861936191834,13.501422504432417,246486.75925000003,1.360921423175356,0.559293039862254,3.6269861936191834
OOS,STORJ/USDT,limit,-5.2678471506812246,14.146164128936725,246486.75925000003,1.360921423175356,0.559293039862254,-5.2678471506812246
OOS,STORJ/USDT,limit,8.04649681075433,6.521338486979697,246486.75925000003,1.360921423175356,0.559293039862254,-0.6388964156920489
OOS,STORJ/USDT,limit,2.5116966673570276,8.76548434831415,246486.75925000003,1.360921423175356,0.559293039862254,2.752572645493605
OOS,STORJ/USDT,limit,-2.5740662849034615,10.212786005675763,246486.75925000003,1.360921423175356,0.559293039862254,-2.5740662849034615
OOS,STORJ/USDT,limit,5.943512862226268,10.049507967688537,246486.75925000003,1.360921423175356,0.559293039862254,5.6738210211956055
OOS,STORJ/USDT,limit,-8.858564277091164,8.508564277091164,246486.75925000003,1.360921423175356,0.559293039862254,-8.858564277091164
OOS,STORJ/USDT,limit,-3.52715581342767,18.182664964031275,246486.75925000003,1.360921423175356,0.559293039862254,-3.52715581342767
OOS,STORJ/USDT,limit,3.121004951654724,9.057469082449481,246486.75925000003,1.360921423175356,0.559293039862254,3.4287668521854395
OOS,STORJ/USDT,limit,-5.86510471497966,5.51510471497966,246486.75925000003,1.360921423175356,0.559293039862254,-5.86510471497966
OOS,STORJ/USDT,limit,-3.341297653253411,2.991297653253411,246486.75925000003,1.360921423175356,0.559293039862254,-3.341297653253411
OOS,STRAX/USDT,limit,-2.2660563735140773,14.721635569350799,0.0,1.110004112212443e-97,0.13236135406849964,-2.2660563735140773
OOS,STX/USDT,limit,-17.500850707192892,17.15085070719289,1021423.63255,1.4844987248279051,0.6977854675616543,-17.500850707192892
OOS,STX/USDT,limit,1.3149051200124608,13.416471029457602,1021423.63255,1.4844987248279051,0.6977854675616543,7.981335357894324
OOS,STX/USDT,limit,15.672966632314528,12.353788053595366,1021423.63255,1.4844987248279051,0.6977854675616543,9.019244419236848
OOS,STX/USDT,limit,23.084338309983536,18.02173830329625,1021423.63255,1.4844987248279051,0.6977854675616543,23.084338309983536
OOS,STX/USDT,limit,-10.309496978144436,9.959496978144436,1021423.63255,1.4844987248279051,0.6977854675616543,-10.309496978144436
OOS,STX/USDT,limit,-8.527101878389187,8.177101878389188,1021423.63255,1.4844987248279051,0.6977854675616543,-8.527101878389187
OOS,STX/USDT,limit,-8.78827882013413,8.43827882013413,1021423.63255,1.4844987248279051,0.6977854675616543,-8.78827882013413
OOS,STX/USDT,limit,-4.034921900707689,11.283507385400148,1021423.63255,1.4844987248279051,0.6977854675616543,6.400339114391686
OOS,STX/USDT,limit,8.893739564164326,7.16927924404855,1021423.63255,1.4844987248279051,0.6977854675616543,2.0803576128455625
OOS,STX/USDT,limit,0.9813749644650757,8.252748033734472,1021423.63255,1.4844987248279051,0.6977854675616543,0.9813749644650757
OOS,STX/USDT,limit,-0.3029527935844069,5.469640240924618,1021423.63255,1.4844987248279051,0.6977854675616543,-0.3029527935844069
OOS,STX/USDT,limit,12.530523552174339,9.950560713855051,1021423.63255,1.4844987248279051,0.6977854675616543,5.500717472567226
OOS,STX/USDT,limit,-3.5046572934973406,3.1546572934973405,1021423.63255,1.4844987248279051,0.6977854675616543,-3.5046572934973406
OOS,STX/USDT,limit,9.749710078396335,14.675949076540931,1021423.63255,1.4844987248279051,0.6977854675616543,9.749710078396335
OOS,SUPER/USDT,limit,-11.474312322886584,11.124312322886585,331711.16839999997,1.7250644743790782,0.5941399430607778,5.009469680646961
OOS,SUPER/USDT,limit,16.831632064642832,13.239893664284514,331711.16839999997,1.7250644743790782,0.5941399430607778,16.831632064642832
OOS,SUPER/USDT,limit,-0.817693347506615,12.732900947113698,331711.16839999997,1.7250644743790782,0.5941399430607778,2.72652756919253
OOS,SUPER/USDT,limit,-7.0904150594259345,11.152068090698739,331711.16839999997,1.7250644743790782,0.5941399430607778,-7.0904150594259345
OOS,SUPER/USDT,limit,-11.793944902745665,11.443944902745665,331711.16839999997,1.7250644743790782,0.5941399430607778,-11.793944902745665
OOS,SUPER/USDT,limit,-18.61906518869067,18.269065188690668,331711.16839999997,1.7250644743790782,0.5941399430607778,6.724905950898755
OOS,SUPER/USDT,limit,12.981325310462367,10.295317669730428,331711.16839999997,1.7250644743790782,0.5941399430607778,3.2858116279891867
OOS,SUPER/USDT,limit,4.9770226327391685,12.877470000897723,331711.16839999997,1.7250644743790782,0.5941399430607778,8.551741095029579
OOS,SUPER/USDT,limit,12.207207214912517,9.703300018505349,331711.16839999997,1.7250644743790782,0.5941399430607778,12.207207214912517
OOS,SUPER/USDT,limit,11.460421340572127,9.132185066101288,331711.16839999997,1.7250644743790782,0.5941399430607778,11.460421340572127
OOS,SUPER/USDT,limit,-2.4553580497839516,9.320442105978714,331711.16839999997,1.7250644743790782,0.5941399430607778,4.444567615643479
OOS,SUPER/USDT,limit,-5.618916714088814,5.268916714088815,331711.16839999997,1.7250644743790782,0.5941399430607778,-5.618916714088814
OOS,SUPER/USDT,limit,4.34694847545566,14.498344629637513,331711.16839999997,1.7250644743790782,0.5941399430607778,4.34694847545566
OOS,SUPER/USDT,limit,9.985496479667264,8.004215629776251,331711.16839999997,1.7250644743790782,0.5941399430607778,4.813206885319855
OOS,SUPER/USDT,limit,5.027310921406629,4.212373809498603,331711.16839999997,1.7250644743790782,0.5941399430607778,5.027310921406629
OOS,SUPER/USDT,limit,4.147211094040177,7.397577067783721,331711.16839999997,1.7250644743790782,0.5941399430607778,3.168768583351249
OOS,SUPER/USDT,limit,10.54608790677402,8.43293577193611,331711.16839999997,1.7250644743790782,0.5941399430607778,4.671664922232154
OOS,SUPER/USDT,limit,3.6990635716169797,16.070407983821326,331711.16839999997,1.7250644743790782,0.5941399430607778,3.6990635716169797
OOS,THETA/USDT,limit,3.8177040282826327,6.764029278494216,593840.08926,1.4116945310708522,0.6553116582297036,1.2496514464970585
OOS,THETA/USDT,limit,-3.3377794392186297,7.8152479288377386,593840.08926,1.4116945310708522,0.6553116582297036,3.676721087126946
OOS,THETA/USDT,limit,-9.20416666666666,8.85416666666666,593840.08926,1.4116945310708522,0.6553116582297036,-9.20416666666666
OOS,THETA/USDT,limit,-8.499177346032136,8.149177346032136,593840.08926,1.4116945310708522,0.6553116582297036,-8.499177346032136
OOS,THETA/USDT,limit,2.3304992532878894,12.319451040730991,593840.08926,1.4116945310708522,0.6553116582297036,7.858782437562082
OOS,THETA/USDT,limit,10.913945937525996,8.714260350966118,593840.08926,1.4116945310708522,0.6553116582297036,3.063226859500214
OOS,THETA/USDT,limit,2.6057691555557203,16.995986929467904,593840.08926,1.4116945310708522,0.6553116582297036,2.6057691555557203
OOS,THETA/USDT,limit,6.467800623783871,9.979790527288337,593840.08926,1.4116945310708522,0.6553116582297036,3.6694018694126007
OOS,THETA/USDT,limit,11.533797917927984,14.222482026824418,593840.08926,1.4116945310708522,0.6553116582297036,9.398835095376304
OOS,THETA/USDT,limit,8.873093454824403,7.1534898428853175,593840.08926,1.4116945310708522,0.6553116582297036,5.304517559013158
OOS,THETA/USDT,limit,-5.932330506706211,5.582330506706211,593840.08926,1.4116945310708522,0.6553116582297036,1.782523892156504
OOS,THETA/USDT,limit,5.449412048342689,19.628200940515246,593840.08926,1.4116945310708522,0.6553116582297036,5.449412048342689
OOS,TRB/USDT,limit,4.22334681990221,14.516910239895273,1188294.1364,1.5383542459915163,0.520949360443977,4.22334681990221
OOS,TRB/USDT,limit,-12.752156554976391,12.402156554976392,1188294.1364,1.5383542459915163,0.520949360443977,-12.752156554976391
OOS,TRB/USDT,limit,-1.474460825559488,20.259304504566362,1188294.1364,1.5383542459915163,0.520949360443977,8.165404027430299
OOS,TRB/USDT,limit,14.241053534359903,19.98748494898607,1188294.1364,1.5383542459915163,0.520949360443977,16.885905268142555
OOS,TRB/USDT,limit,11.329097666163443,14.568986818673674,1188294.1364,1.5383542459915163,0.520949360443977,11.329097666163443
OOS,TRB/USDT,limit,-2.33953714020944,14.501609768793353,1188294.1364,1.5383542459915163,0.520949360443977,-2.33953714020944
OOS,TRB/USDT,limit,16.37917023780159,12.893867147742085,1188294.1364,1.5383542459915163,0.520949360443977,9.366875197718924
OOS,TRB/USDT,limit,-7.884826673444438,22.06337275702173,1188294.1364,1.5383542459915163,0.520949360443977,-7.884826673444438
OOS,TRB/USDT,limit,-1.9636642326125204,7.336109348914322,1188294.1364,1.5383542459915163,0.520949360443977,-1.9636642326125204
OOS,TRB/USDT,limit,4.168650957553758,14.98532154400192,1188294.1364,1.5383542459915163,0.520949360443977,4.168650957553758
OOS,TRB/USDT,limit,-9.616087219006337,9.266087219006337,1188294.1364,1.5383542459915163,0.520949360443977,-9.616087219006337
OOS,TRB/USDT,limit,3.67112985143631,10.54399482349869,1188294.1364,1.5383542459915163,0.520949360443977,3.6379541219885447
OOS,TRB/USDT,limit,9.767065003536068,12.528339466423327,1188294.1364,1.5383542459915163,0.520949360443977,11.096927081551408
OOS,TRB/USDT,limit,3.6525209984346216,10.376064648847212,1188294.1364,1.5383542459915163,0.520949360443977,3.6525209984346216
OOS,TRB/USDT,limit,-3.4611652638477817,12.133489233715911,1188294.1364,1.5383542459915163,0.520949360443977,-3.4611652638477817
OOS,TRB/USDT,limit,8.491824320546813,6.861908934678657,1188294.1364,1.5383542459915163,0.520949360443977,0.25489016691906885
OOS,TRB/USDT,limit,4.396001658519731,9.860577150955288,1188294.1364,1.5383542459915163,0.520949360443977,4.396001658519731
OOS,TRB/USDT,limit,-5.647756135254048,5.2977561352540485,1188294.1364,1.5383542459915163,0.520949360443977,-5.647756135254048
OOS,TRB/USDT,limit,-5.250928655333663,4.900928655333663,1188294.1364,1.5383542459915163,0.520949360443977,0.3290376559764242
OOS,TRB/USDT,limit,-8.575727416001138,8.225727416001138,1188294.1364,1.5383542459915163,0.520949360443977,-8.575727416001138
OOS,TRB/USDT,limit,-6.358599288797439,6.0085992887974395,1188294.1364,1.5383542459915163,0.520949360443977,-6.358599288797439
OOS,TRB/USDT,limit,-5.552825336076655,5.202825336076655,1188294.1364,1.5383542459915163,0.520949360443977,-5.552825336076655
OOS,TRB/USDT,limit,2.3411782852543244,7.453059992188976,1188294.1364,1.5383542459915163,0.520949360443977,3.4243992078737997
OOS,TRB/USDT,limit,7.31437914427592,5.961441251893012,1188294.1364,1.5383542459915163,0.520949360443977,2.34590819560523
OOS,TRB/USDT,limit,5.18390045429292,4.332127847026864,1188294.1364,1.5383542459915163,0.520949360443977,2.295358340211005
OOS,TRB/USDT,limit,-3.6737804545143287,3.3237804545143286,1188294.1364,1.5383542459915163,0.520949360443977,-3.6737804545143287
OOS,TRB/USDT,limit,5.073141825788375,4.247423635257215,1188294.1364,1.5383542459915163,0.520949360443977,0.3838438443887391
OOS,VET/USDT,limit,-2.7209433638237916,18.970709214816004,597827.9787204999,1.2247393370921253,0.6878588168100298,-2.7209433638237916
OOS,VET/USDT,limit,7.091628587395406,13.445663153898533,597827.9787204999,1.2247393370921253,0.6878588168100298,2.2013807050403007
OOS,VET/USDT,limit,-5.091344425474194,9.377467296842303,597827.9787204999,1.2247393370921253,0.6878588168100298,-5.091344425474194
OOS,VET/USDT,limit,7.535171385307636,6.130295209313397,597827.9787204999,1.2247393370921253,0.6878588168100298,7.535171385307636
OOS,VET/USDT,limit,8.852596373583305,7.137814413047046,597827.9787204999,1.2247393370921253,0.6878588168100298,8.852596373583305
OOS,VET/USDT,limit,-4.190044482070019,14.24138786713193,597827.9787204999,1.2247393370921253,0.6878588168100298,-4.190044482070019
OOS,VET/USDT,limit,16.59684930814191,13.060340264291847,597827.9787204999,1.2247393370921253,0.6878588168100298,16.59684930814191
OOS,VET/USDT,limit,-13.441982266356861,13.091982266356862,597827.9787204999,1.2247393370921253,0.6878588168100298,-13.441982266356861
OOS,VET/USDT,limit,2.1689734521028603,7.108647035043368,597827.9787204999,1.2247393370921253,0.6878588168100298,2.1689734521028603
OOS,VET/USDT,limit,1.7295447442907057,6.97277308678938,597827.9787204999,1.2247393370921253,0.6878588168100298,1.3047308543353209
OOS,VET/USDT,limit,-5.1664180055975475,4.816418005597548,597827.9787204999,1.2247393370921253,0.6878588168100298,1.0329151794468978
OOS,VET/USDT,limit,9.538418398441578,7.662306408065772,597827.9787204999,1.2247393370921253,0.6878588168100298,2.879806314079478
OOS,VET/USDT,limit,3.3724452562596605,7.421826928455542,597827.9787204999,1.2247393370921253,0.6878588168100298,3.3724452562596605
OOS,WLD/USDT,limit,2.830690839432828,7.777759356889953,6977437.973200001,1.79786668656183,0.5606860608307983,2.250937254771927
OOS,WLD/USDT,limit,-23.59893306512685,23.24893306512685,6977437.973200001,1.79786668656183,0.5606860608307983,4.442904404489337
OOS,WLD/USDT,limit,17.04834168785087,13.405625382567566,6977437.973200001,1.79786668656183,0.5606860608307983,5.963556158912599
OOS,WLD/USDT,limit,15.187600994406464,11.982597886886257,6977437.973200001,1.79786668656183,0.5606860608307983,15.187600994406464
OOS,WLD/USDT,limit,-15.600356003146242,15.250356003146242,6977437.973200001,1.79786668656183,0.5606860608307983,-15.600356003146242
OOS,WLD/USDT,limit,-3.70439960251258,12.198549851488796,6977437.973200001,1.79786668656183,0.5606860608307983,-3.70439960251258
OOS,WLD/USDT,limit,8.295739832028612,24.604570404391165,6977437.973200001,1.79786668656183,0.5606860608307983,8.295739832028612
OOS,WLD/USDT,limit,-8.888246606072055,8.538246606072056,6977437.973200001,1.79786668656183,0.5606860608307983,-8.888246606072055
OOS,WLD/USDT,limit,7.160111621127911,9.066146943177692,6977437.973200001,1.79786668656183,0.5606860608307983,5.963296579214209
OOS,WLD/USDT,limit,1.782570667992081,8.716814159292005,6977437.973200001,1.79786668656183,0.5606860608307983,2.106331371913112
OOS,WLD/USDT,limit,-16.725604633931088,16.375604633931086,6977437.973200001,1.79786668656183,0.5606860608307983,-16.725604633931088
OOS,WLD/USDT,limit,13.6578838985006,15.921834012770383,6977437.973200001,1.79786668656183,0.5606860608307983,12.337995066400124
OOS,WLD/USDT,limit,6.227501353804979,13.054454482952654,6977437.973200001,1.79786668656183,0.5606860608307983,9.688049220102155
OOS,WLD/USDT,limit,12.169345707228944,9.674344900443224,6977437.973200001,1.79786668656183,0.5606860608307983,12.169345707228944
OOS,WLD/USDT,limit,4.743281026720661,7.548204335435349,6977437.973200001,1.79786668656183,0.5606860608307983,1.0071970164067072
OOS,WLD/USDT,limit,-10.20820814154444,9.85820814154444,6977437.973200001,1.79786668656183,0.5606860608307983,-10.20820814154444
OOS,WLD/USDT,limit,7.921301969661636,12.237325579092973,6977437.973200001,1.79786668656183,0.5606860608307983,7.921301969661636
OOS,WLD/USDT,limit,-5.779607217662448,5.429607217662448,6977437.973200001,1.79786668656183,0.5606860608307983,-5.779607217662448
OOS,WLD/USDT,limit,15.774787982277742,12.431657356478645,6977437.973200001,1.79786668656183,0.5606860608307983,15.774787982277742
OOS,WLD/USDT,limit,15.23578490868281,12.01944720990388,6977437.973200001,1.79786668656183,0.5606860608307983,15.23578490868281
OOS,WLD/USDT,limit,-7.134415475056436,15.293933445257826,6977437.973200001,1.79786668656183,0.5606860608307983,-7.134415475056436
OOS,XMR/USDT,limit,1.6600911504012488,4.70388047336015,869896.6634,1.1317607590240397,0.3407192000292359,0.9932110940910835
OOS,XMR/USDT,limit,-2.7115898457515386,2.3615898457515385,869896.6634,1.1317607590240397,0.3407192000292359,-2.7115898457515386
OOS,XMR/USDT,limit,5.955323925593337,12.363694676074392,869896.6634,1.1317607590240397,0.3407192000292359,1.444130853110995
OOS,XMR/USDT,limit,-4.646241778307756,4.296241778307756,869896.6634,1.1317607590240397,0.3407192000292359,-4.646241778307756
OOS,XMR/USDT,limit,5.659247183002479,5.962453223812905,869896.6634,1.1317607590240397,0.3407192000292359,2.4342376097605607
OOS,XMR/USDT,limit,-3.3231944312096493,7.076427673306783,869896.6634,1.1317607590240397,0.3407192000292359,-3.3231944312096493
OOS,XMR/USDT,limit,3.3298680336722772,8.823931188691146,869896.6634,1.1317607590240397,0.3407192000292359,2.826427494052293
OOS,XMR/USDT,limit,15.960505590846614,12.573687497678213,869896.6634,1.1317607590240397,0.3407192000292359,2.2168682358804963
OOS,XMR/USDT,limit,-7.395223330943549,7.045223330943549,869896.6634,1.1317607590240397,0.3407192000292359,-7.395223330943549
OOS,XMR/USDT,limit,-4.410224609467412,4.060224609467412,869896.6634,1.1317607590240397,0.3407192000292359,-4.410224609467412
OOS,XMR/USDT,limit,-6.070448320552831,5.720448320552832,869896.6634,1.1317607590240397,0.3407192000292359,-6.070448320552831
OOS,XMR/USDT,limit,7.575809222334095,6.161373564109103,869896.6634,1.1317607590240397,0.3407192000292359,7.575809222334095
OOS,XMR/USDT,limit,-2.830933198724537,11.232088951750734,869896.6634,1.1317607590240397,0.3407192000292359,-2.830933198724537
OOS,XMR/USDT,limit,4.470304229530689,3.786395143792784,869896.6634,1.1317607590240397,0.3407192000292359,4.470304229530689
OOS,XMR/USDT,limit,-4.853003444982903,7.150566836490219,869896.6634,1.1317607590240397,0.3407192000292359,-4.853003444982903
OOS,XMR/USDT,limit,5.951344460819923,4.91904139523448,869896.6634,1.1317607590240397,0.3407192000292359,3.5797023503393404
OOS,XMR/USDT,limit,-0.9794392383857311,3.626395033410432,869896.6634,1.1317607590240397,0.3407192000292359,0.22651906591671778
OOS,XMR/USDT,limit,-9.806898072138047,20.853039411120047,869896.6634,1.1317607590240397,0.3407192000292359,-9.806898072138047
OOS,XMR/USDT,limit,-5.583826940299893,5.233826940299894,869896.6634,1.1317607590240397,0.3407192000292359,-5.583826940299893
OOS,XMR/USDT,limit,-3.2217566783128615,11.221613139156887,869896.6634,1.1317607590240397,0.3407192000292359,-3.2217566783128615
OOS,XMR/USDT,limit,-3.7945385865397716,9.362408123271504,869896.6634,1.1317607590240397,0.3407192000292359,-3.7945385865397716
OOS,XMR/USDT,limit,4.3260952068835286,3.676109274797069,869896.6634,1.1317607590240397,0.3407192000292359,0.8009361304836794
OOS,XMR/USDT,limit,-0.37822321100935835,5.064725397681583,869896.6634,1.1317607590240397,0.3407192000292359,-0.37822321100935835
OOS,XRP/USDT,limit,4.3170532947283045,7.266446919409701,27779267.58222,0.9543294559218167,0.6476892014075378,1.0046306173314101
OOS,XRP/USDT,limit,-1.5712622261184253,8.218461469043806,27779267.58222,0.9543294559218167,0.6476892014075378,-1.5712622261184253
OOS,XRP/USDT,limit,0.0829638074463881,6.187704267054117,27779267.58222,0.9543294559218167,0.6476892014075378,0.0829638074463881
OOS,XRP/USDT,limit,3.6158188660241755,6.347032653922577,27779267.58222,0.9543294559218167,0.6476892014075378,2.845244409702893
OOS,XRP/USDT,limit,6.43653261845,22.337959272301003,27779267.58222,0.9543294559218167,0.6476892014075378,7.825282316659303
OOS,XRP/USDT,limit,-2.8095006325195366,12.358864647120248,27779267.58222,0.9543294559218167,0.6476892014075378,-2.8095006325195366
OOS,XRP/USDT,limit,-2.899872544853018,14.143844314029627,27779267.58222,0.9543294559218167,0.6476892014075378,-2.899872544853018
OOS,XRP/USDT,limit,1.1585860485617654,4.250272171856833,27779267.58222,0.9543294559218167,0.6476892014075378,0.47954419292139605
OOS,XRP/USDT,limit,-0.2989461872694068,3.3216205771176526,27779267.58222,0.9543294559218167,0.6476892014075378,-0.6926012630159837
OOS,XRP/USDT,limit,2.998224758437311,2.6606017591615365,27779267.58222,0.9543294559218167,0.6476892014075378,2.998224758437311
OOS,XRP/USDT,limit,9.450970652802415,7.595429520319769,27779267.58222,0.9543294559218167,0.6476892014075378,1.2192254277605672
OOS,XRP/USDT,limit,3.6381631193789485,7.143019476444603,27779267.58222,0.9543294559218167,0.6476892014075378,2.9649269658767214
OOS,XRP/USDT,limit,-5.6072623250010025,5.257262325001003,27779267.58222,0.9543294559218167,0.6476892014075378,-5.6072623250010025
OOS,XRP/USDT,limit,-3.072807365180001,2.722807365180001,27779267.58222,0.9543294559218167,0.6476892014075378,-3.072807365180001
OOS,XRP/USDT,limit,4.95839770148217,4.159671459776285,27779267.58222,0.9543294559218167,0.6476892014075378,1.2085382178919222
OOS,XRP/USDT,limit,12.727887572384434,10.101497611407002,27779267.58222,0.9543294559218167,0.6476892014075378,12.727887572384434
OOS,XRP/USDT,limit,-6.548938113624639,7.856064730192715,27779267.58222,0.9543294559218167,0.6476892014075378,-0.9454891717770264
OOS,XRP/USDT,limit,6.889468112862505,5.636484591865159,27779267.58222,0.9543294559218167,0.6476892014075378,6.889468112862505
OOS,XRP/USDT,limit,-3.9517639231509336,3.6017639231509335,27779267.58222,0.9543294559218167,0.6476892014075378,-3.9517639231509336
OOS,XRP/USDT,limit,-5.833585962626803,5.483585962626804,27779267.58222,0.9543294559218167,0.6476892014075378,-5.833585962626803
OOS,XRP/USDT,limit,-5.859011110006662,5.5090111100066625,27779267.58222,0.9543294559218167,0.6476892014075378,-5.859011110006662
OOS,XRP/USDT,limit,-3.697868187218777,9.115745693613315,27779267.58222,0.9543294559218167,0.6476892014075378,7.070197792695188
OOS,XRP/USDT,limit,-0.8329719854545964,10.26328371457952,27779267.58222,0.9543294559218167,0.6476892014075378,6.385197643749919
OOS,XRP/USDT,limit,2.895074534737291,13.141859501756128,27779267.58222,0.9543294559218167,0.6476892014075378,6.18389121437113
OOS,XRP/USDT,limit,-4.77441285089222,4.42441285089222,27779267.58222,0.9543294559218167,0.6476892014075378,-4.77441285089222
OOS,XRP/USDT,limit,7.69163796497468,6.2499552166458905,27779267.58222,0.9543294559218167,0.6476892014075378,7.69163796497468
OOS,XRP/USDT,limit,-5.201220929243674,11.527494668291173,27779267.58222,0.9543294559218167,0.6476892014075378,-5.201220929243674
OOS,XRP/USDT,limit,3.3583182897094246,2.935988328511325,27779267.58222,0.9543294559218167,0.6476892014075378,0.48991636643233616
OOS,YFI/USDT,limit,-7.300964819390505,6.950964819390506,218738.087,1.0281504874064413,0.6306225999962733,-7.300964819390505
OOS,YFI/USDT,limit,10.283973232448918,13.400147453413291,218738.087,1.0281504874064413,0.6306225999962733,3.413979832178319
OOS,YFI/USDT,limit,6.048736088503267,4.993523005988103,218738.087,1.0281504874064413,0.6306225999962733,6.048736088503267
OOS,YFI/USDT,limit,18.374623208020708,14.419917743058729,218738.087,1.0281504874064413,0.6306225999962733,5.301905969541297
OOS,YFI/USDT,limit,0.8535865503089274,20.051737912211806,218738.087,1.0281504874064413,0.6306225999962733,0.8535865503089274
OOS,YFI/USDT,limit,-1.071052689862897,7.351546754224694,218738.087,1.0281504874064413,0.6306225999962733,2.742625993887197
OOS,YFI/USDT,limit,-3.500848977844735,5.441324709315147,218738.087,1.0281504874064413,0.6306225999962733,-3.500848977844735
OOS,YFI/USDT,limit,3.5901014487696417,6.892877649230875,218738.087,1.0281504874064413,0.6306225999962733,2.7398771702201277
OOS,YFI/USDT,limit,7.714693058188487,6.267586921952454,218738.087,1.0281504874064413,0.6306225999962733,7.714693058188487
OOS,YFI/USDT,limit,-7.922552160246639,7.572552160246639,218738.087,1.0281504874064413,0.6306225999962733,-7.922552160246639
OOS,YFI/USDT,limit,4.557826497169034,14.197437417060687,218738.087,1.0281504874064413,0.6306225999962733,5.095166651635603
OOS,YFI/USDT,limit,7.693308897627956,6.251233085785541,218738.087,1.0281504874064413,0.6306225999962733,7.693308897627956
OOS,YFI/USDT,limit,8.359260017031442,6.760528527665019,218738.087,1.0281504874064413,0.6306225999962733,4.323157369416412
OOS,YFI/USDT,limit,4.421026653070904,3.7487094273090897,218738.087,1.0281504874064413,0.6306225999962733,1.5962794376337226
OOS,YFI/USDT,limit,0.8958705728699766,10.245976565056434,218738.087,1.0281504874064413,0.6306225999962733,0.8958705728699766
OOS,YFI/USDT,limit,0.633279409957886,7.147112151933597,218738.087,1.0281504874064413,0.6306225999962733,0.633279409957886
OOS,YFI/USDT,limit,2.602598800912258,5.888934687968309,218738.087,1.0281504874064413,0.6306225999962733,1.8900414566482162
OOS,YFI/USDT,limit,7.863809451384752,6.381625771278797,218738.087,1.0281504874064413,0.6306225999962733,1.4273129121084676
OOS,YFI/USDT,limit,-3.822735380303202,3.472735380303202,218738.087,1.0281504874064413,0.6306225999962733,-3.822735380303202
OOS,YFI/USDT,limit,3.698678945684503,3.196283905217446,218738.087,1.0281504874064413,0.6306225999962733,3.698678945684503
OOS,YFI/USDT,limit,-3.520078512185557,3.170078512185557,218738.087,1.0281504874064413,0.6306225999962733,-0.1409464039375232
OOS,YFI/USDT,limit,-1.6758699935127481,9.889464867502932,218738.087,1.0281504874064413,0.6306225999962733,-1.6758699935127481
OOS,YFI/USDT,limit,2.1530718210248203,7.878347668498094,218738.087,1.0281504874064413,0.6306225999962733,2.1530718210248203
OOS,YFI/USDT,limit,0.7917559042233978,6.009217679035691,218738.087,1.0281504874064413,0.6306225999962733,3.0056881745844266
OOS,YFI/USDT,limit,1.5747864569242034,3.567425501488028,218738.087,1.0281504874064413,0.6306225999962733,-0.7181443976345978
OOS,ZEN/USDT,limit,3.766470935075646,10.091328143009726,530413.44105,1.569243389716734,0.49297378393204216,2.8431786767522054
OOS,ZEN/USDT,limit,2.4870105724238534,6.080556545637596,530413.44105,1.569243389716734,0.49297378393204216,3.3947037495495085
OOS,ZEN/USDT,limit,-24.119325881292447,23.769325881292446,530413.44105,1.569243389716734,0.49297378393204216,-24.119325881292447
OOS,ZEN/USDT,limit,4.278281863282831,10.095471171912825,530413.44105,1.569243389716734,0.49297378393204216,2.2884270390770394
OOS,ZEN/USDT,limit,9.393531793893732,7.551502348825327,530413.44105,1.569243389716734,0.49297378393204216,9.393531793893732
OOS,ZEN/USDT,limit,0.5383725071907836,4.083313841202396,530413.44105,1.569243389716734,0.49297378393204216,1.3455384536072348
OOS,ZEN/USDT,limit,1.80947212231667,10.160168661193792,530413.44105,1.569243389716734,0.49297378393204216,1.80947212231667
OOS,ZEN/USDT,limit,0.1178025694378913,6.081632044972609,530413.44105,1.569243389716734,0.49297378393204216,0.1178025694378913
OOS,ZEN/USDT,limit,3.8271220915998643,3.2945125992602806,530413.44105,1.569243389716734,0.49297378393204216,-0.04430028535674835
OOS,ZEN/USDT,limit,-9.947159821441454,9.597159821441455,530413.44105,1.569243389716734,0.49297378393204216,-9.947159821441454
OOS,ZEN/USDT,limit,-9.500809417648185,9.150809417648185,530413.44105,1.569243389716734,0.49297378393204216,3.842095134952394
OOS,ZEN/USDT,limit,8.163954869358674,21.59033551068883,530413.44105,1.569243389716734,0.49297378393204216,8.163954869358674
OOS,ZEN/USDT,limit,-7.551431342264082,7.201431342264082,530413.44105,1.569243389716734,0.49297378393204216,-7.551431342264082
OOS,ZEN/USDT,limit,-8.027414399190299,7.677414399190298,530413.44105,1.569243389716734,0.49297378393204216,-8.027414399190299
OOS,ZEN/USDT,limit,7.260692330843722,5.920383509705343,530413.44105,1.569243389716734,0.49297378393204216,7.260692330843722
OOS,ZEN/USDT,limit,-0.7635669886064498,14.496503083083198,530413.44105,1.569243389716734,0.49297378393204216,3.1294367772357043
OOS,ZEN/USDT,limit,7.793458009477327,6.327823521159917,530413.44105,1.569243389716734,0.49297378393204216,0.9382712805795875
OOS,ZEN/USDT,limit,-5.681699050672437,5.331699050672437,530413.44105,1.569243389716734,0.49297378393204216,-5.681699050672437
OOS,ZEN/USDT,limit,-4.860877397951263,4.510877397951264,530413.44105,1.569243389716734,0.49297378393204216,-4.860877397951263
OOS,ZEN/USDT,limit,-9.642542406310906,9.292542406310906,530413.44105,1.569243389716734,0.49297378393204216,-9.642542406310906
OOS,ZEN/USDT,limit,-10.424043233400496,10.074043233400497,530413.44105,1.569243389716734,0.49297378393204216,-10.424043233400496
OOS,ZEN/USDT,limit,-5.409241209153694,10.08850907399145,530413.44105,1.569243389716734,0.49297378393204216,-5.409241209153694
OOS,ZEN/USDT,limit,-6.714863461738129,6.364863461738129,530413.44105,1.569243389716734,0.49297378393204216,2.9700083065102234
OOS,ZEN/USDT,limit,-8.970559048556902,8.620559048556903,530413.44105,1.569243389716734,0.49297378393204216,-8.970559048556902
OOS,ZRX/USDT,limit,6.629872585598616,5.437955278052721,272905.13208,1.320562701860354,0.594697054000053,-0.39809766745347286
OOS,ZRX/USDT,limit,-11.913760136014417,15.54515617658888,272905.13208,1.320562701860354,0.594697054000053,-11.913760136014417
OOS,ZRX/USDT,limit,-7.3039610341732555,6.953961034173256,272905.13208,1.320562701860354,0.594697054000053,1.4445039522627021
OOS,ZRX/USDT,limit,9.404608957843388,7.559973765036136,272905.13208,1.320562701860354,0.594697054000053,3.4121287365466206
OOS,ZRX/USDT,limit,4.750164249715738,10.030884561930536,272905.13208,1.320562701860354,0.594697054000053,5.814593657434072
OOS,ZRX/USDT,limit,4.326820594663991,14.693213752905654,272905.13208,1.320562701860354,0.594697054000053,4.326820594663991
OOS,ZRX/USDT,limit,4.207494128875204,3.585407439975103,272905.13208,1.320562701860354,0.594697054000053,0.17938421998936638
OOS,ZRX/USDT,limit,-9.91816303449474,9.56816303449474,272905.13208,1.320562701860354,0.594697054000053,-9.91816303449474
OOS,ZRX/USDT,limit,8.525058367500973,6.887325137363501,272905.13208,1.320562701860354,0.594697054000053,8.525058367500973
OOS,ZRX/USDT,limit,5.218973264434955,6.543192541002011,272905.13208,1.320562701860354,0.594697054000053,3.1567260166254902
OOS,ZRX/USDT,limit,-1.5749222419113127,20.475005886070452,272905.13208,1.320562701860354,0.594697054000053,-1.5749222419113127
OOS,ZRX/USDT,limit,-10.037764375318197,9.687764375318197,272905.13208,1.320562701860354,0.594697054000053,-10.037764375318197
OOS,ZRX/USDT,limit,-6.867654040154299,17.118287014143014,272905.13208,1.320562701860354,0.594697054000053,-6.867654040154299
OOS,ZRX/USDT,limit,1.6876914460707608,8.536392196203687,272905.13208,1.320562701860354,0.594697054000053,4.609872224715556
OOS,ZRX/USDT,limit,-3.8438418947551063,3.493841894755106,272905.13208,1.320562701860354,0.594697054000053,-3.8438418947551063
OOS,ZRX/USDT,limit,1.5368464037686933,5.635251394850917,272905.13208,1.320562701860354,0.594697054000053,1.5368464037686933
OOS,ZRX/USDT,limit,5.503308031026032,18.769276120640406,272905.13208,1.320562701860354,0.594697054000053,5.503308031026032
OOS,ZRX/USDT,limit,-2.9943427343846274,2.6443427343846273,272905.13208,1.320562701860354,0.594697054000053,-0.37768509805037037
OOS,CTK/USDT,limit,-15.846085375196616,15.496085375196616,13033.5615,0.9381721499734059,0.3456733952279163,-15.846085375196616
OOS,CTK/USDT,limit,-11.476490240148525,11.126490240148526,13033.5615,0.9381721499734059,0.3456733952279163,-11.476490240148525
OOS,CTK/USDT,limit,10.448177904113981,12.317284934406922,13033.5615,0.9381721499734059,0.3456733952279163,5.840309114047503
OOS,CTK/USDT,limit,-10.169446132454071,9.819446132454072,13033.5615,0.9381721499734059,0.3456733952279163,-10.169446132454071
OOS,CTK/USDT,limit,1.497547329292766,12.312159618099917,13033.5615,0.9381721499734059,0.3456733952279163,1.497547329292766
OOS,CTK/USDT,limit,-4.007150186268068,6.007596471692503,13033.5615,0.9381721499734059,0.3456733952279163,4.438663009322162
OOS,CTK/USDT,limit,1.344360954946818,5.906027595658188,13033.5615,0.9381721499734059,0.3456733952279163,1.733203556912163
OOS,XAI/USDT,limit,16.647960244770637,13.099428068631749,470603.0904,1.7400976288828887,0.5555968870227412,16.647960244770637
OOS,XAI/USDT,limit,11.359977918447496,16.65902698484964,470603.0904,1.7400976288828887,0.5555968870227412,6.372802244481092
OOS,XAI/USDT,limit,8.26698119761343,6.689957008611638,470603.0904,1.7400976288828887,0.5555968870227412,0.36869631086328003
OOS,XAI/USDT,limit,-9.972110791660048,9.622110791660049,470603.0904,1.7400976288828887,0.5555968870227412,-9.972110791660048
OOS,XAI/USDT,limit,-12.737363045622175,12.387363045622175,470603.0904,1.7400976288828887,0.5555968870227412,-12.737363045622175
OOS,XAI/USDT,limit,16.83599940457258,13.243233648638538,470603.0904,1.7400976288828887,0.5555968870227412,9.167222715954145
OOS,XAI/USDT,limit,5.279579857501454,11.795232827911448,470603.0904,1.7400976288828887,0.5555968870227412,5.279579857501454
OOS,XAI/USDT,limit,1.2566651900567405,8.895183411991198,470603.0904,1.7400976288828887,0.5555968870227412,1.2566651900567405
OOS,XAI/USDT,limit,9.924900967443877,7.957874363466225,470603.0904,1.7400976288828887,0.5555968870227412,1.4423751004414198
OOS,XAI/USDT,limit,1.1117113512936942,10.326048564166634,470603.0904,1.7400976288828887,0.5555968870227412,1.5904185750801387
OOS,XAI/USDT,limit,7.1520261460939505,20.98488318827301,470603.0904,1.7400976288828887,0.5555968870227412,10.469209039548044
OOS,XAI/USDT,limit,-12.506286920239006,12.156286920239006,470603.0904,1.7400976288828887,0.5555968870227412,-12.506286920239006
OOS,XAI/USDT,limit,-5.056439828189715,9.305784839730332,470603.0904,1.7400976288828887,0.5555968870227412,-5.056439828189715
OOS,MANTA/USDT,limit,16.296002265105194,12.830263276270898,448020.82921999996,1.6819575535075981,0.556700066507858,16.296002265105194
OOS,MANTA/USDT,limit,-1.6343006040096317,13.62363126980714,448020.82921999996,1.6819575535075981,0.556700066507858,-1.6343006040096317
OOS,MANTA/USDT,limit,6.126603299401681,16.284455229816814,448020.82921999996,1.6819575535075981,0.556700066507858,6.126603299401681
OOS,MANTA/USDT,limit,17.5548211774543,13.792962662954647,448020.82921999996,1.6819575535075981,0.556700066507858,17.5548211774543
OOS,MANTA/USDT,limit,6.81832036046873,22.825513740720375,448020.82921999996,1.6819575535075981,0.556700066507858,6.81832036046873
OOS,MANTA/USDT,limit,10.292399318886442,8.238923872708844,448020.82921999996,1.6819575535075981,0.556700066507858,6.486135162487356
OOS,MANTA/USDT,limit,-3.3063246595137934,10.79155468467197,448020.82921999996,1.6819575535075981,0.556700066507858,7.644168787151285
OOS,MANTA/USDT,limit,-4.350532218970426,12.60556804660918,448020.82921999996,1.6819575535075981,0.556700066507858,-4.350532218970426
OOS,MANTA/USDT,limit,16.794500486682583,13.211496770197298,448020.82921999996,1.6819575535075981,0.556700066507858,16.794500486682583
OOS,MANTA/USDT,limit,1.06391259386184,18.253337986090408,448020.82921999996,1.6819575535075981,0.556700066507858,1.06391259386184
OOS,MANTA/USDT,limit,-5.409677141254979,5.059677141254979,448020.82921999996,1.6819575535075981,0.556700066507858,-5.409677141254979
OOS,MANTA/USDT,limit,-14.381674363472657,14.031674363472657,448020.82921999996,1.6819575535075981,0.556700066507858,6.378572253322099
OOS,MANTA/USDT,limit,18.824787618235344,14.764187278072122,448020.82921999996,1.6819575535075981,0.556700066507858,18.824787618235344
OOS,MANTA/USDT,limit,-5.133804795616355,4.783804795616355,448020.82921999996,1.6819575535075981,0.556700066507858,-5.133804795616355
OOS,MANTA/USDT,limit,-6.696374551673199,6.3463745516731995,448020.82921999996,1.6819575535075981,0.556700066507858,-6.696374551673199
OOS,MANTA/USDT,limit,16.627707433737317,17.775668222710305,448020.82921999996,1.6819575535075981,0.556700066507858,7.69126795368682
OOS,MANTA/USDT,limit,3.5297902112186983,6.104742462311564,448020.82921999996,1.6819575535075981,0.556700066507858,3.1940477284798066
OOS,ONDO/USDT,limit,8.37921590352729,12.340886382054931,3580906.09786,1.6030818642550688,0.6230312254557664,4.390047974118718
OOS,ONDO/USDT,limit,-11.361197637553307,11.011197637553307,3580906.09786,1.6030818642550688,0.6230312254557664,-11.361197637553307
OOS,ONDO/USDT,limit,-9.042498824793478,8.692498824793478,3580906.09786,1.6030818642550688,0.6230312254557664,3.2901181921966507
OOS,ONDO/USDT,limit,9.492143401415579,7.626916956240169,3580906.09786,1.6030818642550688,0.6230312254557664,9.492143401415579
OOS,ONDO/USDT,limit,15.850940474156625,12.489896040777909,3580906.09786,1.6030818642550688,0.6230312254557664,15.850940474156625
OOS,ONDO/USDT,limit,10.783837288700406,8.61475794025566,3580906.09786,1.6030818642550688,0.6230312254557664,3.885082020565697
OOS,ONDO/USDT,limit,7.98818958818959,8.477351641414122,3580906.09786,1.6030818642550688,0.6230312254557664,-0.9970959595959573
OOS,ONDO/USDT,limit,8.663792806049495,18.97244805914795,3580906.09786,1.6030818642550688,0.6230312254557664,8.663792806049495
OOS,ONDO/USDT,limit,-12.810233423305464,13.81479352106151,3580906.09786,1.6030818642550688,0.6230312254557664,-12.810233423305464
OOS,ONDO/USDT,limit,-8.293227385827398,24.179755527567522,3580906.09786,1.6030818642550688,0.6230312254557664,-8.293227385827398
OOS,ONDO/USDT,limit,10.47061606995224,8.37521762812094,3580906.09786,1.6030818642550688,0.6230312254557664,10.47061606995224
OOS,ONDO/USDT,limit,5.478834454739382,8.250710846719143,3580906.09786,1.6030818642550688,0.6230312254557664,5.478834454739382
OOS,ONDO/USDT,limit,10.256137532366752,12.010368640383211,3580906.09786,1.6030818642550688,0.6230312254557664,6.66768011946583
OOS,ONDO/USDT,limit,-6.6522686060880805,9.083758210005414,3580906.09786,1.6030818642550688,0.6230312254557664,-6.6522686060880805
OOS,ONDO/USDT,limit,10.902921837747963,8.705829516323476,3580906.09786,1.6030818642550688,0.6230312254557664,2.8525875887613243
OOS,ONDO/USDT,limit,8.887577371543005,7.1645666209706995,3580906.09786,1.6030818642550688,0.6230312254557664,2.8922038126597633
OOS,ONDO/USDT,limit,-9.055642234835869,15.793693805046072,3580906.09786,1.6030818642550688,0.6230312254557664,-9.055642234835869
OOS,ONDO/USDT,limit,2.915893695415676,9.465854926639853,3580906.09786,1.6030818642550688,0.6230312254557664,2.915893695415676
OOS,ONDO/USDT,limit,-3.4959060681873484,14.276791789221575,3580906.09786,1.6030818642550688,0.6230312254557664,-3.4959060681873484
OOS,ONDO/USDT,limit,-4.4536861872986035,4.103686187298604,3580906.09786,1.6030818642550688,0.6230312254557664,-4.4536861872986035
OOS,ALT/USDT,limit,-0.37465309241854994,24.78320382850833,500730.02040000004,1.7475945919250737,0.5186682490980052,-0.37465309241854994
OOS,ALT/USDT,limit,12.000105140599853,18.077727080648014,500730.02040000004,1.7475945919250737,0.5186682490980052,6.334455141974449
OOS,ALT/USDT,limit,24.465444200900144,19.077958368857203,500730.02040000004,1.7475945919250737,0.5186682490980052,24.465444200900144
OOS,ALT/USDT,limit,7.937483720064844,15.091187571432366,500730.02040000004,1.7475945919250737,0.5186682490980052,10.619453525768812
OOS,ALT/USDT,limit,-11.73899610260391,11.38899610260391,500730.02040000004,1.7475945919250737,0.5186682490980052,-11.73899610260391
OOS,ALT/USDT,limit,-8.967540874176164,8.617540874176164,500730.02040000004,1.7475945919250737,0.5186682490980052,2.8778611923319355
OOS,ALT/USDT,limit,18.92267590422299,14.839048715217176,500730.02040000004,1.7475945919250737,0.5186682490980052,18.92267590422299
OOS,ALT/USDT,limit,8.40520019659815,22.24995172813284,500730.02040000004,1.7475945919250737,0.5186682490980052,8.40520019659815
OOS,ALT/USDT,limit,12.865758770763733,10.206936540564353,500730.02040000004,1.7475945919250737,0.5186682490980052,6.037530530730411
OOS,ALT/USDT,limit,-12.845232965000422,12.495232965000422,500730.02040000004,1.7475945919250737,0.5186682490980052,-12.845232965000422
OOS,ALT/USDT,limit,1.8193911928582631,14.312423703036862,500730.02040000004,1.7475945919250737,0.5186682490980052,8.309287599484433
OOS,ALT/USDT,limit,5.257150925254261,15.878971679874857,500730.02040000004,1.7475945919250737,0.5186682490980052,5.257150925254261
OOS,ALT/USDT,limit,2.01772152289085,8.472175109011387,500730.02040000004,1.7475945919250737,0.5186682490980052,2.691803637619585
OOS,ALT/USDT,limit,-5.231121581711296,4.881121581711296,500730.02040000004,1.7475945919250737,0.5186682490980052,-5.231121581711296
OOS,ALT/USDT,limit,-7.564716779652772,7.214716779652773,500730.02040000004,1.7475945919250737,0.5186682490980052,-7.564716779652772
OOS,ALT/USDT,limit,8.479242450997713,6.852286773794809,500730.02040000004,1.7475945919250737,0.5186682490980052,8.479242450997713
OOS,ALT/USDT,limit,7.731749834992405,6.280631330808135,500730.02040000004,1.7475945919250737,0.5186682490980052,7.731749834992405
OOS,ALT/USDT,limit,0.6170241261185797,8.096073479786345,500730.02040000004,1.7475945919250737,0.5186682490980052,0.6170241261185797
OOS,LSK/USDT,limit,-3.989536686827374,5.201188429898726,101874.94125,1.2106446206424533,0.5477845065163528,-3.989536686827374
OOS,LSK/USDT,limit,-9.083990293999772,8.733990293999772,101874.94125,1.2106446206424533,0.5477845065163528,4.418888855908955
OOS,LSK/USDT,limit,10.382573263934347,8.307885659619473,101874.94125,1.2106446206424533,0.5477845065163528,10.382573263934347
OOS,LSK/USDT,limit,-11.38234218088609,11.03234218088609,101874.94125,1.2106446206424533,0.5477845065163528,-11.38234218088609
OOS,LSK/USDT,limit,9.655101278495206,7.751541274147112,101874.94125,1.2106446206424533,0.5477845065163528,9.655101278495206
OOS,LSK/USDT,limit,18.870096838739556,14.798838138781795,101874.94125,1.2106446206424533,0.5477845065163528,6.436995928564048
OOS,LSK/USDT,limit,-4.973542958571555,4.623542958571555,101874.94125,1.2106446206424533,0.5477845065163528,-4.973542958571555
OOS,LSK/USDT,limit,8.954672799265714,7.215878788657641,101874.94125,1.2106446206424533,0.5477845065163528,8.954672799265714
OOS,LSK/USDT,limit,-8.801060929787065,8.451060929787065,101874.94125,1.2106446206424533,0.5477845065163528,-8.801060929787065
OOS,LSK/USDT,limit,-5.769080726149091,5.419080726149091,101874.94125,1.2106446206424533,0.5477845065163528,-5.769080726149091
OOS,LSK/USDT,limit,-0.626575391988415,7.562353434237735,101874.94125,1.2106446206424533,0.5477845065163528,-0.626575391988415
OOS,LSK/USDT,limit,-4.698391922526003,4.3483919225260035,101874.94125,1.2106446206424533,0.5477845065163528,-4.698391922526003
OOS,LSK/USDT,limit,-0.7763648242965125,6.4774042055225785,101874.94125,1.2106446206424533,0.5477845065163528,1.492434363705831
OOS,LSK/USDT,limit,-7.306666955671853,6.956666955671853,101874.94125,1.2106446206424533,0.5477845065163528,2.9008157828362413
OOS,LSK/USDT,limit,-0.13728926760401816,3.610068308000062,101874.94125,1.2106446206424533,0.5477845065163528,0.951112299871497
OOS,PIXEL/USDT,limit,11.803037704914999,9.394205727361609,393179.87580000004,1.8482441555982232,0.5420038121715175,3.99367127095821
OOS,PIXEL/USDT,limit,-0.6926658016557601,19.03907378784314,393179.87580000004,1.8482441555982232,0.5420038121715175,-0.6926658016557601
OOS,PIXEL/USDT,limit,2.8406846946733437,11.866760784387392,393179.87580000004,1.8482441555982232,0.5420038121715175,2.8406846946733437
OOS,PIXEL/USDT,limit,8.865611890899297,20.387245927416462,393179.87580000004,1.8482441555982232,0.5420038121715175,9.46275462237544
OOS,PIXEL/USDT,limit,9.718895849309964,10.522401160480815,393179.87580000004,1.8482441555982232,0.5420038121715175,6.93141659968032
OOS,PIXEL/USDT,limit,-6.771649668082493,6.421649668082494,393179.87580000004,1.8482441555982232,0.5420038121715175,-6.771649668082493
OOS,PIXEL/USDT,limit,-6.613759038364104,6.263759038364104,393179.87580000004,1.8482441555982232,0.5420038121715175,-6.613759038364104
OOS,PIXEL/USDT,limit,4.498138977887033,19.086879153766294,393179.87580000004,1.8482441555982232,0.5420038121715175,4.498138977887033
OOS,PIXEL/USDT,limit,7.567739171744725,6.155201879940186,393179.87580000004,1.8482441555982232,0.5420038121715175,2.859784234137997
OOS,PIXEL/USDT,limit,-8.052989714946765,7.7029897149467645,393179.87580000004,1.8482441555982232,0.5420038121715175,-8.052989714946765
OOS,PIXEL/USDT,limit,4.36602800583738,13.389137665636847,393179.87580000004,1.8482441555982232,0.5420038121715175,3.1162644377227062
OOS,STRK/USDT,limit,-9.881106548324375,17.26127913651337,945959.13,1.6280569230047255,0.5768541854482496,-9.881106548324375
OOS,STRK/USDT,limit,7.6302803714181,21.805236112106375,945959.13,1.6280569230047255,0.5768541854482496,15.362160243625365
OOS,STRK/USDT,limit,2.9625095187565296,24.35176602443829,945959.13,1.6280569230047255,0.5768541854482496,2.9625095187565296
OOS,STRK/USDT,limit,6.3542102440332515,5.2271386430678355,945959.13,1.6280569230047255,0.5768541854482496,6.3542102440332515
OOS,STRK/USDT,limit,1.305448266140396,12.691210221666175,945959.13,1.6280569230047255,0.5768541854482496,1.305448266140396
OOS,STRK/USDT,limit,-1.2492349479307594,16.29444021628602,945959.13,1.6280569230047255,0.5768541854482496,-1.2492349479307594
OOS,STRK/USDT,limit,4.592965779467674,10.971027060680854,945959.13,1.6280569230047255,0.5768541854482496,3.782479487692622
OOS,STRK/USDT,limit,10.88775222893577,8.694228345609814,945959.13,1.6280569230047255,0.5768541854482496,10.88775222893577
OOS,STRK/USDT,limit,9.432098888598091,7.580997074439811,945959.13,1.6280569230047255,0.5768541854482496,9.432098888598091
OOS,STRK/USDT,limit,-13.499612865168352,13.149612865168352,945959.13,1.6280569230047255,0.5768541854482496,-13.499612865168352
OOS,STRK/USDT,limit,-5.050428695596654,4.7004286955966545,945959.13,1.6280569230047255,0.5768541854482496,-5.050428695596654
OOS,STRK/USDT,limit,7.5822891637162515,15.47583437129153,945959.13,1.6280569230047255,0.5768541854482496,8.471950119160885
OOS,STRK/USDT,limit,-3.0824180733271627,13.864788083538079,945959.13,1.6280569230047255,0.5768541854482496,-3.0824180733271627
OOS,PORTAL/USDT,limit,28.12833043748686,21.879201898694202,312141.967514,1.8997751017188491,0.45257232608146214,13.660540279570085
OOS,PORTAL/USDT,limit,13.092635128980413,23.636340120256154,312141.967514,1.8997751017188491,0.45257232608146214,11.235576160310874
OOS,PORTAL/USDT,limit,-10.714316053749341,10.364316053749342,312141.967514,1.8997751017188491,0.45257232608146214,-10.714316053749341
OOS,PORTAL/USDT,limit,-7.580937051660542,24.69624076643068,312141.967514,1.8997751017188491,0.45257232608146214,-7.580937051660542
OOS,PORTAL/USDT,limit,-11.691061474622071,11.341061474622071,312141.967514,1.8997751017188491,0.45257232608146214,-11.691061474622071
OOS,PORTAL/USDT,limit,-2.053563417055854,14.68909737800168,312141.967514,1.8997751017188491,0.45257232608146214,-2.053563417055854
OOS,PORTAL/USDT,limit,-18.443495515926166,18.093495515926165,312141.967514,1.8997751017188491,0.45257232608146214,-18.443495515926166
OOS,PORTAL/USDT,limit,-6.826575918353293,17.725739139083224,312141.967514,1.8997751017188491,0.45257232608146214,-6.826575918353293
OOS,PORTAL/USDT,limit,11.047837667368245,8.816655925847202,312141.967514,1.8997751017188491,0.45257232608146214,-0.24514846326297526
OOS,PORTAL/USDT,limit,-9.60752616139832,9.25752616139832,312141.967514,1.8997751017188491,0.45257232608146214,-9.60752616139832
OOS,PORTAL/USDT,limit,6.794534335176214,17.278054090976998,312141.967514,1.8997751017188491,0.45257232608146214,6.798803551988398
OOS,PORTAL/USDT,limit,7.350600646850446,5.989142153087932,312141.967514,1.8997751017188491,0.45257232608146214,7.350600646850446
OOS,VANRY/USDT,limit,8.674199888577748,7.001383203588259,270435.7648,1.8001512862771278,0.5614131535517365,2.219266214881022
OOS,VANRY/USDT,limit,-9.849978956450357,9.499978956450358,270435.7648,1.8001512862771278,0.5614131535517365,-9.849978956450357
OOS,VANRY/USDT,limit,15.781364449098591,12.436686801550415,270435.7648,1.8001512862771278,0.5614131535517365,4.972930134999305
OOS,VANRY/USDT,limit,-12.603487685735562,12.253487685735562,270435.7648,1.8001512862771278,0.5614131535517365,-12.603487685735562
OOS,VANRY/USDT,limit,8.099905891977308,6.562183829572126,270435.7648,1.8001512862771278,0.5614131535517365,8.099905891977308
OOS,VANRY/USDT,limit,7.287197771617098,22.892763022749065,270435.7648,1.8001512862771278,0.5614131535517365,7.287197771617098
OOS,VANRY/USDT,limit,7.601704530688833,16.09891423552097,270435.7648,1.8001512862771278,0.5614131535517365,11.671840030353593
OOS,VANRY/USDT,limit,-3.469353515646643,22.141507133276402,270435.7648,1.8001512862771278,0.5614131535517365,-3.469353515646643
OOS,VANRY/USDT,limit,11.551560995936603,9.201885393496449,270435.7648,1.8001512862771278,0.5614131535517365,2.9150142993326864
OOS,VANRY/USDT,limit,3.254509688421996,13.968568253666083,270435.7648,1.8001512862771278,0.5614131535517365,3.254509688421996
OOS,VANRY/USDT,limit,-7.043735682425125,6.6937356824251255,270435.7648,1.8001512862771278,0.5614131535517365,-7.043735682425125
OOS,VANRY/USDT,limit,0.247580637273899,6.241964109049611,270435.7648,1.8001512862771278,0.5614131535517365,0.247580637273899
OOS,VANRY/USDT,limit,4.0243757377644584,5.277144057023505,270435.7648,1.8001512862771278,0.5614131535517365,2.467976482339065
OOS,ETHFI/USDT,limit,7.329065853526124,12.339420954052716,2092242.3249,1.8469074238237324,0.608621758249645,5.255450017191792
OOS,ETHFI/USDT,limit,6.776715537672936,23.7626081684396,2092242.3249,1.8469074238237324,0.608621758249645,6.776715537672936
OOS,ETHFI/USDT,limit,-11.47428158668278,11.12428158668278,2092242.3249,1.8469074238237324,0.608621758249645,-11.47428158668278
OOS,ETHFI/USDT,limit,24.20360868502294,18.87771599239288,2092242.3249,1.8469074238237324,0.608621758249645,11.935198878503098
OOS,ETHFI/USDT,limit,12.687482142010557,10.07059699285255,2092242.3249,1.8469074238237324,0.608621758249645,7.192587339337079
OOS,ETHFI/USDT,limit,-5.065758834282873,9.262020126723817,2092242.3249,1.8469074238237324,0.608621758249645,-5.065758834282873
OOS,ETHFI/USDT,limit,13.090174545682874,10.378561646254617,2092242.3249,1.8469074238237324,0.608621758249645,3.2258810672087255
OOS,ETHFI/USDT,limit,7.96388711826085,14.67688263417886,2092242.3249,1.8469074238237324,0.608621758249645,7.96388711826085
OOS,ETHFI/USDT,limit,-8.101108216234897,7.751108216234896,2092242.3249,1.8469074238237324,0.608621758249645,-8.101108216234897
OOS,ETHFI/USDT,limit,9.280241639427134,12.95413785810455,2092242.3249,1.8469074238237324,0.608621758249645,9.280241639427134
OOS,ETHFI/USDT,limit,-9.38155201023315,9.03155201023315,2092242.3249,1.8469074238237324,0.608621758249645,-9.38155201023315
OOS,ETHFI/USDT,limit,-7.715576000572773,7.365576000572774,2092242.3249,1.8469074238237324,0.608621758249645,-7.715576000572773
OOS,ENA/USDT,limit,17.673818493961893,19.12123338198701,8337854.405,1.937907742977063,0.5742150427501814,18.1563979209013
OOS,ENA/USDT,limit,7.695384272945509,15.854896405692703,8337854.405,1.937907742977063,0.5742150427501814,4.680062187104381
OOS,ENA/USDT,limit,7.346202133185044,14.945345658868767,8337854.405,1.937907742977063,0.5742150427501814,9.814074509330721
OOS,ENA/USDT,limit,-3.9485809992182443,11.652290303390819,8337854.405,1.937907742977063,0.5742150427501814,-3.9485809992182443
OOS,ENA/USDT,limit,12.672830193701124,10.059391710255648,8337854.405,1.937907742977063,0.5742150427501814,5.861636516649581
OOS,ENA/USDT,limit,2.067122393427682,7.620923477934189,8337854.405,1.937907742977063,0.5742150427501814,2.067122393427682
OOS,TNSR/USDT,limit,3.5416748492074674,22.476909892691804,285515.71453,1.814159928351475,0.4132457811741521,3.5416748492074674
OOS,TNSR/USDT,limit,-10.151680692977793,9.801680692977794,285515.71453,1.814159928351475,0.4132457811741521,-10.151680692977793
OOS,TNSR/USDT,limit,-7.925275146195405,7.5752751461954055,285515.71453,1.814159928351475,0.4132457811741521,-7.925275146195405
OOS,TNSR/USDT,limit,-9.415113189360971,9.065113189360972,285515.71453,1.814159928351475,0.4132457811741521,-9.415113189360971
OOS,TNSR/USDT,limit,-10.895646554021628,10.545646554021628,285515.71453,1.814159928351475,0.4132457811741521,-10.895646554021628
OOS,TNSR/USDT,limit,10.638993561074649,17.080201097471985,285515.71453,1.814159928351475,0.4132457811741521,10.638993561074649
OOS,TNSR/USDT,limit,7.863286608858397,6.3812259201369725,285515.71453,1.814159928351475,0.4132457811741521,7.863286608858397
OOS,TNSR/USDT,limit,-3.406462103749687,11.226664308373454,285515.71453,1.814159928351475,0.4132457811741521,-3.406462103749687
OOS,TNSR/USDT,limit,6.4979208707037195,5.337043356762864,285515.71453,1.814159928351475,0.4132457811741521,6.4979208707037195
OOS,TNSR/USDT,limit,0.6749417146878834,22.685880259623843,285515.71453,1.814159928351475,0.4132457811741521,0.6749417146878834
OOS,TNSR/USDT,limit,8.949558163263028,15.765690339202887,285515.71453,1.814159928351475,0.4132457811741521,7.983537990740567
OOS,TNSR/USDT,limit,-3.776022098458096,3.426022098458096,285515.71453,1.814159928351475,0.4132457811741521,-3.776022098458096
OOS,binance:CFX/USDT,limit,-11.229110761522389,10.879110761522389,272242.039,1.5129928591487614,0.5698473430746245,-11.229110761522389
OOS,binance:CFX/USDT,limit,19.548621758619248,15.317749570608683,272242.039,1.5129928591487614,0.5698473430746245,19.548621758619248
OOS,binance:CFX/USDT,limit,-6.27236556074265,5.922365560742651,272242.039,1.5129928591487614,0.5698473430746245,-6.27236556074265
OOS,binance:CFX/USDT,limit,-0.9868549563767398,6.931706518178831,272242.039,1.5129928591487614,0.5698473430746245,-0.9868549563767398
OOS,binance:CFX/USDT,limit,8.795261473917908,11.881973522041813,272242.039,1.5129928591487614,0.5698473430746245,8.795261473917908
OOS,binance:CFX/USDT,limit,-1.536333339603575,13.526755202748861,272242.039,1.5129928591487614,0.5698473430746245,-1.536333339603575
OOS,binance:CFX/USDT,limit,-9.019032290618526,8.669032290618526,272242.039,1.5129928591487614,0.5698473430746245,-9.019032290618526
OOS,binance:CFX/USDT,limit,-7.8191992488088236,7.469199248808824,272242.039,1.5129928591487614,0.5698473430746245,-7.8191992488088236
OOS,binance:CFX/USDT,limit,-14.956931873611184,14.606931873611185,272242.039,1.5129928591487614,0.5698473430746245,-14.956931873611184
OOS,binance:CFX/USDT,limit,6.185541840394399,13.749519476514527,272242.039,1.5129928591487614,0.5698473430746245,7.043513883432411
OOS,binance:CFX/USDT,limit,4.713985776060767,4.506579669425107,272242.039,1.5129928591487614,0.5698473430746245,0.499210878679468
OOS,binance:CFX/USDT,limit,-13.563328160397939,13.21332816039794,272242.039,1.5129928591487614,0.5698473430746245,-13.563328160397939
OOS,binance:CFX/USDT,limit,-5.8376071763095325,6.212904838244814,272242.039,1.5129928591487614,0.5698473430746245,-5.8376071763095325
OOS,binance:CFX/USDT,limit,5.435825279097192,4.524790883743482,272242.039,1.5129928591487614,0.5698473430746245,-2.3007415040206802
OOS,binance:CFX/USDT,limit,-8.653492443545082,8.303492443545082,272242.039,1.5129928591487614,0.5698473430746245,-8.653492443545082
OOS,binance:CFX/USDT,limit,0.971033737761328,12.397404110982208,272242.039,1.5129928591487614,0.5698473430746245,0.971033737761328
OOS,binance:CFX/USDT,limit,2.2732584544300503,15.627192947873858,272242.039,1.5129928591487614,0.5698473430746245,2.2732584544300503
OOS,binance:DCR/USDT,limit,-7.050193640277159,6.700193640277159,22365.00963,1.4951995275508831,0.3702465608307278,-7.050193640277159
OOS,binance:DCR/USDT,limit,2.0915631345962566,7.534633981562573,22365.00963,1.4951995275508831,0.3702465608307278,2.0915631345962566
OOS,binance:DCR/USDT,limit,3.1051016735648607,10.421630376102216,22365.00963,1.4951995275508831,0.3702465608307278,3.1051016735648607
OOS,binance:DCR/USDT,limit,1.1979917808126896,10.837708043974667,22365.00963,1.4951995275508831,0.3702465608307278,1.1979917808126896
OOS,binance:DCR/USDT,limit,10.044730256749839,8.049515490073016,22365.00963,1.4951995275508831,0.3702465608307278,6.3892501164594835
OOS,binance:DCR/USDT,limit,-3.0233727486041992,15.88046001660725,22365.00963,1.4951995275508831,0.3702465608307278,6.421455430904026
OOS,binance:DCR/USDT,limit,4.423611833934114,8.58514180989205,22365.00963,1.4951995275508831,0.3702465608307278,4.967591578570953
OOS,binance:DCR/USDT,limit,-2.216317611789054,13.151223099551004,22365.00963,1.4951995275508831,0.3702465608307278,-2.216317611789054
OOS,binance:DCR/USDT,limit,-11.317255014887483,10.967255014887483,22365.00963,1.4951995275508831,0.3702465608307278,-11.317255014887483
OOS,binance:DCR/USDT,limit,4.812600375349973,10.099836938128776,22365.00963,1.4951995275508831,0.3702465608307278,2.0230117219949175
OOS,binance:DCR/USDT,limit,-4.7491074274784815,8.226277760067996,22365.00963,1.4951995275508831,0.3702465608307278,4.652855700775705
OOS,binance:DCR/USDT,limit,-5.041907259393296,4.691907259393297,22365.00963,1.4951995275508831,0.3702465608307278,-5.041907259393296
OOS,binance:DCR/USDT,limit,-1.7768159815329834,11.799340321481349,22365.00963,1.4951995275508831,0.3702465608307278,-1.7768159815329834
OOS,binance:DCR/USDT,limit,-1.7658260395416026,5.222680010153321,22365.00963,1.4951995275508831,0.3702465608307278,-1.7658260395416026
OOS,binance:DCR/USDT,limit,3.1516416170699677,2.7779294496368836,22365.00963,1.4951995275508831,0.3702465608307278,-0.2762874764677676
OOS,binance:DOGE/USDT,limit,-8.328910907459596,7.978910907459595,5985342.69974,1.301341660813884,0.7214831558378201,-8.328910907459596
OOS,binance:DOGE/USDT,limit,6.61074463779846,18.153918791312538,5985342.69974,1.301341660813884,0.7214831558378201,6.61074463779846
OOS,binance:DOGE/USDT,limit,4.69658551823229,3.9594469272653914,5985342.69974,1.301341660813884,0.7214831558378201,4.69658551823229
OOS,binance:DOGE/USDT,limit,-6.778605883986948,6.428605883986949,5985342.69974,1.301341660813884,0.7214831558378201,-6.778605883986948
OOS,binance:DOGE/USDT,limit,-5.391420762266383,5.041420762266383,5985342.69974,1.301341660813884,0.7214831558378201,-5.391420762266383
OOS,binance:DOGE/USDT,limit,-6.656438628013322,19.96824473037007,5985342.69974,1.301341660813884,0.7214831558378201,-6.656438628013322
OOS,binance:DOGE/USDT,limit,-2.5570178770447027,16.439559396068734,5985342.69974,1.301341660813884,0.7214831558378201,-2.5570178770447027
OOS,binance:DOGE/USDT,limit,3.2388954638101226,13.42006223415821,5985342.69974,1.301341660813884,0.7214831558378201,3.2388954638101226
OOS,binance:DOGE/USDT,limit,-9.126812702703463,8.776812702703463,5985342.69974,1.301341660813884,0.7214831558378201,-9.126812702703463
OOS,binance:DOGE/USDT,limit,-0.6101902111728339,8.062864426483095,5985342.69974,1.301341660813884,0.7214831558378201,-0.6101902111728339
OOS,binance:DOGE/USDT,limit,-10.380536591228234,10.030536591228234,5985342.69974,1.301341660813884,0.7214831558378201,-10.380536591228234
OOS,binance:DOGE/USDT,limit,8.2875213929309,6.705665410543389,5985342.69974,1.301341660813884,0.7214831558378201,8.2875213929309
OOS,binance:DOGE/USDT,limit,-4.798018927605012,4.448018927605013,5985342.69974,1.301341660813884,0.7214831558378201,-4.798018927605012
OOS,binance:DOGE/USDT,limit,-10.844429315793228,14.945980260895315,5985342.69974,1.301341660813884,0.7214831558378201,-10.844429315793228
OOS,binance:ICP/USDT,limit,4.512260016309333,17.487474369859246,571700.04437,1.4358817313267254,0.6000245397574987,4.512260016309333
OOS,binance:ICP/USDT,limit,7.968068056953284,14.066397001181121,571700.04437,1.4358817313267254,0.6000245397574987,7.968068056953284
OOS,binance:ICP/USDT,limit,7.981422491486219,13.997293169856487,571700.04437,1.4358817313267254,0.6000245397574987,7.101132552161847
OOS,binance:ICP/USDT,limit,-10.706561587910631,10.356561587910631,571700.04437,1.4358817313267254,0.6000245397574987,-10.706561587910631
OOS,binance:ICP/USDT,limit,-6.861076367330219,10.570750293052548,571700.04437,1.4358817313267254,0.6000245397574987,-6.861076367330219
OOS,binance:ICP/USDT,limit,-11.886340938048134,11.536340938048134,571700.04437,1.4358817313267254,0.6000245397574987,-11.886340938048134
OOS,binance:ICP/USDT,limit,-13.360208630355007,13.010208630355008,571700.04437,1.4358817313267254,0.6000245397574987,-13.360208630355007
OOS,binance:ICP/USDT,limit,-7.68354273219256,7.33354273219256,571700.04437,1.4358817313267254,0.6000245397574987,2.7638921581379283
OOS,binance:ICP/USDT,limit,10.40274936064413,8.323315612043626,571700.04437,1.4358817313267254,0.6000245397574987,10.40274936064413
OOS,binance:ICP/USDT,limit,0.8504541080732378,12.764607440213377,571700.04437,1.4358817313267254,0.6000245397574987,0.8504541080732378
OOS,binance:ICP/USDT,limit,8.825046221487769,10.31546390121581,571700.04437,1.4358817313267254,0.6000245397574987,6.484721595987895
OOS,binance:ICP/USDT,limit,6.718213911023852,5.505515543450226,571700.04437,1.4358817313267254,0.6000245397574987,6.718213911023852
OOS,binance:ICP/USDT,limit,-1.6260677574508589,11.620363602654093,571700.04437,1.4358817313267254,0.6000245397574987,-1.6260677574508589
OOS,binance:ICP/USDT,limit,5.536512364277576,11.30927630267223,571700.04437,1.4358817313267254,0.6000245397574987,7.427083523265067
OOS,binance:ICP/USDT,limit,-1.1299979864630734,4.391470360571619,571700.04437,1.4358817313267254,0.6000245397574987,3.0027039985212323
OOS,binance:ICP/USDT,limit,6.664999099032059,5.464818770972147,571700.04437,1.4358817313267254,0.6000245397574987,2.0148391211931798
OOS,binance:ICP/USDT,limit,-9.574615267747864,9.224615267747865,571700.04437,1.4358817313267254,0.6000245397574987,-9.574615267747864
OOS,binance:LUNC/USDT,limit,-0.8831628180268584,14.729550559722075,195866.62565384738,1.3577974819572676,0.5344636565575355,-0.8831628180268584
OOS,binance:LUNC/USDT,limit,16.881599271589288,13.278106785337695,195866.62565384738,1.3577974819572676,0.5344636565575355,16.881599271589288
OOS,binance:LUNC/USDT,limit,7.19177992162705,5.867681779983169,195866.62565384738,1.3577974819572676,0.5344636565575355,-0.825309136019839
OOS,binance:LUNC/USDT,limit,-5.009667418263801,4.659667418263801,195866.62565384738,1.3577974819572676,0.5344636565575355,-5.009667418263801
OOS,binance:LUNC/USDT,limit,0.19541631681766436,9.763815379988216,195866.62565384738,1.3577974819572676,0.5344636565575355,4.056751261661056
OOS,binance:LUNC/USDT,limit,-1.571008042834984,14.123796919313813,195866.62565384738,1.3577974819572676,0.5344636565575355,-1.571008042834984
OOS,binance:LUNC/USDT,limit,8.549964400142398,6.906372374510485,195866.62565384738,1.3577974819572676,0.5344636565575355,8.549964400142398
OOS,binance:LUNC/USDT,limit,-7.277181165375271,6.927181165375272,195866.62565384738,1.3577974819572676,0.5344636565575355,-7.277181165375271
OOS,binance:LUNC/USDT,limit,-8.72616572535601,13.581052835652699,195866.62565384738,1.3577974819572676,0.5344636565575355,-8.72616572535601
OOS,binance:LUNC/USDT,limit,-8.334622032055453,9.318249346704805,195866.62565384738,1.3577974819572676,0.5344636565575355,-8.334622032055453
OOS,binance:LUNC/USDT,limit,11.380801528854324,11.176513374082402,195866.62565384738,1.3577974819572676,0.5344636565575355,8.278295595467737
OOS,binance:LUNC/USDT,limit,10.126904277165181,8.112359222621942,195866.62565384738,1.3577974819572676,0.5344636565575355,10.126904277165181
OOS,binance:LUNC/USDT,limit,0.5615880556820453,5.876078999653552,195866.62565384738,1.3577974819572676,0.5344636565575355,2.8082570826522306
OOS,binance:LUNC/USDT,limit,-9.729054726156962,9.379054726156962,195866.62565384738,1.3577974819572676,0.5344636565575355,-9.729054726156962
OOS,binance:LUNC/USDT,limit,-0.43315595211523256,9.753693022521501,195866.62565384738,1.3577974819572676,0.5344636565575355,-0.43315595211523256
OOS,binance:LUNC/USDT,limit,-0.8407078722071422,9.082663395280848,195866.62565384738,1.3577974819572676,0.5344636565575355,-0.8407078722071422
OOS,binance:LUNC/USDT,limit,-2.9025180268451134,2.5525180268451133,195866.62565384738,1.3577974819572676,0.5344636565575355,-2.9025180268451134
OOS,binance:LUNC/USDT,limit,-10.695396816476757,10.345396816476757,195866.62565384738,1.3577974819572676,0.5344636565575355,-10.695396816476757
OOS,binance:LUNC/USDT,limit,11.283186111730666,8.996641943551586,195866.62565384738,1.3577974819572676,0.5344636565575355,11.283186111730666
OOS,binance:SOL/USDT,limit,-22.699495479897255,22.349495479897254,19264143.7794,1.2162518264288842,0.7571481602258666,-22.699495479897255
OOS,binance:SOL/USDT,limit,3.3770029464888984,8.117729660632854,19264143.7794,1.2162518264288842,0.7571481602258666,2.2411892816906085
OOS,binance:SOL/USDT,limit,-10.073485899890805,9.723485899890806,19264143.7794,1.2162518264288842,0.7571481602258666,-10.073485899890805
OOS,binance:SOL/USDT,limit,-5.4926155304069715,5.142615530406972,19264143.7794,1.2162518264288842,0.7571481602258666,-5.4926155304069715
OOS,binance:SOL/USDT,limit,5.363235807008277,11.058852429683268,19264143.7794,1.2162518264288842,0.7571481602258666,5.363235807008277
OOS,binance:SOL/USDT,limit,3.8081927516935825,10.729958886271513,19264143.7794,1.2162518264288842,0.7571481602258666,6.1215934861808385
OOS,binance:SOL/USDT,limit,5.333197485197973,4.446304841569932,19264143.7794,1.2162518264288842,0.7571481602258666,5.333197485197973
OOS,binance:SOL/USDT,limit,-7.512811127917372,7.162811127917372,19264143.7794,1.2162518264288842,0.7571481602258666,-7.512811127917372
OOS,binance:SOL/USDT,limit,-12.3798810830446,12.0298810830446,19264143.7794,1.2162518264288842,0.7571481602258666,-12.3798810830446
OOS,binance:SOL/USDT,limit,-7.425336971280584,7.075336971280584,19264143.7794,1.2162518264288842,0.7571481602258666,-7.425336971280584
OOS,binance:SOL/USDT,limit,-3.1315855527930494,12.621751579026128,19264143.7794,1.2162518264288842,0.7571481602258666,6.403728604468815
OOS,binance:SOL/USDT,limit,-13.492899182707108,13.142899182707108,19264143.7794,1.2162518264288842,0.7571481602258666,-13.492899182707108
OOS,BB/USDT,limit,1.5204914487758012,12.931599683297556,430333.8859,1.9238963658337531,0.5526375859339698,1.5204914487758012
OOS,BB/USDT,limit,13.827896696068834,10.942744988872363,430333.8859,1.9238963658337531,0.5526375859339698,13.827896696068834
OOS,BB/USDT,limit,-11.822483373212487,11.472483373212487,430333.8859,1.9238963658337531,0.5526375859339698,4.241678128002729
OOS,BB/USDT,limit,-7.028267470376463,6.678267470376463,430333.8859,1.9238963658337531,0.5526375859339698,-0.16813411090623734
OOS,BB/USDT,limit,13.870815568735269,10.975567797608248,430333.8859,1.9238963658337531,0.5526375859339698,13.870815568735269
OOS,BB/USDT,limit,0.29310046587642,21.581621891946376,430333.8859,1.9238963658337531,0.5526375859339698,0.29310046587642
OOS,BB/USDT,limit,-19.217531134323433,18.867531134323432,430333.8859,1.9238963658337531,0.5526375859339698,-19.217531134323433
OOS,BB/USDT,limit,-2.155276043301126,13.143899550946776,430333.8859,1.9238963658337531,0.5526375859339698,-2.155276043301126
OOS,BB/USDT,limit,-8.710400150012193,8.360400150012193,430333.8859,1.9238963658337531,0.5526375859339698,0.00020123871507476965
OOS,BB/USDT,limit,-12.355106920319713,20.745990123980267,430333.8859,1.9238963658337531,0.5526375859339698,-12.355106920319713
OOS,BB/USDT,limit,12.106548969500023,16.25804252793188,430333.8859,1.9238963658337531,0.5526375859339698,13.07646903469545
OOS,BB/USDT,limit,3.9197157245694725,10.998466864992716,430333.8859,1.9238963658337531,0.5526375859339698,3.9197157245694725
OOS,BB/USDT,limit,-5.287236888578035,4.9372368885780356,430333.8859,1.9238963658337531,0.5526375859339698,1.5202747740864093
OOS,BB/USDT,limit,-8.079384240124927,7.7293842401249275,430333.8859,1.9238963658337531,0.5526375859339698,-8.079384240124927
OOS,BB/USDT,limit,9.637657425264894,7.738200843175265,430333.8859,1.9238963658337531,0.5526375859339698,5.742407210514311
OOS,BB/USDT,limit,7.8132089919471674,6.342928361517483,430333.8859,1.9238963658337531,0.5526375859339698,1.1715378412643056
OOS,BB/USDT,limit,-2.7526933779948277,10.855380659954605,430333.8859,1.9238963658337531,0.5526375859339698,-2.7526933779948277
OOS,NOT/USDT,limit,12.886664403162243,15.155930232059253,716331.8680985,1.707884482363169,0.5060260877173006,6.201714185308089
OOS,NOT/USDT,limit,15.887494820339773,22.57384715562659,716331.8680985,1.707884482363169,0.5060260877173006,14.914902622387986
OOS,NOT/USDT,limit,2.7890888598022134,8.615451388888875,716331.8680985,1.707884482363169,0.5060260877173006,4.0570294320826115
OOS,NOT/USDT,limit,-0.7845245753321209,5.416305254551708,716331.8680985,1.707884482363169,0.5060260877173006,2.698156694459096
OOS,NOT/USDT,limit,-6.7878344997941396,6.43783449979414,716331.8680985,1.707884482363169,0.5060260877173006,-6.7878344997941396
OOS,NOT/USDT,limit,7.689150663732381,6.248053018198608,716331.8680985,1.707884482363169,0.5060260877173006,-1.945771406750862
OOS,NOT/USDT,limit,-9.568359175298749,9.21835917529875,716331.8680985,1.707884482363169,0.5060260877173006,1.6368262589594935
OOS,IO/USDT,limit,24.918356341397885,19.424329269072793,622755.618695,1.8901664145389954,0.5529483546281816,24.918356341397885
OOS,IO/USDT,limit,17.925104506160622,14.076142022549416,622755.618695,1.8901664145389954,0.5529483546281816,17.925104506160622
OOS,IO/USDT,limit,-7.6476630320151,19.26635889438971,622755.618695,1.8901664145389954,0.5529483546281816,-7.6476630320151
OOS,IO/USDT,limit,-12.805220892702225,12.455220892702226,622755.618695,1.8901664145389954,0.5529483546281816,-12.805220892702225
OOS,IO/USDT,limit,-9.07388774151777,8.723887741517771,622755.618695,1.8901664145389954,0.5529483546281816,-9.07388774151777
OOS,IO/USDT,limit,2.570388477313946,16.171156149519618,622755.618695,1.8901664145389954,0.5529483546281816,2.570388477313946
OOS,IO/USDT,limit,8.694292977238584,16.851059807411218,622755.618695,1.8901664145389954,0.5529483546281816,8.694292977238584
OOS,IO/USDT,limit,1.498280055420985,23.350203841591664,622755.618695,1.8901664145389954,0.5529483546281816,1.498280055420985
OOS,IO/USDT,limit,12.213650670811417,17.63144717075613,622755.618695,1.8901664145389954,0.5529483546281816,8.67603905858787
OOS,IO/USDT,limit,-8.164814042260275,24.626494023904367,622755.618695,1.8901664145389954,0.5529483546281816,-8.164814042260275
OOS,IO/USDT,limit,3.8656039506065123,9.343431589584762,622755.618695,1.8901664145389954,0.5529483546281816,3.8656039506065123
OOS,IO/USDT,limit,-0.2977066851098948,19.12847286651708,622755.618695,1.8901664145389954,0.5529483546281816,-0.2977066851098948
OOS,IO/USDT,limit,-6.688725810795209,13.064034066864153,622755.618695,1.8901664145389954,0.5529483546281816,2.471492805755409
OOS,ZK/USDT,limit,-9.82238221713394,9.47238221713394,578489.60745,1.6631829676637382,0.5729249025932345,-9.82238221713394
OOS,ZK/USDT,limit,-6.654532540790636,18.811504096841933,578489.60745,1.6631829676637382,0.5729249025932345,-6.654532540790636
OOS,ZK/USDT,limit,-9.203709120026089,8.853709120026089,578489.60745,1.6631829676637382,0.5729249025932345,-9.203709120026089
OOS,ZK/USDT,limit,0.5963597787218727,16.4330914161095,578489.60745,1.6631829676637382,0.5729249025932345,0.5963597787218727
OOS,ZK/USDT,limit,12.110715170435716,9.629506376603084,578489.60745,1.6631829676637382,0.5729249025932345,12.110715170435716
OOS,ZK/USDT,limit,6.049056278308862,4.9937678756245845,578489.60745,1.6631829676637382,0.5729249025932345,6.049056278308862
OOS,ZK/USDT,limit,3.1876785042557256,15.515449860655247,578489.60745,1.6631829676637382,0.5729249025932345,3.1876785042557256
OOS,ZK/USDT,limit,-5.557913528352547,12.489602757470523,578489.60745,1.6631829676637382,0.5729249025932345,3.499085286274815
OOS,ZK/USDT,limit,-16.259278537075684,15.909278537075682,578489.60745,1.6631829676637382,0.5729249025932345,-16.259278537075684
OOS,ZK/USDT,limit,5.12267931700963,4.2853081251935325,578489.60745,1.6631829676637382,0.5729249025932345,2.696730674768022
OOS,ZK/USDT,limit,-10.343636468818682,9.993636468818682,578489.60745,1.6631829676637382,0.5729249025932345,6.774262408885803
OOS,ZK/USDT,limit,-8.680742370611288,8.330742370611288,578489.60745,1.6631829676637382,0.5729249025932345,-8.680742370611288
OOS,ZK/USDT,limit,6.166513907591616,12.419186105439941,578489.60745,1.6631829676637382,0.5729249025932345,3.808340935088251
OOS,ZK/USDT,limit,-0.5527001185604538,5.949726546066465,578489.60745,1.6631829676637382,0.5729249025932345,-0.5527001185604538
OOS,ZK/USDT,limit,4.888298949721055,4.106062457984456,578489.60745,1.6631829676637382,0.5729249025932345,1.4429169467701812
OOS,MEW/USDT,limit,-13.872708862126666,13.522708862126667,317994.2824585,1.703275250544812,0.6397925654099149,-13.872708862126666
OOS,MEW/USDT,limit,-0.6668151583466141,9.376524406178454,317994.2824585,1.703275250544812,0.6397925654099149,1.9032465496154964
OOS,MEW/USDT,limit,1.4336746810452454,21.346656175544577,317994.2824585,1.703275250544812,0.6397925654099149,1.4336746810452454
OOS,MEW/USDT,limit,9.204710052900504,12.992211261631192,317994.2824585,1.703275250544812,0.6397925654099149,9.204710052900504
OOS,MEW/USDT,limit,2.0709275484270706,9.557205642387247,317994.2824585,1.703275250544812,0.6397925654099149,2.329053689100143
OOS,MEW/USDT,limit,-5.84369282231089,5.493692822310891,317994.2824585,1.703275250544812,0.6397925654099149,-5.84369282231089
OOS,MEW/USDT,limit,-7.998130479840769,7.648130479840769,317994.2824585,1.703275250544812,0.6397925654099149,-7.998130479840769
OOS,MEW/USDT,limit,5.091122858184476,14.040284360189576,317994.2824585,1.703275250544812,0.6397925654099149,6.551658767772517
OOS,MEW/USDT,limit,-2.174906924093659,21.66535207324392,317994.2824585,1.703275250544812,0.6397925654099149,-2.174906924093659
OOS,MEW/USDT,limit,1.407124867865845,6.282121403423738,317994.2824585,1.703275250544812,0.6397925654099149,1.5434263968396174
OOS,MEW/USDT,limit,14.19007135145522,15.109798941611624,317994.2824585,1.703275250544812,0.6397925654099149,10.213308614006849
OOS,MEW/USDT,limit,0.5660934547291402,15.424746530170289,317994.2824585,1.703275250544812,0.6397925654099149,0.5660934547291402
OOS,MEW/USDT,limit,-1.412578528354933,5.236970285483653,317994.2824585,1.703275250544812,0.6397925654099149,1.5832050494498873
OOS,LISTA/USDT,limit,-7.879996099087574,7.529996099087574,280748.19905,1.854591253001221,0.4830816449252684,-7.879996099087574
OOS,LISTA/USDT,limit,11.782453490547987,9.378463661245423,280748.19905,1.854591253001221,0.4830816449252684,0.7951288199235699
OOS,LISTA/USDT,limit,10.541413683929017,8.429361094576276,280748.19905,1.854591253001221,0.4830816449252684,2.9055352105385825
OOS,LISTA/USDT,limit,-10.318289678300783,13.702017414444029,280748.19905,1.854591253001221,0.4830816449252684,4.775776231319568
OOS,LISTA/USDT,limit,-21.032133665316604,20.682133665316602,280748.19905,1.854591253001221,0.4830816449252684,-21.032133665316604
OOS,LISTA/USDT,limit,-4.6190493336867755,24.27351800722963,280748.19905,1.854591253001221,0.4830816449252684,-4.6190493336867755
OOS,LISTA/USDT,limit,-12.557047428241422,12.207047428241422,280748.19905,1.854591253001221,0.4830816449252684,-12.557047428241422
OOS,LISTA/USDT,limit,-6.660112212129396,6.310112212129396,280748.19905,1.854591253001221,0.4830816449252684,-6.660112212129396
OOS,LISTA/USDT,limit,5.594122584637234,13.228198748358421,280748.19905,1.854591253001221,0.4830816449252684,6.480114590214017
OOS,LISTA/USDT,limit,-6.623667524487021,6.2736675244870215,280748.19905,1.854591253001221,0.4830816449252684,-6.623667524487021
OOS,LISTA/USDT,limit,5.429898645948242,16.75772944543026,280748.19905,1.854591253001221,0.4830816449252684,5.429898645948242
OOS,ZRO/USDT,limit,-3.0801138782628406,16.801695401664503,1099005.8317149999,1.7834786193877568,0.5556700374969711,-3.0801138782628406
OOS,ZRO/USDT,limit,17.07588131620479,13.426686698906027,1099005.8317149999,1.7834786193877568,0.5556700374969711,7.214028827644489
OOS,ZRO/USDT,limit,8.388465124766288,10.383632825300436,1099005.8317149999,1.7834786193877568,0.5556700374969711,8.105938902301192
OOS,ZRO/USDT,limit,13.783383293367946,16.545851707635894,1099005.8317149999,1.7834786193877568,0.5556700374969711,7.924220135349948
OOS,ZRO/USDT,limit,9.962635283931569,12.639801238494975,1099005.8317149999,1.7834786193877568,0.5556700374969711,9.82946883999323
OOS,ZRO/USDT,limit,-15.130437528441076,14.780437528441077,1099005.8317149999,1.7834786193877568,0.5556700374969711,-15.130437528441076
OOS,ZRO/USDT,limit,6.292381861869266,5.179854522210575,1099005.8317149999,1.7834786193877568,0.5556700374969711,6.292381861869266
OOS,ZRO/USDT,limit,-12.370765627129833,12.020765627129833,1099005.8317149999,1.7834786193877568,0.5556700374969711,-12.370765627129833
OOS,ZRO/USDT,limit,-5.242115317683361,4.892115317683361,1099005.8317149999,1.7834786193877568,0.5556700374969711,-5.242115317683361
OOS,ZRO/USDT,limit,-6.4734022998802825,19.59078600106941,1099005.8317149999,1.7834786193877568,0.5556700374969711,-6.4734022998802825
OOS,ZRO/USDT,limit,12.94501967437892,10.267552426256714,1099005.8317149999,1.7834786193877568,0.5556700374969711,12.94501967437892
OOS,binance:STRK/USDT,limit,-5.773759922911024,12.820917267012327,346021.97680099995,1.6562582145522535,0.5716140777730251,-5.773759922911024
OOS,binance:STRK/USDT,limit,17.066562250825825,20.944868436040558,346021.97680099995,1.6562582145522535,0.5716140777730251,10.649417802584443
OOS,binance:STRK/USDT,limit,3.8436799471219403,23.089059445624187,346021.97680099995,1.6562582145522535,0.5716140777730251,3.8436799471219403
OOS,binance:STRK/USDT,limit,1.3462220508866611,12.735158057054724,346021.97680099995,1.6562582145522535,0.5716140777730251,1.3462220508866611
OOS,binance:STRK/USDT,limit,-1.041577694971235,16.08525063282131,346021.97680099995,1.6562582145522535,0.5716140777730251,-1.041577694971235
OOS,binance:STRK/USDT,limit,4.725939248601107,10.895172750688339,346021.97680099995,1.6562582145522535,0.5716140777730251,3.9165867306155095
OOS,binance:STRK/USDT,limit,7.138027862429257,8.739591542077438,346021.97680099995,1.6562582145522535,0.5716140777730251,8.63144525330233
OOS,binance:STRK/USDT,limit,9.356224925585618,7.522971398990533,346021.97680099995,1.6562582145522535,0.5716140777730251,9.356224925585618
OOS,binance:STRK/USDT,limit,-13.432906352243972,13.082906352243972,346021.97680099995,1.6562582145522535,0.5716140777730251,-13.432906352243972
OOS,binance:STRK/USDT,limit,-4.854394112428481,4.504394112428481,346021.97680099995,1.6562582145522535,0.5716140777730251,-4.854394112428481
OOS,binance:STRK/USDT,limit,9.978435609334486,12.952559300873883,346021.97680099995,1.6562582145522535,0.5716140777730251,5.322596754057438
OOS,RENDER/USDT,limit,-9.85240382738931,9.50240382738931,1269605.148,1.5844487221751256,0.6917247995741727,-9.85240382738931
OOS,RENDER/USDT,limit,16.422747386255388,12.927193382102207,1269605.148,1.5844487221751256,0.6917247995741727,16.422747386255388
OOS,RENDER/USDT,limit,-12.908169037637581,12.558169037637581,1269605.148,1.5844487221751256,0.6917247995741727,-12.908169037637581
OOS,RENDER/USDT,limit,-6.072410286125125,9.482163501925438,1269605.148,1.5844487221751256,0.6917247995741727,-6.072410286125125
OOS,RENDER/USDT,limit,-16.269218302098963,15.919218302098963,1269605.148,1.5844487221751256,0.6917247995741727,-16.269218302098963
OOS,RENDER/USDT,limit,7.1132854441399616,11.360765077602716,1269605.148,1.5844487221751256,0.6917247995741727,6.819117795168754
OOS,RENDER/USDT,limit,-9.02032536648968,17.066446549766724,1269605.148,1.5844487221751256,0.6917247995741727,-9.02032536648968
OOS,RENDER/USDT,limit,-9.767457447616453,9.417457447616453,1269605.148,1.5844487221751256,0.6917247995741727,-9.767457447616453
OOS,RENDER/USDT,limit,9.689932965414869,12.738518596255085,1269605.148,1.5844487221751256,0.6917247995741727,9.689932965414869
OOS,RENDER/USDT,limit,-5.388421800335782,5.038421800335782,1269605.148,1.5844487221751256,0.6917247995741727,0.864701637945091
OOS,RENDER/USDT,limit,-11.383331321787045,11.033331321787045,1269605.148,1.5844487221751256,0.6917247995741727,-11.383331321787045
OOS,RENDER/USDT,limit,4.261051696442647,12.971139383971689,1269605.148,1.5844487221751256,0.6917247995741727,5.818378803308103
OOS,RENDER/USDT,limit,4.283489937094923,6.720782673425245,1269605.148,1.5844487221751256,0.6917247995741727,2.686935946971055
OOS,RARE/USDT,limit,5.263522976851238,4.393020285868657,204645.0033,1.511002922244433,0.4019528071479928,0.0859251436711137
OOS,RARE/USDT,limit,-0.8418231197209585,15.469230797442949,204645.0033,1.511002922244433,0.4019528071479928,-0.8418231197209585
OOS,RARE/USDT,limit,-2.53777832472355,14.481008405645543,204645.0033,1.511002922244433,0.4019528071479928,-2.53777832472355
OOS,RARE/USDT,limit,7.160137299720446,5.8434826418833925,204645.0033,1.511002922244433,0.4019528071479928,3.5572667090855723
OOS,RARE/USDT,limit,8.133674056465098,7.231805005421417,204645.0033,1.511002922244433,0.4019528071479928,1.3574749397003942
OOS,RARE/USDT,limit,4.404022446218279,13.822495005659466,204645.0033,1.511002922244433,0.4019528071479928,4.404022446218279
OOS,RARE/USDT,limit,-0.804176205597807,12.807473598700215,204645.0033,1.511002922244433,0.4019528071479928,-0.804176205597807
OOS,RARE/USDT,limit,6.461782870636682,5.309406315279587,204645.0033,1.511002922244433,0.4019528071479928,2.0430802377564516
OOS,RARE/USDT,limit,4.478999753184459,3.7930451672443453,204645.0033,1.511002922244433,0.4019528071479928,4.478999753184459
OOS,RARE/USDT,limit,7.743966994727019,6.289974574755422,204645.0033,1.511002922244433,0.4019528071479928,4.068343759268448
OOS,RARE/USDT,limit,-0.7228594361747546,6.189257530377245,204645.0033,1.511002922244433,0.4019528071479928,-0.7228594361747546
OOS,BRETT/USDT,limit,-5.7943843607723355,19.987203243927837,353733.7004,2.020338837123604,0.6770954561591798,-5.7943843607723355
OOS,BRETT/USDT,limit,10.685158643665204,8.539292064963956,353733.7004,2.020338837123604,0.6770954561591798,10.685158643665204
OOS,BRETT/USDT,limit,12.486153643696493,20.15417202086977,353733.7004,2.020338837123604,0.6770954561591798,7.672247681565546
OOS,BRETT/USDT,limit,12.332792515172208,9.799343135073146,353733.7004,2.020338837123604,0.6770954561591798,-0.16758466824830165
OOS,BRETT/USDT,limit,-14.558230740849496,14.208230740849496,353733.7004,2.020338837123604,0.6770954561591798,-14.558230740849496
OOS,BRETT/USDT,limit,-8.102058501343672,19.728692639402425,353733.7004,2.020338837123604,0.6770954561591798,-8.102058501343672
OOS,BRETT/USDT,limit,3.7551932448265277,16.365381601629828,353733.7004,2.020338837123604,0.6770954561591798,9.952852217520762
OOS,BRETT/USDT,limit,8.631186863191074,18.027387164336986,353733.7004,2.020338837123604,0.6770954561591798,8.631186863191074
OOS,BRETT/USDT,limit,3.386715919345937,8.662559096480456,353733.7004,2.020338837123604,0.6770954561591798,1.0152381369287529
OOS,BRETT/USDT,limit,15.823957481973062,12.469260419743643,353733.7004,2.020338837123604,0.6770954561591798,6.681458120776428
OOS,BRETT/USDT,limit,-6.108695565560381,5.758695565560381,353733.7004,2.020338837123604,0.6770954561591798,3.6481672576596695
OOS,BRETT/USDT,limit,-8.348066054173543,7.998066054173543,353733.7004,2.020338837123604,0.6770954561591798,-8.348066054173543
OOS,BRETT/USDT,limit,12.900103056357118,10.233201813791876,353733.7004,2.020338837123604,0.6770954561591798,12.900103056357118
OOS,BRETT/USDT,limit,6.510851680548817,8.915580249603563,353733.7004,2.020338837123604,0.6770954561591798,2.1905212380917964
OOS,BRETT/USDT,limit,1.36636250817183,5.96113715018079,353733.7004,2.020338837123604,0.6770954561591798,4.003990995283438
OOS,SUN/USDT,limit,-9.589765858064352,16.64572326436261,117020.119216,0.7263182545384277,0.3570749451061659,-9.589765858064352
OOS,SUN/USDT,limit,15.376201336067261,12.12683263857613,117020.119216,0.7263182545384277,0.3570749451061659,15.376201336067261
OOS,SUN/USDT,limit,-5.639251909645174,11.102906080419281,117020.119216,0.7263182545384277,0.3570749451061659,-5.639251909645174
OOS,SUN/USDT,limit,-0.2951636694879858,4.80037511167925,117020.119216,0.7263182545384277,0.3570749451061659,0.8701504870700686
OOS,SUN/USDT,limit,-8.017178441103159,7.667178441103159,117020.119216,0.7263182545384277,0.3570749451061659,-8.017178441103159
OOS,SUN/USDT,limit,-1.2131785793791192,8.16438974094598,117020.119216,0.7263182545384277,0.3570749451061659,-1.2131785793791192
OOS,SUN/USDT,limit,-0.06060332914641631,2.5609562527976153,117020.119216,0.7263182545384277,0.3570749451061659,-0.06060332914641631
OOS,SUN/USDT,limit,-4.687271795440074,4.337271795440074,117020.119216,0.7263182545384277,0.3570749451061659,-4.687271795440074
OOS,SUN/USDT,limit,3.7563898465561754,4.829331041490657,117020.119216,0.7263182545384277,0.3570749451061659,3.7563898465561754
OOS,SUN/USDT,limit,3.2494344586004145,2.8527178942970672,117020.119216,0.7263182545384277,0.3570749451061659,3.2494344586004145
OOS,DOGS/USDT,limit,14.766963802281964,11.660909705288365,472183.71373353,1.881811877300239,0.524577852826652,14.766963802281964
OOS,DOGS/USDT,limit,-11.362671513902406,11.012671513902406,472183.71373353,1.881811877300239,0.524577852826652,-11.362671513902406
OOS,DOGS/USDT,limit,-3.2324644166342993,7.206370927918932,472183.71373353,1.881811877300239,0.524577852826652,-3.2324644166342993
OOS,DOGS/USDT,limit,15.841039331332281,17.24923707538043,472183.71373353,1.881811877300239,0.524577852826652,8.609415917939893
OOS,DOGS/USDT,limit,1.0462121261865893,20.22849594750469,472183.71373353,1.881811877300239,0.524577852826652,1.0462121261865893
OOS,DOGS/USDT,limit,-0.21721257054333065,11.736057319907035,472183.71373353,1.881811877300239,0.524577852826652,4.805886909372591
OOS,DOGS/USDT,limit,-6.081171718267091,10.81214191472824,472183.71373353,1.881811877300239,0.524577852826652,-6.081171718267091
OOS,DOGS/USDT,limit,-8.084470538321359,7.734470538321359,472183.71373353,1.881811877300239,0.524577852826652,-8.084470538321359
OOS,DOGS/USDT,limit,-2.5088770787773944,6.9063723745104815,472183.71373353,1.881811877300239,0.524577852826652,1.2388661445354527
OOS,FLUX/USDT,limit,-6.149071325711921,5.799071325711921,66211.461,1.487086545216684,0.46641763851818474,-6.149071325711921
OOS,FLUX/USDT,limit,9.674019605232418,7.766009329375947,66211.461,1.487086545216684,0.46641763851818474,9.674019605232418
OOS,FLUX/USDT,limit,14.2346010779313,11.253777858763042,66211.461,1.487086545216684,0.46641763851818474,14.2346010779313
OOS,FLUX/USDT,limit,10.248643021871018,8.205460631978156,66211.461,1.487086545216684,0.46641763851818474,10.248643021871018
OOS,FLUX/USDT,limit,6.705693182860815,10.62524084778418,66211.461,1.487086545216684,0.46641763851818474,5.3728644829801055
OOS,FLUX/USDT,limit,-6.420441147348681,6.0704411473486815,66211.461,1.487086545216684,0.46641763851818474,-6.420441147348681
OOS,FLUX/USDT,limit,9.1796400683824,7.387925657256369,66211.461,1.487086545216684,0.46641763851818474,2.5239084230467372
OOS,FLUX/USDT,limit,-2.5832111177995265,8.293451602151118,66211.461,1.487086545216684,0.46641763851818474,2.827935535866198
OOS,FLUX/USDT,limit,-0.23262604245565313,11.252327890442517,66211.461,1.487086545216684,0.46641763851818474,-0.23262604245565313
OOS,FLUX/USDT,limit,-5.153836026380792,4.803836026380792,66211.461,1.487086545216684,0.46641763851818474,-0.8737929303045343
OOS,POL/USDT,limit,2.616547934117205,2.368709064287191,852031.305795,1.2006203418307233,0.6549913538874266,-0.09387037033110207
OOS,POL/USDT,limit,12.664294882110358,10.05286421122222,852031.305795,1.2006203418307233,0.6549913538874266,12.664294882110358
OOS,POL/USDT,limit,6.148754443819365,5.070013443473066,852031.305795,1.2006203418307233,0.6549913538874266,0.3845772045740842
OOS,POL/USDT,limit,3.9461237149025714,17.154830742671454,852031.305795,1.2006203418307233,0.6549913538874266,6.125355382769446
OOS,POL/USDT,limit,-0.8527997394044868,7.4636035609180125,852031.305795,1.2006203418307233,0.6549913538874266,-0.8527997394044868
OOS,POL/USDT,limit,7.228151683784546,11.115548226169802,852031.305795,1.2006203418307233,0.6549913538874266,3.9067309981266605
OOS,POL/USDT,limit,-2.8631819080323435,12.466529131127114,852031.305795,1.2006203418307233,0.6549913538874266,-2.8631819080323435
OOS,POL/USDT,limit,-8.064546111599347,7.714546111599346,852031.305795,1.2006203418307233,0.6549913538874266,-8.064546111599347
OOS,POL/USDT,limit,-2.0051402844579997,6.108681316182437,852031.305795,1.2006203418307233,0.6549913538874266,-2.0051402844579997
OOS,POL/USDT,limit,7.567963743687951,10.83171927626044,852031.305795,1.2006203418307233,0.6549913538874266,7.904299640467059
OOS,POL/USDT,limit,-7.899046794694014,7.549046794694014,852031.305795,1.2006203418307233,0.6549913538874266,-7.899046794694014
OOS,POL/USDT,limit,1.1274282641172166,12.958165741588209,852031.305795,1.2006203418307233,0.6549913538874266,1.1274282641172166
OOS,POL/USDT,limit,-0.2679390697593062,7.290934352089749,852031.305795,1.2006203418307233,0.6549913538874266,2.7208530250377683
OOS,POL/USDT,limit,-1.7973047114869605,5.507746429460177,852031.305795,1.2006203418307233,0.6549913538874266,-1.7973047114869605
OOS,POL/USDT,limit,-3.758718079990754,3.408718079990754,852031.305795,1.2006203418307233,0.6549913538874266,-3.758718079990754
OOS,POL/USDT,limit,-6.91456837769201,6.5645683776920105,852031.305795,1.2006203418307233,0.6549913538874266,-6.91456837769201
OOS,FIDA/USDT,limit,1.6386569412855474,13.879356864506212,237739.19477,1.7388023300268425,0.4831057507790469,6.616048689681161
OOS,FIDA/USDT,limit,1.234055766498384,7.409106821028458,237739.19477,1.7388023300268425,0.4831057507790469,5.112510172855745
OOS,FIDA/USDT,limit,-10.204330554152703,9.854330554152703,237739.19477,1.7388023300268425,0.4831057507790469,-10.204330554152703
OOS,FIDA/USDT,limit,2.1919709760030406,10.203452527743515,237739.19477,1.7388023300268425,0.4831057507790469,7.5029593094944635
OOS,FIDA/USDT,limit,5.250848193690465,8.218871209015342,237739.19477,1.7388023300268425,0.4831057507790469,6.533571475084774
OOS,FIDA/USDT,limit,3.8029908717627117,8.94591061386593,237739.19477,1.7388023300268425,0.4831057507790469,6.970858731238158
OOS,FIDA/USDT,limit,14.671702729096218,17.76300594722558,237739.19477,1.7388023300268425,0.4831057507790469,11.916717628540672
OOS,FIDA/USDT,limit,-0.4121793114253177,6.839724256785845,237739.19477,1.7388023300268425,0.4831057507790469,-0.4121793114253177
OOS,FIDA/USDT,limit,-1.8534552566372327,10.927378463958282,237739.19477,1.7388023300268425,0.4831057507790469,-1.8534552566372327
OOS,FIDA/USDT,limit,-2.6463772972591646,5.743820908933924,237739.19477,1.7388023300268425,0.4831057507790469,-2.6463772972591646
OOS,HMSTR/USDT,limit,12.490614840558745,9.920039967925046,232301.990181,1.6515727161160423,0.37853466714368594,12.490614840558745
OOS,HMSTR/USDT,limit,-10.871981970743116,10.521981970743116,232301.990181,1.6515727161160423,0.37853466714368594,-10.871981970743116
OOS,HMSTR/USDT,limit,-8.035531085264582,7.685531085264581,232301.990181,1.6515727161160423,0.37853466714368594,-8.035531085264582
OOS,HMSTR/USDT,limit,-10.372638740582085,10.022638740582085,232301.990181,1.6515727161160423,0.37853466714368594,-10.372638740582085
OOS,HMSTR/USDT,limit,-6.308383241873028,5.958383241873029,232301.990181,1.6515727161160423,0.37853466714368594,0.3345184938790723
OOS,HMSTR/USDT,limit,4.182581697936031,5.022345179825479,232301.990181,1.6515727161160423,0.37853466714368594,2.9698552883592515
OOS,HMSTR/USDT,limit,0.7987920563465659,11.157470001690033,232301.990181,1.6515727161160423,0.37853466714368594,0.7987920563465659
OOS,HMSTR/USDT,limit,-5.459368494993705,5.1093684949937055,232301.990181,1.6515727161160423,0.37853466714368594,-5.459368494993705
OOS,HMSTR/USDT,limit,-7.833878895689712,7.483878895689712,232301.990181,1.6515727161160423,0.37853466714368594,-7.833878895689712
OOS,HMSTR/USDT,limit,-3.993572178352904,18.071379195575922,232301.990181,1.6515727161160423,0.37853466714368594,-3.993572178352904
OOS,HMSTR/USDT,limit,-4.831642081282647,4.481642081282647,232301.990181,1.6515727161160423,0.37853466714368594,-4.831642081282647
OOS,HMSTR/USDT,limit,6.802544842970267,8.234276459761787,232301.990181,1.6515727161160423,0.37853466714368594,5.944998695434497
OOS,HMSTR/USDT,limit,4.832356511162678,4.063279694902803,232301.990181,1.6515727161160423,0.37853466714368594,2.3992713481869443
OOS,EIGEN/USDT,limit,-2.1815141150103785,15.807917372277448,1617888.356625,2.0079816413606695,0.5911415415133954,9.213527327397816
OOS,EIGEN/USDT,limit,-13.50405806289588,13.15405806289588,1617888.356625,2.0079816413606695,0.5911415415133954,-13.50405806289588
OOS,EIGEN/USDT,limit,-18.239522060576515,17.889522060576514,1617888.356625,2.0079816413606695,0.5911415415133954,-18.239522060576515
OOS,EIGEN/USDT,limit,-24.920519147314245,24.570519147314243,1617888.356625,2.0079816413606695,0.5911415415133954,-24.920519147314245
OOS,EIGEN/USDT,limit,12.398761771322098,9.849794047283348,1617888.356625,2.0079816413606695,0.5911415415133954,12.398761771322098
OOS,EIGEN/USDT,limit,8.167242941949509,11.948761082648796,1617888.356625,2.0079816413606695,0.5911415415133954,4.2368601641928345
OOS,EIGEN/USDT,limit,14.273451243572849,11.283489066839737,1617888.356625,2.0079816413606695,0.5911415415133954,7.454014393021103
OOS,EIGEN/USDT,limit,6.639111810963582,5.445021104999746,1617888.356625,2.0079816413606695,0.5911415415133954,6.639111810963582
OOS,EIGEN/USDT,limit,-6.281178386610629,5.93117838661063,1617888.356625,2.0079816413606695,0.5911415415133954,-6.281178386610629
OOS,EIGEN/USDT,limit,-7.433963888743917,7.083963888743917,1617888.356625,2.0079816413606695,0.5911415415133954,-7.433963888743917
OOS,EIGEN/USDT,limit,-8.432892176391258,8.082892176391258,1617888.356625,2.0079816413606695,0.5911415415133954,-8.432892176391258
OOS,EIGEN/USDT,limit,-4.0435306998578255,8.1690005638714,1617888.356625,2.0079816413606695,0.5911415415133954,-4.0435306998578255
OOS,AERGO/USDT,limit,7.9380629290014415,6.438412157834842,125095.87247999999,1.3298971527097305,0.113555230611468,7.9380629290014415
OOS,AERGO/USDT,limit,14.763196454915523,11.658028573647004,125095.87247999999,1.3298971527097305,0.113555230611468,14.763196454915523
OOS,AERGO/USDT,limit,-5.62797971065746,15.626575895108399,125095.87247999999,1.3298971527097305,0.113555230611468,-5.62797971065746
OOS,AERGO/USDT,limit,-5.65279924243115,5.30279924243115,125095.87247999999,1.3298971527097305,0.113555230611468,-5.65279924243115
OOS,AERGO/USDT,limit,6.220372002516648,5.124783974132631,125095.87247999999,1.3298971527097305,0.113555230611468,6.220372002516648
OOS,AERGO/USDT,limit,3.2326524897095616,13.825339162362294,125095.87247999999,1.3298971527097305,0.113555230611468,3.2326524897095616
OOS,AERGO/USDT,limit,7.239491068357091,10.759423598306048,125095.87247999999,1.3298971527097305,0.113555230611468,7.239491068357091
OOS,AERGO/USDT,limit,0.9055324315210177,4.594499901236743,125095.87247999999,1.3298971527097305,0.113555230611468,0.9055324315210177
OOS,AERGO/USDT,limit,-2.493676144199155,2.991595311374284,125095.87247999999,1.3298971527097305,0.113555230611468,-2.493676144199155
OOS,AERGO/USDT,limit,-2.6891820451391633,2.339182045139163,125095.87247999999,1.3298971527097305,0.113555230611468,-2.6891820451391633
OOS,AERGO/USDT,limit,3.0564349366884,4.127863138249896,125095.87247999999,1.3298971527097305,0.113555230611468,1.1847328967145963
OOS,AERGO/USDT,limit,3.0767390835610993,3.4146651495637883,125095.87247999999,1.3298971527097305,0.113555230611468,-0.0094349326044873
OOS,AERGO/USDT,limit,17.04477756401577,13.402899668966944,125095.87247999999,1.3298971527097305,0.113555230611468,10.905464344751284
OOS,1000CAT/USDT,limit,-21.53594514139911,21.18594514139911,191248.399537,1.771522534073272,0.5169351483719469,-21.53594514139911
OOS,1000CAT/USDT,limit,10.791906967524866,16.71637580959125,191248.399537,1.771522534073272,0.5169351483719469,6.378649916054947
OOS,1000CAT/USDT,limit,10.72648288683896,17.637435957287522,191248.399537,1.771522534073272,0.5169351483719469,8.971856174132366
OOS,1000CAT/USDT,limit,-7.625979652300293,7.275979652300293,191248.399537,1.771522534073272,0.5169351483719469,-7.625979652300293
OOS,1000CAT/USDT,limit,10.985141844908185,11.665780018085098,191248.399537,1.771522534073272,0.5169351483719469,5.262831377047009
OOS,1000CAT/USDT,limit,-5.552211295428327,5.202211295428327,191248.399537,1.771522534073272,0.5169351483719469,-1.215162818090357
OOS,1000CAT/USDT,limit,-7.282486620757376,6.932486620757376,191248.399537,1.771522534073272,0.5169351483719469,-7.282486620757376
OOS,1000CAT/USDT,limit,11.634504359768348,9.265317492193876,191248.399537,1.771522534073272,0.5169351483719469,4.83605133254732
OOS,MOODENG/USDT,limit,10.639862989994928,23.340445221571105,945569.08944,2.1158382872812105,0.4595956120959223,7.446707228409457
OOS,MOODENG/USDT,limit,5.911690379899666,14.422903050812414,945569.08944,2.1158382872812105,0.4595956120959223,5.578523522359906
OOS,MOODENG/USDT,limit,-21.844267430690618,21.494267430690616,945569.08944,2.1158382872812105,0.4595956120959223,-21.844267430690618
OOS,MOODENG/USDT,limit,6.024402555751066,20.857511886488712,945569.08944,2.1158382872812105,0.4595956120959223,6.024402555751066
OOS,MOODENG/USDT,limit,10.842555809161265,14.646138239649186,945569.08944,2.1158382872812105,0.4595956120959223,10.842555809161265
OOS,MOODENG/USDT,limit,11.404152060877493,9.089152346684896,945569.08944,2.1158382872812105,0.4595956120959223,11.404152060877493
OOS,MOODENG/USDT,limit,12.025037314043809,9.563983036437389,945569.08944,2.1158382872812105,0.4595956120959223,4.0021557755842085
OOS,MOODENG/USDT,limit,-7.250640796765291,6.900640796765291,945569.08944,2.1158382872812105,0.4595956120959223,-7.250640796765291
OOS,SAFE/USDT,limit,-0.04226261376096946,13.769702861354883,83844.20790000001,1.5375873060032084,0.46355181754381336,-0.04226261376096946
OOS,SAFE/USDT,limit,6.473726095634528,5.318540063801827,83844.20790000001,1.5375873060032084,0.46355181754381336,6.473726095634528
OOS,SAFE/USDT,limit,-11.059834728934968,10.709834728934968,83844.20790000001,1.5375873060032084,0.46355181754381336,-11.059834728934968
OOS,SAFE/USDT,limit,4.302140385455913,10.514409822267863,83844.20790000001,1.5375873060032084,0.46355181754381336,4.302140385455913
OOS,SAFE/USDT,limit,12.808803426141786,10.163379143389887,83844.20790000001,1.5375873060032084,0.46355181754381336,10.132036833450623
OOS,SAFE/USDT,limit,12.589942193679736,14.051597204729399,83844.20790000001,1.5375873060032084,0.46355181754381336,10.358322188434071
OOS,SAFE/USDT,limit,6.371555139580067,5.240403394765811,83844.20790000001,1.5375873060032084,0.46355181754381336,6.371555139580067
OOS,SAFE/USDT,limit,-10.359881997326056,18.993489507644004,83844.20790000001,1.5375873060032084,0.46355181754381336,-10.359881997326056
OOS,SANTOS/USDT,limit,2.259066618766411,6.634683272085868,85374.34,1.4001693721689321,0.3709042631510946,0.22626867049370114
OOS,SANTOS/USDT,limit,-1.450251050164685,10.004458991704462,85374.34,1.4001693721689321,0.3709042631510946,3.606719611181432
OOS,SANTOS/USDT,limit,-1.632916948008107,8.973339722506577,85374.34,1.4001693721689321,0.3709042631510946,0.6976792054191915
OOS,SANTOS/USDT,limit,6.043872722129906,4.989803678466956,85374.34,1.4001693721689321,0.3709042631510946,6.043872722129906
OOS,SANTOS/USDT,limit,-1.5744079312300783,9.207386247896375,85374.34,1.4001693721689321,0.3709042631510946,-1.5744079312300783
OOS,SANTOS/USDT,limit,-0.13380850591079727,4.348116960733586,85374.34,1.4001693721689321,0.3709042631510946,-0.13380850591079727
OOS,SANTOS/USDT,limit,4.848585984612195,4.075691411935958,85374.34,1.4001693721689321,0.3709042631510946,4.848585984612195
OOS,SANTOS/USDT,limit,0.5094942589765814,6.0217141213689835,85374.34,1.4001693721689321,0.3709042631510946,0.5094942589765814
OOS,SANTOS/USDT,limit,-6.1058213244305435,5.755821324430544,85374.34,1.4001693721689321,0.3709042631510946,-6.1058213244305435
OOS,SANTOS/USDT,limit,-13.929580505860553,13.579580505860553,85374.34,1.4001693721689321,0.3709042631510946,-13.929580505860553
OOS,SANTOS/USDT,limit,-13.343261012108245,12.993261012108245,85374.34,1.4001693721689321,0.3709042631510946,-13.343261012108245
OOS,SANTOS/USDT,limit,-5.896989041715484,5.546989041715484,85374.34,1.4001693721689321,0.3709042631510946,-5.896989041715484
OOS,SANTOS/USDT,limit,-2.5762256313107788,9.687424549152144,85374.34,1.4001693721689321,0.3709042631510946,3.7509663899361887
OOS,SANTOS/USDT,limit,6.813797473934793,5.57861441135625,85374.34,1.4001693721689321,0.3709042631510946,6.813797473934793
OOS,SANTOS/USDT,limit,-4.923931386793292,8.441631332150088,85374.34,1.4001693721689321,0.3709042631510946,-4.923931386793292
OOS,SANTOS/USDT,limit,-6.074919093851101,5.724919093851101,85374.34,1.4001693721689321,0.3709042631510946,-6.074919093851101
OOS,SANTOS/USDT,limit,13.422793122445245,10.632936359493703,85374.34,1.4001693721689321,0.3709042631510946,3.909958919668919
OOS,SANTOS/USDT,limit,10.75686352506018,8.594129376879119,85374.34,1.4001693721689321,0.3709042631510946,10.75686352506018
OOS,COW/USDT,limit,-13.02016319178229,12.67016319178229,168874.618,1.536896088896927,0.4826436143789689,-13.02016319178229
OOS,COW/USDT,limit,-4.7785609219948855,8.588883108109929,168874.618,1.536896088896927,0.4826436143789689,-4.7785609219948855
OOS,COW/USDT,limit,10.271049222025352,8.222596087232983,168874.618,1.536896088896927,0.4826436143789689,10.271049222025352
OOS,COW/USDT,limit,16.214230779086243,12.767727387537104,168874.618,1.536896088896927,0.4826436143789689,16.214230779086243
OOS,COW/USDT,limit,-0.9261119560087169,8.550842441995478,168874.618,1.536896088896927,0.4826436143789689,1.9729897888089067
OOS,COW/USDT,limit,-5.784320585872605,5.434320585872605,168874.618,1.536896088896927,0.4826436143789689,-5.784320585872605
OOS,COW/USDT,limit,4.336722989589578,12.205398413574017,168874.618,1.536896088896927,0.4826436143789689,7.709576572635125
OOS,COW/USDT,limit,-6.294138774262544,5.9441387742625444,168874.618,1.536896088896927,0.4826436143789689,-6.294138774262544
OOS,COW/USDT,limit,1.383109099528212,7.544964333280638,168874.618,1.536896088896927,0.4826436143789689,3.2620313099618654
OOS,COW/USDT,limit,-3.1953890983887594,7.689271602042462,168874.618,1.536896088896927,0.4826436143789689,-3.1953890983887594
OOS,DRIFT/USDT,limit,5.934892448072638,13.2478537678298,170461.1097,1.854681277574291,0.42185765764941957,9.801151312140918
OOS,DRIFT/USDT,limit,-11.175491918668008,10.825491918668009,170461.1097,1.854681277574291,0.42185765764941957,-11.175491918668008
OOS,DRIFT/USDT,limit,3.3084245828593173,11.655201222980644,170461.1097,1.854681277574291,0.42185765764941957,3.3084245828593173
OOS,DRIFT/USDT,limit,-3.4562299607387494,12.326574055423649,170461.1097,1.854681277574291,0.42185765764941957,-3.4562299607387494
OOS,DRIFT/USDT,limit,8.518393047179847,6.882227740333439,170461.1097,1.854681277574291,0.42185765764941957,8.518393047179847
OOS,AKT/USDT,limit,10.534529847145903,8.424096584022674,114074.11137,1.6039808011991852,0.5287535359616403,10.534529847145903
OOS,AKT/USDT,limit,10.12414818674385,8.91019405048384,114074.11137,1.6039808011991852,0.5287535359616403,4.9848071090604185
OOS,AKT/USDT,limit,13.230110740994023,14.440063091482635,114074.11137,1.6039808011991852,0.5287535359616403,9.55536277602525
OOS,AKT/USDT,limit,10.011347607406792,8.023985641630835,114074.11137,1.6039808011991852,0.5287535359616403,10.011347607406792
OOS,AKT/USDT,limit,10.829898906611099,8.649984207415518,114074.11137,1.6039808011991852,0.5287535359616403,-0.2610298954145236
OOS,SCRT/USDT,limit,17.897775488131707,14.055241773405545,58799.1041,1.5809066525372524,0.48784861431305143,17.897775488131707
OOS,SCRT/USDT,limit,6.179345389970433,18.074561398972563,58799.1041,1.5809066525372524,0.48784861431305143,7.923510390627188
OOS,SCRT/USDT,limit,-11.34850678376962,10.99850678376962,58799.1041,1.5809066525372524,0.48784861431305143,-11.34850678376962
OOS,SCRT/USDT,limit,10.895263964280215,11.043544724951097,58799.1041,1.5809066525372524,0.48784861431305143,2.800641818222708
OOS,SCRT/USDT,limit,6.756961533130188,5.53514832992275,58799.1041,1.5809066525372524,0.48784861431305143,6.756961533130188
OOS,SCRT/USDT,limit,-7.636554672652744,7.286554672652744,58799.1041,1.5809066525372524,0.48784861431305143,-7.636554672652744
OOS,SCRT/USDT,limit,-9.305534969893468,8.955534969893469,58799.1041,1.5809066525372524,0.48784861431305143,-9.305534969893468
OOS,SCRT/USDT,limit,-8.720971248741973,8.370971248741974,58799.1041,1.5809066525372524,0.48784861431305143,-8.720971248741973
OOS,SCRT/USDT,limit,0.8711304775678809,4.661058014880186,58799.1041,1.5809066525372524,0.48784861431305143,-0.9999835989801452
OOS,SCRT/USDT,limit,8.824088777683523,7.116012829976351,58799.1041,1.5809066525372524,0.48784861431305143,8.824088777683523
OOS,SCRT/USDT,limit,-8.009721010216335,7.659721010216335,58799.1041,1.5809066525372524,0.48784861431305143,-8.009721010216335
OOS,bingx:ATOM/USDT:USDT,limit,7.068073638671103,5.77307566820465,186351.79204,1.177658851516612,0.6581641058683019,4.934799435841057
OOS,bingx:ATOM/USDT:USDT,limit,4.329963719897262,15.334213493146617,186351.79204,1.177658851516612,0.6581641058683019,4.329963719897262
OOS,bingx:ATOM/USDT:USDT,limit,-3.7571490720686826,16.426951451508394,186351.79204,1.177658851516612,0.6581641058683019,-3.7571490720686826
OOS,bingx:ATOM/USDT:USDT,limit,-1.290916755652864,14.67306108947875,186351.79204,1.177658851516612,0.6581641058683019,-1.290916755652864
OOS,bingx:ATOM/USDT:USDT,limit,13.919758957283685,11.012997939208073,186351.79204,1.177658851516612,0.6581641058683019,13.919758957283685
OOS,bingx:ATOM/USDT:USDT,limit,0.2997108839908662,12.414802126229537,186351.79204,1.177658851516612,0.6581641058683019,0.2997108839908662
OOS,bingx:ATOM/USDT:USDT,limit,-0.5875690968180198,11.486451851016486,186351.79204,1.177658851516612,0.6581641058683019,1.3646635773674722
OOS,bingx:ATOM/USDT:USDT,limit,-6.477813672134679,6.127813672134679,186351.79204,1.177658851516612,0.6581641058683019,-6.477813672134679
OOS,bingx:ATOM/USDT:USDT,limit,-0.2723758947297556,18.79399010292656,186351.79204,1.177658851516612,0.6581641058683019,-0.2723758947297556
OOS,bingx:ATOM/USDT:USDT,limit,5.108389709596203,9.051846499264467,186351.79204,1.177658851516612,0.6581641058683019,5.108389709596203
OOS,bingx:ATOM/USDT:USDT,limit,0.32357669045421755,9.891618125787458,186351.79204,1.177658851516612,0.6581641058683019,4.947195113955169
OOS,bingx:ATOM/USDT:USDT,limit,-5.950843962788907,5.6008439627889075,186351.79204,1.177658851516612,0.6581641058683019,-5.950843962788907
OOS,bingx:ATOM/USDT:USDT,limit,-0.16929150455261954,7.646547071475158,186351.79204,1.177658851516612,0.6581641058683019,-0.16929150455261954
OOS,bingx:ATOM/USDT:USDT,limit,5.101816906697156,4.2693533048333405,186351.79204,1.177658851516612,0.6581641058683019,-0.9058272503099999
OOS,bingx:ATOM/USDT:USDT,limit,5.715280811351587,9.630599807548364,186351.79204,1.177658851516612,0.6581641058683019,3.223719662140496
OOS,bingx:AVAX/USDT:USDT,limit,2.507290976873359,18.1765418813857,2363277.44,1.2812396231472332,0.7256119165845324,2.507290976873359
OOS,bingx:AVAX/USDT:USDT,limit,2.9574187001889825,16.998941076303925,2363277.44,1.2812396231472332,0.7256119165845324,2.9574187001889825
OOS,bingx:AVAX/USDT:USDT,limit,8.524229238292007,6.886691049193126,2363277.44,1.2812396231472332,0.7256119165845324,8.524229238292007
OOS,bingx:AVAX/USDT:USDT,limit,7.015931685608213,5.733199379612473,2363277.44,1.2812396231472332,0.7256119165845324,7.015931685608213
OOS,bingx:AVAX/USDT:USDT,limit,-1.3354115522343175,6.252369971910832,2363277.44,1.2812396231472332,0.7256119165845324,2.0766488518986694
OOS,bingx:AVAX/USDT:USDT,limit,6.127797097572384,12.246823379923763,2363277.44,1.2812396231472332,0.7256119165845324,5.933860262154753
OOS,bingx:AVAX/USDT:USDT,limit,5.089791112021296,4.260156409993854,2363277.44,1.2812396231472332,0.7256119165845324,0.4667206379275116
OOS,bingx:AVAX/USDT:USDT,limit,-8.330274566018467,7.980274566018466,2363277.44,1.2812396231472332,0.7256119165845324,-8.330274566018467
OOS,bingx:AVAX/USDT:USDT,limit,-4.641553752445122,4.291553752445123,2363277.44,1.2812396231472332,0.7256119165845324,-4.641553752445122
OOS,bingx:AVAX/USDT:USDT,limit,7.357625559826815,5.994514553635382,2363277.44,1.2812396231472332,0.7256119165845324,7.357625559826815
OOS,bingx:AVAX/USDT:USDT,limit,-12.86366512337489,12.51366512337489,2363277.44,1.2812396231472332,0.7256119165845324,-12.86366512337489
OOS,bingx:ETH/USDT:USDT,limit,0.36760457333461394,12.839830203636158,34184180.16819999,0.9745140902169517,0.8106594739054259,0.36760457333461394
OOS,bingx:ETH/USDT:USDT,limit,-7.287705822283971,6.937705822283971,34184180.16819999,0.9745140902169517,0.8106594739054259,-7.287705822283971
OOS,bingx:ETH/USDT:USDT,limit,2.0237760630710557,8.677619417959074,34184180.16819999,0.9745140902169517,0.8106594739054259,2.937285110672242
OOS,bingx:ETH/USDT:USDT,limit,-11.956909246729413,11.606909246729414,34184180.16819999,0.9745140902169517,0.8106594739054259,-11.956909246729413
OOS,bingx:ETH/USDT:USDT,limit,-1.015538474107546,5.632675194853,34184180.16819999,0.9745140902169517,0.8106594739054259,-1.015538474107546
OOS,bingx:ETH/USDT:USDT,limit,3.0802229200284668,6.507244549914542,34184180.16819999,0.9745140902169517,0.8106594739054259,3.431485030816283
OOS,bingx:ETH/USDT:USDT,limit,3.7291540099331137,3.975413505729069,34184180.16819999,0.9745140902169517,0.8106594739054259,1.828253944521963
OOS,bingx:ETH/USDT:USDT,limit,4.79766562192042,11.641725524346631,34184180.16819999,0.9745140902169517,0.8106594739054259,4.79766562192042
OOS,bingx:ETH/USDT:USDT,limit,-0.2760699483787608,3.1840854733207045,34184180.16819999,0.9745140902169517,0.8106594739054259,-0.2760699483787608
OOS,bingx:ETH/USDT:USDT,limit,6.660563342021065,5.461426463697385,34184180.16819999,0.9745140902169517,0.8106594739054259,6.660563342021065
OOS,bingx:INJ/USDT:USDT,limit,-3.5452828832963688,11.02621016479384,1158455.82,1.5997508534088674,0.6928923762994247,-3.5452828832963688
OOS,bingx:INJ/USDT:USDT,limit,-12.585224031034281,15.80205847858616,1158455.82,1.5997508534088674,0.6928923762994247,-12.585224031034281
OOS,bingx:INJ/USDT:USDT,limit,-14.546622828988179,14.196622828988179,1158455.82,1.5997508534088674,0.6928923762994247,-14.546622828988179
OOS,bingx:INJ/USDT:USDT,limit,3.494681860783167,21.791400962403632,1158455.82,1.5997508534088674,0.6928923762994247,3.494681860783167
OOS,bingx:INJ/USDT:USDT,limit,-14.73735959385076,14.38735959385076,1158455.82,1.5997508534088674,0.6928923762994247,-14.73735959385076
OOS,bingx:INJ/USDT:USDT,limit,9.175150637011122,14.695057327295494,1158455.82,1.5997508534088674,0.6928923762994247,7.712192889488405
OOS,bingx:JUP/USDT:USDT,limit,-8.82915952707332,8.479159527073321,318815.6203,1.642303659634501,0.6584775243907798,-8.82915952707332
OOS,bingx:JUP/USDT:USDT,limit,6.747072229894424,17.689845537004743,318815.6203,1.642303659634501,0.6584775243907798,8.495550161733448
OOS,bingx:JUP/USDT:USDT,limit,-11.334536126937031,10.984536126937032,318815.6203,1.642303659634501,0.6584775243907798,-11.334536126937031
OOS,bingx:JUP/USDT:USDT,limit,-10.906198147253221,15.666351306059562,318815.6203,1.642303659634501,0.6584775243907798,-10.906198147253221
OOS,bingx:JUP/USDT:USDT,limit,4.560096818810503,13.628758145470604,318815.6203,1.642303659634501,0.6584775243907798,4.560096818810503
OOS,bingx:JUP/USDT:USDT,limit,10.420005505321619,8.336512490271772,318815.6203,1.642303659634501,0.6584775243907798,10.420005505321619
OOS,bingx:JUP/USDT:USDT,limit,-5.59411697746134,5.24411697746134,318815.6203,1.642303659634501,0.6584775243907798,2.2266810853323036
OOS,bingx:JUP/USDT:USDT,limit,-7.575278808807254,7.225278808807254,318815.6203,1.642303659634501,0.6584775243907798,-7.575278808807254
OOS,bingx:NEAR/USDT:USDT,limit,10.797980909835925,8.625574472529753,568414.431,1.4618052277883877,0.693810469148611,4.572881414943255
OOS,bingx:NEAR/USDT:USDT,limit,-11.374880227029658,11.024880227029659,568414.431,1.4618052277883877,0.693810469148611,3.3439978674428894
OOS,bingx:NEAR/USDT:USDT,limit,9.63514686760247,7.736280859055126,568414.431,1.4618052277883877,0.693810469148611,9.63514686760247
OOS,bingx:NEAR/USDT:USDT,limit,-13.248978329380067,12.898978329380068,568414.431,1.4618052277883877,0.693810469148611,-13.248978329380067
OOS,bingx:NEAR/USDT:USDT,limit,4.945049604178548,11.024385914619439,568414.431,1.4618052277883877,0.693810469148611,4.945049604178548
OOS,bingx:NEAR/USDT:USDT,limit,2.0326831264589247,14.112393833353753,568414.431,1.4618052277883877,0.693810469148611,2.0326831264589247
OOS,bingx:NEAR/USDT:USDT,limit,-6.438084620119149,11.950296726490734,568414.431,1.4618052277883877,0.693810469148611,-6.438084620119149
OOS,bingx:NEAR/USDT:USDT,limit,-6.166058773849213,5.816058773849213,568414.431,1.4618052277883877,0.693810469148611,-6.166058773849213
OOS,bingx:NEAR/USDT:USDT,limit,-5.884073689788988,5.534073689788988,568414.431,1.4618052277883877,0.693810469148611,-5.884073689788988
OOS,bingx:NEAR/USDT:USDT,limit,-7.743374149479381,7.393374149479381,568414.431,1.4618052277883877,0.693810469148611,-7.743374149479381
OOS,bingx:TIA/USDT:USDT,limit,-9.971206473238555,9.621206473238555,358537.1749344,1.7481248342258053,0.6107422951616214,-9.971206473238555
OOS,bingx:TIA/USDT:USDT,limit,14.439467256903583,11.4104521372586,358537.1749344,1.7481248342258053,0.6107422951616214,3.145775046492207
OOS,bingx:TIA/USDT:USDT,limit,6.695440959204758,5.488099609725248,358537.1749344,1.7481248342258053,0.6107422951616214,1.733400941100129
OOS,bingx:TIA/USDT:USDT,limit,-6.462998567215247,8.11312191115658,358537.1749344,1.7481248342258053,0.6107422951616214,-6.462998567215247
OOS,bingx:TIA/USDT:USDT,limit,-7.630746981472117,7.2807469814721175,358537.1749344,1.7481248342258053,0.6107422951616214,-7.630746981472117
OOS,bingx:WIF/USDT:USDT,limit,17.314612157087097,13.609259451702545,1030356.2640160001,2.004145466386731,0.6405910738932111,17.314612157087097
OOS,bingx:WIF/USDT:USDT,limit,-10.394373734745011,10.044373734745012,1030356.2640160001,2.004145466386731,0.6405910738932111,2.2187458986101993
OOS,bingx:WIF/USDT:USDT,limit,0.6723990087227626,14.705039011909976,1030356.2640160001,2.004145466386731,0.6405910738932111,8.552374665614284
OOS,bingx:WIF/USDT:USDT,limit,22.41186597751376,17.507455672427316,1030356.2640160001,2.004145466386731,0.6405910738932111,22.41186597751376
OOS,bingx:WIF/USDT:USDT,limit,10.95449508625461,8.745270880144412,1030356.2640160001,2.004145466386731,0.6405910738932111,2.4389804305659597
OOS,bingx:WIF/USDT:USDT,limit,-8.966927529103655,8.616927529103656,1030356.2640160001,2.004145466386731,0.6405910738932111,-8.966927529103655
OOS,bingx:WIF/USDT:USDT,limit,-5.900321580380247,5.550321580380247,1030356.2640160001,2.004145466386731,0.6405910738932111,-0.06588169402755861
